---Starting setup---
allocating ring buffer
bufferMutex created successfully
---finished setup---
Printing Task started
starting ADC Task on core: 1
Manual trigger reset! Waiting for next signal...
reset bools done, waiting for next trigger...
Capture ready: pre-trigger + post-trigger window complete.=== Triggered Window (raw values) ===
  2905, 1440, 2471, 3787, 3912, 2809, 1591, 1502, 2683, 
3852, 3835, 2623, 1497, 1589, 2824, 3911, 3735, 2467, 1439, 
1697, 3004, 3983, 3632, 2307, 1395, 1830, 3171, 4019, 3511, 
2155, 1380, 1961, 3329, 4032, 3369, 1988, 1404, 2084, 3438, 
4055, 3219, 1875, 1382, 2254, 3603, 4009, 3070, 1753, 1424, 
2423, 3723, 3956, 2891, 1640, 1470, 2591, 3830, 3915, 2745, 
1550, 1577, 2757, 3907, 3817, 2593, 1462, 1660, 2906, 3975, 
3699, 2393, 1417, 1754, 3102, 4015, 3591, 2223, 1374, 1887, 
3236, 4052, 3457, 2100, 1364, 2043, 3407, 4035, 3316, 1948, 
1376, 2188, 3548, 4041, 3169, 1817, 1418, 2337, 3681, 4024, 
3010, 1694, 1456, 2527, 3777, 3960, 2840, 1587, 1519, 2681, 
3864, 3868, 2659, 1516, 1610, 2847, 3947, 3776, 2491, 1447, 
1722, 3020, 4022, 3680, 2329, 1375, 1833, 3183, 4056, 3523, 
2181, 1368, 1968, 3332, 4071, 3401, 2028, 1372, 2118, 3494, 
4071, 3251, 1881, 1400, 2291, 3603, 4019, 3060, 1774, 1428, 
2439, 3750, 3999, 2908, 1637, 1494, 2578, 3836, 3913, 2744, 
1577, 1561, 2779, 3923, 3827, 2575, 1478, 1662, 2931, 3990, 
3727, 2411, 1439, 1764, 3107, 4051, 3603, 2267, 1372, 1912, 
3252, 4075, 3468, 2111, 1357, 2065, 3391, 4088, 3312, 1955, 
1375, 2186, 3563, 4071, 3175, 1838, 1416, 2361, 3688, 4016, 
2999, 1704, 1457, 2519, 3795, 3959, 2835, 1599, 1526, 2694, 
3896, 3881, 2672, 1534, 1607, 2831, 3971, 3793, 2494, 1456, 
1703, 3018, 4024, 3664, 2340, 1401, 1833, 3192, 4054, 3552, 
2183, 1388, 1974, 3336, 4067, 3404, 2031, 1380, 2112, 3483, 
4083, 3248, 1868, 1393, 2270, 3612, 4051, 3068, 1786, 1412, 
2452, 3758, 4003, 2926, 1654, 1491, 2599, 3843, 3920, 2766, 
1557, 1561, 2775, 3923, 3830, 2586, 1487, 1671, 2950, 4000, 
3727, 2430, 1452, 1796, 3107, 4032, 3608, 2262, 1383, 1894, 
3267, 4072, 3468, 2104, 1359, 2052, 3441, 4080, 3340, 1971, 
1383, 2193, 3571, 4080, 3171, 1822, 1411, 2358, 3656, 4039, 
3004, 1705, 1468, 2523, 3799, 3980, 2859, 1602, 1531, 2692, 
3897, 3900, 2680, 1529, 1617, 2849, 3948, 3779, 2511, 1447, 
1716, 3034, 4019, 3686, 2337, 1408, 1840, 3201, 4056, 3555, 
2191, 1380, 1946, 3327, 4076, 3407, 2032, 1380, 2122, 3495, 
4079, 3263, 1907, 1403, 2280, 3633, 4048, 3111, 1764, 1441, 
2444, 3747, 4003, 2934, 1631, 1499, 2597, 3848, 3931, 2761, 
1571, 1553, 2788, 3920, 3859, 2580, 1475, 1677, 2931, 3992, 
3742, 2420, 1422, 1791, 3113, 4056, 3617, 2259, 1388, 1895, 
3270, 4080, 3491, 2120, 1367, 2049, 3432, 4081, 3339, 1971, 
1383, 2184, 3532, 4060, 3166, 1842, 1413, 2353, 3691, 4051, 
3019, 1715, 1471, 2523, 3798, 3979, 2856, 1615, 1528, 2684, 
3889, 3894, 2686, 1512, 1619, 2870, 3980, 3803, 2524, 1472, 
1712, 3020, 4024, 3683, 2323, 1353, 1845, 3175, 4053, 3545, 
2172, 1393, 1977, 3346, 4084, 3420, 2023, 1399, 2130, 3491, 
4087, 3271, 1891, 1401, 2270, 3623, 4059, 3097, 1769, 1416, 
2430, 3769, 4004, 2920, 1651, 1476, 2627, 3854, 3943, 2769, 
1571, 1563, 2780, 3919, 3851, 2599, 1484, 1664, 2948, 4011, 
3759, 2431, 1423, 1776, 3110, 4044, 3576, 2263, 1390, 1897, 
3268, 4076, 3480, 2102, 1390, 2038, 3391, 4068, 3334, 1966, 
1378, 2192, 3582, 4048, 3217, 1808, 1409, 2356, 3691, 4039, 
3022, 1718, 1548, 2775, 3956, 3795, 2463, 1433, 1815, 3191, 
4057, 3478, 2069, 1385, 2159, 3561, 4056, 3099, 1734, 1455, 
2559, 3849, 3919, 2682, 1505, 1672, 2975, 4033, 3656, 2248, 
1380, 1951, 3375, 4079, 3312, 1901, 1408, 2345, 3715, 3971, 
2855, 1605, 1521, 2812, 3919, 3804, 2480, 1429, 1816, 3196, 
4071, 3494, 2080, 1377, 2153, 3556, 4078, 3107, 1731, 1461, 
2555, 3847, 3923, 2668, 1511, 1652, 2969, 4012, 3651, 2255, 
1392, 1979, 3366, 4083, 3313, 1891, 1399, 2409, 3800, 3905, 
2248, 1369, 2312, 3727, 4003, 2884, 1606, 1616, 2897, 3999, 
3750, 2318, 1392, 1917, 3299, 4081, 3368, 1931, 1391, 2279, 
3667, 4032, 2967, 1676, 1504, 2693, 3907, 3863, 2546, 1447, 
1740, 3103, 4060, 3563, 2152, 1380, 2073, 3502, 4079, 3195, 
1804, 1437, 2485, 3815, 3964, 2716, 1478, 1571, 2874, 3996, 
3742, 2320, 1402, 1888, 3303, 4088, 3399, 1948, 1384, 2275, 
3649, 4049, 2984, 1672, 1510, 2675, 3916, 3851, 2561, 1448, 
1746, 3096, 4046, 3560, 2139, 1358, 2078, 3453, 4088, 3196, 
1820, 1432, 2490, 3800, 3963, 2767, 1544, 1599, 2876, 3999, 
3696, 2328, 1376, 1880, 3280, 4068, 3391, 1977, 1383, 2238, 
3676, 4011, 2964, 1668, 1502, 2695, 3926, 3857, 2555, 1465, 
1729, 3107, 4052, 3566, 2159, 1367, 2086, 3489, 4080, 3192, 
1795, 1436, 2447, 3803, 3948, 2766, 1557, 1620, 2892, 4012, 
3720, 2360, 1371, 1875, 3264, 4076, 3400, 1961, 1381, 2267, 
3640, 4024, 2995, 1631, 1503, 2680, 3905, 3844, 2564, 1475, 
1752, 3112, 4052, 3548, 2166, 1350, 2068, 3484, 4079, 3187, 
1793, 1448, 2479, 3799, 3940, 2776, 1549, 1603, 2886, 3996, 
3710, 2355, 1407, 1927, 3327, 4084, 3374, 1954, 1377, 2270, 
3655, 4047, 3010, 1629, 1487, 2686, 3914, 3852, 2548, 1471, 
1725, 3103, 4035, 3558, 2156, 1363, 2065, 3480, 4083, 3171, 
1810, 1433, 2465, 3804, 3969, 2788, 1540, 1606, 2887, 3998, 
3716, 2360, 1399, 1893, 3292, 4069, 3391, 1981, 1391, 2271, 
3703, 4007, 2994, 1682, 1483, 2671, 3928, 3852, 2574, 1463, 
1732, 3094, 4041, 3559, 2151, 1384, 2064, 3479, 4076, 3175, 
1811, 1439, 2478, 3801, 3967, 2769, 1551, 1610, 2878, 3975, 
3724, 2390, 1418, 1881, 3284, 4049, 3356, 1990, 1369, 2209, 
3663, 4023, 2975, 1666, 1503, 2691, 3918, 3852, 2561, 1457, 
1745, 3099, 4060, 3561, 2158, 1361, 2065, 3495, 4076, 3191, 
1845, 1432, 2447, 3777, 3943, 2763, 1558, 1609, 2918, 4023, 
3711, 2367, 1373, 1887, 3257, 4084, 3375, 1955, 1404, 2259, 
3647, 4024, 2993, 1660, 1508, 2686, 3929, 3859, 2559, 1457, 
1735, 3092, 4052, 3572, 2144, 1380, 2068, 3484, 4080, 3185, 
1809, 1443, 2460, 3800, 3961, 2761, 1590, 1597, 2894, 3999, 
3708, 2375, 1385, 1870, 3310, 4080, 3360, 1983, 1351, 2267, 
3657, 4043, 2979, 1657, 1501, 2673, 3896, 3844, 2563, 1460, 
1736, 3097, 4054, 3563, 2161, 1376, 2079, 3495, 4083, 3201, 
1792, 1424, 2470, 3811, 3948, 2793, 1565, 1631, 2841, 3975, 
3726, 2352, 1388, 1896, 3291, 4076, 3389, 1975, 1391, 2260, 
3641, 4036, 2996, 1666, 1517, 2680, 3920, 3854, 2569, 1461, 
1757, 3097, 4060, 3580, 2162, 1382, 2057, 3491, 4088, 3207, 
1818, 1433, 2477, 3796, 3977, 2740, 1558, 1619, 2880, 3992, 
3720, 2361, 1401, 1897, 3288, 4080, 3379, 1980, 1386, 2260, 

3152, 3725, 2436, 1442, 1713, 3008, 3975, 3615, 2299, 
1341, 1767, 3148, 3998, 3503, 2140, 1363, 1972, 3320, 4032, 
3337, 1983, 1365, 2089, 3482, 4004, 3166, 1859, 1385, 2275, 
3607, 3988, 3039, 1720, 1418, 2423, 3718, 3955, 2873, 1623, 
1473, 2588, 3809, 3873, 2719, 1539, 1548, 2782, 3905, 3784, 
2559, 1474, 1670, 2921, 3976, 3683, 2387, 1402, 1782, 3111, 
3999, 3584, 2220, 1379, 1912, 3270, 4054, 3438, 2081, 1373, 
2042, 3410, 4055, 3275, 1940, 1372, 2191, 3575, 4031, 3128, 
1806, 1412, 2360, 3680, 3992, 2931, 1633, 1433, 2497, 3788, 
3937, 2813, 1579, 1529, 2689, 3881, 3864, 2656, 1476, 1632, 
2870, 3964, 3768, 2471, 1448, 1728, 3039, 4008, 3633, 2319, 
1405, 1833, 3207, 4044, 3516, 2134, 1382, 1974, 3346, 4062, 
3372, 1998, 1376, 2160, 3499, 4060, 3244, 1870, 1399, 2267, 
3632, 4020, 3055, 1742, 1422, 2439, 3740, 3955, 2911, 1631, 
1491, 2615, 3847, 3903, 2729, 1523, 1580, 2759, 3931, 3815, 
2553, 1474, 1666, 2950, 3996, 3710, 2392, 1430, 1790, 3119, 
4035, 3560, 2180, 1353, 1904, 3272, 4060, 3456, 2088, 1356, 
2038, 3427, 4062, 3316, 1964, 1396, 2171, 3576, 4038, 3148, 
1804, 1414, 2353, 3680, 4006, 2968, 1691, 1451, 2527, 3806, 
3942, 2809, 1601, 1538, 2711, 3896, 3870, 2656, 1516, 1620, 
2870, 3975, 3788, 2493, 1423, 1728, 3043, 3995, 3651, 2311, 
1399, 1836, 3212, 4057, 3550, 2161, 1360, 2006, 3347, 4078, 
3390, 2007, 1372, 2137, 3496, 4063, 3246, 1864, 1387, 2283, 
3635, 4038, 3068, 1732, 1429, 2449, 3747, 3977, 2901, 1633, 
1489, 2617, 3857, 3919, 2736, 1529, 1557, 2767, 3919, 3811, 
2572, 1472, 1688, 2951, 4004, 3710, 2435, 1391, 1785, 3134, 
4017, 3612, 2240, 1376, 1928, 3275, 4073, 3448, 2087, 1373, 
2054, 3443, 4080, 3305, 1948, 1379, 2217, 3567, 4054, 3159, 
1815, 1414, 2364, 3688, 4025, 2963, 1691, 1453, 2555, 3827, 
3985, 2847, 1601, 1553, 2704, 3883, 3896, 2652, 1515, 1638, 
2868, 3980, 3788, 2473, 1457, 1726, 3039, 4028, 3665, 2327, 
1413, 1858, 3208, 4056, 3535, 2173, 1372, 1991, 3366, 4073, 
3393, 2019, 1364, 2121, 3503, 4068, 3247, 1875, 1396, 2284, 
3630, 4047, 3079, 1745, 1451, 2449, 3736, 3969, 2901, 1639, 
1494, 2615, 3851, 3924, 2760, 1556, 1587, 2782, 3923, 3844, 
2567, 1478, 1683, 2964, 3983, 3726, 2415, 1441, 1787, 3123, 
4049, 3608, 2248, 1385, 1923, 3303, 4072, 3463, 2099, 1374, 
2057, 3428, 4080, 3320, 1942, 1362, 2192, 3576, 4062, 3161, 
1811, 1399, 2387, 3692, 3987, 2999, 1691, 1452, 2529, 3801, 
3964, 2850, 1605, 1504, 2736, 3883, 3874, 2656, 1508, 1633, 
2874, 3983, 3772, 2499, 1462, 1729, 3044, 4027, 3676, 2323, 
1418, 1855, 3185, 4043, 3535, 2168, 1378, 1985, 3352, 4078, 
3397, 2021, 1384, 2135, 3512, 4086, 3242, 1878, 1398, 2295, 
3643, 4032, 3097, 1747, 1427, 2451, 3756, 3993, 2929, 1646, 
1490, 2646, 3867, 3919, 2739, 1583, 1556, 2780, 3940, 3838, 
2571, 1476, 1673, 2956, 3996, 3739, 2419, 1422, 1788, 3120, 
4063, 3607, 2257, 1396, 1912, 3274, 4067, 3464, 2097, 1364, 
2047, 3441, 4080, 3299, 1964, 1375, 2200, 3585, 4076, 3164, 
1820, 1407, 2367, 3687, 4023, 2995, 1707, 1450, 2529, 3793, 
3952, 2824, 1596, 1536, 2716, 3888, 3840, 2697, 1491, 1623, 
2870, 3985, 3636, 2264, 1382, 1989, 3391, 4086, 3281, 1895, 
1394, 2360, 3726, 4004, 2873, 1600, 1548, 2791, 3959, 3784, 
2454, 1424, 1816, 3219, 4063, 3468, 2064, 1369, 2155, 3576, 
4070, 3072, 1721, 1468, 2576, 3856, 3903, 2660, 1497, 1675, 
2988, 4028, 3640, 2243, 1380, 1977, 3389, 4083, 3278, 1871, 
1415, 2368, 3724, 4006, 2895, 1567, 1580, 2761, 3951, 3774, 
2435, 1423, 1825, 3198, 4067, 3472, 2061, 1371, 2172, 3579, 
4067, 3095, 1737, 1458, 2567, 3839, 3899, 2554, 1441, 1887, 
3612, 3953, 2651, 1467, 1721, 3071, 4039, 3476, 2088, 1389, 
2147, 3558, 4075, 3116, 1743, 1440, 2558, 3843, 3900, 2697, 
1515, 1652, 2956, 4017, 3667, 2275, 1389, 1965, 3395, 4076, 
3324, 1897, 1408, 2335, 3680, 4036, 2887, 1591, 1536, 2759, 
3935, 3799, 2476, 1435, 1799, 3182, 4059, 3484, 2079, 1368, 
2153, 3531, 4065, 3089, 1737, 1436, 2544, 3842, 3932, 2703, 
1497, 1660, 2971, 4035, 3660, 2299, 1406, 1945, 3375, 4078, 
3296, 1904, 1393, 2348, 3700, 3998, 2893, 1614, 1543, 2769, 
3951, 3801, 2473, 1431, 1813, 3192, 4056, 3448, 2055, 1372, 
2151, 3548, 4071, 3107, 1754, 1473, 2535, 3841, 3908, 2674, 
1523, 1647, 2969, 4022, 3644, 2273, 1381, 1959, 3360, 4071, 
3299, 1895, 1400, 2340, 3719, 4003, 2903, 1614, 1522, 2777, 
3939, 3808, 2480, 1434, 1803, 3175, 4060, 3484, 2086, 1359, 
2142, 3553, 4070, 3100, 1752, 1456, 2537, 3854, 3916, 2686, 
1515, 1652, 2961, 4015, 3641, 2268, 1363, 1968, 3363, 4084, 
3315, 1906, 1424, 2320, 3707, 4007, 2888, 1610, 1543, 2755, 
3952, 3808, 2479, 1430, 1794, 3171, 4054, 3488, 2095, 1364, 
2152, 3564, 4081, 3089, 1751, 1428, 2544, 3841, 3923, 2699, 
1508, 1663, 2966, 4011, 3655, 2273, 1378, 1965, 3379, 4080, 
3312, 1905, 1403, 2342, 3704, 4001, 2900, 1606, 1526, 2752, 
3940, 3768, 2470, 1407, 1786, 3183, 4049, 3494, 2083, 1378, 
2155, 3574, 4060, 3119, 1747, 1468, 2535, 3833, 3908, 2687, 
1507, 1646, 2972, 4017, 3660, 2275, 1388, 1959, 3367, 4083, 
3310, 1901, 1385, 2323, 3707, 3992, 2898, 1599, 1529, 2761, 
3981, 3800, 2499, 1431, 1798, 3175, 4067, 3499, 2085, 1375, 
2163, 3544, 4052, 3104, 1742, 1450, 2551, 3814, 3919, 2673, 
1505, 1651, 2971, 4025, 3663, 2281, 1388, 1968, 3361, 4062, 
3311, 1904, 1401, 2337, 3719, 4003, 2909, 1609, 1542, 2758, 
3944, 3807, 2481, 1435, 1794, 3177, 4044, 3481, 2079, 1375, 
2151, 3550, 4044, 3103, 1759, 1475, 2534, 3847, 3924, 2684, 
1505, 1654, 2968, 4022, 3663, 2284, 1385, 1956, 3363, 4071, 
3318, 1912, 1395, 2335, 3694, 4007, 2912, 1620, 1535, 2756, 
3932, 3791, 2490, 1418, 1807, 3187, 4071, 3482, 2073, 1366, 
2134, 3542, 4073, 3119, 1751, 1454, 2547, 3859, 3921, 2688, 
1500, 1655, 2969, 4009, 3665, 2270, 1390, 1952, 3372, 4071, 
3297, 1897, 1377, 2340, 3696, 4015, 2928, 1599, 1548, 2759, 
3943, 3784, 2467, 1439, 1799, 3167, 4067, 3491, 2079, 1376, 
2143, 3559, 4080, 3120, 1759, 1461, 2528, 3843, 3916, 2695, 
1504, 1651, 2948, 4014, 3643, 2265, 1390, 1947, 3367, 4083, 
3307, 1916, 1385, 2336, 3703, 4022, 2912, 1622, 1531, 2752, 
3948, 3799, 2479, 1439, 1798, 3151, 4062, 3494, 2086, 1378, 
2142, 3547, 4076, 3132, 1730, 1441, 2548, 3832, 3903, 2684, 

  3659, 4004, 3143, 1806, 1392, 2318, 3633, 3979, 2987, 
1688, 1444, 2492, 3740, 3923, 2831, 1588, 1507, 2631, 3830, 
3854, 2657, 1515, 1587, 2843, 3894, 3766, 2478, 1440, 1708, 
2992, 3971, 3647, 2326, 1355, 1780, 3128, 4028, 3520, 2177, 
1377, 1944, 3308, 4032, 3384, 2033, 1363, 2079, 3449, 4051, 
3248, 1881, 1382, 2249, 3571, 4011, 3068, 1756, 1410, 2399, 
3705, 3967, 2956, 1622, 1476, 2584, 3804, 3903, 2748, 1550, 
1552, 2726, 3895, 3816, 2591, 1481, 1650, 2911, 3982, 3727, 
2419, 1427, 1765, 3083, 4019, 3606, 2252, 1389, 1881, 3225, 
4038, 3476, 2105, 1362, 2032, 3399, 4056, 3335, 1956, 1371, 
2158, 3531, 4019, 3155, 1837, 1407, 2324, 3654, 4012, 2983, 
1660, 1415, 2475, 3758, 3940, 2832, 1599, 1499, 2670, 3868, 
3878, 2668, 1513, 1607, 2847, 3953, 3785, 2504, 1464, 1699, 
3001, 4007, 3657, 2335, 1408, 1831, 3160, 4047, 3583, 2160, 
1363, 1983, 3331, 4064, 3423, 2028, 1358, 2079, 3452, 4067, 
3263, 1894, 1395, 2255, 3608, 4039, 3095, 1779, 1426, 2416, 
3742, 3995, 2936, 1657, 1469, 2587, 3840, 3919, 2764, 1559, 
1552, 2736, 3916, 3836, 2601, 1494, 1694, 2913, 3980, 3768, 
2427, 1439, 1754, 3036, 3975, 3576, 2249, 1396, 1884, 3265, 
4063, 3492, 2119, 1379, 2032, 3399, 4073, 3342, 1977, 1376, 
2188, 3548, 4056, 3203, 1844, 1397, 2345, 3660, 4016, 3028, 
1708, 1457, 2505, 3788, 3971, 2868, 1590, 1525, 2663, 3868, 
3854, 2636, 1499, 1604, 2860, 3972, 3791, 2511, 1459, 1711, 
3014, 4022, 3694, 2348, 1413, 1840, 3178, 4058, 3567, 2207, 
1369, 1977, 3331, 4067, 3416, 2054, 1373, 2105, 3475, 4080, 
3270, 1901, 1344, 2275, 3600, 4047, 3120, 1785, 1426, 2388, 
3704, 3968, 2926, 1652, 1481, 2587, 3827, 3936, 2774, 1571, 
1561, 2765, 3924, 3846, 2607, 1490, 1650, 2924, 3987, 3731, 
2414, 1434, 1768, 3099, 4039, 3631, 2265, 1402, 1897, 3255, 
4076, 3515, 2094, 1383, 2032, 3342, 4035, 3319, 1980, 1388, 
2192, 3560, 4081, 3192, 1844, 1400, 2340, 3676, 4028, 3025, 
1719, 1452, 2496, 3790, 3968, 2859, 1637, 1524, 2656, 3880, 
3896, 2684, 1525, 1607, 2830, 3970, 3824, 2519, 1440, 1726, 
2982, 4016, 3655, 2321, 1376, 1799, 3165, 4051, 3554, 2207, 
1383, 1968, 3334, 4076, 3417, 2041, 1377, 2105, 3475, 4075, 
3274, 1913, 1394, 2267, 3632, 4051, 3115, 1786, 1436, 2424, 
3739, 4003, 2947, 1667, 1478, 2585, 3808, 3952, 2759, 1511, 
1499, 2715, 3903, 3855, 2608, 1489, 1648, 2916, 3980, 3751, 
2438, 1439, 1769, 3091, 4040, 3635, 2282, 1391, 1885, 3256, 
4076, 3494, 2126, 1382, 2014, 3395, 4071, 3353, 1979, 1375, 
2181, 3534, 4080, 3214, 1841, 1392, 2376, 3675, 4006, 3008, 
1692, 1434, 2496, 3776, 3963, 2856, 1616, 1516, 2670, 3890, 
3888, 2686, 1532, 1612, 2836, 3959, 3807, 2531, 1468, 1728, 
3017, 4011, 3683, 2355, 1408, 1823, 3167, 4056, 3568, 2193, 
1377, 1979, 3320, 4083, 3422, 2031, 1363, 2119, 3486, 4086, 
3275, 1905, 1396, 2252, 3611, 4071, 3111, 1781, 1425, 2420, 
3732, 4017, 2955, 1657, 1481, 2588, 3832, 3951, 2788, 1567, 
1558, 2747, 3921, 3841, 2610, 1488, 1662, 2926, 4000, 3776, 
2430, 1393, 1736, 3049, 4047, 3641, 2290, 1399, 1897, 3243, 
4067, 3495, 2127, 1382, 2031, 3407, 4078, 3344, 1975, 1398, 
2186, 3544, 4023, 2955, 1623, 1494, 2713, 3916, 3817, 2526, 
1452, 1767, 3143, 4068, 3545, 2139, 1376, 2129, 3475, 3987, 
3136, 1772, 1433, 2503, 3824, 3945, 2742, 1525, 1618, 2928, 
4008, 3699, 2327, 1396, 1926, 3327, 4083, 3361, 1948, 1388, 
2295, 3692, 4025, 2942, 1644, 1514, 2710, 3932, 3833, 2536, 
1452, 1769, 3132, 4051, 3520, 2151, 1375, 2057, 3473, 4035, 
3139, 1780, 1440, 2499, 3820, 3948, 2743, 1539, 1627, 2924, 
4016, 3692, 2329, 1395, 1928, 3335, 4078, 3319, 1857, 1458, 
2919, 4059, 3399, 1948, 1392, 2327, 3696, 3990, 2824, 1562, 
1538, 2807, 3920, 3736, 2409, 1414, 1849, 3250, 4064, 3419, 
2012, 1379, 2217, 3620, 4076, 3043, 1699, 1488, 2622, 3894, 
3889, 2611, 1479, 1707, 3036, 4039, 3603, 2204, 1370, 2023, 
3427, 4083, 3255, 1853, 1417, 2436, 3765, 3888, 2816, 1566, 
1564, 2824, 3972, 3758, 2407, 1418, 1854, 3248, 4070, 3430, 
2022, 1388, 2220, 3609, 4043, 3033, 1700, 1473, 2623, 3884, 
3894, 2608, 1480, 1697, 3040, 4044, 3616, 2215, 1365, 2026, 
3441, 4084, 3207, 1792, 1369, 2425, 3769, 3977, 2825, 1583, 
1573, 2828, 3980, 3753, 2413, 1405, 1851, 3264, 4071, 3432, 
2014, 1379, 2206, 3599, 4044, 3040, 1675, 1457, 2613, 3871, 
3870, 2605, 1481, 1712, 3045, 4051, 3619, 2215, 1396, 2031, 
3376, 4084, 3243, 1831, 1411, 2414, 3748, 3964, 2820, 1572, 
1577, 2825, 3971, 3760, 2415, 1422, 1859, 3256, 4080, 3438, 
2020, 1388, 2205, 3591, 4071, 3040, 1694, 1481, 2625, 3879, 
3881, 2623, 1477, 1711, 3004, 3992, 3611, 2237, 1363, 2027, 
3447, 4071, 3231, 1843, 1414, 2403, 3756, 3983, 2825, 1575, 
1573, 2830, 3979, 3760, 2408, 1415, 1857, 3251, 4080, 3431, 
2008, 1371, 2217, 3612, 4051, 3038, 1699, 1473, 2605, 3875, 
3859, 2580, 1433, 1671, 3011, 4057, 3601, 2206, 1385, 2023, 
3424, 4067, 3248, 1847, 1422, 2412, 3771, 3983, 2832, 1587, 
1592, 2845, 3984, 3756, 2413, 1439, 1859, 3235, 4065, 3427, 
2019, 1368, 2199, 3598, 4035, 3030, 1661, 1429, 2595, 3865, 
3873, 2648, 1468, 1700, 3052, 4040, 3601, 2213, 1381, 2030, 
3436, 4083, 3241, 1850, 1422, 2413, 3768, 3977, 2833, 1572, 
1571, 2836, 3952, 3731, 2412, 1413, 1841, 3247, 4072, 3435, 
2021, 1377, 2235, 3608, 4055, 3021, 1697, 1479, 2585, 3886, 
3889, 2611, 1474, 1703, 3033, 4035, 3607, 2211, 1375, 2011, 
3432, 4081, 3254, 1851, 1409, 2408, 3753, 3972, 2819, 1562, 
1590, 2838, 3968, 3751, 2396, 1403, 1840, 3248, 4068, 3409, 
1982, 1363, 2215, 3579, 4078, 3057, 1678, 1486, 2623, 3880, 
3879, 2615, 1478, 1702, 3052, 4025, 3601, 2212, 1380, 2024, 
3443, 4086, 3247, 1853, 1418, 2415, 3751, 3972, 2841, 1579, 
1567, 2828, 3975, 3756, 2420, 1422, 1820, 3215, 4051, 3431, 
2047, 1345, 2209, 3608, 4028, 3035, 1692, 1475, 2608, 3870, 
3876, 2615, 1481, 1703, 3049, 4047, 3607, 2224, 1379, 2025, 
3440, 4088, 3252, 1848, 1417, 2404, 3735, 3968, 2823, 1576, 
1572, 2846, 3939, 3719, 2388, 1416, 1850, 3230, 4080, 3419, 
2005, 1385, 2204, 3593, 4044, 3025, 1702, 1474, 2614, 3881, 
3884, 2627, 1492, 1710, 3052, 4046, 3612, 2216, 1375, 1999, 
3441, 4083, 3256, 1855, 1411, 2407, 3751, 3975, 2860, 1599, 
1564, 2814, 3964, 3775, 2417, 1385, 1850, 3244, 4062, 3432, 

  1539, 1360, 2220, 3569, 4007, 3083, 1755, 1412, 2379, 
3679, 3958, 2914, 1619, 1453, 2539, 3788, 3907, 2744, 1570, 
1534, 2728, 3868, 3811, 2583, 1489, 1613, 2870, 3952, 3713, 
2424, 1411, 1733, 3046, 4000, 3596, 2272, 1409, 1862, 3217, 
4024, 3464, 2111, 1361, 2008, 3368, 4041, 3320, 1963, 1374, 
2144, 3507, 4023, 3192, 1812, 1400, 2296, 3644, 4003, 3017, 
1722, 1436, 2460, 3755, 3947, 2816, 1587, 1497, 2647, 3841, 
3880, 2691, 1507, 1590, 2807, 3935, 3787, 2523, 1457, 1703, 
2988, 4006, 3684, 2350, 1406, 1806, 3158, 4041, 3553, 2198, 
1372, 1963, 3299, 4007, 3442, 2045, 1372, 2084, 3452, 4062, 
3270, 1919, 1372, 2239, 3593, 4032, 3107, 1780, 1415, 2397, 
3711, 3990, 2951, 1665, 1469, 2574, 3812, 3924, 2759, 1572, 
1542, 2742, 3896, 3811, 2588, 1470, 1639, 2894, 3979, 3727, 
2444, 1416, 1747, 3068, 4029, 3624, 2279, 1395, 1875, 3231, 
4060, 3486, 2124, 1372, 2006, 3374, 4078, 3353, 1977, 1365, 
2156, 3527, 4064, 3196, 1841, 1400, 2333, 3655, 4017, 3052, 
1702, 1459, 2481, 3769, 3972, 2873, 1614, 1511, 2659, 3859, 
3900, 2707, 1528, 1594, 2825, 3939, 3806, 2539, 1468, 1694, 
2992, 3998, 3710, 2339, 1390, 1804, 3148, 4046, 3568, 2209, 
1368, 1951, 3311, 4076, 3427, 2070, 1372, 2082, 3455, 4076, 
3279, 1910, 1380, 2252, 3608, 4065, 3132, 1787, 1422, 2407, 
3747, 4007, 2944, 1674, 1475, 2567, 3815, 3926, 2779, 1556, 
1532, 2738, 3902, 3868, 2614, 1505, 1625, 2912, 3979, 3759, 
2436, 1454, 1753, 3086, 4025, 3622, 2284, 1381, 1881, 3219, 
4064, 3502, 2132, 1371, 2023, 3395, 4079, 3360, 1988, 1391, 
2153, 3510, 4043, 3213, 1851, 1407, 2316, 3660, 4027, 3023, 
1729, 1444, 2490, 3798, 3991, 2870, 1627, 1524, 2660, 3878, 
3903, 2719, 1532, 1595, 2832, 3947, 3811, 2548, 1463, 1680, 
2993, 4016, 3697, 2375, 1416, 1823, 3167, 4059, 3580, 2209, 
1391, 1948, 3315, 4071, 3427, 2055, 1363, 2100, 3467, 4089, 
3272, 1955, 1377, 2238, 3599, 4062, 3116, 1772, 1425, 2418, 
3705, 4012, 2951, 1667, 1472, 2574, 3825, 3943, 2791, 1577, 
1548, 2745, 3935, 3862, 2612, 1499, 1664, 2919, 3987, 3711, 
2450, 1418, 1751, 3076, 4025, 3657, 2283, 1406, 1871, 3246, 
4070, 3503, 2117, 1383, 2005, 3384, 4083, 3360, 1987, 1379, 
2169, 3528, 4062, 3212, 1844, 1400, 2353, 3683, 4031, 3047, 
1739, 1452, 2495, 3779, 3992, 2875, 1626, 1515, 2659, 3884, 
3883, 2707, 1532, 1600, 2830, 3948, 3807, 2547, 1462, 1696, 
3011, 4022, 3695, 2380, 1427, 1813, 3189, 4056, 3583, 2206, 
1397, 1944, 3313, 4073, 3447, 2063, 1376, 2094, 3487, 4080, 
3278, 1916, 1381, 2248, 3609, 4035, 3129, 1763, 1417, 2401, 
3719, 4015, 2961, 1650, 1472, 2586, 3847, 3945, 2808, 1587, 
1544, 2732, 3912, 3864, 2628, 1495, 1647, 2905, 3987, 3758, 
2475, 1436, 1756, 3074, 4039, 3647, 2303, 1398, 1880, 3255, 
4057, 3508, 2123, 1354, 1999, 3388, 4081, 3364, 1977, 1396, 
2160, 3545, 4083, 3206, 1870, 1405, 2337, 3667, 4031, 3038, 
1742, 1443, 2491, 3779, 3977, 2879, 1625, 1513, 2653, 3868, 
3892, 2708, 1542, 1607, 2812, 3977, 3815, 2542, 1468, 1691, 
2993, 4020, 3699, 2375, 1422, 1816, 3143, 4051, 3580, 2223, 
1392, 1957, 3312, 4078, 3440, 2000, 1343, 2072, 3457, 4071, 
3280, 1914, 1430, 2478, 3819, 3952, 2759, 1523, 1610, 2895, 
4023, 3703, 2367, 1400, 1924, 3304, 4081, 3364, 1959, 1402, 
2279, 3658, 4031, 2963, 1661, 1530, 2696, 3940, 3847, 2544, 
1446, 1750, 3111, 4056, 3534, 2139, 1383, 2076, 3502, 4067, 
3183, 1800, 1436, 2478, 3820, 3921, 2752, 1528, 1626, 2910, 
3996, 3704, 2338, 1403, 1905, 3293, 4076, 3359, 1947, 1390, 
2273, 3652, 4031, 2968, 1648, 1510, 2704, 3923, 3835, 2551, 
1453, 1753, 3112, 4059, 3538, 2146, 1376, 2126, 3615, 4006, 
2566, 1400, 2049, 3500, 4075, 3153, 1783, 1471, 2595, 3855, 
3887, 2607, 1491, 1708, 3020, 4028, 3608, 2220, 1377, 2008, 
3433, 4088, 3259, 1870, 1417, 2396, 3752, 3991, 2844, 1576, 
1566, 2817, 3951, 3763, 2423, 1422, 1840, 3244, 4077, 3427, 
2012, 1363, 2206, 3593, 4062, 3048, 1710, 1478, 2590, 3873, 
3884, 2620, 1483, 1695, 3038, 4046, 3625, 2227, 1392, 2017, 
3425, 4083, 3260, 1856, 1417, 2406, 3700, 3975, 2824, 1592, 
1566, 2803, 3955, 3763, 2424, 1426, 1842, 3232, 4080, 3427, 
2023, 1377, 2188, 3599, 4052, 3052, 1707, 1470, 2603, 3873, 
3891, 2638, 1484, 1701, 3036, 4038, 3611, 2220, 1381, 2033, 
3397, 4083, 3226, 1847, 1412, 2403, 3750, 3983, 2837, 1575, 
1558, 2822, 3953, 3777, 2428, 1424, 1847, 3230, 4076, 3444, 
2032, 1379, 2200, 3590, 4039, 3047, 1709, 1465, 2609, 3859, 
3899, 2623, 1488, 1695, 3007, 4038, 3610, 2219, 1355, 1996, 
3404, 4067, 3257, 1864, 1413, 2406, 3756, 3996, 2852, 1590, 
1576, 2812, 3977, 3767, 2426, 1404, 1817, 3219, 4056, 3443, 
2035, 1376, 2200, 3587, 4047, 3051, 1718, 1443, 2620, 3878, 
3887, 2636, 1479, 1691, 3039, 4040, 3612, 2224, 1383, 2014, 
3416, 4086, 3253, 1859, 1444, 2403, 3729, 3982, 2843, 1584, 
1559, 2825, 3960, 3756, 2404, 1415, 1814, 3230, 4073, 3439, 
2045, 1368, 2214, 3583, 4076, 3057, 1719, 1476, 2611, 3864, 
3891, 2635, 1482, 1683, 3035, 4035, 3604, 2224, 1387, 2003, 
3416, 4084, 3267, 1855, 1408, 2419, 3750, 3979, 2838, 1582, 
1559, 2812, 3959, 3751, 2419, 1427, 1859, 3222, 4080, 3451, 
2020, 1384, 2199, 3604, 4049, 3055, 1711, 1473, 2591, 3854, 
3880, 2644, 1473, 1682, 3032, 4028, 3607, 2217, 1389, 2011, 
3423, 4086, 3264, 1864, 1414, 2388, 3746, 3992, 2847, 1577, 
1574, 2777, 3979, 3766, 2443, 1424, 1840, 3236, 4078, 3447, 
2018, 1363, 2192, 3601, 4064, 3051, 1695, 1462, 2592, 3867, 
3905, 2641, 1481, 1690, 3030, 4044, 3633, 2249, 1386, 2007, 
3425, 4076, 3240, 1883, 1403, 2375, 3736, 3980, 2842, 1572, 
1560, 2823, 3976, 3779, 2431, 1418, 1818, 3231, 4075, 3459, 
2028, 1378, 2187, 3584, 4043, 3054, 1711, 1479, 2606, 3899, 
3908, 2636, 1487, 1693, 3025, 4032, 3625, 2231, 1361, 2005, 
3420, 4080, 3254, 1855, 1425, 2379, 3744, 3988, 2844, 1592, 
1566, 2819, 3974, 3771, 2424, 1412, 1840, 3227, 4081, 3473, 
2034, 1378, 2190, 3599, 4047, 3071, 1712, 1456, 2601, 3895, 
3903, 2652, 1455, 1695, 3004, 4045, 3603, 2221, 1380, 1994, 
3417, 4083, 3271, 1863, 1403, 2384, 3747, 3991, 2857, 1590, 
1578, 2815, 3971, 3758, 2424, 1422, 1814, 3218, 4073, 3457, 
2027, 1384, 2185, 3588, 4044, 3060, 1703, 1472, 2601, 3878, 
3886, 2648, 1486, 1703, 3033, 4019, 3624, 2217, 1386, 2005, 

  3971, 3923, 3662, 2407, 1416, 1736, 3057, 3971, 3588, 
2239, 1381, 1863, 3208, 4024, 3455, 2099, 1358, 1999, 3367, 
4035, 3312, 1955, 1368, 2151, 3512, 4006, 3148, 1840, 1420, 
2367, 3656, 3991, 2997, 1691, 1447, 2480, 3740, 3937, 2835, 
1603, 1521, 2623, 3836, 3855, 2676, 1518, 1592, 2816, 3932, 
3775, 2508, 1447, 1691, 2980, 3983, 3649, 2344, 1396, 1811, 
3148, 4028, 3529, 2184, 1368, 1942, 3289, 4012, 3389, 2003, 
1368, 2079, 3443, 4054, 3239, 1902, 1382, 2246, 3580, 3968, 
3097, 1772, 1420, 2403, 3692, 3990, 2906, 1652, 1457, 2578, 
3816, 3923, 2766, 1548, 1540, 2735, 3907, 3830, 2596, 1492, 
1638, 2895, 3982, 3777, 2467, 1445, 1743, 3078, 4012, 3619, 
2256, 1384, 1871, 3231, 4051, 3464, 2127, 1314, 2010, 3368, 
4067, 3324, 1971, 1371, 2153, 3529, 4065, 3175, 1822, 1394, 
2331, 3651, 4024, 3028, 1712, 1452, 2493, 3771, 3967, 2853, 
1603, 1447, 2614, 3846, 3878, 2683, 1529, 1588, 2834, 3932, 
3793, 2520, 1453, 1712, 2992, 4017, 3668, 2343, 1414, 1817, 
3152, 4039, 3558, 2198, 1388, 1955, 3323, 4067, 3409, 2034, 
1376, 2099, 3471, 4055, 3267, 1892, 1380, 2257, 3619, 4076, 
3140, 1787, 1423, 2409, 3716, 3996, 2936, 1670, 1474, 2584, 
3827, 3928, 2774, 1593, 1538, 2738, 3924, 3859, 2613, 1504, 
1640, 2915, 3995, 3760, 2435, 1452, 1745, 3075, 4028, 3624, 
2272, 1406, 1878, 3231, 4060, 3475, 2067, 1288, 1980, 3363, 
4076, 3340, 1971, 1382, 2147, 3534, 4073, 3185, 1843, 1400, 
2331, 3616, 4031, 3025, 1744, 1434, 2497, 3784, 3984, 2856, 
1612, 1505, 2639, 3876, 3896, 2663, 1539, 1590, 2839, 3935, 
3795, 2520, 1447, 1640, 2916, 3980, 3683, 2356, 1421, 1816, 
3167, 4056, 3540, 2208, 1367, 1936, 3336, 4069, 3440, 2094, 
1355, 2107, 3470, 4070, 3271, 1923, 1376, 2264, 3600, 4049, 
3125, 1774, 1439, 2411, 3729, 4007, 2950, 1663, 1478, 2551, 
3808, 3902, 2787, 1561, 1585, 2746, 3926, 3871, 2616, 1478, 
1647, 2913, 4007, 3755, 2458, 1447, 1758, 3137, 4021, 3633, 
2272, 1401, 1888, 3235, 4062, 3491, 2127, 1385, 2019, 3395, 
4079, 3336, 1974, 1382, 2136, 3544, 4057, 3172, 1816, 1388, 
2333, 3663, 4024, 3017, 1715, 1422, 2494, 3779, 3969, 2869, 
1619, 1517, 2666, 3875, 3897, 2641, 1521, 1599, 2823, 3939, 
3803, 2553, 1468, 1720, 3011, 4007, 3696, 2371, 1417, 1825, 
3166, 4065, 3569, 2211, 1363, 1887, 3261, 4036, 3408, 2048, 
1378, 2108, 3476, 4087, 3287, 1921, 1384, 2255, 3604, 4051, 
3126, 1791, 1393, 2375, 3724, 4012, 2971, 1675, 1473, 2569, 
3823, 3952, 2795, 1567, 1578, 2752, 3927, 3864, 2612, 1495, 
1650, 2904, 4003, 3739, 2431, 1427, 1739, 3093, 4041, 3643, 
2291, 1383, 1871, 3219, 4083, 3492, 2121, 1377, 2014, 3399, 
4079, 3391, 1982, 1375, 2201, 3543, 4084, 3209, 1852, 1402, 
2332, 3671, 4035, 3052, 1724, 1456, 2480, 3795, 3980, 2838, 
1585, 1479, 2637, 3881, 3896, 2703, 1532, 1604, 2835, 3975, 
3803, 2527, 1460, 1699, 2977, 4021, 3711, 2379, 1411, 1801, 
3112, 4043, 3548, 2198, 1379, 1948, 3319, 4076, 3439, 2057, 
1369, 2096, 3440, 4083, 3270, 1906, 1387, 2220, 3567, 4035, 
3111, 1778, 1427, 2410, 3720, 4022, 2950, 1683, 1484, 2579, 
3820, 3942, 2803, 1572, 1543, 2726, 3928, 3864, 2665, 1476, 
1651, 2912, 4043, 3556, 2179, 1365, 2060, 3466, 4075, 3201, 
1812, 1422, 2462, 3760, 3956, 2745, 1513, 1594, 2878, 3993, 
3735, 2372, 1403, 1862, 3268, 4065, 3397, 1977, 1378, 2236, 
3628, 4032, 2967, 1663, 1503, 2627, 3883, 3848, 2591, 1479, 
1728, 3075, 4060, 3583, 2168, 1376, 2046, 3471, 4078, 3207, 
1767, 1359, 2424, 3763, 3951, 2779, 1548, 1600, 2868, 3983, 
3710, 2380, 1400, 1888, 3292, 4080, 3393, 1980, 1389, 2251, 
3644, 4078, 3043, 1675, 1482, 2654, 3892, 3825, 2462, 1393, 
2252, 3806, 3891, 2578, 1463, 1747, 3132, 4079, 3465, 2057, 
1360, 2142, 3564, 4033, 3075, 1742, 1479, 2575, 3856, 3891, 
2671, 1494, 1671, 3002, 4041, 3648, 2255, 1386, 1924, 3396, 
4079, 3276, 1886, 1404, 2363, 3711, 4007, 2857, 1585, 1547, 
2787, 3960, 3811, 2480, 1441, 1812, 3193, 4064, 3463, 2068, 
1383, 2160, 3564, 4054, 3081, 1742, 1471, 2572, 3862, 3902, 
2665, 1508, 1674, 2995, 4017, 3615, 2249, 1361, 1976, 3403, 
4080, 3300, 1881, 1412, 2361, 3710, 3999, 2883, 1580, 1511, 
2715, 3943, 3783, 2451, 1424, 1816, 3204, 4063, 3473, 2061, 
1380, 2168, 3587, 4049, 3081, 1733, 1447, 2569, 3852, 3903, 
2663, 1482, 1607, 2979, 4001, 3625, 2248, 1384, 1987, 3400, 
4083, 3288, 1884, 1395, 2359, 3736, 4008, 2892, 1614, 1558, 
2780, 3961, 3779, 2464, 1449, 1815, 3195, 4071, 3464, 2057, 
1385, 2161, 3576, 4062, 3073, 1697, 1473, 2580, 3856, 3863, 
2672, 1499, 1681, 2981, 4022, 3643, 2258, 1395, 1987, 3398, 
4087, 3273, 1842, 1373, 2350, 3702, 3980, 2872, 1584, 1537, 
2787, 3963, 3785, 2468, 1412, 1825, 3206, 4060, 3478, 2063, 
1384, 2161, 3567, 4071, 3086, 1735, 1484, 2558, 3847, 3923, 
2675, 1491, 1662, 2997, 4035, 3632, 2249, 1352, 1942, 3335, 
4055, 3288, 1880, 1413, 2366, 3711, 3986, 2873, 1596, 1547, 
2793, 3956, 3791, 2465, 1428, 1793, 3192, 4068, 3486, 2080, 
1373, 2156, 3576, 4076, 3063, 1731, 1475, 2574, 3832, 3907, 
2667, 1495, 1682, 3008, 4051, 3671, 2246, 1378, 1967, 3383, 
4075, 3279, 1887, 1405, 2375, 3722, 4006, 2883, 1620, 1553, 
2759, 3964, 3793, 2464, 1428, 1820, 3192, 4071, 3452, 2062, 
1384, 2137, 3561, 4080, 3081, 1724, 1452, 2567, 3844, 3908, 
2696, 1524, 1697, 2985, 4017, 3647, 2251, 1376, 1985, 3385, 
4067, 3292, 1901, 1407, 2334, 3719, 4004, 2884, 1601, 1563, 
2755, 3955, 3791, 2459, 1424, 1815, 3193, 4080, 3467, 2064, 
1391, 2160, 3569, 4063, 3094, 1728, 1449, 2582, 3846, 3889, 
2660, 1500, 1676, 3001, 4028, 3647, 2259, 1400, 1974, 3395, 
4078, 3284, 1889, 1406, 2375, 3729, 3991, 2881, 1598, 1539, 
2770, 3959, 3788, 2472, 1464, 1784, 3179, 4063, 3454, 2062, 
1393, 2161, 3563, 4086, 3094, 1726, 1449, 2556, 3859, 3919, 
2649, 1496, 1662, 2985, 4024, 3651, 2260, 1375, 1964, 3388, 
4073, 3280, 1893, 1387, 2372, 3719, 4000, 2869, 1603, 1553, 
2790, 3985, 3780, 2470, 1444, 1806, 3199, 4065, 3463, 2044, 
1357, 2129, 3536, 4051, 3084, 1734, 1441, 2574, 3849, 3899, 
2665, 1510, 1671, 2984, 4025, 3645, 2264, 1388, 1951, 3404, 
4079, 3308, 1903, 1391, 2358, 3726, 4007, 2882, 1604, 1539, 
2776, 3960, 3788, 2446, 1429, 1800, 3131, 4001, 3459, 2061, 
1379, 2156, 3584, 4035, 3076, 1734, 1448, 2547, 3854, 3899, 

  1508, 4004, 3296, 1948, 1375, 2160, 3510, 4017, 3167, 
1821, 1392, 2300, 3612, 3983, 2987, 1697, 1443, 2478, 3737, 
3927, 2828, 1614, 1499, 2640, 3844, 3849, 2667, 1529, 1567, 
2799, 3919, 3775, 2511, 1462, 1679, 2971, 3960, 3660, 2332, 
1407, 1809, 3145, 4012, 3528, 2201, 1296, 1919, 3290, 4048, 
3395, 2020, 1358, 2064, 3440, 4044, 3278, 1898, 1369, 2236, 
3567, 4016, 3105, 1764, 1416, 2398, 3703, 3974, 2935, 1659, 
1467, 2567, 3811, 3907, 2770, 1569, 1538, 2704, 3888, 3827, 
2588, 1485, 1632, 2908, 3971, 3735, 2441, 1415, 1755, 3060, 
4019, 3606, 2272, 1392, 1873, 3233, 4048, 3486, 2115, 1367, 
2018, 3382, 4064, 3344, 1991, 1379, 2158, 3520, 4079, 3158, 
1817, 1393, 2304, 3654, 3985, 3027, 1704, 1455, 2482, 3761, 
3955, 2866, 1608, 1511, 2651, 3865, 3901, 2697, 1523, 1583, 
2822, 3944, 3792, 2516, 1467, 1694, 2991, 3993, 3703, 2368, 
1424, 1798, 3155, 4055, 3585, 2193, 1402, 1926, 3323, 4056, 
3428, 2052, 1369, 2081, 3457, 4064, 3286, 1940, 1380, 2252, 
3596, 4049, 3087, 1824, 1399, 2412, 3715, 4003, 2936, 1678, 
1469, 2579, 3807, 3911, 2776, 1553, 1546, 2736, 3889, 3838, 
2572, 1481, 1651, 2899, 3980, 3744, 2447, 1443, 1754, 3078, 
4031, 3633, 2279, 1392, 1865, 3249, 4060, 3521, 2122, 1372, 
2003, 3395, 4076, 3324, 1984, 1359, 2185, 3523, 4055, 3200, 
1854, 1399, 2307, 3660, 4032, 3014, 1755, 1441, 2499, 3775, 
3968, 2879, 1623, 1495, 2665, 3864, 3867, 2685, 1529, 1590, 
2823, 3955, 3806, 2547, 1472, 1715, 2988, 4025, 3703, 2369, 
1420, 1815, 3158, 4060, 3564, 2202, 1391, 1944, 3311, 4075, 
3416, 2050, 1370, 2092, 3496, 4071, 3286, 1905, 1401, 2232, 
3599, 4040, 3136, 1778, 1399, 2396, 3728, 3991, 2955, 1676, 
1487, 2568, 3817, 3934, 2791, 1573, 1550, 2743, 3934, 3859, 
2614, 1496, 1648, 2904, 3977, 3779, 2449, 1445, 1727, 3083, 
4040, 3640, 2296, 1398, 1895, 3244, 4068, 3504, 2099, 1343, 
1996, 3369, 4073, 3352, 1984, 1384, 2132, 3558, 4070, 3192, 
1866, 1403, 2335, 3652, 4025, 3043, 1728, 1468, 2463, 3782, 
3959, 2883, 1630, 1510, 2666, 3864, 3908, 2716, 1546, 1600, 
2828, 3961, 3824, 2540, 1462, 1704, 2990, 4017, 3700, 2374, 
1420, 1774, 3111, 4016, 3568, 2196, 1409, 1963, 3335, 4088, 
3422, 2055, 1377, 2084, 3469, 4088, 3248, 1918, 1363, 2241, 
3590, 4048, 3116, 1788, 1433, 2408, 3724, 4017, 2960, 1678, 
1475, 2581, 3847, 3936, 2792, 1593, 1555, 2727, 3911, 3859, 
2633, 1508, 1652, 2887, 3971, 3730, 2450, 1437, 1767, 3058, 
4028, 3687, 2286, 1406, 1874, 3211, 4070, 3500, 2129, 1379, 
2019, 3388, 4084, 3369, 1991, 1370, 2156, 3542, 4071, 3203, 
1850, 1395, 2308, 3655, 4024, 3040, 1715, 1447, 2489, 3783, 
3985, 2889, 1617, 1520, 2686, 3915, 3927, 2719, 1520, 1619, 
2832, 3955, 3793, 2543, 1478, 1662, 2977, 4015, 3692, 2367, 
1404, 1807, 3160, 4064, 3587, 2213, 1376, 1931, 3313, 4083, 
3443, 2072, 1376, 2079, 3460, 4078, 3291, 1907, 1380, 2250, 
3603, 3998, 3064, 1760, 1419, 2404, 3734, 4007, 2976, 1667, 
1449, 2552, 3835, 3923, 2793, 1577, 1567, 2735, 3918, 3864, 
2630, 1494, 1649, 2910, 3985, 3763, 2467, 1448, 1756, 3070, 
4032, 3660, 2284, 1386, 1868, 3227, 4067, 3500, 2136, 1396, 
2023, 3392, 4062, 3120, 1753, 1440, 2548, 3832, 3915, 2734, 
1513, 1621, 2947, 4014, 3673, 2299, 1401, 1946, 3358, 4086, 
3327, 1922, 1400, 2326, 3699, 4017, 2908, 1607, 1525, 2740, 
3939, 3804, 2510, 1410, 1769, 3120, 4038, 3511, 2116, 1377, 
2127, 3536, 4078, 3115, 1767, 1439, 2483, 3844, 3918, 2697, 
1519, 1638, 2951, 4019, 3676, 2302, 1388, 1945, 3372, 4081, 
3326, 1923, 1404, 2325, 3676, 3990, 2946, 1622, 1550, 2729, 
3937, 3824, 2531, 1475, 1798, 3168, 4067, 3459, 1987, 1415, 
2727, 4028, 3548, 2060, 1388, 2136, 3539, 4027, 3008, 1673, 
1475, 2656, 3908, 3863, 2598, 1477, 1720, 3059, 4051, 3572, 
2184, 1359, 2057, 3452, 4081, 3219, 1832, 1449, 2462, 3747, 
3956, 2777, 1545, 1587, 2857, 3971, 3713, 2374, 1395, 1894, 
3242, 4062, 3406, 1985, 1376, 2240, 3632, 4062, 3009, 1687, 
1487, 2652, 3900, 3843, 2585, 1467, 1728, 3080, 4043, 3603, 
2176, 1371, 2038, 3459, 4032, 3203, 1842, 1427, 2431, 3788, 
3966, 2788, 1553, 1599, 2851, 3945, 3760, 2379, 1376, 1875, 
3270, 4071, 3426, 1987, 1382, 2233, 3619, 4067, 3003, 1688, 
1504, 2652, 3899, 3867, 2604, 1471, 1722, 3081, 4044, 3577, 
2134, 1334, 2023, 3459, 4084, 3223, 1823, 1424, 2447, 3790, 
3958, 2800, 1599, 1551, 2847, 3991, 3743, 2371, 1415, 1881, 
3268, 4083, 3400, 2016, 1365, 2231, 3639, 4041, 2999, 1680, 
1481, 2651, 3896, 3871, 2595, 1496, 1760, 3091, 4060, 3581, 
2175, 1385, 2040, 3449, 4071, 3204, 1817, 1423, 2428, 3811, 
3944, 2796, 1553, 1589, 2840, 3992, 3749, 2387, 1411, 1871, 
3264, 4080, 3403, 2006, 1370, 2243, 3623, 4033, 3012, 1686, 
1495, 2608, 3838, 3839, 2593, 1469, 1726, 3079, 4062, 3584, 
2166, 1359, 2044, 3419, 4076, 3184, 1855, 1394, 2439, 3787, 
3943, 2785, 1552, 1597, 2870, 3985, 3748, 2385, 1418, 1865, 
3273, 4080, 3423, 1990, 1390, 2223, 3616, 4024, 3022, 1689, 
1507, 2675, 3888, 3864, 2599, 1472, 1724, 3084, 4039, 3579, 
2188, 1376, 2027, 3398, 4084, 3207, 1830, 1421, 2439, 3779, 
3974, 2813, 1563, 1596, 2850, 3979, 3734, 2381, 1404, 1857, 
3276, 4079, 3417, 1968, 1359, 2213, 3630, 4025, 3020, 1686, 
1491, 2640, 3872, 3873, 2579, 1458, 1727, 3062, 4057, 3588, 
2169, 1409, 2050, 3438, 4087, 3219, 1843, 1417, 2444, 3792, 
3991, 2796, 1567, 1585, 2857, 3975, 3740, 2387, 1414, 1879, 
3264, 4036, 3385, 1993, 1369, 2243, 3612, 4038, 3031, 1685, 
1524, 2628, 3883, 3876, 2593, 1467, 1729, 3062, 4031, 3596, 
2193, 1369, 2033, 3459, 4080, 3221, 1831, 1422, 2438, 3779, 
3966, 2803, 1565, 1583, 2855, 3984, 3712, 2364, 1388, 1880, 
3251, 4081, 3411, 2015, 1388, 2246, 3625, 4047, 3006, 1679, 
1481, 2644, 3889, 3852, 2604, 1448, 1716, 3072, 4033, 3575, 
2177, 1388, 2037, 3462, 4081, 3215, 1822, 1417, 2428, 3756, 
3975, 2807, 1582, 1571, 2823, 3951, 3739, 2355, 1416, 1875, 
3260, 4080, 3427, 2012, 1383, 2220, 3619, 4032, 3008, 1678, 
1451, 2649, 3884, 3843, 2595, 1476, 1727, 3059, 4051, 3576, 
2185, 1376, 2035, 3440, 4083, 3200, 1817, 1417, 2379, 3703, 
3945, 2804, 1580, 1607, 2863, 4007, 3767, 2384, 1412, 1868, 
3241, 4064, 3408, 1998, 1385, 2235, 3584, 3996, 3020, 1688, 
1472, 2643, 3902, 3875, 2580, 1454, 1731, 3066, 4044, 3585, 

  2887, 2875, 3923, 3713, 2416, 1416, 1726, 3056, 3991, 
3591, 2244, 1381, 1891, 3215, 4019, 3456, 2099, 1352, 2009, 
3364, 4030, 3312, 1953, 1363, 2131, 3496, 4015, 3166, 1827, 
1390, 2313, 3647, 3999, 3007, 1693, 1432, 2476, 3739, 3895, 
2844, 1603, 1483, 2626, 3847, 3868, 2662, 1508, 1591, 2780, 
3875, 3723, 2496, 1446, 1689, 2979, 3998, 3660, 2339, 1396, 
1804, 3139, 4031, 3535, 2188, 1372, 1958, 3296, 4060, 3409, 
2030, 1375, 2089, 3438, 4052, 3263, 1901, 1398, 2208, 3588, 
4027, 3088, 1783, 1415, 2403, 3692, 3915, 2879, 1634, 1471, 
2576, 3825, 3927, 2771, 1580, 1523, 2730, 3895, 3846, 2600, 
1475, 1643, 2899, 3983, 3745, 2423, 1437, 1759, 3070, 4020, 
3608, 2264, 1383, 1874, 3271, 4020, 3487, 2111, 1359, 2014, 
3368, 4068, 3335, 1936, 1370, 2151, 3527, 4063, 3198, 1844, 
1408, 2332, 3668, 4017, 3027, 1712, 1447, 2494, 3775, 3974, 
2867, 1611, 1511, 2653, 3867, 3884, 2685, 1526, 1600, 2819, 
3953, 3780, 2478, 1468, 1670, 2982, 3999, 3672, 2369, 1407, 
1808, 3164, 4032, 3515, 2172, 1357, 1943, 3312, 4062, 3404, 
2055, 1376, 2084, 3464, 4064, 3271, 1908, 1379, 2244, 3591, 
4038, 3120, 1775, 1431, 2420, 3727, 3992, 2960, 1662, 1478, 
2596, 3796, 3950, 2775, 1560, 1571, 2737, 3904, 3871, 2644, 
1514, 1648, 2916, 3968, 3740, 2445, 1433, 1755, 3075, 4032, 
3624, 2288, 1397, 1887, 3231, 4052, 3500, 2129, 1385, 2030, 
3395, 4083, 3347, 1992, 1371, 2178, 3523, 4084, 3168, 1848, 
1404, 2315, 3687, 4020, 3007, 1684, 1405, 2475, 3764, 3971, 
2865, 1619, 1518, 2649, 3873, 3903, 2700, 1536, 1600, 2833, 
3945, 3807, 2531, 1480, 1715, 3001, 4016, 3704, 2360, 1418, 
1816, 3156, 4068, 3554, 2165, 1401, 1919, 3296, 4063, 3420, 
2036, 1373, 2035, 3420, 4051, 3257, 1908, 1382, 2247, 3600, 
4062, 3110, 1796, 1420, 2404, 3727, 4003, 2958, 1681, 1483, 
2585, 3836, 3936, 2787, 1566, 1552, 2744, 3915, 3856, 2622, 
1495, 1649, 2947, 3975, 3735, 2455, 1436, 1759, 3084, 4068, 
3692, 2300, 1422, 1881, 3240, 4071, 3520, 2131, 1383, 2020, 
3400, 4080, 3359, 1996, 1375, 2171, 3535, 4056, 3208, 1845, 
1401, 2335, 3657, 4004, 3047, 1724, 1435, 2503, 3783, 3983, 
2811, 1633, 1492, 2651, 3876, 3901, 2739, 1580, 1611, 2844, 
3975, 3809, 2538, 1468, 1695, 3007, 4012, 3696, 2365, 1409, 
1815, 3162, 4046, 3567, 2198, 1374, 1944, 3317, 4075, 3424, 
2056, 1390, 2062, 3476, 4073, 3295, 1915, 1379, 2267, 3577, 
4076, 3132, 1731, 1400, 2351, 3699, 3999, 2947, 1683, 1475, 
2575, 3835, 3937, 2812, 1584, 1537, 2739, 3916, 3854, 2615, 
1489, 1652, 2916, 3981, 3767, 2447, 1430, 1770, 3084, 4051, 
3641, 2291, 1388, 1897, 3239, 4028, 3523, 2115, 1372, 1983, 
3334, 4068, 3341, 1969, 1384, 2175, 3538, 4067, 3204, 1850, 
1406, 2321, 3651, 4028, 3054, 1743, 1446, 2496, 3776, 3985, 
2876, 1628, 1504, 2675, 3879, 3903, 2707, 1532, 1595, 2847, 
3948, 3816, 2512, 1487, 1679, 2980, 4016, 3731, 2402, 1422, 
1808, 3156, 4033, 3565, 2213, 1375, 1951, 3323, 4078, 3440, 
2071, 1377, 2082, 3468, 4088, 3268, 1930, 1381, 2260, 3603, 
4049, 3119, 1782, 1425, 2404, 3721, 4014, 2959, 1669, 1483, 
2601, 3804, 3945, 2791, 1592, 1585, 2730, 3883, 3839, 2609, 
1483, 1648, 3123, 4064, 3553, 2142, 1374, 2097, 3499, 4081, 
3155, 1807, 1452, 2485, 3811, 3948, 2738, 1532, 1620, 2899, 
3996, 3703, 2332, 1400, 1924, 3313, 4080, 3392, 1947, 1356, 
2252, 3634, 4002, 2944, 1662, 1525, 2703, 3923, 3852, 2546, 
1446, 1761, 3118, 4060, 3543, 2140, 1352, 2096, 3481, 4059, 
3170, 1781, 1429, 2483, 3804, 3947, 2752, 1540, 1627, 2918, 
4007, 3705, 2335, 1414, 1924, 3259, 4068, 3377, 1966, 1392, 
2289, 3661, 4029, 2966, 1647, 1500, 2696, 3918, 3751, 2295, 
1388, 2516, 3904, 3831, 2507, 1445, 1763, 3243, 4075, 3436, 
2027, 1375, 2211, 3606, 4060, 3054, 1705, 1472, 2615, 3847, 
3879, 2593, 1422, 1696, 3040, 4032, 3596, 2215, 1391, 2011, 
3436, 4055, 3248, 1846, 1401, 2406, 3751, 3972, 2830, 1580, 
1571, 2820, 3974, 3763, 2416, 1425, 1838, 3238, 4080, 3456, 
2019, 1385, 2211, 3598, 4067, 3043, 1752, 1471, 2559, 3855, 
3840, 2599, 1476, 1703, 3012, 4055, 3600, 2211, 1399, 2015, 
3430, 4080, 3249, 1850, 1408, 2405, 3753, 3990, 2836, 1580, 
1566, 2824, 3964, 3759, 2399, 1411, 1847, 3232, 4064, 3444, 
2023, 1379, 2207, 3563, 4020, 2980, 1667, 1473, 2619, 3870, 
3890, 2624, 1496, 1720, 3027, 4039, 3617, 2217, 1383, 2013, 
3433, 4079, 3248, 1853, 1412, 2423, 3742, 3983, 2855, 1570, 
1574, 2811, 3964, 3763, 2403, 1407, 1843, 3251, 4046, 3414, 
1985, 1398, 2200, 3576, 4070, 3048, 1715, 1487, 2620, 3876, 
3899, 2631, 1486, 1692, 3027, 4031, 3615, 2215, 1377, 2020, 
3427, 4071, 3252, 1846, 1409, 2409, 3743, 3987, 2833, 1585, 
1571, 2823, 3966, 3768, 2440, 1433, 1763, 3199, 4044, 3439, 
2012, 1374, 2204, 3588, 4046, 3046, 1699, 1469, 2610, 3865, 
3883, 2626, 1478, 1688, 3030, 4031, 3598, 2211, 1384, 2007, 
3431, 4078, 3262, 1859, 1414, 2408, 3760, 3995, 2847, 1578, 
1595, 2837, 3968, 3760, 2414, 1392, 1825, 3241, 4067, 3425, 
2035, 1375, 2198, 3596, 4035, 3049, 1709, 1476, 2612, 3888, 
3903, 2625, 1495, 1699, 3027, 4024, 3632, 2216, 1383, 2018, 
3422, 4086, 3266, 1857, 1423, 2412, 3756, 3960, 2838, 1544, 
1542, 2773, 3966, 3761, 2403, 1419, 1836, 3228, 4064, 3431, 
2041, 1376, 2203, 3607, 4056, 3057, 1713, 1472, 2614, 3865, 
3886, 2622, 1492, 1693, 3017, 4049, 3599, 2218, 1394, 2006, 
3415, 4086, 3212, 1806, 1384, 2424, 3740, 3935, 2828, 1584, 
1565, 2815, 3969, 3766, 2422, 1419, 1848, 3246, 4080, 3456, 
2023, 1376, 2195, 3597, 4047, 3043, 1708, 1470, 2600, 3871, 
3895, 2639, 1475, 1706, 3012, 4047, 3609, 2208, 1415, 2043, 
3422, 4080, 3259, 1814, 1377, 2392, 3736, 3984, 2852, 1587, 
1575, 2824, 3971, 3771, 2428, 1420, 1843, 3232, 4078, 3443, 
2028, 1385, 2175, 3591, 4055, 3038, 1719, 1462, 2611, 3872, 
3893, 2631, 1488, 1705, 3060, 4071, 3625, 2203, 1384, 1980, 
3431, 4064, 3252, 1860, 1414, 2400, 3740, 3983, 2845, 1571, 
1575, 2806, 3964, 3766, 2412, 1416, 1848, 3227, 4071, 3433, 
2034, 1366, 2200, 3576, 4055, 3064, 1707, 1483, 2616, 3839, 
3855, 2607, 1478, 1703, 3024, 4067, 3595, 2207, 1406, 2005, 
3407, 4087, 3256, 1836, 1403, 2396, 3743, 3987, 2837, 1588, 
1571, 2816, 3975, 3747, 2434, 1404, 1824, 3216, 4067, 3447, 
2035, 1379, 2200, 3606, 4070, 3084, 1735, 1494, 2619, 3872, 

  3782, 1662, 2940, 3968, 3641, 2352, 1353, 1737, 3082, 
3987, 3518, 2164, 1380, 1920, 3268, 4023, 3399, 2035, 1367, 
2073, 3424, 4024, 3248, 1899, 1374, 2193, 3560, 3984, 3056, 
1783, 1461, 2374, 3681, 3959, 2932, 1648, 1472, 2544, 3800, 
3921, 2763, 1576, 1523, 2695, 3843, 3771, 2595, 1468, 1612, 
2868, 3956, 3713, 2424, 1425, 1749, 3054, 4017, 3636, 2271, 
1377, 1868, 3215, 4051, 3487, 2119, 1365, 2000, 3364, 3999, 
3343, 1968, 1368, 2131, 3503, 4039, 3192, 1846, 1392, 2307, 
3635, 4007, 3068, 1749, 1447, 2449, 3745, 3929, 2833, 1615, 
1509, 2648, 3847, 3881, 2702, 1533, 1598, 2803, 3943, 3773, 
2535, 1478, 1692, 2975, 3992, 3683, 2359, 1436, 1789, 3123, 
4024, 3553, 2189, 1377, 1945, 3307, 4064, 3367, 2047, 1392, 
2119, 3457, 4067, 3259, 1908, 1384, 2247, 3591, 4052, 3121, 
1783, 1417, 2421, 3708, 3999, 2956, 1658, 1474, 2552, 3815, 
3935, 2785, 1575, 1536, 2720, 3900, 3804, 2638, 1455, 1640, 
2899, 3993, 3763, 2451, 1425, 1728, 3035, 3984, 3556, 2279, 
1379, 1855, 3224, 4070, 3496, 2134, 1372, 2009, 3382, 4059, 
3358, 1980, 1384, 2158, 3525, 4083, 3206, 1838, 1406, 2307, 
3639, 4007, 3033, 1743, 1411, 2467, 3747, 3968, 2847, 1633, 
1499, 2646, 3859, 3895, 2725, 1570, 1627, 2816, 3952, 3799, 
2540, 1462, 1687, 2988, 4003, 3689, 2399, 1395, 1814, 3156, 
4048, 3567, 2207, 1374, 1934, 3311, 4071, 3428, 2067, 1374, 
2089, 3459, 4028, 3280, 1903, 1392, 2238, 3596, 4056, 3135, 
1792, 1424, 2377, 3656, 3961, 2947, 1644, 1453, 2551, 3799, 
3931, 2782, 1577, 1550, 2734, 3929, 3864, 2623, 1511, 1619, 
2892, 3987, 3751, 2470, 1433, 1756, 3057, 4046, 3651, 2283, 
1351, 1873, 3216, 4064, 3508, 2141, 1375, 2037, 3391, 4080, 
3359, 1992, 1364, 2148, 3521, 4039, 3199, 1839, 1415, 2312, 
3651, 4034, 3046, 1731, 1448, 2481, 3769, 3976, 2904, 1631, 
1505, 2662, 3858, 3903, 2695, 1551, 1575, 2779, 3983, 3783, 
2539, 1458, 1674, 2986, 4007, 3691, 2400, 1439, 1824, 3150, 
4048, 3568, 2211, 1388, 1944, 3311, 4078, 3448, 2076, 1369, 
2078, 3463, 4079, 3312, 1921, 1390, 2261, 3591, 4076, 3123, 
1800, 1405, 2406, 3704, 4000, 2956, 1648, 1481, 2547, 3824, 
3947, 2801, 1581, 1564, 2752, 3936, 3867, 2623, 1489, 1631, 
2904, 3982, 3753, 2464, 1437, 1764, 3075, 4030, 3657, 2284, 
1414, 1867, 3220, 4081, 3512, 2142, 1353, 2014, 3377, 4067, 
3358, 1992, 1376, 2163, 3587, 4068, 3215, 1855, 1404, 2317, 
3670, 4017, 3030, 1700, 1427, 2471, 3763, 4003, 2876, 1631, 
1494, 2646, 3863, 3900, 2706, 1531, 1611, 2788, 3951, 3815, 
2547, 1449, 1677, 2985, 4019, 3708, 2379, 1421, 1810, 3155, 
4052, 3587, 2251, 1367, 1944, 3303, 4063, 3440, 2073, 1324, 
2015, 3424, 4071, 3281, 1916, 1386, 2223, 3584, 4071, 3121, 
1795, 1409, 2403, 3705, 4003, 2964, 1680, 1482, 2554, 3836, 
3947, 2803, 1583, 1555, 2737, 3924, 3879, 2616, 1511, 1622, 
2834, 3983, 3761, 2452, 1446, 1744, 3109, 4062, 3680, 2316, 
1394, 1868, 3225, 4055, 3516, 2137, 1383, 2008, 3372, 4084, 
3384, 2006, 1383, 2158, 3523, 4087, 3239, 1860, 1410, 2316, 
3656, 4051, 3052, 1738, 1457, 2470, 3796, 3983, 2823, 1631, 
1523, 2652, 3868, 3903, 2760, 1569, 1618, 2815, 3939, 3815, 
2550, 1459, 1844, 3241, 4060, 3455, 2035, 1373, 2197, 3585, 
4064, 3059, 1715, 1468, 2607, 3883, 3904, 2627, 1475, 1677, 
3020, 4027, 3618, 2207, 1383, 1996, 3390, 4081, 3260, 1870, 
1391, 2377, 3721, 3971, 2867, 1583, 1545, 2808, 3979, 3783, 
2425, 1415, 1829, 3228, 4072, 3424, 2039, 1393, 2193, 3596, 
4056, 3065, 1704, 1459, 2595, 3870, 3883, 2622, 1481, 1698, 
3023, 4024, 3636, 2193, 1372, 1980, 3395, 4031, 3208, 1859, 
1419, 2383, 3736, 3987, 2837, 1583, 1571, 2875, 4016, 3598, 
1867, 1492, 2768, 3971, 3751, 2412, 1414, 1925, 3321, 4081, 
3345, 1938, 1378, 2312, 3696, 4019, 2928, 1627, 1527, 2769, 
3919, 3828, 2524, 1466, 1807, 3151, 4064, 3508, 2096, 1371, 
2108, 3527, 4068, 3143, 1769, 1444, 2518, 3817, 3911, 2719, 
1538, 1627, 2940, 4022, 3676, 2306, 1388, 1935, 3327, 4068, 
3347, 1935, 1383, 2323, 3680, 4033, 2977, 1624, 1513, 2771, 
3968, 3840, 2492, 1428, 1771, 3145, 4047, 3504, 2112, 1366, 
2102, 3528, 4075, 3138, 1762, 1448, 2526, 3830, 3935, 2726, 
1514, 1647, 2942, 4014, 3679, 2299, 1379, 1924, 3343, 4083, 
3342, 1931, 1399, 2312, 3663, 3983, 2897, 1641, 1492, 2737, 
3936, 3815, 2519, 1436, 1775, 3155, 4064, 3516, 2107, 1359, 
2129, 3534, 4083, 3151, 1771, 1443, 2531, 3824, 3923, 2728, 
1522, 1632, 2928, 4015, 3679, 2303, 1400, 1961, 3340, 4054, 
3276, 1917, 1363, 2257, 3675, 4035, 2938, 1630, 1544, 2719, 
3915, 3804, 2515, 1448, 1768, 3142, 4063, 3520, 2118, 1375, 
2119, 3529, 4067, 3147, 1761, 1439, 2521, 3819, 3929, 2712, 
1511, 1616, 2932, 3991, 3681, 2307, 1396, 1913, 3359, 4080, 
3311, 1921, 1389, 2311, 3684, 4018, 2924, 1631, 1511, 2729, 
3928, 3823, 2534, 1438, 1768, 3154, 4055, 3508, 2108, 1363, 
2115, 3518, 4073, 3135, 1756, 1438, 2499, 3816, 3934, 2712, 
1524, 1641, 2940, 4009, 3652, 2337, 1420, 1919, 3331, 4073, 
3341, 1944, 1392, 2284, 3676, 3999, 2936, 1628, 1516, 2727, 
3937, 3827, 2507, 1442, 1772, 3128, 4071, 3534, 2111, 1389, 
2116, 3507, 4064, 3133, 1771, 1458, 2519, 3825, 3932, 2728, 
1503, 1596, 2865, 3969, 3692, 2311, 1395, 1923, 3327, 4067, 
3331, 1923, 1404, 2291, 3678, 4028, 2926, 1645, 1520, 2740, 
3928, 3832, 2503, 1456, 1760, 3151, 4060, 3524, 2110, 1356, 
2101, 3513, 4043, 3134, 1793, 1443, 2515, 3772, 3915, 2691, 
1519, 1664, 2919, 4019, 3667, 2297, 1392, 1924, 3342, 4078, 
3343, 1939, 1401, 2301, 3680, 4020, 2956, 1631, 1499, 2729, 
3899, 3790, 2508, 1439, 1761, 3128, 4051, 3526, 2115, 1353, 
2109, 3521, 4073, 3147, 1799, 1490, 2505, 3814, 3926, 2719, 
1519, 1628, 2937, 4012, 3676, 2316, 1398, 1919, 3337, 4057, 
3334, 1927, 1403, 2292, 3676, 4014, 2928, 1636, 1505, 2713, 
3928, 3830, 2505, 1436, 1766, 3148, 4056, 3529, 2120, 1368, 
2119, 3551, 4047, 3147, 1759, 1431, 2498, 3815, 3968, 2732, 
1514, 1624, 2925, 3999, 3687, 2312, 1402, 1920, 3339, 4059, 
3335, 1942, 1412, 2321, 3680, 4016, 2929, 1636, 1522, 2721, 
3932, 3824, 2525, 1454, 1763, 3115, 4052, 3471, 2081, 1300, 
2084, 3512, 4065, 3143, 1766, 1446, 2496, 3823, 3899, 2719, 
1525, 1638, 2942, 4019, 3687, 2309, 1396, 1934, 3328, 4083, 
3340, 1929, 1396, 2294, 3670, 4007, 2968, 1628, 1502, 2705, 

  2491, 3312, 1968, 1372, 2127, 3473, 4017, 3171, 1772, 
1375, 2258, 3599, 3996, 3007, 1716, 1430, 2433, 3734, 3942, 
2859, 1612, 1486, 2606, 3822, 3857, 2689, 1502, 1567, 2782, 
3912, 3768, 2536, 1461, 1679, 2955, 3972, 3710, 2395, 1420, 
1790, 3072, 4004, 3571, 2188, 1367, 1911, 3301, 4043, 3410, 
2040, 1360, 2066, 3440, 4050, 3266, 1937, 1359, 2214, 3559, 
4031, 3121, 1785, 1400, 2383, 3686, 3983, 2959, 1694, 1462, 
2540, 3823, 3923, 2783, 1579, 1564, 2726, 3881, 3830, 2630, 
1491, 1629, 2868, 3952, 3763, 2404, 1424, 1745, 3047, 4012, 
3631, 2296, 1396, 1851, 3212, 4054, 3500, 2136, 1371, 2006, 
3356, 4071, 3352, 1983, 1374, 2156, 3495, 4055, 3206, 1849, 
1400, 2302, 3628, 4025, 3056, 1712, 1449, 2448, 3747, 3975, 
2862, 1623, 1495, 2652, 3848, 3896, 2732, 1539, 1598, 2780, 
3928, 3800, 2549, 1459, 1703, 2968, 3996, 3692, 2377, 1415, 
1809, 3134, 4052, 3576, 2195, 1382, 1907, 3268, 4071, 3424, 
2062, 1340, 2051, 3439, 4057, 3286, 1927, 1380, 2216, 3568, 
4049, 3167, 1788, 1415, 2391, 3707, 4012, 2969, 1683, 1471, 
2547, 3807, 3952, 2812, 1579, 1523, 2742, 3905, 3859, 2627, 
1507, 1628, 2896, 3992, 3766, 2467, 1430, 1776, 3096, 4047, 
3637, 2297, 1389, 1865, 3211, 4062, 3516, 2151, 1375, 1992, 
3328, 4052, 3359, 1980, 1368, 2126, 3487, 4068, 3207, 1864, 
1383, 2302, 3643, 4051, 3047, 1727, 1435, 2467, 3779, 4000, 
2893, 1650, 1505, 2638, 3858, 3918, 2727, 1537, 1580, 2791, 
3936, 3806, 2552, 1476, 1688, 2939, 4015, 3704, 2423, 1405, 
1801, 3125, 4060, 3591, 2231, 1393, 1917, 3308, 4062, 3449, 
2089, 1368, 2083, 3427, 4080, 3300, 1939, 1385, 2214, 3579, 
4076, 3140, 1792, 1423, 2364, 3719, 3987, 2979, 1692, 1482, 
2571, 3820, 3952, 2814, 1591, 1544, 2780, 3900, 3875, 2649, 
1518, 1624, 2892, 3979, 3772, 2470, 1448, 1742, 3068, 4027, 
3635, 2302, 1394, 1854, 3215, 4031, 3523, 2145, 1360, 1975, 
3352, 4041, 3360, 2007, 1380, 2152, 3504, 4080, 3239, 1836, 
1385, 2314, 3641, 4043, 3107, 1730, 1448, 2471, 3759, 3988, 
2893, 1647, 1504, 2635, 3880, 3918, 2706, 1547, 1571, 2801, 
3940, 3824, 2568, 1481, 1695, 2975, 4015, 3751, 2435, 1431, 
1792, 3135, 4031, 3599, 2232, 1379, 1911, 3294, 4068, 3462, 
2078, 1383, 2027, 3448, 4067, 3288, 1928, 1376, 2240, 3575, 
4057, 3129, 1813, 1416, 2380, 3712, 4000, 2987, 1695, 1473, 
2559, 3815, 3955, 2807, 1590, 1542, 2729, 3911, 3868, 2623, 
1491, 1633, 2899, 3987, 3784, 2507, 1447, 1737, 3064, 4038, 
3615, 2311, 1393, 1868, 3227, 4060, 3518, 2151, 1374, 1979, 
3372, 4059, 3374, 2010, 1391, 2140, 3528, 4078, 3224, 1873, 
1403, 2305, 3622, 4036, 3031, 1699, 1452, 2467, 3767, 3977, 
2896, 1635, 1504, 2636, 3864, 3918, 2743, 1550, 1604, 2792, 
3955, 3840, 2560, 1479, 1695, 2968, 4009, 3718, 2392, 1422, 
1803, 3131, 4055, 3584, 2244, 1389, 1921, 3304, 4079, 3457, 
2019, 1303, 2047, 3427, 4068, 3295, 1945, 1384, 2238, 3584, 
4060, 3147, 1804, 1419, 2400, 3710, 4047, 2984, 1694, 1487, 
2543, 3832, 3955, 2814, 1612, 1537, 2718, 3911, 3888, 2656, 
1501, 1629, 2887, 3969, 3787, 2492, 1426, 1763, 3087, 4030, 
3663, 2316, 1413, 1853, 3209, 4067, 3526, 2156, 1377, 2019, 
3379, 4087, 3200, 1816, 1468, 2467, 3776, 3971, 2771, 1548, 
1606, 2879, 3980, 3710, 2349, 1388, 1904, 3278, 4078, 3403, 
1991, 1380, 2269, 3647, 4028, 2995, 1684, 1502, 2662, 3913, 
3852, 2557, 1441, 1745, 3086, 4036, 3576, 2151, 1380, 2068, 
3487, 4087, 3187, 1804, 1424, 2469, 3776, 3936, 2780, 1548, 
1607, 2887, 3998, 3712, 2372, 1395, 1897, 3296, 4080, 3407, 
1973, 1358, 2254, 3639, 4011, 2977, 1658, 1490, 2667, 3905, 
3847, 2569, 1460, 1760, 3089, 4065, 3567, 2102, 1398, 2285, 
3916, 3676, 2185, 1370, 2072, 3496, 4067, 3064, 1719, 1503, 
2608, 3847, 3891, 2652, 1494, 1683, 3043, 4060, 3670, 2226, 
1387, 1968, 3399, 4068, 3251, 1865, 1413, 2376, 3743, 3980, 
2876, 1593, 1568, 2804, 3963, 3755, 2444, 1408, 1829, 3233, 
4063, 3447, 2036, 1380, 2168, 3580, 4064, 3068, 1724, 1468, 
2595, 3864, 3911, 2591, 1432, 1631, 2995, 4015, 3620, 2233, 
1377, 1987, 3407, 4075, 3279, 1886, 1420, 2359, 3736, 3996, 
2854, 1604, 1613, 2791, 3963, 3785, 2432, 1417, 1819, 3206, 
4060, 3435, 2041, 1387, 2179, 3575, 4067, 3071, 1721, 1438, 
2561, 3833, 3889, 2662, 1503, 1679, 2985, 4032, 3631, 2224, 
1379, 1993, 3408, 4087, 3279, 1875, 1408, 2387, 3747, 3968, 
2876, 1609, 1530, 2799, 3952, 3768, 2439, 1417, 1823, 3211, 
4071, 3444, 2059, 1361, 2180, 3568, 4060, 3079, 1715, 1452, 
2575, 3855, 3897, 2664, 1490, 1681, 3015, 4044, 3630, 2221, 
1382, 1990, 3396, 4084, 3270, 1876, 1345, 2383, 3721, 3971, 
2857, 1583, 1549, 2796, 3948, 3777, 2443, 1433, 1830, 3220, 
4072, 3473, 2096, 1416, 2208, 3566, 4047, 3064, 1722, 1469, 
2581, 3859, 3886, 2657, 1494, 1685, 3009, 4024, 3623, 2240, 
1383, 1983, 3409, 4048, 3279, 1870, 1404, 2379, 3715, 3985, 
2876, 1598, 1564, 2803, 3968, 3776, 2446, 1438, 1825, 3169, 
4024, 3425, 2051, 1369, 2176, 3584, 4056, 3071, 1711, 1452, 
2576, 3868, 3928, 2660, 1496, 1682, 3009, 4035, 3632, 2243, 
1319, 1979, 3399, 4084, 3268, 1877, 1412, 2367, 3739, 4000, 
2857, 1595, 1567, 2799, 3979, 3761, 2424, 1383, 1803, 3210, 
4059, 3448, 2049, 1379, 2167, 3568, 4047, 3075, 1724, 1472, 
2593, 3863, 3934, 2647, 1507, 1670, 2995, 4028, 3643, 2232, 
1385, 1992, 3391, 4080, 3276, 1873, 1408, 2371, 3764, 3988, 
2843, 1590, 1579, 2785, 3964, 3767, 2444, 1424, 1823, 3198, 
4068, 3459, 2056, 1380, 2170, 3580, 4084, 3075, 1740, 1500, 
2572, 3865, 3889, 2660, 1431, 1673, 3011, 4020, 3628, 2211, 
1387, 1997, 3385, 4083, 3288, 1891, 1418, 2369, 3775, 4059, 
2883, 1593, 1551, 2776, 3966, 3793, 2455, 1436, 1839, 3208, 
4078, 3467, 2041, 1390, 2172, 3572, 4083, 3068, 1707, 1454, 
2585, 3800, 3902, 2669, 1485, 1681, 3000, 4028, 3635, 2241, 
1388, 1976, 3419, 4086, 3272, 1835, 1348, 2357, 3723, 4001, 
2873, 1606, 1548, 2775, 3947, 3787, 2460, 1433, 1816, 3196, 
4067, 3452, 2056, 1381, 2182, 3581, 4059, 3087, 1671, 1459, 
2584, 3838, 3900, 2657, 1490, 1679, 3010, 4032, 3635, 2254, 
1384, 1991, 3438, 4083, 3286, 1891, 1422, 2372, 3728, 3992, 
2872, 1591, 1542, 2788, 3959, 3785, 2451, 1439, 1829, 3212, 
4071, 3456, 2047, 1375, 2175, 3524, 4057, 3084, 1715, 1465, 
2587, 3875, 3928, 2667, 1491, 1676, 2997, 4032, 3607, 2186, 
END

  2761, 3299, 4016, 3367, 2001, 1360, 2059, 3440, 4015, 
3206, 1868, 1371, 2250, 3569, 3987, 3062, 1740, 1416, 2407, 
3700, 3948, 2883, 1635, 1473, 2573, 3803, 3886, 2723, 1549, 
1563, 2746, 3886, 3803, 2563, 1460, 1659, 2929, 3944, 3680, 
2389, 1414, 1767, 3088, 4001, 3564, 2250, 1376, 1894, 3230, 
4033, 3443, 2091, 1374, 2032, 3392, 4035, 3302, 1955, 1363, 
2179, 3531, 4031, 3153, 1809, 1404, 2345, 3654, 3979, 2979, 
1688, 1476, 2526, 3775, 3939, 2828, 1603, 1523, 2719, 3856, 
3864, 2652, 1518, 1620, 2839, 3942, 3763, 2484, 1444, 1707, 
3007, 3996, 3656, 2337, 1400, 1823, 3164, 4036, 3535, 2183, 
1392, 1945, 3333, 4063, 3388, 2030, 1376, 2115, 3465, 4080, 
3251, 1916, 1391, 2279, 3598, 4023, 3065, 1719, 1427, 2400, 
3721, 3985, 2910, 1653, 1487, 2595, 3827, 3903, 2760, 1545, 
1575, 2776, 3903, 3827, 2571, 1472, 1648, 2929, 3977, 3711, 
2413, 1429, 1764, 3093, 4031, 3599, 2255, 1423, 1900, 3267, 
4047, 3469, 2102, 1372, 2036, 3369, 4061, 3296, 1958, 1392, 
2167, 3539, 4055, 3163, 1827, 1416, 2335, 3668, 4007, 3004, 
1711, 1463, 2531, 3777, 3944, 2846, 1607, 1528, 2681, 3867, 
3873, 2656, 1516, 1579, 2846, 3947, 3777, 2496, 1475, 1711, 
2987, 4012, 3644, 2342, 1408, 1852, 3175, 4043, 3535, 2184, 
1369, 1970, 3331, 4065, 3396, 2035, 1379, 2110, 3484, 4060, 
3248, 1902, 1404, 2272, 3601, 4039, 3069, 1763, 1420, 2419, 
3715, 3960, 2878, 1608, 1446, 2595, 3844, 3919, 2774, 1559, 
1516, 2766, 3911, 3822, 2584, 1487, 1666, 2926, 3984, 3716, 
2424, 1432, 1767, 3086, 4030, 3612, 2254, 1399, 1916, 3270, 
4060, 3464, 2101, 1363, 2038, 3412, 4075, 3324, 1963, 1334, 
2131, 3512, 4044, 3174, 1839, 1411, 2355, 3681, 4040, 2987, 
1701, 1458, 2507, 3783, 3960, 2825, 1600, 1515, 2665, 3886, 
3860, 2670, 1500, 1609, 2846, 3964, 3771, 2518, 1464, 1719, 
3019, 4020, 3670, 2338, 1408, 1848, 3172, 4068, 3528, 2168, 
1381, 1963, 3334, 4065, 3403, 2020, 1388, 2092, 3488, 4052, 
3244, 1872, 1405, 2249, 3614, 4055, 3095, 1777, 1415, 2424, 
3724, 4003, 2921, 1667, 1480, 2599, 3832, 3927, 2764, 1565, 
1560, 2756, 3918, 3832, 2593, 1475, 1643, 2940, 3948, 3735, 
2444, 1417, 1767, 3094, 4001, 3612, 2268, 1383, 1895, 3248, 
4067, 3468, 2111, 1375, 2046, 3401, 4067, 3316, 1968, 1365, 
2187, 3544, 4065, 3174, 1819, 1419, 2324, 3679, 4023, 2996, 
1692, 1460, 2492, 3792, 3950, 2837, 1617, 1524, 2699, 3888, 
3881, 2681, 1481, 1612, 2844, 3964, 3793, 2515, 1456, 1706, 
3012, 4015, 3667, 2347, 1398, 1828, 3180, 4028, 3555, 2201, 
1372, 1995, 3340, 4060, 3399, 2046, 1376, 2063, 3425, 4041, 
3257, 1891, 1398, 2255, 3622, 4043, 3099, 1769, 1432, 2396, 
3734, 3976, 2927, 1648, 1474, 2595, 3824, 3911, 2758, 1571, 
1548, 2731, 3916, 3836, 2595, 1495, 1649, 2919, 3987, 3732, 
2433, 1429, 1776, 3120, 4065, 3633, 2257, 1376, 1900, 3256, 
4060, 3475, 2115, 1382, 2046, 3404, 4075, 3355, 1945, 1375, 
2181, 3532, 4056, 3166, 1839, 1415, 2350, 3672, 4036, 3017, 
1715, 1457, 2519, 3791, 3955, 2855, 1614, 1524, 2686, 3887, 
3932, 2713, 1537, 1614, 2825, 3952, 3764, 2514, 1460, 1712, 
3027, 4017, 3652, 2345, 1417, 1884, 3164, 4051, 3538, 2191, 
1383, 1968, 3512, 4078, 3151, 1767, 1441, 2505, 3801, 3931, 
2727, 1521, 1639, 2920, 4006, 3655, 2287, 1404, 1905, 3355, 
4056, 3327, 1925, 1379, 2294, 3659, 4019, 2939, 1639, 1521, 
2729, 3927, 3768, 2511, 1452, 1759, 3137, 4039, 3523, 2112, 
1373, 2108, 3502, 4049, 3148, 1794, 1434, 2494, 3825, 3939, 
2707, 1527, 1620, 2926, 3979, 3665, 2292, 1380, 1919, 3327, 
4067, 3339, 1932, 1388, 2314, 3662, 4015, 2928, 1644, 1483, 
2716, 3916, 3808, 2514, 1456, 1780, 3115, 4064, 3385, 1903, 
1519, 2975, 4054, 3527, 2100, 1371, 2110, 3608, 4019, 2982, 
1626, 1473, 2639, 3884, 3860, 2609, 1477, 1706, 3048, 4040, 
3587, 2216, 1360, 2047, 3431, 4088, 3224, 1811, 1422, 2428, 
3758, 3945, 2800, 1564, 1586, 2844, 3963, 3734, 2393, 1422, 
1867, 3257, 4047, 3407, 2001, 1320, 2163, 3588, 4039, 3031, 
1686, 1468, 2631, 3876, 3868, 2604, 1479, 1718, 3059, 4036, 
3590, 2201, 1324, 2031, 3435, 4039, 3207, 1825, 1422, 2430, 
3756, 3958, 2815, 1572, 1580, 2847, 3969, 3731, 2390, 1426, 
1854, 3254, 4060, 3411, 2000, 1376, 2211, 3592, 4017, 3024, 
1681, 1496, 2632, 3888, 3867, 2604, 1481, 1703, 3052, 4073, 
3566, 2193, 1381, 2028, 3440, 4067, 3216, 1825, 1419, 2435, 
3744, 3953, 2815, 1550, 1600, 2835, 3983, 3727, 2412, 1421, 
1870, 3248, 4048, 3393, 1999, 1382, 2212, 3619, 4044, 3020, 
1690, 1484, 2639, 3875, 3857, 2553, 1418, 1718, 3030, 4032, 
3596, 2182, 1375, 2023, 3440, 4071, 3235, 1839, 1410, 2427, 
3740, 3967, 2811, 1600, 1608, 2857, 3968, 3724, 2377, 1409, 
1860, 3263, 4075, 3438, 1993, 1372, 2217, 3619, 4046, 3027, 
1700, 1495, 2590, 3836, 3863, 2583, 1475, 1702, 3040, 4033, 
3584, 2188, 1373, 2028, 3441, 4080, 3231, 1839, 1406, 2461, 
3775, 3996, 2808, 1578, 1582, 2851, 3996, 3747, 2391, 1420, 
1863, 3229, 4059, 3412, 2018, 1376, 2220, 3623, 4047, 3031, 
1652, 1475, 2628, 3871, 3863, 2584, 1473, 1695, 3035, 4039, 
3586, 2200, 1384, 2018, 3443, 4080, 3252, 1867, 1451, 2409, 
3751, 3980, 2813, 1572, 1576, 2841, 3967, 3740, 2400, 1412, 
1865, 3241, 4060, 3420, 2016, 1380, 2215, 3584, 4019, 3011, 
1681, 1487, 2620, 3883, 3889, 2590, 1463, 1709, 3047, 4032, 
3588, 2198, 1371, 1987, 3383, 4047, 3231, 1840, 1414, 2420, 
3753, 3965, 2803, 1580, 1568, 2844, 3966, 3747, 2399, 1412, 
1864, 3229, 4067, 3416, 1967, 1366, 2175, 3597, 4023, 3028, 
1695, 1482, 2646, 3884, 3876, 2617, 1472, 1712, 3046, 4054, 
3608, 2196, 1385, 2025, 3420, 4059, 3228, 1839, 1422, 2419, 
3756, 3945, 2795, 1569, 1567, 2833, 3956, 3739, 2383, 1415, 
1865, 3308, 4064, 3417, 2007, 1394, 2215, 3590, 4012, 3024, 
1682, 1481, 2628, 3888, 3870, 2599, 1469, 1686, 3046, 4022, 
3580, 2168, 1381, 2028, 3432, 4076, 3225, 1850, 1419, 2411, 
3751, 3968, 2832, 1583, 1582, 2838, 3968, 3743, 2366, 1413, 
1839, 3237, 4047, 3408, 2009, 1385, 2202, 3599, 4046, 3016, 
1678, 1479, 2579, 3835, 3831, 2599, 1470, 1706, 3062, 4039, 
3595, 2198, 1374, 2019, 3436, 4081, 3224, 1847, 1416, 2405, 
3756, 3969, 2828, 1560, 1592, 2876, 3945, 3727, 2359, 1376, 
1854, 3239, 4064, 3411, 2020, 1378, 2209, 3603, 4083, 3063, 
1708, 1486, 2615, 3871, 3871, 2611, 1478, 1707, 3040, 4032, 

  2850, 3216, 4031, 3407, 2060, 1370, 2018, 3380, 4047, 
3287, 1914, 1309, 2124, 3499, 4004, 3135, 1808, 1404, 2345, 
3636, 3985, 2943, 1679, 1453, 2515, 3761, 3921, 2809, 1592, 
1518, 2667, 3865, 3841, 2639, 1511, 1629, 2822, 3932, 3744, 
2467, 1439, 1712, 3006, 3983, 3647, 2321, 1395, 1848, 3215, 
4067, 3551, 2160, 1366, 1957, 3319, 4062, 3380, 1994, 1372, 
2112, 3479, 4039, 3235, 1871, 1396, 2280, 3595, 4027, 3068, 
1751, 1421, 2429, 3720, 4028, 2875, 1624, 1476, 2587, 3831, 
3904, 2721, 1551, 1568, 2767, 3921, 3808, 2605, 1507, 1689, 
2935, 3988, 3705, 2391, 1389, 1768, 3096, 4027, 3575, 2246, 
1388, 1897, 3256, 4054, 3449, 2092, 1371, 2063, 3416, 4059, 
3315, 1950, 1423, 2179, 3537, 4035, 3148, 1810, 1413, 2353, 
3673, 4015, 2988, 1703, 1447, 2475, 3743, 3918, 2809, 1582, 
1518, 2686, 3875, 3859, 2656, 1502, 1607, 2838, 3959, 3763, 
2487, 1443, 1725, 3022, 4012, 3663, 2326, 1401, 1831, 3192, 
4049, 3524, 2179, 1368, 1972, 3355, 4071, 3391, 2038, 1367, 
2121, 3487, 4088, 3279, 1893, 1394, 2249, 3585, 4032, 3072, 
1737, 1427, 2433, 3742, 3984, 2912, 1656, 1489, 2609, 3849, 
3915, 2758, 1555, 1571, 2775, 3911, 3836, 2582, 1434, 1667, 
2939, 3972, 3712, 2412, 1436, 1782, 3107, 4048, 3608, 2233, 
1395, 1873, 3263, 4071, 3470, 2092, 1367, 2051, 3406, 4071, 
3324, 1951, 1382, 2194, 3558, 4063, 3161, 1833, 1409, 2359, 
3692, 4032, 3003, 1707, 1454, 2523, 3734, 3969, 2832, 1587, 
1527, 2673, 3879, 3863, 2670, 1526, 1611, 2849, 3988, 3796, 
2492, 1465, 1728, 3031, 4033, 3672, 2321, 1413, 1825, 3203, 
4064, 3544, 2179, 1372, 1980, 3347, 4076, 3399, 2033, 1385, 
2111, 3495, 4067, 3243, 1844, 1377, 2279, 3599, 4035, 3067, 
1769, 1425, 2424, 3752, 3982, 2902, 1653, 1467, 2609, 3836, 
3921, 2760, 1554, 1564, 2780, 3918, 3832, 2573, 1482, 1668, 
2943, 4004, 3740, 2424, 1427, 1783, 3108, 4041, 3614, 2249, 
1373, 1924, 3229, 4076, 3484, 2105, 1359, 2075, 3424, 4081, 
3347, 1966, 1403, 2231, 3601, 4076, 3166, 1831, 1400, 2344, 
3687, 4022, 3001, 1709, 1456, 2522, 3798, 3948, 2840, 1607, 
1543, 2684, 3899, 3900, 2672, 1494, 1621, 2854, 3969, 3771, 
2515, 1452, 1716, 3036, 3994, 3672, 2321, 1415, 1845, 3183, 
3999, 3491, 2166, 1381, 1975, 3348, 4083, 3397, 2019, 1374, 
2126, 3477, 4077, 3239, 1875, 1398, 2264, 3633, 4063, 3083, 
1780, 1431, 2437, 3727, 4006, 2915, 1676, 1478, 2627, 3847, 
3911, 2771, 1559, 1570, 2767, 3936, 3844, 2579, 1484, 1640, 
2923, 4007, 3731, 2437, 1447, 1759, 3113, 4044, 3608, 2254, 
1388, 1905, 3279, 4083, 3496, 2094, 1394, 2028, 3430, 4084, 
3341, 1948, 1379, 2192, 3544, 4056, 3166, 1834, 1401, 2380, 
3683, 4019, 3009, 1711, 1466, 2512, 3780, 3948, 2819, 1603, 
1532, 2681, 3896, 3887, 2683, 1511, 1608, 2860, 3971, 3784, 
2499, 1442, 1714, 3028, 4025, 3672, 2340, 1406, 1840, 3197, 
4073, 3539, 2136, 1383, 1991, 3318, 4071, 3395, 2032, 1384, 
2115, 3497, 4089, 3287, 1897, 1388, 2264, 3632, 4049, 3096, 
1769, 1439, 2435, 3755, 3990, 2924, 1651, 1494, 2603, 3848, 
3937, 2766, 1552, 1587, 2767, 3935, 3839, 2604, 1483, 1672, 
2940, 3992, 3729, 2376, 1421, 1761, 3096, 4039, 3633, 2245, 
1337, 1836, 3425, 4083, 3215, 1827, 1422, 2439, 3775, 3952, 
2784, 1564, 1595, 2857, 3975, 3735, 2377, 1409, 1868, 3284, 
4083, 3411, 1988, 1377, 2227, 3619, 4035, 3015, 1683, 1487, 
2628, 3883, 3839, 2587, 1473, 1719, 3123, 4071, 3632, 2195, 
1374, 2047, 3468, 4083, 3228, 1827, 1433, 2431, 3768, 3967, 
2803, 1561, 1587, 2868, 3974, 3747, 2387, 1402, 1869, 3265, 
4075, 3400, 1991, 1383, 2223, 3630, 4028, 2975, 1666, 1465, 
2641, 3896, 3847, 2561, 1446, 1708, 3067, 4064, 3475, 1955, 
1480, 2891, 4020, 3585, 2172, 1371, 2064, 3552, 4079, 3086, 
1744, 1458, 2572, 3856, 3912, 2675, 1502, 1666, 3011, 4022, 
3655, 2259, 1383, 2024, 3361, 4079, 3296, 1892, 1371, 2278, 
3673, 3976, 2878, 1614, 1539, 2764, 3948, 3795, 2468, 1429, 
1805, 3193, 4070, 3478, 2064, 1398, 2147, 3567, 4078, 3093, 
1734, 1461, 2566, 3852, 3920, 2675, 1500, 1656, 2982, 4016, 
3663, 2255, 1379, 1953, 3400, 4088, 3330, 1896, 1401, 2352, 
3703, 3987, 2892, 1615, 1550, 2760, 3943, 3800, 2467, 1428, 
1817, 3176, 4063, 3486, 2072, 1382, 2148, 3563, 4046, 3097, 
1743, 1467, 2559, 3845, 3903, 2673, 1496, 1691, 2961, 4022, 
3660, 2291, 1404, 1986, 3361, 4060, 3299, 1895, 1400, 2348, 
3694, 4015, 2883, 1615, 1543, 2758, 3953, 3790, 2472, 1440, 
1808, 3192, 4072, 3494, 2078, 1381, 2151, 3552, 4044, 3100, 
1745, 1463, 2557, 3844, 3955, 2663, 1505, 1668, 3004, 4047, 
3657, 2267, 1384, 1968, 3376, 4084, 3303, 1902, 1413, 2355, 
3702, 3996, 2887, 1616, 1542, 2771, 3948, 3795, 2462, 1436, 
1798, 3176, 4071, 3487, 2067, 1366, 2134, 3552, 4063, 3099, 
1739, 1399, 2567, 3865, 3943, 2729, 1493, 1678, 2980, 4011, 
3657, 2272, 1391, 1980, 3372, 4076, 3307, 1897, 1399, 2356, 
3709, 4023, 2908, 1607, 1534, 2776, 3947, 3800, 2486, 1443, 
1802, 3184, 4068, 3496, 2073, 1370, 2140, 3549, 4047, 3073, 
1726, 1449, 2560, 3855, 3928, 2687, 1504, 1656, 2988, 4020, 
3641, 2270, 1391, 1964, 3379, 4083, 3315, 1910, 1394, 2353, 
3721, 4007, 2904, 1612, 1551, 2767, 3964, 3799, 2475, 1435, 
1803, 3177, 4060, 3476, 2071, 1329, 2156, 3584, 4086, 3103, 
1738, 1465, 2559, 3820, 3916, 2694, 1507, 1665, 2979, 4023, 
3647, 2266, 1390, 1968, 3367, 4083, 3299, 1895, 1400, 2348, 
3712, 3996, 2889, 1603, 1540, 2776, 3936, 3787, 2471, 1413, 
1803, 3195, 3992, 3491, 2079, 1370, 2160, 3572, 4043, 3107, 
1747, 1453, 2552, 3855, 3911, 2688, 1494, 1672, 2975, 4036, 
3657, 2279, 1396, 1967, 3383, 4076, 3318, 1909, 1404, 2340, 
3710, 3999, 2892, 1605, 1556, 2753, 3952, 3779, 2494, 1425, 
1820, 3187, 4070, 3483, 2064, 1375, 2151, 3556, 4073, 3112, 
1754, 1451, 2559, 3840, 3923, 2683, 1516, 1657, 2973, 4020, 
3660, 2276, 1387, 1957, 3375, 4083, 3305, 1893, 1395, 2332, 
3721, 3992, 2904, 1621, 1534, 2716, 3888, 3775, 2483, 1433, 
1804, 3176, 4067, 3507, 2075, 1361, 2141, 3552, 4063, 3112, 
1750, 1456, 2551, 3844, 3929, 2676, 1500, 1663, 2975, 4022, 
3662, 2275, 1395, 1960, 3376, 4080, 3303, 1891, 1387, 2343, 
3697, 3990, 2915, 1636, 1557, 2746, 3964, 3791, 2483, 1439, 
1807, 3192, 4065, 3487, 2095, 1383, 2141, 3559, 4071, 3095, 
1740, 1448, 2545, 3840, 3920, 2696, 1508, 1660, 2969, 4015, 

  1551, 3751, 2489, 1449, 1670, 2982, 3967, 3641, 2324, 
1393, 1804, 3135, 4008, 3524, 2180, 1374, 1936, 3283, 4035, 
3376, 2020, 1358, 2068, 3441, 4020, 3230, 1913, 1340, 2201, 
3542, 3969, 3073, 1781, 1421, 2384, 3700, 3955, 2940, 1633, 
1479, 2550, 3803, 3900, 2747, 1552, 1550, 2742, 3895, 3823, 
2592, 1480, 1656, 2899, 3958, 3718, 2418, 1425, 1759, 3072, 
4014, 3587, 2270, 1388, 1861, 3268, 3996, 3457, 2135, 1388, 
2031, 3375, 4032, 3327, 1969, 1357, 2172, 3516, 4044, 3183, 
1824, 1399, 2321, 3652, 4016, 3012, 1712, 1447, 2484, 3761, 
3949, 2844, 1605, 1505, 2659, 3855, 3871, 2686, 1523, 1596, 
2807, 3927, 3795, 2547, 1414, 1672, 2974, 3956, 3703, 2345, 
1419, 1817, 3164, 4043, 3551, 2185, 1374, 1945, 3319, 4073, 
3400, 2024, 1377, 2094, 3468, 4056, 3251, 1895, 1381, 2251, 
3601, 4035, 3107, 1775, 1425, 2410, 3726, 3999, 2919, 1665, 
1488, 2525, 3827, 3932, 2753, 1575, 1554, 2740, 3903, 3838, 
2613, 1479, 1648, 2915, 3979, 3747, 2444, 1428, 1757, 3076, 
4025, 3622, 2278, 1385, 1879, 3244, 4059, 3487, 2111, 1372, 
2027, 3393, 4071, 3332, 1987, 1386, 2160, 3567, 4057, 3207, 
1836, 1336, 2291, 3652, 3996, 3004, 1717, 1444, 2499, 3780, 
3964, 2849, 1624, 1519, 2662, 3871, 3894, 2686, 1520, 1590, 
2831, 3955, 3815, 2521, 1459, 1691, 2992, 4022, 3688, 2375, 
1420, 1795, 3164, 4039, 3548, 2201, 1376, 1924, 3315, 4019, 
3443, 2060, 1369, 2104, 3475, 4067, 3287, 1913, 1385, 2248, 
3608, 4044, 3113, 1785, 1430, 2416, 3735, 3992, 2947, 1671, 
1484, 2579, 3835, 3947, 2793, 1566, 1544, 2744, 3916, 3859, 
2620, 1487, 1648, 2921, 3990, 3713, 2403, 1384, 1757, 3089, 
4030, 3632, 2272, 1389, 1888, 3257, 4072, 3504, 2121, 1370, 
2028, 3388, 4070, 3343, 1974, 1369, 2151, 3534, 4071, 3168, 
1836, 1401, 2321, 3667, 4027, 3041, 1724, 1457, 2499, 3790, 
3968, 2878, 1601, 1480, 2609, 3875, 3863, 2692, 1520, 1568, 
2857, 3964, 3804, 2534, 1468, 1708, 3003, 4016, 3696, 2361, 
1401, 1820, 3167, 4030, 3548, 2195, 1384, 1942, 3315, 4080, 
3439, 2044, 1376, 2105, 3471, 4076, 3280, 1914, 1380, 2275, 
3625, 4086, 3159, 1777, 1409, 2433, 3699, 4003, 2956, 1657, 
1491, 2580, 3839, 3939, 2793, 1576, 1553, 2753, 3927, 3809, 
2604, 1484, 1645, 2913, 3990, 3751, 2450, 1451, 1763, 3087, 
4039, 3617, 2286, 1401, 1891, 3260, 4078, 3520, 2124, 1363, 
2041, 3355, 4070, 3344, 1972, 1390, 2174, 3516, 4078, 3196, 
1848, 1397, 2323, 3655, 4041, 3015, 1731, 1454, 2499, 3788, 
3987, 2866, 1623, 1522, 2682, 3884, 3907, 2699, 1532, 1598, 
2831, 3959, 3807, 2539, 1475, 1744, 3020, 4035, 3728, 2334, 
1420, 1811, 3144, 4062, 3578, 2207, 1368, 1955, 3316, 4062, 
3420, 2049, 1387, 2102, 3480, 4079, 3279, 1916, 1391, 2247, 
3612, 4056, 3111, 1786, 1432, 2416, 3744, 4003, 2959, 1663, 
1469, 2600, 3871, 3948, 2797, 1566, 1513, 2773, 3911, 3833, 
2627, 1480, 1625, 2926, 3991, 3763, 2456, 1441, 1761, 3091, 
4052, 3627, 2280, 1406, 1887, 3239, 4068, 3511, 2135, 1392, 
2016, 3393, 4078, 3353, 1999, 1374, 2175, 3544, 4046, 3176, 
1792, 1390, 2328, 3663, 4073, 3047, 1740, 1477, 2505, 3768, 
3974, 2872, 1622, 1528, 2657, 3892, 3918, 2707, 1520, 1601, 
2819, 3960, 3653, 2284, 1385, 1950, 3355, 4086, 3324, 1910, 
1399, 2335, 3700, 4001, 2921, 1635, 1537, 2724, 3926, 3804, 
2486, 1429, 1729, 3158, 4054, 3500, 2091, 1369, 2129, 3544, 
4059, 3126, 1748, 1449, 2536, 3824, 3911, 2684, 1517, 1646, 
2967, 4016, 3672, 2295, 1391, 1950, 3360, 4080, 3320, 1919, 
1401, 2351, 3721, 4008, 2892, 1595, 1504, 2727, 3943, 3787, 
2473, 1460, 1793, 3175, 4059, 3511, 2092, 1374, 2139, 3543, 
4063, 3124, 1771, 1459, 2540, 3829, 3935, 2635, 1470, 1823, 
3547, 4003, 2740, 1496, 1670, 2960, 4035, 3609, 2201, 1387, 
2031, 3456, 4051, 3196, 1816, 1443, 2446, 3751, 3958, 2778, 
1548, 1597, 2868, 3995, 3724, 2380, 1401, 1883, 3272, 4080, 
3399, 1984, 1374, 2248, 3622, 4032, 2997, 1689, 1485, 2668, 
3900, 3865, 2583, 1427, 1657, 3059, 4035, 3571, 2172, 1375, 
2052, 3480, 4088, 3203, 1799, 1427, 2449, 3776, 3967, 2791, 
1547, 1587, 2872, 3988, 3738, 2384, 1409, 1884, 3271, 4079, 
3398, 1980, 1378, 2252, 3635, 4019, 2992, 1671, 1490, 2655, 
3923, 3883, 2579, 1452, 1702, 3079, 4055, 3573, 2201, 1373, 
2062, 3441, 4078, 3212, 1814, 1430, 2455, 3788, 3960, 2784, 
1560, 1599, 2860, 3987, 3724, 2360, 1395, 1872, 3272, 4079, 
3400, 1982, 1372, 2225, 3630, 4028, 3015, 1710, 1519, 2680, 
3911, 3844, 2588, 1463, 1724, 3092, 4071, 3544, 2164, 1381, 
2042, 3467, 4083, 3205, 1816, 1423, 2438, 3763, 3945, 2798, 
1560, 1598, 2871, 3990, 3727, 2380, 1401, 1872, 3267, 4076, 
3411, 1991, 1407, 2278, 3660, 4035, 3003, 1664, 1477, 2639, 
3888, 3852, 2553, 1499, 1708, 3047, 4064, 3573, 2169, 1384, 
2051, 3440, 4083, 3207, 1843, 1427, 2439, 3775, 3959, 2786, 
1567, 1594, 2872, 3996, 3733, 2380, 1409, 1879, 3254, 4032, 
3377, 1983, 1382, 2246, 3646, 4032, 2998, 1676, 1487, 2643, 
3863, 3852, 2607, 1464, 1717, 3079, 4055, 3568, 2157, 1380, 
2046, 3452, 4076, 3217, 1831, 1426, 2440, 3764, 3960, 2791, 
1551, 1594, 2856, 3999, 3739, 2395, 1441, 1882, 3276, 4063, 
3385, 1974, 1390, 2231, 3633, 4028, 3000, 1675, 1460, 2673, 
3892, 3846, 2584, 1473, 1728, 3081, 4056, 3580, 2169, 1372, 
2049, 3464, 4078, 3211, 1828, 1424, 2452, 3787, 3958, 2792, 
1551, 1580, 2865, 3996, 3743, 2387, 1417, 1889, 3270, 4070, 
3416, 1977, 1417, 2226, 3686, 4036, 2984, 1675, 1491, 2656, 
3902, 3857, 2590, 1465, 1720, 3073, 4035, 3568, 2179, 1369, 
2042, 3460, 4068, 3219, 1803, 1428, 2447, 3795, 3998, 2816, 
1561, 1593, 2863, 3990, 3748, 2369, 1388, 1875, 3281, 4075, 
3358, 1990, 1398, 2217, 3635, 4044, 3004, 1669, 1491, 2657, 
3896, 3855, 2584, 1445, 1719, 3079, 4051, 3575, 2191, 1386, 
2055, 3470, 4080, 3169, 1772, 1401, 2437, 3782, 3992, 2790, 
1574, 1583, 2855, 3969, 3729, 2396, 1387, 1854, 3264, 4083, 
3395, 1991, 1372, 2240, 3632, 4051, 3004, 1681, 1497, 2648, 
3905, 3879, 2588, 1476, 1728, 3070, 4039, 3580, 2182, 1376, 
2076, 3510, 4084, 3203, 1816, 1410, 2430, 3769, 3956, 2800, 
1547, 1615, 2873, 3983, 3719, 2359, 1428, 1861, 3265, 4071, 
3395, 1983, 1388, 2244, 3632, 4043, 3008, 1688, 1490, 2654, 
3900, 3872, 2593, 1458, 1733, 3062, 4035, 3588, 2209, 1391, 
2055, 3449, 4057, 3196, 1816, 1424, 2449, 3779, 3934, 2793, 

  3448, 1659, 2940, 3941, 3655, 2362, 1398, 1785, 3096, 
3987, 3554, 2211, 1379, 1897, 3244, 4044, 3409, 2073, 1333, 
1999, 3348, 4024, 3264, 1924, 1369, 2164, 3539, 4001, 3095, 
1777, 1395, 2360, 3651, 3971, 2963, 1671, 1473, 2500, 3768, 
3908, 2800, 1572, 1529, 2684, 3863, 3844, 2608, 1471, 1611, 
2859, 3946, 3743, 2471, 1439, 1724, 3032, 3959, 3536, 2251, 
1370, 1821, 3180, 4031, 3491, 2145, 1361, 1982, 3334, 4054, 
3366, 2011, 1360, 2110, 3487, 4030, 3164, 1839, 1356, 2273, 
3619, 4017, 3049, 1731, 1423, 2438, 3729, 3960, 2915, 1627, 
1480, 2611, 3851, 3907, 2729, 1558, 1585, 2772, 3919, 3787, 
2544, 1472, 1671, 2948, 3983, 3724, 2392, 1434, 1788, 3104, 
4041, 3588, 2236, 1382, 1884, 3265, 4055, 3436, 2096, 1382, 
2035, 3423, 4051, 3304, 1939, 1381, 2214, 3568, 4047, 3139, 
1807, 1410, 2313, 3632, 3964, 2970, 1679, 1464, 2544, 3787, 
3952, 2811, 1592, 1551, 2703, 3889, 3849, 2656, 1490, 1618, 
2873, 3963, 3776, 2463, 1446, 1705, 3038, 4024, 3655, 2308, 
1397, 1848, 3196, 4047, 3515, 2156, 1376, 1959, 3367, 4055, 
3327, 1970, 1359, 2135, 3503, 4078, 3232, 1849, 1387, 2279, 
3619, 4044, 3064, 1721, 1440, 2454, 3760, 3980, 2916, 1638, 
1491, 2611, 3833, 3920, 2704, 1538, 1590, 2769, 3937, 3828, 
2575, 1472, 1677, 2958, 4006, 3700, 2414, 1460, 1796, 3128, 
4051, 3572, 2246, 1381, 1928, 3286, 4064, 3470, 2080, 1374, 
2057, 3448, 4068, 3312, 1948, 1395, 2208, 3592, 4081, 3134, 
1795, 1426, 2377, 3705, 4032, 2995, 1691, 1446, 2552, 3803, 
3948, 2822, 1591, 1523, 2719, 3929, 3903, 2659, 1507, 1617, 
2867, 3961, 3776, 2476, 1439, 1726, 3022, 4032, 3641, 2335, 
1383, 1857, 3204, 4062, 3523, 2158, 1417, 1975, 3352, 4083, 
3387, 2025, 1384, 2140, 3504, 4056, 3235, 1881, 1391, 2303, 
3639, 4032, 3017, 1687, 1392, 2438, 3751, 3969, 2916, 1638, 
1512, 2604, 3854, 3915, 2715, 1550, 1576, 2767, 3928, 3838, 
2576, 1481, 1674, 2971, 3990, 3694, 2404, 1404, 1781, 3123, 
4048, 3591, 2251, 1395, 1911, 3279, 4065, 3460, 2089, 1311, 
2009, 3382, 4060, 3323, 1944, 1384, 2189, 3605, 4071, 3164, 
1835, 1400, 2374, 3705, 4028, 3000, 1707, 1471, 2533, 3808, 
3971, 2821, 1602, 1581, 2686, 3896, 3873, 2659, 1508, 1617, 
2865, 3975, 3777, 2488, 1435, 1735, 3019, 4023, 3647, 2303, 
1408, 1858, 3199, 4060, 3531, 2159, 1380, 1984, 3361, 4079, 
3392, 2024, 1375, 2128, 3489, 4076, 3224, 1878, 1392, 2284, 
3640, 4025, 3078, 1760, 1436, 2452, 3763, 4003, 2907, 1652, 
1496, 2616, 3862, 3924, 2731, 1562, 1540, 2769, 3929, 3822, 
2569, 1474, 1672, 2966, 4003, 3742, 2400, 1433, 1793, 3129, 
4049, 3611, 2233, 1386, 1903, 3292, 4065, 3463, 2096, 1407, 
2043, 3427, 4070, 3333, 1949, 1395, 2224, 3568, 4080, 3161, 
1824, 1430, 2327, 3674, 3984, 3000, 1686, 1468, 2540, 3811, 
3951, 2822, 1600, 1539, 2720, 3888, 3876, 2668, 1504, 1615, 
2883, 3982, 3783, 2492, 1440, 1721, 3057, 4004, 3664, 2320, 
1415, 1837, 3207, 4068, 3539, 2143, 1375, 1981, 3359, 4089, 
3398, 2028, 1372, 2094, 3484, 4054, 3222, 1877, 1420, 2295, 
3639, 4046, 3086, 1763, 1443, 2463, 3758, 4001, 2913, 1649, 
1498, 2617, 3840, 3911, 2751, 1555, 1555, 2792, 3923, 3828, 
2575, 1475, 1825, 3207, 4062, 3495, 2036, 1347, 2160, 3532, 
4076, 3091, 1722, 1461, 2580, 3859, 3902, 2658, 1501, 1671, 
2999, 4039, 3651, 2252, 1382, 1985, 3395, 4083, 3278, 1881, 
1404, 2357, 3750, 3959, 2856, 1596, 1552, 2787, 3974, 3776, 
2451, 1434, 1822, 3192, 4071, 3478, 2055, 1381, 2168, 3569, 
4060, 3064, 1723, 1477, 2572, 3862, 3919, 2663, 1495, 1676, 
3001, 4035, 3635, 2257, 1412, 1983, 3365, 4060, 3267, 1909, 
1396, 2353, 3743, 3975, 2871, 1591, 1552, 2851, 4016, 3608, 
1897, 1510, 2742, 3936, 3760, 2419, 1412, 1903, 3320, 4087, 
3374, 1937, 1380, 2279, 3663, 4032, 2968, 1651, 1511, 2692, 
3905, 3832, 2536, 1438, 1755, 3115, 4065, 3537, 2123, 1368, 
2112, 3506, 4080, 3175, 1784, 1459, 2520, 3823, 3927, 2740, 
1497, 1597, 2919, 3998, 3704, 2332, 1400, 1920, 3320, 4079, 
3363, 1950, 1395, 2283, 3664, 4006, 2957, 1637, 1501, 2732, 
3919, 3823, 2551, 1474, 1737, 3111, 4048, 3528, 2123, 1397, 
2086, 3494, 4064, 3116, 1763, 1415, 2482, 3788, 3942, 2739, 
1539, 1611, 2911, 4000, 3704, 2325, 1401, 1913, 3294, 4067, 
3376, 1939, 1396, 2294, 3675, 4016, 2948, 1637, 1516, 2709, 
3952, 3819, 2520, 1453, 1741, 3131, 4062, 3550, 2136, 1311, 
2027, 3476, 4060, 3168, 1796, 1428, 2492, 3787, 3936, 2752, 
1540, 1616, 2913, 4003, 3705, 2337, 1395, 1945, 3323, 4079, 
3380, 1944, 1400, 2291, 3665, 4007, 2951, 1619, 1513, 2683, 
3921, 3836, 2546, 1452, 1762, 3148, 4084, 3558, 2119, 1360, 
2094, 3494, 4068, 3171, 1767, 1440, 2500, 3806, 3943, 2753, 
1524, 1604, 2907, 4001, 3698, 2343, 1396, 1908, 3309, 4070, 
3353, 1961, 1398, 2297, 3720, 4030, 2975, 1636, 1512, 2695, 
3918, 3862, 2572, 1470, 1745, 3100, 4065, 3551, 2123, 1372, 
2069, 3491, 4079, 3179, 1789, 1443, 2484, 3809, 3955, 2753, 
1536, 1624, 2894, 3998, 3702, 2315, 1401, 1907, 3302, 4076, 
3372, 1977, 1387, 2297, 3647, 4060, 2963, 1648, 1460, 2636, 
3900, 3817, 2550, 1452, 1763, 3115, 4054, 3526, 2132, 1376, 
2089, 3497, 4081, 3187, 1782, 1440, 2478, 3798, 3936, 2752, 
1536, 1634, 2905, 3982, 3702, 2339, 1383, 1911, 3284, 4080, 
3376, 1949, 1408, 2292, 3636, 4012, 2957, 1651, 1519, 2687, 
3915, 3824, 2529, 1452, 1774, 3117, 4057, 3563, 2145, 1383, 
2094, 3500, 4071, 3174, 1814, 1432, 2489, 3811, 3943, 2759, 
1531, 1617, 2903, 4001, 3708, 2374, 1382, 1908, 3327, 4086, 
3366, 1916, 1339, 2250, 3649, 4019, 2964, 1651, 1500, 2676, 
3905, 3846, 2534, 1447, 1768, 3103, 4057, 3553, 2140, 1374, 
2088, 3503, 4071, 3182, 1795, 1427, 2479, 3800, 3935, 2748, 
1552, 1617, 2859, 4007, 3691, 2339, 1400, 1878, 3225, 4068, 
3340, 1928, 1382, 2295, 3672, 4020, 2956, 1656, 1495, 2700, 
3921, 3849, 2544, 1458, 1760, 3118, 4060, 3546, 2136, 1388, 
2086, 3484, 4079, 3160, 1787, 1432, 2489, 3792, 3955, 2792, 
1515, 1607, 2924, 3975, 3695, 2349, 1398, 1905, 3303, 4076, 
3380, 1960, 1390, 2287, 3663, 4019, 2962, 1667, 1494, 2704, 
3943, 3840, 2553, 1443, 1761, 3087, 4051, 3558, 2151, 1380, 
2085, 3481, 4079, 3177, 1805, 1449, 2521, 3787, 3955, 2762, 
1567, 1640, 2911, 3983, 3683, 2345, 1395, 1871, 3297, 4084, 
3365, 1967, 1393, 2289, 3676, 4031, 2963, 1673, 1518, 2680, 

  3306, 3870, 2729, 1560, 1532, 2718, 3879, 3772, 2567, 
1457, 1641, 2899, 3939, 3696, 2400, 1420, 1758, 3067, 3996, 
3576, 2243, 1383, 1880, 3227, 4031, 3477, 2107, 1376, 2024, 
3374, 4039, 3303, 1928, 1378, 2147, 3527, 4008, 3145, 1827, 
1396, 2329, 3651, 3995, 2991, 1704, 1443, 2487, 3768, 3932, 
2799, 1612, 1505, 2664, 3848, 3859, 2663, 1507, 1590, 2833, 
3939, 3763, 2505, 1441, 1699, 3002, 3987, 3654, 2337, 1352, 
1779, 3124, 4020, 3529, 2176, 1387, 1931, 3313, 4067, 3409, 
2020, 1356, 2096, 3468, 4047, 3248, 1887, 1384, 2251, 3598, 
4028, 3080, 1775, 1416, 2417, 3735, 3999, 2900, 1663, 1472, 
2583, 3815, 3923, 2763, 1538, 1559, 2748, 3902, 3832, 2566, 
1480, 1665, 2909, 3944, 3713, 2407, 1412, 1772, 3091, 4012, 
3599, 2246, 1389, 1884, 3243, 4044, 3456, 2115, 1358, 2040, 
3399, 4060, 3340, 1963, 1376, 2189, 3537, 4038, 3185, 1819, 
1404, 2331, 3691, 3975, 3022, 1705, 1445, 2502, 3790, 3963, 
2840, 1606, 1518, 2680, 3881, 3894, 2684, 1520, 1597, 2800, 
3912, 3745, 2500, 1446, 1710, 3011, 4007, 3647, 2343, 1408, 
1831, 3167, 4047, 3560, 2176, 1372, 1951, 3334, 4075, 3404, 
2025, 1380, 2096, 3470, 4076, 3249, 1894, 1390, 2240, 3606, 
4046, 3099, 1777, 1416, 2447, 3691, 4007, 2920, 1663, 1488, 
2577, 3832, 3932, 2761, 1569, 1553, 2759, 3931, 3827, 2569, 
1476, 1656, 2911, 3983, 3720, 2425, 1410, 1756, 3096, 4035, 
3623, 2267, 1388, 1887, 3260, 4063, 3475, 2118, 1343, 2047, 
3408, 4076, 3351, 1965, 1382, 2184, 3544, 4062, 3184, 1831, 
1412, 2315, 3675, 4012, 3015, 1727, 1431, 2505, 3779, 3993, 
2820, 1625, 1488, 2683, 3900, 3879, 2687, 1518, 1607, 2830, 
3956, 3790, 2524, 1450, 1730, 3017, 4025, 3699, 2358, 1412, 
1819, 3179, 4047, 3558, 2176, 1386, 1967, 3336, 4065, 3427, 
2046, 1388, 2111, 3479, 4080, 3265, 1909, 1385, 2269, 3608, 
4028, 3120, 1776, 1424, 2417, 3732, 3991, 2934, 1673, 1493, 
2579, 3843, 3943, 2776, 1578, 1559, 2790, 3919, 3876, 2587, 
1486, 1664, 2929, 3993, 3742, 2445, 1438, 1787, 3044, 4016, 
3608, 2269, 1382, 1895, 3265, 4071, 3487, 2124, 1378, 2035, 
3396, 4067, 3335, 1968, 1383, 2188, 3544, 4072, 3196, 1831, 
1411, 2348, 3683, 4035, 3023, 1715, 1452, 2494, 3807, 3953, 
2851, 1598, 1510, 2678, 3884, 3894, 2691, 1518, 1612, 2844, 
3948, 3824, 2516, 1445, 1700, 3006, 4007, 3688, 2351, 1406, 
1829, 3196, 4047, 3551, 2203, 1382, 1983, 3335, 4080, 3435, 
2072, 1365, 2088, 3471, 4075, 3268, 1908, 1405, 2252, 3612, 
4036, 3103, 1777, 1425, 2428, 3734, 4009, 2956, 1665, 1491, 
2599, 3838, 3943, 2768, 1571, 1550, 2777, 3928, 3848, 2599, 
1491, 1659, 2936, 3993, 3739, 2441, 1431, 1773, 3107, 4051, 
3632, 2279, 1383, 1881, 3255, 4056, 3492, 2099, 1352, 2029, 
3399, 4078, 3347, 1979, 1380, 2185, 3537, 4084, 3206, 1843, 
1410, 2372, 3662, 4039, 3023, 1726, 1452, 2503, 3796, 3991, 
2862, 1620, 1532, 2664, 3913, 3896, 2705, 1519, 1612, 2840, 
3951, 3795, 2518, 1450, 1718, 3015, 4019, 3689, 2353, 1408, 
1838, 3184, 4062, 3574, 2203, 1382, 1963, 3331, 4075, 3423, 
2047, 1367, 2104, 3483, 4071, 3260, 1904, 1398, 2268, 3601, 
4072, 3103, 1781, 1437, 2418, 3744, 4007, 2966, 1664, 1482, 
2582, 3841, 3817, 2529, 1460, 1758, 3119, 4047, 3532, 2135, 
1385, 2099, 3512, 4081, 3158, 1779, 1436, 2496, 3822, 3936, 
2739, 1523, 1621, 2923, 4015, 3694, 2333, 1387, 1901, 3343, 
4084, 3356, 1950, 1394, 2291, 3676, 4019, 2934, 1645, 1531, 
2700, 3913, 3823, 2535, 1455, 1776, 3124, 4064, 3535, 2124, 
1375, 2095, 3508, 4079, 3143, 1780, 1427, 2496, 3816, 3927, 
2751, 1532, 1639, 2937, 4012, 3697, 2324, 1388, 1918, 3335, 
4088, 3359, 1949, 1394, 2286, 3662, 4003, 2833, 1531, 1699, 
3392, 4056, 2908, 1608, 1566, 2796, 3955, 3710, 2351, 1396, 
1908, 3289, 4083, 3351, 1955, 1385, 2271, 3663, 4039, 2984, 
1654, 1520, 2697, 3923, 3846, 2547, 1454, 1728, 3091, 4054, 
3568, 2136, 1380, 2072, 3459, 4059, 3168, 1801, 1439, 2491, 
3811, 3956, 2765, 1551, 1615, 2920, 3972, 3712, 2337, 1400, 
1894, 3304, 4079, 3359, 1959, 1388, 2271, 3678, 4032, 2972, 
1659, 1513, 2695, 3908, 3839, 2548, 1450, 1745, 3105, 4051, 
3540, 2150, 1377, 2075, 3516, 4083, 3196, 1803, 1442, 2476, 
3806, 3943, 2766, 1541, 1612, 2899, 3993, 3700, 2337, 1395, 
1897, 3315, 4080, 3363, 1966, 1385, 2271, 3665, 4038, 2966, 
1657, 1504, 2700, 3913, 3844, 2543, 1446, 1757, 3111, 4049, 
3558, 2150, 1384, 2080, 3521, 4079, 3177, 1810, 1431, 2475, 
3785, 3939, 2748, 1530, 1598, 2883, 3996, 3701, 2340, 1401, 
1890, 3324, 4080, 3371, 1972, 1385, 2273, 3644, 4023, 2964, 
1659, 1502, 2670, 3926, 3825, 2572, 1465, 1742, 3108, 4030, 
3547, 2135, 1378, 2073, 3489, 4071, 3171, 1794, 1430, 2475, 
3796, 3939, 2743, 1539, 1602, 2910, 4016, 3712, 2352, 1400, 
1903, 3307, 4068, 3361, 1963, 1367, 2275, 3648, 4028, 2967, 
1660, 1494, 2699, 3908, 3847, 2561, 1464, 1754, 3111, 4056, 
3551, 2130, 1363, 2092, 3488, 4073, 3193, 1810, 1435, 2483, 
3782, 3968, 2772, 1540, 1620, 2897, 4006, 3708, 2344, 1392, 
1896, 3299, 4071, 3371, 1952, 1390, 2260, 3652, 4022, 2964, 
1662, 1513, 2699, 3904, 3848, 2550, 1464, 1756, 3111, 4046, 
3564, 2136, 1374, 2071, 3488, 4081, 3171, 1803, 1427, 2486, 
3799, 3963, 2760, 1543, 1617, 2896, 3999, 3714, 2337, 1406, 
1878, 3298, 4056, 3374, 1961, 1391, 2272, 3667, 4055, 2983, 
1663, 1512, 2694, 3902, 3856, 2537, 1462, 1724, 3103, 4044, 
3547, 2145, 1374, 2073, 3489, 4078, 3176, 1808, 1458, 2491, 
3788, 3939, 2760, 1537, 1593, 2901, 3980, 3708, 2344, 1402, 
1888, 3278, 4080, 3377, 1971, 1395, 2286, 3655, 4022, 2963, 
1659, 1497, 2686, 3904, 3833, 2540, 1452, 1754, 3119, 4038, 
3552, 2151, 1375, 2073, 3504, 4083, 3184, 1809, 1425, 2483, 
3794, 3945, 2767, 1531, 1617, 2896, 3996, 3706, 2347, 1400, 
1900, 3305, 4079, 3376, 1979, 1376, 2271, 3648, 4012, 2982, 
1656, 1500, 2672, 3911, 3835, 2563, 1462, 1750, 3121, 4060, 
3548, 2164, 1369, 2062, 3480, 4072, 3187, 1806, 1433, 2473, 
3776, 3936, 2755, 1539, 1607, 2910, 3987, 3697, 2350, 1395, 
1903, 3292, 4081, 3367, 1956, 1392, 2273, 3647, 4047, 2967, 
1665, 1505, 2675, 3907, 3843, 2553, 1468, 1744, 3110, 4035, 
3548, 2139, 1374, 2063, 3484, 4051, 3171, 1805, 1424, 2468, 
3806, 3952, 2771, 1552, 1599, 2905, 4007, 3705, 2374, 1404, 
1904, 3303, 4071, 3366, 1973, 1375, 2264, 3655, 4036, 2980, 

  1720, 1775, 1411, 2361, 3667, 3963, 2926, 1650, 1441, 
2499, 3761, 3903, 2762, 1562, 1524, 2686, 3875, 3814, 2605, 
1492, 1608, 2859, 3942, 3724, 2441, 1428, 1732, 3019, 3992, 
3587, 2290, 1385, 1820, 3183, 4041, 3467, 2107, 1356, 1955, 
3348, 4032, 3343, 1968, 1372, 2131, 3480, 4024, 3190, 1843, 
1392, 2291, 3619, 3999, 3041, 1741, 1426, 2451, 3739, 3952, 
2855, 1628, 1488, 2627, 3832, 3875, 2712, 1542, 1590, 2800, 
3947, 3799, 2550, 1464, 1671, 2972, 3948, 3668, 2352, 1404, 
1779, 3121, 4019, 3569, 2213, 1373, 1920, 3283, 4064, 3443, 
2062, 1369, 2041, 3431, 4063, 3276, 1912, 1370, 2204, 3556, 
4001, 3120, 1766, 1415, 2387, 3683, 4007, 2968, 1686, 1472, 
2566, 3798, 3948, 2776, 1560, 1515, 2692, 3878, 3852, 2616, 
1496, 1632, 2883, 3968, 3755, 2462, 1447, 1749, 3055, 4036, 
3652, 2283, 1391, 1848, 3196, 4060, 3491, 2142, 1368, 2002, 
3364, 4076, 3363, 2006, 1381, 2160, 3516, 4047, 3180, 1840, 
1338, 2259, 3619, 4015, 3048, 1740, 1449, 2464, 3753, 3999, 
2872, 1631, 1516, 2631, 3868, 3892, 2723, 1528, 1598, 2809, 
3923, 3804, 2542, 1459, 1671, 2967, 3989, 3699, 2387, 1409, 
1811, 3131, 4041, 3590, 2220, 1380, 1940, 3235, 4019, 3408, 
2077, 1390, 2079, 3431, 4071, 3292, 1932, 1391, 2227, 3585, 
4049, 3143, 1806, 1409, 2386, 3697, 4044, 2979, 1686, 1461, 
2559, 3809, 3952, 2809, 1584, 1540, 2727, 3902, 3864, 2628, 
1509, 1628, 2902, 3983, 3807, 2455, 1428, 1737, 3025, 4008, 
3632, 2305, 1396, 1859, 3220, 4056, 3507, 2147, 1372, 2011, 
3372, 4065, 3372, 1987, 1379, 2140, 3511, 4078, 3211, 1854, 
1408, 2303, 3633, 4051, 3044, 1738, 1423, 2476, 3761, 3977, 
2897, 1634, 1532, 2647, 3895, 3896, 2713, 1543, 1571, 2790, 
3948, 3811, 2554, 1471, 1672, 2979, 3998, 3726, 2374, 1404, 
1812, 3134, 4038, 3585, 2218, 1387, 1932, 3288, 4064, 3443, 
2073, 1368, 2066, 3446, 4083, 3296, 1935, 1393, 2225, 3598, 
4076, 3171, 1776, 1408, 2391, 3684, 4020, 2977, 1688, 1487, 
2532, 3814, 3951, 2796, 1597, 1538, 2740, 3915, 3876, 2641, 
1516, 1641, 2884, 3984, 3771, 2471, 1442, 1742, 3051, 4024, 
3649, 2309, 1401, 1855, 3219, 4054, 3524, 2187, 1396, 2020, 
3349, 4073, 3356, 2012, 1375, 2124, 3532, 4064, 3231, 1870, 
1399, 2297, 3647, 4048, 3065, 1747, 1443, 2489, 3771, 3983, 
2902, 1635, 1492, 2638, 3847, 3919, 2733, 1520, 1588, 2801, 
3961, 3807, 2572, 1468, 1676, 2932, 3975, 3670, 2416, 1436, 
1793, 3128, 4038, 3584, 2232, 1384, 1932, 3294, 4080, 3463, 
2074, 1381, 2071, 3447, 4086, 3300, 1928, 1384, 2240, 3587, 
4080, 3135, 1817, 1420, 2375, 3696, 4019, 2988, 1681, 1476, 
2543, 3814, 3926, 2780, 1559, 1507, 2719, 3916, 3849, 2646, 
1500, 1633, 2892, 3976, 3779, 2459, 1446, 1743, 3032, 4032, 
3656, 2323, 1385, 1879, 3216, 4056, 3521, 2157, 1382, 1998, 
3371, 4080, 3384, 2012, 1393, 2145, 3515, 4088, 3225, 1872, 
1343, 2265, 3620, 4006, 3079, 1744, 1427, 2468, 3760, 3974, 
2895, 1641, 1479, 2639, 3856, 3916, 2737, 1550, 1591, 2798, 
3943, 3829, 2572, 1475, 1674, 2968, 4003, 3704, 2395, 1423, 
1790, 3140, 4059, 3607, 2233, 1371, 1964, 3280, 4059, 3432, 
2060, 1396, 2050, 3457, 4078, 3311, 1944, 1392, 2224, 3580, 
4060, 3160, 1664, 1500, 2676, 3903, 3846, 2566, 1456, 1720, 
3084, 4047, 3552, 2160, 1393, 2044, 3460, 4068, 3204, 1799, 
1457, 2481, 3783, 3939, 2782, 1558, 1628, 2905, 3955, 3689, 
2360, 1383, 1882, 3291, 4083, 3387, 1977, 1390, 2257, 3651, 
4051, 2991, 1662, 1493, 2668, 3865, 3843, 2583, 1456, 1748, 
3100, 4032, 3552, 2168, 1363, 2065, 3474, 4083, 3199, 1820, 
1419, 2491, 3820, 3987, 2785, 1526, 1580, 2888, 3968, 3705, 
2359, 1393, 1881, 3287, 4059, 3395, 1976, 1395, 2389, 3812, 
3712, 2120, 1384, 2259, 3663, 4024, 2974, 1577, 1569, 2790, 
3958, 3783, 2443, 1426, 1825, 3217, 4071, 3489, 2078, 1394, 
2174, 3552, 4028, 3036, 1731, 1468, 2574, 3875, 3888, 2646, 
1493, 1680, 3015, 4032, 3635, 2236, 1379, 2003, 3416, 4083, 
3259, 1868, 1411, 2383, 3732, 3987, 2863, 1593, 1555, 2795, 
3951, 3751, 2432, 1436, 1847, 3236, 4043, 3436, 2026, 1343, 
2190, 3564, 4035, 3076, 1725, 1470, 2593, 3865, 3895, 2651, 
1488, 1679, 3001, 4022, 3647, 2245, 1385, 1976, 3391, 4071, 
3252, 1872, 1424, 2383, 3747, 3988, 2851, 1585, 1556, 2796, 
3927, 3763, 2433, 1436, 1833, 3209, 4063, 3480, 2043, 1375, 
2182, 3567, 4051, 3073, 1726, 1456, 2580, 3848, 3919, 2672, 
1481, 1665, 2987, 4016, 3615, 2230, 1387, 1987, 3404, 4080, 
3272, 1871, 1403, 2381, 3732, 3998, 2840, 1556, 1550, 2806, 
3972, 3776, 2439, 1390, 1841, 3207, 4051, 3475, 2055, 1369, 
2164, 3571, 4067, 3063, 1727, 1476, 2572, 3851, 3891, 2644, 
1503, 1672, 3005, 4028, 3632, 2244, 1385, 1996, 3409, 4083, 
3288, 1875, 1408, 2409, 3772, 3980, 2823, 1555, 1551, 2788, 
3980, 3748, 2429, 1417, 1828, 3212, 4065, 3471, 2052, 1398, 
2176, 3571, 4056, 3076, 1720, 1457, 2580, 3855, 3899, 2655, 
1487, 1676, 3004, 4015, 3635, 2238, 1358, 1995, 3411, 4088, 
3267, 1816, 1394, 2356, 3723, 3996, 2865, 1608, 1528, 2782, 
3984, 3766, 2441, 1419, 1824, 3211, 4071, 3464, 2053, 1383, 
2183, 3572, 4024, 3052, 1739, 1454, 2575, 3865, 3894, 2655, 
1494, 1668, 3000, 4028, 3644, 2249, 1408, 2024, 3412, 4088, 
3267, 1863, 1393, 2360, 3738, 3951, 2868, 1584, 1557, 2790, 
3977, 3783, 2441, 1442, 1818, 3212, 4067, 3468, 2059, 1381, 
2181, 3568, 4038, 3071, 1715, 1471, 2575, 3859, 3897, 2654, 
1489, 1682, 3011, 4038, 3659, 2247, 1385, 1982, 3372, 4078, 
3273, 1918, 1356, 2351, 3753, 3983, 2871, 1607, 1560, 2800, 
3968, 3775, 2441, 1423, 1818, 3202, 4071, 3473, 2043, 1387, 
2177, 3571, 4046, 3076, 1723, 1472, 2585, 3871, 3903, 2652, 
1457, 1650, 2988, 4025, 3631, 2232, 1396, 1986, 3414, 4055, 
3276, 1887, 1406, 2371, 3735, 3990, 2875, 1594, 1557, 2793, 
3952, 3776, 2433, 1411, 1832, 3205, 4060, 3447, 2051, 1385, 
2191, 3591, 4056, 3072, 1723, 1415, 2521, 3863, 3902, 2675, 
1502, 1680, 3004, 4025, 3632, 2239, 1361, 2004, 3399, 4081, 
3288, 1884, 1404, 2372, 3729, 3992, 2878, 1599, 1551, 2804, 
3956, 3743, 2443, 1424, 1792, 3223, 4070, 3471, 2057, 1391, 
2161, 3577, 4078, 3095, 1710, 1443, 2561, 3836, 3894, 2660, 
1487, 1671, 3003, 4009, 3641, 2236, 1376, 1984, 3379, 4083, 
3299, 1879, 1414, 2364, 3721, 3995, 2873, 1587, 1555, 2795, 
3964, 3783, 2451, 1422, 1827, 3193, 4067, 3463, 2080, 1407, 

  2604, 3193, 3996, 3437, 2100, 1343, 1990, 3361, 4033, 
3311, 1950, 1364, 2150, 3508, 4023, 3151, 1823, 1400, 2308, 
3619, 3987, 2988, 1703, 1439, 2428, 3707, 3912, 2843, 1575, 
1528, 2636, 3838, 3876, 2659, 1488, 1584, 2792, 3915, 3760, 
2495, 1452, 1686, 2979, 3983, 3651, 2339, 1401, 1804, 3142, 
4024, 3539, 2177, 1380, 1949, 3292, 4044, 3392, 2032, 1367, 
2086, 3423, 4047, 3248, 1845, 1368, 2222, 3582, 3969, 3105, 
1777, 1427, 2396, 3711, 3980, 2932, 1651, 1468, 2564, 3811, 
3915, 2764, 1553, 1556, 2742, 3900, 3836, 2604, 1483, 1644, 
2916, 3988, 3715, 2435, 1433, 1736, 3065, 4016, 3603, 2276, 
1415, 1900, 3244, 4054, 3471, 2074, 1389, 2007, 3367, 4062, 
3335, 1969, 1375, 2166, 3520, 4043, 3177, 1839, 1401, 2323, 
3640, 4024, 3046, 1700, 1468, 2487, 3777, 3952, 2841, 1607, 
1510, 2644, 3859, 3870, 2690, 1520, 1599, 2847, 3931, 3795, 
2499, 1439, 1681, 2975, 4016, 3659, 2355, 1416, 1800, 3155, 
4024, 3548, 2192, 1342, 1931, 3299, 4057, 3404, 2034, 1380, 
2104, 3459, 4073, 3268, 1906, 1390, 2260, 3609, 4040, 3100, 
1770, 1412, 2422, 3719, 3980, 2961, 1668, 1498, 2558, 3811, 
3932, 2754, 1580, 1520, 2727, 3918, 3836, 2615, 1483, 1637, 
2909, 3969, 3752, 2441, 1432, 1754, 3079, 4035, 3639, 2281, 
1395, 1887, 3241, 4059, 3484, 2123, 1367, 2019, 3390, 4076, 
3335, 2001, 1344, 2144, 3503, 4035, 3200, 1860, 1412, 2336, 
3625, 4047, 3032, 1707, 1453, 2490, 3776, 3975, 2871, 1617, 
1519, 2652, 3875, 3896, 2696, 1532, 1593, 2823, 3960, 3823, 
2528, 1456, 1705, 3020, 4003, 3676, 2375, 1408, 1809, 3164, 
4052, 3547, 2162, 1367, 1944, 3316, 4067, 3423, 2071, 1372, 
2079, 3481, 4068, 3278, 1917, 1383, 2246, 3603, 4060, 3128, 
1760, 1443, 2403, 3708, 4022, 2953, 1684, 1473, 2559, 3849, 
3923, 2783, 1565, 1558, 2750, 3916, 3860, 2616, 1465, 1596, 
2889, 3985, 3753, 2462, 1439, 1766, 3119, 4007, 3638, 2288, 
1392, 1869, 3240, 4056, 3491, 2115, 1367, 2026, 3391, 4076, 
3359, 1983, 1385, 2163, 3526, 4072, 3196, 1849, 1408, 2328, 
3663, 4040, 3046, 1728, 1454, 2497, 3748, 3932, 2863, 1619, 
1524, 2695, 3900, 3915, 2735, 1504, 1603, 2823, 3960, 3814, 
2528, 1459, 1701, 2995, 4019, 3683, 2374, 1410, 1816, 3176, 
4060, 3588, 2207, 1392, 1950, 3324, 4060, 3436, 2051, 1365, 
2096, 3439, 4084, 3284, 1940, 1418, 2244, 3599, 4046, 3111, 
1788, 1417, 2416, 3740, 3996, 2969, 1683, 1473, 2579, 3825, 
3940, 2791, 1579, 1554, 2747, 3929, 3876, 2614, 1502, 1657, 
2892, 4003, 3734, 2420, 1423, 1750, 3076, 4044, 3625, 2286, 
1388, 1894, 3264, 4076, 3523, 2134, 1374, 2013, 3391, 4080, 
3353, 1951, 1399, 2155, 3528, 4076, 3203, 1848, 1385, 2327, 
3658, 4044, 3007, 1737, 1439, 2493, 3800, 3982, 2881, 1627, 
1510, 2673, 3888, 3907, 2705, 1523, 1596, 2825, 3971, 3820, 
2540, 1449, 1679, 2983, 4019, 3681, 2374, 1423, 1799, 3152, 
4028, 3542, 2211, 1368, 1922, 3301, 4070, 3430, 2055, 1382, 
2083, 3473, 4083, 3289, 1920, 1389, 2243, 3601, 4054, 3107, 
1782, 1422, 2399, 3711, 3999, 2952, 1683, 1485, 2550, 3832, 
3952, 2777, 1596, 1552, 2752, 3926, 3871, 2639, 1486, 1644, 
2926, 3993, 3747, 2462, 1434, 1752, 3092, 4031, 3640, 2300, 
1401, 1885, 3427, 4079, 3247, 1844, 1413, 2375, 3756, 3999, 
2825, 1563, 1569, 2847, 3985, 3728, 2397, 1399, 1848, 3251, 
4067, 3440, 2037, 1363, 2215, 3600, 4019, 3025, 1698, 1472, 
2623, 3881, 3884, 2627, 1478, 1694, 3020, 4036, 3631, 2222, 
1373, 2019, 3425, 4072, 3244, 1856, 1410, 2403, 3745, 3995, 
2838, 1559, 1562, 2804, 3966, 3759, 2414, 1409, 1855, 3236, 
4078, 3451, 2035, 1363, 2200, 3603, 4028, 3076, 1705, 1438, 
2613, 3867, 3875, 2622, 1475, 1699, 3046, 4059, 3499, 1983, 
1483, 2876, 4024, 3603, 2195, 1380, 2010, 3479, 4035, 3143, 
1748, 1464, 2525, 3827, 3934, 2696, 1489, 1625, 2910, 4020, 
3664, 2303, 1389, 1948, 3347, 4083, 3328, 1921, 1401, 2326, 
3695, 4012, 2925, 1629, 1532, 2743, 3927, 3796, 2495, 1433, 
1778, 3153, 4015, 3459, 2134, 1389, 2112, 3528, 4081, 3131, 
1752, 1447, 2535, 3830, 3928, 2687, 1523, 1662, 2931, 4001, 
3677, 2291, 1387, 1940, 3355, 4079, 3327, 1926, 1399, 2320, 
3699, 3998, 2916, 1641, 1551, 2740, 3955, 3801, 2511, 1423, 
1744, 3132, 4049, 3499, 2109, 1372, 2137, 3527, 4080, 3132, 
1751, 1443, 2478, 3851, 3932, 2694, 1510, 1654, 2946, 4012, 
3683, 2296, 1404, 1970, 3353, 4079, 3302, 1910, 1392, 2319, 
3692, 4011, 2936, 1628, 1548, 2748, 3932, 3791, 2491, 1432, 
1784, 3158, 4060, 3503, 2096, 1372, 2127, 3524, 4054, 3100, 
1767, 1421, 2522, 3836, 3911, 2712, 1527, 1641, 2944, 4019, 
3658, 2296, 1388, 1947, 3359, 4075, 3320, 1910, 1409, 2310, 
3687, 3976, 2915, 1624, 1541, 2747, 3939, 3819, 2495, 1437, 
1754, 3132, 4060, 3511, 2105, 1366, 2088, 3535, 4047, 3111, 
1763, 1451, 2535, 3830, 3928, 2728, 1513, 1649, 2952, 4031, 
3651, 2308, 1384, 1922, 3337, 4076, 3324, 1907, 1420, 2356, 
3686, 3974, 2912, 1615, 1521, 2731, 3945, 3808, 2504, 1452, 
1781, 3148, 4057, 3481, 2111, 1392, 2121, 3529, 4073, 3118, 
1767, 1443, 2532, 3807, 3948, 2707, 1524, 1638, 2951, 4016, 
3643, 2271, 1389, 1940, 3296, 4040, 3308, 1923, 1406, 2327, 
3699, 4028, 2928, 1639, 1532, 2735, 3936, 3814, 2505, 1443, 
1763, 3156, 4038, 3496, 2111, 1368, 2127, 3560, 4072, 3129, 
1768, 1436, 2527, 3825, 3937, 2711, 1519, 1629, 2945, 4012, 
3667, 2272, 1345, 1916, 3348, 4086, 3334, 1928, 1404, 2324, 
3694, 4022, 2927, 1641, 1540, 2728, 3934, 3840, 2502, 1411, 
1788, 3129, 4048, 3515, 2114, 1366, 2127, 3534, 4071, 3135, 
1761, 1444, 2529, 3801, 3928, 2708, 1521, 1660, 2974, 4035, 
3680, 2294, 1393, 1937, 3347, 4067, 3311, 1929, 1377, 2310, 
3692, 4007, 2915, 1628, 1570, 2695, 3905, 3815, 2511, 1432, 
1781, 3152, 4064, 3524, 2103, 1377, 2126, 3529, 4067, 3135, 
1737, 1425, 2517, 3825, 3919, 2740, 1524, 1608, 2940, 4016, 
3660, 2295, 1398, 1940, 3340, 4078, 3315, 1922, 1385, 2321, 
3679, 4057, 2896, 1633, 1539, 2736, 3939, 3824, 2513, 1442, 
1771, 3148, 4048, 3487, 2105, 1348, 2127, 3542, 4051, 3124, 
1740, 1391, 2499, 3835, 3945, 2735, 1521, 1659, 2943, 4015, 
3666, 2301, 1375, 1951, 3343, 4083, 3327, 1927, 1386, 2285, 
3696, 4015, 2944, 1630, 1503, 2732, 3952, 3817, 2519, 1446, 
1779, 3136, 4049, 3504, 2108, 1369, 2122, 3502, 4031, 3111, 
1766, 1442, 2520, 3832, 3939, 2719, 1509, 1658, 2942, 4017, 

  3956, 1362, 1888, 3251, 4027, 3403, 2042, 1359, 2046, 
3407, 4032, 3263, 1912, 1368, 2200, 3537, 4011, 3104, 1778, 
1408, 2354, 3669, 3955, 2956, 1668, 1449, 2542, 3772, 3916, 
2785, 1579, 1535, 2736, 3859, 3841, 2599, 1493, 1620, 2857, 
3952, 3743, 2456, 1433, 1723, 3022, 3999, 3628, 2298, 1392, 
1849, 3196, 4016, 3474, 2108, 1352, 1980, 3338, 4039, 3353, 
1969, 1359, 2129, 3492, 4028, 3196, 1849, 1387, 2297, 3623, 
4024, 3035, 1738, 1427, 2444, 3735, 3964, 2881, 1636, 1499, 
2620, 3837, 3894, 2716, 1527, 1576, 2781, 3917, 3806, 2551, 
1443, 1626, 2928, 3975, 3692, 2368, 1414, 1779, 3132, 4024, 
3564, 2211, 1374, 1916, 3284, 4065, 3443, 2075, 1334, 2076, 
3428, 4076, 3289, 1923, 1387, 2216, 3567, 4022, 3132, 1796, 
1423, 2364, 3694, 3999, 2963, 1690, 1464, 2531, 3784, 3928, 
2792, 1574, 1544, 2712, 3871, 3864, 2624, 1507, 1629, 2886, 
3971, 3760, 2483, 1446, 1738, 3051, 3971, 3647, 2304, 1409, 
1849, 3206, 4056, 3516, 2145, 1376, 1992, 3359, 4070, 3376, 
2000, 1371, 2137, 3512, 4016, 3167, 1847, 1391, 2278, 3636, 
4017, 3062, 1739, 1443, 2462, 3761, 3991, 2899, 1644, 1503, 
2630, 3856, 3915, 2727, 1590, 1568, 2796, 3928, 3828, 2561, 
1459, 1678, 2959, 4003, 3719, 2391, 1426, 1790, 3132, 4039, 
3593, 2253, 1398, 1932, 3296, 4071, 3466, 2083, 1391, 2079, 
3428, 4072, 3302, 1939, 1383, 2230, 3580, 4059, 3152, 1804, 
1410, 2399, 3692, 3987, 2991, 1686, 1470, 2553, 3800, 3951, 
2807, 1585, 1536, 2716, 3904, 3864, 2643, 1487, 1595, 2819, 
3968, 3763, 2481, 1452, 1740, 3049, 4024, 3659, 2310, 1392, 
1855, 3220, 4060, 3507, 2150, 1382, 1995, 3372, 4078, 3348, 
2005, 1376, 2150, 3505, 4078, 3228, 1868, 1399, 2299, 3660, 
4036, 3072, 1760, 1429, 2448, 3760, 3985, 2903, 1635, 1503, 
2625, 3856, 3904, 2720, 1555, 1575, 2792, 3937, 3823, 2566, 
1472, 1685, 2968, 4003, 3726, 2400, 1427, 1827, 3118, 4057, 
3595, 2232, 1391, 1928, 3288, 4067, 3460, 2090, 1366, 2060, 
3441, 4079, 3307, 1909, 1381, 2219, 3576, 4056, 3151, 1809, 
1422, 2377, 3700, 4024, 2980, 1692, 1467, 2545, 3811, 3948, 
2823, 1594, 1534, 2719, 3864, 3873, 2651, 1505, 1632, 2878, 
3972, 3768, 2489, 1450, 1729, 3039, 4039, 3644, 2287, 1364, 
1832, 3208, 4063, 3527, 2168, 1383, 1992, 3379, 4078, 3391, 
2020, 1385, 2142, 3528, 4080, 3229, 1878, 1396, 2302, 3652, 
4055, 3061, 1738, 1431, 2451, 3747, 3982, 2903, 1617, 1516, 
2631, 3859, 3905, 2728, 1554, 1593, 2814, 3960, 3848, 2569, 
1481, 1680, 2963, 4016, 3731, 2407, 1427, 1792, 3135, 4049, 
3596, 2232, 1371, 1926, 3288, 4076, 3471, 2088, 1373, 2059, 
3416, 4073, 3299, 1940, 1388, 2219, 3572, 4064, 3168, 1817, 
1409, 2383, 3730, 4064, 3019, 1705, 1475, 2543, 3820, 3963, 
2825, 1597, 1544, 2711, 3904, 3868, 2652, 1506, 1622, 2870, 
3983, 3775, 2483, 1444, 1728, 3061, 4035, 3651, 2316, 1412, 
1865, 3207, 4062, 3531, 2167, 1376, 2003, 3359, 4080, 3358, 
1971, 1360, 2131, 3511, 4084, 3239, 1874, 1402, 2303, 3646, 
4051, 3081, 1742, 1436, 2455, 3752, 3999, 2900, 1633, 1505, 
2623, 3858, 3932, 2731, 1537, 1521, 2802, 3943, 3832, 2572, 
1479, 1682, 2956, 4000, 3724, 2405, 1421, 1788, 3132, 4049, 
3608, 2251, 1375, 2155, 3547, 4068, 3118, 1749, 1462, 2544, 
3830, 3918, 2686, 1507, 1660, 2964, 4028, 3655, 2275, 1380, 
1968, 3366, 4088, 3313, 1904, 1411, 2332, 3687, 4006, 2911, 
1620, 1535, 2710, 3888, 3788, 2487, 1433, 1799, 3178, 4059, 
3503, 2089, 1383, 2134, 3543, 4067, 3120, 1752, 1454, 2544, 
3833, 3942, 2702, 1508, 1657, 2979, 4012, 3667, 2288, 1347, 
1939, 3358, 4080, 3307, 1911, 1401, 2337, 3699, 4010, 2936, 
1644, 1532, 2752, 3943, 3811, 2491, 1443, 1839, 3286, 4084, 
2900, 1495, 1762, 3171, 4038, 3495, 2049, 1391, 2258, 3635, 
4032, 3000, 1667, 1500, 2668, 3863, 3859, 2577, 1459, 1740, 
3089, 4047, 3568, 2193, 1393, 2079, 3465, 4075, 3203, 1823, 
1427, 2460, 3783, 3960, 2780, 1554, 1603, 2879, 3976, 3736, 
2345, 1414, 1880, 3286, 4071, 3400, 1981, 1378, 2251, 3640, 
4023, 2964, 1669, 1491, 2664, 3908, 3849, 2573, 1454, 1700, 
3057, 4046, 3566, 2169, 1385, 2063, 3478, 4071, 3199, 1820, 
1421, 2461, 3783, 3952, 2782, 1545, 1604, 2876, 3988, 3727, 
2369, 1400, 1880, 3283, 4071, 3399, 1982, 1377, 2209, 3627, 
4020, 2999, 1673, 1496, 2670, 3879, 3855, 2567, 1454, 1742, 
3091, 4052, 3575, 2167, 1371, 2052, 3472, 4080, 3209, 1815, 
1432, 2456, 3787, 3974, 2787, 1559, 1600, 2877, 3990, 3728, 
2369, 1400, 1888, 3279, 4059, 3388, 1994, 1375, 2247, 3654, 
4031, 2979, 1623, 1482, 2652, 3894, 3852, 2563, 1466, 1720, 
3096, 4048, 3583, 2158, 1388, 2047, 3462, 4080, 3199, 1828, 
1428, 2456, 3784, 3961, 2780, 1566, 1603, 2862, 3985, 3727, 
2374, 1448, 1875, 3286, 4072, 3395, 1976, 1361, 2200, 3615, 
4019, 2990, 1675, 1508, 2636, 3910, 3856, 2582, 1471, 1734, 
3091, 4051, 3566, 2175, 1365, 2064, 3470, 4080, 3203, 1818, 
1426, 2456, 3783, 3959, 2788, 1553, 1599, 2880, 3999, 3718, 
2358, 1408, 1886, 3271, 4067, 3385, 1971, 1402, 2247, 3624, 
4038, 2995, 1675, 1501, 2668, 3896, 3857, 2571, 1467, 1724, 
3088, 4051, 3568, 2168, 1376, 2056, 3464, 4083, 3195, 1803, 
1425, 2455, 3776, 3971, 2793, 1551, 1616, 2859, 3987, 3736, 
2361, 1372, 1830, 3272, 4065, 3406, 1995, 1395, 2255, 3640, 
4032, 3000, 1674, 1500, 2663, 3900, 3868, 2578, 1458, 1728, 
3081, 4041, 3585, 2158, 1380, 2057, 3468, 4073, 3191, 1812, 
1428, 2440, 3783, 3972, 2784, 1531, 1599, 2868, 3998, 3726, 
2334, 1362, 1862, 3265, 4076, 3409, 1982, 1384, 2243, 3638, 
4056, 3015, 1667, 1500, 2670, 3900, 3848, 2587, 1457, 1731, 
3083, 4035, 3590, 2168, 1374, 2060, 3471, 4083, 3220, 1816, 
1439, 2430, 3775, 3950, 2778, 1548, 1602, 2852, 3987, 3726, 
2375, 1404, 1860, 3260, 4067, 3403, 1975, 1380, 2250, 3625, 
4035, 3000, 1679, 1505, 2656, 3895, 3856, 2580, 1463, 1736, 
3079, 4056, 3587, 2165, 1393, 2043, 3473, 4075, 3223, 1820, 
1411, 2456, 3774, 3947, 2787, 1556, 1600, 2879, 3985, 3724, 
2401, 1388, 1884, 3283, 4078, 3399, 1944, 1335, 2226, 3635, 
4035, 3000, 1680, 1501, 2668, 3884, 3856, 2574, 1443, 1748, 
3067, 4056, 3576, 2183, 1375, 2052, 3486, 4072, 3203, 1815, 
1419, 2439, 3774, 3967, 2792, 1547, 1591, 2873, 3988, 3735, 
2374, 1406, 1878, 3291, 4076, 3395, 1969, 1384, 2249, 3632, 
4071, 3032, 1701, 1479, 2649, 3888, 3857, 2585, 1463, 1725, 

  2873, 1713, 3017, 3977, 3601, 2288, 1370, 1847, 3161, 
3999, 3475, 2136, 1379, 2009, 3340, 4031, 3351, 1984, 1363, 
2121, 3484, 4038, 3198, 1861, 1381, 2272, 3611, 3993, 3039, 
1727, 1419, 2428, 3711, 3932, 2839, 1593, 1447, 2590, 3798, 
3865, 2700, 1539, 1561, 2779, 3911, 3788, 2536, 1464, 1663, 
2945, 3923, 3646, 2357, 1408, 1776, 3111, 4027, 3553, 2216, 
1367, 1899, 3268, 4048, 3441, 2063, 1375, 2083, 3417, 4073, 
3271, 1871, 1367, 2188, 3552, 4030, 3127, 1801, 1400, 2365, 
3689, 3990, 2961, 1680, 1468, 2529, 3791, 3939, 2783, 1547, 
1468, 2679, 3891, 3840, 2627, 1491, 1608, 2881, 3945, 3742, 
2480, 1441, 1727, 3031, 4009, 3638, 2303, 1401, 1848, 3219, 
4052, 3524, 2140, 1380, 1991, 3356, 4064, 3377, 2003, 1372, 
2138, 3500, 4048, 3223, 1859, 1388, 2325, 3619, 4071, 3040, 
1733, 1417, 2446, 3740, 3972, 2894, 1631, 1498, 2623, 3844, 
3911, 2723, 1541, 1572, 2789, 3936, 3819, 2515, 1474, 1671, 
2972, 3984, 3705, 2388, 1408, 1803, 3127, 4044, 3598, 2216, 
1364, 1921, 3294, 4086, 3465, 2072, 1363, 2051, 3424, 4071, 
3295, 1936, 1386, 2209, 3571, 4047, 3142, 1811, 1420, 2382, 
3707, 4015, 2987, 1695, 1468, 2519, 3808, 3945, 2806, 1580, 
1548, 2681, 3885, 3860, 2664, 1502, 1628, 2868, 3966, 3763, 
2462, 1400, 1680, 3021, 4027, 3649, 2318, 1409, 1852, 3207, 
4064, 3531, 2155, 1389, 1987, 3361, 4083, 3372, 2017, 1372, 
2132, 3503, 4070, 3192, 1871, 1388, 2295, 3641, 4025, 3062, 
1745, 1439, 2467, 3748, 3980, 2894, 1639, 1489, 2607, 3825, 
3887, 2727, 1547, 1568, 2791, 3948, 3809, 2576, 1468, 1688, 
2955, 4000, 3729, 2396, 1435, 1785, 3132, 4047, 3596, 2230, 
1383, 1931, 3272, 4064, 3447, 2091, 1377, 2067, 3444, 4080, 
3321, 1937, 1392, 2208, 3579, 4075, 3171, 1852, 1422, 2393, 
3679, 4004, 2984, 1694, 1469, 2542, 3809, 3952, 2828, 1592, 
1542, 2702, 3903, 3870, 2639, 1497, 1627, 2873, 3968, 3772, 
2456, 1438, 1720, 3051, 4019, 3656, 2318, 1373, 1876, 3204, 
4062, 3524, 2166, 1403, 2012, 3374, 4072, 3371, 2005, 1382, 
2138, 3499, 4070, 3239, 1882, 1392, 2292, 3647, 4048, 3068, 
1756, 1439, 2459, 3758, 3987, 2929, 1662, 1487, 2681, 3868, 
3936, 2737, 1546, 1580, 2795, 3942, 3827, 2569, 1475, 1678, 
2939, 3965, 3680, 2390, 1425, 1791, 3123, 4043, 3598, 2243, 
1392, 1929, 3286, 4073, 3463, 2059, 1348, 2046, 3440, 4080, 
3312, 1942, 1379, 2216, 3582, 4064, 3203, 1792, 1422, 2360, 
3704, 4012, 2990, 1696, 1471, 2534, 3809, 3960, 2835, 1624, 
1552, 2710, 3907, 3864, 2664, 1500, 1620, 2866, 3968, 3772, 
2476, 1448, 1733, 3041, 4043, 3671, 2318, 1414, 1842, 3204, 
4052, 3532, 2159, 1379, 1994, 3356, 4073, 3384, 2019, 1379, 
2136, 3507, 4076, 3247, 1884, 1406, 2287, 3618, 4024, 3076, 
1755, 1446, 2464, 3761, 3999, 2914, 1639, 1492, 2627, 3864, 
3919, 2755, 1552, 1584, 2796, 3943, 3825, 2572, 1481, 1676, 
2956, 4004, 3686, 2398, 1434, 1792, 3113, 4059, 3592, 2240, 
1395, 1923, 3287, 4088, 3494, 2104, 1366, 2057, 3432, 4078, 
3315, 1938, 1379, 2212, 3570, 4074, 3148, 1814, 1414, 2356, 
3692, 4007, 2990, 1712, 1447, 2563, 3798, 3952, 2833, 1600, 
1518, 2708, 3900, 3888, 2652, 1511, 1627, 2883, 3987, 3783, 
2483, 1454, 1906, 3289, 4080, 3391, 1982, 1378, 2264, 3636, 
4025, 2990, 1664, 1490, 2638, 3862, 3847, 2567, 1471, 1728, 
3087, 4039, 3567, 2166, 1378, 2065, 3478, 4089, 3195, 1820, 
1435, 2446, 3774, 3958, 2776, 1550, 1606, 2881, 3993, 3718, 
2352, 1379, 1864, 3283, 4035, 3388, 1985, 1385, 2255, 3647, 
4035, 3000, 1670, 1498, 2666, 3907, 3862, 2579, 1469, 1734, 
3082, 4049, 3559, 2163, 1390, 2052, 3462, 4083, 3200, 1820, 
1406, 2455, 3782, 3952, 2795, 1551, 1610, 2972, 4036, 3490, 
1774, 1543, 2892, 3996, 3663, 2279, 1405, 2042, 3456, 4084, 
3224, 1835, 1420, 2428, 3772, 3968, 2809, 1556, 1584, 2844, 
3939, 3699, 2391, 1411, 1872, 3257, 4079, 3408, 2002, 1351, 
2168, 3600, 4017, 3020, 1667, 1497, 2636, 3900, 3870, 2599, 
1471, 1715, 3054, 4040, 3579, 2198, 1392, 2025, 3447, 4083, 
3221, 1816, 1404, 2427, 3769, 3967, 2812, 1556, 1549, 2839, 
3969, 3747, 2401, 1412, 1865, 3281, 4087, 3431, 1987, 1379, 
2223, 3636, 4025, 3025, 1679, 1489, 2631, 3897, 3868, 2615, 
1468, 1699, 3043, 4023, 3593, 2196, 1374, 2036, 3444, 4080, 
3222, 1831, 1421, 2437, 3776, 3959, 2805, 1556, 1586, 2857, 
3990, 3760, 2400, 1401, 1852, 3246, 4051, 3445, 2006, 1354, 
2225, 3595, 4017, 3019, 1691, 1491, 2647, 3895, 3875, 2585, 
1470, 1720, 3060, 4046, 3593, 2192, 1376, 2033, 3449, 4081, 
3231, 1826, 1372, 2430, 3764, 3966, 2800, 1580, 1585, 2874, 
3992, 3743, 2387, 1406, 1849, 3267, 4071, 3413, 2009, 1378, 
2219, 3616, 4041, 3020, 1695, 1490, 2656, 3895, 3871, 2604, 
1476, 1716, 3062, 4041, 3597, 2147, 1349, 2029, 3448, 4075, 
3235, 1830, 1417, 2410, 3752, 3945, 2792, 1558, 1591, 2851, 
3980, 3748, 2391, 1408, 1867, 3251, 4078, 3427, 2009, 1382, 
2216, 3619, 4055, 3023, 1684, 1455, 2649, 3889, 3868, 2606, 
1466, 1718, 3059, 4047, 3603, 2196, 1380, 2009, 3443, 4076, 
3214, 1835, 1414, 2413, 3761, 3963, 2808, 1567, 1578, 2849, 
3980, 3735, 2388, 1444, 1870, 3255, 4079, 3407, 2003, 1378, 
2223, 3622, 4044, 3025, 1695, 1487, 2640, 3895, 3848, 2611, 
1480, 1720, 3047, 4012, 3588, 2178, 1379, 2036, 3432, 4060, 
3215, 1839, 1447, 2430, 3748, 3964, 2807, 1563, 1576, 2844, 
3975, 3743, 2397, 1416, 1865, 3251, 4073, 3425, 2003, 1380, 
2215, 3620, 4047, 3028, 1684, 1492, 2627, 3888, 3879, 2607, 
1465, 1671, 3027, 4055, 3617, 2230, 1401, 2035, 3447, 4076, 
3228, 1824, 1415, 2419, 3763, 3977, 2819, 1566, 1572, 2848, 
3980, 3745, 2390, 1424, 1861, 3251, 4065, 3430, 1992, 1379, 
2156, 3571, 4052, 3028, 1687, 1481, 2643, 3939, 3875, 2599, 
1473, 1720, 3068, 4048, 3588, 2196, 1379, 2030, 3440, 4081, 
3222, 1844, 1421, 2430, 3769, 3980, 2816, 1573, 1585, 2846, 
3987, 3761, 2395, 1411, 1866, 3256, 4070, 3407, 1995, 1380, 
2228, 3615, 4033, 3025, 1731, 1482, 2638, 3879, 3852, 2591, 
1468, 1705, 3051, 4036, 3580, 2178, 1379, 2047, 3455, 4080, 
3227, 1840, 1409, 2419, 3771, 3993, 2809, 1574, 1584, 2848, 
3976, 3745, 2391, 1411, 1853, 3253, 4070, 3427, 2006, 1393, 
2229, 3632, 4038, 3018, 1684, 1431, 2599, 3879, 3855, 2603, 
1487, 1703, 3054, 4039, 3599, 2191, 1390, 2028, 3460, 4084, 
3227, 1830, 1416, 2424, 3774, 3968, 2808, 1566, 1579, 2840, 

2918, 1472, 1620, 2859, 3936, 3720, 2428, 1424, 1735, 
3032, 4001, 3605, 2254, 1376, 1847, 3204, 4025, 3463, 2106, 
1353, 1977, 3336, 4043, 3336, 1969, 1324, 2134, 3502, 4023, 
3172, 1832, 1387, 2304, 3631, 3999, 3017, 1720, 1444, 2461, 
3739, 3935, 2840, 1607, 1506, 2635, 3836, 3876, 2683, 1524, 
1576, 2822, 3936, 3763, 2520, 1453, 1711, 2963, 3984, 3670, 
2353, 1404, 1800, 3143, 4025, 3561, 2192, 1382, 1934, 3302, 
4060, 3422, 2051, 1364, 2076, 3443, 4047, 3267, 1913, 1384, 
2225, 3585, 3995, 3081, 1767, 1415, 2375, 3705, 3987, 2939, 
1684, 1459, 2560, 3820, 3919, 2777, 1570, 1541, 2727, 3903, 
3839, 2616, 1488, 1639, 2887, 3966, 3740, 2445, 1436, 1753, 
3051, 4019, 3614, 2303, 1389, 1847, 3203, 4036, 3495, 2126, 
1373, 1998, 3368, 4056, 3347, 1979, 1381, 2162, 3520, 4057, 
3199, 1845, 1406, 2314, 3651, 4020, 3036, 1727, 1443, 2475, 
3756, 3964, 2871, 1634, 1511, 2640, 3844, 3900, 2695, 1543, 
1585, 2807, 3921, 3803, 2539, 1479, 1690, 2990, 4007, 3695, 
2377, 1413, 1815, 3152, 4052, 3573, 2216, 1382, 1949, 3303, 
4073, 3432, 2056, 1357, 2079, 3462, 4078, 3259, 1920, 1376, 
2243, 3592, 4052, 3126, 1802, 1399, 2377, 3708, 3996, 2971, 
1679, 1475, 2561, 3822, 3937, 2796, 1574, 1545, 2723, 3908, 
3843, 2621, 1523, 1656, 2893, 3980, 3768, 2449, 1438, 1744, 
3068, 4025, 3627, 2295, 1398, 1863, 3231, 4073, 3502, 2140, 
1368, 2016, 3369, 4072, 3359, 2008, 1374, 2164, 3520, 4079, 
3219, 1844, 1392, 2303, 3676, 4035, 3047, 1748, 1435, 2483, 
3779, 3980, 2881, 1622, 1510, 2655, 3862, 3900, 2708, 1526, 
1592, 2827, 3953, 3827, 2551, 1476, 1698, 2990, 4032, 3716, 
2403, 1407, 1803, 3136, 4071, 3580, 2198, 1396, 1935, 3311, 
4071, 3433, 2059, 1383, 2086, 3459, 4083, 3311, 1920, 1373, 
2222, 3580, 4044, 3136, 1800, 1422, 2404, 3710, 4007, 2955, 
1668, 1490, 2580, 3855, 3896, 2779, 1566, 1548, 2744, 3916, 
3857, 2628, 1496, 1644, 2892, 3971, 3771, 2454, 1442, 1755, 
3057, 4020, 3635, 2294, 1394, 1881, 3229, 4065, 3515, 2144, 
1375, 2022, 3380, 4068, 3359, 1976, 1384, 2142, 3533, 4073, 
3214, 1853, 1404, 2323, 3659, 4035, 3051, 1732, 1445, 2492, 
3772, 3969, 2886, 1630, 1511, 2651, 3879, 3916, 2726, 1540, 
1596, 2780, 3942, 3823, 2551, 1457, 1683, 2999, 4003, 3696, 
2374, 1416, 1814, 3140, 4038, 3567, 2220, 1390, 1940, 3318, 
4080, 3452, 2062, 1372, 2086, 3460, 4078, 3309, 1936, 1379, 
2244, 3574, 4063, 3137, 1799, 1415, 2385, 3711, 4020, 2964, 
1684, 1476, 2568, 3840, 3943, 2805, 1577, 1548, 2711, 3918, 
3857, 2625, 1495, 1647, 2899, 3985, 3767, 2457, 1440, 1759, 
3070, 4060, 3657, 2275, 1388, 1873, 3227, 4067, 3513, 2147, 
1390, 2019, 3388, 4083, 3380, 2004, 1381, 2168, 3524, 4071, 
3224, 1857, 1407, 2300, 3668, 4047, 3056, 1743, 1464, 2475, 
3768, 3985, 2894, 1612, 1500, 2644, 3872, 3918, 2719, 1564, 
1571, 2820, 3934, 3814, 2545, 1466, 1697, 2980, 4011, 3705, 
2377, 1419, 1808, 3161, 4065, 3585, 2222, 1386, 1935, 3300, 
4083, 3454, 2076, 1388, 2080, 3436, 4081, 3284, 1927, 1382, 
2206, 3567, 4047, 3123, 1795, 1430, 2393, 3719, 4014, 2977, 
1686, 1470, 2560, 3816, 3943, 2798, 1581, 1513, 2712, 3904, 
3868, 2643, 1444, 1826, 3187, 4060, 3452, 2080, 1379, 2147, 
3563, 4056, 3098, 1743, 1459, 2555, 3841, 3903, 2678, 1500, 
1664, 2985, 4023, 3646, 2263, 1387, 1969, 3379, 4081, 3305, 
1886, 1397, 2323, 3694, 3988, 2884, 1609, 1555, 2770, 3968, 
3800, 2472, 1436, 1807, 3187, 4064, 3471, 2068, 1366, 2156, 
3555, 4052, 3095, 1739, 1458, 2578, 3844, 3932, 2692, 1470, 
1655, 2967, 4027, 3656, 2265, 1387, 1979, 3392, 4083, 3297, 
1881, 1394, 2352, 3731, 3992, 2894, 1601, 1586, 2902, 4038, 
3311, 1699, 1519, 2755, 3959, 3780, 2456, 1403, 1894, 3323, 
4067, 3367, 1968, 1378, 2279, 3666, 4027, 2974, 1668, 1502, 
2684, 3910, 3840, 2543, 1467, 1732, 3095, 4052, 3528, 2148, 
1361, 2085, 3507, 4064, 3180, 1824, 1429, 2464, 3783, 3940, 
2758, 1536, 1620, 2899, 4000, 3721, 2371, 1419, 1919, 3310, 
4080, 3379, 1958, 1380, 2272, 3654, 4025, 2968, 1667, 1505, 
2671, 3896, 3843, 2545, 1473, 1760, 3097, 4052, 3550, 2135, 
1377, 2090, 3480, 4076, 3182, 1804, 1434, 2465, 3807, 3952, 
2759, 1539, 1606, 2895, 3999, 3717, 2348, 1400, 1911, 3328, 
4076, 3380, 1955, 1375, 2286, 3640, 4028, 2979, 1663, 1498, 
2681, 3920, 3840, 2556, 1448, 1731, 3107, 4051, 3556, 2124, 
1383, 2080, 3471, 4080, 3191, 1800, 1434, 2479, 3814, 3942, 
2758, 1537, 1603, 2903, 3990, 3698, 2350, 1404, 1880, 3248, 
4067, 3363, 1960, 1394, 2278, 3656, 4032, 2975, 1659, 1511, 
2686, 3911, 3847, 2553, 1462, 1760, 3119, 4048, 3555, 2140, 
1369, 2063, 3484, 4047, 3197, 1806, 1420, 2476, 3804, 3948, 
2769, 1545, 1607, 2903, 3990, 3719, 2375, 1421, 1916, 3294, 
4083, 3374, 1963, 1380, 2267, 3647, 4020, 2994, 1664, 1498, 
2712, 3915, 3830, 2567, 1465, 1720, 3090, 4060, 3548, 2142, 
1372, 2089, 3456, 4081, 3192, 1783, 1443, 2454, 3790, 3932, 
2764, 1543, 1567, 2851, 3968, 3704, 2364, 1406, 1927, 3317, 
4064, 3376, 1957, 1374, 2278, 3662, 4031, 2979, 1660, 1505, 
2681, 3907, 3852, 2559, 1440, 1737, 3113, 4052, 3568, 2158, 
1364, 2041, 3508, 4063, 3180, 1804, 1432, 2477, 3782, 3920, 
2742, 1543, 1611, 2899, 4007, 3726, 2348, 1407, 1897, 3308, 
4079, 3388, 1966, 1390, 2272, 3655, 4039, 2979, 1655, 1502, 
2684, 3905, 3852, 2556, 1448, 1727, 3102, 4027, 3553, 2168, 
1344, 2070, 3497, 4073, 3185, 1811, 1398, 2435, 3791, 3939, 
2769, 1547, 1611, 2897, 3999, 3720, 2352, 1405, 1907, 3308, 
4079, 3371, 1968, 1382, 2252, 3660, 4009, 2965, 1672, 1485, 
2691, 3913, 3857, 2553, 1476, 1753, 3091, 4063, 3574, 2147, 
1368, 2081, 3511, 4084, 3172, 1784, 1423, 2470, 3794, 3950, 
2774, 1547, 1606, 2891, 4016, 3724, 2344, 1407, 1907, 3302, 
4073, 3372, 1963, 1377, 2255, 3660, 4017, 2987, 1660, 1507, 
2688, 3935, 3828, 2561, 1473, 1736, 3093, 4059, 3564, 2168, 
1397, 2079, 3475, 4078, 3188, 1795, 1421, 2471, 3800, 3940, 
2764, 1546, 1619, 2879, 3999, 3705, 2345, 1414, 1885, 3299, 
4070, 3374, 1964, 1385, 2264, 3648, 4031, 2972, 1697, 1479, 
2667, 3920, 3809, 2555, 1451, 1717, 3090, 4048, 3561, 2153, 
1379, 2070, 3500, 4075, 3197, 1807, 1432, 2465, 3800, 3960, 
2769, 1560, 1598, 2898, 3996, 3705, 2351, 1377, 1904, 3282, 
4078, 3387, 1953, 1384, 2278, 3644, 3999, 3008, 1656, 1491, 
=== End Window ===
