
START
1927, 2680, 2523, 2102, 1760, 1484, 1348, 1392, 
1603, 1921, 2267, 2547, 2691, 2657, 2463, 2148, 1802, 1512, 
1358, 1433, 1679, 2014, 2352, 2602, 2703, 2627, 2393, 2063, 
1723, 1459, 1348, 1416, 1644, 1972, 2320, 2648, 2703, 2584, 
2317, 1974, 1646, 1417, 1350, 1464, 1727, 2068, 2400, 2198, 
1849, 1547, 1372, 1418, 1649, 1977, 2321, 2588, 2710, 2655, 
2435, 2110, 1767, 1491, 1356, 1403, 1617, 1936, 2286, 2636, 
2715, 2612, 2361, 2021, 1687, 1440, 1353, 1445, 1694, 2028, 
2369, 2619, 2719, 2636, 2401, 1935, 1612, 1403, 1360, 1497, 
1778, 2121, 2448, 2663, 2716, 2591, 2323, 1976, 1650, 1420, 
1356, 1560, 1863, 2215, 2516, 2695, 2703, 2536, 2238, 1888, 
1578, 1387, 1369, 1531, 1823, 2172, 2487, 2715, 2675, 2471, 
2151, 1801, 1515, 1365, 1395, 1596, 1913, 2263, 2554, 2711, 
2694, 2504, 2195, 1721, 1463, 1357, 1433, 1671, 2003, 2348, 
2611, 2727, 2660, 2437, 2106, 1760, 1487, 1361, 1415, 1752, 
2096, 2428, 2658, 2728, 2617, 2359, 2015, 1681, 1437, 1358, 
1459, 1714, 2053, 2392, 2639, 2716, 2565, 2275, 1925, 1608, 
1400, 1367, 1512, 1796, 2145, 2468, 2679, 2724, 2591, 2316, 
1969, 1541, 1376, 1388, 1575, 1884, 2236, 2536, 2708, 2707, 
2534, 2232, 1879, 1572, 1388, 1378, 1545, 1973, 2323, 2593, 
2727, 2680, 2465, 2143, 1794, 1509, 1367, 1405, 1613, 1934, 
2284, 2570, 2720, 2638, 2389, 2051, 1712, 1458, 1360, 1443, 
1688, 2024, 2367, 2623, 2733, 2660, 2430, 2095, 1750, 1415, 
1365, 1494, 1769, 2116, 2448, 2670, 2732, 2616, 2348, 2003, 
1673, 1432, 1361, 1470, 1732, 2207, 2517, 2703, 2719, 2559, 
2265, 1915, 1599, 1396, 1374, 1526, 1816, 2165, 2486, 2691, 
2726, 2493, 2177, 1825, 1533, 1375, 1396, 1590, 1902, 2255, 
2551, 2716, 2707, 2527, 2220, 1867, 1562, 1361, 1431, 1662, 
1992, 2340, 2609, 2732, 2675, 2456, 2128, 1782, 1503, 1367, 
1415, 1625, 1951, 2423, 2659, 2737, 2633, 2380, 2038, 1702, 
1451, 1361, 1453, 1706, 2041, 2383, 2636, 2736, 2656, 2299, 
1947, 1624, 1413, 1368, 1506, 1787, 2135, 2460, 2679, 2734, 
2609, 2339, 1991, 1660, 1429, 1386, 1567, 1870, 2227, 2531, 
2711, 2718, 2550, 2251, 1899, 1588, 1395, 1376, 1536, 1832, 
2183, 2590, 2729, 2688, 2484, 2163, 1813, 1523, 1373, 1400, 
1602, 1920, 2272, 2564, 2721, 2704, 2518, 2072, 1730, 1470, 
1363, 1438, 1676, 2009, 2355, 2622, 2736, 2672, 2447, 2115, 
1769, 1494, 1366, 1487, 1756, 2103, 2435, 2667, 2737, 2625, 
2367, 2023, 1687, 1445, 1362, 1463, 1719, 2059, 2400, 2700, 
2725, 2573, 2284, 1932, 1612, 1407, 1372, 1516, 1801, 2151, 
2477, 2686, 2734, 2598, 2323, 1843, 1547, 1382, 1392, 1579, 
1887, 2240, 2543, 2715, 2715, 2542, 2237, 1885, 1575, 1391, 
1380, 1649, 1977, 2327, 2601, 2734, 2683, 2473, 2149, 1799, 
1514, 1370, 1408, 1615, 1935, 2287, 2575, 2738, 2642, 2398, 
2057, 1716, 1462, 1362, 1447, 1691, 2026, 2371, 2628, 2738, 
2668, 2433, 2100, 1639, 1419, 1366, 1496, 1771, 2118, 2448, 
2673, 2737, 2620, 2355, 2008, 1676, 1438, 1364, 1472, 1856, 
2210, 2520, 2707, 2723, 2563, 2270, 1919, 1599, 1400, 1374, 
1527, 1816, 2168, 2488, 2691, 2697, 2499, 2181, 1828, 1536, 
1377, 1396, 1590, 1904, 2255, 2555, 2719, 2713, 2531, 2224, 
1871, 1480, 1365, 1432, 1663, 1993, 2341, 2613, 2734, 2680, 
2462, 2132, 1773, 1480, 1364, 1487, 1841, 2332, 2612, 2736, 
2680, 2454, 2107, 1760, 1489, 1366, 1424, 1649, 1977, 2328, 
2601, 2734, 2685, 2360, 2015, 1680, 1439, 1363, 1469, 1728, 
2070, 2408, 2652, 2739, 2646, 2398, 2057, 1716, 1461, 1374, 
1521, 1812, 2161, 2483, 2689, 2732, 2596, 2316, 1967, 1638, 
1421, 1365, 1496, 1771, 2119, 2550, 2719, 2713, 2535, 2229, 
1876, 1570, 1389, 1383, 1555, 1857, 2209, 2520, 2707, 2723, 
2563, 2140, 1792, 1508, 1369, 1412, 1623, 1945, 2298, 2582, 
2728, 2697, 2499, 2182, 1830, 1536, 1376, 1451, 1700, 2036, 
2380, 2635, 2739, 2662, 2427, 2091, 1746, 1481, 1364, 1431, 
1663, 1993, 2342, 2678, 2737, 2619, 2348, 1999, 1667, 1433, 
1364, 1478, 1739, 2087, 2422, 2660, 2739, 2636, 2384, 1908, 
1595, 1398, 1376, 1534, 1827, 2176, 2496, 2695, 2728, 2585, 
2302, 1951, 1628, 1415, 1370, 1598, 1916, 2267, 2561, 2720, 
2708, 2524, 2215, 1863, 1559, 1385, 1388, 1566, 1872, 2224, 
2532, 2735, 2678, 2455, 2124, 1772, 1500, 1367, 1419, 1635, 
1962, 2312, 2591, 2732, 2691, 2488, 2167, 1695, 1448, 1362, 
1459, 1712, 2052, 2394, 2643, 2740, 2652, 2412, 2074, 1732, 
1472, 1363, 1439, 1796, 2144, 2471, 2683, 2734, 2607, 2334, 
1983, 1655, 1427, 1366, 1486, 1755, 2104, 2435, 2667, 2718, 
2550, 2246, 1892, 1582, 1393, 1379, 1544, 1843, 2192, 2507, 
2702, 2728, 2576, 2287, 1934, 1519, 1372, 1406, 1611, 1929, 
2280, 2571, 2725, 2702, 2515, 2198, 1847, 1550, 1379, 1392, 
1577, 2020, 2365, 2627, 2739, 2670, 2440, 2108, 1761, 1490, 
1366, 1423, 1649, 1977, 2325, 2601, 2734, 2624, 2362, 2016, 
1681, 1440, 1363, 1468, 1728, 2068, 2407, 2651, 2739, 2648, 
2400, 2059, 1718, 1404, 1370, 1523, 1809, 2160, 2484, 2689, 
2732, 2596, 2317, 1968, 1640, 1420, 1368, 1495, 1769, 2249, 
2550, 2719, 2713, 2536, 2230, 1878, 1569, 1390, 1383, 1553, 
1857, 2208, 2520, 2707, 2723, 2467, 2140, 1792, 1510, 1369, 
1411, 1624, 1944, 2296, 2580, 2727, 2699, 2499, 2184, 1832, 
1538, 1363, 1452, 1699, 2035, 2380, 2633, 2739, 2663, 2428, 
2091, 1747, 1481, 1364, 1430, 1663, 1991, 2457, 2679, 2736, 
2616, 2348, 2003, 1668, 1434, 1363, 1477, 1740, 2084, 2421, 
2660, 2740, 2639, 2265, 1910, 1596, 1398, 1376, 1533, 1824, 
2174, 2494, 2695, 2730, 2587, 2303, 1952, 1630, 1415, 1400, 
1598, 1913, 2264, 2559, 2721, 2708, 2525, 2216, 1863, 1560, 
1385, 1388, 1566, 1871, 2224, 2617, 2734, 2678, 2455, 2125, 
1777, 1501, 1367, 1419, 1635, 1960, 2312, 2591, 2731, 2692, 
2489, 2033, 1696, 1450, 1364, 1458, 1712, 2052, 2393, 2643, 
2737, 2655, 2416, 2076, 1734, 1473, 1363, 1511, 1795, 2144, 
2469, 2683, 2734, 2608, 2332, 1983, 1656, 1427, 1364, 1486, 
1756, 2099, 2435, 2714, 2718, 2549, 2247, 1894, 1583, 1394, 
1379, 1543, 1840, 2188, 2507, 2700, 2728, 2577, 2289, 1808, 
1519, 1373, 1406, 1610, 1927, 2279, 2567, 2724, 2703, 2511, 
2201, 1847, 1549, 1381, 1392, 1683, 2018, 2363, 2624, 2737, 
2669, 2441, 2111, 1763, 1493, 1366, 1423, 1648, 1976, 2324, 
2601, 2738, 2625, 2363, 2017, 1681, 1443, 1363, 1467, 1728, 
2067, 2407, 2651, 2739, 2648, 2402, 2060, 1609, 1405, 1373, 
1520, 1809, 2159, 2483, 2687, 2732, 2598, 2319, 1969, 1643, 
1421, 1367, 1495, 1896, 2247, 2548, 2718, 2715, 2537, 2232, 
1880, 1571, 1388, 1383, 1553, 1855, 2207, 2518, 2707, 2684, 
2467, 2140, 1792, 1508, 1367, 1413, 1621, 1943, 2295, 2580, 
2732, 2699, 2502, 2185, 1836, 1459, 1363, 1451, 1697, 2035, 
2379, 2632, 2739, 2663, 2430, 2093, 1749, 1482, 1364, 1430, 
1661, 2127, 2456, 2678, 2736, 2616, 2350, 1999, 1669, 1435, 
1364, 1476, 1741, 2083, 2420, 2661, 2739, 2559, 2263, 1912, 
1596, 1399, 1376, 1532, 1824, 2174, 2492, 2695, 2729, 2587, 
2304, 1954, 1628, 1376, 1399, 1598, 1912, 2264, 2558, 2721, 
2708, 2526, 2216, 1866, 2718, 2553, 2255, 1904, 1591, 1366, 
1415, 1632, 1957, 2307, 2588, 2727, 2691, 2488, 2168, 1816, 
1527, 1373, 1399, 1599, 1915, 2391, 2639, 2736, 2654, 2413, 
2075, 1734, 1472, 1363, 1436, 1673, 2004, 2352, 2620, 2735, 
2673, 2333, 1984, 1655, 1427, 1365, 1484, 1752, 2097, 2430, 
2663, 2736, 2629, 2371, 2027, 1692, 1447, 1377, 1540, 1837, 
2188, 2503, 2700, 2727, 2575, 2289, 1936, 1615, 1408, 1369, 
1513, 1796, 2147, 2564, 2723, 2701, 2513, 2199, 1848, 1550, 
1381, 1390, 1576, 1883, 2236, 2540, 2713, 2716, 2544, 2108, 
1762, 1490, 1366, 1423, 1646, 1974, 2323, 2599, 2732, 2686, 
2478, 2152, 1800, 1517, 1372, 1467, 1725, 2065, 2404, 2648, 
2739, 2648, 2401, 2060, 1720, 1464, 1363, 1444, 1685, 2021, 
2367, 2687, 2732, 2595, 2319, 1969, 1643, 1422, 1365, 1494, 
1767, 2112, 2444, 2671, 2739, 2622, 2359, 1880, 1571, 1389, 
1382, 1552, 1852, 2204, 2516, 2705, 2727, 2567, 2275, 1923, 
1606, 1402, 1374, 1620, 1942, 2294, 2579, 2727, 2699, 2502, 
2186, 1834, 1539, 1377, 1395, 1587, 1899, 2252, 2551, 2739, 
2663, 2427, 2095, 1749, 1483, 1365, 1429, 1660, 1990, 2337, 
2609, 2734, 2681, 2463, 2136, 1671, 1435, 1361, 1477, 1739, 
2081, 2419, 2657, 2739, 2640, 2387, 2046, 1705, 1455, 1363, 
1452, 1823, 2175, 2492, 2695, 2729, 2585, 2307, 1953, 1631, 
1414, 1368, 1503, 1783, 2131, 2459, 2680, 2710, 2527, 2218, 
1866, 1562, 1387, 1387, 1563, 1870, 2222, 2528, 2711, 2720, 
2558, 2259, 1908, 1503, 1367, 1418, 1634, 1957, 2308, 2588, 
2731, 2694, 2491, 2171, 1819, 1528, 1372, 1400, 1599, 2048, 
2391, 2640, 2738, 2656, 2417, 2076, 1736, 1473, 1363, 1436, 
1672, 2004, 2352, 2619, 2736, 2608, 2335, 1987, 1658, 1427, 
1365, 1484, 1752, 2098, 2432, 2665, 2739, 2630, 2375, 2031, 
1695, 1396, 1378, 1543, 1838, 2190, 2504, 2699, 2727, 2579, 
2291, 1939, 1619, 1410, 1372, 1514, 1796, 2278, 2568, 2725, 
2704, 2515, 2201, 1851, 1551, 1382, 1390, 1574, 1883, 2236, 
2540, 2716, 2712, 2442, 2111, 1763, 1491, 1367, 1421, 1646, 
1973, 2320, 2599, 2734, 2687, 2479, 2153, 1806, 1518, 1363, 
1466, 1724, 2064, 2404, 2649, 2739, 2651, 2402, 2063, 1723, 
1465, 1364, 1443, 1686, 2022, 2480, 2688, 2735, 2599, 2321, 
1971, 1644, 1422, 1364, 1493, 1766, 2111, 2445, 2672, 2737, 
2624, 2234, 1881, 1573, 1391, 1382, 1552, 1852, 2204, 2516, 
2706, 2724, 2568, 2275, 1922, 1607, 1403, 1411, 1619, 1941, 
2292, 2579, 2729, 2701, 2503, 2188, 1837, 1540, 1381, 1395, 
1587, 1899, 2252, 2632, 2739, 2663, 2431, 2096, 1749, 1484, 
1365, 1428, 1659, 1987, 2336, 2609, 2736, 2680, 2467, 2003, 
1675, 1435, 1363, 1475, 1739, 2079, 2419, 2656, 2739, 2640, 
2390, 2047, 1708, 1457, 1363, 1530, 1822, 2172, 2492, 2694, 
2734, 2588, 2307, 1955, 1631, 1416, 1368, 1503, 1781, 2129, 
2458, 2721, 2711, 2528, 2220, 1867, 1562, 1386, 1386, 1563, 
1867, 2220, 2527, 2711, 2723, 2556, 2260, 1782, 1503, 1368, 
1416, 1632, 1955, 2307, 2589, 2729, 2695, 2492, 2172, 1821, 
1528, 1376, 1400, 1709, 2048, 2390, 2641, 2739, 2657, 2418, 
2080, 1737, 1474, 1364, 1435, 1673, 2002, 2352, 2619, 2736, 
2609, 2338, 1988, 1657, 1428, 1365, 1485, 1752, 2096, 2432, 
2665, 2739, 2632, 2376, 2032, 1587, 1395, 1378, 1542, 1836, 
2188, 2504, 2701, 2727, 2580, 2293, 1941, 1620, 1410, 1369, 
1514, 1924, 2278, 2569, 2724, 2705, 2517, 2204, 1852, 1553, 
1384, 1392, 1574, 1883, 2236, 2540, 2716, 2673, 2447, 2115, 
1767, 1493, 1367, 1422, 1645, 1971, 2322, 2598, 2732, 2688, 
2479, 2156, 1806, 1444, 1363, 1465, 1723, 2063, 2403, 2648, 
2742, 2650, 2404, 2064, 1723, 1467, 1364, 1443, 1683, 2155, 
2478, 2689, 2732, 2599, 2321, 1972, 1646, 1423, 1366, 1493, 
1764, 2111, 2444, 2671, 2737, 2542, 2236, 1867, 1557, 1379, 
1419, 1694, 2042, 2384, 2640, 2739, 2654, 2408, 2050, 1710, 
1458, 1376, 1532, 1820, 2171, 2491, 2695, 2731, 2590, 2307, 
1958, 1632, 1416, 1368, 1502, 1780, 2127, 2556, 2720, 2710, 
2528, 2220, 1867, 1563, 1387, 1384, 1561, 1864, 2218, 2527, 
2710, 2720, 2558, 2129, 1781, 1503, 1368, 1416, 1630, 1955, 
2304, 2588, 2731, 2694, 2492, 2174, 1821, 1530, 1375, 1456, 
1708, 2047, 2390, 2640, 2739, 2656, 2419, 2080, 1738, 1475, 
1364, 1435, 1674, 2003, 2350, 2680, 2736, 2609, 2338, 1990, 
1659, 1430, 1364, 1483, 1751, 2096, 2431, 2664, 2737, 2632, 
2376, 1900, 1587, 1395, 1379, 1540, 1835, 2188, 2503, 2700, 
2728, 2580, 2293, 1942, 1619, 1411, 1371, 1606, 1923, 2273, 
2567, 2724, 2705, 2518, 2204, 1854, 1552, 1382, 1390, 1574, 
1881, 2233, 2538, 2738, 2672, 2444, 2115, 1767, 1493, 1367, 
1423, 1644, 1971, 2321, 2599, 2734, 2689, 2480, 2157, 1686, 
1443, 1363, 1465, 1721, 2062, 2402, 2648, 2740, 2651, 2404, 
2065, 1724, 1467, 1364, 1443, 1804, 2155, 2478, 2687, 2732, 
2600, 2320, 1975, 1646, 1423, 1366, 1493, 1763, 2112, 2444, 
2672, 2716, 2541, 2236, 1883, 1574, 1391, 1382, 1551, 1852, 
2201, 2514, 2705, 2727, 2571, 2279, 1927, 1513, 1371, 1409, 
1619, 1939, 2290, 2575, 2729, 2700, 2504, 2188, 1838, 1544, 
1379, 1395, 1585, 2030, 2371, 2631, 2739, 2665, 2432, 2097, 
1752, 1484, 1365, 1427, 1656, 1984, 2335, 2608, 2735, 2619, 
2353, 2006, 1673, 1436, 1365, 1473, 1735, 2079, 2416, 2656, 
2740, 2643, 2392, 2051, 1709, 1400, 1375, 1529, 1820, 2170, 
2490, 2694, 2732, 2590, 2310, 1956, 1635, 1417, 1370, 1502, 
1779, 2259, 2556, 2721, 2712, 2532, 2220, 1870, 1564, 1387, 
1387, 1560, 1865, 2217, 2526, 2708, 2721, 2457, 2131, 1783, 
1504, 1368, 1416, 1629, 1952, 2304, 2587, 2728, 2695, 2493, 
2175, 1823, 1531, 1363, 1457, 1707, 2044, 2387, 2638, 2738, 
2659, 2419, 2083, 1739, 1475, 1363, 1435, 1670, 2002, 2464, 
2682, 2736, 2611, 2339, 1991, 1660, 1430, 1364, 1484, 1749, 
2094, 2430, 2664, 2739, 2633, 2253, 1901, 1588, 1396, 1379, 
1539, 1834, 2184, 2502, 2700, 2728, 2581, 2295, 1942, 1621, 
1412, 1402, 1604, 1922, 2273, 2567, 2723, 2707, 2518, 2206, 
1854, 1553, 1383, 1389, 1572, 1883, 2234, 2622, 2736, 2673, 
2447, 2115, 1775, 1494, 1368, 1420, 1643, 1971, 2320, 2598, 
2732, 2688, 2482, 2023, 1688, 1444, 1363, 1465, 1721, 2060, 
2401, 2648, 2739, 2650, 2407, 2067, 1726, 1468, 1363, 1517, 
1803, 2152, 2477, 2687, 2734, 2601, 2324, 1975, 1647, 1426, 
1365, 1490, 1763, 2109, 2443, 2717, 2716, 2544, 2238, 1885, 
1575, 1392, 1382, 1549, 1849, 2200, 2514, 2704, 2725, 2571, 
2279, 1799, 1514, 1371, 1409, 1616, 1938, 2289, 2576, 2727, 
2702, 2505, 2191, 1839, 1543, 1379, 1393, 1693, 2028, 2373, 
2631, 2739, 2667, 2435, 2099, 1752, 1485, 1368, 1428, 1657, 
1985, 2335, 2607, 2738, 2622, 2355, 2008, 1675, 1438, 1361, 
1472, 1736, 2077, 2415, 2656, 2739, 2643, 2391, 2051, 1602, 
1402, 1374, 1528, 1818, 2168, 2489, 2691, 2731, 2591, 2310, 
1959, 1634, 1417, 1369, 1500, 1905, 2256, 2556, 2720, 2711, 
2531, 2223, 1869, 1564, 1387, 1387, 1560, 1864, 2216, 2527, 
2710, 2680, 2461, 2131, 1783, 1507, 1372, 1417, 1629, 1953, 
2303, 2585, 2729, 2697, 2495, 2175, 1824, 1454, 1363, 1455, 
1706, 2044, 2387, 2639, 2739, 2659, 2420, 2083, 1742, 1478, 
1364, 1434, 1668, 2134, 2464, 2681, 2736, 2611, 2343, 1992, 
1661, 1431, 1365, 1482, 1748, 2093, 2430, 2663, 2739, 2549, 
2255, 1903, 1590, 1399, 1379, 1537, 1833, 2183, 2502, 2696, 
2730, 2582, 2295, 1944, 1622, 1372, 1402, 1603, 1920, 2273, 
2566, 2723, 2707, 2519, 2206, 1856, 1555, 1383, 1389, 1571, 
1878, 2357, 2622, 2737, 2675, 2447, 2116, 1767, 1494, 1368, 
1421, 1641, 1968, 2320, 2596, 2732, 2688, 2371, 2024, 2736, 
2648, 2405, 2065, 1724, 1465, 1361, 1440, 1678, 2016, 2360, 
2622, 2735, 2670, 2323, 1974, 1647, 1424, 1365, 1488, 1760, 
2107, 2439, 2668, 2736, 2624, 2364, 2017, 1683, 1441, 1380, 
1547, 1847, 2198, 2511, 2703, 2725, 2571, 2279, 1927, 1608, 
1404, 1373, 1519, 1806, 2155, 2575, 2725, 2697, 2507, 2190, 
1839, 1543, 1379, 1392, 1582, 1892, 2245, 2547, 2716, 2712, 
2536, 2099, 1753, 1486, 1363, 1425, 1655, 1983, 2332, 2604, 
2732, 2684, 2468, 2142, 1795, 1511, 1369, 1472, 1733, 2075, 
2413, 2655, 2737, 2643, 2393, 2051, 1711, 1459, 1363, 1449, 
1695, 2032, 2376, 2691, 2731, 2591, 2310, 1960, 1636, 1416, 
1367, 1499, 1776, 2124, 2451, 2674, 2736, 2620, 2350, 1871, 
1564, 1388, 1383, 1559, 1862, 2215, 2523, 2707, 2721, 2560, 
2265, 1912, 1598, 1400, 1375, 1628, 1951, 2301, 2584, 2728, 
2695, 2495, 2175, 1825, 1532, 1375, 1398, 1595, 1908, 2260, 
2558, 2738, 2659, 2422, 2084, 1740, 1476, 1364, 1433, 1667, 
1999, 2347, 2615, 2735, 2676, 2456, 2127, 1663, 1429, 1363, 
1482, 1745, 2091, 2427, 2662, 2736, 2633, 2380, 2035, 1699, 
1451, 1363, 1456, 1831, 2183, 2496, 2697, 2728, 2582, 2297, 
1947, 1623, 1411, 1370, 1509, 1792, 2140, 2467, 2684, 2703, 
2520, 2207, 1853, 1554, 1384, 1390, 1571, 1875, 2230, 2534, 
2713, 2719, 2551, 2250, 1896, 1496, 1367, 1420, 1640, 1965, 
2318, 2595, 2732, 2689, 2483, 2163, 1810, 1522, 1372, 1404, 
1607, 2059, 2399, 2649, 2739, 2652, 2408, 2070, 1727, 1469, 
1363, 1440, 1680, 2015, 2361, 2623, 2738, 2603, 2327, 1977, 
1649, 1425, 1366, 1489, 1760, 2108, 2439, 2670, 2737, 2624, 
2365, 2020, 1684, 1392, 1381, 1548, 1846, 2197, 2511, 2704, 
2727, 2574, 2281, 1929, 1611, 1406, 1372, 1519, 1806, 2287, 
2575, 2727, 2703, 2509, 2191, 1842, 1546, 1379, 1394, 1582, 
1894, 2246, 2545, 2719, 2714, 2435, 2101, 1756, 1487, 1366, 
1425, 1654, 1982, 2331, 2604, 2732, 2684, 2471, 2145, 1796, 
1512, 1363, 1471, 1734, 2073, 2412, 2655, 2740, 2643, 2395, 
2054, 1714, 1460, 1363, 1448, 1692, 2031, 2487, 2691, 2732, 
2592, 2315, 1961, 1635, 1419, 1367, 1499, 1776, 2123, 2452, 
2676, 2737, 2620, 2225, 1873, 1567, 1388, 1384, 1559, 1863, 
2212, 2524, 2708, 2723, 2562, 2268, 1913, 1601, 1400, 1412, 
1627, 1951, 2302, 2584, 2728, 2696, 2496, 2176, 1827, 1534, 
1376, 1398, 1593, 1907, 2259, 2638, 2737, 2662, 2423, 2084, 
1742, 1478, 1365, 1434, 1664, 1997, 2347, 2615, 2735, 2680, 
2457, 1996, 1663, 1432, 1363, 1480, 1747, 2091, 2427, 2662, 
2737, 2636, 2380, 2036, 1700, 1452, 1363, 1536, 1831, 2182, 
2499, 2696, 2728, 2582, 2298, 1947, 1623, 1413, 1370, 1508, 
1790, 2139, 2465, 2723, 2707, 2521, 2209, 1858, 1556, 1383, 
1388, 1569, 1875, 2230, 2535, 2712, 2719, 2551, 2252, 1774, 
1497, 1366, 1420, 1640, 1965, 2315, 2596, 2732, 2690, 2484, 
2163, 1812, 1523, 1373, 1404, 1718, 2057, 2399, 2647, 2740, 
2653, 2411, 2070, 1728, 1470, 1364, 1440, 1677, 2012, 2360, 
2623, 2739, 2603, 2329, 1976, 1651, 1424, 1366, 1490, 1760, 
2105, 2441, 2669, 2737, 2627, 2368, 2021, 1579, 1392, 1380, 
1547, 1846, 2197, 2511, 2704, 2727, 2574, 2283, 1933, 1612, 
1408, 1373, 1519, 1933, 2286, 2574, 2726, 2703, 2508, 2193, 
1843, 1545, 1379, 1393, 1580, 1891, 2243, 2545, 2716, 2670, 
2438, 2104, 1756, 1486, 1366, 1425, 1653, 1982, 2329, 2608, 
2734, 2687, 2471, 2147, 1798, 1439, 1363, 1470, 1734, 2073, 
2411, 2655, 2739, 2644, 2395, 2055, 1715, 1460, 1363, 1447, 
1693, 2164, 2486, 2691, 2732, 2593, 2315, 1964, 1636, 1422, 
1366, 1499, 1772, 2120, 2452, 2676, 2738, 2535, 2227, 1874, 
1568, 1388, 1385, 1558, 1860, 2214, 2523, 2708, 2724, 2564, 
2267, 1915, 1600, 1369, 1414, 1626, 1950, 2300, 2584, 2728, 
2697, 2496, 2179, 1823, 1523, 1369, 1456, 1764, 2115, 2556, 
2722, 2709, 2518, 2190, 1839, 1543, 1379, 1394, 1583, 1895, 
2247, 2550, 2717, 2712, 2537, 2099, 1753, 1484, 1368, 1425, 
1657, 1984, 2335, 2607, 2736, 2683, 2467, 2141, 1792, 1511, 
1370, 1473, 1735, 2076, 2415, 2656, 2739, 2641, 2391, 2051, 
1710, 1459, 1363, 1451, 1697, 2035, 2380, 2693, 2732, 2588, 
2312, 1959, 1632, 1416, 1367, 1501, 1778, 2127, 2456, 2677, 
2737, 2617, 2349, 1868, 1564, 1387, 1385, 1561, 1864, 2217, 
2527, 2710, 2723, 2560, 2264, 1912, 1595, 1400, 1376, 1632, 
1953, 2303, 2586, 2729, 2693, 2493, 2175, 1823, 1531, 1375, 
1399, 1596, 1912, 2263, 2559, 2739, 2659, 2420, 2083, 1739, 
1476, 1364, 1435, 1670, 2001, 2348, 2616, 2737, 2676, 2455, 
2126, 1661, 1429, 1367, 1482, 1751, 2095, 2430, 2663, 2739, 
2632, 2379, 2035, 1697, 1451, 1363, 1459, 1833, 2185, 2500, 
2697, 2727, 2581, 2295, 1943, 1621, 1411, 1369, 1508, 1794, 
2143, 2471, 2682, 2707, 2518, 2207, 1855, 1553, 1383, 1389, 
1574, 1879, 2232, 2539, 2715, 2716, 2548, 2249, 1896, 1495, 
1368, 1420, 1642, 1968, 2320, 2598, 2732, 2691, 2476, 2160, 
1808, 1523, 1372, 1408, 1609, 2062, 2402, 2648, 2739, 2652, 
2407, 2065, 1727, 1468, 1364, 1442, 1681, 2016, 2364, 2625, 
2737, 2599, 2324, 1976, 1648, 1424, 1365, 1491, 1758, 2110, 
2440, 2669, 2737, 2624, 2364, 2017, 1683, 1392, 1382, 1549, 
1848, 2200, 2514, 2704, 2726, 2571, 2279, 1928, 1609, 1406, 
1372, 1520, 1806, 2289, 2575, 2727, 2703, 2504, 2191, 1839, 
1544, 1379, 1394, 1582, 1895, 2246, 2550, 2718, 2715, 2433, 
2099, 1753, 1487, 1365, 1427, 1656, 1984, 2334, 2607, 2736, 
2684, 2470, 2143, 1794, 1512, 1363, 1473, 1736, 2073, 2416, 
2654, 2740, 2641, 2392, 2052, 1711, 1459, 1363, 1450, 1696, 
2033, 2489, 2694, 2732, 2591, 2310, 1960, 1635, 1418, 1368, 
1501, 1778, 2125, 2454, 2678, 2737, 2619, 2224, 1871, 1566, 
1387, 1387, 1560, 1862, 2216, 2524, 2710, 2723, 2559, 2265, 
1912, 1598, 1399, 1414, 1628, 1951, 2302, 2585, 2728, 2695, 
2495, 2175, 1824, 1532, 1376, 1400, 1595, 1911, 2262, 2638, 
2740, 2657, 2423, 2083, 1740, 1475, 1363, 1435, 1668, 2000, 
2348, 2616, 2734, 2678, 2456, 1992, 1663, 1431, 1364, 1482, 
1748, 2092, 2428, 2663, 2739, 2633, 2379, 2038, 1699, 1451, 
1362, 1537, 1834, 2182, 2500, 2698, 2729, 2582, 2295, 1944, 
1622, 1413, 1370, 1509, 1792, 2141, 2467, 2723, 2707, 2519, 
2207, 1856, 1555, 1383, 1390, 1571, 1879, 2232, 2537, 2711, 
2720, 2548, 2252, 1769, 1496, 1367, 1421, 1641, 1969, 2319, 
2596, 2732, 2689, 2482, 2160, 1810, 1521, 1373, 1406, 1720, 
2059, 2400, 2648, 2739, 2654, 2410, 2068, 1727, 1468, 1360, 
1442, 1679, 2016, 2361, 2623, 2734, 2601, 2325, 1976, 1649, 
1424, 1366, 1489, 1762, 2108, 2440, 2671, 2739, 2627, 2365, 
2019, 1577, 1393, 1382, 1549, 1851, 2199, 2512, 2705, 2727, 
2569, 2281, 1928, 1612, 1403, 1373, 1519, 1936, 2288, 2575, 
2727, 2702, 2507, 2192, 1840, 1544, 1379, 1394, 1582, 1894, 
2246, 2548, 2716, 2668, 2438, 2100, 1753, 1484, 1366, 1425, 
1656, 1983, 2331, 2606, 2735, 2684, 2468, 2144, 1795, 1438, 
1363, 1471, 1733, 2075, 2413, 2656, 2739, 2644, 2394, 2054, 
1712, 1460, 1363, 1449, 1694, 2168, 2485, 2692, 2733, 2591, 
2312, 1961, 1635, 1419, 1366, 1500, 1772, 2124, 2453, 2676, 
2737, 2531, 2224, 1871, 1565, 1387, 1384, 1558, 1862, 2215, 
2524, 2707, 2721, 2561, 2265, 1910, 1598, 1369, 1413, 1626, 
1951, 2303, 2584, 2730, 2696, 2496, 2176, 1825, 1534, 1376, 
1397, 1596, 1910, 2386, 2638, 2740, 2657, 2422, 2086, 1743, 
1477, 1364, 1433, 1667, 1999, 2344, 2615, 2735, 2680, 2343, 
1993, 1663, 1430, 1364, 1482, 1747, 2092, 2428, 2663, 2739, 
2635, 2380, 2037, 1700, 1452, 1377, 1538, 1831, 2183, 2499, 
2697, 2732, 2584, 2297, 1945, 2732, 2609, 2339, 1992, 1660, 
1429, 1385, 1564, 1870, 2223, 2529, 2708, 2717, 2552, 2254, 
1902, 1587, 1396, 1378, 1536, 1828, 2180, 2589, 2731, 2687, 
2481, 2166, 1814, 1526, 1372, 1401, 1601, 1918, 2270, 2563, 
2721, 2705, 2518, 2072, 1731, 1471, 1363, 1436, 1674, 2008, 
2354, 2619, 2735, 2672, 2448, 2116, 1769, 1497, 1368, 1484, 
1754, 2102, 2433, 2665, 2735, 2628, 2369, 2025, 1688, 1446, 
1363, 1462, 1716, 2060, 2398, 2700, 2726, 2575, 2286, 1934, 
1616, 1407, 1371, 1515, 1799, 2148, 2473, 2682, 2735, 2601, 
2327, 1847, 1546, 1380, 1391, 1576, 1886, 2239, 2543, 2713, 
2715, 2543, 2240, 1887, 1577, 1392, 1380, 1648, 1976, 2324, 
2599, 2733, 2684, 2475, 2150, 1800, 1515, 1370, 1406, 1614, 
1934, 2285, 2572, 2737, 2646, 2400, 2057, 1718, 1463, 1364, 
1445, 1690, 2024, 2369, 2627, 2739, 2668, 2437, 2103, 1641, 
1420, 1367, 1495, 1769, 2116, 2447, 2670, 2737, 2619, 2358, 
2012, 1677, 1438, 1362, 1471, 1856, 2207, 2519, 2705, 2723, 
2564, 2272, 1920, 1603, 1401, 1375, 1525, 1815, 2165, 2487, 
2693, 2699, 2500, 2184, 1831, 1537, 1374, 1395, 1588, 1901, 
2257, 2552, 2721, 2711, 2532, 2226, 1871, 1481, 1363, 1431, 
1662, 1991, 2340, 2611, 2736, 2681, 2464, 2135, 1787, 1507, 
1368, 1412, 1626, 2083, 2422, 2660, 2739, 2639, 2386, 2042, 
1709, 1454, 1364, 1453, 1703, 2040, 2384, 2637, 2739, 2587, 
2300, 1951, 1628, 1414, 1369, 1504, 1784, 2131, 2460, 2679, 
2736, 2614, 2343, 1995, 1664, 1384, 1386, 1564, 1871, 2224, 
2529, 2711, 2718, 2556, 2255, 1905, 1591, 1396, 1375, 1537, 
1829, 2310, 2590, 2731, 2693, 2488, 2168, 1817, 1527, 1374, 
1401, 1600, 1918, 2270, 2563, 2720, 2707, 2414, 2076, 1733, 
1474, 1362, 1438, 1674, 2008, 2354, 2618, 2736, 2675, 2451, 
2120, 1772, 1497, 1366, 1486, 1755, 2102, 2433, 2664, 2739, 
2630, 2372, 2028, 1692, 1447, 1364, 1459, 1716, 2057, 2505, 
2701, 2726, 2576, 2288, 1935, 1615, 1408, 1370, 1514, 1799, 
2147, 2473, 2684, 2734, 2603, 2199, 1848, 1550, 1381, 1391, 
1577, 1884, 2238, 2542, 2716, 2716, 2545, 2241, 1887, 1580, 
1389, 1421, 1647, 1976, 2324, 2600, 2734, 2687, 2476, 2152, 
1803, 1516, 1371, 1407, 1612, 1933, 2284, 2652, 2739, 2648, 
2401, 2060, 1717, 1464, 1363, 1447, 1687, 2023, 2369, 2627, 
2740, 2668, 2440, 1971, 1641, 1422, 1367, 1495, 1768, 2115, 
2446, 2672, 2736, 2623, 2359, 2012, 1679, 1440, 1363, 1554, 
1855, 2207, 2518, 2708, 2723, 2567, 2273, 1921, 1604, 1404, 
1374, 1525, 1814, 2164, 2485, 2728, 2700, 2502, 2184, 1832, 
1539, 1376, 1395, 1588, 1901, 2253, 2553, 2719, 2712, 2534, 
2227, 1748, 1482, 1363, 1425, 1659, 1991, 2339, 2611, 2733, 
2681, 2464, 2137, 1789, 1508, 1369, 1414, 1739, 2083, 2421, 
2659, 2739, 2639, 2387, 2044, 1706, 1455, 1364, 1452, 1702, 
2040, 2383, 2636, 2731, 2588, 2305, 1952, 1630, 1415, 1368, 
1502, 1784, 2131, 2459, 2680, 2737, 2615, 2345, 1999, 1562, 
1385, 1387, 1564, 1868, 2222, 2529, 2712, 2720, 2556, 2259, 
1906, 1594, 1398, 1375, 1534, 1958, 2310, 2587, 2732, 2694, 
2492, 2168, 1819, 1529, 1374, 1403, 1600, 1916, 2265, 2563, 
2723, 2656, 2416, 2078, 1735, 1474, 1361, 1436, 1672, 2006, 
2352, 2619, 2737, 2675, 2450, 2119, 1777, 1429, 1364, 1484, 
1755, 2098, 2434, 2664, 2739, 2631, 2372, 2030, 1693, 1448, 
1362, 1462, 1715, 2188, 2506, 2699, 2727, 2577, 2289, 1937, 
1617, 1409, 1372, 1515, 1800, 2145, 2475, 2687, 2734, 2513, 
2201, 1849, 1552, 1382, 1391, 1575, 1884, 2238, 2540, 2716, 
2717, 2545, 2243, 1891, 1580, 1367, 1423, 1646, 1975, 2326, 
2600, 2732, 2687, 2476, 2153, 1804, 1517, 1371, 1406, 1614, 
1932, 2406, 2652, 2737, 2648, 2401, 2061, 1721, 1465, 1364, 
1447, 1687, 2022, 2366, 2625, 2739, 2668, 2320, 1965, 1617, 
1396, 1387, 1603, 1943, 2316, 2594, 2732, 2688, 2473, 2138, 
1790, 1511, 1368, 1475, 1740, 2082, 2419, 2657, 2737, 2639, 
2387, 2046, 1708, 1456, 1363, 1452, 1701, 2039, 2383, 2695, 
2731, 2587, 2304, 1955, 1632, 1416, 1368, 1504, 1784, 2126, 
2460, 2678, 2736, 2614, 2345, 1864, 1560, 1386, 1387, 1563, 
1867, 2220, 2528, 2710, 2719, 2555, 2258, 1907, 1593, 1397, 
1376, 1631, 1957, 2307, 2588, 2732, 2691, 2492, 2169, 1818, 
1529, 1373, 1402, 1599, 1916, 2265, 2563, 2739, 2656, 2417, 
2080, 1735, 1473, 1362, 1437, 1673, 2007, 2353, 2620, 2736, 
2676, 2452, 2122, 1658, 1427, 1364, 1487, 1753, 2098, 2431, 
2666, 2739, 2632, 2374, 2031, 1694, 1449, 1363, 1460, 1838, 
2188, 2505, 2699, 2728, 2579, 2289, 1937, 1619, 1411, 1371, 
1512, 1796, 2146, 2471, 2686, 2704, 2514, 2200, 1849, 1551, 
1381, 1391, 1575, 1884, 2236, 2541, 2713, 2716, 2543, 2246, 
1891, 1494, 1366, 1422, 1646, 1973, 2322, 2598, 2732, 2687, 
2479, 2153, 1804, 1518, 1372, 1408, 1612, 2064, 2404, 2649, 
2739, 2648, 2403, 2063, 1721, 1465, 1363, 1444, 1688, 2020, 
2367, 2627, 2739, 2598, 2321, 1972, 1645, 1421, 1365, 1492, 
1765, 2114, 2446, 2673, 2737, 2624, 2360, 2015, 1680, 1391, 
1382, 1552, 1852, 2204, 2516, 2706, 2724, 2568, 2276, 1923, 
1609, 1404, 1373, 1523, 1811, 2293, 2580, 2728, 2700, 2503, 
2188, 1836, 1543, 1377, 1396, 1585, 1899, 2249, 2550, 2720, 
2713, 2432, 2096, 1752, 1484, 1365, 1428, 1658, 1988, 2336, 
2609, 2735, 2680, 2465, 2139, 1791, 1509, 1363, 1473, 1737, 
2080, 2417, 2657, 2737, 2639, 2389, 2047, 1708, 1457, 1362, 
1449, 1700, 2036, 2491, 2694, 2731, 2590, 2307, 1957, 1632, 
1416, 1368, 1501, 1782, 2129, 2460, 2679, 2737, 2615, 2220, 
1865, 1563, 1386, 1386, 1563, 1867, 2222, 2526, 2712, 2719, 
2556, 2260, 1908, 1596, 1399, 1417, 1631, 1954, 2307, 2588, 
2730, 2695, 2492, 2172, 1820, 1529, 1374, 1400, 1599, 1915, 
2268, 2640, 2739, 2653, 2420, 2079, 1739, 1475, 1364, 1434, 
1672, 2003, 2352, 2617, 2736, 2675, 2454, 1989, 1660, 1428, 
1365, 1484, 1751, 2096, 2435, 2665, 2739, 2634, 2374, 2032, 
1694, 1451, 1364, 1541, 1836, 2187, 2504, 2700, 2727, 2576, 
2292, 1939, 1619, 1410, 1368, 1513, 1796, 2144, 2471, 2723, 
2705, 2518, 2204, 1851, 1552, 1383, 1391, 1574, 1880, 2235, 
2539, 2716, 2716, 2547, 2247, 1763, 1493, 1366, 1422, 1646, 
1974, 2323, 2598, 2734, 2687, 2480, 2156, 1807, 1520, 1372, 
1407, 1723, 2063, 2404, 2649, 2739, 2646, 2407, 2064, 1722, 
1467, 1363, 1443, 1684, 2022, 2365, 2626, 2732, 2599, 2323, 
1973, 1644, 1422, 1366, 1491, 1766, 2111, 2446, 2672, 2737, 
2624, 2363, 2014, 1575, 1392, 1382, 1551, 1852, 2203, 2515, 
2705, 2726, 2570, 2278, 1927, 1607, 1405, 1375, 1523, 1939, 
2291, 2577, 2729, 2700, 2504, 2188, 1838, 1541, 1379, 1395, 
1586, 1897, 2249, 2551, 2718, 2664, 2432, 2097, 1753, 1484, 
1367, 1427, 1659, 1987, 2336, 2608, 2736, 2683, 2466, 2143, 
1792, 1435, 1363, 1474, 1736, 2078, 2417, 2659, 2739, 2639, 
2391, 2049, 1709, 1459, 1363, 1450, 1699, 2171, 2490, 2691, 
2731, 2588, 2307, 1958, 1632, 1416, 1368, 1502, 1782, 2126, 
2457, 2679, 2736, 2528, 2220, 1867, 1564, 1386, 1385, 1563, 
1867, 2220, 2527, 2711, 2721, 2559, 2262, 1910, 1595, 1368, 
1416, 1633, 1953, 2307, 2588, 2731, 2695, 2492, 2173, 1821, 
1532, 1374, 1400, 1598, 1912, 2388, 2640, 2739, 2656, 2418, 
2079, 1738, 1474, 1363, 1436, 1670, 2004, 2349, 2617, 2737, 
2678, 2339, 1990, 1660, 1428, 1364, 1484, 1751, 2095, 2431, 
2664, 2738, 2633, 2376, 2033, 1695, 1449, 1378, 1539, 1835, 
2187, 2502, 2699, 2727, 2579, 2294, 1940, 1620, 1411, 1371, 
1511, 1793, 2143, 2566, 2723, 2705, 2516, 2204, 1853, 1554, 
1382, 1390, 1574, 1880, 2235, 2539, 2714, 2718, 2548, 2114, 
1768, 2008, 1676, 1436, 1363, 1467, 1730, 2071, 2411, 2648, 
2735, 2640, 2393, 2051, 1714, 1400, 1373, 1524, 1812, 2163, 
2485, 2689, 2729, 2590, 2311, 1961, 1639, 1419, 1368, 1497, 
1773, 2252, 2552, 2716, 2709, 2531, 2225, 1871, 1567, 1384, 
1383, 1556, 1857, 2210, 2520, 2704, 2720, 2462, 2134, 1787, 
1507, 1368, 1412, 1624, 1947, 2297, 2583, 2727, 2694, 2495, 
2178, 1825, 1536, 1363, 1452, 1703, 2040, 2382, 2635, 2737, 
2659, 2423, 2085, 1743, 1478, 1363, 1432, 1664, 1996, 2459, 
2678, 2734, 2611, 2342, 1996, 1663, 1431, 1364, 1480, 1743, 
2087, 2424, 2657, 2737, 2635, 2256, 1904, 1592, 1396, 1376, 
1536, 1828, 2179, 2496, 2696, 2726, 2582, 2297, 1947, 1624, 
1412, 1401, 1599, 1917, 2268, 2561, 2721, 2707, 2520, 2208, 
1859, 1556, 1384, 1387, 1567, 1873, 2226, 2619, 2735, 2675, 
2450, 2121, 1772, 1497, 1367, 1419, 1638, 1964, 2315, 2594, 
2732, 2691, 2484, 2027, 1693, 1447, 1364, 1463, 1716, 2056, 
2396, 2646, 2737, 2651, 2411, 2072, 1734, 1470, 1364, 1512, 
1799, 2147, 2473, 2684, 2735, 2603, 2331, 1981, 1651, 1425, 
1364, 1487, 1758, 2104, 2438, 2715, 2716, 2548, 2241, 1889, 
1579, 1392, 1377, 1547, 1845, 2195, 2510, 2703, 2725, 2575, 
2284, 1803, 1517, 1371, 1407, 1614, 1931, 2283, 2574, 2724, 
2703, 2510, 2196, 1844, 1545, 1380, 1393, 1684, 2023, 2367, 
2627, 2738, 2667, 2438, 2104, 1757, 1489, 1365, 1423, 1653, 
1980, 2329, 2602, 2736, 2622, 2359, 2011, 1679, 1438, 1363, 
1469, 1731, 2072, 2411, 2654, 2739, 2645, 2396, 2057, 1607, 
1402, 1374, 1523, 1813, 2163, 2484, 2691, 2732, 2594, 2312, 
1966, 1638, 1420, 1366, 1497, 1901, 2252, 2552, 2719, 2712, 
2535, 2228, 1875, 1567, 1388, 1384, 1556, 1861, 2210, 2523, 
2705, 2681, 2463, 2136, 1787, 1508, 1369, 1411, 1625, 1944, 
2298, 2582, 2730, 2697, 2499, 2179, 1829, 1456, 1366, 1451, 
1701, 2039, 2383, 2638, 2738, 2662, 2425, 2089, 1745, 1479, 
1365, 1431, 1665, 2131, 2460, 2679, 2736, 2614, 2345, 1998, 
1667, 1432, 1367, 1479, 1743, 2089, 2424, 2662, 2739, 2558, 
2257, 1906, 1592, 1398, 1379, 1536, 1827, 2179, 2497, 2696, 
2728, 2584, 2300, 1949, 1624, 1374, 1399, 1599, 1916, 2268, 
2563, 2721, 2707, 2523, 2212, 1860, 1558, 1384, 1388, 1568, 
1873, 2352, 2620, 2736, 2675, 2452, 2124, 1777, 1499, 1366, 
1421, 1638, 1964, 2315, 2593, 2732, 2691, 2375, 2030, 1694, 
1447, 1364, 1461, 1715, 2055, 2396, 2643, 2737, 2654, 2412, 
2075, 1731, 1471, 1370, 1513, 1798, 2145, 2472, 2682, 2735, 
2604, 2329, 1982, 1652, 1427, 1367, 1488, 1757, 2105, 2542, 
2714, 2718, 2547, 2244, 1891, 1581, 1395, 1381, 1547, 1844, 
2194, 2508, 2703, 2727, 2575, 2153, 1801, 1518, 1368, 1409, 
1612, 1932, 2283, 2574, 2727, 2704, 2512, 2193, 1846, 1547, 
1379, 1443, 1687, 2022, 2367, 2628, 2738, 2669, 2439, 2106, 
1759, 1489, 1366, 1425, 1651, 1980, 2331, 2675, 2739, 2622, 
2361, 2015, 1680, 1440, 1364, 1469, 1729, 2071, 2411, 2655, 
2739, 2644, 2398, 1924, 1607, 1401, 1373, 1524, 1812, 2162, 
2483, 2691, 2732, 2595, 2316, 1967, 1640, 1420, 1365, 1585, 
1900, 2252, 2551, 2720, 2713, 2535, 2229, 1874, 1569, 1390, 
1384, 1556, 1857, 2211, 2520, 2736, 2681, 2466, 2139, 1791, 
1509, 1369, 1412, 1624, 1947, 2299, 2584, 2727, 2699, 2500, 
2182, 1708, 1457, 1364, 1451, 1702, 2038, 2381, 2636, 2737, 
2663, 2427, 2090, 1746, 1480, 1365, 1431, 1783, 2129, 2459, 
2678, 2737, 2615, 2347, 1999, 1663, 1430, 1363, 1480, 1740, 
2088, 2424, 2662, 2720, 2557, 2260, 1905, 1595, 1398, 1376, 
1536, 1825, 2179, 2496, 2696, 2729, 2585, 2301, 1950, 1529, 
1376, 1401, 1600, 1916, 2265, 2564, 2723, 2708, 2524, 2215, 
1862, 1562, 1383, 1387, 1566, 2004, 2352, 2617, 2736, 2675, 
2454, 2116, 1740, 1463, 1363, 1490, 1847, 2197, 2516, 2704, 
2723, 2461, 2111, 1764, 1494, 1367, 1423, 1646, 1972, 2324, 
2599, 2736, 2687, 2479, 2156, 1804, 1516, 1363, 1468, 1724, 
2065, 2407, 2649, 2737, 2649, 2405, 2064, 1723, 1466, 1362, 
1443, 1687, 2020, 2481, 2687, 2732, 2598, 2319, 1974, 1645, 
1422, 1365, 1494, 1767, 2112, 2444, 2670, 2739, 2622, 2236, 
1881, 1575, 1390, 1381, 1551, 1852, 2204, 2515, 2705, 2725, 
2568, 2276, 1924, 1607, 1404, 1409, 1618, 1936, 2293, 2579, 
2727, 2700, 2503, 2188, 1836, 1542, 1378, 1395, 1587, 1898, 
2251, 2631, 2739, 2666, 2431, 2099, 1751, 1481, 1368, 1428, 
1658, 1987, 2336, 2608, 2735, 2683, 2467, 2005, 1672, 1435, 
1366, 1475, 1737, 2080, 2417, 2656, 2739, 2640, 2391, 2048, 
1709, 1457, 1363, 1531, 1822, 2172, 2492, 2693, 2731, 2590, 
2307, 1958, 1632, 1417, 1368, 1500, 1781, 2127, 2459, 2721, 
2710, 2528, 2220, 1868, 1564, 1387, 1388, 1563, 1867, 2220, 
2527, 2711, 2720, 2558, 2260, 1781, 1502, 1367, 1416, 1631, 
1955, 2307, 2588, 2732, 2695, 2492, 2172, 1822, 1529, 1374, 
1400, 1708, 2047, 2391, 2641, 2738, 2659, 2419, 2082, 1737, 
1475, 1364, 1437, 1672, 2004, 2351, 2617, 2734, 2608, 2336, 
1989, 1656, 1428, 1366, 1485, 1750, 2096, 2432, 2663, 2737, 
2631, 2375, 2031, 1587, 1396, 1379, 1542, 1835, 2188, 2503, 
2700, 2727, 2579, 2292, 1939, 1618, 1410, 1369, 1511, 1923, 
2276, 2567, 2726, 2704, 2516, 2204, 1852, 1551, 1383, 1390, 
1574, 1881, 2234, 2539, 2713, 2672, 2444, 2112, 1767, 1492, 
1367, 1422, 1645, 1972, 2321, 2599, 2732, 2687, 2480, 2155, 
1805, 1443, 1362, 1464, 1721, 2063, 2400, 2648, 2739, 2648, 
2408, 2064, 1724, 1466, 1364, 1442, 1684, 2155, 2480, 2686, 
2733, 2598, 2322, 1975, 1646, 1423, 1366, 1492, 1766, 2111, 
2443, 2672, 2739, 2539, 2236, 1882, 1575, 1389, 1383, 1551, 
1849, 2203, 2513, 2704, 2726, 2568, 2278, 1926, 1608, 1370, 
1411, 1618, 1939, 2291, 2577, 2728, 2699, 2503, 2187, 1838, 
1540, 1378, 1397, 1584, 1897, 2375, 2631, 2738, 2667, 2433, 
2098, 1751, 1484, 1366, 1429, 1657, 1986, 2337, 2608, 2736, 
2684, 2355, 2008, 1673, 1438, 1364, 1473, 1735, 2079, 2416, 
2657, 2739, 2639, 2391, 2054, 1708, 1459, 1377, 1529, 1819, 
2171, 2489, 2694, 2731, 2589, 2307, 1958, 1633, 1415, 1369, 
1499, 1780, 2127, 2556, 2720, 2711, 2527, 2222, 1868, 1566, 
1387, 1385, 1561, 1865, 2215, 2527, 2711, 2720, 2559, 2131, 
1784, 1504, 1370, 1416, 1631, 1955, 2305, 2584, 2730, 2695, 
2495, 2173, 1823, 1532, 1376, 1456, 1708, 2046, 2387, 2639, 
2739, 2657, 2419, 2080, 1738, 1475, 1363, 1435, 1670, 2000, 
2349, 2678, 2735, 2608, 2339, 1990, 1657, 1428, 1365, 1482, 
1749, 2094, 2430, 2663, 2737, 2632, 2377, 1899, 1588, 1395, 
1379, 1537, 1835, 2185, 2503, 2700, 2729, 2580, 2294, 1943, 
1621, 1411, 1372, 1604, 1923, 2275, 2567, 2723, 2708, 2518, 
2206, 1855, 1551, 1383, 1390, 1572, 1880, 2233, 2538, 2737, 
2673, 2447, 2114, 1767, 1495, 1367, 1421, 1643, 1971, 2319, 
2597, 2732, 2689, 2480, 2158, 1688, 1444, 1363, 1464, 1720, 
2063, 2403, 2647, 2738, 2651, 2404, 2068, 1727, 1467, 1364, 
1442, 1804, 2152, 2479, 2687, 2732, 2600, 2324, 1976, 1646, 
1423, 1366, 1488, 1766, 2110, 2443, 2672, 2716, 2541, 2239, 
1883, 1576, 1391, 1382, 1551, 1848, 2200, 2513, 2704, 2725, 
2572, 2278, 1926, 1516, 1371, 1406, 1617, 1937, 2289, 2577, 
2727, 2702, 2505, 2189, 1839, 1543, 1379, 1393, 1584, 2027, 
2374, 2629, 2738, 2665, 2432, 2097, 1753, 1486, 1365, 1425, 
1657, 1983, 2335, 2604, 2736, 2622, 2354, 2006, 1676, 1436, 
1363, 1473, 1735, 2079, 2416, 2655, 2739, 2641, 2391, 2051, 
1711, 1401, 1376, 1528, 1819, 2169, 2489, 2694, 2731, 2590, 
2311, 1959, 1635, 1418, 1368, 1501, 1778, 2257, 2555, 2719, 
2713, 2531, 2223, 1868, 2719, 2558, 2261, 1910, 1596, 1398, 
1374, 1532, 1821, 2302, 2584, 2726, 2695, 2491, 2172, 1820, 
1531, 1374, 1398, 1596, 1910, 2262, 2557, 2719, 2707, 2419, 
2083, 1738, 1475, 1361, 1433, 1667, 2000, 2346, 2613, 2735, 
2673, 2456, 2123, 1777, 1500, 1364, 1480, 1747, 2091, 2428, 
2661, 2736, 2631, 2376, 2033, 1696, 1449, 1363, 1455, 1708, 
2047, 2499, 2697, 2726, 2579, 2294, 1944, 1620, 1411, 1368, 
1509, 1792, 2141, 2467, 2681, 2732, 2608, 2205, 1855, 1552, 
1382, 1390, 1570, 1878, 2231, 2536, 2712, 2716, 2547, 2247, 
1896, 1584, 1395, 1421, 1642, 1967, 2319, 2595, 2728, 2688, 
2480, 2158, 1811, 1521, 1371, 1406, 1607, 1925, 2278, 2648, 
2736, 2650, 2406, 2065, 1726, 1467, 1364, 1440, 1681, 2017, 
2362, 2624, 2737, 2672, 2444, 1976, 1647, 1423, 1366, 1491, 
1761, 2108, 2441, 2670, 2739, 2623, 2364, 2016, 1682, 1441, 
1363, 1548, 1847, 2199, 2512, 2703, 2724, 2568, 2279, 1925, 
1609, 1403, 1373, 1520, 1808, 2156, 2488, 2727, 2700, 2505, 
2191, 1839, 1543, 1379, 1392, 1583, 1892, 2246, 2547, 2716, 
2714, 2537, 2235, 1754, 1484, 1365, 1427, 1655, 1984, 2332, 
2607, 2732, 2684, 2467, 2143, 1793, 1511, 1369, 1411, 1734, 
2076, 2412, 2656, 2737, 2641, 2392, 2050, 1711, 1459, 1361, 
1450, 1695, 2032, 2376, 2632, 2729, 2588, 2310, 1958, 1635, 
1416, 1367, 1499, 1777, 2126, 2455, 2676, 2736, 2617, 2351, 
2003, 1563, 1389, 1384, 1560, 1862, 2215, 2526, 2707, 2720, 
2563, 2264, 1912, 1598, 1400, 1374, 1533, 1952, 2300, 2587, 
2727, 2695, 2494, 2175, 1827, 1532, 1375, 1398, 1596, 1910, 
2262, 2558, 2720, 2660, 2422, 2084, 1742, 1476, 1363, 1433, 
1667, 1999, 2347, 2616, 2732, 2677, 2457, 2128, 1779, 1428, 
1365, 1482, 1748, 2092, 2429, 2663, 2736, 2635, 2378, 2035, 
1699, 1451, 1364, 1459, 1710, 2182, 2500, 2698, 2729, 2582, 
2296, 1947, 1622, 1412, 1369, 1509, 1792, 2139, 2467, 2681, 
2735, 2520, 2208, 1855, 1555, 1383, 1388, 1569, 1878, 2230, 
2537, 2712, 2719, 2552, 2249, 1897, 1586, 1366, 1420, 1640, 
1969, 2318, 2595, 2732, 2689, 2483, 2160, 1811, 1523, 1374, 
1405, 1608, 1925, 2400, 2643, 2739, 2651, 2408, 2068, 1727, 
1467, 1363, 1441, 1679, 2015, 2360, 2624, 2739, 2672, 2327, 
1977, 1648, 1424, 1366, 1491, 1760, 2108, 2440, 2670, 2738, 
2627, 2367, 2019, 1686, 1443, 1380, 1548, 1846, 2198, 2512, 
2704, 2726, 2574, 2278, 1931, 1610, 1406, 1374, 1518, 1804, 
2156, 2575, 2727, 2700, 2507, 2192, 1840, 1545, 1379, 1393, 
1583, 1891, 2244, 2545, 2717, 2713, 2539, 2100, 1758, 1488, 
1364, 1426, 1654, 1983, 2331, 2604, 2735, 2684, 2471, 2144, 
1795, 1514, 1370, 1471, 1734, 2075, 2409, 2655, 2741, 2643, 
2396, 2051, 1713, 1459, 1364, 1448, 1694, 2031, 2376, 2695, 
2731, 2591, 2311, 1961, 1636, 1418, 1368, 1497, 1778, 2123, 
2452, 2676, 2736, 2619, 2352, 1872, 1567, 1388, 1383, 1558, 
1860, 2212, 2523, 2710, 2723, 2562, 2268, 1914, 1599, 1400, 
1375, 1627, 1951, 2300, 2585, 2728, 2696, 2496, 2177, 1825, 
1535, 1376, 1400, 1595, 1910, 2260, 2556, 2739, 2659, 2422, 
2084, 1744, 1479, 1364, 1433, 1668, 1999, 2347, 2614, 2736, 
2679, 2457, 2128, 1662, 1431, 1365, 1481, 1744, 2091, 2428, 
2663, 2739, 2635, 2380, 2038, 1699, 1451, 1364, 1459, 1831, 
2180, 2499, 2697, 2728, 2582, 2298, 1945, 1623, 1408, 1369, 
1507, 1792, 2140, 2464, 2682, 2707, 2520, 2209, 1857, 1555, 
1383, 1389, 1567, 1877, 2227, 2535, 2715, 2719, 2551, 2252, 
1899, 1496, 1367, 1420, 1640, 1966, 2316, 2595, 2732, 2691, 
2483, 2160, 1814, 1521, 1374, 1404, 1607, 2060, 2400, 2645, 
2739, 2652, 2409, 2069, 1728, 1468, 1363, 1440, 1679, 2014, 
2361, 2623, 2739, 2603, 2327, 1979, 1649, 1425, 1365, 1490, 
1760, 2110, 2438, 2671, 2737, 2627, 2367, 2016, 1639, 1372, 
1427, 1717, 2063, 2401, 2652, 2739, 2643, 2392, 2026, 1692, 
1446, 1364, 1461, 1716, 2059, 2507, 2702, 2729, 2577, 2288, 
1935, 1615, 1411, 1372, 1514, 1799, 2148, 2475, 2687, 2734, 
2602, 2199, 1846, 1549, 1382, 1392, 1576, 1886, 2240, 2543, 
2715, 2715, 2543, 2240, 1889, 1579, 1392, 1424, 1648, 1974, 
2326, 2600, 2733, 2687, 2475, 2151, 1802, 1518, 1371, 1408, 
1614, 1934, 2284, 2651, 2735, 2647, 2400, 2059, 1720, 1462, 
1363, 1444, 1688, 2024, 2371, 2628, 2738, 2665, 2438, 1966, 
1642, 1421, 1367, 1494, 1770, 2115, 2448, 2675, 2737, 2623, 
2359, 2011, 1678, 1442, 1362, 1554, 1856, 2207, 2518, 2707, 
2723, 2566, 2272, 1923, 1604, 1402, 1373, 1526, 1816, 2166, 
2487, 2727, 2697, 2502, 2183, 1833, 1539, 1377, 1396, 1589, 
1903, 2254, 2553, 2719, 2711, 2534, 2227, 1750, 1480, 1366, 
1427, 1664, 1991, 2340, 2613, 2736, 2683, 2461, 2136, 1784, 
1508, 1367, 1412, 1740, 2084, 2422, 2659, 2739, 2639, 2388, 
2045, 1707, 1456, 1363, 1454, 1700, 2041, 2384, 2638, 2728, 
2588, 2303, 1953, 1628, 1416, 1368, 1503, 1785, 2131, 2459, 
2678, 2736, 2613, 2343, 1996, 1560, 1384, 1386, 1564, 1868, 
2222, 2529, 2710, 2720, 2555, 2257, 1904, 1592, 1398, 1377, 
1535, 1958, 2310, 2591, 2731, 2694, 2487, 2168, 1817, 1529, 
1373, 1402, 1603, 1919, 2271, 2563, 2724, 2654, 2416, 2076, 
1735, 1472, 1361, 1439, 1673, 2007, 2356, 2620, 2736, 2675, 
2451, 2121, 1772, 1428, 1364, 1486, 1756, 2100, 2435, 2668, 
2737, 2631, 2372, 2030, 1691, 1448, 1362, 1460, 1716, 2190, 
2505, 2700, 2727, 2576, 2286, 1938, 1616, 1408, 1372, 1514, 
1798, 2150, 2475, 2684, 2736, 2514, 2198, 1848, 1546, 1382, 
1389, 1579, 1884, 2239, 2542, 2716, 2716, 2545, 2241, 1889, 
1580, 1367, 1423, 1647, 1975, 2326, 2601, 2733, 2687, 2478, 
2153, 1800, 1516, 1373, 1405, 1612, 1932, 2407, 2652, 2740, 
2648, 2401, 2062, 1721, 1463, 1363, 1439, 1688, 2023, 2368, 
2628, 2739, 2669, 2320, 1969, 1643, 1422, 1369, 1494, 1769, 
2113, 2447, 2672, 2737, 2624, 2360, 2014, 1679, 1441, 1383, 
1551, 1855, 2206, 2518, 2707, 2724, 2566, 2275, 1922, 1603, 
1403, 1372, 1524, 1812, 2164, 2579, 2728, 2700, 2502, 2183, 
1833, 1541, 1377, 1395, 1588, 1901, 2251, 2552, 2716, 2713, 
2531, 2092, 1747, 1483, 1364, 1429, 1662, 1991, 2338, 2611, 
2734, 2681, 2464, 2136, 1788, 1508, 1370, 1478, 1738, 2083, 
2420, 2659, 2739, 2639, 2387, 2044, 1707, 1455, 1365, 1452, 
1702, 2040, 2383, 2695, 2731, 2587, 2305, 1953, 1630, 1414, 
1368, 1503, 1784, 2131, 2460, 2679, 2736, 2614, 2344, 1864, 
1563, 1387, 1387, 1565, 1871, 2223, 2528, 2713, 2719, 2558, 
2259, 1905, 1592, 1398, 1376, 1633, 1958, 2308, 2591, 2732, 
2694, 2489, 2169, 1819, 1532, 1373, 1402, 1598, 1915, 2268, 
2562, 2737, 2656, 2416, 2076, 1737, 1473, 1366, 1435, 1676, 
2005, 2352, 2618, 2736, 2675, 2454, 2122, 1656, 1428, 1365, 
1485, 1753, 2099, 2432, 2664, 2739, 2631, 2372, 2031, 1692, 
1449, 1361, 1462, 1839, 2190, 2503, 2700, 2726, 2579, 2288, 
1939, 1617, 1408, 1371, 1513, 1797, 2146, 2473, 2685, 2704, 
2515, 2200, 1850, 1549, 1380, 1390, 1575, 1883, 2239, 2540, 
2716, 2717, 2547, 2243, 1889, 1492, 1366, 1424, 1645, 1974, 
2324, 2600, 2734, 2688, 2478, 2153, 1806, 1519, 1372, 1407, 
1612, 2065, 2406, 2651, 2739, 2649, 2403, 2064, 1721, 1464, 
1363, 1443, 1687, 2021, 2368, 2628, 2740, 2598, 2321, 1969, 
1644, 1423, 1366, 1494, 1767, 2113, 2446, 2673, 2737, 2623, 
2360, 2012, 1682, 1391, 1382, 1553, 1854, 2204, 2516, 2707, 
2724, 2569, 2275, 1923, 1608, 1403, 1375, 1523, 1811, 2294, 
2580, 2729, 2699, 2503, 2187, 1834, 1542, 1379, 1395, 1588, 
1900, 2252, 2552, 2720, 2713, 2431, 2095, 1750, 1484, 1364, 
1429, 1660, 1991, 2338, 2608, 2737, 2681, 2466, 2137, 1791, 
2694, 2383, 2040, 1700, 1452, 1362, 1454, 1703, 2041, 2386, 
2636, 2736, 2656, 2419, 2083, 1740, 1475, 1368, 1504, 1787, 
2134, 2462, 2680, 2734, 2609, 2339, 1993, 1662, 1430, 1365, 
1481, 1747, 2090, 2531, 2710, 2718, 2552, 2255, 1903, 1587, 
1397, 1377, 1537, 1831, 2180, 2497, 2699, 2727, 2579, 2164, 
1814, 1526, 1372, 1401, 1602, 1920, 2270, 2564, 2721, 2705, 
2518, 2207, 1855, 1553, 1384, 1438, 1676, 2008, 2355, 2622, 
2737, 2672, 2448, 2115, 1768, 1494, 1366, 1418, 1638, 1966, 
2316, 2665, 2736, 2628, 2369, 2024, 1689, 1445, 1361, 1461, 
1719, 2056, 2400, 2644, 2737, 2651, 2407, 1934, 1614, 1406, 
1372, 1513, 1803, 2148, 2475, 2684, 2732, 2604, 2324, 1979, 
1648, 1424, 1365, 1577, 1888, 2240, 2543, 2716, 2716, 2543, 
2240, 1888, 1577, 1392, 1382, 1548, 1847, 2198, 2511, 2734, 
2684, 2474, 2148, 1799, 1515, 1371, 1409, 1616, 1934, 2288, 
2575, 2727, 2697, 2507, 2191, 1718, 1462, 1362, 1446, 1689, 
2025, 2371, 2628, 2738, 2666, 2435, 2102, 1756, 1487, 1365, 
1427, 1771, 2118, 2449, 2676, 2736, 2622, 2358, 2010, 1676, 
1437, 1363, 1471, 1732, 2075, 2414, 2654, 2724, 2561, 2270, 
1918, 1603, 1402, 1374, 1527, 1815, 2166, 2488, 2691, 2731, 
2591, 2311, 1963, 1536, 1380, 1396, 1591, 1902, 2256, 2553, 
2720, 2712, 2531, 2225, 1871, 1565, 1388, 1385, 1556, 1993, 
2339, 2614, 2735, 2683, 2462, 2135, 1785, 1506, 1369, 1414, 
1626, 1951, 2302, 2585, 2727, 2639, 2384, 2043, 1703, 1455, 
1362, 1457, 1704, 2042, 2385, 2639, 2739, 2660, 2423, 2086, 
1742, 1413, 1369, 1504, 1785, 2134, 2462, 2680, 2736, 2611, 
2342, 1996, 1662, 1431, 1362, 1481, 1747, 2225, 2531, 2713, 
2719, 2556, 2255, 1904, 1591, 1397, 1377, 1536, 1829, 2182, 
2499, 2699, 2728, 2488, 2167, 1815, 1527, 1375, 1401, 1599, 
1919, 2271, 2565, 2723, 2710, 2520, 2211, 1857, 1558, 1363, 
1439, 1673, 2008, 2355, 2620, 2736, 2674, 2451, 2118, 1770, 
1496, 1367, 1421, 1639, 1966, 2435, 2665, 2739, 2626, 2374, 
2026, 1691, 1447, 1363, 1464, 1719, 2060, 2397, 2647, 2737, 
2652, 2288, 1936, 1615, 1407, 1367, 1515, 1799, 2151, 2475, 
2686, 2736, 2603, 2328, 1979, 1650, 1425, 1392, 1577, 1886, 
2239, 2544, 2712, 2719, 2543, 2241, 1886, 1581, 1392, 1381, 
1547, 1847, 2197, 2600, 2734, 2687, 2475, 2151, 1801, 1514, 
1371, 1407, 1612, 1935, 2286, 2574, 2727, 2703, 2508, 2060, 
1718, 1462, 1362, 1444, 1689, 2022, 2372, 2627, 2739, 2668, 
2436, 2104, 1758, 1487, 1365, 1495, 1765, 2117, 2449, 2675, 
2737, 2623, 2359, 2011, 1679, 1438, 1364, 1471, 1731, 2073, 
2412, 2706, 2724, 2564, 2273, 1920, 1604, 1401, 1374, 1526, 
1815, 2167, 2487, 2691, 2732, 2593, 2313, 1832, 1538, 1378, 
1397, 1590, 1904, 2255, 2555, 2721, 2712, 2534, 2224, 1873, 
1567, 1389, 1385, 1663, 1990, 2340, 2612, 2734, 2681, 2463, 
2134, 1788, 1505, 1371, 1415, 1624, 1948, 2300, 2584, 2740, 
2639, 2387, 2043, 1704, 1455, 1364, 1453, 1704, 2038, 2382, 
2636, 2739, 2662, 2424, 2087, 1630, 1414, 1369, 1502, 1785, 
2135, 2460, 2680, 2736, 2614, 2343, 1996, 1660, 1432, 1367, 
1479, 1871, 2223, 2531, 2711, 2720, 2554, 2259, 1905, 1592, 
1398, 1376, 1536, 1828, 2178, 2498, 2697, 2693, 2488, 2169, 
1817, 1528, 1375, 1401, 1601, 1918, 2270, 2564, 2723, 2707, 
2521, 2212, 1858, 1473, 1364, 1436, 1674, 2008, 2356, 2620, 
2737, 2675, 2451, 2121, 1772, 1496, 1368, 1420, 1639, 2098, 
2434, 2667, 2739, 2631, 2376, 2028, 1692, 1448, 1364, 1463, 
1717, 2057, 2399, 2645, 2739, 2576, 2288, 1935, 1616, 1407, 
1372, 1512, 1801, 2147, 2474, 2687, 2732, 2603, 2329, 1980, 
1652, 1379, 1391, 1577, 1881, 2238, 2543, 2716, 2718, 2546, 
2243, 1886, 1580, 1392, 1380, 1547, 1844, 2326, 2598, 2732, 
2687, 2478, 2152, 1789, 1500, 1364, 1468, 1808, 2158, 2486, 
2691, 2731, 2585, 2152, 1805, 1515, 1370, 1410, 1613, 1932, 
2285, 2575, 2727, 2703, 2510, 2195, 1843, 1547, 1380, 1445, 
1687, 2023, 2368, 2631, 2736, 2671, 2438, 2104, 1758, 1487, 
1365, 1425, 1652, 1980, 2329, 2672, 2736, 2622, 2355, 2012, 
1679, 1439, 1367, 1471, 1730, 2073, 2410, 2652, 2738, 2647, 
2396, 1920, 1607, 1401, 1374, 1529, 1811, 2163, 2487, 2691, 
2733, 2591, 2315, 1964, 1639, 1419, 1367, 1587, 1900, 2252, 
2552, 2719, 2713, 2534, 2227, 1874, 1568, 1388, 1385, 1556, 
1861, 2211, 2522, 2735, 2683, 2463, 2135, 1790, 1506, 1368, 
1414, 1624, 1951, 2300, 2584, 2727, 2697, 2497, 2180, 1707, 
1455, 1363, 1452, 1701, 2039, 2383, 2637, 2739, 2663, 2426, 
2090, 1744, 1481, 1362, 1434, 1783, 2131, 2460, 2680, 2736, 
2615, 2345, 1998, 1665, 1432, 1366, 1480, 1742, 2087, 2425, 
2660, 2720, 2556, 2259, 1907, 1592, 1398, 1378, 1536, 1827, 
2179, 2496, 2700, 2729, 2583, 2299, 1948, 1532, 1375, 1400, 
1599, 1916, 2269, 2561, 2723, 2708, 2523, 2211, 1860, 1557, 
1384, 1388, 1567, 2006, 2353, 2620, 2736, 2675, 2452, 2119, 
1775, 1497, 1367, 1421, 1637, 1959, 2313, 2592, 2732, 2631, 
2375, 2028, 1695, 1449, 1363, 1460, 1715, 2055, 2396, 2646, 
2740, 2655, 2412, 2073, 1729, 1409, 1371, 1512, 1800, 2145, 
2472, 2684, 2734, 2606, 2329, 1982, 1653, 1427, 1366, 1487, 
1760, 2238, 2541, 2713, 2718, 2548, 2246, 1890, 1580, 1393, 
1379, 1547, 1843, 2195, 2505, 2701, 2728, 2480, 2153, 1804, 
1519, 1369, 1408, 1612, 1932, 2283, 2572, 2724, 2703, 2511, 
2195, 1848, 1546, 1363, 1444, 1689, 2022, 2367, 2627, 2739, 
2672, 2438, 2105, 1759, 1489, 1366, 1425, 1651, 1974, 2444, 
2672, 2736, 2626, 2360, 2013, 1679, 1439, 1363, 1468, 1730, 
2070, 2409, 2654, 2739, 2645, 2275, 1923, 1606, 1403, 1373, 
1523, 1812, 2162, 2486, 2691, 2732, 2595, 2315, 1962, 1640, 
1419, 1397, 1585, 1899, 2254, 2552, 2719, 2713, 2535, 2227, 
1875, 1569, 1388, 1383, 1556, 1856, 2210, 2611, 2735, 2683, 
2467, 2138, 1791, 1508, 1370, 1413, 1623, 1946, 2299, 2583, 
2727, 2699, 2500, 2047, 1708, 1457, 1364, 1451, 1700, 2038, 
2382, 2638, 2739, 2663, 2427, 2089, 1745, 1481, 1364, 1503, 
1782, 2130, 2459, 2678, 2737, 2612, 2348, 1999, 1663, 1432, 
1365, 1481, 1741, 2088, 2424, 2712, 2719, 2558, 2260, 1907, 
1595, 1398, 1378, 1535, 1827, 2179, 2496, 2699, 2728, 2584, 
2303, 1821, 1529, 1374, 1401, 1599, 1912, 2267, 2563, 2721, 
2710, 2522, 2214, 1862, 1558, 1384, 1387, 1671, 2006, 2352, 
2616, 2736, 2675, 2456, 2123, 1775, 1500, 1367, 1419, 1636, 
1963, 2312, 2593, 2739, 2632, 2377, 2030, 1694, 1448, 1362, 
1456, 1714, 2056, 2399, 2643, 2739, 2654, 2416, 2073, 1620, 
1411, 1370, 1511, 1797, 2144, 2472, 2684, 2736, 2606, 2329, 
1984, 1653, 1426, 1366, 1485, 1882, 2235, 2542, 2712, 2717, 
2545, 2245, 1893, 1583, 1389, 1379, 1545, 1842, 2192, 2507, 
2703, 2688, 2479, 2156, 1805, 1520, 1371, 1407, 1612, 1931, 
2284, 2572, 2727, 2704, 2511, 2197, 1846, 1467, 1363, 1444, 
1686, 2023, 2366, 2627, 2739, 2670, 2440, 2107, 1759, 1490, 
1367, 1423, 1649, 2113, 2444, 2672, 2738, 2623, 2361, 2015, 
1681, 1440, 1365, 1471, 1728, 2067, 2408, 2654, 2739, 2568, 
2279, 1924, 1606, 1404, 1373, 1522, 1811, 2161, 2484, 2691, 
2732, 2595, 2317, 1967, 1641, 1379, 1395, 1586, 1898, 2252, 
2552, 2719, 2713, 2535, 2229, 1876, 1569, 1391, 1383, 1555, 
1856, 2337, 2608, 2736, 2683, 2467, 2139, 1791, 1510, 1369, 
1412, 1623, 1946, 2297, 2582, 2730, 2698, 2391, 2050, 1707, 
1457, 1363, 1452, 1700, 2035, 2381, 2635, 2739, 2665, 2430, 
2091, 1747, 1479, 1368, 1502, 1780, 2130, 2456, 2679, 2736, 
2616, 2348, 2000, 1667, 1433, 1364, 1478, 1743, 2086, 2524, 
2712, 2720, 2556, 2261, 1909, 2726, 2583, 2300, 1950, 1628, 
1412, 1369, 1500, 1784, 2132, 2559, 2720, 2707, 2525, 2213, 
1863, 1558, 1383, 1387, 1565, 1870, 2222, 2529, 2713, 2718, 
2552, 2121, 1775, 1498, 1368, 1417, 1635, 1961, 2308, 2590, 
2730, 2691, 2488, 2165, 1814, 1528, 1372, 1459, 1711, 2051, 
2392, 2640, 2737, 2652, 2414, 2072, 1734, 1470, 1363, 1435, 
1675, 2008, 2356, 2684, 2732, 2604, 2331, 1984, 1654, 1426, 
1364, 1485, 1755, 2100, 2433, 2667, 2736, 2630, 2371, 1891, 
1582, 1395, 1378, 1542, 1839, 2191, 2507, 2700, 2726, 2575, 
2287, 1935, 1614, 1409, 1371, 1608, 1928, 2279, 2569, 2723, 
2703, 2511, 2198, 1846, 1548, 1380, 1391, 1577, 1886, 2239, 
2539, 2737, 2670, 2443, 2108, 1762, 1491, 1366, 1423, 1648, 
1976, 2324, 2603, 2732, 2685, 2477, 2150, 1683, 1441, 1363, 
1467, 1727, 2066, 2406, 2649, 2737, 2646, 2400, 2059, 1719, 
1463, 1363, 1444, 1809, 2160, 2482, 2689, 2733, 2595, 2316, 
1968, 1640, 1421, 1368, 1492, 1769, 2115, 2445, 2673, 2713, 
2536, 2232, 1880, 1568, 1390, 1383, 1555, 1855, 2207, 2520, 
2707, 2724, 2564, 2272, 1920, 1511, 1369, 1411, 1620, 1945, 
2294, 2582, 2727, 2697, 2501, 2183, 1831, 1539, 1378, 1394, 
1587, 2035, 2377, 2635, 2739, 2663, 2428, 2091, 1744, 1480, 
1363, 1431, 1662, 1992, 2340, 2610, 2737, 2618, 2348, 2003, 
1668, 1436, 1363, 1479, 1740, 2084, 2422, 2659, 2737, 2639, 
2385, 2044, 1705, 1400, 1376, 1532, 1825, 2175, 2494, 2696, 
2729, 2585, 2303, 1952, 1628, 1415, 1368, 1504, 1784, 2263, 
2560, 2721, 2708, 2525, 2213, 1866, 1560, 1384, 1385, 1565, 
1871, 2224, 2529, 2712, 2719, 2455, 2124, 1779, 1500, 1368, 
1418, 1635, 1957, 2311, 2591, 2730, 2694, 2489, 2169, 1816, 
1528, 1364, 1459, 1712, 2051, 2394, 2641, 2736, 2656, 2420, 
2076, 1733, 1472, 1364, 1437, 1673, 2008, 2469, 2684, 2735, 
2607, 2332, 1985, 1655, 1427, 1365, 1482, 1753, 2100, 2435, 
2663, 2739, 2631, 2247, 1895, 1584, 1395, 1379, 1543, 1840, 
2191, 2505, 2701, 2724, 2575, 2289, 1936, 1617, 1409, 1408, 
1608, 1929, 2279, 2571, 2723, 2704, 2513, 2200, 1849, 1550, 
1384, 1392, 1577, 1884, 2236, 2625, 2737, 2671, 2443, 2109, 
1763, 1491, 1366, 1423, 1646, 1975, 2324, 2598, 2734, 2688, 
2476, 2017, 1683, 1442, 1363, 1467, 1724, 2066, 2405, 2649, 
2738, 2649, 2402, 2060, 1724, 1463, 1363, 1520, 1809, 2160, 
2483, 2689, 2734, 2596, 2319, 1969, 1643, 1422, 1366, 1494, 
1768, 2115, 2448, 2716, 2713, 2538, 2232, 1875, 1573, 1391, 
1383, 1553, 1852, 2206, 2519, 2705, 2723, 2567, 2272, 1792, 
1512, 1368, 1410, 1620, 1944, 2294, 2580, 2729, 2699, 2502, 
2185, 1833, 1539, 1377, 1395, 1698, 2033, 2378, 2632, 2738, 
2663, 2430, 2094, 1750, 1483, 1364, 1430, 1662, 1990, 2340, 
2611, 2739, 2616, 2352, 2007, 1669, 1436, 1364, 1476, 1740, 
2083, 2419, 2659, 2739, 2640, 2387, 2046, 1596, 1398, 1376, 
1532, 1825, 2174, 2493, 2696, 2729, 2587, 2304, 1953, 1629, 
1415, 1368, 1503, 1911, 2263, 2562, 2721, 2711, 2526, 2216, 
1868, 1560, 1387, 1387, 1564, 1869, 2220, 2529, 2711, 2679, 
2456, 2126, 1780, 1500, 1369, 1415, 1633, 1958, 2308, 2589, 
2732, 2694, 2492, 2169, 1817, 1449, 1363, 1457, 1712, 2047, 
2392, 2640, 2736, 2656, 2416, 2078, 1735, 1475, 1360, 1438, 
1671, 2140, 2468, 2684, 2736, 2608, 2335, 1987, 1657, 1427, 
1367, 1485, 1753, 2099, 2433, 2665, 2739, 2550, 2248, 1897, 
1586, 1395, 1379, 1544, 1836, 2190, 2508, 2702, 2728, 2576, 
2289, 1939, 1619, 1373, 1404, 1611, 1924, 2280, 2571, 2724, 
2702, 2513, 2203, 1851, 1550, 1382, 1391, 1576, 1884, 2364, 
2624, 2737, 2671, 2443, 2110, 1763, 1492, 1369, 1422, 1646, 
1974, 2323, 2599, 2733, 2688, 2364, 2019, 1685, 1443, 1363, 
1466, 1723, 2064, 2407, 2654, 2739, 2648, 2402, 2062, 1692, 
1428, 1408, 1673, 2016, 2363, 2627, 2737, 2665, 2431, 2072, 
1733, 1470, 1363, 1441, 1676, 2011, 2359, 2685, 2734, 2604, 
2329, 1982, 1652, 1425, 1366, 1487, 1758, 2102, 2435, 2669, 
2740, 2627, 2368, 1891, 1582, 1393, 1379, 1544, 1844, 2194, 
2508, 2700, 2726, 2574, 2281, 1934, 1614, 1405, 1372, 1612, 
1931, 2283, 2572, 2726, 2703, 2511, 2196, 1845, 1548, 1380, 
1392, 1583, 1888, 2241, 2543, 2739, 2667, 2439, 2108, 1758, 
1489, 1366, 1423, 1650, 1979, 2328, 2604, 2733, 2684, 2471, 
2147, 1680, 1440, 1363, 1469, 1729, 2070, 2409, 2652, 2739, 
2647, 2399, 2058, 1718, 1462, 1356, 1447, 1811, 2162, 2483, 
2691, 2732, 2593, 2316, 1965, 1639, 1420, 1366, 1496, 1772, 
2119, 2451, 2679, 2712, 2535, 2227, 1875, 1568, 1389, 1384, 
1556, 1857, 2210, 2520, 2707, 2723, 2564, 2270, 1920, 1510, 
1370, 1411, 1623, 1947, 2297, 2583, 2729, 2697, 2499, 2182, 
1831, 1536, 1376, 1397, 1590, 2036, 2382, 2634, 2739, 2663, 
2427, 2091, 1747, 1479, 1364, 1432, 1663, 1993, 2342, 2614, 
2736, 2615, 2347, 1999, 1666, 1433, 1364, 1477, 1743, 2086, 
2419, 2662, 2739, 2638, 2384, 2044, 1703, 1399, 1376, 1534, 
1828, 2178, 2496, 2697, 2729, 2583, 2302, 1951, 1627, 1415, 
1368, 1504, 1787, 2266, 2561, 2723, 2708, 2524, 2215, 1861, 
1558, 1384, 1388, 1567, 1872, 2224, 2531, 2712, 2719, 2454, 
2123, 1776, 1499, 1368, 1418, 1635, 1961, 2311, 2591, 2729, 
2692, 2487, 2167, 1815, 1526, 1363, 1460, 1715, 2054, 2396, 
2644, 2739, 2656, 2412, 2073, 1734, 1471, 1364, 1438, 1677, 
2011, 2472, 2684, 2736, 2604, 2332, 1983, 1655, 1426, 1367, 
1489, 1757, 2100, 2435, 2668, 2738, 2630, 2245, 1895, 1583, 
1393, 1381, 1545, 1841, 2192, 2508, 2703, 2729, 2574, 2287, 
1935, 1616, 1408, 1406, 1611, 1929, 2283, 2572, 2724, 2704, 
2511, 2201, 1846, 1547, 1382, 1391, 1577, 1888, 2240, 2626, 
2738, 2668, 2441, 2108, 1761, 1491, 1365, 1425, 1648, 1976, 
2328, 2604, 2732, 2689, 2476, 2015, 1683, 1441, 1363, 1468, 
1729, 2068, 2408, 2652, 2739, 2646, 2401, 2060, 1717, 1463, 
1363, 1521, 1811, 2161, 2485, 2690, 2734, 2596, 2318, 1969, 
1640, 1420, 1369, 1495, 1771, 2115, 2449, 2719, 2713, 2537, 
2230, 1877, 1571, 1389, 1382, 1555, 1856, 2208, 2520, 2705, 
2723, 2565, 2271, 1792, 1510, 1370, 1412, 1622, 1945, 2297, 
2583, 2729, 2697, 2500, 2182, 1832, 1532, 1377, 1399, 1699, 
2036, 2381, 2635, 2739, 2663, 2428, 2092, 1748, 1480, 1364, 
1432, 1662, 1992, 2345, 2612, 2736, 2616, 2347, 1999, 1667, 
1433, 1365, 1479, 1742, 2086, 2423, 2660, 2739, 2639, 2385, 
2048, 1596, 1399, 1377, 1533, 1826, 2175, 2495, 2697, 2730, 
2586, 2304, 1951, 1628, 1414, 1369, 1504, 1915, 2267, 2559, 
2723, 2708, 2526, 2214, 1863, 1556, 1385, 1388, 1566, 1870, 
2224, 2531, 2711, 2676, 2454, 2123, 1776, 1500, 1367, 1418, 
1635, 1961, 2311, 2590, 2734, 2691, 2488, 2168, 1816, 1448, 
1363, 1460, 1713, 2053, 2395, 2643, 2739, 2656, 2415, 2076, 
1733, 1473, 1364, 1438, 1675, 2144, 2470, 2684, 2734, 2607, 
2332, 1985, 1656, 1427, 1366, 1486, 1756, 2101, 2435, 2667, 
2740, 2550, 2247, 1894, 1584, 1395, 1379, 1544, 1839, 2190, 
2507, 2701, 2727, 2576, 2289, 1935, 1615, 1373, 1405, 1608, 
1928, 2280, 2572, 2723, 2703, 2512, 2200, 1848, 1548, 1381, 
1391, 1578, 1884, 2364, 2627, 2739, 2671, 2441, 2110, 1760, 
1493, 1371, 1424, 1648, 1976, 2326, 2604, 2734, 2687, 2363, 
2016, 1683, 1441, 1363, 1467, 1727, 2065, 2408, 2654, 2739, 
2648, 2401, 2062, 1719, 1463, 1372, 1521, 1809, 2160, 2483, 
2690, 2734, 2595, 2319, 1968, 1639, 1421, 1365, 1494, 1768, 
2116, 2550, 2718, 2715, 2536, 2230, 1879, 1569, 1388, 1382, 
1555, 1855, 2204, 2519, 2707, 2724, 2567, 2142, 1792, 1511, 
1369, 1411, 1621, 1944, 2295, 2580, 2727, 2698, 2502, 2186, 
1832, 2711, 2533, 2095, 1752, 1483, 1363, 1427, 1657, 1984, 
2334, 2607, 2732, 2680, 2467, 2139, 1790, 1509, 1368, 1472, 
1734, 2076, 2416, 2655, 2736, 2639, 2390, 2049, 1709, 1456, 
1363, 1448, 1695, 2034, 2376, 2689, 2727, 2587, 2307, 1962, 
1632, 1416, 1368, 1498, 1779, 2125, 2455, 2677, 2735, 2615, 
2348, 1868, 1562, 1385, 1384, 1561, 1861, 2215, 2527, 2707, 
2721, 2557, 2263, 1910, 1595, 1400, 1375, 1630, 1951, 2304, 
2587, 2729, 2695, 2488, 2174, 1822, 1529, 1376, 1398, 1597, 
1911, 2264, 2559, 2736, 2657, 2420, 2080, 1739, 1474, 1363, 
1439, 1668, 2001, 2348, 2615, 2736, 2676, 2455, 2124, 1660, 
1429, 1364, 1481, 1748, 2093, 2430, 2664, 2742, 2632, 2380, 
2033, 1696, 1449, 1362, 1457, 1833, 2184, 2499, 2697, 2726, 
2578, 2293, 1943, 1619, 1408, 1369, 1509, 1795, 2142, 2470, 
2684, 2706, 2516, 2205, 1855, 1553, 1382, 1392, 1571, 1878, 
2232, 2535, 2714, 2717, 2548, 2247, 1894, 1495, 1368, 1421, 
1642, 1969, 2321, 2597, 2733, 2690, 2481, 2159, 1812, 1521, 
1373, 1404, 1608, 2063, 2403, 2648, 2739, 2651, 2407, 2067, 
1727, 1468, 1363, 1443, 1683, 2019, 2364, 2624, 2737, 2601, 
2323, 1975, 1648, 1425, 1367, 1491, 1763, 2110, 2442, 2671, 
2737, 2625, 2363, 2016, 1684, 1391, 1381, 1548, 1849, 2200, 
2513, 2703, 2724, 2569, 2279, 1927, 1608, 1404, 1372, 1518, 
1807, 2288, 2575, 2727, 2700, 2504, 2191, 1839, 1542, 1377, 
1395, 1583, 1895, 2247, 2548, 2718, 2716, 2435, 2101, 1754, 
1486, 1365, 1427, 1656, 1984, 2335, 2606, 2734, 2684, 2467, 
2141, 1794, 1509, 1362, 1473, 1734, 2076, 2415, 2655, 2738, 
2642, 2392, 2051, 1711, 1457, 1363, 1449, 1696, 2035, 2488, 
2691, 2732, 2590, 2310, 1959, 1635, 1416, 1368, 1499, 1779, 
2124, 2455, 2678, 2736, 2616, 2222, 1868, 1564, 1388, 1383, 
1560, 1863, 2215, 2524, 2710, 2721, 2559, 2263, 1912, 1596, 
1400, 1414, 1627, 1954, 2302, 2586, 2732, 2694, 2494, 2174, 
1823, 1532, 1375, 1399, 1597, 1910, 2261, 2639, 2739, 2657, 
2419, 2083, 1740, 1479, 1363, 1433, 1668, 1999, 2348, 2616, 
2736, 2678, 2456, 1992, 1662, 1429, 1364, 1479, 1747, 2093, 
2428, 2663, 2739, 2633, 2379, 2035, 1698, 1449, 1363, 1538, 
1833, 2184, 2500, 2699, 2728, 2584, 2295, 1943, 1623, 1412, 
1369, 1508, 1792, 2142, 2468, 2724, 2707, 2519, 2207, 1855, 
1553, 1386, 1388, 1572, 1878, 2231, 2537, 2713, 2719, 2548, 
2249, 1768, 1494, 1367, 1420, 1640, 1969, 2318, 2593, 2736, 
2691, 2482, 2159, 1809, 1522, 1373, 1406, 1719, 2060, 2401, 
2646, 2738, 2651, 2407, 2067, 1726, 1468, 1363, 1442, 1681, 
2016, 2363, 2625, 2734, 2600, 2326, 1976, 1649, 1425, 1367, 
1490, 1763, 2112, 2440, 2670, 2739, 2626, 2364, 2019, 1578, 
1391, 1379, 1550, 1848, 2200, 2512, 2703, 2727, 2570, 2279, 
1928, 1609, 1406, 1372, 1520, 1936, 2288, 2578, 2727, 2700, 
2508, 2191, 1839, 1543, 1380, 1393, 1579, 1896, 2244, 2547, 
2716, 2667, 2435, 2101, 1755, 1487, 1365, 1427, 1656, 1984, 
2333, 2608, 2735, 2687, 2471, 2143, 1795, 1438, 1363, 1472, 
1734, 2075, 2414, 2655, 2739, 2643, 2394, 2052, 1712, 1460, 
1365, 1448, 1696, 2168, 2488, 2692, 2732, 2591, 2311, 1960, 
1635, 1418, 1368, 1498, 1777, 2123, 2454, 2675, 2737, 2532, 
2224, 1871, 1565, 1388, 1385, 1561, 1863, 2215, 2525, 2709, 
2723, 2563, 2268, 1914, 1596, 1370, 1419, 1626, 1951, 2303, 
2589, 2731, 2696, 2497, 2177, 1825, 1534, 1376, 1399, 1596, 
1910, 2387, 2639, 2737, 2660, 2423, 2085, 1742, 1476, 1365, 
1433, 1667, 1999, 2348, 2616, 2736, 2679, 2342, 1994, 1663, 
1429, 1366, 1481, 1747, 2091, 2428, 2663, 2739, 2636, 2380, 
2036, 1699, 1452, 1377, 1537, 1831, 2183, 2499, 2697, 2729, 
2582, 2297, 1944, 1623, 1411, 1371, 1508, 1792, 2140, 2566, 
2723, 2705, 2520, 2208, 1856, 1551, 1376, 1435, 1728, 2075, 
2418, 2662, 2739, 2635, 2380, 1883, 1576, 1389, 1383, 1552, 
1852, 2204, 2516, 2707, 2724, 2569, 2276, 1925, 1607, 1404, 
1374, 1619, 1939, 2292, 2579, 2727, 2700, 2503, 2187, 1836, 
1540, 1377, 1395, 1584, 1897, 2250, 2549, 2738, 2664, 2432, 
2095, 1751, 1482, 1363, 1428, 1657, 1988, 2337, 2609, 2735, 
2683, 2467, 2139, 1671, 1436, 1363, 1474, 1737, 2080, 2418, 
2657, 2739, 2641, 2392, 2047, 1706, 1458, 1364, 1452, 1821, 
2172, 2492, 2694, 2731, 2588, 2306, 1955, 1632, 1417, 1367, 
1500, 1779, 2131, 2457, 2680, 2710, 2527, 2220, 1867, 1562, 
1387, 1386, 1562, 1867, 2218, 2529, 2711, 2721, 2558, 2262, 
1910, 1503, 1369, 1415, 1631, 1956, 2306, 2588, 2731, 2696, 
2494, 2173, 1823, 1532, 1375, 1400, 1598, 2047, 2388, 2643, 
2739, 2657, 2419, 2080, 1736, 1473, 1363, 1435, 1672, 2004, 
2351, 2617, 2736, 2608, 2337, 1989, 1659, 1428, 1365, 1484, 
1751, 2096, 2432, 2664, 2739, 2632, 2375, 2032, 1695, 1397, 
1378, 1541, 1836, 2187, 2503, 2701, 2727, 2579, 2291, 1941, 
1620, 1411, 1369, 1508, 1795, 2275, 2568, 2724, 2704, 2516, 
2204, 1852, 1552, 1381, 1390, 1573, 1880, 2236, 2539, 2715, 
2719, 2444, 2113, 1767, 1493, 1367, 1421, 1643, 1972, 2321, 
2598, 2732, 2688, 2480, 2155, 1807, 1521, 1363, 1464, 1721, 
2062, 2404, 2649, 2739, 2651, 2407, 2065, 1724, 1466, 1363, 
1443, 1683, 2022, 2480, 2688, 2734, 2599, 2325, 1974, 1647, 
1423, 1362, 1492, 1764, 2111, 2445, 2672, 2739, 2624, 2236, 
1884, 1575, 1391, 1383, 1551, 1851, 2203, 2515, 2705, 2724, 
2568, 2279, 1926, 1608, 1406, 1411, 1618, 1939, 2291, 2579, 
2728, 2700, 2505, 2188, 1838, 1543, 1378, 1396, 1584, 1896, 
2248, 2631, 2739, 2665, 2432, 2098, 1759, 1484, 1364, 1427, 
1656, 1987, 2335, 2609, 2736, 2684, 2470, 2006, 1672, 1436, 
1363, 1475, 1737, 2079, 2416, 2656, 2739, 2641, 2391, 2049, 
1711, 1459, 1364, 1527, 1820, 2172, 2491, 2695, 2732, 2590, 
2308, 1957, 1633, 1416, 1368, 1501, 1779, 2129, 2456, 2721, 
2711, 2529, 2222, 1869, 1564, 1387, 1387, 1561, 1865, 2216, 
2527, 2710, 2721, 2559, 2263, 1786, 1503, 1368, 1415, 1631, 
1955, 2305, 2585, 2731, 2700, 2494, 2174, 1823, 1531, 1376, 
1400, 1707, 2046, 2388, 2640, 2739, 2658, 2420, 2081, 1740, 
1475, 1363, 1435, 1670, 2003, 2350, 2618, 2735, 2611, 2338, 
1991, 1660, 1429, 1366, 1483, 1750, 2096, 2430, 2664, 2737, 
2633, 2379, 2033, 1587, 1396, 1377, 1537, 1835, 2185, 2502, 
2697, 2728, 2579, 2295, 1943, 1622, 1411, 1370, 1510, 1923, 
2275, 2569, 2725, 2707, 2518, 2204, 1854, 1552, 1383, 1391, 
1571, 1880, 2232, 2537, 2714, 2673, 2447, 2115, 1769, 1494, 
1367, 1422, 1643, 1971, 2319, 2599, 2734, 2689, 2480, 2158, 
1807, 1445, 1363, 1464, 1721, 2061, 2402, 2648, 2739, 2651, 
2407, 2065, 1726, 1466, 1363, 1443, 1683, 2153, 2479, 2687, 
2735, 2600, 2324, 1976, 1647, 1425, 1365, 1490, 1763, 2110, 
2444, 2672, 2737, 2541, 2239, 1887, 1577, 1390, 1382, 1550, 
1850, 2199, 2515, 2704, 2726, 2568, 2279, 1927, 1609, 1371, 
1408, 1616, 1937, 2289, 2578, 2727, 2701, 2505, 2190, 1839, 
1542, 1379, 1395, 1584, 1895, 2375, 2631, 2738, 2667, 2434, 
2100, 1753, 1484, 1366, 1427, 1658, 1986, 2335, 2608, 2736, 
2685, 2355, 2007, 1674, 1439, 1363, 1473, 1735, 2077, 2416, 
2656, 2739, 2642, 2393, 2051, 1711, 1459, 1375, 1529, 1820, 
2170, 2490, 2695, 2731, 2591, 2311, 1959, 1634, 1417, 1368, 
1500, 1779, 2126, 2556, 2720, 2710, 2529, 2222, 1870, 1564, 
1385, 1385, 1559, 1863, 2217, 2525, 2710, 2721, 2560, 2131, 
1783, 1503, 1368, 1414, 1628, 1952, 2304, 2587, 2729, 2696, 
2494, 2175, 1823, 1532, 1376, 1455, 1706, 2045, 2388, 2639, 
2739, 2658, 2422, 2083, 1741, 1475, 1364, 1435, 1670, 1998, 
2350, 2681, 2735, 2611, 2339, 1992, 2731, 2595, 2317, 1968, 
1641, 1417, 1366, 1492, 1767, 2112, 2444, 2712, 2710, 2536, 
2230, 1879, 1571, 1390, 1382, 1552, 1852, 2203, 2515, 2704, 
2721, 2566, 2272, 1792, 1508, 1370, 1410, 1619, 1940, 2293, 
2577, 2727, 2697, 2501, 2183, 1833, 1538, 1376, 1393, 1695, 
2032, 2375, 2631, 2736, 2662, 2429, 2092, 1749, 1481, 1365, 
1428, 1659, 1987, 2337, 2609, 2735, 2615, 2348, 2001, 1669, 
1435, 1363, 1476, 1738, 2081, 2419, 2656, 2737, 2639, 2387, 
2045, 1596, 1400, 1375, 1529, 1821, 2173, 2492, 2694, 2730, 
2587, 2305, 1954, 1630, 1416, 1367, 1501, 1910, 2262, 2558, 
2720, 2708, 2527, 2216, 1866, 1560, 1385, 1384, 1564, 1868, 
2220, 2528, 2710, 2676, 2456, 2126, 1779, 1500, 1368, 1416, 
1632, 1959, 2307, 2589, 2729, 2693, 2491, 2169, 1819, 1452, 
1363, 1459, 1709, 2049, 2390, 2640, 2739, 2655, 2417, 2079, 
1736, 1473, 1363, 1436, 1672, 2140, 2467, 2681, 2735, 2607, 
2335, 1987, 1656, 1427, 1366, 1484, 1752, 2098, 2432, 2664, 
2738, 2550, 2248, 1896, 1587, 1395, 1379, 1541, 1836, 2191, 
2504, 2700, 2727, 2577, 2291, 1939, 1619, 1374, 1405, 1607, 
1926, 2277, 2569, 2724, 2704, 2514, 2201, 1850, 1550, 1382, 
1391, 1575, 1883, 2362, 2623, 2738, 2671, 2443, 2112, 1762, 
1492, 1365, 1423, 1644, 1974, 2321, 2599, 2734, 2687, 2365, 
2019, 1684, 1443, 1363, 1465, 1725, 2064, 2404, 2649, 2739, 
2649, 2403, 2062, 1722, 1465, 1372, 1518, 1806, 2156, 2480, 
2687, 2732, 2598, 2321, 1971, 1645, 1423, 1366, 1491, 1766, 
2112, 2547, 2714, 2714, 2540, 2236, 1883, 1574, 1390, 1382, 
1552, 1853, 2204, 2516, 2705, 2724, 2567, 2143, 1795, 1511, 
1371, 1410, 1617, 1939, 2292, 2580, 2729, 2700, 2503, 2185, 
1835, 1540, 1378, 1449, 1695, 2032, 2375, 2632, 2739, 2664, 
2431, 2096, 1752, 1483, 1363, 1428, 1659, 1989, 2337, 2678, 
2736, 2618, 2352, 2004, 1671, 1436, 1363, 1475, 1736, 2080, 
2418, 2656, 2738, 2640, 2390, 1913, 1598, 1401, 1375, 1529, 
1822, 2173, 2492, 2693, 2732, 2587, 2307, 1955, 1630, 1419, 
1367, 1595, 1909, 2262, 2559, 2723, 2711, 2528, 2220, 1868, 
1563, 1388, 1388, 1564, 1867, 2220, 2528, 2736, 2680, 2457, 
2128, 1782, 1502, 1369, 1417, 1632, 1956, 2307, 2590, 2732, 
2695, 2492, 2171, 1699, 1451, 1365, 1459, 1708, 2048, 2390, 
2639, 2739, 2656, 2417, 2080, 1738, 1474, 1363, 1436, 1792, 
2139, 2467, 2683, 2735, 2609, 2336, 1988, 1659, 1428, 1365, 
1484, 1752, 2096, 2432, 2665, 2719, 2551, 2249, 1899, 1587, 
1396, 1377, 1541, 1836, 2188, 2503, 2700, 2727, 2579, 2292, 
1940, 1523, 1373, 1405, 1606, 1924, 2278, 2568, 2724, 2707, 
2514, 2203, 1852, 1552, 1382, 1390, 1574, 2015, 2363, 2623, 
2739, 2672, 2445, 2112, 1767, 1494, 1367, 1422, 1644, 1971, 
2323, 2598, 2732, 2627, 2366, 2019, 1685, 1443, 1362, 1464, 
1723, 2063, 2403, 2648, 2739, 2648, 2404, 2064, 1724, 1406, 
1372, 1519, 1804, 2155, 2479, 2688, 2734, 2599, 2320, 1974, 
1646, 1424, 1366, 1491, 1765, 2245, 2547, 2716, 2716, 2542, 
2234, 1884, 1574, 1391, 1382, 1551, 1851, 2203, 2515, 2706, 
2724, 2471, 2145, 1797, 1511, 1371, 1409, 1619, 1937, 2291, 
2577, 2727, 2700, 2504, 2188, 1837, 1542, 1363, 1448, 1694, 
2030, 2376, 2632, 2739, 2664, 2434, 2097, 1752, 1484, 1364, 
1428, 1658, 1988, 2453, 2677, 2738, 2619, 2353, 2005, 1673, 
1436, 1364, 1475, 1737, 2079, 2417, 2656, 2739, 2641, 2267, 
1915, 1599, 1401, 1376, 1529, 1820, 2171, 2492, 2694, 2730, 
2590, 2307, 1956, 1632, 1417, 1396, 1593, 1908, 2259, 2558, 
2723, 2711, 2529, 2220, 1869, 1564, 1387, 1387, 1561, 1865, 
2219, 2615, 2736, 2679, 2458, 2129, 1783, 1503, 1369, 1416, 
1631, 1955, 2307, 2588, 2731, 2695, 2496, 2039, 1700, 1451, 
1364, 1455, 1708, 2045, 2390, 2639, 2739, 2657, 2419, 2080, 
1700, 1432, 1371, 1639, 1982, 2331, 2609, 2736, 2681, 2459, 
2107, 1763, 1491, 1366, 1424, 1648, 1976, 2326, 2601, 2737, 
2623, 2364, 2015, 1683, 1441, 1364, 1468, 1727, 2067, 2408, 
2651, 2739, 2647, 2400, 2061, 1608, 1404, 1373, 1521, 1809, 
2160, 2483, 2689, 2734, 2596, 2319, 1968, 1643, 1421, 1366, 
1494, 1896, 2249, 2552, 2718, 2712, 2536, 2232, 1879, 1571, 
1387, 1383, 1553, 1855, 2207, 2520, 2707, 2683, 2468, 2140, 
1792, 1510, 1369, 1413, 1623, 1944, 2295, 2582, 2731, 2699, 
2501, 2183, 1832, 1458, 1363, 1449, 1698, 2035, 2379, 2635, 
2739, 2663, 2428, 2093, 1748, 1482, 1364, 1431, 1662, 2127, 
2456, 2679, 2736, 2616, 2348, 2001, 1668, 1433, 1364, 1476, 
1740, 2083, 2422, 2659, 2739, 2559, 2263, 1912, 1596, 1400, 
1376, 1532, 1824, 2175, 2495, 2695, 2731, 2586, 2303, 1951, 
1628, 1375, 1399, 1597, 1912, 2264, 2559, 2723, 2709, 2526, 
2216, 1861, 1560, 1384, 1387, 1565, 1870, 2350, 2617, 2735, 
2677, 2456, 2126, 1780, 1500, 1368, 1417, 1634, 1959, 2309, 
2591, 2731, 2694, 2377, 2032, 1697, 1450, 1364, 1459, 1712, 
2051, 2393, 2643, 2739, 2655, 2416, 2076, 1736, 1472, 1372, 
1510, 1792, 2142, 2468, 2683, 2735, 2607, 2335, 1986, 1656, 
1427, 1365, 1485, 1755, 2099, 2538, 2712, 2718, 2547, 2247, 
1895, 1584, 1394, 1378, 1543, 1839, 2191, 2505, 2700, 2727, 
2576, 2157, 1807, 1521, 1373, 1404, 1611, 1927, 2280, 2569, 
2727, 2705, 2513, 2200, 1849, 1550, 1381, 1441, 1682, 2019, 
2365, 2625, 2739, 2671, 2442, 2110, 1763, 1491, 1366, 1423, 
1645, 1976, 2323, 2671, 2737, 2625, 2364, 2018, 1684, 1441, 
1363, 1468, 1726, 2065, 2406, 2652, 2739, 2647, 2403, 1927, 
1610, 1406, 1372, 1520, 1808, 2161, 2483, 2689, 2732, 2598, 
2319, 1971, 1643, 1422, 1365, 1584, 1895, 2247, 2549, 2718, 
2712, 2537, 2232, 1878, 1572, 1389, 1381, 1552, 1855, 2205, 
2518, 2734, 2681, 2470, 2142, 1792, 1511, 1368, 1411, 1620, 
1943, 2294, 2580, 2728, 2700, 2503, 2184, 1711, 1459, 1364, 
1449, 1697, 2033, 2377, 2633, 2737, 2663, 2430, 2094, 1749, 
1481, 1363, 1430, 1779, 2124, 2456, 2679, 2736, 2619, 2350, 
2001, 1669, 1436, 1365, 1476, 1739, 2081, 2419, 2659, 2721, 
2559, 2264, 1912, 1597, 1400, 1376, 1531, 1823, 2175, 2492, 
2695, 2732, 2587, 2305, 1954, 1532, 1376, 1400, 1596, 1911, 
2263, 2559, 2721, 2710, 2528, 2218, 1863, 1561, 1386, 1387, 
1564, 2003, 2348, 2616, 2736, 2675, 2457, 2126, 1780, 1503, 
1368, 1416, 1633, 1958, 2308, 2590, 2731, 2633, 2379, 2034, 
1696, 1451, 1363, 1459, 1710, 2049, 2392, 2641, 2739, 2655, 
2416, 2078, 1735, 1411, 1371, 1508, 1792, 2142, 2468, 2684, 
2735, 2607, 2335, 1987, 1656, 1427, 1364, 1484, 1753, 2231, 
2536, 2713, 2719, 2548, 2247, 1895, 1584, 1394, 1378, 1540, 
1838, 2189, 2505, 2701, 2728, 2482, 2160, 1809, 1523, 1374, 
1403, 1609, 1925, 2278, 2571, 2723, 2705, 2520, 2200, 1849, 
1550, 1363, 1441, 1683, 2017, 2363, 2623, 2737, 2670, 2443, 
2111, 1764, 1492, 1366, 1422, 1645, 1975, 2442, 2670, 2737, 
2624, 2366, 2019, 1686, 1443, 1364, 1464, 1726, 2064, 2407, 
2649, 2739, 2648, 2279, 1929, 1611, 1407, 1372, 1520, 1807, 
2159, 2480, 2688, 2734, 2595, 2320, 1971, 1644, 1422, 1393, 
1582, 1893, 2246, 2547, 2716, 2713, 2537, 2233, 1880, 1573, 
1390, 1382, 1552, 1852, 2204, 2608, 2732, 2684, 2470, 2144, 
1795, 1511, 1370, 1411, 1619, 1942, 2294, 2579, 2730, 2699, 
2504, 2052, 1713, 1460, 1363, 1449, 1696, 2032, 2376, 2632, 
2739, 2664, 2431, 2095, 1750, 1484, 1365, 1497, 1776, 2124, 
2453, 2675, 2739, 2619, 2350, 2004, 1671, 1436, 1365, 1475, 
1739, 2080, 2419, 2708, 2721, 2560, 2265, 1915, 1599, 1401, 
1376, 1531, 1822, 2174, 2493, 2695, 2731, 2587, 2307, 1823, 
1532, 1376, 1400, 1594, 1910, 2259, 2558, 2721, 2710, 2528, 
2219, 1865, 2715, 2554, 2256, 1778, 1499, 1367, 1415, 1630, 
1955, 2305, 2588, 2727, 2691, 2489, 2168, 1819, 1528, 1373, 
1399, 1708, 2047, 2387, 2639, 2737, 2655, 2416, 2078, 1735, 
1473, 1363, 1436, 1670, 2003, 2351, 2617, 2732, 2606, 2334, 
1986, 1656, 1427, 1364, 1483, 1750, 2096, 2430, 2664, 2736, 
2630, 2375, 2030, 1585, 1395, 1377, 1540, 1836, 2187, 2503, 
2697, 2726, 2576, 2290, 1939, 1619, 1409, 1368, 1511, 1924, 
2275, 2568, 2723, 2704, 2513, 2201, 1850, 1550, 1381, 1388, 
1574, 1881, 2232, 2539, 2713, 2670, 2444, 2111, 1763, 1492, 
1366, 1419, 1644, 1972, 2321, 2599, 2732, 2687, 2478, 2155, 
1806, 1442, 1363, 1466, 1723, 2062, 2404, 2649, 2739, 2649, 
2403, 2063, 1722, 1463, 1364, 1443, 1685, 2155, 2479, 2687, 
2732, 2598, 2320, 1972, 1644, 1422, 1366, 1492, 1766, 2111, 
2444, 2671, 2736, 2539, 2235, 1880, 1574, 1391, 1382, 1550, 
1851, 2203, 2515, 2706, 2723, 2567, 2276, 1924, 1607, 1371, 
1408, 1618, 1938, 2291, 2579, 2727, 2699, 2503, 2188, 1834, 
1540, 1378, 1393, 1586, 1899, 2375, 2631, 2739, 2663, 2433, 
2095, 1752, 1484, 1364, 1428, 1659, 1988, 2336, 2610, 2734, 
2684, 2352, 2003, 1672, 1436, 1363, 1474, 1738, 2079, 2418, 
2658, 2737, 2640, 2390, 2048, 1708, 1457, 1375, 1528, 1820, 
2172, 2491, 2695, 2731, 2588, 2306, 1958, 1632, 1416, 1368, 
1500, 1780, 2127, 2557, 2720, 2709, 2528, 2219, 1868, 1563, 
1387, 1387, 1561, 1865, 2219, 2528, 2711, 2720, 2558, 2127, 
1782, 1503, 1368, 1415, 1631, 1955, 2306, 2588, 2731, 2695, 
2493, 2172, 1821, 1530, 1375, 1456, 1708, 2047, 2390, 2639, 
2739, 2656, 2416, 2079, 1738, 1476, 1361, 1437, 1671, 2005, 
2352, 2683, 2735, 2609, 2337, 1988, 1659, 1428, 1364, 1481, 
1751, 2096, 2430, 2665, 2740, 2631, 2377, 1899, 1587, 1397, 
1378, 1540, 1836, 2187, 2503, 2701, 2729, 2579, 2294, 1942, 
1620, 1411, 1368, 1608, 1924, 2276, 2568, 2723, 2706, 2516, 
2204, 1853, 1551, 1381, 1389, 1574, 1880, 2233, 2538, 2738, 
2672, 2447, 2112, 1766, 1494, 1368, 1422, 1643, 1971, 2320, 
2597, 2732, 2687, 2480, 2156, 1687, 1444, 1364, 1466, 1721, 
2062, 2403, 2647, 2738, 2649, 2407, 2064, 1724, 1467, 1364, 
1442, 1804, 2152, 2479, 2687, 2734, 2598, 2321, 1973, 1646, 
1423, 1366, 1491, 1764, 2111, 2444, 2672, 2715, 2540, 2237, 
1884, 1575, 1392, 1382, 1550, 1849, 2203, 2513, 2705, 2724, 
2569, 2278, 1926, 1515, 1371, 1411, 1617, 1939, 2291, 2577, 
2728, 2702, 2504, 2190, 1837, 1540, 1378, 1395, 1585, 2030, 
2374, 2631, 2739, 2666, 2436, 2097, 1752, 1484, 1364, 1428, 
1657, 1987, 2336, 2609, 2736, 2617, 2355, 2005, 1673, 1437, 
1363, 1474, 1736, 2078, 2417, 2659, 2739, 2641, 2392, 2046, 
1710, 1401, 1375, 1528, 1820, 2171, 2491, 2695, 2731, 2590, 
2308, 1958, 1632, 1417, 1367, 1501, 1780, 2259, 2556, 2719, 
2711, 2526, 2222, 1870, 1564, 1388, 1385, 1561, 1865, 2217, 
2526, 2711, 2721, 2460, 2129, 1782, 1505, 1368, 1415, 1630, 
1954, 2305, 2587, 2731, 2694, 2492, 2175, 1822, 1531, 1363, 
1456, 1707, 2045, 2387, 2639, 2739, 2659, 2420, 2080, 1740, 
1476, 1364, 1437, 1671, 2002, 2464, 2683, 2735, 2611, 2339, 
1991, 1660, 1430, 1366, 1483, 1750, 2094, 2429, 2665, 2739, 
2633, 2253, 1901, 1587, 1397, 1378, 1539, 1835, 2186, 2502, 
2699, 2728, 2579, 2294, 1942, 1620, 1411, 1403, 1606, 1922, 
2275, 2568, 2724, 2707, 2519, 2206, 1854, 1553, 1383, 1390, 
1572, 1880, 2233, 2622, 2737, 2673, 2447, 2115, 1767, 1493, 
1367, 1420, 1643, 1969, 2320, 2597, 2732, 2688, 2481, 2023, 
1688, 1445, 1363, 1466, 1719, 2061, 2401, 2648, 2739, 2651, 
2407, 2064, 1726, 1467, 1363, 1515, 1804, 2152, 2478, 2688, 
2732, 2599, 2323, 1975, 1647, 1423, 1366, 1490, 1763, 2110, 
2443, 2716, 2716, 2543, 2236, 1881, 1561, 1382, 1428, 1711, 
2055, 2400, 2652, 2739, 2645, 2397, 2017, 1575, 1392, 1381, 
1550, 1848, 2201, 2513, 2704, 2726, 2567, 2278, 1927, 1609, 
1405, 1372, 1520, 1936, 2289, 2577, 2727, 2702, 2505, 2190, 
1839, 1543, 1379, 1395, 1584, 1895, 2246, 2550, 2716, 2666, 
2435, 2099, 1754, 1485, 1364, 1427, 1657, 1985, 2334, 2608, 
2735, 2684, 2465, 2140, 1791, 1436, 1363, 1472, 1735, 2076, 
2416, 2656, 2739, 2643, 2392, 2051, 1711, 1459, 1363, 1450, 
1697, 2168, 2489, 2692, 2732, 2589, 2309, 1959, 1633, 1418, 
1370, 1499, 1780, 2124, 2455, 2678, 2736, 2529, 2221, 1870, 
1564, 1388, 1383, 1561, 1863, 2219, 2525, 2709, 2721, 2559, 
2263, 1912, 1598, 1367, 1415, 1628, 1952, 2303, 2586, 2729, 
2695, 2496, 2175, 1823, 1532, 1376, 1400, 1596, 1911, 2387, 
2639, 2739, 2659, 2422, 2083, 1740, 1476, 1364, 1434, 1669, 
2001, 2348, 2616, 2735, 2678, 2339, 1996, 1660, 1430, 1363, 
1480, 1748, 2092, 2428, 2663, 2739, 2633, 2379, 2035, 1697, 
1450, 1377, 1537, 1831, 2183, 2499, 2698, 2727, 2581, 2296, 
1939, 1623, 1411, 1369, 1508, 1792, 2140, 2567, 2723, 2706, 
2519, 2208, 1855, 1554, 1382, 1391, 1571, 1878, 2232, 2536, 
2713, 2718, 2548, 2116, 1769, 1496, 1367, 1420, 1640, 1969, 
2318, 2596, 2733, 2690, 2482, 2159, 1809, 1523, 1376, 1464, 
1719, 2057, 2401, 2648, 2737, 2651, 2406, 2068, 1727, 1468, 
1364, 1441, 1683, 2017, 2364, 2687, 2734, 2601, 2326, 1977, 
1648, 1422, 1368, 1489, 1763, 2108, 2441, 2670, 2739, 2625, 
2364, 1884, 1577, 1392, 1381, 1548, 1848, 2198, 2511, 2706, 
2723, 2570, 2280, 1929, 1611, 1406, 1372, 1615, 1935, 2288, 
2575, 2726, 2701, 2506, 2191, 1839, 1543, 1378, 1395, 1583, 
1892, 2244, 2547, 2737, 2666, 2435, 2099, 1755, 1487, 1365, 
1427, 1655, 1984, 2332, 2607, 2734, 2684, 2470, 2143, 1676, 
1439, 1362, 1472, 1734, 2076, 2414, 2655, 2739, 2642, 2393, 
2052, 1712, 1458, 1362, 1451, 1817, 2168, 2488, 2691, 2732, 
2591, 2310, 1959, 1635, 1416, 1367, 1498, 1777, 2124, 2455, 
2678, 2712, 2531, 2224, 1871, 1565, 1388, 1384, 1560, 1862, 
2214, 2526, 2708, 2721, 2561, 2264, 1914, 1505, 1369, 1414, 
1629, 1951, 2305, 2587, 2729, 2697, 2495, 2176, 1825, 1532, 
1376, 1400, 1597, 2043, 2385, 2636, 2739, 2658, 2424, 2083, 
1741, 1478, 1363, 1433, 1667, 1998, 2348, 2616, 2734, 2611, 
2340, 1993, 1662, 1431, 1363, 1479, 1747, 2091, 2427, 2663, 
2739, 2634, 2379, 2037, 1698, 1398, 1378, 1537, 1831, 2183, 
2499, 2699, 2729, 2583, 2296, 1944, 1624, 1414, 1370, 1509, 
1792, 2272, 2566, 2723, 2707, 2520, 2209, 1855, 1554, 1383, 
1390, 1571, 1877, 2231, 2535, 2713, 2718, 2449, 2118, 1767, 
1498, 1366, 1420, 1640, 1967, 2318, 2597, 2732, 2689, 2483, 
2160, 1811, 1523, 1363, 1464, 1719, 2058, 2400, 2649, 2739, 
2652, 2408, 2068, 1727, 1469, 1363, 1440, 1680, 2016, 2476, 
2684, 2733, 2602, 2327, 1976, 1649, 1423, 1366, 1486, 1760, 
2107, 2438, 2669, 2739, 2627, 2240, 1887, 1577, 1392, 1381, 
1548, 1847, 2198, 2511, 2703, 2726, 2572, 2280, 1929, 1612, 
1406, 1408, 1616, 1934, 2288, 2576, 2727, 2702, 2506, 2191, 
1841, 1544, 1377, 1394, 1584, 1893, 2245, 2631, 2738, 2667, 
2435, 2101, 1756, 1487, 1366, 1427, 1655, 1984, 2332, 2608, 
2733, 2686, 2471, 2009, 1676, 1439, 1364, 1472, 1732, 2072, 
2412, 2654, 2738, 2643, 2396, 2054, 1713, 1461, 1363, 1524, 
1816, 2167, 2487, 2691, 2731, 2591, 2311, 1961, 1636, 1416, 
1367, 1500, 1775, 2123, 2452, 2719, 2711, 2531, 2225, 1872, 
1566, 1388, 1384, 1558, 1860, 2214, 2524, 2709, 2723, 2561, 
2267, 1787, 1506, 1370, 1414, 1627, 1950, 2300, 2584, 2728, 
2696, 2496, 2176, 1827, 1533, 1376, 1399, 1703, 2042, 2383, 
2637, 2737, 2659, 2424, 2086, 1743, 1478, 1363, 1433, 1667, 
1999, 2347, 2615, 2734, 2612, 2342, 1994, 2736, 2633, 2377, 
2035, 1697, 1452, 1362, 1456, 1706, 2044, 2387, 2638, 2726, 
2580, 2296, 1944, 1622, 1411, 1368, 1505, 1788, 2136, 2463, 
2681, 2732, 2607, 2334, 1987, 1553, 1382, 1388, 1568, 1872, 
2227, 2531, 2711, 2718, 2550, 2248, 1897, 1584, 1395, 1376, 
1539, 1964, 2315, 2594, 2729, 2688, 2483, 2160, 1810, 1523, 
1374, 1403, 1606, 1923, 2275, 2566, 2723, 2651, 2409, 2067, 
1728, 1468, 1360, 1439, 1681, 2012, 2360, 2622, 2736, 2669, 
2443, 2111, 1767, 1424, 1364, 1487, 1760, 2105, 2436, 2667, 
2737, 2624, 2367, 2020, 1685, 1443, 1363, 1464, 1722, 2194, 
2510, 2702, 2726, 2570, 2280, 1928, 1610, 1406, 1371, 1518, 
1803, 2153, 2478, 2687, 2732, 2508, 2193, 1841, 1543, 1379, 
1392, 1580, 1891, 2243, 2545, 2716, 2713, 2540, 2235, 1884, 
1574, 1366, 1426, 1652, 1982, 2329, 2606, 2734, 2684, 2471, 
2145, 1796, 1513, 1371, 1408, 1618, 1939, 2410, 2652, 2739, 
2642, 2396, 2054, 1713, 1460, 1362, 1449, 1691, 2029, 2372, 
2630, 2738, 2665, 2312, 1963, 1638, 1419, 1367, 1492, 1775, 
2121, 2451, 2676, 2736, 2617, 2353, 2005, 1673, 1436, 1383, 
1559, 1860, 2213, 2523, 2709, 2723, 2559, 2268, 1916, 1599, 
1401, 1376, 1527, 1819, 2171, 2583, 2729, 2695, 2496, 2179, 
1828, 1535, 1376, 1397, 1593, 1906, 2258, 2556, 2719, 2710, 
2529, 2087, 1743, 1479, 1363, 1432, 1665, 1996, 2345, 2615, 
2736, 2679, 2459, 2130, 1783, 1504, 1369, 1478, 1744, 2088, 
2424, 2659, 2737, 2636, 2382, 2038, 1700, 1452, 1362, 1456, 
1707, 2046, 2388, 2696, 2729, 2584, 2299, 1947, 1626, 1413, 
1368, 1506, 1788, 2136, 2464, 2680, 2734, 2609, 2339, 1859, 
1555, 1384, 1389, 1569, 1875, 2227, 2532, 2712, 2719, 2552, 
2252, 1900, 1589, 1395, 1379, 1638, 1965, 2315, 2595, 2732, 
2692, 2485, 2163, 1812, 1523, 1375, 1404, 1607, 1923, 2275, 
2568, 2739, 2652, 2411, 2071, 1729, 1471, 1363, 1439, 1680, 
2014, 2358, 2623, 2736, 2673, 2447, 2115, 1651, 1426, 1366, 
1486, 1759, 2104, 2439, 2668, 2737, 2627, 2368, 2023, 1687, 
1445, 1363, 1465, 1843, 2195, 2510, 2703, 2727, 2572, 2284, 
1932, 1612, 1406, 1372, 1516, 1804, 2151, 2477, 2687, 2703, 
2508, 2194, 1844, 1543, 1382, 1393, 1582, 1890, 2241, 2544, 
2715, 2715, 2540, 2236, 1883, 1487, 1365, 1426, 1651, 1981, 
2327, 2604, 2734, 2685, 2471, 2147, 1797, 1515, 1370, 1410, 
1617, 2072, 2411, 2652, 2739, 2643, 2398, 2057, 1717, 1462, 
1362, 1448, 1692, 2030, 2374, 2631, 2739, 2592, 2315, 1964, 
1638, 1420, 1368, 1496, 1773, 2120, 2451, 2676, 2736, 2620, 
2355, 2008, 1676, 1388, 1384, 1557, 1859, 2211, 2522, 2708, 
2723, 2563, 2271, 1916, 1601, 1404, 1376, 1528, 1818, 2297, 
2580, 2729, 2698, 2498, 2182, 1829, 1536, 1376, 1398, 1593, 
1905, 2259, 2556, 2719, 2712, 2425, 2088, 1745, 1479, 1364, 
1431, 1663, 1996, 2343, 2612, 2736, 2680, 2459, 2131, 1784, 
1506, 1363, 1479, 1744, 2087, 2422, 2662, 2737, 2636, 2383, 
2040, 1702, 1454, 1363, 1456, 1706, 2044, 2496, 2697, 2729, 
2584, 2300, 1948, 1625, 1412, 1369, 1505, 1788, 2136, 2463, 
2680, 2735, 2609, 2212, 1860, 1555, 1383, 1389, 1568, 1873, 
2225, 2534, 2713, 2719, 2552, 2255, 1902, 1589, 1396, 1419, 
1639, 1964, 2318, 2594, 2732, 2691, 2487, 2166, 1814, 1525, 
1374, 1402, 1603, 1920, 2273, 2643, 2739, 2652, 2412, 2072, 
1731, 1471, 1364, 1438, 1678, 2011, 2360, 2620, 2736, 2673, 
2447, 1980, 1653, 1426, 1365, 1486, 1757, 2103, 2438, 2668, 
2739, 2628, 2369, 2023, 1689, 1445, 1363, 1547, 1843, 2194, 
2508, 2703, 2727, 2574, 2286, 1934, 1614, 1408, 1371, 1515, 
1803, 2151, 2476, 2725, 2703, 2509, 2195, 1840, 1548, 1379, 
1392, 1579, 1888, 2240, 2544, 2716, 2716, 2542, 2239, 1758, 
1488, 1365, 1424, 1651, 1979, 2328, 2604, 2734, 2687, 2475, 
2144, 1769, 1486, 1363, 1464, 1900, 2284, 2573, 2728, 2700, 
2499, 2172, 1820, 1531, 1375, 1402, 1599, 1915, 2268, 2562, 
2723, 2656, 2416, 2077, 1735, 1473, 1363, 1436, 1672, 2005, 
2352, 2620, 2735, 2675, 2451, 2121, 1775, 1427, 1365, 1483, 
1752, 2097, 2432, 2665, 2737, 2632, 2375, 2031, 1693, 1450, 
1363, 1461, 1715, 2190, 2504, 2700, 2731, 2579, 2292, 1935, 
1620, 1409, 1371, 1512, 1799, 2146, 2472, 2684, 2735, 2515, 
2203, 1851, 1551, 1382, 1391, 1575, 1884, 2236, 2540, 2713, 
2716, 2547, 2244, 1891, 1582, 1367, 1422, 1646, 1973, 2323, 
2599, 2732, 2688, 2479, 2154, 1806, 1519, 1372, 1404, 1611, 
1929, 2406, 2649, 2739, 2648, 2403, 2063, 1722, 1464, 1363, 
1443, 1686, 2020, 2366, 2627, 2739, 2669, 2321, 1971, 1644, 
1422, 1367, 1491, 1767, 2113, 2444, 2675, 2737, 2623, 2361, 
2015, 1681, 1440, 1382, 1551, 1852, 2203, 2516, 2707, 2724, 
2567, 2276, 1924, 1606, 1404, 1374, 1522, 1811, 2161, 2579, 
2728, 2697, 2503, 2186, 1835, 1540, 1377, 1395, 1586, 1898, 
2251, 2552, 2718, 2716, 2535, 2095, 1752, 1484, 1364, 1430, 
1659, 1988, 2336, 2609, 2735, 2683, 2466, 2138, 1790, 1508, 
1369, 1477, 1737, 2079, 2419, 2655, 2739, 2640, 2390, 2046, 
1708, 1457, 1363, 1452, 1699, 2039, 2380, 2695, 2731, 2588, 
2307, 1956, 1634, 1415, 1368, 1500, 1781, 2128, 2459, 2679, 
2736, 2615, 2346, 1867, 1562, 1385, 1386, 1562, 1867, 2220, 
2529, 2710, 2719, 2558, 2259, 1908, 1592, 1399, 1376, 1632, 
1956, 2307, 2588, 2729, 2694, 2492, 2171, 1820, 1529, 1375, 
1400, 1598, 1916, 2264, 2563, 2739, 2656, 2417, 2079, 1737, 
1475, 1363, 1436, 1672, 2004, 2352, 2620, 2735, 2676, 2456, 
2123, 1658, 1428, 1364, 1483, 1751, 2096, 2431, 2665, 2739, 
2631, 2376, 2032, 1697, 1448, 1364, 1460, 1835, 2188, 2503, 
2699, 2727, 2579, 2292, 1941, 1619, 1410, 1370, 1512, 1796, 
2144, 2471, 2684, 2705, 2515, 2204, 1851, 1551, 1382, 1390, 
1574, 1881, 2235, 2539, 2714, 2717, 2547, 2245, 1892, 1492, 
1366, 1421, 1644, 1973, 2321, 2599, 2734, 2688, 2480, 2156, 
1806, 1520, 1374, 1407, 1610, 2063, 2404, 2648, 2737, 2651, 
2404, 2063, 1723, 1465, 1363, 1443, 1687, 2020, 2364, 2625, 
2739, 2599, 2323, 1974, 1644, 1423, 1366, 1489, 1766, 2112, 
2444, 2672, 2737, 2624, 2363, 2015, 1679, 1390, 1382, 1548, 
1850, 2200, 2516, 2704, 2724, 2569, 2279, 1924, 1607, 1404, 
1372, 1521, 1811, 2289, 2579, 2727, 2700, 2504, 2188, 1837, 
1542, 1379, 1394, 1585, 1897, 2250, 2551, 2719, 2715, 2432, 
2097, 1753, 1484, 1364, 1429, 1656, 1989, 2335, 2608, 2735, 
2683, 2467, 2140, 1792, 1509, 1364, 1473, 1736, 2079, 2417, 
2656, 2739, 2641, 2391, 2049, 1708, 1458, 1364, 1449, 1702, 
2036, 2491, 2695, 2732, 2590, 2307, 1956, 1633, 1417, 1367, 
1500, 1781, 2128, 2456, 2679, 2737, 2616, 2220, 1868, 1563, 
1387, 1385, 1561, 1865, 2219, 2527, 2710, 2721, 2559, 2262, 
1910, 1596, 1399, 1416, 1628, 1955, 2307, 2590, 2729, 2695, 
2495, 2174, 1823, 1529, 1377, 1400, 1598, 1913, 2265, 2639, 
2738, 2657, 2418, 2087, 1737, 1476, 1363, 1436, 1671, 2003, 
2351, 2617, 2736, 2675, 2454, 1990, 1660, 1430, 1366, 1480, 
1750, 2094, 2431, 2664, 2738, 2632, 2377, 2033, 1696, 1449, 
1362, 1539, 1835, 2190, 2500, 2700, 2728, 2580, 2292, 1941, 
1620, 1410, 1369, 1511, 1795, 2143, 2470, 2723, 2707, 2518, 
2204, 1853, 1553, 1382, 1391, 1573, 1880, 2233, 2537, 2715, 
2717, 2547, 2246, 1768, 1494, 1367, 1422, 1644, 1972, 2320, 
2599, 2732, 2688, 2481, 2156, 1808, 1520, 1373, 1406, 1722, 
2062, 2403, 2648, 2739, 2652, 2405, 2064, 1724, 1467, 1363, 
1442, 1683, 2019, 2364, 2626, 2732, 2600, 2324, 1975, 1647, 
1430, 1364, 1491, 1766, 2110, 2443, 2671, 2737, 2625, 2364, 
2015, 1574, 1391, 1382, 1551, 1851, 2199, 2514, 2705, 2724, 
2570, 2278, 1926, 2729, 2593, 2316, 1967, 1540, 1379, 1393, 
1584, 1892, 2247, 2548, 2715, 2712, 2535, 2230, 1878, 1569, 
1390, 1380, 1551, 1984, 2332, 2606, 2732, 2681, 2465, 2139, 
1791, 1513, 1370, 1410, 1621, 1941, 2294, 2579, 2727, 2639, 
2390, 2048, 1708, 1456, 1362, 1448, 1694, 2033, 2375, 2631, 
2736, 2662, 2427, 2091, 1747, 1416, 1367, 1499, 1777, 2124, 
2454, 2675, 2736, 2615, 2348, 1999, 1670, 1433, 1363, 1474, 
1739, 2215, 2525, 2709, 2720, 2559, 2262, 1909, 1596, 1399, 
1374, 1529, 1823, 2175, 2492, 2695, 2730, 2494, 2173, 1823, 
1531, 1377, 1399, 1598, 1911, 2263, 2559, 2719, 2708, 2524, 
2216, 1864, 1560, 1363, 1435, 1669, 2003, 2348, 2616, 2735, 
2676, 2453, 2124, 1777, 1499, 1368, 1416, 1633, 1959, 2427, 
2663, 2739, 2631, 2378, 2033, 1697, 1454, 1361, 1459, 1711, 
2050, 2392, 2641, 2739, 2654, 2295, 1942, 1622, 1410, 1370, 
1508, 1792, 2141, 2467, 2681, 2734, 2607, 2333, 1985, 1656, 
1429, 1388, 1570, 1876, 2231, 2535, 2712, 2716, 2547, 2247, 
1895, 1584, 1395, 1378, 1543, 1838, 2190, 2596, 2732, 2688, 
2483, 2158, 1809, 1521, 1372, 1405, 1608, 1926, 2275, 2571, 
2724, 2704, 2515, 2066, 1727, 1467, 1363, 1443, 1682, 2017, 
2362, 2623, 2737, 2670, 2442, 2108, 1765, 1491, 1366, 1489, 
1762, 2108, 2441, 2671, 2736, 2624, 2363, 2017, 1683, 1440, 
1363, 1467, 1723, 2064, 2406, 2703, 2725, 2569, 2279, 1927, 
1608, 1404, 1373, 1519, 1808, 2158, 2484, 2688, 2732, 2596, 
2318, 1839, 1543, 1379, 1394, 1583, 1895, 2247, 2547, 2716, 
2715, 2540, 2233, 1880, 1572, 1390, 1380, 1656, 1984, 2334, 
2607, 2734, 2684, 2467, 2143, 1793, 1511, 1370, 1411, 1619, 
1941, 2293, 2579, 2738, 2642, 2393, 2051, 1711, 1459, 1363, 
1447, 1695, 2034, 2379, 2632, 2738, 2663, 2430, 2094, 1635, 
1417, 1368, 1499, 1777, 2124, 2454, 2676, 2737, 2616, 2352, 
2003, 1670, 1435, 1365, 1474, 1862, 2215, 2527, 2708, 2721, 
2558, 2264, 1913, 1597, 1400, 1376, 1530, 1822, 2172, 2492, 
2695, 2695, 2494, 2175, 1823, 1532, 1376, 1400, 1595, 1909, 
2263, 2559, 2720, 2709, 2528, 2216, 1867, 1476, 1363, 1432, 
1670, 1999, 2348, 2616, 2735, 2678, 2456, 2127, 1780, 1500, 
1368, 1416, 1632, 2092, 2428, 2663, 2739, 2633, 2378, 2035, 
1697, 1451, 1363, 1458, 1709, 2049, 2391, 2641, 2739, 2582, 
2295, 1942, 1622, 1410, 1371, 1510, 1792, 2142, 2467, 2683, 
2735, 2608, 2335, 1987, 1656, 1383, 1388, 1572, 1877, 2232, 
2536, 2714, 2718, 2548, 2252, 1897, 1586, 1395, 1379, 1542, 
1839, 2319, 2596, 2733, 2689, 2483, 2159, 1809, 1522, 1372, 
1403, 1605, 1926, 2277, 2569, 2727, 2706, 2408, 2067, 1727, 
1468, 1363, 1440, 1681, 2016, 2362, 2622, 2738, 2672, 2444, 
2109, 1766, 1491, 1365, 1488, 1762, 2108, 2440, 2671, 2739, 
2627, 2367, 2019, 1685, 1443, 1363, 1465, 1724, 2064, 2511, 
2703, 2727, 2572, 2280, 1928, 1611, 1405, 1373, 1518, 1806, 
2156, 2480, 2687, 2733, 2599, 2192, 1840, 1543, 1379, 1394, 
1582, 1894, 2246, 2547, 2720, 2713, 2540, 2236, 1879, 1574, 
1388, 1427, 1654, 1984, 2332, 2606, 2733, 2684, 2471, 2144, 
1795, 1512, 1371, 1410, 1619, 1941, 2292, 2655, 2739, 2643, 
2394, 2054, 1712, 1460, 1363, 1448, 1694, 2032, 2376, 2631, 
2739, 2665, 2431, 1961, 1635, 1418, 1368, 1498, 1776, 2123, 
2452, 2679, 2737, 2617, 2352, 2003, 1673, 1436, 1364, 1560, 
1862, 2215, 2524, 2709, 2723, 2561, 2265, 1912, 1599, 1400, 
1375, 1529, 1820, 2172, 2492, 2732, 2696, 2496, 2175, 1824, 
1534, 1376, 1396, 1593, 1908, 2260, 2558, 2719, 2711, 2528, 
2219, 1742, 1477, 1363, 1434, 1667, 1997, 2348, 2615, 2736, 
2679, 2457, 2128, 1781, 1503, 1369, 1416, 1744, 2092, 2427, 
2663, 2740, 2633, 2380, 2036, 1699, 1454, 1363, 1456, 1708, 
2047, 2390, 2641, 2728, 2583, 2296, 1920, 1570, 1381, 1404, 
1662, 2004, 2352, 2623, 2737, 2672, 2439, 2084, 1742, 1414, 
1368, 1504, 1785, 2133, 2462, 2680, 2735, 2611, 2340, 1993, 
1663, 1431, 1363, 1482, 1746, 2222, 2532, 2711, 2718, 2554, 
2255, 1904, 1590, 1397, 1376, 1536, 1831, 2183, 2500, 2697, 
2729, 2488, 2167, 1816, 1527, 1373, 1402, 1604, 1919, 2270, 
2565, 2724, 2707, 2520, 2208, 1858, 1554, 1363, 1438, 1676, 
2009, 2356, 2620, 2736, 2672, 2448, 2119, 1771, 1495, 1367, 
1417, 1639, 1967, 2435, 2665, 2737, 2628, 2371, 2025, 1690, 
1447, 1363, 1463, 1718, 2057, 2400, 2648, 2738, 2652, 2288, 
1934, 1616, 1409, 1371, 1515, 1800, 2148, 2475, 2686, 2734, 
2603, 2328, 1979, 1649, 1426, 1392, 1577, 1887, 2240, 2542, 
2715, 2715, 2544, 2241, 1887, 1579, 1392, 1380, 1546, 1846, 
2196, 2601, 2734, 2687, 2476, 2150, 1802, 1516, 1371, 1407, 
1614, 1934, 2287, 2575, 2726, 2703, 2509, 2059, 1720, 1463, 
1363, 1446, 1689, 2026, 2370, 2628, 2738, 2668, 2436, 2104, 
1757, 1487, 1366, 1496, 1770, 2116, 2447, 2675, 2737, 2623, 
2356, 2011, 1678, 1440, 1363, 1470, 1732, 2073, 2412, 2706, 
2723, 2566, 2272, 1920, 1603, 1403, 1374, 1526, 1815, 2166, 
2488, 2691, 2731, 2594, 2312, 1830, 1538, 1376, 1396, 1589, 
1902, 2254, 2553, 2719, 2714, 2532, 2227, 1873, 1567, 1388, 
1385, 1662, 1992, 2341, 2612, 2736, 2681, 2462, 2135, 1787, 
1506, 1368, 1415, 1626, 1949, 2302, 2584, 2739, 2638, 2386, 
2044, 1705, 1455, 1363, 1453, 1703, 2041, 2384, 2639, 2739, 
2661, 2424, 2087, 1629, 1415, 1371, 1504, 1784, 2132, 2461, 
2680, 2736, 2610, 2344, 1995, 1665, 1433, 1363, 1479, 1871, 
2224, 2531, 2712, 2720, 2556, 2259, 1903, 1592, 1398, 1377, 
1535, 1830, 2180, 2499, 2697, 2692, 2488, 2168, 1817, 1525, 
1374, 1401, 1599, 1917, 2270, 2566, 2722, 2707, 2521, 2209, 
1859, 1472, 1363, 1438, 1675, 2009, 2356, 2622, 2736, 2675, 
2451, 2120, 1772, 1495, 1368, 1418, 1639, 2100, 2436, 2666, 
2739, 2630, 2374, 2027, 1693, 1447, 1363, 1462, 1716, 2057, 
2398, 2647, 2739, 2576, 2288, 1936, 1615, 1408, 1371, 1513, 
1799, 2147, 2473, 2686, 2736, 2604, 2328, 1980, 1651, 1382, 
1393, 1576, 1886, 2239, 2542, 2716, 2716, 2544, 2241, 1889, 
1578, 1394, 1383, 1545, 1846, 2324, 2601, 2732, 2687, 2477, 
2152, 1802, 1517, 1371, 1407, 1614, 1931, 2287, 2574, 2726, 
2703, 2403, 2060, 1722, 1462, 1362, 1446, 1688, 2023, 2369, 
2628, 2739, 2668, 2439, 2104, 1756, 1487, 1367, 1493, 1769, 
2115, 2447, 2673, 2739, 2623, 2360, 2014, 1679, 1440, 1363, 
1471, 1731, 2072, 2518, 2707, 2727, 2564, 2273, 1921, 1604, 
1404, 1374, 1523, 1814, 2164, 2484, 2691, 2731, 2594, 2184, 
1832, 1539, 1377, 1397, 1587, 1902, 2253, 2551, 2719, 2712, 
2533, 2227, 1874, 1567, 1388, 1428, 1661, 1991, 2339, 2612, 
2734, 2682, 2463, 2136, 1788, 1507, 1369, 1413, 1624, 1948, 
2299, 2657, 2739, 2639, 2389, 2047, 1705, 1458, 1365, 1454, 
1702, 2040, 2383, 2635, 2739, 2660, 2425, 1952, 1629, 1416, 
1369, 1503, 1785, 2131, 2461, 2679, 2736, 2614, 2344, 1996, 
1666, 1432, 1364, 1566, 1869, 2223, 2529, 2713, 2719, 2555, 
2258, 1908, 1592, 1399, 1376, 1534, 1828, 2179, 2497, 2731, 
2692, 2490, 2169, 1819, 1529, 1375, 1400, 1601, 1916, 2268, 
2564, 2721, 2710, 2520, 2211, 1735, 1473, 1361, 1436, 1674, 
2007, 2355, 2619, 2738, 2676, 2451, 2121, 1773, 1498, 1368, 
1419, 1753, 2100, 2433, 2665, 2739, 2631, 2375, 2028, 1692, 
1447, 1363, 1462, 1713, 2055, 2398, 2644, 2727, 2576, 2289, 
1939, 1617, 1411, 1372, 1514, 1800, 2147, 2473, 2686, 2734, 
2604, 2329, 1983, 1550, 1382, 1392, 1575, 1884, 2238, 2541, 
2715, 2717, 2544, 2244, 1889, 1579, 1393, 1380, 1545, 1971, 
2324, 2603, 2735, 2687, 2480, 2153, 1804, 1519, 1372, 1408, 
1612, 1932, 2284, 2577, 2726, 2648, 2403, 2060, 2731, 2599, 
2321, 1976, 1644, 1423, 1364, 1485, 1761, 2106, 2438, 2668, 
2735, 2540, 2237, 1884, 1574, 1389, 1380, 1546, 1847, 2198, 
2511, 2702, 2723, 2567, 2276, 1924, 1608, 1368, 1408, 1613, 
1935, 2287, 2575, 2724, 2696, 2505, 2188, 1838, 1542, 1378, 
1393, 1583, 1894, 2371, 2627, 2736, 2664, 2433, 2099, 1753, 
1484, 1364, 1425, 1655, 1984, 2331, 2607, 2733, 2680, 2354, 
2005, 1676, 1437, 1363, 1473, 1733, 2075, 2412, 2654, 2737, 
2641, 2392, 2051, 1711, 1459, 1374, 1525, 1816, 2168, 2488, 
2691, 2730, 2591, 2310, 1959, 1634, 1417, 1365, 1499, 1775, 
2124, 2555, 2719, 2711, 2531, 2220, 1868, 1564, 1387, 1384, 
1560, 1862, 2215, 2524, 2708, 2721, 2559, 2130, 1785, 1504, 
1369, 1413, 1628, 1952, 2302, 2585, 2727, 2691, 2495, 2174, 
1823, 1531, 1376, 1456, 1704, 2041, 2385, 2640, 2738, 2659, 
2420, 2084, 1743, 1476, 1364, 1432, 1667, 1999, 2352, 2680, 
2735, 2611, 2339, 1992, 1662, 1429, 1365, 1483, 1747, 2092, 
2427, 2663, 2738, 2631, 2379, 1903, 1588, 1396, 1377, 1538, 
1831, 2183, 2500, 2697, 2728, 2582, 2296, 1944, 1621, 1412, 
1370, 1603, 1921, 2272, 2566, 2724, 2707, 2520, 2208, 1857, 
1556, 1383, 1390, 1570, 1879, 2230, 2536, 2739, 2674, 2448, 
2116, 1769, 1495, 1366, 1420, 1641, 1968, 2316, 2597, 2732, 
2689, 2482, 2159, 1690, 1446, 1363, 1463, 1719, 2060, 2400, 
2646, 2739, 2652, 2407, 2070, 1727, 1470, 1363, 1441, 1799, 
2151, 2475, 2687, 2735, 2601, 2327, 1977, 1648, 1425, 1365, 
1488, 1761, 2108, 2439, 2670, 2716, 2542, 2240, 1888, 1576, 
1391, 1380, 1548, 1848, 2199, 2511, 2704, 2724, 2571, 2280, 
1928, 1515, 1371, 1408, 1615, 1934, 2288, 2576, 2727, 2703, 
2507, 2192, 1840, 1543, 1379, 1392, 1581, 2028, 2369, 2631, 
2739, 2668, 2437, 2103, 1755, 1487, 1365, 1426, 1653, 1983, 
2332, 2608, 2734, 2620, 2358, 2010, 1676, 1439, 1364, 1472, 
1734, 2074, 2412, 2656, 2737, 2643, 2393, 2054, 1714, 1408, 
1374, 1526, 1816, 2168, 2486, 2691, 2731, 2591, 2311, 1959, 
1636, 1418, 1367, 1499, 1776, 2255, 2554, 2719, 2712, 2532, 
2224, 1872, 1566, 1387, 1385, 1558, 1862, 2214, 2524, 2707, 
2722, 2461, 2132, 1787, 1507, 1370, 1414, 1628, 1951, 2302, 
2587, 2731, 2696, 2496, 2176, 1826, 1533, 1363, 1454, 1705, 
2042, 2385, 2636, 2739, 2660, 2420, 2086, 1742, 1478, 1364, 
1432, 1666, 1999, 2463, 2680, 2737, 2611, 2342, 1993, 1663, 
1431, 1364, 1479, 1747, 2092, 2428, 2663, 2739, 2636, 2257, 
1905, 1591, 1398, 1377, 1536, 1831, 2182, 2497, 2699, 2728, 
2584, 2298, 1947, 1625, 1412, 1404, 1602, 1919, 2272, 2564, 
2722, 2707, 2520, 2208, 1857, 1555, 1383, 1388, 1569, 1876, 
2230, 2621, 2737, 2675, 2449, 2119, 1772, 1493, 1368, 1420, 
1639, 1966, 2316, 2594, 2732, 2690, 2485, 2025, 1691, 1447, 
1365, 1462, 1719, 2057, 2398, 2646, 2739, 2654, 2411, 2070, 
1729, 1469, 1364, 1515, 1804, 2150, 2475, 2686, 2736, 2601, 
2329, 1980, 1648, 1427, 1366, 1488, 1761, 2105, 2439, 2715, 
2715, 2543, 2240, 1888, 1578, 1392, 1381, 1545, 1846, 2198, 
2510, 2704, 2727, 2573, 2283, 1800, 1518, 1372, 1409, 1613, 
1935, 2289, 2574, 2728, 2703, 2509, 2193, 1843, 1545, 1379, 
1393, 1689, 2025, 2370, 2628, 2739, 2668, 2437, 2103, 1756, 
1487, 1365, 1426, 1654, 1982, 2332, 2606, 2739, 2622, 2359, 
2011, 1678, 1439, 1363, 1471, 1729, 2074, 2412, 2654, 2739, 
2643, 2395, 2056, 1603, 1403, 1375, 1524, 1816, 2166, 2487, 
2692, 2732, 2593, 2313, 1963, 1637, 1416, 1369, 1499, 1902, 
2254, 2554, 2719, 2715, 2532, 2227, 1874, 1567, 1389, 1384, 
1559, 1861, 2214, 2524, 2708, 2681, 2463, 2133, 1787, 1506, 
1368, 1414, 1626, 1950, 2302, 2584, 2729, 2700, 2496, 2179, 
1827, 1455, 1363, 1454, 1703, 2041, 2385, 2636, 2739, 2662, 
2424, 2087, 1720, 1442, 1368, 1536, 1856, 2345, 2615, 2736, 
2676, 2451, 2091, 1749, 1481, 1365, 1434, 1660, 1993, 2338, 
2614, 2734, 2682, 2348, 2000, 1669, 1436, 1364, 1476, 1741, 
2083, 2424, 2659, 2739, 2639, 2387, 2044, 1705, 1455, 1376, 
1530, 1823, 2176, 2494, 2696, 2731, 2588, 2303, 1952, 1630, 
1415, 1368, 1502, 1785, 2132, 2560, 2723, 2711, 2526, 2216, 
1863, 1559, 1385, 1388, 1565, 1871, 2223, 2531, 2712, 2720, 
2556, 2125, 1777, 1499, 1368, 1416, 1633, 1960, 2307, 2592, 
2735, 2695, 2490, 2168, 1815, 1527, 1374, 1458, 1712, 2051, 
2394, 2643, 2737, 2655, 2415, 2076, 1735, 1472, 1363, 1438, 
1675, 2008, 2356, 2683, 2735, 2607, 2334, 1985, 1656, 1428, 
1363, 1485, 1752, 2100, 2435, 2667, 2739, 2631, 2373, 1895, 
1584, 1395, 1378, 1542, 1839, 2191, 2507, 2703, 2727, 2576, 
2288, 1935, 1615, 1406, 1369, 1608, 1927, 2279, 2569, 2723, 
2703, 2513, 2199, 1848, 1548, 1383, 1391, 1577, 1886, 2238, 
2542, 2739, 2671, 2441, 2109, 1763, 1490, 1367, 1423, 1648, 
1977, 2324, 2603, 2734, 2687, 2479, 2150, 1680, 1443, 1363, 
1467, 1726, 2068, 2406, 2651, 2739, 2647, 2403, 2060, 1720, 
1464, 1363, 1445, 1807, 2160, 2481, 2688, 2734, 2598, 2318, 
1968, 1643, 1420, 1367, 1494, 1769, 2116, 2448, 2673, 2716, 
2538, 2232, 1880, 1571, 1390, 1383, 1554, 1855, 2206, 2519, 
2707, 2724, 2566, 2274, 1923, 1511, 1370, 1411, 1619, 1942, 
2294, 2582, 2728, 2700, 2504, 2184, 1833, 1541, 1376, 1398, 
1587, 2033, 2378, 2635, 2739, 2664, 2430, 2094, 1749, 1482, 
1365, 1430, 1662, 1991, 2339, 2611, 2736, 2616, 2350, 2003, 
1669, 1435, 1363, 1476, 1738, 2080, 2422, 2659, 2739, 2640, 
2390, 2046, 1708, 1399, 1375, 1530, 1823, 2174, 2494, 2695, 
2731, 2588, 2305, 1954, 1630, 1415, 1369, 1502, 1784, 2263, 
2559, 2721, 2708, 2526, 2217, 1863, 1560, 1384, 1390, 1564, 
1869, 2222, 2529, 2711, 2719, 2456, 2126, 1779, 1500, 1368, 
1417, 1633, 1959, 2310, 2591, 2731, 2694, 2492, 2170, 1817, 
1528, 1363, 1457, 1711, 2051, 2392, 2640, 2742, 2656, 2416, 
2079, 1734, 1473, 1363, 1437, 1675, 2006, 2468, 2683, 2737, 
2607, 2334, 1985, 1656, 1426, 1367, 1484, 1752, 2099, 2433, 
2665, 2739, 2631, 2248, 1897, 1584, 1393, 1377, 1541, 1838, 
2191, 2504, 2700, 2728, 2579, 2289, 1938, 1618, 1408, 1406, 
1608, 1927, 2279, 2569, 2724, 2705, 2513, 2201, 1851, 1548, 
1382, 1390, 1576, 1884, 2233, 2625, 2736, 2670, 2444, 2108, 
1763, 1491, 1366, 1423, 1647, 1976, 2324, 2599, 2733, 2687, 
2479, 2018, 1684, 1443, 1363, 1465, 1724, 2063, 2406, 2650, 
2739, 2648, 2400, 2062, 1720, 1466, 1362, 1522, 1807, 2157, 
2480, 2689, 2732, 2599, 2319, 1971, 1644, 1422, 1365, 1492, 
1766, 2114, 2446, 2718, 2716, 2539, 2233, 1881, 1572, 1391, 
1381, 1552, 1853, 2207, 2518, 2705, 2725, 2567, 2273, 1794, 
1511, 1369, 1410, 1620, 1942, 2292, 2581, 2729, 2701, 2504, 
2187, 1834, 1539, 1379, 1396, 1695, 2032, 2375, 2633, 2738, 
2664, 2431, 2096, 1751, 1481, 1364, 1430, 1660, 1989, 2339, 
2611, 2737, 2615, 2351, 2003, 1671, 1435, 1362, 1475, 1738, 
2082, 2419, 2659, 2739, 2640, 2389, 2048, 1598, 1401, 1374, 
1530, 1822, 2174, 2493, 2695, 2732, 2588, 2305, 1955, 1631, 
1416, 1367, 1503, 1911, 2262, 2559, 2723, 2710, 2528, 2217, 
1866, 1560, 1386, 1386, 1563, 1868, 2222, 2529, 2713, 2678, 
2456, 2127, 1780, 1500, 1370, 1416, 1633, 1955, 2310, 2589, 
2731, 2695, 2492, 2171, 1820, 1451, 1363, 1457, 1710, 2048, 
2391, 2641, 2739, 2656, 2417, 2078, 1736, 1475, 1364, 1436, 
1673, 2142, 2467, 2681, 2735, 2608, 2335, 1986, 1659, 1427, 
1364, 1483, 1752, 2098, 2432, 2664, 2739, 2549, 2249, 1897, 
1586, 1395, 1379, 1540, 1838, 2188, 2505, 2702, 2727, 2579, 
2291, 1937, 1620, 1372, 1404, 1607, 1923, 2276, 2567, 2724, 
2705, 2515, 2203, 1851, 2712, 2542, 2239, 1885, 1577, 1364, 
1422, 1648, 1976, 2325, 2600, 2729, 2686, 2471, 2147, 1797, 
1514, 1371, 1407, 1614, 1934, 2408, 2650, 2736, 2643, 2398, 
2057, 1716, 1460, 1363, 1444, 1689, 2025, 2369, 2627, 2736, 
2667, 2315, 1964, 1637, 1419, 1366, 1494, 1770, 2118, 2448, 
2675, 2735, 2618, 2355, 2008, 1676, 1437, 1382, 1552, 1857, 
2207, 2518, 2706, 2723, 2564, 2270, 1918, 1601, 1401, 1372, 
1525, 1815, 2167, 2582, 2727, 2698, 2499, 2181, 1828, 1538, 
1377, 1395, 1587, 1902, 2254, 2553, 2719, 2711, 2531, 2091, 
1746, 1479, 1364, 1432, 1662, 1992, 2342, 2612, 2735, 2680, 
2462, 2132, 1786, 1505, 1365, 1476, 1740, 2085, 2420, 2659, 
2738, 2638, 2385, 2042, 1703, 1454, 1363, 1454, 1704, 2043, 
2383, 2694, 2730, 2587, 2302, 1951, 1628, 1415, 1368, 1504, 
1784, 2135, 2462, 2679, 2736, 2611, 2343, 1862, 1558, 1383, 
1387, 1568, 1872, 2223, 2531, 2713, 2719, 2553, 2255, 1903, 
1591, 1398, 1376, 1636, 1961, 2310, 2593, 2731, 2694, 2488, 
2164, 1816, 1526, 1373, 1400, 1603, 1920, 2270, 2563, 2739, 
2654, 2411, 2074, 1733, 1471, 1361, 1438, 1676, 2008, 2356, 
2620, 2736, 2673, 2449, 2118, 1652, 1427, 1364, 1485, 1755, 
2100, 2433, 2664, 2737, 2631, 2371, 2024, 1691, 1446, 1363, 
1462, 1839, 2191, 2508, 2702, 2727, 2576, 2287, 1939, 1615, 
1409, 1371, 1515, 1801, 2150, 2475, 2687, 2704, 2512, 2198, 
1847, 1548, 1379, 1392, 1577, 1887, 2241, 2544, 2713, 2716, 
2543, 2240, 1889, 1489, 1367, 1424, 1649, 1977, 2327, 2603, 
2735, 2687, 2476, 2151, 1803, 1516, 1370, 1408, 1614, 2068, 
2408, 2651, 2738, 2648, 2399, 2059, 1719, 1464, 1361, 1444, 
1688, 2023, 2369, 2627, 2740, 2598, 2318, 1968, 1641, 1420, 
1366, 1493, 1768, 2116, 2447, 2673, 2737, 2623, 2356, 2010, 
1679, 1387, 1383, 1552, 1855, 2208, 2519, 2705, 2723, 2564, 
2273, 1920, 1603, 1404, 1373, 1525, 1813, 2295, 2582, 2731, 
2700, 2501, 2183, 1833, 1537, 1377, 1398, 1590, 1902, 2255, 
2552, 2719, 2712, 2429, 2091, 1748, 1480, 1364, 1431, 1663, 
1994, 2340, 2612, 2737, 2680, 2463, 2135, 1788, 1504, 1364, 
1476, 1740, 2083, 2420, 2659, 2739, 2639, 2387, 2043, 1705, 
1454, 1363, 1451, 1703, 2043, 2495, 2697, 2731, 2587, 2303, 
1953, 1629, 1414, 1368, 1504, 1784, 2132, 2461, 2679, 2735, 
2615, 2215, 1863, 1559, 1386, 1387, 1565, 1871, 2224, 2531, 
2712, 2720, 2555, 2257, 1907, 1592, 1396, 1420, 1635, 1959, 
2311, 2593, 2732, 2693, 2489, 2168, 1817, 1527, 1375, 1402, 
1602, 1918, 2271, 2643, 2739, 2655, 2414, 2077, 1734, 1471, 
1363, 1438, 1676, 2007, 2355, 2619, 2735, 2675, 2448, 1984, 
1654, 1424, 1366, 1486, 1754, 2099, 2434, 2666, 2740, 2628, 
2375, 2028, 1692, 1446, 1363, 1543, 1840, 2191, 2506, 2700, 
2726, 2576, 2291, 1936, 1617, 1408, 1370, 1512, 1798, 2148, 
2475, 2723, 2704, 2514, 2200, 1849, 1551, 1381, 1391, 1576, 
1886, 2238, 2542, 2716, 2717, 2544, 2243, 1763, 1490, 1367, 
1423, 1647, 1977, 2325, 2599, 2732, 2685, 2479, 2151, 1805, 
1518, 1371, 1407, 1726, 2067, 2408, 2650, 2739, 2647, 2400, 
2060, 1721, 1465, 1364, 1444, 1688, 2023, 2370, 2628, 2732, 
2598, 2319, 1968, 1643, 1420, 1367, 1491, 1769, 2115, 2448, 
2674, 2736, 2623, 2359, 2012, 1572, 1391, 1383, 1553, 1855, 
2206, 2519, 2706, 2727, 2566, 2274, 1921, 1604, 1402, 1374, 
1523, 1943, 2295, 2583, 2729, 2700, 2504, 2183, 1833, 1536, 
1377, 1397, 1588, 1901, 2252, 2552, 2719, 2663, 2428, 2093, 
1752, 1482, 1364, 1429, 1661, 1993, 2341, 2611, 2738, 2682, 
2464, 2136, 1787, 1435, 1363, 1478, 1740, 2083, 2421, 2657, 
2740, 2640, 2390, 2047, 1707, 1457, 1365, 1453, 1702, 2175, 
2494, 2695, 2731, 2588, 2305, 1953, 1628, 1416, 1369, 1503, 
1786, 2131, 2460, 2678, 2739, 2525, 2219, 1847, 1540, 1373, 
1436, 1753, 2100, 2439, 2668, 2739, 2623, 2355, 1976, 1649, 
1424, 1393, 1580, 1890, 2243, 2545, 2716, 2716, 2542, 2238, 
1885, 1576, 1393, 1383, 1551, 1849, 2202, 2606, 2735, 2687, 
2472, 2147, 1797, 1515, 1372, 1408, 1615, 1937, 2285, 2578, 
2728, 2703, 2508, 2057, 1716, 1461, 1363, 1447, 1692, 2028, 
2376, 2630, 2739, 2665, 2436, 2097, 1754, 1485, 1365, 1495, 
1770, 2121, 2451, 2675, 2739, 2620, 2355, 2008, 1675, 1437, 
1364, 1472, 1735, 2076, 2415, 2707, 2723, 2563, 2270, 1918, 
1602, 1403, 1377, 1526, 1819, 2168, 2491, 2694, 2729, 2593, 
2309, 1831, 1536, 1377, 1398, 1591, 1905, 2259, 2556, 2721, 
2712, 2531, 2223, 1871, 1564, 1387, 1386, 1662, 1996, 2348, 
2613, 2736, 2679, 2461, 2131, 1782, 1504, 1369, 1414, 1629, 
1951, 2303, 2588, 2739, 2636, 2382, 2041, 1702, 1452, 1363, 
1455, 1706, 2042, 2387, 2640, 2739, 2659, 2420, 2083, 1624, 
1414, 1369, 1504, 1786, 2136, 2466, 2680, 2736, 2610, 2342, 
1992, 1662, 1431, 1364, 1476, 1872, 2227, 2534, 2714, 2720, 
2553, 2254, 1902, 1590, 1398, 1378, 1537, 1833, 2183, 2500, 
2700, 2691, 2487, 2167, 1813, 1525, 1375, 1401, 1605, 1920, 
2272, 2567, 2723, 2705, 2520, 2207, 1854, 1470, 1363, 1439, 
1678, 2012, 2357, 2623, 2739, 2674, 2448, 2115, 1771, 1500, 
1367, 1422, 1641, 2104, 2437, 2670, 2739, 2628, 2372, 2023, 
1690, 1446, 1364, 1463, 1719, 2060, 2401, 2648, 2739, 2576, 
2287, 1934, 1614, 1407, 1375, 1516, 1804, 2151, 2476, 2688, 
2734, 2599, 2328, 1975, 1650, 1380, 1392, 1578, 1888, 2240, 
2544, 2716, 2716, 2544, 2239, 1887, 1577, 1391, 1382, 1548, 
1848, 2327, 2604, 2732, 2686, 2475, 2148, 1800, 1515, 1369, 
1408, 1615, 1938, 2286, 2578, 2726, 2703, 2398, 2056, 1715, 
1463, 1363, 1447, 1691, 2028, 2371, 2630, 2737, 2667, 2434, 
2101, 1755, 1486, 1367, 1495, 1772, 2118, 2449, 2675, 2736, 
2622, 2352, 2008, 1679, 1436, 1362, 1473, 1735, 2075, 2521, 
2707, 2723, 2566, 2271, 1920, 1601, 1402, 1372, 1528, 1818, 
2171, 2489, 2692, 2732, 2591, 2181, 1831, 1537, 1378, 1397, 
1591, 1904, 2258, 2554, 2719, 2712, 2532, 2224, 1875, 1564, 
1389, 1432, 1664, 1995, 2344, 2615, 2735, 2680, 2462, 2132, 
1785, 1504, 1368, 1414, 1628, 1951, 2303, 2660, 2738, 2639, 
2383, 2043, 1703, 1455, 1363, 1456, 1704, 2041, 2387, 2639, 
2740, 2659, 2421, 1949, 1627, 1415, 1368, 1505, 1786, 2135, 
2462, 2680, 2736, 2611, 2342, 1994, 1663, 1431, 1364, 1566, 
1869, 2226, 2531, 2712, 2721, 2556, 2255, 1903, 1592, 1396, 
1379, 1536, 1831, 2182, 2499, 2731, 2693, 2487, 2166, 1816, 
1526, 1373, 1402, 1604, 1920, 2272, 2564, 2723, 2711, 2520, 
2209, 1732, 1471, 1361, 1439, 1677, 2009, 2359, 2620, 2739, 
2673, 2450, 2117, 1772, 1492, 1367, 1420, 1755, 2101, 2435, 
2668, 2739, 2628, 2371, 2026, 1690, 1446, 1364, 1461, 1719, 
2060, 2400, 2645, 2727, 2577, 2288, 1936, 1617, 1404, 1371, 
1513, 1802, 2151, 2476, 2686, 2734, 2603, 2327, 1977, 1547, 
1381, 1392, 1577, 1888, 2240, 2543, 2716, 2716, 2545, 2240, 
1887, 1579, 1390, 1383, 1548, 1977, 2326, 2603, 2734, 2686, 
2475, 2148, 1802, 1517, 1374, 1408, 1615, 1934, 2286, 2575, 
2726, 2646, 2400, 2058, 1719, 1464, 1363, 1442, 1690, 2025, 
2371, 2628, 2739, 2668, 2437, 2103, 1756, 1419, 1367, 1495, 
1769, 2118, 2451, 2675, 2737, 2622, 2359, 2010, 1679, 1439, 
1363, 1473, 1731, 2207, 2520, 2707, 2723, 2569, 2272, 1918, 
1603, 1404, 1374, 1524, 1815, 2165, 2488, 2692, 2732, 2499, 
2184, 1831, 1537, 1376, 1396, 1590, 1902, 2255, 2555, 2720, 
2714, 2533, 2225, 1872, 1567, 1364, 1431, 1663, 1994, 2339, 
2615, 2735, 2681, 2463, 2135, 1787, 1506, 1370, 1415, 1627, 
1949, 2420, 2659, 2739, 2638, 2385, 2043, 1705, 1456, 1364, 
1456, 1703, 2041, 2383, 2638, 2740, 2659, 2303, 1951, 2734, 
2609, 2345, 1996, 1667, 1432, 1362, 1474, 1739, 2083, 2419, 
2657, 2736, 2636, 2260, 1908, 1593, 1398, 1375, 1532, 1823, 
2174, 2493, 2694, 2728, 2585, 2302, 1950, 1627, 1412, 1400, 
1593, 1911, 2262, 2559, 2719, 2709, 2524, 2212, 1862, 1558, 
1383, 1387, 1565, 1870, 2222, 2616, 2734, 2675, 2452, 2121, 
1774, 1499, 1366, 1418, 1632, 1959, 2308, 2590, 2728, 2691, 
2488, 2031, 1695, 1448, 1363, 1456, 1710, 2051, 2391, 2640, 
2737, 2654, 2414, 2075, 1732, 1472, 1361, 1510, 1794, 2142, 
2468, 2681, 2735, 2600, 2332, 1983, 1654, 1427, 1365, 1484, 
1754, 2099, 2434, 2712, 2716, 2546, 2247, 1892, 1582, 1394, 
1378, 1542, 1839, 2190, 2505, 2700, 2727, 2576, 2288, 1807, 
1518, 1374, 1404, 1609, 1928, 2279, 2569, 2725, 2703, 2512, 
2199, 1848, 1547, 1382, 1391, 1683, 2017, 2364, 2626, 2736, 
2671, 2442, 2108, 1761, 1491, 1367, 1424, 1647, 1976, 2326, 
2603, 2737, 2625, 2363, 2016, 1683, 1440, 1364, 1467, 1727, 
2068, 2407, 2651, 2739, 2647, 2401, 2060, 1607, 1405, 1372, 
1521, 1809, 2160, 2481, 2688, 2732, 2597, 2318, 1968, 1642, 
1420, 1364, 1494, 1894, 2247, 2548, 2716, 2713, 2535, 2232, 
1878, 1572, 1387, 1383, 1552, 1855, 2207, 2518, 2706, 2681, 
2467, 2141, 1793, 1510, 1370, 1411, 1620, 1944, 2294, 2583, 
2727, 2703, 2499, 2184, 1832, 1459, 1363, 1450, 1697, 2035, 
2378, 2634, 2739, 2663, 2429, 2093, 1749, 1481, 1365, 1430, 
1662, 2126, 2457, 2677, 2736, 2619, 2348, 2001, 1668, 1433, 
1364, 1475, 1741, 2083, 2420, 2662, 2739, 2559, 2262, 1910, 
1598, 1399, 1377, 1531, 1825, 2174, 2495, 2695, 2729, 2589, 
2304, 1953, 1630, 1376, 1400, 1596, 1912, 2264, 2559, 2723, 
2711, 2528, 2216, 1864, 1561, 1384, 1384, 1566, 1868, 2350, 
2618, 2736, 2678, 2454, 2125, 1777, 1499, 1368, 1416, 1634, 
1959, 2310, 2591, 2731, 2694, 2379, 2033, 1696, 1451, 1363, 
1456, 1713, 2049, 2392, 2642, 2739, 2656, 2415, 2077, 1736, 
1472, 1369, 1511, 1796, 2143, 2470, 2681, 2735, 2607, 2335, 
1985, 1654, 1428, 1365, 1486, 1753, 2099, 2539, 2714, 2717, 
2551, 2247, 1895, 1585, 1393, 1379, 1542, 1839, 2190, 2507, 
2702, 2727, 2578, 2160, 1807, 1520, 1372, 1404, 1609, 1927, 
2280, 2571, 2726, 2705, 2513, 2201, 1848, 1550, 1382, 1442, 
1683, 2019, 2364, 2625, 2737, 2671, 2443, 2110, 1763, 1491, 
1367, 1422, 1647, 1975, 2323, 2672, 2739, 2625, 2364, 2017, 
1685, 1441, 1363, 1467, 1725, 2067, 2406, 2652, 2737, 2647, 
2401, 1928, 1609, 1406, 1370, 1520, 1807, 2159, 2481, 2689, 
2732, 2599, 2319, 1969, 1644, 1422, 1368, 1584, 1895, 2249, 
2548, 2719, 2712, 2538, 2231, 1880, 1575, 1390, 1383, 1551, 
1854, 2206, 2520, 2736, 2684, 2468, 2140, 1794, 1511, 1371, 
1411, 1620, 1944, 2292, 2579, 2728, 2700, 2503, 2185, 1712, 
1458, 1363, 1449, 1696, 2033, 2377, 2633, 2739, 2665, 2430, 
2094, 1750, 1483, 1365, 1431, 1777, 2124, 2455, 2676, 2739, 
2616, 2349, 1999, 1672, 1436, 1363, 1475, 1739, 2081, 2419, 
2658, 2723, 2560, 2264, 1912, 1600, 1400, 1375, 1528, 1823, 
2172, 2495, 2694, 2731, 2588, 2305, 1954, 1531, 1376, 1399, 
1596, 1912, 2262, 2558, 2721, 2711, 2528, 2216, 1866, 1558, 
1387, 1387, 1565, 2000, 2349, 2612, 2736, 2675, 2456, 2125, 
1779, 1500, 1368, 1416, 1634, 1959, 2310, 2591, 2730, 2635, 
2380, 2035, 1698, 1452, 1363, 1457, 1711, 2049, 2392, 2642, 
2739, 2656, 2416, 2079, 1737, 1414, 1369, 1510, 1792, 2141, 
2467, 2684, 2735, 2608, 2337, 1987, 1658, 1427, 1366, 1484, 
1753, 2232, 2537, 2713, 2719, 2548, 2249, 1897, 1585, 1393, 
1379, 1540, 1838, 2188, 2505, 2704, 2727, 2485, 2159, 1809, 
1523, 1374, 1404, 1607, 1926, 2276, 2569, 2724, 2705, 2515, 
2202, 1853, 1551, 1364, 1442, 1683, 2016, 2364, 2624, 2739, 
2672, 2443, 2111, 1737, 1451, 1366, 1524, 1839, 2198, 2608, 
2734, 2684, 2465, 2117, 1769, 1496, 1368, 1417, 1642, 1967, 
2320, 2596, 2734, 2691, 2483, 2023, 1689, 1446, 1363, 1464, 
1720, 2060, 2403, 2648, 2739, 2651, 2407, 2067, 1726, 1468, 
1363, 1515, 1801, 2151, 2477, 2687, 2735, 2599, 2327, 1977, 
1650, 1423, 1366, 1490, 1761, 2108, 2441, 2719, 2717, 2543, 
2239, 1887, 1578, 1392, 1378, 1548, 1846, 2199, 2511, 2703, 
2726, 2572, 2281, 1799, 1515, 1369, 1409, 1617, 1935, 2291, 
2575, 2727, 2703, 2508, 2192, 1840, 1543, 1379, 1394, 1690, 
2026, 2371, 2630, 2739, 2668, 2437, 2102, 1755, 1488, 1367, 
1427, 1655, 1984, 2332, 2608, 2737, 2620, 2356, 2008, 1676, 
1439, 1366, 1472, 1734, 2075, 2413, 2654, 2739, 2644, 2398, 
2051, 1603, 1402, 1375, 1525, 1817, 2166, 2488, 2694, 2732, 
2592, 2311, 1960, 1635, 1417, 1368, 1498, 1903, 2257, 2551, 
2719, 2712, 2532, 2222, 1871, 1566, 1388, 1385, 1560, 1862, 
2215, 2526, 2708, 2681, 2461, 2136, 1788, 1505, 1371, 1414, 
1626, 1951, 2302, 2586, 2729, 2696, 2496, 2179, 1826, 1454, 
1364, 1455, 1704, 2043, 2384, 2639, 2739, 2660, 2422, 2084, 
1742, 1477, 1363, 1433, 1669, 2132, 2463, 2680, 2736, 2612, 
2342, 1995, 1662, 1432, 1366, 1481, 1747, 2090, 2425, 2663, 
2737, 2552, 2255, 1904, 1591, 1398, 1377, 1536, 1831, 2182, 
2499, 2700, 2729, 2583, 2299, 1946, 1624, 1375, 1404, 1604, 
1916, 2272, 2566, 2723, 2707, 2520, 2209, 1855, 1553, 1384, 
1389, 1569, 1876, 2356, 2622, 2737, 2673, 2449, 2118, 1772, 
1495, 1366, 1420, 1639, 1967, 2316, 2595, 2734, 2690, 2371, 
2024, 1691, 1448, 1363, 1462, 1716, 2057, 2400, 2646, 2737, 
2652, 2409, 2068, 1728, 1468, 1372, 1515, 1801, 2150, 2475, 
2687, 2734, 2605, 2328, 1978, 1650, 1423, 1366, 1489, 1760, 
2106, 2542, 2716, 2718, 2544, 2241, 1888, 1579, 1393, 1380, 
1548, 1845, 2196, 2511, 2703, 2727, 2572, 2149, 1801, 1516, 
1372, 1408, 1615, 1935, 2287, 2575, 2729, 2702, 2508, 2193, 
1841, 1543, 1381, 1445, 1689, 2025, 2370, 2628, 2739, 2668, 
2436, 2103, 1756, 1486, 1368, 1425, 1653, 1983, 2332, 2675, 
2738, 2623, 2358, 2010, 1677, 1439, 1363, 1472, 1732, 2073, 
2414, 2655, 2739, 2644, 2399, 1919, 1603, 1401, 1374, 1524, 
1817, 2166, 2487, 2692, 2732, 2593, 2312, 1961, 1638, 1417, 
1368, 1588, 1904, 2254, 2552, 2719, 2715, 2534, 2225, 1873, 
1566, 1390, 1385, 1559, 1862, 2214, 2524, 2736, 2683, 2463, 
2136, 1788, 1507, 1370, 1411, 1628, 1951, 2302, 2586, 2730, 
2696, 2497, 2177, 1706, 1454, 1361, 1456, 1703, 2041, 2384, 
2638, 2739, 2662, 2422, 2087, 1744, 1477, 1364, 1432, 1786, 
2132, 2462, 2680, 2739, 2612, 2343, 1995, 1664, 1432, 1363, 
1479, 1745, 2089, 2427, 2663, 2723, 2554, 2257, 1905, 1592, 
1398, 1378, 1535, 1830, 2179, 2497, 2697, 2731, 2584, 2297, 
1948, 1528, 1373, 1401, 1601, 1916, 2269, 2564, 2723, 2708, 
2520, 2212, 1857, 1555, 1383, 1390, 1568, 2008, 2355, 2622, 
2738, 2674, 2450, 2119, 1772, 1497, 1366, 1420, 1639, 1965, 
2314, 2595, 2734, 2630, 2373, 2027, 1692, 1448, 1362, 1460, 
1718, 2056, 2398, 2643, 2739, 2652, 2409, 2070, 1731, 1410, 
1370, 1515, 1801, 2148, 2472, 2686, 2735, 2607, 2329, 1981, 
1649, 1427, 1366, 1488, 1761, 2238, 2542, 2716, 2718, 2545, 
2243, 1888, 1582, 1390, 1384, 1544, 1846, 2196, 2511, 2703, 
2727, 2476, 2152, 1804, 1516, 1374, 1406, 1614, 1932, 2286, 
2574, 2727, 2700, 2508, 2193, 1844, 1545, 1363, 1443, 1689, 
2024, 2368, 2628, 2739, 2668, 2437, 2104, 1758, 1488, 1366, 
1426, 1653, 1982, 2448, 2672, 2737, 2623, 2359, 2012, 1678, 
1442, 1364, 1472, 1731, 2072, 2412, 2654, 2739, 2644, 2272, 
1923, 1603, 1405, 1373, 1525, 1812, 2165, 2487, 2691, 2732, 
2595, 2314, 1963, 1638, 1420, 1395, 1588, 1901, 2254, 2552, 
2720, 2713, 2532, 2227, 1874, 2716, 2556, 2257, 1909, 1595, 
1397, 1415, 1628, 1952, 2302, 2585, 2727, 2694, 2492, 2172, 
1823, 1531, 1375, 1400, 1595, 1910, 2262, 2639, 2736, 2656, 
2419, 2080, 1740, 1475, 1366, 1433, 1669, 1999, 2348, 2616, 
2734, 2675, 2454, 1990, 1660, 1428, 1364, 1482, 1748, 2092, 
2428, 2662, 2739, 2631, 2376, 2032, 1695, 1447, 1362, 1536, 
1831, 2182, 2500, 2696, 2725, 2582, 2291, 1940, 1620, 1411, 
1369, 1509, 1792, 2140, 2467, 2721, 2704, 2515, 2204, 1855, 
1551, 1382, 1390, 1571, 1881, 2232, 2536, 2710, 2719, 2547, 
2247, 1767, 1493, 1366, 1421, 1640, 1969, 2319, 2597, 2732, 
2687, 2480, 2158, 1807, 1519, 1372, 1404, 1721, 2059, 2400, 
2646, 2739, 2648, 2407, 2064, 1726, 1465, 1363, 1442, 1683, 
2017, 2364, 2623, 2734, 2599, 2323, 1976, 1645, 1422, 1364, 
1489, 1763, 2110, 2442, 2669, 2737, 2623, 2364, 2015, 1575, 
1392, 1380, 1548, 1848, 2200, 2513, 2703, 2723, 2570, 2278, 
1927, 1611, 1401, 1372, 1519, 1937, 2288, 2577, 2725, 2700, 
2505, 2190, 1839, 1540, 1379, 1394, 1584, 1894, 2247, 2547, 
2716, 2664, 2433, 2100, 1753, 1484, 1364, 1426, 1655, 1984, 
2333, 2609, 2736, 2683, 2468, 2140, 1793, 1437, 1361, 1473, 
1734, 2076, 2415, 2655, 2737, 2641, 2392, 2049, 1711, 1458, 
1361, 1450, 1695, 2167, 2489, 2693, 2732, 2589, 2310, 1959, 
1635, 1419, 1367, 1499, 1777, 2124, 2455, 2678, 2736, 2528, 
2221, 1871, 1565, 1388, 1387, 1560, 1863, 2212, 2524, 2707, 
2723, 2560, 2264, 1912, 1596, 1369, 1411, 1628, 1952, 2302, 
2588, 2729, 2695, 2497, 2174, 1824, 1531, 1376, 1399, 1595, 
1911, 2387, 2638, 2736, 2659, 2420, 2087, 1740, 1476, 1362, 
1435, 1666, 2003, 2347, 2614, 2736, 2677, 2339, 1992, 1662, 
1429, 1364, 1481, 1751, 2092, 2429, 2663, 2738, 2635, 2380, 
2035, 1699, 1451, 1378, 1537, 1832, 2184, 2496, 2699, 2726, 
2580, 2295, 1945, 1622, 1411, 1370, 1511, 1792, 2141, 2565, 
2724, 2705, 2519, 2207, 1855, 1552, 1383, 1388, 1569, 1878, 
2231, 2535, 2713, 2718, 2550, 2117, 1769, 1496, 1367, 1423, 
1640, 1968, 2316, 2597, 2733, 2689, 2484, 2160, 1807, 1521, 
1373, 1465, 1719, 2060, 2400, 2646, 2739, 2652, 2407, 2066, 
1727, 1467, 1363, 1442, 1683, 2016, 2363, 2687, 2734, 2600, 
2326, 1976, 1648, 1425, 1363, 1489, 1763, 2108, 2440, 2670, 
2736, 2626, 2366, 1887, 1576, 1392, 1383, 1547, 1848, 2199, 
2511, 2702, 2726, 2572, 2283, 1929, 1611, 1406, 1372, 1615, 
1935, 2287, 2576, 2727, 2703, 2507, 2191, 1839, 1539, 1380, 
1392, 1585, 1894, 2247, 2547, 2739, 2669, 2435, 2100, 1755, 
1484, 1364, 1425, 1655, 1982, 2332, 2609, 2735, 2686, 2470, 
2145, 1676, 1439, 1364, 1472, 1734, 2075, 2414, 2655, 2741, 
2643, 2395, 2055, 1711, 1459, 1361, 1448, 1816, 2167, 2487, 
2692, 2732, 2592, 2312, 1959, 1635, 1419, 1367, 1500, 1777, 
2123, 2456, 2677, 2712, 2531, 2223, 1872, 1567, 1386, 1387, 
1558, 1864, 2214, 2524, 2710, 2720, 2560, 2264, 1912, 1505, 
1369, 1414, 1628, 1951, 2303, 2587, 2731, 2696, 2496, 2177, 
1824, 1532, 1375, 1399, 1593, 2043, 2383, 2638, 2739, 2659, 
2423, 2087, 1741, 1479, 1364, 1431, 1669, 2000, 2348, 2616, 
2736, 2611, 2339, 1995, 1663, 1431, 1363, 1481, 1747, 2089, 
2427, 2663, 2740, 2633, 2379, 2035, 1698, 1397, 1375, 1537, 
1831, 2183, 2499, 2696, 2727, 2584, 2296, 1943, 1622, 1412, 
1369, 1507, 1790, 2275, 2566, 2723, 2707, 2520, 2208, 1855, 
1555, 1383, 1389, 1569, 1876, 2231, 2536, 2713, 2719, 2449, 
2115, 1771, 1496, 1368, 1422, 1641, 1966, 2318, 2596, 2732, 
2690, 2483, 2160, 1811, 1522, 1363, 1462, 1717, 2057, 2399, 
2646, 2740, 2651, 2409, 2067, 1728, 1468, 1363, 1441, 1680, 
2015, 2474, 2684, 2732, 2603, 2327, 1977, 1650, 1424, 1367, 
1490, 1760, 2106, 2441, 2669, 2739, 2627, 2240, 1877, 1548, 
1373, 1431, 1742, 2087, 2426, 2663, 2739, 2630, 2368, 1991, 
1659, 1428, 1366, 1568, 1876, 2231, 2535, 2713, 2719, 2550, 
2251, 1900, 1588, 1395, 1378, 1539, 1835, 2187, 2500, 2731, 
2689, 2484, 2159, 1808, 1523, 1375, 1404, 1607, 1923, 2276, 
2568, 2724, 2705, 2515, 2204, 1726, 1468, 1363, 1441, 1680, 
2014, 2363, 2622, 2739, 2673, 2444, 2113, 1764, 1491, 1366, 
1422, 1760, 2105, 2439, 2670, 2739, 2627, 2367, 2020, 1686, 
1441, 1363, 1465, 1723, 2062, 2403, 2648, 2724, 2571, 2282, 
1929, 1612, 1407, 1372, 1517, 1804, 2155, 2482, 2687, 2735, 
2600, 2323, 1971, 1543, 1379, 1393, 1584, 1892, 2244, 2547, 
2719, 2720, 2540, 2236, 1884, 1575, 1390, 1382, 1550, 1982, 
2334, 2608, 2735, 2686, 2471, 2144, 1798, 1512, 1367, 1410, 
1615, 1940, 2289, 2580, 2728, 2643, 2393, 2055, 1714, 1459, 
1361, 1447, 1693, 2031, 2375, 2630, 2739, 2665, 2432, 2096, 
1751, 1419, 1368, 1497, 1775, 2123, 2452, 2678, 2739, 2617, 
2353, 2003, 1675, 1436, 1362, 1473, 1736, 2214, 2521, 2707, 
2723, 2562, 2268, 1916, 1599, 1401, 1375, 1528, 1820, 2169, 
2488, 2695, 2731, 2498, 2179, 1827, 1534, 1376, 1400, 1592, 
1907, 2259, 2556, 2720, 2711, 2529, 2219, 1870, 1561, 1364, 
1430, 1667, 1999, 2344, 2614, 2735, 2678, 2458, 2129, 1782, 
1501, 1369, 1416, 1629, 1955, 2428, 2662, 2739, 2636, 2381, 
2038, 1700, 1453, 1363, 1456, 1708, 2047, 2387, 2639, 2739, 
2657, 2300, 1946, 1624, 1411, 1368, 1508, 1790, 2137, 2465, 
2681, 2736, 2609, 2337, 1991, 1660, 1429, 1388, 1571, 1874, 
2228, 2534, 2712, 2719, 2551, 2252, 1900, 1587, 1396, 1377, 
1539, 1835, 2185, 2591, 2731, 2691, 2484, 2163, 1812, 1523, 
1372, 1405, 1606, 1923, 2276, 2568, 2723, 2707, 2518, 2067, 
1734, 1470, 1364, 1439, 1679, 2014, 2360, 2623, 2739, 2672, 
2446, 2113, 1767, 1492, 1367, 1487, 1757, 2103, 2438, 2669, 
2739, 2626, 2368, 2022, 1687, 1443, 1363, 1465, 1722, 2062, 
2402, 2701, 2727, 2575, 2282, 1933, 1612, 1407, 1372, 1520, 
1803, 2152, 2475, 2687, 2734, 2601, 2324, 1842, 1545, 1380, 
1393, 1580, 1890, 2243, 2544, 2716, 2716, 2541, 2237, 1884, 
1576, 1393, 1383, 1651, 1980, 2331, 2605, 2735, 2684, 2475, 
2147, 1798, 1513, 1370, 1410, 1616, 1937, 2290, 2576, 2739, 
2644, 2397, 2055, 1716, 1461, 1363, 1447, 1692, 2031, 2372, 
2633, 2738, 2667, 2435, 2099, 1638, 1421, 1368, 1497, 1774, 
2121, 2452, 2675, 2739, 2621, 2356, 2006, 1675, 1439, 1363, 
1475, 1860, 2211, 2523, 2708, 2723, 2563, 2268, 1915, 1600, 
1400, 1376, 1528, 1816, 2168, 2488, 2691, 2696, 2496, 2177, 
1827, 1534, 1376, 1398, 1592, 1907, 2258, 2556, 2719, 2712, 
2531, 2220, 1869, 1479, 1364, 1432, 1665, 1995, 2343, 2616, 
2735, 2681, 2460, 2132, 1785, 1503, 1370, 1415, 1630, 2089, 
2424, 2661, 2739, 2636, 2383, 2040, 1700, 1452, 1363, 1455, 
1707, 2047, 2384, 2639, 2740, 2584, 2300, 1948, 1627, 1413, 
1370, 1505, 1788, 2137, 2463, 2682, 2736, 2610, 2339, 1992, 
1663, 1383, 1388, 1568, 1873, 2227, 2534, 2712, 2720, 2552, 
2255, 1900, 1590, 1396, 1378, 1539, 1831, 2313, 2595, 2731, 
2692, 2486, 2164, 1813, 1523, 1374, 1401, 1604, 1921, 2274, 
2567, 2725, 2707, 2411, 2072, 1731, 1469, 1363, 1439, 1679, 
2012, 2360, 2623, 2739, 2673, 2448, 2116, 1766, 1496, 1367, 
1487, 1758, 2104, 2438, 2668, 2739, 2627, 2368, 2023, 1687, 
1445, 1363, 1464, 1720, 2060, 2508, 2703, 2726, 2575, 2284, 
1932, 1614, 1406, 1371, 1516, 1802, 2151, 2478, 2688, 2734, 
2601, 2197, 1844, 1543, 1382, 1392, 1578, 1889, 2243, 2543, 
2716, 2716, 2542, 2240, 1886, 1577, 1392, 1424, 1651, 1979, 
2329, 2606, 2734, 2684, 2473, 2147, 1799, 1514, 1371, 1408, 
1617, 1936, 2288, 2651, 2739, 2644, 2400, 2056, 1718, 1462, 
1362, 1446, 1691, 2028, 2371, 2630, 2737, 2665, 2435, 1965, 
2734, 2621, 2358, 2012, 1683, 1439, 1363, 1467, 1728, 2067, 
2407, 2652, 2736, 2643, 2396, 1921, 1604, 1401, 1372, 1522, 
1810, 2160, 2483, 2687, 2729, 2593, 2314, 1963, 1639, 1419, 
1363, 1585, 1899, 2249, 2551, 2716, 2712, 2532, 2228, 1874, 
1568, 1388, 1383, 1554, 1856, 2207, 2519, 2736, 2680, 2464, 
2137, 1790, 1507, 1369, 1412, 1623, 1945, 2297, 2583, 2728, 
2697, 2499, 2180, 1705, 1456, 1361, 1451, 1699, 2038, 2380, 
2632, 2736, 2660, 2425, 2088, 1745, 1479, 1363, 1430, 1779, 
2128, 2460, 2676, 2735, 2613, 2345, 1997, 1664, 1432, 1363, 
1479, 1741, 2087, 2422, 2659, 2719, 2557, 2259, 1908, 1593, 
1398, 1376, 1532, 1825, 2177, 2496, 2696, 2729, 2585, 2301, 
1947, 1528, 1373, 1400, 1599, 1917, 2264, 2561, 2721, 2707, 
2521, 2211, 1860, 1558, 1384, 1385, 1566, 2003, 2352, 2616, 
2735, 2675, 2452, 2119, 1775, 1496, 1367, 1418, 1636, 1962, 
2311, 2592, 2731, 2630, 2375, 2030, 1696, 1448, 1363, 1460, 
1713, 2054, 2394, 2646, 2739, 2655, 2412, 2073, 1731, 1409, 
1371, 1512, 1796, 2146, 2471, 2684, 2734, 2604, 2332, 1982, 
1652, 1425, 1366, 1487, 1756, 2235, 2539, 2715, 2715, 2545, 
2245, 1891, 1581, 1395, 1379, 1544, 1843, 2192, 2508, 2703, 
2727, 2479, 2154, 1806, 1518, 1371, 1406, 1612, 1930, 2282, 
2575, 2727, 2703, 2511, 2196, 1846, 1547, 1364, 1443, 1686, 
2022, 2366, 2627, 2738, 2668, 2440, 2108, 1760, 1489, 1366, 
1423, 1648, 1978, 2444, 2671, 2737, 2622, 2360, 2014, 1680, 
1440, 1366, 1468, 1727, 2070, 2409, 2652, 2738, 2646, 2273, 
1923, 1607, 1401, 1374, 1522, 1809, 2160, 2484, 2689, 2732, 
2596, 2317, 1968, 1641, 1421, 1395, 1586, 1898, 2251, 2551, 
2718, 2713, 2535, 2230, 1876, 1569, 1388, 1383, 1554, 1857, 
2211, 2612, 2735, 2683, 2465, 2137, 1791, 1508, 1370, 1411, 
1623, 1946, 2298, 2584, 2729, 2699, 2499, 2047, 1710, 1456, 
1363, 1450, 1699, 2036, 2379, 2633, 2739, 2661, 2427, 2091, 
1747, 1480, 1365, 1501, 1780, 2128, 2458, 2678, 2736, 2614, 
2346, 2000, 1667, 1434, 1363, 1475, 1743, 2086, 2422, 2710, 
2721, 2559, 2261, 1907, 1596, 1400, 1376, 1532, 1825, 2176, 
2495, 2696, 2729, 2587, 2304, 1822, 1528, 1376, 1401, 1599, 
1913, 2266, 2560, 2721, 2709, 2524, 2212, 1862, 1560, 1385, 
1388, 1672, 2005, 2352, 2620, 2735, 2673, 2454, 2124, 1775, 
1496, 1367, 1418, 1633, 1963, 2311, 2595, 2739, 2631, 2376, 
2031, 1695, 1447, 1363, 1459, 1713, 2052, 2395, 2643, 2739, 
2655, 2414, 2075, 1619, 1409, 1370, 1512, 1796, 2144, 2470, 
2686, 2734, 2607, 2332, 1985, 1653, 1428, 1365, 1486, 1881, 
2236, 2539, 2716, 2718, 2548, 2247, 1892, 1583, 1396, 1379, 
1543, 1840, 2192, 2508, 2702, 2689, 2480, 2155, 1807, 1519, 
1372, 1405, 1610, 1929, 2279, 2572, 2724, 2705, 2512, 2198, 
1847, 1465, 1364, 1443, 1683, 2019, 2366, 2625, 2739, 2670, 
2440, 2107, 1761, 1490, 1367, 1424, 1648, 2111, 2444, 2672, 
2737, 2627, 2363, 2016, 1681, 1441, 1363, 1468, 1728, 2068, 
2407, 2652, 2739, 2569, 2278, 1926, 1608, 1404, 1375, 1520, 
1809, 2163, 2482, 2689, 2732, 2597, 2319, 1968, 1641, 1377, 
1393, 1586, 1896, 2249, 2550, 2716, 2712, 2537, 2231, 1879, 
1571, 1388, 1383, 1553, 1855, 2337, 2611, 2736, 2683, 2467, 
2140, 1793, 1510, 1369, 1413, 1621, 1947, 2296, 2582, 2728, 
2699, 2392, 2051, 1711, 1457, 1363, 1449, 1697, 2036, 2379, 
2633, 2739, 2663, 2427, 2094, 1748, 1481, 1368, 1500, 1779, 
2127, 2457, 2676, 2736, 2615, 2343, 2001, 1667, 1434, 1363, 
1477, 1742, 2083, 2528, 2710, 2722, 2559, 2263, 1911, 1596, 
1401, 1376, 1532, 1824, 2177, 2495, 2696, 2730, 2588, 2173, 
1820, 1530, 1376, 1400, 1597, 1912, 2265, 2561, 2722, 2710, 
2528, 2215, 1863, 1559, 1385, 1435, 1670, 2003, 2351, 2617, 
2735, 2676, 2454, 2124, 1749, 1458, 1368, 1515, 1824, 2185, 
2511, 2733, 2684, 2463, 2099, 1753, 1484, 1365, 1428, 1657, 
1987, 2336, 2609, 2736, 2683, 2467, 2142, 1675, 1436, 1363, 
1473, 1736, 2079, 2416, 2656, 2739, 2643, 2391, 2048, 1711, 
1457, 1363, 1451, 1818, 2169, 2490, 2694, 2730, 2591, 2310, 
1959, 1633, 1417, 1368, 1500, 1779, 2126, 2456, 2679, 2712, 
2528, 2222, 1868, 1563, 1386, 1386, 1562, 1866, 2218, 2527, 
2711, 2721, 2559, 2264, 1911, 1503, 1367, 1416, 1629, 1955, 
2307, 2590, 2731, 2696, 2495, 2174, 1823, 1532, 1376, 1399, 
1596, 2046, 2387, 2639, 2739, 2657, 2420, 2083, 1740, 1475, 
1362, 1435, 1671, 2003, 2350, 2617, 2736, 2608, 2339, 1990, 
1660, 1428, 1365, 1483, 1750, 2095, 2428, 2664, 2739, 2633, 
2377, 2034, 1696, 1395, 1374, 1539, 1835, 2184, 2502, 2699, 
2728, 2582, 2294, 1942, 1622, 1411, 1371, 1511, 1794, 2273, 
2567, 2724, 2705, 2517, 2205, 1853, 1552, 1384, 1389, 1571, 
1881, 2233, 2536, 2714, 2718, 2445, 2115, 1768, 1489, 1367, 
1421, 1642, 1971, 2319, 2598, 2732, 2689, 2481, 2158, 1808, 
1520, 1363, 1464, 1721, 2062, 2403, 2648, 2739, 2651, 2406, 
2067, 1726, 1467, 1363, 1442, 1684, 2019, 2476, 2687, 2734, 
2601, 2324, 1976, 1648, 1425, 1364, 1491, 1764, 2108, 2441, 
2670, 2739, 2624, 2238, 1884, 1576, 1391, 1382, 1548, 1849, 
2201, 2512, 2705, 2727, 2572, 2279, 1928, 1608, 1404, 1409, 
1616, 1937, 2289, 2578, 2728, 2700, 2504, 2190, 1839, 1541, 
1380, 1395, 1584, 1895, 2248, 2632, 2737, 2665, 2435, 2099, 
1755, 1484, 1365, 1427, 1655, 1985, 2334, 2608, 2734, 2684, 
2468, 2007, 1674, 1437, 1363, 1472, 1735, 2076, 2416, 2656, 
2739, 2642, 2392, 2052, 1712, 1458, 1364, 1527, 1817, 2167, 
2489, 2694, 2732, 2591, 2310, 1959, 1634, 1417, 1368, 1500, 
1779, 2124, 2456, 2719, 2712, 2531, 2223, 1871, 1565, 1387, 
1385, 1560, 1864, 2217, 2525, 2710, 2720, 2559, 2264, 1783, 
1504, 1368, 1415, 1629, 1953, 2304, 2588, 2731, 2695, 2496, 
2175, 1824, 1532, 1376, 1400, 1705, 2044, 2387, 2638, 2739, 
2656, 2420, 2083, 1740, 1476, 1364, 1434, 1668, 2001, 2349, 
2615, 2736, 2611, 2339, 1992, 1663, 1431, 1364, 1479, 1748, 
2094, 2428, 2663, 2739, 2633, 2379, 2035, 1587, 1396, 1377, 
1537, 1832, 2183, 2499, 2700, 2727, 2582, 2294, 1944, 1620, 
1411, 1371, 1508, 1921, 2272, 2565, 2723, 2707, 2520, 2206, 
1855, 1552, 1383, 1390, 1568, 1879, 2227, 2536, 2712, 2675, 
2447, 2118, 1769, 1494, 1367, 1421, 1642, 1969, 2318, 2598, 
2732, 2689, 2483, 2159, 1809, 1446, 1363, 1463, 1720, 2060, 
2400, 2648, 2739, 2651, 2407, 2067, 1726, 1467, 1363, 1440, 
1682, 2151, 2475, 2687, 2735, 2603, 2326, 1976, 1649, 1423, 
1366, 1489, 1762, 2108, 2443, 2668, 2737, 2543, 2240, 1889, 
1578, 1392, 1383, 1549, 1848, 2199, 2513, 2704, 2726, 2571, 
2281, 1928, 1611, 1372, 1408, 1615, 1935, 2288, 2576, 2721, 
2702, 2505, 2191, 1840, 1543, 1379, 1394, 1582, 1893, 2369, 
2629, 2739, 2667, 2432, 2100, 1755, 1487, 1364, 1428, 1655, 
1984, 2332, 2607, 2734, 2684, 2355, 2008, 1678, 1438, 1363, 
1472, 1734, 2076, 2414, 2654, 2739, 2643, 2395, 2053, 1713, 
1459, 1375, 1527, 1816, 2167, 2488, 2692, 2732, 2592, 2312, 
1960, 1639, 1418, 1368, 1498, 1776, 2123, 2553, 2719, 2712, 
2531, 2224, 1870, 1566, 1387, 1386, 1559, 1863, 2214, 2524, 
2709, 2721, 2560, 2134, 1785, 1503, 1368, 1415, 1628, 1951, 
2303, 2585, 2731, 2695, 2496, 2177, 1826, 1532, 1375, 1455, 
1704, 2043, 2385, 2638, 2738, 2659, 2422, 2085, 1740, 1475, 
1363, 1433, 1667, 2000, 2348, 2680, 2736, 2611, 2342, 1993, 
1663, 1430, 1364, 1480, 1745, 2093, 2427, 2663, 2739, 2633, 
2380, 1902, 1591, 1397, 1378, 1537, 1832, 2183, 2500, 2699, 
2728, 2584, 2297, 1946, 1622, 1412, 1371, 1603, 1920, 2272, 
2563, 2724, 2707, 2520, 2206, 1855, 2104, 1759, 1487, 1364, 
1423, 1647, 1976, 2440, 2668, 2739, 2620, 2359, 2012, 1679, 
1440, 1361, 1467, 1725, 2067, 2407, 2648, 2736, 2643, 2272, 
1923, 1605, 1405, 1372, 1520, 1811, 2158, 2481, 2687, 2731, 
2593, 2315, 1964, 1641, 1417, 1393, 1586, 1896, 2249, 2545, 
2716, 2711, 2534, 2228, 1875, 1568, 1388, 1382, 1553, 1856, 
2207, 2607, 2732, 2680, 2464, 2137, 1788, 1507, 1368, 1411, 
1623, 1942, 2296, 2582, 2730, 2696, 2499, 2047, 1708, 1456, 
1362, 1449, 1699, 2039, 2379, 2632, 2737, 2659, 2427, 2089, 
1746, 1479, 1364, 1500, 1779, 2127, 2456, 2675, 2735, 2614, 
2346, 1999, 1667, 1432, 1361, 1477, 1740, 2084, 2420, 2709, 
2721, 2556, 2259, 1908, 1594, 1399, 1375, 1532, 1824, 2176, 
2495, 2695, 2729, 2585, 2303, 1821, 1529, 1374, 1399, 1598, 
1913, 2264, 2559, 2721, 2708, 2524, 2213, 1863, 1558, 1384, 
1386, 1671, 2003, 2349, 2616, 2736, 2675, 2454, 2123, 1776, 
1498, 1368, 1419, 1633, 1960, 2310, 2592, 2738, 2631, 2375, 
2031, 1695, 1449, 1363, 1457, 1713, 2054, 2394, 2639, 2738, 
2654, 2412, 2075, 1619, 1410, 1369, 1511, 1795, 2143, 2471, 
2684, 2733, 2606, 2332, 1984, 1654, 1426, 1365, 1486, 1881, 
2235, 2537, 2714, 2715, 2546, 2245, 1894, 1582, 1393, 1380, 
1544, 1839, 2192, 2507, 2701, 2688, 2480, 2156, 1807, 1519, 
1372, 1405, 1610, 1928, 2280, 2572, 2726, 2703, 2511, 2197, 
1848, 1467, 1361, 1443, 1684, 2019, 2366, 2626, 2739, 2668, 
2440, 2108, 1762, 1488, 1366, 1423, 1646, 2110, 2446, 2671, 
2738, 2623, 2362, 2015, 1682, 1441, 1363, 1468, 1727, 2067, 
2407, 2651, 2742, 2568, 2276, 1926, 1607, 1404, 1373, 1523, 
1808, 2160, 2482, 2690, 2732, 2599, 2319, 1971, 1641, 1380, 
1395, 1584, 1897, 2248, 2550, 2718, 2714, 2536, 2232, 1878, 
1571, 1390, 1388, 1553, 1855, 2335, 2604, 2736, 2684, 2464, 
2142, 1792, 1510, 1371, 1411, 1622, 1944, 2296, 2583, 2727, 
2699, 2390, 2048, 1708, 1458, 1363, 1449, 1697, 2035, 2379, 
2632, 2739, 2663, 2428, 2092, 1748, 1482, 1368, 1501, 1779, 
2131, 2456, 2678, 2739, 2615, 2350, 2001, 1668, 1435, 1362, 
1477, 1740, 2084, 2527, 2711, 2721, 2559, 2266, 1910, 1597, 
1404, 1375, 1532, 1824, 2175, 2495, 2696, 2730, 2587, 2175, 
1822, 1530, 1376, 1398, 1593, 1912, 2264, 2559, 2721, 2708, 
2524, 2216, 1864, 1560, 1385, 1435, 1671, 2003, 2351, 2616, 
2736, 2673, 2456, 2125, 1778, 1500, 1368, 1418, 1633, 1961, 
2311, 2663, 2739, 2632, 2379, 2035, 1696, 1449, 1369, 1459, 
1712, 2051, 2394, 2641, 2739, 2655, 2415, 1942, 1620, 1410, 
1370, 1510, 1792, 2143, 2471, 2687, 2735, 2607, 2334, 1984, 
1656, 1427, 1364, 1572, 1881, 2233, 2537, 2712, 2719, 2548, 
2247, 1894, 1584, 1394, 1377, 1542, 1840, 2190, 2507, 2732, 
2691, 2480, 2158, 1809, 1521, 1374, 1406, 1609, 1927, 2279, 
2570, 2724, 2704, 2513, 2200, 1726, 1467, 1363, 1443, 1683, 
2017, 2364, 2625, 2739, 2673, 2440, 2108, 1763, 1490, 1367, 
1423, 1766, 2109, 2441, 2671, 2737, 2625, 2364, 2016, 1683, 
1441, 1363, 1468, 1728, 2065, 2407, 2651, 2724, 2569, 2279, 
1927, 1608, 1404, 1372, 1523, 1808, 2158, 2481, 2691, 2732, 
2599, 2319, 1967, 1541, 1379, 1395, 1584, 1895, 2247, 2548, 
2718, 2713, 2537, 2232, 1880, 1572, 1388, 1383, 1553, 1985, 
2335, 2607, 2735, 2684, 2467, 2142, 1794, 1510, 1370, 1411, 
1620, 1943, 2294, 2580, 2727, 2639, 2388, 2050, 1712, 1459, 
1367, 1449, 1696, 2032, 2377, 2632, 2739, 2663, 2428, 2095, 
1749, 1418, 1366, 1499, 1777, 2126, 2456, 2675, 2736, 2617, 
2352, 2002, 1671, 1435, 1363, 1475, 1739, 2215, 2526, 2710, 
2723, 2559, 2264, 1912, 1596, 1400, 1376, 1531, 1823, 2174, 
2493, 2695, 2731, 2494, 2174, 1823, 1532, 1379, 1400, 1596, 
1911, 2263, 2560, 2720, 2708, 2526, 2211, 1828, 1516, 1367, 
1523, 1832, 2205, 2516, 2708, 2723, 2556, 2248, 1895, 1584, 
1394, 1379, 1541, 1836, 2189, 2595, 2732, 2689, 2483, 2158, 
1807, 1522, 1372, 1405, 1608, 1926, 2279, 2569, 2723, 2706, 
2512, 2067, 1727, 1468, 1363, 1441, 1683, 2018, 2363, 2623, 
2736, 2671, 2442, 2110, 1763, 1492, 1367, 1489, 1762, 2108, 
2441, 2671, 2736, 2623, 2364, 2017, 1684, 1442, 1363, 1466, 
1724, 2065, 2406, 2705, 2725, 2569, 2279, 1928, 1608, 1406, 
1372, 1520, 1808, 2157, 2480, 2687, 2732, 2598, 2320, 1838, 
1543, 1378, 1393, 1582, 1895, 2248, 2547, 2718, 2711, 2536, 
2235, 1880, 1573, 1390, 1382, 1655, 1984, 2334, 2607, 2735, 
2684, 2468, 2142, 1794, 1511, 1370, 1410, 1619, 1939, 2294, 
2580, 2737, 2641, 2393, 2051, 1712, 1459, 1363, 1449, 1695, 
2035, 2376, 2631, 2737, 2663, 2428, 2095, 1635, 1417, 1367, 
1498, 1777, 2124, 2455, 2677, 2737, 2616, 2350, 2004, 1673, 
1436, 1363, 1475, 1863, 2216, 2524, 2708, 2720, 2560, 2264, 
1912, 1597, 1399, 1375, 1530, 1822, 2175, 2494, 2694, 2695, 
2495, 2174, 1824, 1532, 1375, 1400, 1595, 1909, 2262, 2557, 
2721, 2710, 2527, 2215, 1865, 1476, 1363, 1433, 1669, 1999, 
2348, 2615, 2736, 2677, 2456, 2127, 1779, 1500, 1369, 1416, 
1630, 2092, 2427, 2663, 2739, 2633, 2380, 2035, 1699, 1451, 
1363, 1457, 1708, 2051, 2392, 2640, 2739, 2582, 2295, 1945, 
1622, 1411, 1371, 1510, 1792, 2140, 2467, 2683, 2735, 2608, 
2335, 1986, 1657, 1382, 1389, 1570, 1877, 2230, 2536, 2713, 
2718, 2549, 2249, 1896, 1584, 1396, 1379, 1541, 1834, 2316, 
2598, 2732, 2691, 2483, 2159, 1809, 1522, 1374, 1405, 1607, 
1926, 2277, 2569, 2724, 2707, 2410, 2067, 1728, 1468, 1364, 
1442, 1682, 2016, 2363, 2624, 2738, 2671, 2444, 2111, 1765, 
1491, 1366, 1491, 1763, 2108, 2439, 2669, 2739, 2623, 2366, 
2017, 1684, 1443, 1363, 1465, 1723, 2063, 2511, 2703, 2726, 
2572, 2281, 1929, 1610, 1406, 1372, 1520, 1806, 2156, 2480, 
2688, 2733, 2599, 2191, 1841, 1543, 1378, 1392, 1583, 1892, 
2246, 2547, 2718, 2715, 2540, 2234, 1883, 1574, 1391, 1426, 
1654, 1982, 2332, 2606, 2734, 2684, 2470, 2144, 1795, 1512, 
1368, 1408, 1616, 1940, 2291, 2655, 2739, 2643, 2394, 2052, 
1714, 1459, 1363, 1449, 1695, 2032, 2375, 2632, 2739, 2665, 
2432, 1963, 1638, 1418, 1368, 1499, 1777, 2122, 2454, 2676, 
2739, 2616, 2351, 2003, 1672, 1437, 1364, 1558, 1863, 2215, 
2524, 2707, 2723, 2561, 2267, 1915, 1599, 1397, 1376, 1529, 
1822, 2172, 2492, 2729, 2697, 2496, 2177, 1825, 1532, 1375, 
1400, 1593, 1908, 2259, 2556, 2720, 2711, 2528, 2220, 1743, 
1476, 1363, 1433, 1667, 1999, 2346, 2616, 2735, 2678, 2456, 
2128, 1782, 1501, 1368, 1417, 1747, 2091, 2428, 2663, 2739, 
2635, 2380, 2036, 1699, 1450, 1364, 1457, 1708, 2048, 2388, 
2640, 2729, 2583, 2297, 1945, 1623, 1412, 1371, 1508, 1792, 
2140, 2466, 2683, 2735, 2611, 2337, 1990, 1554, 1385, 1388, 
1569, 1876, 2228, 2535, 2713, 2719, 2551, 2251, 1898, 1586, 
1395, 1379, 1540, 1967, 2316, 2596, 2732, 2691, 2483, 2161, 
1811, 1521, 1372, 1404, 1606, 1923, 2275, 2568, 2725, 2652, 
2408, 2070, 1729, 1469, 1362, 1440, 1681, 2015, 2361, 2623, 
2737, 2672, 2444, 2112, 1766, 1424, 1366, 1488, 1760, 2107, 
2439, 2670, 2737, 2627, 2367, 2020, 1687, 1443, 1363, 1465, 
1722, 2197, 2511, 2703, 2726, 2574, 2282, 1930, 1612, 1406, 
1372, 1518, 1805, 2153, 2480, 2688, 2734, 2508, 2192, 1842, 
1543, 1379, 1394, 1581, 1892, 2244, 2545, 2719, 2716, 2540, 
2236, 1884, 1575, 1365, 1427, 1652, 1982, 2332, 2608, 2735, 
2684, 2471, 2144, 1796, 1512, 1372, 1409, 1618, 1939, 2412, 
2654, 2737, 2644, 2395, 2053, 1714, 1460, 1363, 1447, 1694, 
2031, 2374, 2631, 2739, 2664, 2313, 1963, 1636, 1420, 1368, 
1497, 1775, 2121, 2452, 2675, 2737, 2619, 2352, 2007, 2736, 
2639, 2264, 1913, 1598, 1399, 1374, 1528, 1819, 2168, 2488, 
2690, 2729, 2587, 2304, 1955, 1631, 1415, 1397, 1592, 1905, 
2255, 2553, 2718, 2710, 2528, 2219, 1867, 1562, 1385, 1384, 
1560, 1864, 2216, 2612, 2734, 2676, 2457, 2128, 1782, 1502, 
1368, 1415, 1632, 1954, 2303, 2588, 2728, 2696, 2491, 2036, 
1700, 1452, 1363, 1456, 1707, 2046, 2387, 2636, 2737, 2655, 
2417, 2081, 1738, 1475, 1363, 1507, 1788, 2136, 2464, 2680, 
2734, 2608, 2337, 1989, 1660, 1429, 1366, 1482, 1747, 2094, 
2428, 2711, 2716, 2550, 2249, 1897, 1586, 1395, 1376, 1539, 
1835, 2185, 2500, 2700, 2727, 2579, 2293, 1811, 1523, 1372, 
1404, 1604, 1921, 2273, 2566, 2723, 2704, 2516, 2204, 1853, 
1552, 1382, 1389, 1679, 2012, 2360, 2620, 2736, 2671, 2446, 
2113, 1767, 1492, 1366, 1421, 1643, 1970, 2320, 2598, 2736, 
2627, 2367, 2022, 1687, 1443, 1363, 1464, 1722, 2060, 2401, 
2648, 2739, 2649, 2404, 2064, 1612, 1407, 1372, 1517, 1802, 
2155, 2479, 2687, 2732, 2603, 2323, 1972, 1647, 1423, 1366, 
1491, 1891, 2242, 2544, 2716, 2715, 2540, 2238, 1881, 1575, 
1391, 1381, 1549, 1849, 2201, 2514, 2704, 2684, 2471, 2146, 
1798, 1512, 1369, 1408, 1616, 1937, 2289, 2577, 2727, 2700, 
2505, 2190, 1836, 1461, 1362, 1447, 1691, 2028, 2373, 2631, 
2738, 2665, 2433, 2097, 1753, 1484, 1364, 1428, 1656, 2121, 
2451, 2675, 2737, 2619, 2354, 2007, 1675, 1438, 1363, 1473, 
1734, 2078, 2416, 2656, 2739, 2563, 2268, 1917, 1600, 1401, 
1375, 1527, 1818, 2168, 2490, 2692, 2731, 2591, 2309, 1958, 
1633, 1379, 1399, 1592, 1907, 2259, 2555, 2720, 2712, 2529, 
2222, 1869, 1563, 1387, 1387, 1560, 1864, 2345, 2614, 2736, 
2679, 2460, 2130, 1784, 1503, 1368, 1415, 1629, 1953, 2305, 
2588, 2729, 2696, 2384, 2039, 1701, 1453, 1363, 1457, 1706, 
2044, 2389, 2640, 2739, 2662, 2420, 2083, 1740, 1476, 1370, 
1507, 1790, 2137, 2465, 2681, 2736, 2611, 2340, 1991, 1662, 
1430, 1364, 1482, 1748, 2094, 2534, 2712, 2719, 2552, 2252, 
1899, 1588, 1396, 1377, 1539, 1833, 2185, 2502, 2699, 2727, 
2581, 2163, 1814, 1524, 1374, 1403, 1604, 1921, 2273, 2564, 
2723, 2705, 2518, 2206, 1855, 1553, 1383, 1439, 1678, 2012, 
2358, 2623, 2737, 2672, 2446, 2115, 1767, 1495, 1367, 1420, 
1643, 1969, 2319, 2667, 2738, 2628, 2368, 2023, 1688, 1446, 
1363, 1464, 1720, 2060, 2401, 2647, 2739, 2651, 2407, 1932, 
1613, 1408, 1372, 1516, 1803, 2152, 2478, 2687, 2734, 2601, 
2324, 1975, 1648, 1424, 1365, 1579, 1890, 2243, 2544, 2716, 
2716, 2543, 2239, 1886, 1577, 1392, 1382, 1548, 1848, 2200, 
2512, 2734, 2686, 2472, 2147, 1799, 1514, 1370, 1407, 1615, 
1937, 2288, 2576, 2727, 2703, 2506, 2191, 1717, 1462, 1363, 
1447, 1691, 2028, 2371, 2630, 2739, 2666, 2435, 2101, 1754, 
1485, 1367, 1428, 1773, 2119, 2451, 2675, 2736, 2619, 2355, 
2008, 1676, 1438, 1363, 1472, 1735, 2077, 2415, 2655, 2723, 
2563, 2268, 1918, 1603, 1403, 1375, 1528, 1816, 2167, 2488, 
2691, 2732, 2591, 2311, 1959, 1536, 1376, 1398, 1591, 1905, 
2256, 2554, 2719, 2712, 2531, 2223, 1871, 1566, 1388, 1385, 
1560, 1996, 2343, 2612, 2735, 2680, 2460, 2131, 1784, 1504, 
1368, 1415, 1627, 1952, 2303, 2587, 2729, 2636, 2382, 2039, 
1702, 1454, 1363, 1455, 1705, 2043, 2387, 2638, 2738, 2659, 
2422, 2083, 1740, 1414, 1369, 1506, 1787, 2135, 2463, 2680, 
2735, 2611, 2339, 1993, 1662, 1431, 1365, 1481, 1747, 2226, 
2534, 2712, 2719, 2553, 2254, 1901, 1589, 1397, 1377, 1538, 
1832, 2183, 2500, 2696, 2729, 2487, 2165, 1814, 1525, 1374, 
1404, 1604, 1922, 2273, 2563, 2723, 2707, 2519, 2206, 1855, 
1554, 1363, 1438, 1677, 2012, 2358, 2620, 2738, 2674, 2449, 
2116, 1769, 1493, 1366, 1420, 1639, 1968, 2437, 2668, 2738, 
2627, 2371, 2012, 1654, 1418, 1379, 1591, 1916, 2267, 2564, 
2724, 2705, 2511, 2047, 1708, 1457, 1363, 1454, 1700, 2038, 
2382, 2636, 2739, 2663, 2427, 2092, 1746, 1480, 1364, 1503, 
1782, 2128, 2459, 2678, 2736, 2615, 2347, 1999, 1665, 1434, 
1364, 1477, 1743, 2086, 2422, 2710, 2720, 2557, 2259, 1907, 
1594, 1398, 1376, 1533, 1825, 2175, 2496, 2696, 2730, 2587, 
2300, 1820, 1528, 1375, 1401, 1599, 1915, 2267, 2559, 2721, 
2708, 2524, 2213, 1862, 1559, 1385, 1388, 1672, 2004, 2353, 
2617, 2736, 2675, 2452, 2121, 1776, 1498, 1367, 1418, 1636, 
1962, 2312, 2593, 2739, 2631, 2373, 2030, 1692, 1448, 1363, 
1459, 1713, 2054, 2395, 2643, 2739, 2655, 2415, 2073, 1619, 
1408, 1369, 1513, 1795, 2144, 2471, 2684, 2735, 2606, 2332, 
1981, 1655, 1427, 1366, 1486, 1882, 2234, 2539, 2713, 2717, 
2547, 2244, 1891, 1582, 1393, 1379, 1543, 1841, 2191, 2508, 
2702, 2687, 2479, 2155, 1805, 1519, 1372, 1405, 1610, 1929, 
2281, 2574, 2724, 2703, 2511, 2197, 1848, 1466, 1363, 1444, 
1686, 2021, 2367, 2626, 2739, 2670, 2440, 2105, 1761, 1489, 
1366, 1424, 1649, 2112, 2444, 2671, 2737, 2623, 2361, 2015, 
1680, 1440, 1360, 1469, 1727, 2069, 2408, 2651, 2739, 2569, 
2276, 1925, 1607, 1404, 1375, 1523, 1811, 2161, 2484, 2690, 
2732, 2592, 2317, 1968, 1643, 1379, 1396, 1586, 1899, 2250, 
2552, 2716, 2715, 2536, 2230, 1878, 1571, 1390, 1383, 1554, 
1856, 2335, 2608, 2736, 2681, 2464, 2139, 1791, 1510, 1368, 
1411, 1622, 1944, 2296, 2582, 2727, 2697, 2389, 2046, 1709, 
1456, 1363, 1451, 1699, 2036, 2379, 2635, 2737, 2663, 2428, 
2091, 1747, 1481, 1368, 1500, 1781, 2128, 2457, 2678, 2739, 
2615, 2345, 2000, 1667, 1433, 1363, 1476, 1742, 2085, 2528, 
2710, 2721, 2559, 2262, 1908, 1595, 1400, 1376, 1532, 1825, 
2175, 2495, 2696, 2729, 2587, 2172, 1822, 1530, 1375, 1401, 
1598, 1914, 2264, 2561, 2721, 2708, 2523, 2215, 1863, 1558, 
1386, 1435, 1671, 2003, 2351, 2617, 2736, 2676, 2454, 2124, 
1777, 1499, 1368, 1417, 1635, 1959, 2311, 2664, 2738, 2632, 
2377, 2032, 1695, 1449, 1363, 1459, 1712, 2052, 2392, 2643, 
2737, 2655, 2415, 1941, 1619, 1412, 1371, 1511, 1795, 2143, 
2471, 2684, 2734, 2606, 2334, 1984, 1656, 1427, 1366, 1572, 
1883, 2235, 2539, 2714, 2718, 2547, 2246, 1894, 1584, 1393, 
1379, 1542, 1840, 2191, 2507, 2732, 2688, 2479, 2156, 1806, 
1519, 1372, 1405, 1610, 1928, 2279, 2571, 2724, 2703, 2511, 
2199, 1724, 1468, 1363, 1443, 1684, 2019, 2364, 2624, 2737, 
2671, 2440, 2108, 1763, 1490, 1367, 1424, 1765, 2110, 2442, 
2672, 2736, 2624, 2363, 2016, 1683, 1441, 1363, 1468, 1726, 
2072, 2407, 2652, 2725, 2571, 2277, 1926, 1607, 1404, 1372, 
1521, 1809, 2159, 2482, 2690, 2732, 2598, 2319, 1968, 1541, 
1379, 1395, 1585, 1897, 2248, 2548, 2718, 2715, 2537, 2232, 
1878, 1571, 1390, 1383, 1552, 1987, 2335, 2608, 2736, 2683, 
2467, 2142, 1792, 1509, 1369, 1411, 1622, 1943, 2295, 2582, 
2728, 2641, 2391, 2049, 1711, 1458, 1363, 1450, 1695, 2035, 
2377, 2633, 2739, 2663, 2428, 2092, 1749, 1420, 1368, 1500, 
1780, 2127, 2456, 2678, 2736, 2615, 2348, 2001, 1669, 1436, 
1363, 1475, 1739, 2219, 2527, 2710, 2721, 2559, 2261, 1910, 
1596, 1400, 1375, 1532, 1823, 2174, 2494, 2695, 2730, 2495, 
2173, 1823, 1530, 1375, 1400, 1597, 1912, 2264, 2559, 2721, 
2710, 2525, 2215, 1861, 1560, 1364, 1435, 1671, 2003, 2350, 
2616, 2736, 2676, 2454, 2124, 1778, 1499, 1368, 1417, 1633, 
1959, 2430, 2663, 2737, 2634, 2376, 2033, 1696, 1450, 1362, 
1458, 1712, 2050, 2392, 2641, 2739, 2655, 2294, 1942, 1619, 
1409, 1371, 1510, 1792, 2143, 2468, 2683, 2736, 2607, 2335, 
1984, 1656, 1428, 1390, 1572, 1880, 2232, 2537, 2713, 2718, 
2548, 2247, 1895, 1584, 1394, 1379, 1542, 1839, 2188, 2599, 
2732, 2689, 2480, 2158, 2723, 2699, 2507, 2191, 1841, 1543, 
1378, 1390, 1578, 1888, 2240, 2624, 2735, 2665, 2435, 2102, 
1756, 1485, 1364, 1423, 1650, 1979, 2328, 2603, 2729, 2683, 
2469, 2010, 1679, 1439, 1361, 1468, 1730, 2069, 2409, 2652, 
2738, 2643, 2396, 2054, 1714, 1461, 1361, 1523, 1813, 2161, 
2484, 2688, 2731, 2593, 2313, 1963, 1638, 1418, 1363, 1495, 
1772, 2120, 2448, 2716, 2711, 2532, 2226, 1873, 1568, 1388, 
1383, 1555, 1857, 2209, 2520, 2705, 2721, 2563, 2268, 1789, 
1503, 1369, 1413, 1624, 1947, 2298, 2584, 2728, 2698, 2497, 
2179, 1827, 1534, 1376, 1396, 1699, 2038, 2381, 2634, 2738, 
2660, 2424, 2090, 1744, 1479, 1363, 1430, 1664, 1996, 2343, 
2612, 2736, 2609, 2345, 1997, 1666, 1432, 1364, 1479, 1744, 
2087, 2424, 2659, 2737, 2636, 2382, 2039, 1592, 1398, 1376, 
1534, 1827, 2178, 2496, 2696, 2728, 2584, 2299, 1948, 1625, 
1412, 1369, 1507, 1915, 2268, 2560, 2721, 2705, 2521, 2211, 
1859, 1558, 1383, 1388, 1568, 1872, 2227, 2532, 2711, 2673, 
2451, 2119, 1773, 1496, 1367, 1419, 1636, 1963, 2313, 2593, 
2731, 2691, 2486, 2163, 1812, 1447, 1363, 1460, 1714, 2055, 
2395, 2644, 2739, 2654, 2412, 2072, 1732, 1471, 1363, 1439, 
1679, 2147, 2471, 2684, 2734, 2604, 2329, 1982, 1652, 1426, 
1367, 1487, 1759, 2104, 2436, 2668, 2739, 2545, 2243, 1891, 
1580, 1392, 1379, 1543, 1841, 2192, 2508, 2702, 2726, 2575, 
2285, 1932, 1612, 1372, 1408, 1612, 1930, 2283, 2572, 2724, 
2703, 2508, 2196, 1843, 1547, 1379, 1393, 1579, 1888, 2367, 
2627, 2737, 2668, 2438, 2105, 1760, 1488, 1366, 1424, 1650, 
1979, 2329, 2604, 2734, 2684, 2360, 2013, 1680, 1440, 1363, 
1469, 1731, 2070, 2409, 2653, 2738, 2643, 2398, 2056, 1718, 
1462, 1374, 1527, 1811, 2161, 2485, 2691, 2732, 2596, 2316, 
1964, 1639, 1420, 1368, 1496, 1772, 2118, 2551, 2719, 2713, 
2536, 2228, 1876, 1568, 1388, 1384, 1555, 1857, 2209, 2519, 
2707, 2723, 2564, 2137, 1790, 1507, 1371, 1411, 1624, 1945, 
2298, 2585, 2728, 2697, 2499, 2182, 1831, 1536, 1378, 1452, 
1700, 2037, 2380, 2635, 2737, 2660, 2427, 2091, 1745, 1480, 
1365, 1431, 1663, 1994, 2343, 2679, 2736, 2614, 2344, 1998, 
1665, 1434, 1364, 1477, 1743, 2085, 2424, 2660, 2739, 2636, 
2387, 1908, 1592, 1397, 1377, 1532, 1827, 2176, 2497, 2696, 
2730, 2584, 2300, 1949, 1625, 1414, 1368, 1599, 1915, 2267, 
2560, 2721, 2707, 2522, 2214, 1862, 1558, 1384, 1387, 1567, 
1872, 2226, 2535, 2736, 2674, 2453, 2123, 1774, 1497, 1367, 
1419, 1635, 1962, 2312, 2594, 2732, 2692, 2488, 2166, 1694, 
1448, 1363, 1460, 1713, 2055, 2396, 2644, 2739, 2655, 2412, 
2073, 1735, 1469, 1363, 1439, 1796, 2146, 2471, 2686, 2736, 
2606, 2331, 1983, 1652, 1426, 1365, 1486, 1756, 2104, 2437, 
2668, 2718, 2547, 2244, 1891, 1582, 1392, 1380, 1544, 1842, 
2192, 2508, 2703, 2727, 2576, 2286, 1935, 1521, 1370, 1407, 
1611, 1928, 2280, 2572, 2726, 2703, 2511, 2196, 1846, 1547, 
1380, 1392, 1577, 2020, 2367, 2625, 2737, 2666, 2440, 2108, 
1761, 1488, 1366, 1424, 1648, 1976, 2326, 2603, 2735, 2623, 
2361, 2014, 1682, 1441, 1361, 1470, 1725, 2069, 2408, 2653, 
2739, 2646, 2400, 2059, 1719, 1404, 1373, 1522, 1810, 2161, 
2483, 2690, 2732, 2598, 2316, 1968, 1640, 1423, 1366, 1496, 
1771, 2251, 2550, 2719, 2713, 2536, 2230, 1878, 1571, 1390, 
1384, 1552, 1856, 2210, 2519, 2707, 2724, 2467, 2140, 1792, 
1508, 1368, 1412, 1622, 1944, 2297, 2583, 2731, 2697, 2499, 
2183, 1831, 1537, 1363, 1451, 1698, 2035, 2380, 2633, 2738, 
2662, 2428, 2091, 1747, 1480, 1364, 1431, 1663, 1992, 2457, 
2675, 2736, 2616, 2347, 1999, 1667, 1433, 1364, 1478, 1742, 
2084, 2423, 2659, 2739, 2636, 2261, 1910, 1596, 1399, 1376, 
1534, 1827, 2176, 2496, 2696, 2730, 2587, 2302, 1946, 1615, 
1400, 1439, 1732, 2079, 2426, 2664, 2737, 2632, 2358, 2009, 
1677, 1438, 1363, 1471, 1732, 2075, 2412, 2707, 2724, 2565, 
2271, 1920, 1603, 1402, 1375, 1526, 1815, 2166, 2488, 2691, 
2734, 2595, 2312, 1832, 1536, 1379, 1398, 1590, 1904, 2255, 
2553, 2720, 2712, 2534, 2228, 1873, 1567, 1386, 1385, 1662, 
1992, 2341, 2612, 2736, 2680, 2462, 2135, 1787, 1505, 1369, 
1414, 1625, 1949, 2300, 2585, 2736, 2636, 2386, 2043, 1703, 
1454, 1362, 1454, 1703, 2042, 2383, 2637, 2739, 2660, 2423, 
2085, 1628, 1415, 1369, 1504, 1785, 2133, 2460, 2679, 2739, 
2612, 2343, 1995, 1663, 1432, 1366, 1479, 1871, 2224, 2531, 
2712, 2720, 2555, 2256, 1904, 1591, 1396, 1377, 1536, 1829, 
2180, 2498, 2698, 2692, 2488, 2167, 1816, 1526, 1374, 1402, 
1602, 1919, 2267, 2563, 2721, 2707, 2521, 2209, 1857, 1472, 
1363, 1438, 1674, 2009, 2355, 2620, 2737, 2674, 2451, 2119, 
1772, 1496, 1367, 1420, 1639, 2100, 2435, 2667, 2739, 2628, 
2370, 2026, 1692, 1446, 1363, 1462, 1715, 2058, 2398, 2646, 
2739, 2577, 2287, 1936, 1615, 1408, 1371, 1515, 1799, 2147, 
2473, 2686, 2732, 2603, 2331, 1980, 1651, 1380, 1392, 1577, 
1885, 2241, 2540, 2716, 2716, 2544, 2241, 1888, 1580, 1392, 
1380, 1545, 1844, 2323, 2602, 2734, 2685, 2476, 2151, 1802, 
1516, 1371, 1407, 1613, 1933, 2285, 2574, 2727, 2703, 2400, 
2060, 1720, 1464, 1363, 1447, 1688, 2024, 2369, 2627, 2739, 
2667, 2436, 2102, 1758, 1487, 1367, 1494, 1769, 2115, 2447, 
2672, 2739, 2622, 2358, 2010, 1679, 1439, 1363, 1470, 1732, 
2072, 2518, 2707, 2726, 2565, 2272, 1921, 1604, 1403, 1374, 
1524, 1811, 2164, 2486, 2691, 2733, 2593, 2183, 1833, 1538, 
1377, 1397, 1589, 1902, 2253, 2552, 2719, 2715, 2535, 2227, 
1875, 1567, 1391, 1430, 1661, 1991, 2340, 2611, 2736, 2683, 
2464, 2136, 1788, 1506, 1370, 1412, 1625, 1948, 2300, 2657, 
2739, 2639, 2387, 2044, 1705, 1459, 1363, 1453, 1702, 2036, 
2383, 2635, 2739, 2660, 2424, 1953, 1630, 1415, 1368, 1504, 
1783, 2132, 2456, 2677, 2737, 2614, 2343, 1997, 1664, 1432, 
1365, 1564, 1870, 2223, 2530, 2712, 2719, 2556, 2256, 1905, 
1592, 1398, 1376, 1534, 1830, 2179, 2499, 2732, 2693, 2489, 
2169, 1817, 1527, 1374, 1403, 1601, 1916, 2267, 2563, 2720, 
2706, 2521, 2211, 1735, 1472, 1368, 1436, 1674, 2007, 2354, 
2617, 2736, 2673, 2451, 2119, 1774, 1497, 1367, 1420, 1754, 
2099, 2433, 2665, 2739, 2631, 2373, 2028, 1692, 1448, 1363, 
1462, 1716, 2056, 2396, 2644, 2727, 2577, 2289, 1939, 1616, 
1407, 1371, 1514, 1798, 2147, 2473, 2685, 2732, 2604, 2331, 
1980, 1549, 1381, 1392, 1575, 1884, 2238, 2540, 2715, 2716, 
2544, 2243, 1888, 1579, 1392, 1379, 1544, 1976, 2325, 2599, 
2732, 2688, 2478, 2152, 1803, 1516, 1371, 1407, 1612, 1932, 
2284, 2574, 2727, 2648, 2402, 2063, 1721, 1465, 1363, 1444, 
1688, 2023, 2367, 2627, 2739, 2668, 2438, 2105, 1759, 1422, 
1366, 1493, 1768, 2113, 2443, 2674, 2736, 2623, 2360, 2012, 
1679, 1439, 1363, 1469, 1729, 2205, 2516, 2707, 2724, 2567, 
2275, 1922, 1604, 1404, 1374, 1523, 1812, 2163, 2486, 2692, 
2732, 2503, 2186, 1835, 1539, 1379, 1396, 1590, 1900, 2252, 
2552, 2719, 2712, 2535, 2227, 1874, 1569, 1365, 1429, 1660, 
1991, 2339, 2609, 2736, 2683, 2464, 2136, 1789, 1507, 1371, 
1412, 1626, 1948, 2419, 2659, 2739, 2639, 2387, 2044, 1707, 
1457, 1363, 1451, 1700, 2038, 2382, 2636, 2739, 2662, 2303, 
1955, 1630, 1416, 1369, 1503, 1782, 2129, 2459, 2678, 2736, 
2616, 2344, 1998, 1666, 1432, 1387, 1563, 1868, 2221, 2528, 
2711, 2720, 2557, 2259, 1907, 1593, 1399, 1377, 1532, 1829, 
2177, 2591, 2731, 2694, 2491, 2170, 1820, 1528, 1375, 1400, 
1601, 1916, 2269, 2559, 2722, 2708, 2523, 2078, 1736, 1474, 
1363, 1436, 1673, 2006, 2353, 2617, 2736, 2673, 2452, 2120, 
2735, 2630, 2375, 1899, 1588, 1394, 1376, 1536, 1831, 2180, 
2499, 2696, 2724, 2579, 2292, 1941, 1620, 1410, 1368, 1602, 
1918, 2270, 2563, 2720, 2704, 2516, 2206, 1854, 1552, 1382, 
1390, 1569, 1877, 2227, 2534, 2735, 2671, 2446, 2115, 1768, 
1494, 1366, 1418, 1639, 1967, 2316, 2595, 2729, 2687, 2481, 
2158, 1687, 1445, 1362, 1462, 1714, 2057, 2399, 2644, 2736, 
2649, 2406, 2067, 1726, 1469, 1362, 1439, 1800, 2150, 2475, 
2686, 2732, 2601, 2323, 1976, 1648, 1423, 1364, 1489, 1763, 
2108, 2440, 2669, 2715, 2540, 2238, 1884, 1576, 1392, 1380, 
1546, 1847, 2198, 2512, 2703, 2726, 2571, 2279, 1927, 1512, 
1371, 1408, 1615, 1933, 2286, 2574, 2726, 2700, 2504, 2191, 
1839, 1542, 1379, 1389, 1583, 2026, 2374, 2627, 2737, 2664, 
2435, 2099, 1755, 1485, 1364, 1426, 1653, 1983, 2332, 2605, 
2735, 2620, 2355, 2008, 1676, 1435, 1362, 1471, 1731, 2073, 
2413, 2654, 2737, 2641, 2393, 2051, 1712, 1401, 1374, 1526, 
1816, 2167, 2487, 2691, 2732, 2591, 2311, 1959, 1636, 1418, 
1367, 1499, 1775, 2255, 2553, 2719, 2711, 2529, 2224, 1872, 
1565, 1387, 1384, 1559, 1862, 2214, 2523, 2708, 2720, 2460, 
2132, 1786, 1504, 1368, 1414, 1625, 1951, 2301, 2586, 2729, 
2694, 2496, 2176, 1825, 1532, 1363, 1454, 1703, 2041, 2384, 
2636, 2738, 2659, 2421, 2086, 1743, 1478, 1363, 1433, 1665, 
1999, 2461, 2680, 2735, 2612, 2340, 1995, 1662, 1433, 1364, 
1480, 1747, 2091, 2427, 2663, 2739, 2635, 2255, 1903, 1591, 
1397, 1378, 1536, 1831, 2182, 2499, 2699, 2727, 2580, 2298, 
1944, 1622, 1412, 1402, 1601, 1919, 2271, 2563, 2723, 2707, 
2520, 2209, 1857, 1554, 1384, 1388, 1569, 1876, 2229, 2620, 
2736, 2673, 2448, 2116, 1771, 1496, 1368, 1420, 1639, 1966, 
2317, 2595, 2732, 2690, 2485, 2023, 1689, 1446, 1362, 1463, 
1718, 2061, 2399, 2646, 2739, 2652, 2408, 2068, 1728, 1468, 
1363, 1514, 1800, 2150, 2475, 2686, 2732, 2604, 2327, 1977, 
1648, 1424, 1363, 1491, 1761, 2107, 2439, 2716, 2716, 2544, 
2240, 1889, 1579, 1391, 1380, 1547, 1847, 2198, 2511, 2703, 
2726, 2572, 2281, 1799, 1516, 1370, 1408, 1615, 1933, 2286, 
2576, 2727, 2703, 2507, 2193, 1841, 1543, 1379, 1394, 1688, 
2025, 2370, 2628, 2737, 2667, 2436, 2102, 1756, 1487, 1366, 
1427, 1654, 1982, 2332, 2605, 2737, 2621, 2356, 2011, 1677, 
1439, 1363, 1470, 1732, 2075, 2412, 2654, 2738, 2643, 2396, 
2054, 1603, 1401, 1373, 1526, 1815, 2166, 2486, 2691, 2732, 
2591, 2313, 1963, 1636, 1417, 1367, 1498, 1902, 2255, 2553, 
2720, 2712, 2534, 2225, 1872, 1567, 1387, 1384, 1558, 1862, 
2214, 2523, 2708, 2681, 2463, 2135, 1785, 1505, 1371, 1414, 
1627, 1951, 2302, 2585, 2729, 2699, 2496, 2178, 1827, 1454, 
1361, 1454, 1703, 2041, 2383, 2636, 2739, 2660, 2423, 2084, 
1743, 1478, 1364, 1432, 1667, 2132, 2460, 2680, 2736, 2613, 
2343, 1995, 1663, 1432, 1366, 1480, 1745, 2088, 2427, 2659, 
2740, 2558, 2255, 1904, 1592, 1396, 1376, 1536, 1830, 2180, 
2499, 2696, 2728, 2584, 2298, 1947, 1624, 1374, 1403, 1602, 
1917, 2270, 2563, 2723, 2707, 2520, 2211, 1857, 1556, 1384, 
1388, 1569, 1875, 2355, 2619, 2736, 2672, 2448, 2118, 1772, 
1496, 1366, 1419, 1639, 1966, 2316, 2596, 2732, 2691, 2371, 
2027, 1691, 1447, 1364, 1461, 1716, 2057, 2398, 2646, 2737, 
2652, 2408, 2070, 1728, 1468, 1371, 1514, 1799, 2148, 2476, 
2687, 2732, 2603, 2328, 1979, 1651, 1423, 1366, 1488, 1761, 
2105, 2542, 2716, 2716, 2544, 2243, 1888, 1579, 1392, 1379, 
1546, 1843, 2196, 2511, 2703, 2725, 2574, 2152, 1801, 1516, 
1371, 1408, 1615, 1932, 2286, 2576, 2727, 2704, 2508, 2194, 
1843, 1545, 1379, 1444, 1688, 2025, 2368, 2627, 2739, 2668, 
2438, 2104, 1757, 1486, 1365, 1425, 1652, 1981, 2330, 2672, 
2737, 2622, 2358, 1996, 1651, 1416, 1378, 1592, 1917, 2269, 
2567, 2724, 2704, 2510, 2174, 1700, 1452, 1363, 1456, 1706, 
2044, 2389, 2640, 2738, 2659, 2419, 2081, 1739, 1475, 1363, 
1435, 1789, 2137, 2464, 2680, 2734, 2611, 2339, 1991, 1660, 
1430, 1366, 1482, 1750, 2095, 2428, 2663, 2719, 2552, 2252, 
1900, 1587, 1395, 1377, 1539, 1833, 2185, 2503, 2696, 2728, 
2581, 2293, 1944, 1523, 1372, 1404, 1604, 1922, 2274, 2567, 
2723, 2705, 2518, 2206, 1854, 1553, 1383, 1387, 1574, 2014, 
2358, 2622, 2737, 2673, 2447, 2115, 1768, 1494, 1366, 1422, 
1643, 1969, 2320, 2598, 2732, 2629, 2367, 2022, 1688, 1445, 
1363, 1464, 1720, 2060, 2403, 2647, 2739, 2651, 2404, 2065, 
1725, 1408, 1372, 1517, 1804, 2153, 2476, 2687, 2734, 2601, 
2323, 1975, 1648, 1423, 1365, 1490, 1763, 2243, 2544, 2716, 
2715, 2540, 2238, 1886, 1576, 1390, 1382, 1548, 1848, 2200, 
2513, 2705, 2726, 2472, 2147, 1799, 1513, 1371, 1408, 1617, 
1936, 2288, 2577, 2727, 2700, 2504, 2190, 1839, 1543, 1362, 
1447, 1692, 2029, 2371, 2631, 2739, 2667, 2433, 2100, 1754, 
1484, 1366, 1428, 1656, 1986, 2451, 2675, 2736, 2619, 2354, 
2007, 1674, 1438, 1363, 1472, 1736, 2075, 2416, 2656, 2739, 
2641, 2270, 1916, 1601, 1403, 1374, 1528, 1819, 2168, 2489, 
2694, 2732, 2590, 2310, 1959, 1634, 1417, 1398, 1592, 1905, 
2257, 2555, 2720, 2711, 2529, 2223, 1871, 1563, 1387, 1385, 
1560, 1866, 2215, 2611, 2735, 2680, 2462, 2131, 1784, 1503, 
1369, 1415, 1628, 1954, 2304, 2587, 2731, 2696, 2495, 2040, 
1703, 1454, 1364, 1457, 1707, 2044, 2387, 2636, 2740, 2658, 
2422, 2083, 1741, 1476, 1364, 1507, 1788, 2134, 2464, 2682, 
2734, 2611, 2339, 1992, 1660, 1430, 1364, 1487, 1748, 2092, 
2429, 2711, 2719, 2552, 2254, 1901, 1589, 1396, 1378, 1539, 
1834, 2184, 2502, 2700, 2727, 2580, 2297, 1814, 1523, 1373, 
1404, 1604, 1920, 2273, 2566, 2721, 2705, 2518, 2207, 1855, 
1552, 1383, 1390, 1676, 2011, 2360, 2620, 2737, 2672, 2448, 
2115, 1769, 1496, 1367, 1421, 1643, 1967, 2319, 2596, 2737, 
2628, 2368, 2024, 1688, 1446, 1363, 1464, 1718, 2063, 2401, 
2648, 2739, 2652, 2408, 2066, 1614, 1407, 1372, 1516, 1801, 
2151, 2475, 2687, 2734, 2600, 2323, 1976, 1648, 1423, 1363, 
1488, 1890, 2239, 2543, 2716, 2715, 2543, 2238, 1886, 1577, 
1391, 1381, 1548, 1847, 2200, 2512, 2704, 2686, 2473, 2149, 
1800, 1518, 1371, 1408, 1615, 1936, 2286, 2576, 2727, 2702, 
2505, 2191, 1840, 1463, 1363, 1447, 1691, 2028, 2371, 2628, 
2738, 2664, 2433, 2100, 1753, 1486, 1364, 1428, 1655, 2119, 
2449, 2673, 2736, 2619, 2354, 2009, 1676, 1439, 1363, 1472, 
1732, 2076, 2412, 2654, 2737, 2564, 2269, 1918, 1602, 1401, 
1375, 1526, 1816, 2167, 2489, 2691, 2731, 2592, 2311, 1960, 
1636, 1377, 1401, 1588, 1905, 2256, 2553, 2719, 2711, 2530, 
2224, 1871, 1567, 1387, 1387, 1558, 1863, 2342, 2612, 2734, 
2680, 2460, 2131, 1785, 1504, 1368, 1415, 1627, 1953, 2303, 
2588, 2728, 2697, 2384, 2040, 1703, 1454, 1363, 1454, 1703, 
2045, 2384, 2637, 2736, 2659, 2422, 2084, 1741, 1478, 1369, 
1505, 1787, 2134, 2463, 2680, 2735, 2612, 2340, 1992, 1663, 
1431, 1363, 1481, 1748, 2092, 2531, 2711, 2719, 2554, 2255, 
1901, 1590, 1398, 1376, 1536, 1831, 2182, 2499, 2698, 2727, 
2581, 2165, 1816, 1524, 1373, 1402, 1603, 1920, 2272, 2566, 
2723, 2707, 2518, 2207, 1857, 1554, 1382, 1438, 1676, 2009, 
2358, 2620, 2737, 2673, 2450, 2117, 1769, 1495, 1365, 1422, 
1641, 1968, 2318, 2667, 2737, 2629, 2371, 2024, 1690, 1446, 
1362, 1462, 1718, 2059, 2400, 2648, 2739, 2652, 2407, 1933, 
1615, 1407, 1372, 1516, 1801, 2151, 2476, 2687, 2732, 2603, 
2327, 1977, 1651, 1425, 1365, 1579, 1888, 2240, 2543, 2716, 
2718, 2544, 2239, 1886, 1579, 1392, 1379, 1548, 1846, 2198, 
2511, 2733, 2686, 2474, 2150, 2724, 2699, 2505, 2190, 1839, 
1542, 1377, 1391, 1582, 1892, 2243, 2545, 2736, 2663, 2435, 
2100, 1754, 1485, 1362, 1426, 1652, 1982, 2329, 2604, 2732, 
2683, 2468, 2144, 1672, 1438, 1362, 1470, 1731, 2073, 2412, 
2652, 2737, 2639, 2394, 2052, 1712, 1459, 1362, 1447, 1814, 
2164, 2488, 2689, 2731, 2591, 2311, 1959, 1636, 1417, 1365, 
1497, 1775, 2121, 2451, 2674, 2710, 2531, 2224, 1871, 1566, 
1386, 1384, 1556, 1861, 2212, 2521, 2708, 2722, 2562, 2264, 
1913, 1503, 1368, 1411, 1626, 1950, 2302, 2585, 2727, 2695, 
2496, 2176, 1825, 1532, 1376, 1398, 1593, 2040, 2383, 2636, 
2737, 2659, 2422, 2084, 1742, 1478, 1363, 1432, 1667, 1997, 
2345, 2614, 2733, 2612, 2341, 1993, 1662, 1430, 1366, 1480, 
1747, 2089, 2424, 2660, 2737, 2633, 2379, 2036, 1699, 1397, 
1374, 1536, 1830, 2183, 2497, 2700, 2727, 2584, 2297, 1945, 
1623, 1411, 1369, 1507, 1791, 2270, 2563, 2723, 2712, 2521, 
2209, 1857, 1555, 1384, 1389, 1568, 1877, 2230, 2535, 2712, 
2719, 2448, 2118, 1772, 1496, 1368, 1420, 1639, 1964, 2315, 
2595, 2733, 2691, 2483, 2161, 1813, 1521, 1363, 1462, 1718, 
2057, 2398, 2647, 2738, 2652, 2409, 2069, 1727, 1469, 1365, 
1439, 1681, 2014, 2476, 2684, 2734, 2604, 2328, 1979, 1651, 
1426, 1366, 1488, 1761, 2106, 2440, 2668, 2737, 2627, 2241, 
1889, 1578, 1393, 1380, 1545, 1846, 2196, 2511, 2704, 2727, 
2574, 2281, 1932, 1612, 1407, 1406, 1614, 1934, 2286, 2574, 
2727, 2702, 2508, 2193, 1842, 1543, 1379, 1394, 1583, 1892, 
2243, 2627, 2738, 2667, 2438, 2104, 1756, 1487, 1364, 1425, 
1654, 1981, 2330, 2604, 2735, 2683, 2471, 2009, 1677, 1440, 
1363, 1470, 1732, 2072, 2411, 2654, 2737, 2643, 2396, 2054, 
1715, 1461, 1363, 1525, 1814, 2164, 2487, 2692, 2732, 2593, 
2311, 1965, 1639, 1418, 1368, 1498, 1775, 2121, 2451, 2719, 
2712, 2532, 2226, 1872, 1569, 1388, 1383, 1556, 1859, 2212, 
2521, 2710, 2723, 2563, 2267, 1789, 1505, 1368, 1413, 1627, 
1950, 2300, 2585, 2728, 2696, 2497, 2179, 1828, 1533, 1376, 
1398, 1702, 2041, 2383, 2636, 2739, 2659, 2424, 2087, 1743, 
1479, 1363, 1432, 1665, 1998, 2345, 2615, 2736, 2615, 2344, 
1996, 1664, 1432, 1365, 1479, 1745, 2089, 2425, 2661, 2739, 
2636, 2380, 2039, 1593, 1397, 1376, 1536, 1829, 2179, 2497, 
2699, 2728, 2584, 2299, 1947, 1624, 1414, 1370, 1507, 1916, 
2270, 2564, 2723, 2708, 2521, 2211, 1859, 1557, 1383, 1388, 
1569, 1875, 2228, 2534, 2712, 2673, 2452, 2116, 1774, 1497, 
1367, 1420, 1639, 1964, 2316, 2595, 2732, 2691, 2487, 2162, 
1814, 1447, 1363, 1462, 1715, 2056, 2396, 2644, 2739, 2652, 
2411, 2071, 1729, 1471, 1364, 1442, 1679, 2148, 2475, 2687, 
2735, 2604, 2329, 1980, 1652, 1427, 1366, 1488, 1760, 2105, 
2438, 2668, 2738, 2545, 2243, 1891, 1580, 1396, 1380, 1546, 
1844, 2195, 2510, 2703, 2727, 2575, 2284, 1932, 1612, 1371, 
1407, 1613, 1932, 2284, 2572, 2726, 2702, 2509, 2198, 1843, 
1545, 1380, 1395, 1580, 1890, 2367, 2628, 2737, 2668, 2438, 
2104, 1759, 1489, 1367, 1425, 1653, 1980, 2330, 2604, 2736, 
2686, 2359, 2013, 1680, 1440, 1363, 1470, 1731, 2071, 2412, 
2654, 2739, 2647, 2396, 2057, 1716, 1462, 1374, 1524, 1815, 
2164, 2486, 2691, 2732, 2595, 2316, 1964, 1640, 1422, 1368, 
1496, 1773, 2120, 2552, 2719, 2712, 2535, 2228, 1875, 1568, 
1390, 1384, 1558, 1859, 2211, 2521, 2708, 2723, 2564, 2138, 
1790, 1507, 1370, 1415, 1625, 1949, 2299, 2584, 2727, 2697, 
2498, 2179, 1827, 1535, 1379, 1452, 1702, 2039, 2381, 2636, 
2739, 2660, 2426, 2087, 1744, 1479, 1363, 1432, 1664, 1996, 
2344, 2680, 2736, 2615, 2344, 1998, 1665, 1434, 1364, 1479, 
1743, 2088, 2424, 2662, 2739, 2637, 2383, 1905, 1596, 1396, 
1377, 1536, 1828, 2179, 2497, 2697, 2729, 2584, 2302, 1949, 
1621, 1404, 1400, 1732, 2083, 2428, 2663, 2738, 2630, 2358, 
2012, 1678, 1440, 1363, 1468, 1728, 2070, 2409, 2652, 2724, 
2566, 2274, 1923, 1603, 1403, 1373, 1524, 1813, 2163, 2486, 
2691, 2732, 2595, 2316, 1966, 1539, 1379, 1396, 1588, 1900, 
2252, 2552, 2719, 2712, 2535, 2228, 1875, 1569, 1388, 1384, 
1557, 1991, 2337, 2611, 2736, 2681, 2463, 2137, 1788, 1504, 
1369, 1413, 1623, 1947, 2299, 2584, 2729, 2640, 2388, 2046, 
1707, 1456, 1363, 1452, 1700, 2039, 2381, 2636, 2740, 2662, 
2428, 2089, 1747, 1416, 1368, 1504, 1783, 2131, 2460, 2678, 
2735, 2616, 2345, 1998, 1663, 1435, 1364, 1478, 1744, 2222, 
2529, 2711, 2721, 2557, 2260, 1908, 1595, 1399, 1377, 1535, 
1827, 2179, 2497, 2697, 2729, 2492, 2171, 1820, 1528, 1375, 
1401, 1600, 1916, 2267, 2561, 2723, 2707, 2523, 2211, 1863, 
1559, 1363, 1436, 1673, 2005, 2352, 2619, 2736, 2675, 2451, 
2121, 1775, 1497, 1368, 1419, 1637, 1964, 2433, 2665, 2739, 
2632, 2374, 2029, 1694, 1449, 1363, 1460, 1714, 2054, 2396, 
2644, 2739, 2652, 2292, 1939, 1619, 1409, 1368, 1515, 1796, 
2147, 2471, 2685, 2735, 2607, 2331, 1983, 1654, 1427, 1391, 
1575, 1884, 2235, 2540, 2715, 2718, 2547, 2244, 1892, 1581, 
1393, 1379, 1544, 1842, 2192, 2601, 2734, 2686, 2479, 2155, 
1804, 1516, 1372, 1406, 1612, 1931, 2282, 2572, 2726, 2703, 
2511, 2062, 1721, 1465, 1364, 1443, 1686, 2023, 2366, 2627, 
2737, 2669, 2439, 2106, 1760, 1488, 1365, 1495, 1766, 2115, 
2443, 2672, 2736, 2623, 2360, 2015, 1679, 1440, 1363, 1468, 
1728, 2069, 2409, 2706, 2723, 2569, 2275, 1924, 1607, 1404, 
1374, 1523, 1811, 2160, 2480, 2691, 2732, 2598, 2315, 1837, 
1539, 1379, 1396, 1587, 1899, 2253, 2551, 2719, 2714, 2535, 
2231, 1878, 1570, 1388, 1384, 1660, 1988, 2337, 2609, 2742, 
2682, 2465, 2139, 1791, 1507, 1369, 1411, 1623, 1945, 2298, 
2582, 2739, 2639, 2389, 2047, 1708, 1457, 1363, 1451, 1699, 
2038, 2380, 2636, 2740, 2662, 2427, 2092, 1630, 1416, 1368, 
1503, 1780, 2128, 2459, 2678, 2736, 2615, 2346, 1999, 1669, 
1433, 1364, 1476, 1867, 2220, 2528, 2711, 2721, 2559, 2260, 
1909, 1595, 1399, 1376, 1534, 1825, 2177, 2496, 2696, 2694, 
2492, 2172, 1823, 1529, 1375, 1401, 1599, 1914, 2267, 2559, 
2722, 2708, 2525, 2214, 1863, 1474, 1364, 1435, 1672, 2005, 
2353, 2617, 2737, 2675, 2456, 2123, 1776, 1500, 1368, 1419, 
1636, 2098, 2432, 2663, 2739, 2631, 2376, 2031, 1693, 1449, 
1363, 1459, 1714, 2052, 2393, 2643, 2739, 2580, 2291, 1940, 
1619, 1408, 1369, 1510, 1795, 2145, 2471, 2684, 2735, 2607, 
2332, 1983, 1654, 1381, 1390, 1575, 1882, 2234, 2540, 2715, 
2718, 2548, 2244, 1895, 1583, 1393, 1379, 1544, 1841, 2321, 
2599, 2734, 2691, 2480, 2157, 1807, 1519, 1372, 1407, 1611, 
1929, 2281, 2571, 2726, 2703, 2407, 2064, 1724, 1465, 1364, 
1443, 1685, 2019, 2366, 2625, 2738, 2668, 2439, 2108, 1760, 
1490, 1368, 1495, 1765, 2113, 2444, 2672, 2737, 2624, 2361, 
2015, 1683, 1441, 1360, 1468, 1727, 2067, 2515, 2707, 2726, 
2568, 2277, 1927, 1608, 1404, 1373, 1523, 1811, 2160, 2483, 
2689, 2732, 2596, 2187, 1838, 1540, 1379, 1396, 1587, 1900, 
2248, 2550, 2717, 2715, 2535, 2227, 1880, 1569, 1389, 1428, 
1659, 1988, 2335, 2608, 2735, 2684, 2465, 2141, 1792, 1509, 
1370, 1413, 1624, 1943, 2296, 2656, 2741, 2640, 2392, 2048, 
1710, 1459, 1365, 1450, 1699, 2037, 2379, 2633, 2739, 2663, 
2428, 1959, 1633, 1416, 1369, 1501, 1779, 2127, 2457, 2678, 
2736, 2616, 2347, 2000, 1667, 1435, 1363, 1562, 1868, 2217, 
2528, 2711, 2720, 2561, 2260, 1909, 1597, 1399, 1376, 1534, 
1825, 2175, 2496, 2732, 2695, 2494, 2175, 1822, 1529, 1376, 
1400, 1598, 1913, 2264, 2559, 2723, 2708, 2524, 2215, 1736, 
1475, 1363, 1435, 1671, 2004, 2350, 2617, 2735, 2675, 2456, 
2126, 2734, 2631, 2379, 2035, 1591, 1396, 1376, 1532, 1827, 
2179, 2495, 2694, 2728, 2580, 2296, 1945, 1624, 1410, 1369, 
1508, 1917, 2267, 2559, 2719, 2705, 2518, 2208, 1855, 1555, 
1383, 1387, 1568, 1873, 2228, 2531, 2711, 2670, 2448, 2118, 
1771, 1496, 1366, 1420, 1638, 1964, 2312, 2593, 2729, 2689, 
2483, 2160, 1810, 1446, 1362, 1460, 1715, 2055, 2396, 2644, 
2737, 2648, 2407, 2070, 1727, 1469, 1361, 1440, 1679, 2147, 
2472, 2684, 2733, 2604, 2327, 1975, 1649, 1423, 1366, 1487, 
1759, 2104, 2437, 2667, 2737, 2542, 2240, 1887, 1577, 1392, 
1379, 1545, 1843, 2195, 2508, 2702, 2723, 2573, 2282, 1932, 
1612, 1372, 1406, 1612, 1931, 2287, 2572, 2727, 2700, 2509, 
2193, 1843, 1545, 1379, 1393, 1580, 1889, 2368, 2626, 2736, 
2667, 2436, 2103, 1758, 1487, 1365, 1426, 1652, 1980, 2328, 
2604, 2734, 2681, 2355, 2009, 1676, 1438, 1363, 1470, 1729, 
2072, 2411, 2653, 2737, 2643, 2396, 2055, 1715, 1460, 1371, 
1524, 1812, 2163, 2484, 2691, 2730, 2593, 2313, 1964, 1636, 
1419, 1366, 1498, 1774, 2120, 2551, 2717, 2713, 2534, 2228, 
1874, 1568, 1388, 1383, 1555, 1860, 2211, 2521, 2708, 2722, 
2563, 2137, 1788, 1506, 1368, 1415, 1624, 1948, 2299, 2583, 
2728, 2697, 2497, 2179, 1827, 1534, 1377, 1452, 1700, 2039, 
2382, 2636, 2739, 2658, 2424, 2089, 1745, 1478, 1364, 1432, 
1665, 1996, 2344, 2680, 2736, 2615, 2343, 1996, 1665, 1433, 
1364, 1480, 1743, 2088, 2425, 2662, 2737, 2636, 2382, 1907, 
1593, 1398, 1376, 1535, 1827, 2179, 2499, 2696, 2728, 2584, 
2300, 1951, 1625, 1413, 1370, 1600, 1916, 2269, 2561, 2723, 
2707, 2520, 2208, 1859, 1559, 1383, 1391, 1568, 1874, 2227, 
2533, 2736, 2675, 2451, 2120, 1775, 1497, 1367, 1420, 1637, 
1964, 2316, 2594, 2734, 2691, 2484, 2162, 1693, 1448, 1364, 
1461, 1716, 2057, 2396, 2643, 2740, 2654, 2411, 2073, 1731, 
1471, 1364, 1440, 1798, 2143, 2471, 2684, 2735, 2606, 2329, 
1980, 1649, 1427, 1366, 1491, 1757, 2107, 2438, 2668, 2718, 
2546, 2244, 1891, 1579, 1392, 1380, 1546, 1843, 2195, 2510, 
2703, 2727, 2575, 2284, 1933, 1516, 1372, 1407, 1612, 1932, 
2284, 2572, 2727, 2702, 2510, 2195, 1844, 1545, 1382, 1393, 
1580, 2025, 2367, 2627, 2739, 2667, 2438, 2105, 1759, 1490, 
1366, 1424, 1651, 1980, 2329, 2603, 2735, 2623, 2360, 2013, 
1679, 1439, 1363, 1470, 1729, 2072, 2411, 2654, 2740, 2644, 
2396, 2055, 1715, 1404, 1374, 1521, 1811, 2163, 2483, 2691, 
2731, 2595, 2313, 1964, 1638, 1420, 1367, 1498, 1772, 2252, 
2551, 2719, 2712, 2535, 2230, 1876, 1569, 1388, 1383, 1555, 
1857, 2211, 2520, 2707, 2723, 2466, 2137, 1790, 1507, 1376, 
1412, 1624, 1948, 2297, 2584, 2728, 2697, 2499, 2180, 1830, 
1535, 1363, 1452, 1700, 2037, 2380, 2635, 2739, 2662, 2428, 
2091, 1745, 1479, 1364, 1432, 1664, 1996, 2459, 2678, 2736, 
2614, 2345, 1998, 1665, 1432, 1363, 1479, 1743, 2087, 2424, 
2660, 2739, 2638, 2259, 1910, 1594, 1399, 1376, 1534, 1827, 
2176, 2497, 2696, 2729, 2585, 2300, 1950, 1626, 1415, 1403, 
1599, 1915, 2267, 2560, 2724, 2708, 2523, 2212, 1860, 1558, 
1384, 1385, 1567, 1871, 2224, 2616, 2738, 2675, 2451, 2120, 
1774, 1497, 1369, 1417, 1638, 1963, 2312, 2593, 2732, 2691, 
2486, 2030, 1693, 1447, 1363, 1459, 1713, 2054, 2395, 2644, 
2739, 2652, 2414, 2073, 1731, 1471, 1362, 1515, 1798, 2145, 
2471, 2684, 2732, 2607, 2329, 1982, 1652, 1426, 1366, 1487, 
1758, 2103, 2436, 2715, 2716, 2545, 2243, 1891, 1581, 1392, 
1379, 1545, 1840, 2194, 2507, 2701, 2727, 2576, 2286, 1807, 
1519, 1373, 1405, 1611, 1929, 2283, 2571, 2724, 2707, 2513, 
2198, 1846, 1546, 1381, 1393, 1687, 2022, 2368, 2625, 2737, 
2670, 2439, 2107, 1760, 1488, 1366, 1425, 1649, 1978, 2328, 
2601, 2737, 2623, 2360, 1995, 1627, 1402, 1381, 1603, 1931, 
2282, 2575, 2727, 2703, 2500, 2160, 1810, 1446, 1362, 1463, 
1718, 2059, 2400, 2648, 2739, 2652, 2408, 2069, 1728, 1468, 
1363, 1442, 1685, 2149, 2475, 2688, 2732, 2603, 2326, 1977, 
1649, 1424, 1366, 1490, 1762, 2108, 2440, 2671, 2737, 2542, 
2239, 1886, 1578, 1392, 1381, 1548, 1848, 2198, 2512, 2705, 
2730, 2574, 2281, 1929, 1611, 1371, 1408, 1615, 1935, 2287, 
2575, 2727, 2702, 2507, 2192, 1841, 1545, 1380, 1393, 1582, 
1889, 2371, 2630, 2739, 2667, 2435, 2101, 1756, 1487, 1365, 
1428, 1655, 1983, 2332, 2606, 2734, 2684, 2356, 2009, 1676, 
1438, 1363, 1471, 1732, 2079, 2414, 2654, 2736, 2643, 2395, 
2052, 1713, 1461, 1372, 1526, 1816, 2166, 2487, 2692, 2732, 
2591, 2311, 1963, 1635, 1417, 1368, 1498, 1776, 2121, 2553, 
2719, 2713, 2531, 2225, 1870, 1566, 1388, 1384, 1558, 1862, 
2214, 2524, 2708, 2722, 2563, 2133, 1787, 1504, 1369, 1414, 
1627, 1952, 2302, 2585, 2729, 2700, 2496, 2177, 1826, 1532, 
1376, 1454, 1703, 2043, 2383, 2636, 2737, 2659, 2423, 2086, 
1742, 1478, 1364, 1433, 1668, 1999, 2344, 2680, 2735, 2616, 
2342, 1995, 1663, 1432, 1364, 1480, 1746, 2091, 2427, 2662, 
2737, 2634, 2380, 1905, 1591, 1398, 1376, 1536, 1830, 2183, 
2500, 2696, 2729, 2584, 2297, 1947, 1624, 1415, 1369, 1605, 
1919, 2271, 2563, 2724, 2705, 2521, 2209, 1856, 1555, 1383, 
1388, 1569, 1877, 2230, 2536, 2736, 2673, 2449, 2117, 1772, 
1496, 1366, 1421, 1639, 1967, 2317, 2595, 2732, 2691, 2483, 
2163, 1691, 1447, 1363, 1463, 1717, 2058, 2399, 2647, 2739, 
2653, 2407, 2068, 1729, 1469, 1362, 1441, 1799, 2148, 2476, 
2687, 2734, 2604, 2326, 1980, 1651, 1425, 1362, 1487, 1759, 
2107, 2440, 2670, 2718, 2544, 2241, 1888, 1579, 1392, 1380, 
1546, 1848, 2196, 2511, 2704, 2727, 2572, 2283, 1931, 1516, 
1369, 1409, 1615, 1935, 2288, 2576, 2724, 2703, 2507, 2195, 
1840, 1545, 1380, 1393, 1581, 2023, 2368, 2628, 2737, 2668, 
2435, 2103, 1756, 1487, 1364, 1426, 1652, 1982, 2330, 2606, 
2734, 2623, 2360, 2009, 1676, 1439, 1363, 1470, 1731, 2073, 
2414, 2654, 2739, 2644, 2396, 2054, 1716, 1403, 1375, 1526, 
1815, 2165, 2487, 2691, 2732, 2593, 2313, 1964, 1638, 1419, 
1368, 1497, 1775, 2255, 2551, 2719, 2714, 2532, 2227, 1872, 
1567, 1388, 1383, 1556, 1859, 2214, 2519, 2708, 2721, 2462, 
2136, 1788, 1505, 1368, 1414, 1625, 1950, 2300, 2584, 2729, 
2697, 2497, 2178, 1828, 1534, 1363, 1452, 1703, 2040, 2384, 
2638, 2738, 2660, 2423, 2087, 1743, 1478, 1366, 1434, 1667, 
1996, 2460, 2685, 2739, 2614, 2343, 1995, 1664, 1432, 1365, 
1479, 1745, 2089, 2425, 2662, 2737, 2636, 2256, 1906, 1592, 
1398, 1376, 1535, 1830, 2180, 2497, 2696, 2727, 2584, 2300, 
1947, 1625, 1411, 1402, 1601, 1917, 2269, 2560, 2723, 2707, 
2520, 2211, 1858, 1559, 1384, 1390, 1572, 1875, 2230, 2623, 
2736, 2675, 2449, 2119, 1773, 1496, 1367, 1420, 1638, 1964, 
2313, 2595, 2731, 2690, 2485, 2027, 1692, 1446, 1365, 1462, 
1717, 2056, 2396, 2646, 2738, 2654, 2408, 2070, 1727, 1470, 
1363, 1515, 1799, 2148, 2473, 2686, 2735, 2604, 2328, 1980, 
1652, 1426, 1366, 1484, 1760, 2107, 2439, 2715, 2719, 2544, 
2241, 1889, 1580, 1391, 1379, 1543, 1845, 2193, 2514, 2700, 
2726, 2574, 2284, 1803, 1516, 1370, 1408, 1612, 1932, 2285, 
2574, 2726, 2702, 2508, 2195, 1843, 1546, 1380, 1393, 1688, 
2024, 2368, 2628, 2737, 2668, 2438, 2104, 1758, 1487, 1365, 
1427, 1651, 1981, 2329, 2603, 2736, 2623, 2358, 2012, 1678, 
1439, 1363, 1469, 1730, 2072, 2411, 2655, 2739, 2644, 2397, 
2055, 1604, 1403, 1374, 1526, 1814, 2163, 2487, 2689, 2734, 
2593, 2313, 1964, 1639, 1420, 1367, 1497, 1901, 2254, 2551, 
2719, 2712, 2534, 2227, 1875, 1569, 1387, 1385, 1557, 1859, 
2211, 2521, 2710, 2681, 2463, 2136, 2735, 2639, 2390, 2047, 
1709, 1456, 1363, 1448, 1695, 2031, 2372, 2631, 2736, 2588, 
2305, 1956, 1632, 1416, 1366, 1500, 1775, 2122, 2451, 2676, 
2734, 2616, 2347, 2000, 1667, 1387, 1383, 1559, 1862, 2214, 
2524, 2708, 2719, 2558, 2262, 1910, 1595, 1399, 1375, 1531, 
1823, 2300, 2585, 2728, 2693, 2495, 2175, 1822, 1534, 1373, 
1400, 1593, 1909, 2261, 2556, 2720, 2708, 2419, 2081, 1738, 
1475, 1363, 1434, 1668, 1999, 2347, 2615, 2735, 2676, 2455, 
2124, 1777, 1499, 1363, 1483, 1747, 2096, 2427, 2663, 2736, 
2632, 2375, 2032, 1696, 1451, 1361, 1456, 1710, 2049, 2500, 
2697, 2727, 2580, 2295, 1942, 1620, 1411, 1370, 1510, 1792, 
2140, 2467, 2681, 2735, 2607, 2208, 1854, 1552, 1379, 1390, 
1571, 1878, 2231, 2536, 2713, 2717, 2547, 2248, 1896, 1584, 
1393, 1420, 1643, 1968, 2316, 2595, 2732, 2689, 2480, 2157, 
1809, 1520, 1373, 1405, 1609, 1925, 2278, 2648, 2739, 2652, 
2406, 2065, 1726, 1468, 1363, 1441, 1681, 2016, 2361, 2622, 
2738, 2670, 2442, 1976, 1648, 1424, 1366, 1490, 1761, 2108, 
2443, 2670, 2740, 2625, 2365, 2017, 1683, 1443, 1363, 1550, 
1847, 2196, 2512, 2704, 2726, 2570, 2279, 1928, 1609, 1404, 
1374, 1519, 1805, 2155, 2480, 2726, 2700, 2507, 2191, 1840, 
1543, 1379, 1391, 1583, 1893, 2247, 2549, 2714, 2713, 2537, 
2232, 1754, 1485, 1365, 1427, 1656, 1985, 2333, 2604, 2735, 
2684, 2469, 2143, 1794, 1511, 1371, 1412, 1731, 2076, 2414, 
2655, 2739, 2644, 2392, 2051, 1709, 1459, 1361, 1450, 1695, 
2033, 2377, 2633, 2731, 2592, 2311, 1960, 1634, 1418, 1368, 
1499, 1776, 2124, 2454, 2676, 2736, 2617, 2350, 2003, 1564, 
1388, 1384, 1558, 1864, 2215, 2527, 2708, 2723, 2559, 2268, 
1913, 1597, 1399, 1376, 1531, 1951, 2302, 2587, 2731, 2696, 
2496, 2176, 1824, 1532, 1376, 1399, 1596, 1910, 2261, 2556, 
2721, 2657, 2419, 2083, 1739, 1478, 1364, 1433, 1665, 1999, 
2347, 2615, 2735, 2677, 2456, 2127, 1779, 1430, 1364, 1480, 
1747, 2092, 2428, 2662, 2739, 2633, 2380, 2035, 1699, 1452, 
1363, 1458, 1711, 2183, 2502, 2695, 2729, 2582, 2296, 1944, 
1620, 1411, 1369, 1511, 1792, 2140, 2466, 2683, 2735, 2519, 
2207, 1855, 1556, 1383, 1389, 1570, 1877, 2231, 2536, 2713, 
2718, 2550, 2251, 1899, 1583, 1362, 1423, 1639, 1966, 2318, 
2598, 2732, 2691, 2483, 2160, 1810, 1520, 1373, 1404, 1607, 
1927, 2400, 2646, 2739, 2652, 2408, 2069, 1729, 1468, 1363, 
1441, 1683, 2017, 2362, 2625, 2737, 2671, 2326, 1980, 1649, 
1425, 1366, 1490, 1763, 2105, 2441, 2670, 2739, 2627, 2367, 
2020, 1689, 1444, 1382, 1549, 1848, 2196, 2513, 2704, 2727, 
2573, 2281, 1932, 1611, 1406, 1372, 1519, 1807, 2152, 2575, 
2727, 2707, 2508, 2191, 1843, 1544, 1380, 1393, 1582, 1892, 
2245, 2547, 2719, 2715, 2540, 2103, 1755, 1487, 1365, 1425, 
1656, 1984, 2328, 2602, 2735, 2686, 2471, 2144, 1795, 1511, 
1371, 1471, 1733, 2075, 2414, 2655, 2739, 2644, 2393, 2053, 
1713, 1460, 1363, 1446, 1695, 2031, 2375, 2692, 2731, 2591, 
2312, 1960, 1635, 1419, 1367, 1498, 1777, 2119, 2454, 2675, 
2737, 2620, 2352, 1872, 1568, 1387, 1385, 1559, 1862, 2214, 
2524, 2708, 2723, 2563, 2265, 1915, 1599, 1401, 1375, 1627, 
1951, 2300, 2584, 2727, 2695, 2496, 2175, 1824, 1533, 1376, 
1399, 1593, 1907, 2259, 2555, 2737, 2659, 2423, 2084, 1742, 
1478, 1364, 1432, 1668, 1999, 2348, 2615, 2735, 2678, 2458, 
2128, 1663, 1430, 1365, 1480, 1747, 2091, 2427, 2662, 2738, 
2635, 2380, 2036, 1701, 1453, 1364, 1457, 1832, 2183, 2499, 
2697, 2727, 2583, 2297, 1946, 1623, 1412, 1371, 1508, 1791, 
2139, 2466, 2683, 2707, 2520, 2208, 1849, 1557, 1385, 1387, 
1568, 1877, 2229, 2534, 2713, 2719, 2551, 2251, 1900, 1497, 
1368, 1417, 1640, 1966, 2318, 2595, 2734, 2691, 2484, 2162, 
1787, 1483, 1366, 1490, 1784, 2277, 2567, 2727, 2703, 2507, 
2167, 1816, 1526, 1375, 1403, 1602, 1919, 2270, 2563, 2723, 
2708, 2414, 2076, 1733, 1471, 1364, 1437, 1673, 2008, 2356, 
2619, 2736, 2672, 2451, 2118, 1770, 1495, 1366, 1485, 1755, 
2102, 2435, 2667, 2737, 2628, 2371, 2027, 1692, 1447, 1366, 
1462, 1717, 2057, 2508, 2701, 2726, 2576, 2287, 1936, 1615, 
1408, 1372, 1516, 1799, 2147, 2475, 2684, 2735, 2604, 2198, 
1846, 1549, 1381, 1392, 1576, 1886, 2239, 2542, 2715, 2716, 
2544, 2241, 1888, 1579, 1392, 1424, 1649, 1976, 2325, 2600, 
2734, 2684, 2478, 2150, 1805, 1516, 1371, 1409, 1614, 1934, 
2285, 2651, 2739, 2647, 2401, 2060, 1719, 1459, 1364, 1445, 
1688, 2024, 2369, 2630, 2738, 2668, 2438, 1968, 1641, 1422, 
1366, 1495, 1769, 2115, 2448, 2674, 2738, 2622, 2358, 2011, 
1678, 1439, 1360, 1555, 1856, 2206, 2519, 2707, 2724, 2566, 
2273, 1920, 1604, 1401, 1375, 1526, 1815, 2165, 2487, 2728, 
2697, 2502, 2184, 1831, 1537, 1376, 1398, 1588, 1903, 2254, 
2552, 2719, 2712, 2532, 2227, 1748, 1480, 1364, 1431, 1662, 
1992, 2339, 2611, 2736, 2680, 2462, 2136, 1788, 1506, 1369, 
1412, 1740, 2083, 2422, 2659, 2739, 2640, 2387, 2045, 1705, 
1456, 1364, 1453, 1699, 2041, 2383, 2636, 2730, 2587, 2303, 
1953, 1628, 1415, 1371, 1507, 1785, 2131, 2461, 2680, 2736, 
2616, 2343, 1996, 1562, 1384, 1387, 1564, 1871, 2223, 2531, 
2712, 2722, 2556, 2257, 1905, 1592, 1397, 1376, 1535, 1959, 
2309, 2591, 2732, 2692, 2489, 2167, 1820, 1524, 1374, 1401, 
1601, 1918, 2270, 2561, 2723, 2656, 2416, 2076, 1734, 1471, 
1363, 1437, 1674, 2008, 2355, 2619, 2736, 2673, 2451, 2119, 
1773, 1426, 1365, 1484, 1753, 2099, 2434, 2666, 2739, 2630, 
2369, 2028, 1689, 1447, 1361, 1463, 1718, 2191, 2507, 2701, 
2727, 2577, 2291, 1936, 1616, 1409, 1371, 1514, 1799, 2147, 
2474, 2686, 2734, 2514, 2200, 1849, 1551, 1381, 1392, 1577, 
1886, 2238, 2542, 2713, 2719, 2544, 2244, 1890, 1581, 1366, 
1424, 1647, 1974, 2325, 2601, 2735, 2687, 2476, 2152, 1803, 
1516, 1372, 1408, 1612, 1932, 2407, 2648, 2739, 2648, 2403, 
2061, 1720, 1465, 1363, 1447, 1688, 2023, 2369, 2628, 2737, 
2668, 2319, 1970, 1641, 1420, 1367, 1494, 1770, 2115, 2447, 
2675, 2737, 2623, 2359, 2012, 1679, 1440, 1383, 1552, 1855, 
2205, 2518, 2705, 2726, 2568, 2278, 1923, 1606, 1403, 1375, 
1527, 1815, 2164, 2580, 2729, 2699, 2502, 2185, 1834, 1537, 
1379, 1396, 1588, 1900, 2254, 2552, 2719, 2713, 2535, 2089, 
1749, 1482, 1366, 1430, 1662, 1991, 2339, 2609, 2736, 2682, 
2465, 2137, 1787, 1507, 1370, 1476, 1740, 2081, 2422, 2659, 
2739, 2640, 2387, 2046, 1708, 1456, 1362, 1452, 1701, 2040, 
2381, 2696, 2728, 2590, 2304, 1954, 1631, 1415, 1369, 1503, 
1784, 2131, 2460, 2679, 2736, 2615, 2344, 1866, 1561, 1386, 
1387, 1563, 1868, 2222, 2529, 2709, 2721, 2557, 2259, 1907, 
1592, 1397, 1375, 1632, 1955, 2307, 2591, 2728, 2694, 2491, 
2169, 1820, 1528, 1376, 1402, 1600, 1916, 2268, 2563, 2739, 
2656, 2415, 2079, 1735, 1474, 1362, 1436, 1675, 2007, 2350, 
2621, 2737, 2675, 2452, 2121, 1658, 1426, 1366, 1484, 1755, 
2099, 2434, 2665, 2738, 2631, 2373, 2028, 1695, 1448, 1363, 
1461, 1838, 2189, 2505, 2700, 2727, 2578, 2291, 1939, 1618, 
1410, 1372, 1512, 1800, 2147, 2472, 2686, 2707, 2515, 2202, 
1851, 1551, 1382, 1391, 1575, 1885, 2236, 2541, 2713, 2716, 
2547, 2243, 1891, 1491, 1366, 1423, 1647, 1975, 2322, 2598, 
2733, 2686, 2479, 2153, 1804, 1518, 1373, 1407, 1613, 2065, 
2405, 2648, 2738, 2648, 2403, 2062, 1723, 1465, 1364, 1445, 
1687, 2021, 2367, 2628, 2739, 2599, 2321, 1971, 1644, 1423, 
1365, 1492, 1768, 2111, 2446, 2671, 2737, 2623, 2360, 2015, 
1680, 1390, 1385, 1552, 1854, 2204, 2518, 2707, 2723, 2568, 
2274, 1923, 2728, 2588, 2309, 1959, 1635, 1377, 1396, 1591, 
1903, 2254, 2552, 2718, 2710, 2529, 2221, 1870, 1566, 1386, 
1385, 1558, 1862, 2342, 2609, 2732, 2678, 2459, 2128, 1784, 
1506, 1367, 1416, 1625, 1951, 2303, 2583, 2727, 2693, 2382, 
2040, 1702, 1453, 1363, 1454, 1703, 2040, 2383, 2636, 2736, 
2658, 2420, 2083, 1740, 1476, 1368, 1505, 1786, 2131, 2459, 
2678, 2733, 2609, 2339, 1990, 1660, 1429, 1363, 1479, 1745, 
2092, 2531, 2712, 2719, 2552, 2255, 1902, 1589, 1395, 1376, 
1536, 1831, 2180, 2499, 2697, 2727, 2580, 2164, 1814, 1526, 
1371, 1403, 1602, 1920, 2270, 2561, 2723, 2705, 2520, 2206, 
1855, 1555, 1381, 1437, 1675, 2009, 2355, 2619, 2735, 2672, 
2447, 2116, 1771, 1496, 1367, 1421, 1640, 1967, 2316, 2665, 
2739, 2627, 2371, 2022, 1688, 1446, 1361, 1464, 1716, 2057, 
2399, 2645, 2740, 2652, 2408, 1935, 1615, 1408, 1372, 1515, 
1800, 2150, 2474, 2684, 2734, 2601, 2327, 1977, 1648, 1422, 
1366, 1576, 1884, 2240, 2543, 2716, 2715, 2543, 2240, 1888, 
1579, 1392, 1379, 1548, 1847, 2197, 2511, 2734, 2686, 2472, 
2150, 1801, 1515, 1371, 1408, 1614, 1935, 2284, 2575, 2727, 
2702, 2510, 2192, 1716, 1463, 1366, 1444, 1692, 2025, 2371, 
2629, 2737, 2666, 2435, 2100, 1755, 1486, 1364, 1425, 1769, 
2118, 2447, 2674, 2737, 2622, 2355, 2008, 1676, 1438, 1364, 
1472, 1735, 2074, 2415, 2651, 2721, 2566, 2268, 1920, 1603, 
1401, 1374, 1526, 1816, 2166, 2487, 2691, 2731, 2592, 2312, 
1961, 1536, 1377, 1398, 1590, 1903, 2255, 2552, 2719, 2710, 
2530, 2224, 1871, 1566, 1386, 1383, 1558, 1991, 2340, 2610, 
2734, 2680, 2460, 2134, 1785, 1505, 1369, 1414, 1626, 1951, 
2300, 2587, 2728, 2639, 2384, 2042, 1704, 1454, 1363, 1452, 
1703, 2040, 2384, 2635, 2736, 2660, 2420, 2088, 1741, 1414, 
1369, 1504, 1784, 2134, 2462, 2679, 2735, 2612, 2342, 1994, 
1663, 1431, 1365, 1481, 1747, 2224, 2531, 2712, 2720, 2556, 
2258, 1900, 1592, 1398, 1376, 1538, 1831, 2181, 2499, 2697, 
2731, 2488, 2168, 1816, 1526, 1374, 1402, 1602, 1918, 2271, 
2563, 2723, 2706, 2520, 2208, 1858, 1556, 1363, 1439, 1676, 
2011, 2355, 2620, 2735, 2675, 2447, 2118, 1771, 1497, 1366, 
1420, 1642, 1965, 2435, 2667, 2739, 2632, 2371, 2025, 1689, 
1447, 1363, 1462, 1718, 2058, 2400, 2646, 2739, 2651, 2287, 
1935, 1615, 1409, 1372, 1513, 1799, 2148, 2475, 2687, 2734, 
2602, 2328, 1978, 1651, 1425, 1390, 1578, 1887, 2238, 2540, 
2716, 2714, 2543, 2241, 1888, 1578, 1392, 1380, 1546, 1846, 
2197, 2603, 2732, 2686, 2476, 2151, 1803, 1515, 1370, 1408, 
1614, 1934, 2286, 2575, 2727, 2702, 2508, 2060, 1720, 1464, 
1363, 1445, 1688, 2024, 2370, 2628, 2739, 2670, 2436, 2104, 
1756, 1489, 1365, 1496, 1769, 2116, 2449, 2673, 2736, 2623, 
2356, 2011, 1677, 1440, 1363, 1470, 1731, 2072, 2413, 2707, 
2723, 2567, 2272, 1920, 1603, 1401, 1374, 1521, 1815, 2164, 
2484, 2691, 2734, 2592, 2312, 1832, 1537, 1379, 1395, 1589, 
1902, 2255, 2552, 2719, 2712, 2532, 2225, 1872, 1568, 1388, 
1387, 1663, 1992, 2340, 2611, 2734, 2680, 2464, 2134, 1787, 
1505, 1369, 1411, 1627, 1948, 2300, 2586, 2736, 2636, 2383, 
2044, 1704, 1455, 1363, 1454, 1703, 2040, 2380, 2636, 2737, 
2662, 2424, 2087, 1629, 1415, 1368, 1505, 1785, 2132, 2462, 
2680, 2735, 2612, 2343, 1996, 1665, 1432, 1367, 1480, 1870, 
2224, 2536, 2712, 2720, 2555, 2257, 1906, 1591, 1396, 1376, 
1536, 1830, 2180, 2499, 2696, 2692, 2486, 2168, 1816, 1526, 
1372, 1403, 1600, 1916, 2269, 2562, 2721, 2707, 2522, 2211, 
1857, 1471, 1363, 1437, 1673, 2007, 2354, 2620, 2735, 2674, 
2451, 2119, 1772, 1496, 1367, 1420, 1638, 2100, 2434, 2666, 
2737, 2632, 2371, 2027, 1691, 1447, 1363, 1462, 1715, 2056, 
2398, 2644, 2739, 2576, 2289, 1921, 1592, 1389, 1407, 1689, 
2024, 2372, 2633, 2739, 2661, 2420, 2049, 1710, 1456, 1375, 
1526, 1818, 2168, 2488, 2695, 2729, 2590, 2310, 1959, 1635, 
1417, 1368, 1500, 1778, 2125, 2553, 2719, 2710, 2529, 2222, 
1870, 1563, 1387, 1385, 1560, 1867, 2215, 2527, 2705, 2723, 
2559, 2131, 1783, 1503, 1368, 1416, 1629, 1955, 2303, 2587, 
2728, 2695, 2495, 2174, 1823, 1529, 1374, 1456, 1707, 2044, 
2387, 2639, 2739, 2659, 2421, 2083, 1740, 1476, 1364, 1435, 
1670, 2001, 2350, 2684, 2734, 2611, 2339, 1991, 1658, 1430, 
1365, 1483, 1750, 2094, 2430, 2664, 2739, 2632, 2376, 1899, 
1589, 1396, 1378, 1539, 1836, 2185, 2503, 2700, 2729, 2581, 
2296, 1942, 1620, 1410, 1371, 1604, 1923, 2275, 2563, 2723, 
2707, 2518, 2207, 1853, 1553, 1383, 1390, 1572, 1880, 2232, 
2537, 2737, 2672, 2446, 2114, 1766, 1495, 1365, 1422, 1640, 
1968, 2319, 2596, 2733, 2688, 2481, 2156, 1686, 1445, 1363, 
1463, 1719, 2062, 2399, 2647, 2739, 2651, 2408, 2067, 1725, 
1467, 1364, 1442, 1804, 2153, 2478, 2687, 2735, 2601, 2324, 
1976, 1648, 1423, 1364, 1491, 1763, 2110, 2443, 2668, 2716, 
2542, 2236, 1884, 1578, 1391, 1380, 1549, 1848, 2200, 2513, 
2704, 2726, 2572, 2280, 1929, 1513, 1372, 1409, 1617, 1939, 
2288, 2576, 2727, 2702, 2505, 2191, 1839, 1544, 1379, 1395, 
1584, 2028, 2371, 2632, 2739, 2665, 2435, 2100, 1753, 1486, 
1366, 1427, 1656, 1987, 2332, 2607, 2735, 2620, 2354, 2008, 
1674, 1436, 1363, 1473, 1735, 2076, 2417, 2655, 2740, 2641, 
2392, 2051, 1711, 1401, 1375, 1528, 1819, 2168, 2489, 2692, 
2734, 2591, 2312, 1960, 1636, 1419, 1368, 1499, 1779, 2257, 
2556, 2720, 2711, 2529, 2224, 1871, 1566, 1387, 1386, 1560, 
1864, 2215, 2525, 2710, 2720, 2460, 2131, 1784, 1503, 1368, 
1414, 1628, 1952, 2302, 2587, 2729, 2696, 2494, 2176, 1823, 
1532, 1362, 1455, 1707, 2044, 2386, 2638, 2739, 2659, 2422, 
2084, 1741, 1478, 1363, 1433, 1668, 2001, 2465, 2680, 2736, 
2612, 2342, 1992, 1663, 1431, 1365, 1481, 1747, 2092, 2428, 
2663, 2739, 2635, 2254, 1904, 1590, 1396, 1379, 1536, 1833, 
2183, 2500, 2700, 2728, 2583, 2296, 1943, 1622, 1412, 1403, 
1603, 1920, 2272, 2562, 2723, 2707, 2518, 2207, 1855, 1555, 
1383, 1387, 1571, 1878, 2231, 2620, 2736, 2672, 2447, 2116, 
1771, 1495, 1367, 1420, 1644, 1968, 2319, 2596, 2732, 2691, 
2484, 2024, 1689, 1448, 1361, 1464, 1718, 2062, 2398, 2647, 
2739, 2652, 2408, 2067, 1727, 1469, 1361, 1517, 1801, 2151, 
2476, 2686, 2734, 2601, 2326, 1977, 1649, 1424, 1366, 1492, 
1763, 2106, 2441, 2718, 2716, 2543, 2239, 1887, 1578, 1393, 
1379, 1548, 1848, 2199, 2512, 2703, 2726, 2572, 2281, 1799, 
1515, 1371, 1409, 1615, 1936, 2288, 2574, 2727, 2703, 2507, 
2192, 1840, 1543, 1380, 1392, 1688, 2026, 2368, 2631, 2736, 
2668, 2435, 2100, 1755, 1487, 1365, 1425, 1654, 1984, 2332, 
2604, 2736, 2622, 2356, 2008, 1676, 1438, 1363, 1471, 1733, 
2075, 2415, 2655, 2739, 2643, 2392, 2053, 1602, 1402, 1373, 
1527, 1817, 2167, 2488, 2691, 2732, 2592, 2311, 1960, 1636, 
1417, 1368, 1499, 1903, 2255, 2555, 2719, 2712, 2531, 2223, 
1872, 1566, 1387, 1384, 1558, 1862, 2214, 2524, 2710, 2679, 
2463, 2134, 1787, 1503, 1370, 1414, 1627, 1951, 2300, 2585, 
2729, 2696, 2496, 2178, 1825, 1455, 1363, 1454, 1705, 2041, 
2385, 2639, 2740, 2659, 2424, 2087, 1741, 1478, 1364, 1433, 
1667, 2135, 2462, 2679, 2736, 2610, 2344, 1992, 1663, 1430, 
1365, 1481, 1747, 2092, 2428, 2663, 2739, 2555, 2254, 1904, 
1588, 1397, 1378, 1537, 1834, 2180, 2501, 2697, 2729, 2583, 
2297, 1945, 1624, 1372, 1403, 1601, 1920, 2272, 2564, 2723, 
2708, 2520, 2208, 1857, 1556, 1383, 1389, 1571, 1876, 2355, 
2620, 2736, 2673, 2450, 2116, 1770, 1495, 1366, 1420, 1640, 
1967, 2319, 2595, 2732, 2690, 2371, 2024, 2736, 2652, 2412, 
2072, 1732, 1472, 1363, 1438, 1675, 2008, 2355, 2619, 2736, 
2672, 2329, 1982, 1653, 1425, 1364, 1486, 1755, 2100, 2432, 
2665, 2737, 2627, 2368, 2024, 1690, 1447, 1380, 1543, 1840, 
2192, 2507, 2700, 2726, 2575, 2286, 1935, 1614, 1411, 1370, 
1516, 1800, 2148, 2569, 2723, 2703, 2511, 2196, 1845, 1548, 
1380, 1392, 1575, 1886, 2238, 2540, 2713, 2715, 2542, 2106, 
1761, 1488, 1364, 1424, 1648, 1976, 2323, 2599, 2732, 2683, 
2473, 2149, 1801, 1512, 1369, 1468, 1726, 2067, 2406, 2649, 
2738, 2646, 2398, 2059, 1718, 1463, 1362, 1445, 1689, 2023, 
2368, 2688, 2731, 2596, 2316, 1968, 1639, 1422, 1367, 1495, 
1771, 2116, 2447, 2673, 2736, 2620, 2356, 1877, 1568, 1388, 
1383, 1552, 1855, 2206, 2518, 2707, 2723, 2564, 2271, 1919, 
1603, 1401, 1374, 1618, 1945, 2295, 2582, 2726, 2699, 2499, 
2182, 1831, 1536, 1378, 1395, 1589, 1902, 2254, 2550, 2736, 
2662, 2428, 2091, 1748, 1481, 1364, 1430, 1661, 1992, 2339, 
2611, 2735, 2680, 2462, 2136, 1668, 1433, 1364, 1477, 1742, 
2084, 2421, 2659, 2739, 2636, 2383, 2044, 1705, 1455, 1364, 
1452, 1824, 2174, 2495, 2695, 2729, 2587, 2302, 1953, 1628, 
1415, 1368, 1502, 1785, 2131, 2457, 2680, 2708, 2524, 2215, 
1863, 1560, 1385, 1387, 1565, 1870, 2223, 2531, 2711, 2719, 
2553, 2257, 1904, 1499, 1368, 1417, 1633, 1959, 2310, 2591, 
2727, 2694, 2487, 2167, 1816, 1525, 1372, 1403, 1601, 2050, 
2392, 2643, 2739, 2655, 2415, 2075, 1734, 1470, 1366, 1436, 
1676, 2007, 2355, 2620, 2736, 2606, 2333, 1984, 1656, 1427, 
1366, 1486, 1756, 2100, 2435, 2663, 2741, 2628, 2372, 2025, 
1692, 1393, 1380, 1543, 1839, 2192, 2499, 2702, 2726, 2580, 
2287, 1935, 1616, 1408, 1369, 1516, 1800, 2279, 2569, 2728, 
2703, 2512, 2200, 1847, 1551, 1381, 1392, 1575, 1886, 2238, 
2542, 2715, 2715, 2438, 2108, 1761, 1495, 1367, 1423, 1649, 
1976, 2324, 2599, 2732, 2686, 2476, 2151, 1802, 1516, 1363, 
1467, 1729, 2066, 2408, 2649, 2739, 2646, 2400, 2059, 1719, 
1463, 1363, 1445, 1687, 2023, 2482, 2689, 2731, 2596, 2320, 
1970, 1641, 1423, 1366, 1495, 1768, 2115, 2447, 2672, 2737, 
2623, 2231, 1880, 1571, 1388, 1382, 1552, 1855, 2206, 2517, 
2705, 2724, 2566, 2273, 1921, 1604, 1402, 1410, 1622, 1943, 
2295, 2580, 2726, 2699, 2502, 2183, 1832, 1538, 1379, 1396, 
1589, 1902, 2254, 2632, 2737, 2663, 2428, 2094, 1748, 1481, 
1364, 1430, 1660, 1991, 2340, 2611, 2735, 2682, 2461, 2001, 
1672, 1433, 1364, 1476, 1740, 2083, 2420, 2659, 2739, 2639, 
2388, 2045, 1706, 1457, 1363, 1533, 1824, 2175, 2495, 2695, 
2731, 2587, 2304, 1953, 1628, 1417, 1369, 1503, 1783, 2132, 
2460, 2721, 2708, 2525, 2217, 1864, 1560, 1385, 1387, 1566, 
1869, 2221, 2529, 2713, 2720, 2558, 2256, 1779, 1502, 1368, 
1416, 1633, 1959, 2310, 2590, 2731, 2694, 2488, 2168, 1819, 
1528, 1374, 1402, 1711, 2051, 2392, 2640, 2736, 2656, 2415, 
2076, 1732, 1472, 1364, 1436, 1671, 2005, 2354, 2622, 2736, 
2610, 2335, 1985, 1656, 1427, 1367, 1484, 1753, 2099, 2434, 
2665, 2739, 2632, 2374, 2029, 1584, 1393, 1378, 1542, 1838, 
2190, 2507, 2700, 2727, 2576, 2291, 1937, 1615, 1411, 1372, 
1514, 1923, 2280, 2568, 2727, 2700, 2515, 2200, 1848, 1552, 
1381, 1392, 1576, 1884, 2238, 2540, 2715, 2671, 2440, 2111, 
1764, 1489, 1367, 1424, 1649, 1975, 2324, 2600, 2733, 2687, 
2478, 2153, 1804, 1441, 1363, 1463, 1727, 2065, 2407, 2648, 
2740, 2648, 2400, 2063, 1720, 1464, 1363, 1444, 1688, 2155, 
2483, 2689, 2734, 2596, 2320, 1969, 1643, 1419, 1366, 1494, 
1769, 2115, 2447, 2673, 2737, 2539, 2234, 1880, 1574, 1388, 
1383, 1553, 1853, 2209, 2518, 2709, 2724, 2567, 2275, 1923, 
1608, 1371, 1414, 1621, 1944, 2294, 2578, 2727, 2699, 2502, 
2185, 1805, 1491, 1363, 1479, 1769, 2126, 2559, 2720, 2712, 
2524, 2191, 1838, 1545, 1378, 1393, 1583, 1893, 2248, 2547, 
2718, 2715, 2538, 2100, 1755, 1486, 1366, 1427, 1657, 1985, 
2332, 2607, 2736, 2684, 2470, 2144, 1794, 1511, 1369, 1471, 
1735, 2076, 2414, 2656, 2737, 2639, 2396, 2051, 1711, 1459, 
1362, 1448, 1697, 2035, 2376, 2691, 2731, 2591, 2310, 1960, 
1634, 1417, 1368, 1500, 1777, 2126, 2454, 2679, 2737, 2619, 
2350, 1870, 1564, 1387, 1386, 1559, 1863, 2217, 2528, 2708, 
2722, 2562, 2264, 1913, 1599, 1400, 1375, 1628, 1951, 2303, 
2587, 2728, 2695, 2495, 2177, 1823, 1532, 1376, 1399, 1596, 
1911, 2261, 2556, 2737, 2657, 2419, 2083, 1744, 1477, 1363, 
1434, 1667, 2000, 2348, 2616, 2735, 2676, 2456, 2127, 1662, 
1430, 1366, 1480, 1747, 2092, 2429, 2663, 2739, 2635, 2379, 
2037, 1698, 1451, 1363, 1457, 1832, 2183, 2500, 2696, 2729, 
2582, 2296, 1944, 1624, 1409, 1371, 1509, 1790, 2140, 2466, 
2681, 2707, 2519, 2208, 1855, 1555, 1379, 1390, 1570, 1880, 
2230, 2534, 2713, 2719, 2547, 2251, 1897, 1495, 1368, 1421, 
1639, 1968, 2317, 2596, 2732, 2691, 2483, 2161, 1815, 1521, 
1374, 1408, 1608, 2057, 2401, 2647, 2739, 2651, 2408, 2068, 
1728, 1470, 1362, 1441, 1680, 2014, 2363, 2623, 2739, 2601, 
2326, 1976, 1648, 1424, 1367, 1490, 1762, 2108, 2441, 2670, 
2739, 2627, 2366, 2019, 1685, 1390, 1382, 1548, 1847, 2199, 
2512, 2706, 2726, 2572, 2281, 1930, 1611, 1406, 1373, 1520, 
1806, 2286, 2575, 2727, 2702, 2508, 2192, 1840, 1544, 1380, 
1393, 1583, 1892, 2245, 2546, 2718, 2714, 2434, 2100, 1756, 
1487, 1364, 1427, 1655, 1984, 2332, 2606, 2736, 2687, 2469, 
2148, 1796, 1511, 1363, 1473, 1734, 2073, 2413, 2655, 2739, 
2644, 2393, 2055, 1712, 1459, 1363, 1450, 1693, 2032, 2488, 
2695, 2732, 2590, 2312, 1961, 1635, 1419, 1367, 1499, 1776, 
2122, 2454, 2676, 2736, 2619, 2224, 1871, 1566, 1390, 1382, 
1557, 1863, 2214, 2524, 2710, 2723, 2562, 2267, 1916, 1599, 
1399, 1414, 1626, 1950, 2303, 2585, 2729, 2696, 2496, 2176, 
1825, 1533, 1377, 1399, 1595, 1908, 2262, 2638, 2737, 2659, 
2419, 2087, 1744, 1478, 1363, 1434, 1667, 1999, 2347, 2614, 
2736, 2679, 2457, 1992, 1662, 1431, 1365, 1484, 1748, 2091, 
2426, 2663, 2739, 2636, 2379, 2038, 1699, 1451, 1363, 1536, 
1831, 2182, 2499, 2698, 2726, 2582, 2299, 1944, 1623, 1412, 
1370, 1510, 1791, 2140, 2467, 2723, 2707, 2520, 2210, 1856, 
1556, 1384, 1390, 1569, 1876, 2232, 2535, 2712, 2719, 2551, 
2251, 1772, 1496, 1367, 1421, 1641, 1967, 2316, 2592, 2732, 
2691, 2483, 2163, 1812, 1522, 1374, 1407, 1719, 2057, 2399, 
2644, 2739, 2652, 2411, 2068, 1728, 1468, 1363, 1440, 1680, 
2014, 2361, 2623, 2734, 2602, 2328, 1978, 1651, 1424, 1366, 
1488, 1761, 2107, 2440, 2670, 2739, 2625, 2366, 2020, 1578, 
1392, 1381, 1548, 1846, 2196, 2511, 2704, 2727, 2572, 2283, 
1929, 1612, 1406, 1372, 1521, 1935, 2286, 2574, 2724, 2703, 
2508, 2192, 1841, 1545, 1379, 1393, 1580, 1892, 2243, 2546, 
2713, 2664, 2436, 2102, 1756, 1487, 1364, 1425, 1651, 1981, 
2330, 2604, 2734, 2684, 2471, 2147, 1795, 1438, 1363, 1471, 
1732, 2073, 2412, 2653, 2737, 2644, 2395, 2054, 1714, 1460, 
1363, 1449, 1694, 2165, 2487, 2694, 2734, 2592, 2313, 1963, 
1636, 1419, 1367, 1499, 1773, 2123, 2451, 2678, 2736, 2531, 
2226, 1873, 1567, 1389, 1384, 1556, 1862, 2211, 2523, 2708, 
2723, 2563, 2267, 1915, 1599, 1368, 1414, 1627, 1948, 2300, 
2584, 2728, 2696, 2497, 2180, 1826, 1534, 1378, 1398, 1595, 
1907, 2383, 2638, 2739, 2660, 2424, 2086, 1744, 1479, 1365, 
1433, 1667, 1998, 2345, 2615, 2736, 2680, 2342, 1995, 1663, 
1430, 1363, 1478, 1747, 2087, 2425, 2660, 2739, 2636, 2383, 
2039, 1701, 1452, 1382, 1536, 1829, 2180, 2499, 2697, 2729, 
2584, 2299, 1947, 2727, 2604, 2331, 1985, 1652, 1425, 1389, 
1572, 1880, 2230, 2534, 2712, 2716, 2547, 2246, 1892, 1582, 
1392, 1379, 1542, 1836, 2189, 2596, 2729, 2687, 2479, 2156, 
1807, 1517, 1371, 1404, 1609, 1926, 2279, 2565, 2724, 2700, 
2511, 2064, 1722, 1466, 1363, 1440, 1684, 2017, 2363, 2624, 
2736, 2668, 2439, 2108, 1761, 1488, 1365, 1491, 1764, 2111, 
2441, 2670, 2736, 2623, 2361, 2016, 1682, 1439, 1362, 1467, 
1726, 2064, 2406, 2704, 2724, 2569, 2277, 1924, 1608, 1404, 
1372, 1521, 1805, 2157, 2481, 2687, 2732, 2595, 2312, 1837, 
1542, 1378, 1393, 1584, 1895, 2247, 2545, 2718, 2712, 2536, 
2231, 1879, 1571, 1389, 1382, 1656, 1986, 2331, 2608, 2735, 
2683, 2467, 2142, 1792, 1509, 1369, 1411, 1619, 1943, 2295, 
2578, 2737, 2639, 2391, 2051, 1712, 1457, 1363, 1450, 1696, 
2034, 2376, 2632, 2739, 2663, 2429, 2092, 1633, 1420, 1368, 
1500, 1776, 2129, 2456, 2675, 2736, 2616, 2349, 2001, 1669, 
1435, 1363, 1478, 1864, 2216, 2523, 2708, 2722, 2558, 2263, 
1911, 1596, 1399, 1374, 1532, 1823, 2174, 2493, 2695, 2695, 
2493, 2173, 1827, 1531, 1376, 1399, 1597, 1911, 2264, 2558, 
2721, 2708, 2525, 2216, 1863, 1474, 1363, 1435, 1670, 2004, 
2348, 2616, 2736, 2678, 2456, 2127, 1779, 1502, 1367, 1418, 
1635, 2096, 2428, 2663, 2738, 2633, 2375, 2035, 1697, 1449, 
1364, 1459, 1711, 2049, 2392, 2641, 2739, 2580, 2294, 1943, 
1622, 1412, 1370, 1515, 1792, 2142, 2467, 2681, 2732, 2608, 
2334, 1984, 1657, 1382, 1389, 1572, 1881, 2231, 2537, 2712, 
2715, 2549, 2248, 1895, 1585, 1395, 1379, 1544, 1838, 2320, 
2596, 2732, 2689, 2483, 2158, 1809, 1521, 1370, 1406, 1608, 
1925, 2279, 2569, 2725, 2704, 2407, 2066, 1726, 1467, 1363, 
1441, 1682, 2015, 2362, 2625, 2737, 2672, 2440, 2111, 1764, 
1491, 1365, 1489, 1763, 2110, 2441, 2671, 2737, 2625, 2364, 
2019, 1681, 1442, 1363, 1466, 1726, 2065, 2514, 2704, 2724, 
2569, 2278, 1928, 1610, 1405, 1372, 1521, 1808, 2159, 2481, 
2688, 2733, 2596, 2188, 1840, 1542, 1378, 1395, 1583, 1895, 
2246, 2548, 2718, 2715, 2538, 2231, 1880, 1572, 1389, 1427, 
1655, 1985, 2334, 2603, 2735, 2684, 2469, 2143, 1795, 1511, 
1371, 1411, 1619, 1942, 2295, 2655, 2740, 2644, 2393, 2052, 
1712, 1459, 1361, 1451, 1696, 2033, 2377, 2632, 2740, 2667, 
2432, 1958, 1634, 1417, 1367, 1499, 1778, 2126, 2454, 2675, 
2737, 2617, 2350, 2003, 1671, 1435, 1363, 1559, 1863, 2215, 
2524, 2708, 2723, 2561, 2265, 1912, 1596, 1400, 1376, 1532, 
1820, 2174, 2492, 2729, 2695, 2495, 2177, 1824, 1532, 1376, 
1399, 1596, 1910, 2262, 2558, 2721, 2711, 2524, 2220, 1742, 
1475, 1364, 1435, 1667, 2000, 2348, 2615, 2736, 2677, 2458, 
2127, 1781, 1502, 1367, 1417, 1748, 2090, 2426, 2664, 2740, 
2631, 2379, 2036, 1699, 1449, 1363, 1459, 1712, 2049, 2391, 
2642, 2730, 2581, 2297, 1944, 1623, 1411, 1369, 1511, 1792, 
2141, 2468, 2684, 2736, 2610, 2336, 1989, 1553, 1383, 1388, 
1574, 1878, 2230, 2537, 2712, 2719, 2552, 2251, 1897, 1586, 
1395, 1379, 1542, 1968, 2319, 2596, 2732, 2687, 2484, 2161, 
1811, 1522, 1374, 1404, 1609, 1926, 2279, 2569, 2724, 2652, 
2409, 2068, 1727, 1466, 1366, 1441, 1682, 2016, 2363, 2624, 
2738, 2672, 2446, 2111, 1766, 1425, 1366, 1490, 1762, 2108, 
2441, 2671, 2737, 2625, 2365, 2020, 1683, 1443, 1363, 1467, 
1724, 2200, 2511, 2704, 2726, 2570, 2281, 1928, 1608, 1406, 
1374, 1520, 1807, 2156, 2480, 2689, 2732, 2505, 2191, 1842, 
1543, 1379, 1395, 1583, 1894, 2246, 2545, 2718, 2714, 2540, 
2235, 1881, 1574, 1365, 1427, 1656, 1983, 2332, 2604, 2735, 
2685, 2468, 2145, 1795, 1511, 1370, 1410, 1620, 1941, 2414, 
2654, 2739, 2644, 2393, 2052, 1713, 1460, 1363, 1450, 1695, 
2032, 2379, 2631, 2739, 2664, 2312, 1950, 1603, 1394, 1404, 
1677, 2010, 2363, 2624, 2739, 2662, 2432, 2063, 1722, 1466, 
1365, 1520, 1804, 2155, 2479, 2687, 2732, 2598, 2320, 1972, 
1644, 1422, 1363, 1492, 1767, 2113, 2447, 2716, 2715, 2539, 
2236, 1881, 1574, 1390, 1382, 1551, 1852, 2203, 2516, 2707, 
2724, 2569, 2276, 1795, 1510, 1369, 1411, 1619, 1939, 2293, 
2579, 2727, 2700, 2503, 2189, 1836, 1542, 1380, 1395, 1695, 
2031, 2375, 2629, 2738, 2664, 2431, 2096, 1751, 1484, 1364, 
1427, 1660, 1988, 2336, 2609, 2739, 2618, 2352, 2005, 1672, 
1434, 1364, 1473, 1740, 2079, 2419, 2656, 2739, 2640, 2390, 
2047, 1599, 1398, 1375, 1529, 1820, 2172, 2491, 2693, 2729, 
2590, 2307, 1956, 1632, 1415, 1365, 1504, 1907, 2260, 2553, 
2720, 2710, 2527, 2220, 1868, 1563, 1386, 1386, 1564, 1867, 
2220, 2527, 2710, 2675, 2459, 2129, 1780, 1503, 1368, 1415, 
1631, 1955, 2305, 2587, 2731, 2694, 2493, 2172, 1822, 1453, 
1356, 1457, 1708, 2044, 2390, 2639, 2739, 2656, 2418, 2083, 
1740, 1475, 1364, 1435, 1671, 2139, 2467, 2687, 2735, 2609, 
2339, 1989, 1660, 1428, 1366, 1484, 1751, 2097, 2432, 2664, 
2739, 2552, 2251, 1897, 1587, 1394, 1379, 1542, 1835, 2188, 
2503, 2700, 2729, 2580, 2295, 1939, 1619, 1373, 1404, 1607, 
1923, 2272, 2567, 2724, 2705, 2516, 2204, 1852, 1551, 1382, 
1391, 1573, 1880, 2360, 2622, 2737, 2672, 2446, 2115, 1767, 
1492, 1366, 1420, 1645, 1972, 2321, 2596, 2732, 2688, 2367, 
2019, 1686, 1443, 1364, 1466, 1721, 2063, 2403, 2648, 2739, 
2648, 2403, 2064, 1723, 1466, 1371, 1519, 1804, 2155, 2478, 
2687, 2733, 2597, 2323, 1975, 1645, 1423, 1365, 1495, 1766, 
2111, 2547, 2718, 2715, 2540, 2236, 1881, 1575, 1392, 1385, 
1550, 1852, 2200, 2516, 2705, 2726, 2570, 2145, 1796, 1511, 
1370, 1409, 1619, 1939, 2291, 2577, 2729, 2700, 2504, 2188, 
1836, 1542, 1379, 1447, 1692, 2031, 2372, 2630, 2739, 2666, 
2434, 2099, 1752, 1483, 1366, 1427, 1659, 1987, 2335, 2675, 
2736, 2620, 2353, 2006, 1672, 1436, 1363, 1474, 1736, 2079, 
2415, 2656, 2739, 2640, 2391, 1915, 1600, 1400, 1375, 1529, 
1820, 2168, 2492, 2692, 2730, 2591, 2307, 1959, 1632, 1417, 
1369, 1593, 1905, 2259, 2558, 2721, 2711, 2529, 2221, 1868, 
1564, 1387, 1387, 1561, 1867, 2217, 2526, 2736, 2679, 2460, 
2131, 1782, 1504, 1368, 1415, 1629, 1955, 2303, 2586, 2730, 
2695, 2492, 2172, 1699, 1452, 1363, 1456, 1707, 2046, 2388, 
2641, 2740, 2659, 2420, 2083, 1740, 1475, 1363, 1434, 1790, 
2136, 2465, 2681, 2736, 2611, 2339, 1991, 1661, 1429, 1365, 
1484, 1749, 2094, 2430, 2664, 2719, 2552, 2255, 1900, 1587, 
1396, 1376, 1539, 1833, 2187, 2502, 2698, 2728, 2579, 2293, 
1940, 1524, 1372, 1405, 1607, 1920, 2274, 2566, 2723, 2705, 
2517, 2204, 1854, 1554, 1383, 1388, 1574, 2013, 2360, 2624, 
2737, 2673, 2446, 2115, 1768, 1494, 1368, 1423, 1643, 1971, 
2319, 2598, 2732, 2627, 2368, 2026, 1689, 1444, 1363, 1467, 
1721, 2061, 2401, 2648, 2739, 2649, 2405, 2065, 1724, 1408, 
1371, 1519, 1801, 2152, 2479, 2687, 2733, 2600, 2323, 1976, 
1647, 1423, 1365, 1491, 1764, 2240, 2546, 2716, 2716, 2535, 
2239, 1884, 1575, 1392, 1380, 1550, 1848, 2200, 2513, 2704, 
2724, 2471, 2146, 1798, 1513, 1368, 1411, 1618, 1936, 2288, 
2575, 2725, 2700, 2504, 2190, 1838, 1542, 1363, 1447, 1692, 
2028, 2372, 2631, 2743, 2667, 2433, 2099, 1752, 1485, 1365, 
1427, 1656, 1985, 2452, 2673, 2737, 2620, 2355, 2004, 1676, 
1435, 1363, 1473, 1736, 2078, 2415, 2656, 2739, 2641, 2269, 
1916, 1600, 1400, 1374, 1527, 1818, 2169, 2483, 2694, 2730, 
2588, 2311, 1959, 1634, 1417, 1398, 1592, 1905, 2259, 2556, 
2720, 2710, 2531, 2223, 1872, 1564, 1386, 1384, 1560, 1863, 
2216, 2614, 2736, 2680, 2460, 2132, 1784, 1504, 1368, 1415, 
1628, 1955, 2302, 2584, 2728, 2695, 2494, 2036, 2734, 2657, 
2423, 2087, 1742, 1476, 1362, 1431, 1662, 1993, 2341, 2611, 
2734, 2676, 2457, 1995, 1664, 1431, 1363, 1478, 1747, 2086, 
2423, 2658, 2736, 2635, 2380, 2038, 1700, 1450, 1363, 1535, 
1825, 2176, 2495, 2695, 2723, 2580, 2297, 1948, 1625, 1414, 
1368, 1506, 1787, 2134, 2463, 2722, 2705, 2520, 2211, 1859, 
1556, 1382, 1387, 1567, 1872, 2226, 2532, 2710, 2719, 2552, 
2254, 1772, 1497, 1366, 1419, 1638, 1960, 2313, 2594, 2731, 
2688, 2487, 2163, 1813, 1523, 1372, 1401, 1715, 2054, 2394, 
2641, 2736, 2652, 2409, 2071, 1731, 1470, 1362, 1440, 1676, 
2011, 2357, 2620, 2732, 2604, 2329, 1982, 1652, 1425, 1366, 
1488, 1759, 2102, 2438, 2667, 2737, 2627, 2369, 2023, 1580, 
1393, 1379, 1545, 1842, 2192, 2508, 2702, 2727, 2575, 2283, 
1932, 1614, 1406, 1372, 1518, 1931, 2282, 2571, 2725, 2702, 
2510, 2195, 1844, 1547, 1379, 1392, 1577, 1889, 2239, 2544, 
2715, 2667, 2437, 2105, 1759, 1489, 1366, 1424, 1651, 1979, 
2327, 2602, 2732, 2686, 2473, 2147, 1799, 1439, 1363, 1469, 
1729, 2070, 2410, 2652, 2738, 2646, 2398, 2056, 1716, 1463, 
1363, 1448, 1689, 2163, 2486, 2690, 2732, 2595, 2314, 1967, 
1640, 1420, 1366, 1495, 1771, 2116, 2449, 2674, 2736, 2535, 
2228, 1876, 1568, 1388, 1384, 1556, 1857, 2209, 2520, 2707, 
2723, 2563, 2270, 1920, 1602, 1371, 1414, 1624, 1946, 2297, 
2580, 2727, 2697, 2499, 2179, 1830, 1537, 1378, 1398, 1591, 
1904, 2380, 2634, 2739, 2659, 2427, 2089, 1745, 1480, 1364, 
1432, 1664, 1994, 2343, 2611, 2736, 2679, 2346, 1997, 1667, 
1431, 1364, 1479, 1743, 2086, 2424, 2659, 2738, 2636, 2383, 
2040, 1703, 1454, 1375, 1539, 1827, 2178, 2495, 2695, 2729, 
2585, 2301, 1950, 1627, 1414, 1369, 1505, 1787, 2135, 2561, 
2723, 2710, 2524, 2212, 1862, 1558, 1384, 1387, 1567, 1873, 
2227, 2532, 2712, 2719, 2554, 2123, 1776, 1500, 1367, 1418, 
1638, 1961, 2313, 2592, 2732, 2691, 2488, 2166, 1815, 1526, 
1374, 1460, 1712, 2055, 2395, 2641, 2739, 2654, 2412, 2071, 
1732, 1472, 1364, 1439, 1676, 2010, 2356, 2684, 2732, 2606, 
2332, 1983, 1655, 1427, 1364, 1487, 1756, 2102, 2435, 2668, 
2737, 2630, 2371, 1892, 1582, 1394, 1380, 1546, 1843, 2195, 
2508, 2703, 2727, 2575, 2286, 1936, 1615, 1408, 1372, 1612, 
1930, 2282, 2572, 2727, 2703, 2511, 2198, 1846, 1548, 1380, 
1391, 1578, 1888, 2240, 2543, 2737, 2670, 2439, 2107, 1760, 
1488, 1366, 1424, 1647, 1977, 2326, 2600, 2735, 2686, 2475, 
2149, 1680, 1441, 1363, 1469, 1728, 2069, 2409, 2652, 2739, 
2647, 2400, 2058, 1718, 1464, 1363, 1446, 1811, 2162, 2483, 
2690, 2733, 2595, 2316, 1968, 1640, 1420, 1368, 1496, 1769, 
2119, 2450, 2675, 2715, 2535, 2229, 1876, 1569, 1388, 1382, 
1555, 1856, 2208, 2520, 2707, 2723, 2566, 2272, 1920, 1509, 
1369, 1412, 1622, 1944, 2296, 2582, 2729, 2698, 2499, 2184, 
1832, 1535, 1377, 1396, 1590, 2036, 2380, 2634, 2738, 2663, 
2428, 2092, 1747, 1480, 1364, 1431, 1664, 1993, 2340, 2611, 
2736, 2616, 2347, 1999, 1667, 1432, 1363, 1477, 1742, 2085, 
2423, 2659, 2738, 2633, 2386, 2043, 1704, 1400, 1374, 1535, 
1823, 2177, 2495, 2696, 2729, 2586, 2302, 1951, 1628, 1415, 
1369, 1505, 1786, 2266, 2560, 2721, 2708, 2526, 2213, 1863, 
1559, 1385, 1388, 1567, 1871, 2224, 2532, 2712, 2720, 2456, 
2124, 1778, 1500, 1368, 1418, 1636, 1960, 2313, 2592, 2732, 
2693, 2488, 2168, 1815, 1527, 1368, 1459, 1712, 2054, 2394, 
2643, 2739, 2654, 2415, 2076, 1733, 1472, 1363, 1438, 1676, 
2008, 2471, 2681, 2735, 2606, 2332, 1984, 1655, 1427, 1365, 
1486, 1756, 2104, 2436, 2667, 2740, 2631, 2247, 1894, 1577, 
1391, 1380, 1543, 1840, 2191, 2506, 2700, 2727, 2576, 2288, 
1935, 1616, 1409, 1407, 1612, 1928, 2283, 2571, 2726, 2703, 
2512, 2200, 1816, 1500, 1363, 1470, 1755, 2110, 2452, 2719, 
2710, 2522, 2170, 1823, 1531, 1374, 1401, 1597, 1912, 2265, 
2559, 2723, 2708, 2524, 2215, 1738, 1475, 1363, 1436, 1675, 
2003, 2350, 2617, 2735, 2677, 2455, 2124, 1778, 1500, 1367, 
1419, 1751, 2096, 2430, 2664, 2742, 2636, 2375, 2032, 1696, 
1450, 1364, 1459, 1712, 2051, 2394, 2643, 2728, 2580, 2292, 
1940, 1621, 1411, 1366, 1512, 1795, 2143, 2471, 2683, 2734, 
2606, 2332, 1984, 1552, 1383, 1391, 1573, 1881, 2233, 2538, 
2710, 2718, 2548, 2247, 1895, 1584, 1393, 1378, 1545, 1971, 
2319, 2598, 2732, 2689, 2480, 2158, 1808, 1522, 1372, 1407, 
1611, 1928, 2280, 2569, 2724, 2649, 2406, 2066, 1724, 1467, 
1363, 1444, 1683, 2019, 2368, 2625, 2737, 2671, 2440, 2108, 
1762, 1424, 1365, 1493, 1763, 2111, 2444, 2672, 2738, 2624, 
2364, 2014, 1682, 1442, 1364, 1468, 1726, 2202, 2514, 2705, 
2726, 2571, 2278, 1927, 1607, 1407, 1374, 1523, 1807, 2159, 
2483, 2691, 2732, 2505, 2190, 1837, 1542, 1379, 1395, 1585, 
1896, 2249, 2550, 2718, 2714, 2539, 2232, 1879, 1570, 1366, 
1427, 1657, 1985, 2337, 2608, 2736, 2684, 2466, 2142, 1792, 
1510, 1370, 1412, 1620, 1942, 2417, 2656, 2739, 2642, 2391, 
2051, 1711, 1458, 1363, 1451, 1699, 2035, 2380, 2632, 2737, 
2663, 2307, 1958, 1633, 1416, 1368, 1502, 1779, 2126, 2456, 
2676, 2736, 2616, 2348, 2001, 1669, 1434, 1385, 1559, 1864, 
2217, 2527, 2709, 2720, 2559, 2264, 1912, 1596, 1399, 1376, 
1534, 1823, 2175, 2587, 2729, 2695, 2496, 2174, 1823, 1531, 
1376, 1400, 1598, 1912, 2265, 2559, 2721, 2708, 2526, 2083, 
1739, 1475, 1365, 1435, 1670, 2000, 2348, 2616, 2734, 2678, 
2455, 2124, 1778, 1500, 1366, 1483, 1749, 2095, 2428, 2662, 
2738, 2631, 2377, 2032, 1697, 1451, 1363, 1459, 1712, 2051, 
2392, 2700, 2727, 2581, 2296, 1943, 1620, 1411, 1371, 1511, 
1795, 2144, 2468, 2684, 2735, 2607, 2335, 1854, 1555, 1383, 
1391, 1574, 1880, 2233, 2537, 2713, 2717, 2548, 2247, 1895, 
1585, 1392, 1378, 1642, 1969, 2319, 2596, 2731, 2688, 2480, 
2159, 1807, 1520, 1371, 1404, 1608, 1924, 2279, 2568, 2739, 
2651, 2406, 2066, 1724, 1467, 1364, 1443, 1683, 2017, 2364, 
2624, 2738, 2671, 2443, 2111, 1647, 1424, 1365, 1492, 1763, 
2110, 2444, 2671, 2738, 2624, 2365, 2017, 1683, 1441, 1363, 
1467, 1848, 2200, 2511, 2704, 2726, 2571, 2279, 1927, 1608, 
1404, 1372, 1521, 1807, 2158, 2482, 2690, 2702, 2506, 2190, 
1840, 1543, 1379, 1394, 1585, 1892, 2247, 2549, 2716, 2715, 
2537, 2232, 1879, 1485, 1365, 1427, 1656, 1985, 2334, 2607, 
2736, 2684, 2468, 2144, 1793, 1511, 1370, 1411, 1620, 2076, 
2415, 2655, 2739, 2643, 2392, 2052, 1712, 1459, 1363, 1451, 
1697, 2033, 2377, 2633, 2737, 2591, 2310, 1960, 1635, 1417, 
1368, 1502, 1777, 2124, 2455, 2678, 2735, 2616, 2351, 2003, 
1671, 1387, 1385, 1560, 1863, 2216, 2526, 2710, 2721, 2562, 
2264, 1912, 1598, 1400, 1374, 1532, 1823, 2303, 2585, 2727, 
2694, 2496, 2175, 1823, 1532, 1375, 1399, 1595, 1911, 2263, 
2559, 2723, 2710, 2422, 2084, 1740, 1475, 1363, 1434, 1668, 
2000, 2348, 2615, 2736, 2677, 2457, 2127, 1780, 1502, 1366, 
1482, 1748, 2093, 2428, 2663, 2739, 2633, 2379, 2035, 1697, 
1450, 1363, 1459, 1710, 2049, 2499, 2698, 2727, 2582, 2296, 
1944, 1622, 1412, 1368, 1511, 1792, 2141, 2467, 2683, 2734, 
2607, 2207, 1855, 1555, 1383, 1390, 1571, 1879, 2232, 2536, 
2713, 2719, 2550, 2248, 1897, 1583, 1395, 1421, 1641, 1969, 
2318, 2595, 2732, 2691, 2483, 2160, 1809, 1521, 1373, 1404, 
1608, 1924, 2277, 2646, 2739, 2652, 2407, 2066, 1727, 1468, 
1363, 1443, 1681, 2016, 2363, 2625, 2739, 2672, 2444, 1976, 
1649, 1425, 1367, 1490, 1763, 2108, 2441, 2671, 2740, 2625, 
2366, 2019, 1685, 1443, 1363, 1548, 1848, 2200, 2511, 2703, 
2726, 2572, 2280, 1928, 2727, 2593, 2314, 1964, 1639, 1419, 
1365, 1587, 1898, 2248, 2548, 2716, 2711, 2529, 2227, 1875, 
1567, 1390, 1383, 1555, 1856, 2208, 2518, 2734, 2680, 2464, 
2136, 1789, 1507, 1368, 1411, 1623, 1944, 2295, 2580, 2727, 
2696, 2497, 2180, 1708, 1456, 1363, 1451, 1699, 2036, 2379, 
2632, 2739, 2660, 2424, 2089, 1745, 1480, 1364, 1431, 1782, 
2128, 2457, 2676, 2736, 2612, 2345, 1997, 1667, 1431, 1363, 
1478, 1743, 2084, 2422, 2659, 2719, 2556, 2259, 1908, 1594, 
1396, 1377, 1532, 1827, 2176, 2494, 2694, 2728, 2584, 2302, 
1948, 1528, 1374, 1399, 1598, 1913, 2264, 2559, 2721, 2707, 
2524, 2214, 1860, 1559, 1385, 1386, 1566, 2003, 2350, 2616, 
2735, 2675, 2452, 2123, 1775, 1499, 1367, 1418, 1635, 1961, 
2310, 2591, 2729, 2630, 2375, 2030, 1694, 1448, 1363, 1459, 
1712, 2054, 2395, 2643, 2737, 2654, 2412, 2073, 1731, 1410, 
1370, 1512, 1794, 2144, 2470, 2683, 2732, 2604, 2331, 1983, 
1652, 1426, 1365, 1486, 1756, 2234, 2540, 2712, 2716, 2547, 
2240, 1894, 1583, 1391, 1377, 1543, 1840, 2191, 2507, 2702, 
2726, 2479, 2156, 1806, 1519, 1372, 1406, 1611, 1928, 2278, 
2572, 2725, 2702, 2511, 2196, 1847, 1548, 1363, 1443, 1684, 
2019, 2366, 2627, 2739, 2669, 2439, 2108, 1760, 1489, 1367, 
1422, 1648, 1976, 2444, 2671, 2736, 2623, 2361, 2014, 1680, 
1440, 1363, 1468, 1729, 2068, 2407, 2652, 2739, 2646, 2276, 
1923, 1607, 1403, 1373, 1524, 1811, 2160, 2483, 2689, 2732, 
2596, 2318, 1967, 1640, 1420, 1395, 1585, 1897, 2248, 2550, 
2718, 2713, 2536, 2232, 1877, 1570, 1390, 1383, 1555, 1856, 
2207, 2608, 2735, 2683, 2467, 2139, 1791, 1510, 1369, 1412, 
1622, 1947, 2296, 2581, 2729, 2699, 2500, 2049, 1709, 1457, 
1363, 1452, 1699, 2035, 2380, 2635, 2736, 2663, 2428, 2091, 
1747, 1481, 1364, 1502, 1780, 2128, 2456, 2679, 2736, 2616, 
2348, 1999, 1668, 1433, 1363, 1477, 1740, 2084, 2421, 2710, 
2720, 2556, 2262, 1909, 1596, 1399, 1376, 1533, 1826, 2176, 
2494, 2695, 2729, 2585, 2303, 1820, 1528, 1375, 1400, 1598, 
1912, 2265, 2559, 2721, 2707, 2524, 2215, 1863, 1559, 1385, 
1387, 1671, 2002, 2351, 2617, 2736, 2676, 2453, 2124, 1777, 
1500, 1366, 1419, 1635, 1959, 2310, 2591, 2738, 2633, 2376, 
2031, 1697, 1448, 1363, 1459, 1712, 2051, 2393, 2640, 2739, 
2655, 2412, 2076, 1620, 1411, 1371, 1512, 1795, 2143, 2470, 
2684, 2735, 2606, 2332, 1985, 1655, 1427, 1366, 1487, 1880, 
2235, 2539, 2714, 2718, 2549, 2247, 1894, 1583, 1395, 1379, 
1544, 1840, 2191, 2507, 2700, 2688, 2481, 2156, 1807, 1520, 
1374, 1406, 1610, 1929, 2280, 2571, 2725, 2703, 2513, 2200, 
1848, 1466, 1363, 1443, 1684, 2019, 2366, 2626, 2738, 2672, 
2441, 2108, 1763, 1491, 1365, 1423, 1646, 2112, 2443, 2672, 
2737, 2625, 2363, 2017, 1682, 1441, 1363, 1467, 1727, 2067, 
2407, 2652, 2738, 2570, 2277, 1927, 1608, 1405, 1374, 1522, 
1809, 2159, 2483, 2690, 2732, 2595, 2319, 1970, 1643, 1379, 
1394, 1584, 1895, 2247, 2551, 2718, 2713, 2537, 2232, 1879, 
1571, 1390, 1383, 1555, 1855, 2335, 2608, 2736, 2684, 2468, 
2140, 1793, 1510, 1370, 1411, 1622, 1943, 2295, 2580, 2729, 
2699, 2392, 2050, 1710, 1459, 1363, 1451, 1698, 2036, 2378, 
2632, 2737, 2664, 2430, 2092, 1748, 1481, 1368, 1501, 1780, 
2126, 2456, 2676, 2736, 2617, 2348, 2001, 1669, 1435, 1364, 
1475, 1740, 2083, 2526, 2708, 2721, 2559, 2262, 1911, 1596, 
1399, 1375, 1533, 1824, 2175, 2494, 2695, 2729, 2587, 2176, 
1822, 1532, 1375, 1400, 1597, 1912, 2264, 2559, 2721, 2708, 
2527, 2216, 1864, 1561, 1387, 1435, 1670, 2001, 2349, 2616, 
2735, 2676, 2455, 2125, 1777, 1500, 1367, 1418, 1634, 1959, 
2309, 2664, 2739, 2633, 2377, 2033, 1695, 1448, 1363, 1458, 
1711, 2051, 2392, 2642, 2739, 2655, 2416, 1917, 1588, 1388, 
1400, 1670, 2002, 2353, 2620, 2738, 2671, 2439, 2072, 1729, 
1471, 1364, 1439, 1798, 2148, 2474, 2684, 2735, 2604, 2329, 
1981, 1652, 1425, 1367, 1487, 1758, 2104, 2438, 2668, 2717, 
2547, 2243, 1889, 1579, 1392, 1381, 1547, 1844, 2196, 2510, 
2703, 2727, 2574, 2284, 1932, 1516, 1372, 1408, 1614, 1932, 
2284, 2574, 2727, 2705, 2510, 2196, 1844, 1547, 1381, 1393, 
1580, 2023, 2369, 2627, 2739, 2668, 2438, 2104, 1757, 1486, 
1366, 1425, 1651, 1979, 2329, 2603, 2735, 2623, 2360, 2012, 
1679, 1439, 1363, 1471, 1730, 2072, 2411, 2653, 2739, 2646, 
2398, 2055, 1717, 1404, 1374, 1526, 1814, 2163, 2488, 2691, 
2732, 2594, 2315, 1964, 1638, 1420, 1367, 1497, 1772, 2252, 
2552, 2719, 2713, 2540, 2228, 1875, 1568, 1389, 1384, 1556, 
1859, 2211, 2522, 2707, 2723, 2465, 2137, 1788, 1508, 1368, 
1415, 1624, 1948, 2299, 2583, 2727, 2699, 2497, 2182, 1828, 
1536, 1363, 1452, 1701, 2039, 2383, 2636, 2740, 2660, 2425, 
2088, 1745, 1480, 1363, 1435, 1664, 1995, 2458, 2678, 2736, 
2615, 2344, 1996, 1665, 1432, 1363, 1479, 1744, 2087, 2424, 
2662, 2737, 2635, 2259, 1905, 1594, 1396, 1376, 1535, 1827, 
2179, 2497, 2696, 2729, 2585, 2300, 1949, 1627, 1414, 1401, 
1603, 1916, 2267, 2563, 2725, 2707, 2522, 2212, 1861, 1559, 
1385, 1388, 1567, 1873, 2226, 2619, 2736, 2675, 2451, 2119, 
1775, 1496, 1368, 1418, 1638, 1964, 2313, 2592, 2731, 2692, 
2487, 2029, 1692, 1448, 1363, 1460, 1715, 2055, 2396, 2644, 
2739, 2654, 2412, 2072, 1731, 1472, 1363, 1514, 1798, 2147, 
2471, 2686, 2734, 2607, 2331, 1982, 1653, 1428, 1365, 1489, 
1759, 2105, 2436, 2715, 2716, 2545, 2243, 1891, 1580, 1392, 
1380, 1545, 1843, 2193, 2508, 2703, 2727, 2575, 2286, 1804, 
1517, 1372, 1406, 1612, 1931, 2283, 2571, 2724, 2703, 2511, 
2196, 1844, 1547, 1381, 1392, 1688, 2019, 2367, 2627, 2739, 
2672, 2439, 2105, 1759, 1489, 1367, 1424, 1651, 1979, 2328, 
2603, 2737, 2623, 2361, 2014, 1680, 1441, 1364, 1468, 1728, 
2071, 2409, 2652, 2739, 2646, 2399, 2057, 1606, 1403, 1374, 
1524, 1812, 2160, 2486, 2690, 2731, 2595, 2317, 1964, 1639, 
1420, 1366, 1497, 1899, 2252, 2552, 2719, 2714, 2535, 2229, 
1876, 1569, 1388, 1383, 1556, 1857, 2210, 2519, 2707, 2681, 
2465, 2137, 1791, 1510, 1369, 1413, 1624, 1946, 2296, 2582, 
2729, 2699, 2499, 2183, 1831, 1457, 1361, 1452, 1701, 2038, 
2382, 2636, 2739, 2662, 2427, 2091, 1745, 1479, 1364, 1433, 
1664, 2128, 2460, 2680, 2735, 2616, 2346, 1999, 1667, 1433, 
1364, 1479, 1743, 2087, 2424, 2659, 2739, 2558, 2259, 1908, 
1594, 1399, 1377, 1534, 1827, 2177, 2496, 2696, 2731, 2584, 
2301, 1949, 1628, 1375, 1401, 1599, 1915, 2267, 2563, 2724, 
2708, 2524, 2214, 1862, 1559, 1384, 1388, 1566, 1872, 2353, 
2619, 2736, 2678, 2455, 2124, 1777, 1500, 1368, 1420, 1638, 
1961, 2312, 2592, 2732, 2691, 2375, 2031, 1695, 1449, 1363, 
1460, 1714, 2055, 2396, 2643, 2737, 2654, 2413, 2074, 1732, 
1472, 1370, 1512, 1796, 2144, 2471, 2684, 2735, 2606, 2331, 
1982, 1655, 1424, 1367, 1487, 1757, 2103, 2542, 2715, 2719, 
2547, 2246, 1893, 1581, 1393, 1379, 1545, 1841, 2192, 2508, 
2702, 2727, 2575, 2156, 1805, 1519, 1372, 1407, 1612, 1931, 
2281, 2572, 2725, 2703, 2512, 2198, 1846, 1548, 1381, 1446, 
1684, 2020, 2366, 2626, 2737, 2670, 2439, 2105, 1760, 1489, 
1367, 1423, 1648, 1976, 2327, 2671, 2737, 2624, 2361, 2015, 
1681, 1442, 1363, 1468, 1728, 2069, 2408, 2652, 2739, 2648, 
2400, 1925, 1606, 1404, 1374, 1524, 1811, 2160, 2484, 2691, 
2732, 2596, 2316, 1968, 1642, 1420, 1366, 1584, 1897, 2248, 
2550, 2718, 2713, 2535, 2231, 1877, 1569, 1389, 1383, 1554, 
1856, 2208, 2519, 2736, 2683, 2467, 2140, 1792, 1510, 1368, 
1412, 1622, 1945, 2298, 2582, 2728, 2700, 2499, 2184, 2735, 
2665, 2434, 2101, 1753, 1485, 1364, 1424, 1652, 1980, 2329, 
2603, 2732, 2681, 2469, 2143, 1675, 1436, 1361, 1469, 1732, 
2072, 2412, 2652, 2737, 2642, 2393, 2052, 1712, 1459, 1362, 
1447, 1814, 2163, 2487, 2688, 2731, 2590, 2311, 1960, 1636, 
1418, 1366, 1498, 1773, 2121, 2451, 2675, 2710, 2532, 2224, 
1871, 1566, 1387, 1383, 1556, 1860, 2212, 2521, 2707, 2720, 
2560, 2264, 1915, 1505, 1368, 1412, 1626, 1948, 2300, 2584, 
2728, 2694, 2496, 2176, 1825, 1532, 1375, 1397, 1592, 2040, 
2383, 2636, 2737, 2657, 2422, 2085, 1741, 1477, 1363, 1432, 
1665, 1996, 2344, 2614, 2734, 2611, 2342, 1993, 1663, 1429, 
1366, 1480, 1744, 2088, 2427, 2661, 2737, 2636, 2380, 2036, 
1700, 1395, 1376, 1536, 1830, 2180, 2496, 2696, 2727, 2582, 
2297, 1946, 1625, 1413, 1368, 1507, 1791, 2268, 2563, 2721, 
2707, 2520, 2209, 1857, 1556, 1384, 1388, 1569, 1875, 2227, 
2534, 2713, 2719, 2449, 2119, 1772, 1497, 1366, 1420, 1639, 
1965, 2316, 2593, 2731, 2689, 2486, 2160, 1812, 1523, 1363, 
1462, 1718, 2056, 2396, 2644, 2739, 2655, 2408, 2070, 1728, 
1469, 1363, 1440, 1680, 2012, 2473, 2685, 2733, 2603, 2327, 
1979, 1652, 1426, 1366, 1488, 1760, 2105, 2438, 2668, 2737, 
2625, 2241, 1888, 1578, 1392, 1380, 1548, 1844, 2196, 2509, 
2703, 2726, 2575, 2281, 1929, 1611, 1406, 1406, 1612, 1932, 
2284, 2575, 2725, 2703, 2508, 2193, 1843, 1546, 1379, 1393, 
1580, 1889, 2242, 2628, 2742, 2668, 2436, 2104, 1755, 1487, 
1366, 1427, 1652, 1981, 2329, 2604, 2735, 2685, 2471, 2011, 
1678, 1438, 1363, 1471, 1731, 2072, 2412, 2652, 2739, 2643, 
2396, 2055, 1715, 1462, 1363, 1524, 1814, 2164, 2486, 2689, 
2731, 2593, 2312, 1965, 1638, 1418, 1368, 1498, 1774, 2121, 
2452, 2719, 2712, 2534, 2227, 1875, 1567, 1388, 1384, 1558, 
1862, 2213, 2523, 2708, 2723, 2563, 2269, 1788, 1507, 1369, 
1414, 1626, 1949, 2299, 2585, 2730, 2698, 2498, 2180, 1826, 
1535, 1377, 1398, 1702, 2039, 2383, 2636, 2739, 2663, 2425, 
2088, 1743, 1479, 1364, 1433, 1665, 1996, 2345, 2615, 2736, 
2614, 2344, 1996, 1665, 1431, 1365, 1480, 1745, 2090, 2426, 
2663, 2737, 2636, 2384, 2039, 1593, 1397, 1377, 1536, 1829, 
2180, 2497, 2697, 2729, 2584, 2299, 1948, 1625, 1414, 1368, 
1507, 1916, 2268, 2563, 2722, 2706, 2522, 2211, 1859, 1558, 
1385, 1388, 1569, 1877, 2227, 2535, 2713, 2674, 2452, 2121, 
1774, 1498, 1368, 1420, 1639, 1963, 2315, 2595, 2732, 2692, 
2487, 2163, 1814, 1449, 1363, 1463, 1716, 2055, 2396, 2644, 
2739, 2654, 2411, 2071, 1731, 1470, 1363, 1441, 1676, 2147, 
2472, 2684, 2733, 2604, 2329, 1982, 1652, 1425, 1365, 1487, 
1759, 2105, 2439, 2669, 2739, 2546, 2243, 1891, 1580, 1392, 
1381, 1547, 1844, 2195, 2511, 2703, 2727, 2575, 2284, 1932, 
1612, 1372, 1408, 1612, 1932, 2283, 2574, 2726, 2704, 2511, 
2195, 1844, 1547, 1381, 1393, 1580, 1889, 2368, 2627, 2736, 
2668, 2439, 2105, 1759, 1487, 1366, 1425, 1651, 1980, 2329, 
2603, 2736, 2686, 2360, 2012, 1679, 1440, 1363, 1470, 1731, 
2071, 2411, 2654, 2738, 2644, 2398, 2056, 1716, 1463, 1374, 
1524, 1814, 2163, 2487, 2691, 2732, 2593, 2316, 1966, 1638, 
1420, 1368, 1497, 1773, 2120, 2552, 2719, 2714, 2535, 2227, 
1875, 1568, 1392, 1383, 1556, 1859, 2211, 2523, 2707, 2723, 
2563, 2136, 1791, 1509, 1371, 1413, 1624, 1948, 2300, 2583, 
2730, 2697, 2499, 2183, 1830, 1536, 1376, 1452, 1702, 2039, 
2382, 2636, 2738, 2662, 2425, 2088, 1744, 1480, 1364, 1432, 
1664, 1995, 2342, 2680, 2737, 2614, 2344, 1999, 1665, 1433, 
1364, 1479, 1744, 2087, 2424, 2660, 2739, 2636, 2383, 1907, 
1593, 1400, 1376, 1536, 1827, 2179, 2496, 2696, 2728, 2585, 
2300, 1947, 1627, 1414, 1371, 1599, 1917, 2268, 2560, 2721, 
2707, 2523, 2213, 1830, 1508, 1363, 1464, 1743, 2098, 2441, 
2671, 2712, 2531, 2187, 1835, 1539, 1378, 1396, 1587, 1899, 
2253, 2551, 2719, 2712, 2535, 2228, 1875, 1483, 1366, 1428, 
1660, 1990, 2337, 2609, 2736, 2683, 2463, 2137, 1789, 1507, 
1371, 1413, 1625, 2081, 2419, 2656, 2735, 2640, 2387, 2046, 
1707, 1456, 1364, 1452, 1700, 2038, 2382, 2633, 2736, 2588, 
2305, 1955, 1631, 1416, 1368, 1504, 1780, 2131, 2459, 2678, 
2736, 2616, 2345, 1999, 1666, 1385, 1387, 1563, 1867, 2222, 
2528, 2710, 2720, 2556, 2259, 1907, 1594, 1398, 1377, 1536, 
1828, 2307, 2588, 2729, 2694, 2491, 2171, 1819, 1530, 1375, 
1403, 1599, 1915, 2267, 2561, 2722, 2708, 2415, 2078, 1733, 
1473, 1363, 1436, 1672, 2004, 2353, 2619, 2736, 2675, 2453, 
2122, 1775, 1498, 1366, 1484, 1751, 2097, 2433, 2665, 2739, 
2632, 2374, 2032, 1695, 1449, 1365, 1457, 1714, 2055, 2503, 
2700, 2727, 2578, 2291, 1939, 1619, 1409, 1371, 1512, 1797, 
2145, 2471, 2684, 2732, 2604, 2202, 1850, 1552, 1382, 1391, 
1575, 1882, 2236, 2539, 2715, 2716, 2546, 2246, 1891, 1580, 
1395, 1423, 1646, 1974, 2321, 2598, 2732, 2687, 2480, 2155, 
1804, 1518, 1372, 1407, 1611, 1931, 2283, 2649, 2738, 2649, 
2403, 2064, 1723, 1466, 1363, 1442, 1686, 2020, 2367, 2627, 
2736, 2671, 2440, 1973, 1644, 1424, 1366, 1493, 1767, 2113, 
2446, 2671, 2737, 2624, 2360, 2013, 1680, 1440, 1365, 1551, 
1858, 2203, 2518, 2705, 2725, 2568, 2276, 1924, 1607, 1402, 
1373, 1524, 1811, 2161, 2483, 2727, 2699, 2504, 2188, 1839, 
1540, 1378, 1395, 1587, 1899, 2251, 2551, 2719, 2714, 2535, 
2227, 1749, 1484, 1365, 1428, 1658, 1988, 2337, 2609, 2735, 
2683, 2467, 2140, 1791, 1510, 1370, 1412, 1737, 2080, 2419, 
2657, 2739, 2640, 2390, 2047, 1708, 1457, 1364, 1452, 1699, 
2035, 2382, 2633, 2731, 2590, 2307, 1955, 1633, 1416, 1367, 
1503, 1781, 2128, 2458, 2679, 2737, 2615, 2348, 1999, 1561, 
1387, 1385, 1564, 1867, 2220, 2529, 2711, 2721, 2558, 2260, 
1911, 1594, 1399, 1376, 1534, 1955, 2307, 2588, 2731, 2696, 
2491, 2174, 1822, 1531, 1375, 1402, 1599, 1914, 2266, 2560, 
2723, 2664, 2419, 2080, 1737, 1475, 1363, 1437, 1672, 2003, 
2352, 2619, 2736, 2676, 2454, 2124, 1776, 1430, 1364, 1484, 
1750, 2096, 2428, 2664, 2739, 2632, 2375, 2031, 1694, 1449, 
1363, 1459, 1712, 2186, 2502, 2700, 2729, 2579, 2292, 1940, 
1620, 1411, 1369, 1513, 1796, 2144, 2469, 2684, 2735, 2519, 
2206, 1853, 1553, 1383, 1391, 1574, 1882, 2235, 2540, 2715, 
2718, 2547, 2246, 1893, 1582, 1367, 1422, 1645, 1974, 2321, 
2598, 2734, 2687, 2481, 2156, 1807, 1520, 1372, 1405, 1609, 
1929, 2403, 2648, 2739, 2651, 2406, 2064, 1724, 1467, 1364, 
1443, 1684, 2020, 2365, 2627, 2737, 2671, 2323, 1974, 1647, 
1424, 1367, 1493, 1766, 2113, 2444, 2672, 2736, 2624, 2363, 
2016, 1682, 1443, 1382, 1551, 1851, 2203, 2515, 2705, 2726, 
2569, 2277, 1926, 1607, 1404, 1374, 1522, 1809, 2160, 2578, 
2727, 2700, 2503, 2188, 1837, 1542, 1379, 1396, 1584, 1896, 
2250, 2549, 2719, 2712, 2536, 2099, 1751, 1484, 1365, 1430, 
1657, 1987, 2336, 2609, 2736, 2682, 2468, 2140, 1792, 1510, 
1371, 1475, 1737, 2079, 2417, 2656, 2739, 2641, 2388, 2047, 
1711, 1458, 1363, 1451, 1698, 2035, 2380, 2693, 2731, 2590, 
2309, 1958, 1633, 1417, 1368, 1501, 1779, 2126, 2457, 2676, 
2736, 2616, 2349, 1868, 1563, 1390, 1386, 1562, 1867, 2219, 
2527, 2711, 2722, 2559, 2263, 1911, 1596, 1399, 1376, 1631, 
1955, 2305, 2587, 2728, 2695, 2492, 2174, 1822, 1532, 1376, 
1399, 1598, 1912, 2264, 2559, 2738, 2659, 2419, 2083, 1738, 
1475, 1363, 1435, 1671, 2001, 2351, 2616, 2735, 2675, 2455, 
2123, 1660, 1428, 1365, 1483, 1751, 2096, 2432, 2664, 2739, 
2632, 2376, 2034, 1697, 1451, 1363, 1458, 1835, 2187, 2503, 
2699, 2727, 2579, 2294, 1942, 2731, 2600, 2326, 1977, 1649, 
1424, 1364, 1486, 1883, 2236, 2539, 2713, 2714, 2543, 2241, 
1888, 1578, 1392, 1379, 1545, 1842, 2196, 2507, 2700, 2686, 
2476, 2150, 1801, 1515, 1370, 1408, 1612, 1930, 2284, 2571, 
2726, 2700, 2508, 2193, 1841, 1463, 1362, 1443, 1687, 2022, 
2368, 2627, 2737, 2667, 2435, 2104, 1756, 1487, 1364, 1425, 
1651, 2112, 2444, 2671, 2736, 2620, 2358, 2011, 1678, 1439, 
1363, 1469, 1730, 2071, 2409, 2652, 2736, 2567, 2272, 1919, 
1604, 1403, 1373, 1524, 1813, 2164, 2484, 2691, 2729, 2592, 
2313, 1963, 1637, 1377, 1395, 1587, 1901, 2254, 2551, 2721, 
2711, 2533, 2225, 1874, 1567, 1389, 1384, 1557, 1859, 2339, 
2608, 2735, 2680, 2463, 2136, 1787, 1507, 1369, 1413, 1625, 
1948, 2296, 2580, 2727, 2697, 2385, 2044, 1705, 1455, 1363, 
1452, 1701, 2038, 2382, 2636, 2737, 2659, 2425, 2088, 1743, 
1478, 1367, 1503, 1783, 2129, 2457, 2678, 2736, 2612, 2344, 
1997, 1664, 1432, 1364, 1479, 1743, 2088, 2528, 2710, 2719, 
2556, 2257, 1906, 1592, 1398, 1377, 1536, 1830, 2176, 2497, 
2696, 2727, 2584, 2169, 1818, 1528, 1374, 1401, 1600, 1916, 
2268, 2563, 2723, 2708, 2521, 2211, 1860, 1556, 1384, 1437, 
1672, 2006, 2353, 2619, 2737, 2675, 2451, 2119, 1774, 1497, 
1366, 1418, 1636, 1964, 2314, 2664, 2738, 2630, 2372, 2029, 
1693, 1447, 1364, 1463, 1715, 2055, 2396, 2644, 2739, 2652, 
2411, 1937, 1617, 1410, 1369, 1516, 1797, 2147, 2474, 2686, 
2734, 2604, 2330, 1982, 1651, 1427, 1365, 1575, 1883, 2236, 
2540, 2716, 2717, 2546, 2243, 1891, 1580, 1393, 1380, 1546, 
1843, 2194, 2510, 2735, 2688, 2478, 2154, 1801, 1518, 1372, 
1407, 1612, 1933, 2281, 2574, 2727, 2702, 2510, 2196, 1720, 
1463, 1364, 1445, 1687, 2022, 2367, 2628, 2737, 2668, 2439, 
2104, 1759, 1489, 1367, 1425, 1768, 2115, 2447, 2671, 2737, 
2623, 2360, 2014, 1679, 1438, 1363, 1469, 1730, 2071, 2412, 
2655, 2724, 2567, 2274, 1923, 1606, 1403, 1373, 1524, 1812, 
2162, 2486, 2691, 2732, 2595, 2315, 1966, 1540, 1377, 1395, 
1587, 1899, 2252, 2551, 2719, 2712, 2535, 2228, 1875, 1569, 
1389, 1382, 1555, 1987, 2338, 2608, 2736, 2683, 2465, 2137, 
1790, 1510, 1370, 1411, 1625, 1948, 2297, 2584, 2727, 2639, 
2388, 2047, 1707, 1456, 1363, 1452, 1702, 2039, 2382, 2636, 
2737, 2661, 2426, 2089, 1744, 1415, 1368, 1503, 1783, 2129, 
2461, 2679, 2734, 2614, 2348, 1999, 1664, 1434, 1364, 1479, 
1744, 2221, 2528, 2711, 2720, 2556, 2260, 1907, 1593, 1397, 
1377, 1535, 1827, 2179, 2496, 2696, 2728, 2492, 2171, 1820, 
1529, 1374, 1400, 1600, 1915, 2265, 2562, 2722, 2707, 2523, 
2213, 1863, 1555, 1362, 1436, 1671, 2004, 2352, 2618, 2736, 
2675, 2452, 2122, 1776, 1499, 1367, 1418, 1636, 1963, 2433, 
2665, 2737, 2632, 2374, 2031, 1694, 1449, 1363, 1460, 1715, 
2055, 2396, 2643, 2739, 2655, 2291, 1939, 1618, 1410, 1370, 
1511, 1797, 2146, 2474, 2684, 2735, 2604, 2331, 1983, 1654, 
1427, 1391, 1574, 1881, 2236, 2541, 2712, 2718, 2547, 2244, 
1891, 1581, 1393, 1381, 1544, 1843, 2194, 2599, 2734, 2687, 
2479, 2153, 1805, 1520, 1373, 1406, 1611, 1931, 2283, 2572, 
2726, 2703, 2512, 2063, 1721, 1467, 1363, 1444, 1686, 2021, 
2367, 2627, 2739, 2670, 2439, 2107, 1760, 1489, 1366, 1492, 
1766, 2112, 2446, 2672, 2739, 2623, 2361, 2014, 1681, 1440, 
1365, 1469, 1728, 2068, 2407, 2704, 2727, 2568, 2276, 1923, 
1607, 1404, 1374, 1523, 1811, 2163, 2483, 2690, 2732, 2594, 
2316, 1836, 1540, 1379, 1396, 1586, 1898, 2251, 2550, 2718, 
2713, 2535, 2232, 1875, 1569, 1388, 1384, 1659, 1987, 2338, 
2609, 2736, 2683, 2465, 2140, 1791, 1510, 1369, 1412, 1624, 
1946, 2298, 2583, 2739, 2639, 2389, 2049, 1708, 1457, 1363, 
1451, 1699, 2036, 2380, 2633, 2738, 2663, 2428, 2070, 1587, 
1387, 1402, 1672, 2005, 2356, 2620, 2736, 2672, 2436, 2070, 
1728, 1469, 1363, 1441, 1680, 2151, 2476, 2687, 2732, 2603, 
2326, 1978, 1651, 1423, 1366, 1489, 1760, 2104, 2439, 2668, 
2738, 2542, 2240, 1887, 1577, 1392, 1380, 1548, 1847, 2198, 
2511, 2703, 2726, 2572, 2285, 1927, 1612, 1369, 1409, 1615, 
1935, 2286, 2574, 2727, 2701, 2508, 2192, 1841, 1545, 1380, 
1392, 1582, 1892, 2371, 2630, 2739, 2668, 2436, 2107, 1755, 
1487, 1366, 1427, 1654, 1983, 2332, 2606, 2735, 2684, 2359, 
2009, 1678, 1436, 1363, 1472, 1735, 2073, 2413, 2654, 2740, 
2643, 2396, 2054, 1713, 1459, 1374, 1527, 1816, 2166, 2487, 
2691, 2732, 2592, 2313, 1962, 1636, 1418, 1368, 1499, 1775, 
2119, 2551, 2721, 2710, 2533, 2225, 1872, 1566, 1388, 1385, 
1559, 1861, 2215, 2524, 2708, 2723, 2562, 2135, 1788, 1507, 
1368, 1414, 1626, 1951, 2301, 2585, 2731, 2698, 2496, 2179, 
1826, 1534, 1375, 1453, 1704, 2042, 2385, 2638, 2738, 2659, 
2423, 2086, 1744, 1479, 1364, 1432, 1667, 1998, 2346, 2680, 
2735, 2612, 2343, 1996, 1664, 1432, 1365, 1481, 1747, 2091, 
2427, 2663, 2742, 2635, 2383, 1904, 1591, 1397, 1377, 1536, 
1830, 2182, 2499, 2697, 2729, 2583, 2299, 1947, 1624, 1412, 
1369, 1601, 1919, 2271, 2561, 2724, 2707, 2521, 2207, 1858, 
1557, 1386, 1388, 1572, 1875, 2230, 2535, 2737, 2673, 2450, 
2119, 1772, 1497, 1367, 1420, 1639, 1968, 2316, 2595, 2732, 
2691, 2485, 2163, 1691, 1447, 1364, 1461, 1718, 2058, 2398, 
2645, 2740, 2653, 2412, 2071, 1728, 1469, 1362, 1442, 1799, 
2148, 2476, 2684, 2736, 2604, 2329, 1980, 1651, 1426, 1367, 
1490, 1760, 2105, 2441, 2668, 2716, 2544, 2243, 1891, 1578, 
1394, 1381, 1547, 1847, 2196, 2511, 2703, 2727, 2573, 2283, 
1931, 1518, 1371, 1408, 1616, 1934, 2287, 2576, 2727, 2700, 
2511, 2193, 1843, 1547, 1379, 1393, 1580, 2023, 2371, 2628, 
2739, 2667, 2439, 2103, 1757, 1488, 1366, 1426, 1652, 1981, 
2328, 2606, 2735, 2623, 2359, 2011, 1678, 1439, 1363, 1470, 
1731, 2073, 2412, 2654, 2737, 2645, 2396, 2056, 1715, 1403, 
1372, 1524, 1813, 2163, 2488, 2692, 2732, 2593, 2314, 1964, 
1638, 1418, 1367, 1498, 1774, 2254, 2552, 2720, 2713, 2534, 
2227, 1875, 1567, 1388, 1383, 1558, 1860, 2212, 2520, 2712, 
2725, 2464, 2136, 1788, 1507, 1369, 1414, 1625, 1948, 2300, 
2587, 2729, 2696, 2500, 2177, 1828, 1535, 1363, 1452, 1703, 
2040, 2383, 2636, 2739, 2662, 2427, 2087, 1744, 1476, 1364, 
1433, 1665, 1997, 2462, 2680, 2736, 2613, 2344, 1998, 1664, 
1432, 1365, 1480, 1746, 2089, 2425, 2662, 2739, 2636, 2257, 
1905, 1592, 1397, 1376, 1535, 1826, 2180, 2495, 2695, 2729, 
2580, 2298, 1945, 1627, 1412, 1402, 1601, 1917, 2268, 2563, 
2723, 2707, 2521, 2211, 1859, 1557, 1383, 1388, 1567, 1875, 
2228, 2620, 2737, 2675, 2452, 2121, 1773, 1498, 1366, 1418, 
1639, 1964, 2315, 2592, 2732, 2691, 2483, 2028, 1692, 1447, 
1366, 1461, 1716, 2056, 2396, 2644, 2739, 2652, 2411, 2072, 
1730, 1470, 1364, 1515, 1798, 2147, 2474, 2687, 2732, 2604, 
2328, 1980, 1651, 1427, 1366, 1489, 1759, 2105, 2439, 2716, 
2718, 2545, 2243, 1889, 1581, 1393, 1379, 1548, 1844, 2193, 
2510, 2704, 2727, 2574, 2284, 1801, 1518, 1369, 1408, 1612, 
1932, 2281, 2568, 2727, 2703, 2511, 2192, 1843, 1547, 1380, 
1393, 1688, 2024, 2369, 2628, 2739, 2670, 2439, 2104, 1758, 
1488, 1366, 1425, 1651, 1982, 2329, 2604, 2736, 2624, 2360, 
2012, 1679, 1439, 1363, 1470, 1730, 2071, 2411, 2654, 2739, 
2644, 2398, 2056, 1605, 1403, 1372, 1525, 1812, 2163, 2486, 
2691, 2732, 2594, 2314, 1966, 1639, 1420, 1367, 1497, 1898, 
2254, 2554, 2719, 2713, 2535, 2228, 1875, 1567, 1389, 1383, 
1557, 1858, 2211, 2522, 2707, 2682, 2464, 2136, 1789, 1508, 
1370, 1413, 1625, 1948, 2299, 2580, 2729, 2695, 2500, 2179, 
2302, 1819, 1531, 1374, 1397, 1594, 1907, 2259, 2556, 2719, 
2704, 2525, 2214, 1863, 1560, 1382, 1384, 1667, 1999, 2345, 
2614, 2734, 2674, 2454, 2124, 1778, 1500, 1366, 1415, 1631, 
1957, 2305, 2585, 2736, 2630, 2376, 2032, 1695, 1449, 1361, 
1456, 1710, 2047, 2390, 2639, 2736, 2655, 2414, 2076, 1623, 
1410, 1369, 1510, 1791, 2139, 2466, 2681, 2732, 2608, 2332, 
1986, 1656, 1427, 1364, 1484, 1877, 2232, 2535, 2712, 2716, 
2547, 2247, 1895, 1585, 1394, 1378, 1543, 1836, 2187, 2504, 
2700, 2688, 2480, 2158, 1808, 1520, 1371, 1404, 1607, 1925, 
2276, 2568, 2723, 2703, 2513, 2201, 1849, 1468, 1363, 1440, 
1679, 2016, 2364, 2624, 2739, 2671, 2441, 2110, 1763, 1491, 
1366, 1420, 1646, 2108, 2441, 2670, 2737, 2623, 2365, 2019, 
1683, 1442, 1363, 1472, 1723, 2063, 2404, 2648, 2737, 2569, 
2280, 1928, 1609, 1404, 1372, 1518, 1804, 2157, 2480, 2687, 
2731, 2597, 2319, 1971, 1647, 1379, 1393, 1582, 1892, 2245, 
2547, 2716, 2714, 2538, 2233, 1881, 1573, 1390, 1383, 1552, 
1854, 2332, 2606, 2735, 2683, 2470, 2143, 1796, 1514, 1370, 
1410, 1619, 1940, 2295, 2579, 2727, 2700, 2392, 2051, 1712, 
1459, 1363, 1448, 1695, 2030, 2376, 2631, 2739, 2664, 2431, 
2095, 1750, 1483, 1368, 1500, 1776, 2124, 2452, 2676, 2736, 
2619, 2351, 2003, 1671, 1437, 1364, 1477, 1737, 2081, 2523, 
2708, 2721, 2561, 2265, 1913, 1599, 1400, 1376, 1531, 1822, 
2172, 2491, 2695, 2729, 2585, 2177, 1823, 1536, 1376, 1399, 
1595, 1910, 2260, 2558, 2721, 2710, 2528, 2219, 1867, 1562, 
1386, 1434, 1668, 2000, 2348, 2616, 2736, 2679, 2458, 2128, 
1781, 1502, 1368, 1416, 1632, 1956, 2307, 2664, 2737, 2635, 
2379, 2037, 1700, 1451, 1362, 1458, 1710, 2049, 2391, 2640, 
2739, 2657, 2416, 1944, 1623, 1412, 1371, 1510, 1791, 2141, 
2463, 2684, 2735, 2609, 2339, 1987, 1656, 1428, 1365, 1571, 
1878, 2230, 2535, 2713, 2719, 2551, 2251, 1896, 1586, 1395, 
1379, 1541, 1837, 2188, 2504, 2732, 2691, 2483, 2161, 1811, 
1523, 1373, 1409, 1607, 1924, 2276, 2569, 2724, 2704, 2516, 
2204, 1728, 1468, 1363, 1439, 1680, 2016, 2361, 2623, 2737, 
2672, 2444, 2111, 1766, 1492, 1366, 1422, 1760, 2107, 2440, 
2670, 2737, 2624, 2367, 2020, 1684, 1444, 1363, 1467, 1722, 
2068, 2402, 2651, 2726, 2571, 2280, 1929, 1611, 1406, 1373, 
1519, 1807, 2156, 2480, 2689, 2735, 2599, 2322, 1973, 1544, 
1379, 1392, 1582, 1893, 2244, 2547, 2718, 2712, 2539, 2235, 
1881, 1573, 1390, 1380, 1551, 1983, 2332, 2606, 2735, 2684, 
2471, 2145, 1793, 1512, 1370, 1409, 1618, 1940, 2292, 2579, 
2727, 2643, 2393, 2052, 1715, 1460, 1363, 1448, 1695, 2031, 
2376, 2632, 2739, 2666, 2433, 2097, 1751, 1419, 1367, 1500, 
1776, 2124, 2453, 2676, 2737, 2619, 2352, 2005, 1671, 1436, 
1364, 1476, 1735, 2213, 2524, 2707, 2723, 2562, 2267, 1915, 
1599, 1400, 1375, 1531, 1820, 2172, 2491, 2695, 2732, 2496, 
2176, 1826, 1536, 1376, 1399, 1594, 1907, 2259, 2558, 2721, 
2710, 2528, 2222, 1866, 1561, 1365, 1433, 1665, 1998, 2344, 
2616, 2734, 2679, 2459, 2129, 1783, 1503, 1369, 1417, 1631, 
1955, 2427, 2663, 2739, 2635, 2380, 2038, 1700, 1452, 1362, 
1456, 1708, 2048, 2389, 2641, 2739, 2659, 2297, 1945, 1623, 
1413, 1370, 1508, 1791, 2139, 2465, 2682, 2736, 2611, 2336, 
1990, 1659, 1429, 1388, 1569, 1878, 2229, 2535, 2712, 2718, 
2552, 2254, 1899, 1588, 1395, 1378, 1540, 1836, 2187, 2595, 
2732, 2690, 2484, 2161, 1812, 1523, 1373, 1405, 1607, 1923, 
2275, 2567, 2722, 2706, 2516, 2070, 1728, 1469, 1363, 1440, 
1677, 2015, 2361, 2624, 2738, 2673, 2446, 2115, 1767, 1494, 
1365, 1489, 1760, 2108, 2440, 2670, 2739, 2627, 2367, 2022, 
1686, 1444, 1363, 1465, 1723, 2063, 2403, 2703, 2726, 2572, 
2278, 1905, 1577, 1383, 1404, 1679, 2014, 2366, 2627, 2739, 
2665, 2430, 2060, 1608, 1404, 1373, 1522, 1810, 2160, 2483, 
2689, 2732, 2595, 2318, 1968, 1645, 1421, 1366, 1495, 1897, 
2248, 2550, 2718, 2713, 2535, 2232, 1879, 1571, 1388, 1382, 
1554, 1855, 2207, 2518, 2705, 2684, 2467, 2142, 1792, 1511, 
1370, 1411, 1622, 1944, 2296, 2579, 2727, 2697, 2500, 2182, 
1832, 1459, 1364, 1450, 1699, 2035, 2380, 2631, 2737, 2663, 
2428, 2092, 1748, 1482, 1364, 1431, 1663, 2127, 2456, 2678, 
2736, 2616, 2348, 2001, 1668, 1433, 1363, 1475, 1740, 2085, 
2421, 2660, 2739, 2560, 2262, 1910, 1598, 1398, 1376, 1533, 
1825, 2175, 2495, 2697, 2731, 2588, 2303, 1953, 1629, 1376, 
1400, 1598, 1913, 2264, 2559, 2721, 2708, 2526, 2215, 1863, 
1560, 1385, 1386, 1567, 1871, 2350, 2619, 2736, 2678, 2455, 
2126, 1777, 1500, 1367, 1417, 1635, 1960, 2310, 2590, 2731, 
2692, 2377, 2032, 1696, 1451, 1363, 1460, 1712, 2049, 2393, 
2642, 2739, 2655, 2415, 2076, 1734, 1475, 1371, 1511, 1795, 
2142, 2468, 2683, 2734, 2608, 2333, 1987, 1656, 1427, 1366, 
1486, 1755, 2099, 2539, 2715, 2718, 2549, 2248, 1895, 1584, 
1395, 1379, 1544, 1839, 2191, 2505, 2703, 2727, 2578, 2158, 
1807, 1521, 1372, 1406, 1609, 1927, 2279, 2569, 2727, 2705, 
2514, 2200, 1848, 1550, 1382, 1442, 1683, 2019, 2366, 2626, 
2739, 2671, 2444, 2110, 1763, 1492, 1368, 1425, 1648, 1978, 
2324, 2672, 2738, 2627, 2364, 2019, 1683, 1443, 1362, 1466, 
1726, 2066, 2407, 2651, 2739, 2648, 2401, 1927, 1609, 1406, 
1375, 1521, 1809, 2159, 2482, 2690, 2731, 2598, 2319, 1971, 
1643, 1421, 1366, 1584, 1895, 2247, 2549, 2719, 2715, 2537, 
2233, 1880, 1571, 1390, 1384, 1554, 1855, 2207, 2518, 2736, 
2684, 2468, 2142, 1795, 1511, 1371, 1412, 1620, 1944, 2295, 
2581, 2728, 2699, 2503, 2185, 1711, 1459, 1363, 1450, 1697, 
2036, 2377, 2633, 2740, 2663, 2430, 2094, 1750, 1483, 1366, 
1430, 1780, 2127, 2455, 2678, 2736, 2619, 2350, 2003, 1670, 
1436, 1364, 1475, 1740, 2082, 2420, 2657, 2721, 2559, 2264, 
1912, 1596, 1400, 1376, 1532, 1823, 2175, 2492, 2696, 2728, 
2585, 2307, 1953, 1532, 1376, 1400, 1594, 1911, 2262, 2559, 
2719, 2710, 2527, 2216, 1863, 1561, 1387, 1387, 1563, 1999, 
2348, 2616, 2736, 2676, 2456, 2126, 1779, 1500, 1368, 1416, 
1634, 1956, 2308, 2590, 2731, 2632, 2377, 2033, 1697, 1451, 
1365, 1459, 1708, 2051, 2392, 2641, 2739, 2656, 2415, 2079, 
1736, 1411, 1370, 1509, 1793, 2142, 2467, 2684, 2736, 2608, 
2335, 1987, 1657, 1427, 1365, 1485, 1752, 2230, 2535, 2715, 
2719, 2551, 2249, 1896, 1584, 1394, 1378, 1543, 1838, 2190, 
2504, 2700, 2728, 2483, 2160, 1810, 1521, 1373, 1405, 1609, 
1927, 2277, 2571, 2727, 2705, 2516, 2201, 1850, 1551, 1363, 
1441, 1681, 2016, 2364, 2624, 2739, 2671, 2444, 2111, 1765, 
1491, 1368, 1423, 1647, 1975, 2441, 2668, 2736, 2627, 2365, 
2017, 1685, 1444, 1364, 1466, 1726, 2065, 2405, 2651, 2738, 
2649, 2279, 1928, 1610, 1406, 1372, 1521, 1807, 2158, 2481, 
2688, 2732, 2598, 2320, 1971, 1643, 1423, 1394, 1583, 1894, 
2247, 2548, 2717, 2715, 2539, 2236, 1881, 1573, 1391, 1382, 
1554, 1852, 2207, 2607, 2735, 2683, 2470, 2144, 1795, 1512, 
1370, 1410, 1622, 1942, 2294, 2579, 2729, 2699, 2500, 2051, 
1713, 1459, 1364, 1448, 1695, 2032, 2377, 2634, 2737, 2665, 
2431, 2095, 1750, 1484, 1369, 1500, 1777, 2125, 2455, 2677, 
2736, 2617, 2351, 2003, 1670, 1435, 1362, 1475, 1739, 2080, 
2419, 2709, 2721, 2560, 2264, 1914, 1599, 1401, 1373, 1531, 
1822, 2172, 2493, 2695, 2730, 2588, 2306, 1825, 1533, 1377, 
1400, 1596, 1910, 2263, 2558, 2721, 2709, 2528, 2219, 1866, 
1562, 1387, 1386, 1668, 1999, 2347, 2617, 2735, 2679, 2457, 
2127, 1782, 1502, 1369, 1416, 1632, 1958, 2307, 2589, 2739, 
2635, 2380, 2036, 2736, 2654, 2416, 2076, 1735, 1474, 1363, 
1435, 1672, 2001, 2352, 2616, 2734, 2607, 2334, 1989, 1657, 
1429, 1364, 1483, 1752, 2094, 2430, 2663, 2736, 2631, 2372, 
2027, 1585, 1395, 1377, 1540, 1835, 2185, 2502, 2699, 2725, 
2577, 2289, 1938, 1619, 1411, 1370, 1511, 1923, 2275, 2567, 
2723, 2703, 2513, 2200, 1848, 1551, 1380, 1391, 1574, 1882, 
2238, 2536, 2712, 2670, 2444, 2111, 1763, 1491, 1367, 1422, 
1643, 1970, 2320, 2596, 2731, 2687, 2479, 2153, 1804, 1443, 
1363, 1464, 1723, 2063, 2403, 2647, 2736, 2647, 2402, 2064, 
1720, 1465, 1363, 1443, 1684, 2156, 2479, 2687, 2732, 2598, 
2319, 1972, 1644, 1422, 1365, 1493, 1766, 2112, 2444, 2670, 
2736, 2539, 2235, 1882, 1574, 1390, 1380, 1551, 1851, 2203, 
2515, 2705, 2724, 2568, 2276, 1925, 1606, 1369, 1409, 1619, 
1939, 2291, 2577, 2727, 2699, 2503, 2188, 1835, 1540, 1378, 
1395, 1585, 1897, 2373, 2631, 2737, 2665, 2431, 2096, 1752, 
1484, 1366, 1428, 1658, 1988, 2336, 2608, 2735, 2680, 2352, 
2006, 1673, 1435, 1365, 1474, 1736, 2079, 2419, 2657, 2739, 
2639, 2389, 2048, 1708, 1457, 1375, 1531, 1822, 2171, 2488, 
2695, 2729, 2588, 2305, 1957, 1632, 1416, 1368, 1498, 1781, 
2127, 2558, 2720, 2711, 2528, 2220, 1868, 1562, 1386, 1387, 
1562, 1864, 2217, 2527, 2710, 2721, 2558, 2127, 1783, 1504, 
1367, 1416, 1632, 1955, 2304, 2588, 2729, 2695, 2492, 2172, 
1821, 1531, 1374, 1457, 1708, 2048, 2390, 2639, 2737, 2656, 
2418, 2080, 1736, 1475, 1363, 1435, 1672, 2003, 2351, 2682, 
2732, 2610, 2336, 1990, 1659, 1428, 1365, 1484, 1749, 2096, 
2430, 2663, 2739, 2633, 2376, 1897, 1588, 1396, 1378, 1541, 
1835, 2186, 2503, 2700, 2727, 2576, 2294, 1939, 1623, 1412, 
1371, 1608, 1923, 2276, 2568, 2724, 2706, 2516, 2204, 1851, 
1553, 1385, 1389, 1573, 1880, 2235, 2539, 2738, 2672, 2446, 
2113, 1767, 1493, 1368, 1422, 1645, 1971, 2322, 2595, 2733, 
2690, 2480, 2158, 1688, 1446, 1364, 1466, 1723, 2063, 2401, 
2648, 2739, 2649, 2406, 2064, 1724, 1467, 1364, 1443, 1806, 
2155, 2479, 2687, 2732, 2600, 2322, 1975, 1646, 1423, 1367, 
1492, 1767, 2111, 2445, 2672, 2715, 2541, 2238, 1884, 1577, 
1390, 1379, 1552, 1851, 2201, 2515, 2704, 2726, 2569, 2279, 
1926, 1513, 1371, 1409, 1617, 1939, 2291, 2580, 2727, 2702, 
2504, 2191, 1839, 1542, 1379, 1395, 1585, 2030, 2376, 2630, 
2739, 2667, 2432, 2100, 1751, 1486, 1364, 1428, 1657, 1990, 
2335, 2610, 2735, 2619, 2352, 2007, 1674, 1438, 1361, 1473, 
1735, 2077, 2416, 2656, 2739, 2642, 2392, 2049, 1710, 1400, 
1375, 1529, 1819, 2171, 2490, 2694, 2731, 2590, 2308, 1958, 
1633, 1417, 1368, 1502, 1780, 2260, 2556, 2721, 2712, 2528, 
2223, 1868, 1563, 1388, 1386, 1561, 1864, 2218, 2526, 2711, 
2719, 2459, 2131, 1783, 1504, 1369, 1415, 1630, 1954, 2307, 
2587, 2729, 2695, 2495, 2172, 1824, 1532, 1363, 1454, 1706, 
2046, 2388, 2640, 2739, 2657, 2420, 2081, 1739, 1475, 1367, 
1435, 1670, 2000, 2465, 2680, 2735, 2609, 2338, 1990, 1660, 
1428, 1365, 1483, 1747, 2094, 2427, 2663, 2740, 2636, 2256, 
1899, 1589, 1396, 1378, 1540, 1834, 2185, 2501, 2700, 2728, 
2579, 2295, 1943, 1622, 1410, 1404, 1604, 1923, 2273, 2566, 
2723, 2705, 2519, 2207, 1853, 1552, 1383, 1390, 1572, 1880, 
2233, 2623, 2737, 2674, 2447, 2113, 1768, 1495, 1368, 1421, 
1642, 1970, 2319, 2598, 2732, 2689, 2480, 2023, 1688, 1445, 
1361, 1464, 1722, 2063, 2401, 2649, 2740, 2652, 2408, 2063, 
1726, 1468, 1363, 1518, 1804, 2152, 2478, 2688, 2736, 2600, 
2324, 1976, 1646, 1424, 1367, 1492, 1763, 2111, 2443, 2716, 
2716, 2542, 2238, 1884, 1576, 1390, 1379, 1550, 1849, 2200, 
2514, 2704, 2725, 2569, 2279, 1799, 1514, 1370, 1408, 1617, 
1937, 2288, 2576, 2727, 2702, 2505, 2184, 1814, 1499, 1366, 
1459, 1855, 2211, 2528, 2711, 2721, 2548, 2217, 1867, 1560, 
1387, 1387, 1564, 1870, 2223, 2529, 2712, 2678, 2457, 2126, 
1777, 1501, 1367, 1416, 1633, 1958, 2308, 2590, 2731, 2692, 
2492, 2168, 1817, 1451, 1362, 1457, 1710, 2051, 2392, 2641, 
2739, 2656, 2416, 2078, 1735, 1474, 1363, 1438, 1673, 2142, 
2468, 2683, 2735, 2607, 2335, 1986, 1656, 1428, 1365, 1485, 
1754, 2099, 2432, 2663, 2737, 2550, 2247, 1894, 1584, 1395, 
1379, 1542, 1838, 2190, 2504, 2700, 2727, 2576, 2289, 1936, 
1619, 1372, 1406, 1608, 1927, 2279, 2568, 2727, 2705, 2515, 
2201, 1851, 1548, 1382, 1392, 1575, 1887, 2364, 2624, 2738, 
2671, 2442, 2111, 1766, 1492, 1368, 1419, 1645, 1976, 2323, 
2601, 2733, 2688, 2365, 2019, 1684, 1443, 1363, 1467, 1726, 
2065, 2404, 2652, 2739, 2648, 2401, 2065, 1722, 1465, 1372, 
1520, 1808, 2158, 2481, 2688, 2732, 2595, 2320, 1971, 1644, 
1423, 1365, 1495, 1768, 2115, 2551, 2718, 2715, 2539, 2233, 
1880, 1574, 1392, 1383, 1554, 1853, 2206, 2519, 2707, 2723, 
2567, 2143, 1794, 1510, 1369, 1411, 1619, 1942, 2292, 2582, 
2729, 2700, 2500, 2186, 1835, 1540, 1377, 1449, 1695, 2032, 
2377, 2633, 2739, 2664, 2431, 2097, 1751, 1482, 1364, 1428, 
1659, 1988, 2336, 2676, 2737, 2617, 2351, 2002, 1670, 1436, 
1363, 1476, 1738, 2079, 2420, 2657, 2739, 2640, 2390, 1913, 
1600, 1400, 1375, 1531, 1824, 2172, 2492, 2695, 2729, 2587, 
2306, 1953, 1631, 1416, 1368, 1596, 1910, 2262, 2559, 2721, 
2709, 2527, 2220, 1865, 1562, 1387, 1386, 1563, 1870, 2220, 
2529, 2735, 2680, 2457, 2127, 1779, 1503, 1368, 1417, 1632, 
1958, 2307, 2589, 2731, 2694, 2491, 2171, 1697, 1451, 1364, 
1465, 1709, 2049, 2392, 2643, 2739, 2656, 2418, 2078, 1736, 
1476, 1364, 1437, 1793, 2139, 2467, 2683, 2735, 2612, 2335, 
1987, 1658, 1428, 1367, 1485, 1753, 2097, 2433, 2667, 2718, 
2550, 2250, 1896, 1585, 1396, 1379, 1541, 1839, 2189, 2504, 
2704, 2728, 2579, 2290, 1939, 1523, 1372, 1406, 1608, 1927, 
2279, 2570, 2727, 2703, 2516, 2201, 1851, 1551, 1382, 1390, 
1575, 2017, 2364, 2626, 2738, 2671, 2444, 2112, 1764, 1493, 
1366, 1423, 1643, 1975, 2323, 2599, 2734, 2624, 2367, 2019, 
1684, 1443, 1362, 1468, 1724, 2064, 2406, 2650, 2739, 2651, 
2403, 2063, 1721, 1406, 1372, 1520, 1807, 2156, 2480, 2689, 
2734, 2599, 2320, 1974, 1644, 1423, 1367, 1495, 1766, 2246, 
2547, 2718, 2715, 2540, 2235, 1881, 1574, 1388, 1383, 1553, 
1852, 2206, 2516, 2706, 2727, 2470, 2144, 1796, 1512, 1371, 
1409, 1619, 1941, 2292, 2580, 2728, 2699, 2504, 2188, 1836, 
1542, 1363, 1448, 1695, 2032, 2375, 2631, 2737, 2663, 2432, 
2096, 1751, 1484, 1366, 1427, 1660, 1992, 2454, 2676, 2738, 
2617, 2351, 2004, 1671, 1433, 1363, 1475, 1738, 2079, 2417, 
2657, 2739, 2640, 2265, 1912, 1599, 1400, 1374, 1529, 1822, 
2172, 2491, 2694, 2732, 2588, 2307, 1956, 1632, 1417, 1399, 
1595, 1910, 2260, 2559, 2720, 2710, 2527, 2219, 1867, 1561, 
1386, 1387, 1563, 1867, 2219, 2616, 2736, 2679, 2460, 2128, 
1782, 1502, 1370, 1416, 1631, 1956, 2305, 2590, 2727, 2695, 
2491, 2037, 1700, 1452, 1364, 1458, 1710, 2047, 2391, 2643, 
2739, 2657, 2419, 2079, 1738, 1476, 1364, 1510, 1791, 2142, 
2465, 2683, 2736, 2609, 2336, 1989, 1659, 1430, 1364, 1484, 
1751, 2098, 2431, 2713, 2719, 2552, 2252, 1897, 1587, 1396, 
1380, 1541, 1836, 2188, 2503, 2700, 2727, 2580, 2294, 1812, 
1523, 1375, 1404, 1607, 1924, 2275, 2568, 2724, 2711, 2516, 
2204, 1851, 1552, 1383, 1391, 1680, 2015, 2361, 2623, 2737, 
2673, 2446, 2112, 1766, 1496, 1367, 1422, 1644, 1972, 2321, 
2599, 2738, 2627, 2367, 2021, 1686, 1444, 1363, 1465, 1723, 
2060, 2405, 2647, 2740, 2649, 2406, 2065, 1612, 1407, 1372, 
1519, 1805, 2155, 2479, 2688, 2734, 2599, 2323, 1973, 2734, 
2618, 2355, 2008, 1568, 1390, 1383, 1554, 1855, 2206, 2517, 
2704, 2721, 2563, 2270, 1916, 1602, 1401, 1372, 1525, 1942, 
2294, 2580, 2724, 2696, 2499, 2180, 1830, 1537, 1377, 1395, 
1588, 1901, 2253, 2552, 2718, 2662, 2425, 2090, 1746, 1480, 
1363, 1430, 1662, 1991, 2339, 2610, 2734, 2680, 2460, 2133, 
1786, 1431, 1363, 1475, 1742, 2083, 2422, 2659, 2737, 2636, 
2383, 2043, 1704, 1456, 1363, 1452, 1703, 2175, 2494, 2694, 
2728, 2584, 2302, 1950, 1628, 1413, 1368, 1504, 1784, 2130, 
2460, 2678, 2736, 2522, 2214, 1861, 1557, 1384, 1387, 1564, 
1869, 2222, 2531, 2710, 2716, 2553, 2257, 1904, 1591, 1368, 
1416, 1635, 1960, 2310, 2591, 2730, 2692, 2488, 2168, 1817, 
1527, 1374, 1400, 1603, 1919, 2394, 2639, 2737, 2654, 2417, 
2076, 1734, 1473, 1363, 1439, 1676, 2007, 2353, 2619, 2736, 
2673, 2332, 1984, 1653, 1426, 1364, 1485, 1755, 2100, 2432, 
2663, 2736, 2631, 2371, 2026, 1688, 1446, 1377, 1542, 1840, 
2191, 2506, 2703, 2727, 2576, 2288, 1936, 1617, 1409, 1371, 
1514, 1799, 2147, 2572, 2726, 2703, 2513, 2200, 1848, 1550, 
1382, 1392, 1576, 1885, 2239, 2537, 2716, 2716, 2544, 2107, 
1763, 1491, 1366, 1422, 1646, 1975, 2327, 2599, 2732, 2687, 
2476, 2150, 1802, 1517, 1371, 1467, 1727, 2065, 2407, 2652, 
2739, 2647, 2400, 2060, 1720, 1463, 1364, 1444, 1689, 2023, 
2369, 2687, 2733, 2596, 2319, 1968, 1642, 1423, 1364, 1495, 
1769, 2115, 2447, 2673, 2736, 2622, 2358, 1879, 1571, 1391, 
1382, 1553, 1852, 2207, 2518, 2705, 2723, 2566, 2273, 1923, 
1606, 1402, 1374, 1623, 1944, 2295, 2582, 2727, 2697, 2501, 
2184, 1832, 1540, 1378, 1395, 1587, 1902, 2253, 2552, 2740, 
2663, 2430, 2091, 1748, 1480, 1363, 1429, 1662, 1991, 2340, 
2613, 2736, 2683, 2464, 2136, 1670, 1434, 1363, 1476, 1740, 
2083, 2420, 2659, 2738, 2639, 2387, 2044, 1705, 1456, 1361, 
1453, 1824, 2174, 2492, 2695, 2729, 2587, 2303, 1951, 1629, 
1415, 1369, 1503, 1783, 2131, 2460, 2679, 2708, 2526, 2215, 
1863, 1560, 1386, 1386, 1565, 1868, 2222, 2528, 2711, 2718, 
2556, 2257, 1908, 1502, 1368, 1418, 1634, 1961, 2310, 2591, 
2731, 2695, 2489, 2169, 1819, 1529, 1372, 1402, 1601, 2051, 
2393, 2643, 2737, 2656, 2416, 2076, 1735, 1472, 1361, 1439, 
1673, 2007, 2353, 2622, 2736, 2608, 2335, 1986, 1656, 1427, 
1365, 1484, 1754, 2099, 2433, 2666, 2738, 2630, 2374, 2029, 
1694, 1396, 1379, 1543, 1839, 2190, 2504, 2700, 2727, 2578, 
2291, 1938, 1616, 1411, 1370, 1513, 1798, 2280, 2572, 2724, 
2704, 2514, 2202, 1848, 1550, 1382, 1391, 1579, 1884, 2238, 
2542, 2716, 2718, 2444, 2110, 1763, 1494, 1367, 1423, 1648, 
1975, 2326, 2599, 2734, 2687, 2478, 2153, 1803, 1518, 1363, 
1465, 1727, 2063, 2407, 2652, 2739, 2648, 2402, 2062, 1720, 
1464, 1363, 1443, 1686, 2023, 2481, 2689, 2731, 2599, 2321, 
1968, 1643, 1421, 1366, 1494, 1767, 2113, 2448, 2673, 2739, 
2627, 2233, 1882, 1573, 1392, 1380, 1552, 1854, 2204, 2518, 
2705, 2724, 2567, 2274, 1921, 1605, 1404, 1412, 1621, 1940, 
2295, 2580, 2729, 2697, 2503, 2184, 1832, 1540, 1377, 1394, 
1587, 1900, 2252, 2633, 2738, 2663, 2430, 2094, 1749, 1484, 
1364, 1428, 1661, 1991, 2337, 2611, 2736, 2683, 2465, 2003, 
1671, 1435, 1364, 1476, 1740, 2081, 2424, 2657, 2739, 2639, 
2386, 2047, 1707, 1456, 1363, 1531, 1823, 2174, 2492, 2695, 
2727, 2587, 2305, 1953, 1630, 1415, 1368, 1502, 1782, 2129, 
2458, 2723, 2710, 2528, 2215, 1865, 1560, 1387, 1385, 1564, 
1868, 2222, 2531, 2712, 2720, 2558, 2259, 1782, 1503, 1367, 
1417, 1631, 1958, 2308, 2590, 2730, 2694, 2492, 2172, 1819, 
1529, 1375, 1401, 1711, 2049, 2392, 2642, 2740, 2659, 2418, 
2078, 1737, 1475, 1363, 1437, 1672, 2006, 2352, 2617, 2735, 
2608, 2335, 1971, 1635, 1407, 1390, 1641, 1968, 2326, 2600, 
2736, 2683, 2465, 2108, 1760, 1423, 1366, 1496, 1764, 2112, 
2446, 2672, 2736, 2623, 2363, 2014, 1680, 1440, 1361, 1470, 
1729, 2204, 2515, 2704, 2723, 2566, 2275, 1923, 1606, 1404, 
1373, 1524, 1812, 2163, 2484, 2688, 2731, 2504, 2183, 1837, 
1539, 1378, 1395, 1587, 1898, 2252, 2552, 2719, 2713, 2537, 
2230, 1876, 1568, 1364, 1428, 1660, 1988, 2336, 2612, 2735, 
2684, 2463, 2136, 1792, 1510, 1369, 1410, 1622, 1945, 2417, 
2657, 2736, 2639, 2388, 2047, 1708, 1456, 1363, 1451, 1699, 
2037, 2379, 2635, 2736, 2661, 2307, 1955, 1631, 1417, 1368, 
1502, 1779, 2128, 2459, 2680, 2736, 2616, 2348, 1999, 1669, 
1435, 1384, 1564, 1868, 2220, 2531, 2711, 2720, 2557, 2261, 
1907, 1594, 1399, 1376, 1535, 1827, 2176, 2590, 2728, 2694, 
2492, 2171, 1819, 1529, 1376, 1400, 1598, 1914, 2265, 2563, 
2720, 2709, 2523, 2079, 1736, 1473, 1364, 1436, 1670, 2002, 
2352, 2617, 2736, 2675, 2454, 2122, 1776, 1499, 1368, 1484, 
1752, 2097, 2432, 2665, 2739, 2631, 2375, 2030, 1695, 1450, 
1363, 1460, 1714, 2054, 2396, 2699, 2728, 2577, 2291, 1939, 
1620, 1409, 1371, 1511, 1795, 2144, 2471, 2684, 2734, 2604, 
2331, 1854, 1550, 1382, 1388, 1574, 1881, 2236, 2539, 2715, 
2718, 2547, 2246, 1892, 1583, 1394, 1379, 1646, 1972, 2322, 
2599, 2732, 2688, 2479, 2155, 1806, 1519, 1372, 1406, 1611, 
1929, 2281, 2571, 2739, 2649, 2403, 2063, 1720, 1465, 1361, 
1443, 1686, 2019, 2366, 2627, 2738, 2669, 2440, 2107, 1644, 
1422, 1365, 1493, 1764, 2111, 2444, 2672, 2738, 2623, 2363, 
2015, 1679, 1441, 1363, 1467, 1851, 2202, 2515, 2704, 2724, 
2569, 2275, 1924, 1608, 1404, 1373, 1523, 1811, 2159, 2484, 
2691, 2700, 2504, 2187, 1836, 1542, 1380, 1395, 1586, 1898, 
2253, 2550, 2718, 2715, 2535, 2230, 1878, 1483, 1364, 1427, 
1658, 1985, 2335, 2609, 2736, 2684, 2467, 2140, 1790, 1511, 
1369, 1411, 1622, 2079, 2416, 2657, 2739, 2641, 2390, 2049, 
1708, 1457, 1364, 1450, 1700, 2035, 2382, 2638, 2739, 2590, 
2307, 1956, 1632, 1416, 1368, 1501, 1780, 2127, 2456, 2676, 
2736, 2614, 2348, 1999, 1668, 1385, 1385, 1563, 1865, 2219, 
2527, 2710, 2720, 2558, 2260, 1911, 1593, 1399, 1378, 1532, 
1825, 2304, 2588, 2731, 2694, 2493, 2174, 1822, 1531, 1376, 
1400, 1598, 1914, 2264, 2559, 2721, 2710, 2419, 2079, 1738, 
1475, 1363, 1432, 1674, 2004, 2352, 2617, 2736, 2675, 2456, 
2126, 1777, 1499, 1366, 1484, 1750, 2096, 2431, 2664, 2739, 
2632, 2376, 2032, 1696, 1450, 1363, 1460, 1713, 2052, 2504, 
2699, 2727, 2577, 2292, 1940, 1620, 1408, 1369, 1510, 1795, 
2144, 2470, 2684, 2734, 2606, 2204, 1852, 1551, 1382, 1389, 
1571, 1880, 2234, 2537, 2714, 2717, 2547, 2246, 1895, 1584, 
1393, 1421, 1647, 1971, 2321, 2599, 2732, 2691, 2480, 2158, 
1807, 1521, 1373, 1406, 1609, 1929, 2279, 2648, 2740, 2651, 
2406, 2065, 1725, 1466, 1364, 1443, 1684, 2019, 2364, 2627, 
2737, 2671, 2441, 1974, 1644, 1422, 1365, 1491, 1763, 2108, 
2443, 2671, 2738, 2624, 2364, 2016, 1682, 1440, 1364, 1551, 
1850, 2200, 2514, 2704, 2724, 2568, 2278, 1927, 1608, 1404, 
1372, 1520, 1810, 2160, 2481, 2727, 2699, 2504, 2188, 1836, 
1543, 1378, 1393, 1584, 1896, 2248, 2551, 2719, 2713, 2537, 
2232, 1756, 1484, 1365, 1427, 1656, 1985, 2335, 2608, 2732, 
2681, 2467, 2142, 1794, 1511, 1368, 1414, 1736, 2078, 2416, 
2656, 2737, 2640, 2391, 2050, 1709, 1459, 1363, 1449, 1698, 
2035, 2379, 2635, 2731, 2590, 2308, 1958, 1633, 1413, 1367, 
1499, 1780, 2127, 2455, 2680, 2734, 2614, 2348, 1999, 1563, 
1386, 1384, 1561, 1864, 2219, 2526, 2710, 2721, 2559, 2263, 
1911, 1596, 1399, 1376, 1533, 1955, 2305, 2588, 2732, 2696, 
2495, 2173, 1823, 1532, 1376, 1401, 1597, 1912, 2264, 2559, 
2724, 2659, 2419, 2081, 2732, 2672, 2452, 2123, 1775, 1499, 
1367, 1417, 1632, 1961, 2305, 2588, 2726, 2631, 2377, 2033, 
1695, 1450, 1363, 1456, 1711, 2049, 2392, 2640, 2736, 2654, 
2414, 2075, 1733, 1410, 1369, 1509, 1794, 2142, 2468, 2681, 
2732, 2607, 2330, 1990, 1654, 1428, 1364, 1485, 1752, 2232, 
2536, 2712, 2715, 2547, 2247, 1892, 1585, 1395, 1377, 1541, 
1838, 2187, 2504, 2700, 2727, 2480, 2157, 1807, 1520, 1372, 
1404, 1607, 1924, 2277, 2568, 2723, 2701, 2510, 2200, 1848, 
1550, 1360, 1442, 1682, 2016, 2364, 2623, 2736, 2669, 2441, 
2108, 1761, 1489, 1364, 1422, 1646, 1974, 2441, 2669, 2736, 
2622, 2364, 2017, 1683, 1441, 1362, 1464, 1726, 2063, 2406, 
2649, 2737, 2647, 2278, 1927, 1608, 1404, 1372, 1519, 1807, 
2159, 2481, 2688, 2731, 2592, 2319, 1968, 1642, 1422, 1394, 
1583, 1895, 2249, 2548, 2716, 2712, 2538, 2231, 1879, 1571, 
1389, 1381, 1552, 1852, 2204, 2606, 2734, 2681, 2467, 2140, 
1793, 1510, 1369, 1409, 1618, 1942, 2292, 2580, 2728, 2699, 
2501, 2051, 1713, 1459, 1363, 1448, 1699, 2033, 2379, 2633, 
2739, 2663, 2430, 2094, 1748, 1482, 1365, 1499, 1778, 2123, 
2454, 2677, 2736, 2616, 2350, 2002, 1670, 1435, 1363, 1476, 
1740, 2082, 2418, 2710, 2720, 2558, 2264, 1910, 1598, 1399, 
1376, 1532, 1823, 2174, 2492, 2694, 2729, 2588, 2307, 1824, 
1532, 1376, 1400, 1595, 1912, 2262, 2559, 2720, 2708, 2527, 
2216, 1865, 1558, 1386, 1386, 1670, 1999, 2350, 2614, 2736, 
2679, 2456, 2126, 1779, 1500, 1367, 1416, 1632, 1958, 2308, 
2591, 2737, 2633, 2378, 2035, 1696, 1451, 1363, 1458, 1711, 
2047, 2392, 2640, 2737, 2655, 2416, 2075, 1623, 1412, 1370, 
1508, 1792, 2140, 2467, 2682, 2734, 2608, 2334, 1988, 1656, 
1429, 1364, 1484, 1878, 2233, 2537, 2713, 2718, 2548, 2249, 
1896, 1584, 1395, 1376, 1540, 1836, 2188, 2505, 2699, 2690, 
2481, 2159, 1808, 1522, 1372, 1405, 1607, 1926, 2277, 2569, 
2724, 2704, 2515, 2201, 1847, 1468, 1364, 1442, 1682, 2016, 
2362, 2625, 2739, 2678, 2445, 2112, 1764, 1492, 1367, 1423, 
1646, 2109, 2441, 2669, 2736, 2625, 2365, 2018, 1684, 1443, 
1364, 1466, 1724, 2065, 2407, 2650, 2739, 2571, 2282, 1929, 
1609, 1406, 1374, 1521, 1807, 2156, 2483, 2689, 2733, 2599, 
2322, 1972, 1644, 1379, 1395, 1583, 1895, 2247, 2548, 2718, 
2715, 2540, 2235, 1881, 1573, 1391, 1382, 1552, 1853, 2335, 
2606, 2736, 2683, 2470, 2144, 1795, 1511, 1370, 1411, 1622, 
1943, 2295, 2580, 2728, 2700, 2393, 2052, 1713, 1459, 1362, 
1448, 1696, 2032, 2375, 2633, 2739, 2664, 2430, 2096, 1751, 
1484, 1368, 1498, 1776, 2125, 2455, 2676, 2736, 2617, 2351, 
2004, 1671, 1437, 1364, 1475, 1738, 2081, 2524, 2707, 2721, 
2561, 2265, 1913, 1598, 1398, 1375, 1532, 1820, 2172, 2492, 
2695, 2728, 2588, 2175, 1825, 1532, 1377, 1398, 1595, 1910, 
2262, 2558, 2720, 2710, 2528, 2219, 1868, 1562, 1386, 1434, 
1667, 2000, 2348, 2616, 2736, 2680, 2458, 2127, 1782, 1504, 
1368, 1415, 1632, 1951, 2310, 2660, 2739, 2633, 2380, 2036, 
1699, 1452, 1364, 1455, 1709, 2048, 2390, 2640, 2739, 2657, 
2417, 1943, 1623, 1411, 1370, 1509, 1792, 2139, 2467, 2683, 
2737, 2608, 2335, 1991, 1659, 1432, 1364, 1571, 1876, 2231, 
2535, 2713, 2716, 2550, 2251, 1897, 1582, 1396, 1379, 1540, 
1835, 2188, 2504, 2732, 2689, 2482, 2160, 1810, 1523, 1374, 
1406, 1606, 1926, 2279, 2571, 2726, 2705, 2515, 2204, 1728, 
1468, 1363, 1440, 1681, 2015, 2363, 2623, 2738, 2672, 2444, 
2113, 1767, 1493, 1367, 1422, 1760, 2108, 2440, 2670, 2739, 
2627, 2366, 2019, 1685, 1444, 1364, 1467, 1723, 2064, 2403, 
2648, 2724, 2571, 2281, 1929, 1611, 1406, 1372, 1518, 1805, 
2155, 2480, 2688, 2732, 2599, 2321, 1972, 1544, 1380, 1393, 
1582, 1891, 2244, 2547, 2718, 2713, 2540, 2236, 1857, 1528, 
1367, 1450, 1720, 2204, 2516, 2705, 2724, 2561, 2240, 1887, 
1577, 1392, 1381, 1548, 1846, 2198, 2511, 2703, 2727, 2472, 
2151, 1800, 1518, 1370, 1407, 1614, 1935, 2287, 2575, 2723, 
2700, 2508, 2192, 1840, 1545, 1362, 1446, 1688, 2025, 2370, 
2630, 2739, 2668, 2436, 2102, 1756, 1487, 1365, 1426, 1654, 
1984, 2448, 2676, 2734, 2622, 2360, 2009, 1676, 1438, 1364, 
1472, 1733, 2073, 2412, 2654, 2739, 2644, 2271, 1919, 1603, 
1403, 1374, 1524, 1815, 2166, 2488, 2694, 2732, 2592, 2314, 
1961, 1637, 1418, 1399, 1587, 1900, 2255, 2553, 2719, 2711, 
2533, 2225, 1873, 1567, 1388, 1385, 1560, 1860, 2212, 2610, 
2734, 2681, 2462, 2135, 1787, 1506, 1369, 1413, 1624, 1950, 
2302, 2585, 2730, 2698, 2499, 2044, 1704, 1455, 1364, 1453, 
1703, 2040, 2385, 2638, 2740, 2660, 2424, 2087, 1743, 1479, 
1364, 1503, 1784, 2132, 2461, 2680, 2736, 2611, 2342, 1995, 
1663, 1432, 1366, 1482, 1745, 2091, 2427, 2712, 2720, 2555, 
2256, 1903, 1591, 1398, 1377, 1536, 1830, 2182, 2499, 2697, 
2728, 2582, 2299, 1817, 1528, 1374, 1402, 1601, 1918, 2270, 
2564, 2723, 2707, 2521, 2209, 1859, 1556, 1383, 1390, 1675, 
2008, 2355, 2620, 2736, 2675, 2449, 2118, 1772, 1496, 1367, 
1420, 1639, 1965, 2316, 2593, 2739, 2631, 2372, 2027, 1691, 
1449, 1362, 1463, 1717, 2057, 2399, 2646, 2740, 2652, 2411, 
2071, 1616, 1409, 1371, 1513, 1800, 2151, 2475, 2687, 2734, 
2601, 2328, 1980, 1651, 1425, 1364, 1488, 1888, 2240, 2543, 
2715, 2714, 2545, 2243, 1889, 1578, 1391, 1378, 1548, 1844, 
2198, 2511, 2703, 2687, 2476, 2152, 1803, 1518, 1372, 1408, 
1614, 1935, 2286, 2575, 2728, 2703, 2510, 2192, 1842, 1462, 
1366, 1445, 1688, 2023, 2368, 2630, 2739, 2668, 2438, 2103, 
1757, 1487, 1367, 1425, 1652, 2116, 2450, 2673, 2736, 2623, 
2359, 2012, 1679, 1439, 1364, 1471, 1734, 2073, 2413, 2655, 
2742, 2567, 2273, 1920, 1603, 1403, 1373, 1524, 1815, 2164, 
2486, 2692, 2732, 2593, 2313, 1964, 1637, 1377, 1395, 1588, 
1902, 2254, 2552, 2716, 2712, 2531, 2227, 1871, 1569, 1388, 
1380, 1559, 1859, 2339, 2611, 2734, 2681, 2463, 2136, 1790, 
1508, 1368, 1414, 1625, 1949, 2300, 2584, 2729, 2697, 2387, 
2044, 1706, 1456, 1364, 1453, 1703, 2040, 2383, 2637, 2735, 
2659, 2423, 2087, 1743, 1479, 1367, 1503, 1784, 2132, 2461, 
2681, 2736, 2612, 2344, 1996, 1666, 1432, 1364, 1480, 1745, 
2087, 2531, 2711, 2720, 2555, 2257, 1904, 1592, 1398, 1378, 
1536, 1830, 2179, 2501, 2697, 2731, 2584, 2168, 1817, 1528, 
1374, 1401, 1600, 1916, 2268, 2563, 2723, 2707, 2522, 2210, 
1859, 1556, 1384, 1437, 1673, 2008, 2352, 2619, 2737, 2677, 
2449, 2120, 1771, 1498, 1368, 1420, 1638, 1964, 2315, 2666, 
2739, 2631, 2374, 2029, 1692, 1448, 1363, 1461, 1717, 2056, 
2398, 2644, 2740, 2655, 2410, 1937, 1620, 1408, 1371, 1512, 
1801, 2144, 2474, 2684, 2734, 2603, 2328, 1983, 1651, 1425, 
1365, 1575, 1885, 2239, 2540, 2716, 2718, 2544, 2243, 1889, 
1580, 1393, 1380, 1545, 1845, 2195, 2508, 2732, 2686, 2476, 
2153, 1799, 1520, 1371, 1410, 1612, 1931, 2284, 2574, 2726, 
2702, 2510, 2195, 1721, 1463, 1362, 1445, 1688, 2022, 2370, 
2627, 2739, 2670, 2439, 2105, 1757, 1487, 1366, 1426, 1768, 
2114, 2447, 2674, 2738, 2623, 2360, 2012, 1679, 1439, 1363, 
1472, 1731, 2072, 2409, 2652, 2724, 2567, 2275, 1921, 1604, 
1404, 1373, 1523, 1811, 2163, 2487, 2692, 2732, 2592, 2316, 
1964, 1540, 1377, 1396, 1586, 1900, 2251, 2551, 2719, 2712, 
2534, 2229, 1875, 1568, 1389, 1384, 1556, 1992, 2337, 2611, 
2735, 2681, 2464, 2137, 1789, 1508, 1371, 1413, 1625, 1945, 
2298, 2583, 2728, 2639, 2389, 2045, 1708, 1456, 1364, 1452, 
1701, 2039, 2383, 2636, 2740, 2662, 2425, 2089, 1745, 1415, 
1367, 1502, 1782, 2131, 2462, 2680, 2736, 2615, 2344, 1998, 
2737, 2631, 2377, 2036, 1695, 1395, 1377, 1537, 1831, 2183, 
2499, 2695, 2726, 2579, 2293, 1943, 1621, 1408, 1368, 1504, 
1792, 2271, 2563, 2721, 2703, 2519, 2204, 1855, 1552, 1383, 
1387, 1571, 1877, 2230, 2534, 2710, 2716, 2446, 2114, 1767, 
1493, 1366, 1419, 1639, 1968, 2318, 2595, 2729, 2683, 2479, 
2159, 1807, 1520, 1363, 1463, 1719, 2059, 2400, 2647, 2737, 
2648, 2407, 2065, 1727, 1467, 1363, 1441, 1681, 2017, 2476, 
2686, 2732, 2599, 2325, 1976, 1649, 1424, 1367, 1490, 1762, 
2108, 2441, 2670, 2739, 2624, 2238, 1886, 1576, 1392, 1379, 
1548, 1846, 2198, 2511, 2703, 2724, 2568, 2279, 1928, 1608, 
1404, 1411, 1615, 1935, 2287, 2575, 2727, 2700, 2505, 2188, 
1840, 1542, 1378, 1393, 1583, 1892, 2246, 2627, 2736, 2667, 
2433, 2099, 1754, 1486, 1364, 1427, 1655, 1984, 2332, 2607, 
2735, 2681, 2468, 2007, 1676, 1439, 1364, 1471, 1731, 2076, 
2410, 2655, 2737, 2639, 2392, 2052, 1712, 1458, 1363, 1525, 
1816, 2167, 2488, 2691, 2730, 2590, 2311, 1961, 1634, 1417, 
1368, 1498, 1776, 2121, 2455, 2720, 2710, 2529, 2221, 1871, 
1564, 1386, 1384, 1559, 1863, 2213, 2522, 2708, 2723, 2560, 
2265, 1784, 1507, 1369, 1414, 1627, 1951, 2301, 2585, 2731, 
2695, 2495, 2175, 1827, 1533, 1378, 1398, 1705, 2044, 2385, 
2638, 2739, 2660, 2422, 2084, 1741, 1476, 1363, 1435, 1667, 
2000, 2348, 2619, 2735, 2611, 2342, 1994, 1663, 1431, 1365, 
1481, 1747, 2091, 2428, 2663, 2739, 2635, 2380, 2039, 1593, 
1397, 1378, 1539, 1832, 2185, 2501, 2697, 2728, 2581, 2296, 
1943, 1623, 1412, 1370, 1507, 1923, 2272, 2564, 2724, 2707, 
2519, 2208, 1855, 1554, 1383, 1391, 1571, 1875, 2229, 2537, 
2712, 2675, 2450, 2115, 1770, 1494, 1367, 1421, 1640, 1968, 
2318, 2595, 2734, 2689, 2483, 2159, 1811, 1446, 1363, 1464, 
1719, 2057, 2398, 2647, 2738, 2652, 2408, 2068, 1727, 1468, 
1363, 1441, 1681, 2148, 2476, 2686, 2735, 2601, 2326, 1979, 
1649, 1426, 1365, 1490, 1763, 2108, 2440, 2670, 2739, 2544, 
2243, 1888, 1577, 1394, 1382, 1546, 1849, 2196, 2513, 2702, 
2726, 2572, 2281, 1929, 1609, 1374, 1408, 1615, 1935, 2287, 
2576, 2727, 2703, 2508, 2192, 1841, 1544, 1379, 1394, 1582, 
1891, 2371, 2630, 2739, 2668, 2438, 2099, 1756, 1487, 1366, 
1425, 1655, 1983, 2332, 2605, 2735, 2684, 2358, 2009, 1676, 
1439, 1361, 1471, 1732, 2076, 2415, 2654, 2739, 2639, 2396, 
2055, 1714, 1458, 1374, 1527, 1817, 2168, 2488, 2691, 2732, 
2595, 2311, 1960, 1637, 1419, 1368, 1499, 1776, 2123, 2555, 
2719, 2711, 2531, 2225, 1873, 1566, 1388, 1385, 1560, 1860, 
2211, 2524, 2708, 2721, 2564, 2135, 1785, 1507, 1369, 1414, 
1626, 1950, 2301, 2585, 2726, 2696, 2496, 2177, 1828, 1536, 
1376, 1454, 1703, 2042, 2387, 2639, 2738, 2660, 2424, 2086, 
1743, 1475, 1363, 1434, 1665, 1999, 2346, 2679, 2736, 2611, 
2348, 1995, 1665, 1432, 1365, 1479, 1745, 2091, 2425, 2663, 
2739, 2633, 2380, 1904, 1591, 1399, 1376, 1536, 1830, 2182, 
2499, 2697, 2728, 2582, 2300, 1948, 1625, 1412, 1369, 1603, 
1919, 2271, 2567, 2724, 2707, 2520, 2208, 1859, 1556, 1384, 
1389, 1569, 1877, 2230, 2535, 2737, 2676, 2451, 2119, 1772, 
1496, 1367, 1420, 1640, 1966, 2316, 2598, 2732, 2692, 2484, 
2161, 1689, 1445, 1363, 1463, 1718, 2056, 2396, 2646, 2736, 
2652, 2411, 2071, 1728, 1468, 1364, 1441, 1800, 2147, 2476, 
2685, 2734, 2601, 2328, 1977, 1652, 1425, 1365, 1489, 1759, 
2105, 2439, 2672, 2718, 2544, 2243, 1888, 1579, 1393, 1379, 
1547, 1847, 2198, 2511, 2703, 2727, 2574, 2283, 1931, 1516, 
1371, 1408, 1612, 1932, 2284, 2576, 2724, 2702, 2510, 2193, 
1841, 1545, 1380, 1392, 1582, 2025, 2371, 2628, 2739, 2667, 
2438, 2103, 1758, 1488, 1365, 1425, 1653, 1981, 2328, 2605, 
2735, 2622, 2359, 1995, 1651, 1415, 1384, 1625, 1949, 2305, 
2588, 2729, 2692, 2480, 2123, 1779, 1500, 1364, 1482, 1751, 
2094, 2430, 2663, 2739, 2633, 2377, 2033, 1695, 1450, 1363, 
1459, 1712, 2050, 2502, 2697, 2727, 2579, 2294, 1943, 1620, 
1412, 1370, 1511, 1793, 2145, 2470, 2683, 2734, 2607, 2206, 
1853, 1552, 1383, 1391, 1574, 1880, 2234, 2538, 2715, 2718, 
2550, 2249, 1894, 1585, 1395, 1422, 1643, 1971, 2320, 2598, 
2734, 2689, 2480, 2156, 1809, 1520, 1375, 1406, 1610, 1928, 
2279, 2647, 2738, 2649, 2405, 2065, 1725, 1468, 1363, 1441, 
1684, 2019, 2367, 2624, 2739, 2670, 2443, 1974, 1647, 1423, 
1366, 1491, 1763, 2110, 2442, 2673, 2739, 2626, 2364, 2017, 
1684, 1443, 1363, 1550, 1852, 2201, 2513, 2704, 2725, 2568, 
2280, 1927, 1608, 1408, 1373, 1521, 1809, 2159, 2482, 2726, 
2700, 2503, 2190, 1838, 1543, 1379, 1394, 1581, 1896, 2248, 
2546, 2718, 2713, 2539, 2232, 1752, 1484, 1364, 1427, 1656, 
1986, 2335, 2608, 2735, 2683, 2468, 2143, 1793, 1510, 1371, 
1411, 1735, 2078, 2416, 2658, 2738, 2643, 2392, 2051, 1711, 
1458, 1366, 1451, 1696, 2036, 2379, 2634, 2730, 2590, 2308, 
1959, 1634, 1416, 1368, 1501, 1779, 2126, 2456, 2676, 2736, 
2617, 2350, 2001, 1564, 1387, 1385, 1560, 1863, 2217, 2526, 
2707, 2723, 2559, 2264, 1911, 1596, 1400, 1376, 1531, 1953, 
2304, 2585, 2731, 2695, 2492, 2175, 1823, 1532, 1376, 1398, 
1597, 1912, 2265, 2559, 2723, 2659, 2420, 2083, 1741, 1475, 
1364, 1435, 1670, 2002, 2348, 2616, 2736, 2678, 2452, 2126, 
1777, 1430, 1365, 1480, 1748, 2092, 2428, 2663, 2739, 2633, 
2377, 2032, 1696, 1449, 1364, 1458, 1712, 2183, 2502, 2699, 
2728, 2580, 2295, 1943, 1621, 1412, 1370, 1508, 1794, 2142, 
2470, 2683, 2735, 2519, 2206, 1852, 1554, 1383, 1391, 1572, 
1879, 2233, 2537, 2715, 2716, 2549, 2248, 1896, 1584, 1367, 
1420, 1642, 1968, 2320, 2599, 2732, 2689, 2482, 2160, 1810, 
1521, 1373, 1406, 1607, 1927, 2400, 2646, 2739, 2650, 2409, 
2065, 1728, 1470, 1363, 1444, 1683, 2016, 2363, 2623, 2739, 
2672, 2324, 1976, 1645, 1424, 1367, 1491, 1762, 2110, 2441, 
2671, 2739, 2625, 2366, 2019, 1685, 1443, 1382, 1550, 1848, 
2201, 2512, 2704, 2724, 2570, 2280, 1928, 1610, 1406, 1374, 
1520, 1807, 2158, 2577, 2727, 2701, 2507, 2188, 1840, 1545, 
1377, 1394, 1583, 1894, 2247, 2548, 2717, 2713, 2538, 2099, 
1754, 1486, 1366, 1427, 1656, 1984, 2334, 2606, 2734, 2684, 
2468, 2142, 1794, 1511, 1370, 1473, 1735, 2077, 2415, 2654, 
2739, 2639, 2393, 2052, 1713, 1460, 1363, 1449, 1695, 2032, 
2376, 2692, 2731, 2591, 2310, 1959, 1632, 1417, 1368, 1499, 
1776, 2124, 2455, 2677, 2739, 2617, 2351, 1871, 1565, 1388, 
1387, 1559, 1864, 2214, 2525, 2710, 2720, 2561, 2264, 1913, 
1597, 1401, 1377, 1628, 1951, 2304, 2585, 2729, 2696, 2494, 
2175, 1824, 1533, 1376, 1399, 1595, 1910, 2261, 2558, 2739, 
2658, 2422, 2083, 1742, 1476, 1364, 1433, 1670, 2001, 2347, 
2616, 2736, 2678, 2459, 2126, 1660, 1431, 1364, 1481, 1748, 
2092, 2428, 2663, 2739, 2635, 2379, 2044, 1697, 1453, 1363, 
1457, 1833, 2184, 2500, 2699, 2729, 2581, 2296, 1945, 1622, 
1412, 1371, 1507, 1792, 2140, 2467, 2684, 2708, 2519, 2207, 
1855, 1553, 1384, 1391, 1571, 1878, 2233, 2538, 2714, 2719, 
2551, 2249, 1903, 1496, 1367, 1420, 1641, 1968, 2317, 2596, 
2732, 2691, 2483, 2160, 1811, 1523, 1372, 1404, 1607, 2056, 
2399, 2647, 2739, 2651, 2409, 2067, 1727, 1467, 1366, 1441, 
1683, 2015, 2364, 2624, 2739, 2603, 2327, 1977, 1649, 1424, 
1366, 1491, 1761, 2108, 2442, 2671, 2739, 2627, 2367, 2020, 
1685, 1392, 1380, 1549, 1848, 2199, 2512, 2703, 2725, 2570, 
2281, 1928, 1611, 1406, 1372, 1519, 1806, 2286, 2576, 2727, 
2704, 2505, 2192, 1842, 1544, 1380, 1395, 1583, 1894, 2246, 
2547, 2716, 2715, 2435, 2102, 2731, 2684, 2473, 2147, 1799, 
1515, 1371, 1406, 1612, 1933, 2284, 2572, 2724, 2699, 2397, 
2056, 1717, 1462, 1363, 1445, 1688, 2025, 2369, 2626, 2735, 
2665, 2433, 2099, 1756, 1485, 1366, 1493, 1769, 2115, 2447, 
2671, 2735, 2619, 2355, 2008, 1674, 1439, 1364, 1472, 1731, 
2076, 2518, 2705, 2721, 2564, 2268, 1918, 1602, 1401, 1374, 
1523, 1815, 2166, 2488, 2690, 2731, 2590, 2180, 1830, 1536, 
1376, 1395, 1589, 1902, 2255, 2555, 2718, 2710, 2529, 2224, 
1871, 1567, 1387, 1430, 1662, 1992, 2340, 2610, 2734, 2676, 
2463, 2134, 1785, 1505, 1369, 1413, 1625, 1951, 2300, 2659, 
2742, 2636, 2385, 2039, 1703, 1454, 1363, 1454, 1703, 2041, 
2384, 2638, 2738, 2659, 2423, 1951, 1627, 1415, 1368, 1505, 
1785, 2131, 2462, 2679, 2734, 2611, 2342, 1995, 1663, 1432, 
1364, 1563, 1870, 2224, 2533, 2709, 2718, 2555, 2254, 1904, 
1588, 1397, 1376, 1536, 1830, 2183, 2499, 2730, 2692, 2489, 
2165, 1816, 1526, 1374, 1402, 1602, 1920, 2271, 2564, 2722, 
2707, 2519, 2208, 1734, 1471, 1363, 1436, 1678, 2011, 2355, 
2620, 2736, 2672, 2449, 2118, 1771, 1496, 1367, 1421, 1756, 
2101, 2435, 2663, 2738, 2628, 2371, 2025, 1691, 1446, 1364, 
1462, 1718, 2056, 2399, 2646, 2727, 2575, 2288, 1935, 1620, 
1408, 1371, 1515, 1799, 2151, 2473, 2685, 2732, 2601, 2328, 
1979, 1548, 1382, 1391, 1579, 1887, 2238, 2541, 2715, 2716, 
2543, 2241, 1887, 1577, 1390, 1379, 1547, 1976, 2325, 2601, 
2732, 2685, 2475, 2151, 1799, 1516, 1372, 1408, 1615, 1932, 
2286, 2575, 2726, 2643, 2400, 2059, 1720, 1463, 1363, 1446, 
1691, 2026, 2371, 2630, 2738, 2668, 2439, 2103, 1758, 1422, 
1367, 1495, 1769, 2118, 2449, 2674, 2736, 2622, 2358, 2011, 
1679, 1439, 1364, 1471, 1732, 2208, 2519, 2705, 2723, 2564, 
2272, 1920, 1604, 1402, 1375, 1525, 1814, 2166, 2487, 2691, 
2732, 2501, 2183, 1832, 1539, 1378, 1397, 1589, 1902, 2254, 
2553, 2718, 2712, 2532, 2227, 1875, 1567, 1365, 1431, 1662, 
1991, 2340, 2611, 2735, 2681, 2463, 2134, 1788, 1507, 1369, 
1414, 1626, 1950, 2422, 2659, 2739, 2638, 2385, 2044, 1705, 
1455, 1363, 1453, 1703, 2041, 2384, 2636, 2738, 2659, 2302, 
1952, 1629, 1414, 1371, 1503, 1784, 2131, 2462, 2680, 2736, 
2620, 2340, 1996, 1664, 1433, 1385, 1564, 1871, 2224, 2528, 
2712, 2719, 2556, 2257, 1905, 1592, 1398, 1376, 1536, 1830, 
2181, 2591, 2732, 2695, 2488, 2168, 1817, 1527, 1375, 1403, 
1601, 1918, 2270, 2563, 2723, 2708, 2520, 2077, 1736, 1472, 
1364, 1437, 1675, 2009, 2355, 2620, 2735, 2676, 2451, 2119, 
1773, 1497, 1368, 1484, 1755, 2099, 2435, 2666, 2739, 2631, 
2372, 2028, 1691, 1447, 1363, 1462, 1717, 2055, 2399, 2703, 
2728, 2575, 2289, 1937, 1617, 1410, 1371, 1514, 1799, 2147, 
2475, 2683, 2735, 2604, 2329, 1848, 1547, 1381, 1392, 1576, 
1891, 2238, 2542, 2716, 2716, 2545, 2242, 1890, 1579, 1393, 
1380, 1647, 1976, 2323, 2600, 2732, 2687, 2476, 2152, 1802, 
1518, 1372, 1408, 1611, 1932, 2286, 2575, 2736, 2647, 2403, 
2063, 1721, 1464, 1361, 1445, 1688, 2022, 2369, 2627, 2739, 
2668, 2439, 2104, 1642, 1422, 1367, 1493, 1767, 2115, 2447, 
2670, 2737, 2623, 2358, 2011, 1679, 1439, 1364, 1470, 1854, 
2207, 2518, 2705, 2723, 2564, 2273, 1924, 1603, 1405, 1374, 
1524, 1814, 2165, 2487, 2691, 2699, 2502, 2185, 1833, 1538, 
1377, 1397, 1588, 1902, 2254, 2553, 2719, 2715, 2533, 2227, 
1875, 1482, 1365, 1430, 1661, 1991, 2340, 2611, 2736, 2683, 
2464, 2137, 1790, 1510, 1371, 1413, 1626, 2083, 2417, 2659, 
2739, 2639, 2387, 2044, 1705, 1455, 1364, 1452, 1703, 2041, 
2383, 2638, 2739, 2587, 2305, 1954, 1628, 1416, 1367, 1502, 
1784, 2131, 2460, 2679, 2736, 2613, 2345, 1998, 1666, 1385, 
1387, 1564, 1868, 2221, 2531, 2710, 2720, 2556, 2257, 1876, 
1539, 1368, 1440, 1702, 2050, 2505, 2700, 2727, 2572, 2264, 
1912, 1597, 1401, 1375, 1531, 1821, 2175, 2494, 2695, 2729, 
2587, 2175, 1825, 1532, 1375, 1399, 1596, 1911, 2264, 2559, 
2723, 2710, 2524, 2215, 1865, 1561, 1387, 1435, 1667, 2001, 
2350, 2617, 2734, 2676, 2456, 2127, 1779, 1501, 1368, 1419, 
1632, 1958, 2308, 2663, 2737, 2633, 2378, 2034, 1696, 1451, 
1364, 1458, 1710, 2049, 2392, 2643, 2740, 2656, 2416, 1945, 
1623, 1412, 1370, 1508, 1793, 2142, 2469, 2684, 2735, 2607, 
2337, 1987, 1656, 1426, 1363, 1571, 1879, 2231, 2536, 2713, 
2718, 2548, 2247, 1895, 1584, 1395, 1379, 1543, 1837, 2191, 
2504, 2731, 2687, 2482, 2160, 1808, 1521, 1372, 1404, 1607, 
1927, 2278, 2570, 2723, 2705, 2514, 2200, 1726, 1468, 1363, 
1441, 1683, 2018, 2363, 2624, 2737, 2671, 2444, 2111, 1765, 
1493, 1367, 1423, 1759, 2111, 2441, 2669, 2737, 2624, 2365, 
2017, 1686, 1443, 1363, 1465, 1724, 2064, 2406, 2651, 2727, 
2573, 2279, 1927, 1611, 1405, 1373, 1519, 1808, 2158, 2481, 
2688, 2734, 2597, 2320, 1970, 1543, 1379, 1392, 1583, 1895, 
2248, 2547, 2718, 2713, 2537, 2233, 1880, 1574, 1389, 1381, 
1553, 1984, 2332, 2607, 2734, 2684, 2468, 2143, 1793, 1512, 
1370, 1410, 1619, 1940, 2293, 2581, 2728, 2642, 2393, 2052, 
1712, 1463, 1363, 1448, 1696, 2031, 2377, 2632, 2739, 2663, 
2432, 2095, 1751, 1419, 1368, 1499, 1776, 2124, 2455, 2678, 
2736, 2617, 2352, 2004, 1672, 1435, 1365, 1475, 1739, 2215, 
2527, 2710, 2723, 2561, 2264, 1911, 1598, 1401, 1376, 1531, 
1822, 2173, 2492, 2695, 2729, 2496, 2176, 1823, 1532, 1376, 
1399, 1596, 1912, 2262, 2558, 2721, 2711, 2527, 2217, 1866, 
1561, 1363, 1434, 1667, 1999, 2348, 2616, 2736, 2677, 2460, 
2127, 1780, 1502, 1368, 1415, 1633, 1957, 2428, 2663, 2738, 
2635, 2380, 2036, 1697, 1452, 1363, 1456, 1710, 2049, 2391, 
2639, 2737, 2656, 2294, 1947, 1622, 1411, 1368, 1507, 1792, 
2140, 2467, 2683, 2733, 2608, 2337, 1988, 1656, 1428, 1389, 
1568, 1878, 2231, 2535, 2712, 2718, 2552, 2251, 1898, 1586, 
1397, 1379, 1541, 1839, 2185, 2596, 2732, 2690, 2483, 2163, 
1811, 1523, 1376, 1405, 1608, 1925, 2277, 2571, 2724, 2706, 
2515, 2067, 1728, 1468, 1364, 1440, 1681, 2016, 2361, 2624, 
2739, 2672, 2444, 2112, 1764, 1494, 1366, 1488, 1761, 2107, 
2440, 2670, 2736, 2627, 2368, 2020, 1686, 1443, 1363, 1468, 
1724, 2062, 2404, 2704, 2724, 2572, 2283, 1927, 1612, 1406, 
1372, 1519, 1807, 2154, 2481, 2687, 2732, 2598, 2321, 1840, 
1545, 1378, 1393, 1583, 1891, 2245, 2547, 2718, 2714, 2540, 
2236, 1882, 1574, 1390, 1381, 1652, 1984, 2334, 2606, 2735, 
2684, 2472, 2144, 1796, 1512, 1371, 1410, 1619, 1939, 2291, 
2577, 2737, 2643, 2396, 2051, 1715, 1459, 1363, 1449, 1695, 
2032, 2376, 2631, 2739, 2665, 2432, 2096, 1635, 1417, 1368, 
1498, 1775, 2124, 2454, 2673, 2740, 2619, 2353, 2005, 1672, 
1436, 1364, 1475, 1861, 2214, 2529, 2708, 2723, 2563, 2265, 
1916, 1599, 1401, 1375, 1530, 1820, 2172, 2491, 2694, 2695, 
2496, 2177, 1828, 1532, 1377, 1400, 1594, 1908, 2260, 2559, 
2721, 2711, 2529, 2217, 1868, 1477, 1364, 1435, 1668, 1993, 
2347, 2616, 2735, 2679, 2459, 2128, 1782, 1502, 1369, 1415, 
1631, 2090, 2427, 2663, 2739, 2636, 2378, 2038, 1699, 1451, 
1367, 1456, 1709, 2047, 2390, 2639, 2738, 2580, 2297, 1945, 
1625, 1411, 1370, 1512, 1792, 2139, 2466, 2681, 2735, 2608, 
2337, 1989, 1659, 1383, 1390, 1570, 1876, 2230, 2535, 2712, 
2724, 2551, 2252, 1897, 1587, 1395, 1376, 1539, 1836, 2316, 
2595, 2732, 2691, 2483, 2161, 1811, 1520, 1371, 1406, 1607, 
1924, 2276, 2568, 2723, 2707, 2409, 2070, 1728, 1469, 1363, 
1441, 1680, 2014, 2360, 2622, 2739, 2673, 2447, 2113, 1767, 
1494, 1366, 1488, 1760, 2107, 2439, 2670, 2739, 2627, 2367, 
2022, 2735, 2643, 2399, 2056, 1718, 1461, 1373, 1520, 1808, 
2156, 2480, 2687, 2729, 2593, 2315, 1967, 1639, 1420, 1368, 
1494, 1769, 2115, 2547, 2716, 2712, 2532, 2229, 1877, 1569, 
1388, 1380, 1553, 1854, 2205, 2518, 2704, 2723, 2564, 2139, 
1792, 1509, 1369, 1411, 1624, 1942, 2295, 2580, 2727, 2697, 
2500, 2183, 1831, 1536, 1377, 1449, 1695, 2034, 2377, 2633, 
2736, 2659, 2428, 2089, 1747, 1481, 1364, 1429, 1663, 1991, 
2339, 2678, 2734, 2614, 2348, 2003, 1667, 1432, 1361, 1475, 
1740, 2082, 2420, 2658, 2739, 2638, 2385, 1910, 1596, 1399, 
1376, 1531, 1823, 2175, 2496, 2694, 2727, 2585, 2303, 1951, 
1628, 1415, 1368, 1598, 1912, 2264, 2559, 2720, 2708, 2524, 
2215, 1862, 1560, 1383, 1388, 1564, 1870, 2223, 2529, 2735, 
2675, 2455, 2124, 1777, 1499, 1368, 1417, 1634, 1959, 2310, 
2591, 2731, 2692, 2489, 2167, 1695, 1449, 1364, 1459, 1712, 
2050, 2393, 2641, 2739, 2656, 2414, 2075, 1734, 1472, 1365, 
1438, 1792, 2142, 2468, 2683, 2734, 2606, 2332, 1984, 1655, 
1426, 1365, 1484, 1755, 2099, 2433, 2665, 2716, 2547, 2247, 
1894, 1584, 1394, 1379, 1543, 1840, 2191, 2506, 2700, 2726, 
2575, 2289, 1935, 1520, 1372, 1407, 1608, 1927, 2279, 2572, 
2724, 2704, 2512, 2200, 1848, 1549, 1380, 1392, 1577, 2016, 
2363, 2623, 2737, 2669, 2441, 2108, 1762, 1491, 1368, 1424, 
1647, 1976, 2324, 2600, 2732, 2624, 2361, 2017, 1683, 1443, 
1363, 1468, 1726, 2064, 2407, 2651, 2739, 2647, 2401, 2060, 
1720, 1405, 1375, 1521, 1808, 2159, 2482, 2688, 2732, 2596, 
2318, 1969, 1643, 1420, 1366, 1492, 1767, 2251, 2548, 2724, 
2713, 2536, 2232, 1880, 1571, 1390, 1384, 1553, 1854, 2205, 
2518, 2704, 2724, 2468, 2137, 1793, 1511, 1371, 1412, 1621, 
1941, 2295, 2582, 2728, 2699, 2502, 2185, 1833, 1539, 1364, 
1450, 1694, 2035, 2377, 2634, 2739, 2663, 2430, 2092, 1750, 
1482, 1363, 1430, 1661, 1991, 2456, 2678, 2736, 2620, 2348, 
2003, 1668, 1435, 1362, 1478, 1739, 2082, 2421, 2656, 2739, 
2639, 2263, 1912, 1597, 1400, 1378, 1531, 1823, 2173, 2492, 
2695, 2730, 2587, 2305, 1953, 1627, 1416, 1400, 1596, 1912, 
2264, 2559, 2719, 2711, 2526, 2218, 1864, 1562, 1386, 1387, 
1564, 1869, 2222, 2617, 2736, 2679, 2455, 2127, 1779, 1500, 
1368, 1419, 1633, 1959, 2309, 2591, 2731, 2692, 2491, 2034, 
1695, 1450, 1363, 1458, 1711, 2049, 2395, 2641, 2739, 2656, 
2416, 2076, 1735, 1472, 1365, 1510, 1794, 2141, 2468, 2684, 
2735, 2608, 2335, 1988, 1658, 1428, 1365, 1486, 1754, 2099, 
2432, 2712, 2718, 2548, 2249, 1895, 1585, 1395, 1380, 1542, 
1838, 2190, 2504, 2699, 2727, 2576, 2291, 1811, 1523, 1374, 
1404, 1608, 1927, 2279, 2569, 2723, 2705, 2512, 2200, 1848, 
1548, 1382, 1392, 1682, 2016, 2363, 2624, 2739, 2670, 2442, 
2110, 1763, 1491, 1367, 1423, 1647, 1974, 2324, 2600, 2736, 
2626, 2366, 2018, 1684, 1443, 1364, 1468, 1726, 2065, 2407, 
2648, 2739, 2649, 2401, 2063, 1609, 1405, 1372, 1519, 1807, 
2159, 2481, 2687, 2734, 2596, 2319, 1971, 1644, 1422, 1366, 
1493, 1895, 2246, 2547, 2718, 2712, 2536, 2232, 1880, 1571, 
1391, 1383, 1552, 1853, 2204, 2518, 2706, 2683, 2470, 2143, 
1795, 1511, 1369, 1411, 1619, 1941, 2294, 2580, 2727, 2700, 
2504, 2187, 1835, 1460, 1362, 1450, 1695, 2033, 2376, 2633, 
2739, 2664, 2431, 2095, 1751, 1483, 1364, 1429, 1660, 2124, 
2455, 2676, 2735, 2616, 2352, 2003, 1671, 1435, 1361, 1475, 
1740, 2081, 2419, 2657, 2739, 2559, 2264, 1912, 1598, 1400, 
1374, 1530, 1822, 2173, 2492, 2697, 2731, 2587, 2306, 1956, 
1631, 1376, 1401, 1595, 1910, 2262, 2559, 2721, 2710, 2527, 
2217, 1867, 1559, 1387, 1388, 1564, 1866, 2348, 2616, 2735, 
2679, 2456, 2127, 1780, 1502, 1368, 1416, 1633, 1957, 2308, 
2591, 2731, 2696, 2379, 2024, 1660, 1420, 1380, 1614, 1935, 
2294, 2579, 2728, 2696, 2492, 2137, 1791, 1508, 1371, 1475, 
1739, 2080, 2415, 2656, 2739, 2639, 2389, 2047, 1707, 1456, 
1363, 1452, 1701, 2037, 2380, 2695, 2731, 2588, 2306, 1951, 
1631, 1416, 1367, 1502, 1782, 2128, 2459, 2680, 2735, 2615, 
2345, 1867, 1561, 1386, 1386, 1563, 1871, 2220, 2528, 2711, 
2720, 2556, 2260, 1908, 1593, 1399, 1376, 1632, 1955, 2310, 
2591, 2730, 2695, 2496, 2172, 1820, 1531, 1375, 1401, 1599, 
1913, 2267, 2563, 2739, 2656, 2418, 2077, 1737, 1474, 1365, 
1434, 1672, 2006, 2355, 2620, 2736, 2676, 2453, 2123, 1658, 
1429, 1366, 1483, 1751, 2096, 2432, 2664, 2735, 2631, 2376, 
2033, 1695, 1448, 1364, 1462, 1836, 2188, 2503, 2700, 2727, 
2578, 2291, 1940, 1619, 1412, 1371, 1511, 1795, 2145, 2471, 
2684, 2704, 2516, 2203, 1852, 1550, 1382, 1391, 1575, 1882, 
2235, 2540, 2716, 2716, 2544, 2245, 1891, 1492, 1368, 1422, 
1645, 1974, 2323, 2600, 2732, 2688, 2479, 2156, 1803, 1519, 
1372, 1406, 1612, 2063, 2407, 2646, 2739, 2650, 2404, 2065, 
1723, 1465, 1365, 1444, 1686, 2019, 2367, 2627, 2739, 2598, 
2321, 1972, 1644, 1423, 1366, 1491, 1766, 2112, 2445, 2672, 
2737, 2623, 2363, 2015, 1681, 1392, 1382, 1551, 1852, 2204, 
2515, 2705, 2726, 2568, 2276, 1924, 1607, 1407, 1374, 1521, 
1811, 2291, 2579, 2727, 2700, 2504, 2187, 1837, 1541, 1378, 
1395, 1585, 1899, 2250, 2551, 2716, 2712, 2432, 2096, 1752, 
1484, 1364, 1428, 1659, 1988, 2336, 2608, 2735, 2683, 2466, 
2139, 1791, 1509, 1364, 1473, 1737, 2079, 2417, 2656, 2739, 
2640, 2391, 2047, 1716, 1456, 1364, 1449, 1700, 2036, 2494, 
2695, 2731, 2590, 2307, 1956, 1632, 1416, 1368, 1500, 1780, 
2127, 2457, 2679, 2737, 2617, 2219, 1868, 1562, 1386, 1387, 
1563, 1865, 2220, 2529, 2712, 2721, 2558, 2262, 1910, 1595, 
1400, 1415, 1631, 1954, 2307, 2590, 2730, 2694, 2494, 2173, 
1823, 1531, 1376, 1400, 1598, 1912, 2265, 2639, 2739, 2656, 
2416, 2081, 1740, 1475, 1364, 1436, 1671, 2004, 2351, 2617, 
2737, 2675, 2454, 1990, 1659, 1429, 1366, 1485, 1751, 2096, 
2431, 2665, 2739, 2632, 2376, 2032, 1695, 1449, 1364, 1540, 
1836, 2187, 2504, 2700, 2732, 2579, 2292, 1941, 1620, 1411, 
1370, 1511, 1796, 2144, 2471, 2724, 2707, 2515, 2204, 1853, 
1552, 1381, 1391, 1574, 1882, 2234, 2538, 2714, 2718, 2547, 
2246, 1767, 1493, 1368, 1420, 1644, 1972, 2322, 2599, 2733, 
2689, 2480, 2156, 1806, 1520, 1372, 1406, 1723, 2063, 2404, 
2648, 2739, 2651, 2406, 2066, 1725, 1468, 1364, 1443, 1683, 
2019, 2366, 2625, 2734, 2598, 2323, 1974, 1647, 1423, 1366, 
1491, 1765, 2111, 2443, 2671, 2737, 2624, 2364, 2016, 1575, 
1391, 1381, 1550, 1850, 2201, 2515, 2705, 2725, 2568, 2277, 
1926, 1608, 1404, 1372, 1521, 1939, 2291, 2579, 2728, 2700, 
2505, 2192, 1836, 1541, 1379, 1395, 1584, 1897, 2249, 2549, 
2717, 2665, 2433, 2097, 1753, 1484, 1365, 1428, 1660, 1987, 
2337, 2609, 2736, 2684, 2467, 2140, 1794, 1436, 1362, 1472, 
1736, 2079, 2416, 2656, 2739, 2642, 2392, 2049, 1710, 1458, 
1363, 1450, 1697, 2169, 2490, 2695, 2732, 2591, 2308, 1958, 
1633, 1417, 1368, 1498, 1779, 2127, 2456, 2679, 2737, 2532, 
2220, 1868, 1563, 1386, 1385, 1561, 1865, 2220, 2526, 2710, 
2721, 2559, 2263, 1911, 1597, 1369, 1416, 1629, 1954, 2305, 
2588, 2731, 2694, 2494, 2172, 1821, 1531, 1377, 1400, 1598, 
1913, 2388, 2640, 2740, 2657, 2420, 2083, 1740, 1476, 1364, 
1436, 1671, 2003, 2350, 2617, 2736, 2678, 2339, 1991, 1660, 
1430, 1365, 1481, 1750, 2095, 2430, 2663, 2739, 2632, 2377, 
2033, 1695, 1450, 1377, 1539, 1835, 2185, 2502, 2700, 2727, 
2580, 2295, 1942, 1621, 1411, 1370, 1510, 1795, 2143, 2567, 
2723, 2707, 2520, 2207, 1855, 1552, 1383, 1391, 1572, 1880, 
2232, 2538, 2713, 2717, 2547, 2115, 2730, 2691, 2483, 2161, 
1811, 1522, 1372, 1401, 1603, 1920, 2271, 2563, 2719, 2703, 
2515, 2070, 1729, 1468, 1361, 1438, 1676, 2011, 2357, 2620, 
2735, 2673, 2444, 2113, 1767, 1493, 1366, 1485, 1756, 2104, 
2435, 2667, 2736, 2626, 2367, 2021, 1687, 1444, 1363, 1464, 
1720, 2059, 2401, 2700, 2724, 2571, 2283, 1931, 1612, 1406, 
1372, 1515, 1802, 2151, 2476, 2686, 2732, 2599, 2323, 1842, 
1544, 1380, 1392, 1577, 1888, 2240, 2543, 2715, 2713, 2540, 
2236, 1883, 1576, 1390, 1380, 1651, 1980, 2328, 2604, 2732, 
2684, 2472, 2146, 1798, 1513, 1371, 1408, 1616, 1937, 2288, 
2575, 2737, 2643, 2396, 2055, 1716, 1461, 1363, 1446, 1691, 
2027, 2371, 2631, 2737, 2664, 2432, 2099, 1638, 1418, 1367, 
1496, 1772, 2119, 2449, 2675, 2736, 2620, 2354, 2007, 1674, 
1436, 1362, 1472, 1857, 2210, 2521, 2707, 2723, 2563, 2268, 
1916, 1600, 1402, 1375, 1527, 1818, 2168, 2488, 2691, 2696, 
2497, 2179, 1828, 1535, 1377, 1398, 1594, 1906, 2258, 2553, 
2719, 2711, 2529, 2220, 1871, 1479, 1363, 1431, 1665, 1996, 
2343, 2612, 2734, 2680, 2460, 2131, 1784, 1507, 1368, 1414, 
1628, 2087, 2423, 2660, 2738, 2636, 2382, 2039, 1701, 1453, 
1363, 1454, 1705, 2044, 2387, 2639, 2739, 2584, 2301, 1948, 
1625, 1413, 1368, 1505, 1788, 2136, 2463, 2680, 2736, 2611, 
2338, 1992, 1661, 1384, 1387, 1567, 1873, 2227, 2532, 2712, 
2719, 2551, 2253, 1900, 1589, 1395, 1378, 1537, 1832, 2313, 
2593, 2731, 2692, 2487, 2166, 1814, 1527, 1374, 1402, 1604, 
1923, 2272, 2566, 2723, 2707, 2411, 2072, 1732, 1470, 1362, 
1438, 1678, 2013, 2359, 2623, 2737, 2673, 2447, 2116, 1768, 
1494, 1364, 1487, 1756, 2103, 2435, 2668, 2739, 2627, 2369, 
2024, 1689, 1446, 1363, 1463, 1720, 2060, 2509, 2701, 2727, 
2574, 2291, 1933, 1615, 1407, 1373, 1516, 1803, 2153, 2476, 
2686, 2734, 2601, 2196, 1844, 1547, 1380, 1392, 1579, 1888, 
2241, 2544, 2714, 2716, 2542, 2239, 1886, 1576, 1392, 1425, 
1650, 1979, 2327, 2604, 2732, 2685, 2473, 2147, 1799, 1515, 
1371, 1408, 1615, 1942, 2287, 2651, 2737, 2644, 2398, 2057, 
1717, 1462, 1363, 1446, 1690, 2027, 2371, 2630, 2738, 2667, 
2435, 1966, 1639, 1420, 1368, 1494, 1772, 2119, 2451, 2675, 
2737, 2620, 2356, 2008, 1676, 1438, 1364, 1556, 1857, 2211, 
2520, 2707, 2723, 2564, 2270, 1921, 1602, 1402, 1375, 1526, 
1816, 2168, 2488, 2727, 2697, 2499, 2181, 1829, 1536, 1376, 
1396, 1590, 1903, 2255, 2555, 2719, 2712, 2531, 2223, 1746, 
1479, 1363, 1431, 1664, 1993, 2342, 2614, 2736, 2680, 2460, 
2132, 1784, 1504, 1369, 1415, 1743, 2085, 2420, 2659, 2739, 
2636, 2384, 2041, 1703, 1455, 1363, 1454, 1704, 2042, 2385, 
2638, 2730, 2585, 2303, 1951, 1627, 1414, 1369, 1504, 1787, 
2134, 2462, 2680, 2734, 2611, 2342, 1992, 1556, 1383, 1387, 
1566, 1872, 2224, 2531, 2712, 2719, 2553, 2255, 1903, 1590, 
1397, 1377, 1537, 1961, 2312, 2592, 2732, 2691, 2487, 2165, 
1816, 1527, 1374, 1404, 1603, 1920, 2271, 2567, 2721, 2652, 
2412, 2073, 1733, 1472, 1363, 1439, 1676, 2010, 2356, 2622, 
2737, 2673, 2448, 2118, 1771, 1427, 1365, 1486, 1758, 2101, 
2433, 2665, 2736, 2628, 2371, 2025, 1689, 1447, 1363, 1462, 
1718, 2192, 2507, 2702, 2725, 2575, 2286, 1935, 1614, 1407, 
1372, 1516, 1801, 2150, 2476, 2686, 2735, 2511, 2198, 1846, 
1548, 1381, 1392, 1579, 1888, 2238, 2544, 2716, 2715, 2543, 
2240, 1887, 1577, 1365, 1424, 1649, 1976, 2326, 2603, 2734, 
2686, 2475, 2150, 1800, 1516, 1371, 1408, 1614, 1933, 2408, 
2651, 2739, 2646, 2399, 2058, 1720, 1463, 1364, 1448, 1689, 
2026, 2371, 2628, 2739, 2668, 2317, 1968, 1640, 1420, 1368, 
1494, 1771, 2117, 2449, 2674, 2737, 2623, 2358, 2010, 1677, 
1440, 1383, 1555, 1856, 2207, 2518, 2707, 2724, 2565, 2271, 
1887, 1548, 1369, 1433, 1689, 2036, 2388, 2699, 2728, 2572, 
2246, 1891, 1583, 1394, 1379, 1543, 1841, 2192, 2506, 2702, 
2727, 2576, 2287, 1807, 1518, 1373, 1406, 1609, 1928, 2280, 
2572, 2724, 2703, 2512, 2199, 1846, 1547, 1380, 1392, 1684, 
2019, 2365, 2627, 2737, 2670, 2440, 2107, 1761, 1490, 1367, 
1423, 1648, 1977, 2326, 2603, 2737, 2623, 2363, 2014, 1682, 
1442, 1364, 1469, 1726, 2067, 2407, 2651, 2739, 2645, 2400, 
2060, 1607, 1404, 1373, 1521, 1809, 2160, 2483, 2689, 2735, 
2595, 2318, 1969, 1642, 1421, 1368, 1494, 1897, 2248, 2551, 
2718, 2712, 2536, 2231, 1879, 1571, 1390, 1383, 1555, 1855, 
2207, 2520, 2705, 2683, 2465, 2140, 1792, 1508, 1371, 1412, 
1623, 1944, 2295, 2582, 2728, 2699, 2500, 2183, 1834, 1457, 
1364, 1451, 1699, 2036, 2380, 2635, 2738, 2663, 2428, 2092, 
1748, 1481, 1364, 1431, 1662, 2127, 2457, 2679, 2736, 2614, 
2349, 2000, 1669, 1434, 1364, 1473, 1742, 2084, 2420, 2659, 
2739, 2559, 2262, 1910, 1595, 1399, 1376, 1532, 1824, 2175, 
2494, 2695, 2726, 2586, 2303, 1951, 1628, 1376, 1399, 1599, 
1912, 2264, 2561, 2720, 2711, 2526, 2215, 1863, 1558, 1385, 
1387, 1566, 1871, 2352, 2617, 2737, 2678, 2454, 2124, 1778, 
1501, 1368, 1418, 1635, 1959, 2310, 2591, 2729, 2692, 2376, 
2032, 1695, 1449, 1363, 1458, 1712, 2047, 2393, 2643, 2739, 
2654, 2415, 2076, 1735, 1472, 1371, 1510, 1795, 2142, 2468, 
2684, 2734, 2606, 2332, 1985, 1656, 1427, 1364, 1485, 1756, 
2099, 2539, 2713, 2716, 2547, 2247, 1895, 1584, 1394, 1379, 
1543, 1840, 2191, 2505, 2700, 2727, 2575, 2156, 1807, 1520, 
1372, 1407, 1608, 1928, 2279, 2572, 2724, 2705, 2511, 2199, 
1846, 1548, 1382, 1442, 1682, 2018, 2364, 2625, 2737, 2670, 
2441, 2108, 1762, 1490, 1367, 1423, 1647, 1976, 2324, 2671, 
2737, 2624, 2364, 2016, 1683, 1441, 1364, 1467, 1728, 2066, 
2407, 2651, 2739, 2647, 2402, 1927, 1606, 1406, 1374, 1521, 
1809, 2159, 2481, 2689, 2732, 2597, 2319, 1969, 1642, 1420, 
1367, 1584, 1895, 2248, 2550, 2718, 2714, 2536, 2231, 1878, 
1571, 1389, 1383, 1553, 1855, 2206, 2519, 2735, 2683, 2469, 
2141, 1792, 1511, 1368, 1411, 1621, 1943, 2295, 2581, 2727, 
2699, 2502, 2185, 1711, 1459, 1363, 1451, 1698, 2035, 2379, 
2635, 2739, 2663, 2429, 2091, 1750, 1481, 1365, 1430, 1779, 
2126, 2456, 2679, 2737, 2616, 2350, 2001, 1669, 1434, 1364, 
1476, 1739, 2083, 2420, 2659, 2719, 2559, 2264, 1911, 1596, 
1400, 1376, 1531, 1823, 2174, 2492, 2695, 2731, 2587, 2305, 
1952, 1531, 1375, 1398, 1597, 1910, 2263, 2559, 2721, 2710, 
2527, 2216, 1863, 1560, 1385, 1387, 1564, 2002, 2350, 2616, 
2736, 2678, 2456, 2126, 1779, 1500, 1368, 1417, 1633, 1959, 
2309, 2591, 2732, 2633, 2377, 2034, 1697, 1451, 1363, 1458, 
1711, 2050, 2393, 2641, 2739, 2653, 2416, 2076, 1736, 1411, 
1370, 1510, 1792, 2142, 2467, 2684, 2733, 2608, 2334, 1986, 
1657, 1428, 1365, 1484, 1753, 2233, 2537, 2714, 2718, 2549, 
2249, 1895, 1584, 1395, 1379, 1542, 1838, 2190, 2504, 2700, 
2727, 2483, 2158, 1809, 1522, 1373, 1406, 1608, 1926, 2279, 
2569, 2724, 2706, 2514, 2201, 1849, 1550, 1364, 1441, 1683, 
2017, 2364, 2625, 2737, 2672, 2443, 2111, 1763, 1491, 1366, 
1423, 1646, 1975, 2441, 2671, 2737, 2627, 2366, 2018, 1684, 
1443, 1363, 1467, 1726, 2066, 2407, 2652, 2742, 2648, 2280, 
1927, 1609, 1407, 1372, 1521, 1808, 2159, 2481, 2688, 2732, 
2598, 2320, 1971, 1644, 1422, 1394, 1583, 1894, 2247, 2549, 
2719, 2713, 2539, 2232, 1880, 1572, 1389, 1382, 1552, 1854, 
2206, 2608, 2734, 2684, 2471, 2143, 1796, 1510, 1371, 1411, 
1620, 1941, 2294, 2582, 2728, 2699, 2503, 2052, 1712, 1459, 
1363, 1449, 1695, 2033, 2377, 2632, 2738, 2663, 2431, 2096, 
1750, 1482, 1365, 1498, 1778, 2124, 2452, 2678, 2736, 2617, 
2352, 2003, 2736, 2635, 2380, 2039, 1696, 1452, 1363, 1532, 
1825, 2176, 2493, 2694, 2727, 2583, 2298, 1948, 1624, 1412, 
1368, 1504, 1785, 2132, 2460, 2719, 2707, 2521, 2211, 1857, 
1554, 1383, 1385, 1566, 1871, 2224, 2531, 2710, 2716, 2551, 
2252, 1772, 1496, 1366, 1418, 1637, 1962, 2311, 2591, 2731, 
2689, 2486, 2164, 1814, 1525, 1372, 1401, 1712, 2052, 2393, 
2641, 2736, 2652, 2411, 2072, 1731, 1470, 1363, 1438, 1676, 
2011, 2355, 2622, 2732, 2601, 2330, 1980, 1652, 1426, 1367, 
1486, 1756, 2103, 2435, 2667, 2737, 2626, 2369, 2022, 1580, 
1392, 1379, 1544, 1840, 2192, 2508, 2700, 2726, 2572, 2286, 
1932, 1614, 1407, 1372, 1516, 1933, 2283, 2572, 2724, 2703, 
2510, 2196, 1844, 1546, 1380, 1392, 1578, 1888, 2240, 2544, 
2715, 2668, 2438, 2105, 1760, 1487, 1366, 1424, 1650, 1977, 
2326, 2603, 2732, 2684, 2472, 2148, 1799, 1439, 1362, 1468, 
1728, 2067, 2408, 2650, 2739, 2645, 2399, 2056, 1718, 1462, 
1363, 1444, 1689, 2162, 2483, 2689, 2732, 2594, 2315, 1966, 
1640, 1420, 1366, 1495, 1767, 2118, 2449, 2673, 2736, 2535, 
2228, 1875, 1568, 1388, 1383, 1555, 1856, 2207, 2520, 2707, 
2721, 2563, 2271, 1918, 1602, 1369, 1412, 1624, 1945, 2295, 
2582, 2728, 2697, 2500, 2179, 1831, 1536, 1376, 1397, 1590, 
1903, 2380, 2636, 2737, 2662, 2426, 2091, 1747, 1479, 1364, 
1432, 1664, 1993, 2343, 2614, 2735, 2680, 2345, 1999, 1667, 
1433, 1364, 1478, 1743, 2086, 2423, 2659, 2739, 2638, 2385, 
2040, 1703, 1454, 1375, 1532, 1825, 2177, 2495, 2696, 2729, 
2585, 2303, 1951, 1628, 1414, 1368, 1505, 1786, 2135, 2560, 
2721, 2707, 2524, 2212, 1861, 1559, 1383, 1387, 1567, 1871, 
2228, 2530, 2712, 2719, 2555, 2123, 1775, 1499, 1368, 1419, 
1635, 1961, 2311, 2592, 2731, 2692, 2488, 2167, 1816, 1526, 
1373, 1459, 1712, 2055, 2394, 2642, 2739, 2652, 2414, 2075, 
1732, 1472, 1362, 1437, 1676, 2010, 2356, 2684, 2735, 2603, 
2332, 1983, 1654, 1427, 1367, 1487, 1755, 2101, 2433, 2668, 
2737, 2630, 2372, 1895, 1583, 1393, 1379, 1543, 1840, 2192, 
2507, 2700, 2727, 2575, 2287, 1934, 1616, 1408, 1371, 1609, 
1928, 2282, 2572, 2724, 2704, 2511, 2198, 1848, 1548, 1380, 
1392, 1578, 1884, 2240, 2544, 2737, 2670, 2439, 2108, 1761, 
1490, 1366, 1423, 1649, 1978, 2327, 2603, 2735, 2684, 2474, 
2150, 1681, 1441, 1363, 1467, 1728, 2067, 2409, 2652, 2739, 
2647, 2400, 2060, 1714, 1463, 1362, 1446, 1809, 2160, 2483, 
2691, 2732, 2596, 2317, 1967, 1641, 1421, 1366, 1494, 1771, 
2116, 2449, 2675, 2713, 2540, 2228, 1878, 1570, 1388, 1383, 
1555, 1855, 2207, 2520, 2705, 2721, 2565, 2272, 1920, 1510, 
1370, 1412, 1625, 1944, 2296, 2581, 2728, 2697, 2502, 2183, 
1831, 1537, 1376, 1396, 1590, 2036, 2379, 2635, 2739, 2663, 
2427, 2091, 1750, 1481, 1364, 1430, 1663, 1990, 2342, 2612, 
2736, 2614, 2348, 1999, 1668, 1434, 1361, 1476, 1741, 2085, 
2420, 2659, 2737, 2638, 2386, 2043, 1704, 1400, 1376, 1531, 
1824, 2175, 2495, 2696, 2729, 2587, 2303, 1951, 1628, 1414, 
1368, 1504, 1785, 2264, 2560, 2721, 2711, 2524, 2214, 1863, 
1556, 1384, 1387, 1566, 1872, 2224, 2531, 2712, 2719, 2454, 
2124, 1777, 1500, 1368, 1419, 1633, 1960, 2311, 2591, 2731, 
2694, 2489, 2168, 1817, 1526, 1366, 1458, 1712, 2050, 2394, 
2643, 2739, 2655, 2415, 2075, 1734, 1472, 1362, 1439, 1676, 
2008, 2470, 2684, 2735, 2604, 2332, 1984, 1655, 1427, 1366, 
1484, 1754, 2100, 2433, 2665, 2738, 2629, 2247, 1893, 1583, 
1394, 1379, 1543, 1840, 2191, 2507, 2700, 2727, 2575, 2287, 
1934, 1615, 1407, 1406, 1606, 1928, 2280, 2571, 2724, 2704, 
2512, 2200, 1848, 1547, 1382, 1391, 1576, 1884, 2240, 2624, 
2737, 2671, 2441, 2108, 1761, 1491, 1366, 1423, 1647, 1976, 
2325, 2601, 2734, 2685, 2479, 1988, 1647, 1409, 1379, 1609, 
1927, 2284, 2574, 2726, 2699, 2499, 2147, 1797, 1513, 1371, 
1409, 1729, 2072, 2411, 2653, 2739, 2643, 2396, 2055, 1716, 
1462, 1364, 1448, 1693, 2028, 2374, 2631, 2729, 2593, 2313, 
1964, 1638, 1420, 1367, 1496, 1775, 2120, 2450, 2676, 2737, 
2620, 2352, 2006, 1567, 1387, 1380, 1557, 1860, 2211, 2523, 
2709, 2722, 2563, 2268, 1916, 1600, 1402, 1375, 1527, 1948, 
2300, 2584, 2729, 2697, 2497, 2179, 1827, 1532, 1377, 1397, 
1592, 1906, 2259, 2556, 2719, 2660, 2425, 2087, 1744, 1478, 
1364, 1431, 1667, 1996, 2345, 2615, 2736, 2679, 2460, 2129, 
1783, 1431, 1363, 1478, 1744, 2087, 2427, 2659, 2739, 2635, 
2383, 2039, 1702, 1452, 1363, 1455, 1707, 2180, 2499, 2697, 
2729, 2584, 2299, 1948, 1625, 1413, 1369, 1507, 1790, 2137, 
2464, 2681, 2735, 2521, 2209, 1860, 1556, 1383, 1388, 1567, 
1874, 2227, 2535, 2713, 2719, 2552, 2252, 1900, 1588, 1368, 
1420, 1638, 1964, 2314, 2595, 2732, 2691, 2486, 2163, 1812, 
1524, 1374, 1404, 1605, 1922, 2396, 2644, 2739, 2654, 2411, 
2071, 1730, 1471, 1363, 1439, 1679, 2013, 2357, 2623, 2739, 
2672, 2329, 1980, 1651, 1426, 1365, 1487, 1759, 2105, 2439, 
2668, 2737, 2628, 2369, 2023, 1687, 1445, 1379, 1547, 1845, 
2195, 2509, 2703, 2727, 2574, 2284, 1932, 1612, 1414, 1372, 
1514, 1804, 2151, 2574, 2725, 2703, 2511, 2196, 1844, 1545, 
1380, 1393, 1580, 1891, 2243, 2544, 2716, 2716, 2543, 2104, 
1759, 1488, 1366, 1425, 1651, 1981, 2330, 2606, 2736, 2687, 
2472, 2147, 1799, 1514, 1372, 1471, 1730, 2072, 2414, 2654, 
2739, 2646, 2400, 2056, 1717, 1462, 1364, 1447, 1691, 2028, 
2371, 2691, 2732, 2596, 2314, 1965, 1639, 1420, 1367, 1494, 
1774, 2119, 2451, 2675, 2736, 2620, 2355, 1875, 1568, 1389, 
1384, 1558, 1859, 2209, 2522, 2707, 2723, 2564, 2270, 1917, 
1601, 1401, 1375, 1624, 1948, 2299, 2585, 2729, 2698, 2499, 
2180, 1829, 1536, 1377, 1397, 1591, 1905, 2257, 2556, 2736, 
2663, 2425, 2088, 1745, 1480, 1366, 1431, 1664, 1998, 2344, 
2614, 2736, 2679, 2460, 2131, 1664, 1432, 1363, 1477, 1744, 
2087, 2424, 2660, 2739, 2638, 2383, 2041, 1703, 1454, 1363, 
1454, 1827, 2179, 2496, 2696, 2731, 2585, 2300, 1950, 1627, 
1416, 1368, 1504, 1788, 2135, 2464, 2681, 2708, 2525, 2214, 
1859, 1560, 1384, 1387, 1568, 1873, 2226, 2532, 2712, 2719, 
2552, 2254, 1902, 1498, 1367, 1418, 1638, 1964, 2312, 2593, 
2731, 2692, 2488, 2166, 1814, 1526, 1376, 1404, 1604, 2054, 
2397, 2643, 2739, 2654, 2412, 2073, 1731, 1471, 1364, 1439, 
1678, 2012, 2358, 2623, 2737, 2604, 2329, 1982, 1654, 1426, 
1366, 1487, 1756, 2103, 2437, 2667, 2739, 2630, 2370, 2025, 
1689, 1391, 1379, 1545, 1843, 2194, 2508, 2703, 2726, 2574, 
2286, 1934, 1614, 1408, 1371, 1515, 1802, 2284, 2572, 2727, 
2704, 2512, 2198, 1846, 1547, 1380, 1392, 1580, 1887, 2242, 
2544, 2716, 2715, 2439, 2105, 1759, 1492, 1366, 1427, 1649, 
1979, 2327, 2603, 2734, 2686, 2475, 2148, 1799, 1515, 1363, 
1469, 1728, 2071, 2409, 2654, 2739, 2648, 2400, 2057, 1717, 
1463, 1363, 1446, 1691, 2027, 2484, 2691, 2731, 2595, 2316, 
1966, 1639, 1421, 1366, 1496, 1772, 2117, 2449, 2675, 2737, 
2622, 2230, 1876, 1569, 1388, 1384, 1553, 1858, 2209, 2521, 
2707, 2723, 2564, 2272, 1921, 1601, 1402, 1411, 1624, 1945, 
2297, 2584, 2728, 2697, 2502, 2182, 1831, 1536, 1376, 1398, 
1591, 1904, 2258, 2635, 2739, 2665, 2428, 2089, 1748, 1480, 
1365, 1432, 1664, 1995, 2343, 2615, 2736, 2680, 2462, 2000, 
1668, 1433, 1363, 1477, 1743, 2087, 2423, 2659, 2739, 2638, 
2385, 2041, 1703, 1455, 1364, 1532, 1827, 2177, 2497, 2697, 
2727, 2585, 2302, 1951, 1627, 1415, 1369, 1506, 1786, 2135, 
2463, 2723, 2707, 2524, 2214, 1862, 1558, 1385, 1387, 1567, 
1871, 2225, 2532, 2712, 2719, 2553, 2255, 2727, 2694, 2495, 
2174, 1824, 1532, 1375, 1398, 1593, 1907, 2259, 2556, 2719, 
2707, 2526, 2216, 1740, 1477, 1362, 1433, 1666, 1996, 2346, 
2612, 2733, 2673, 2456, 2127, 1779, 1501, 1366, 1415, 1745, 
2088, 2424, 2660, 2736, 2633, 2377, 2033, 1695, 1450, 1363, 
1454, 1707, 2046, 2389, 2639, 2727, 2581, 2296, 1943, 1624, 
1411, 1369, 1507, 1791, 2139, 2465, 2683, 2732, 2607, 2337, 
1987, 1553, 1383, 1388, 1568, 1875, 2227, 2535, 2712, 2718, 
2550, 2249, 1897, 1587, 1394, 1378, 1540, 1967, 2315, 2596, 
2731, 2689, 2483, 2161, 1810, 1521, 1372, 1404, 1605, 1923, 
2275, 2568, 2721, 2652, 2408, 2069, 1726, 1467, 1363, 1440, 
1679, 2015, 2360, 2623, 2737, 2672, 2444, 2112, 1763, 1423, 
1365, 1487, 1759, 2105, 2439, 2669, 2737, 2627, 2367, 2019, 
1686, 1444, 1362, 1463, 1722, 2196, 2511, 2704, 2719, 2572, 
2281, 1928, 1608, 1406, 1372, 1518, 1805, 2154, 2478, 2687, 
2732, 2508, 2193, 1841, 1544, 1379, 1393, 1582, 1892, 2244, 
2546, 2716, 2713, 2539, 2235, 1880, 1576, 1364, 1424, 1653, 
1982, 2331, 2607, 2735, 2684, 2471, 2145, 1796, 1513, 1371, 
1411, 1617, 1940, 2412, 2654, 2739, 2643, 2395, 2054, 1715, 
1460, 1364, 1449, 1694, 2030, 2375, 2630, 2739, 2665, 2312, 
1962, 1638, 1419, 1366, 1496, 1774, 2121, 2454, 2677, 2736, 
2617, 2352, 2005, 1673, 1436, 1384, 1558, 1860, 2212, 2524, 
2708, 2723, 2563, 2268, 1916, 1600, 1401, 1376, 1528, 1819, 
2172, 2584, 2727, 2697, 2495, 2179, 1827, 1533, 1377, 1396, 
1593, 1907, 2260, 2556, 2721, 2712, 2528, 2087, 1744, 1479, 
1363, 1434, 1667, 1999, 2345, 2616, 2736, 2676, 2460, 2128, 
1781, 1504, 1368, 1480, 1745, 2088, 2425, 2662, 2739, 2635, 
2380, 2038, 1700, 1452, 1363, 1456, 1707, 2044, 2391, 2700, 
2729, 2584, 2299, 1947, 1624, 1413, 1368, 1507, 1789, 2137, 
2465, 2682, 2735, 2609, 2337, 1859, 1555, 1385, 1388, 1568, 
1875, 2228, 2534, 2713, 2718, 2550, 2252, 1898, 1588, 1395, 
1377, 1638, 1968, 2315, 2595, 2732, 2689, 2486, 2160, 1813, 
1523, 1374, 1404, 1607, 1923, 2274, 2567, 2740, 2652, 2412, 
2071, 1731, 1470, 1364, 1439, 1679, 2013, 2360, 2622, 2737, 
2673, 2446, 2115, 1651, 1427, 1364, 1486, 1759, 2104, 2438, 
2668, 2739, 2627, 2368, 2022, 1685, 1444, 1363, 1464, 1844, 
2196, 2511, 2703, 2726, 2572, 2284, 1931, 1613, 1407, 1371, 
1517, 1804, 2154, 2477, 2687, 2703, 2507, 2195, 1843, 1545, 
1381, 1394, 1582, 1891, 2242, 2547, 2716, 2716, 2541, 2236, 
1884, 1487, 1365, 1425, 1652, 1982, 2329, 2605, 2735, 2685, 
2472, 2147, 1798, 1514, 1370, 1410, 1616, 2071, 2412, 2653, 
2739, 2643, 2396, 2056, 1712, 1461, 1362, 1447, 1694, 2030, 
2372, 2631, 2739, 2593, 2313, 1964, 1638, 1420, 1368, 1496, 
1774, 2120, 2450, 2675, 2736, 2618, 2352, 2007, 1673, 1388, 
1384, 1558, 1859, 2211, 2519, 2708, 2720, 2563, 2268, 1916, 
1600, 1402, 1375, 1525, 1819, 2300, 2585, 2729, 2699, 2497, 
2179, 1828, 1535, 1376, 1398, 1592, 1908, 2258, 2556, 2719, 
2712, 2424, 2088, 1745, 1480, 1364, 1433, 1665, 1998, 2346, 
2615, 2735, 2678, 2460, 2132, 1783, 1504, 1364, 1480, 1743, 
2088, 2424, 2659, 2736, 2637, 2383, 2038, 1700, 1454, 1363, 
1455, 1706, 2044, 2497, 2697, 2731, 2583, 2301, 1948, 1625, 
1412, 1369, 1507, 1790, 2137, 2464, 2681, 2736, 2609, 2212, 
1859, 1556, 1384, 1389, 1566, 1875, 2227, 2534, 2712, 2718, 
2552, 2253, 1900, 1585, 1397, 1420, 1638, 1964, 2313, 2595, 
2732, 2691, 2486, 2163, 1813, 1524, 1374, 1402, 1604, 1921, 
2271, 2646, 2739, 2653, 2411, 2071, 1731, 1472, 1363, 1440, 
1679, 2012, 2360, 2622, 2738, 2673, 2447, 1983, 1652, 1426, 
1366, 1487, 1759, 2104, 2438, 2668, 2739, 2628, 2369, 2023, 
1688, 1445, 1363, 1545, 1843, 2195, 2508, 2702, 2727, 2575, 
2284, 1900, 1556, 1372, 1427, 1679, 2022, 2376, 2632, 2730, 
2582, 2259, 1907, 1592, 1399, 1376, 1534, 1828, 2177, 2496, 
2697, 2729, 2586, 2300, 1949, 1526, 1376, 1397, 1600, 1916, 
2268, 2563, 2721, 2709, 2524, 2212, 1860, 1556, 1383, 1388, 
1567, 2006, 2354, 2621, 2738, 2678, 2451, 2122, 1774, 1497, 
1367, 1418, 1638, 1964, 2314, 2595, 2732, 2631, 2375, 2030, 
1693, 1445, 1363, 1459, 1715, 2055, 2395, 2643, 2739, 2653, 
2412, 2072, 1731, 1409, 1369, 1512, 1797, 2146, 2473, 2684, 
2734, 2604, 2331, 1982, 1651, 1424, 1366, 1486, 1759, 2237, 
2542, 2716, 2717, 2546, 2242, 1892, 1580, 1393, 1380, 1545, 
1843, 2195, 2508, 2703, 2727, 2478, 2152, 1804, 1517, 1372, 
1406, 1612, 1932, 2282, 2573, 2727, 2703, 2511, 2195, 1844, 
1545, 1360, 1444, 1686, 2022, 2367, 2627, 2739, 2670, 2439, 
2104, 1759, 1488, 1367, 1424, 1650, 1982, 2445, 2673, 2737, 
2623, 2360, 2014, 1680, 1439, 1363, 1470, 1730, 2070, 2409, 
2653, 2736, 2646, 2273, 1923, 1605, 1405, 1375, 1523, 1811, 
2163, 2485, 2690, 2732, 2595, 2316, 1966, 1640, 1420, 1395, 
1586, 1899, 2251, 2551, 2719, 2713, 2532, 2228, 1876, 1567, 
1392, 1384, 1555, 1857, 2209, 2609, 2735, 2681, 2464, 2138, 
1790, 1508, 1370, 1412, 1624, 1945, 2297, 2584, 2730, 2696, 
2500, 2048, 1703, 1457, 1363, 1452, 1701, 2039, 2381, 2636, 
2739, 2663, 2425, 2089, 1746, 1480, 1363, 1502, 1782, 2129, 
2459, 2679, 2736, 2614, 2347, 1998, 1667, 1432, 1364, 1478, 
1743, 2086, 2424, 2711, 2721, 2556, 2260, 1910, 1596, 1399, 
1376, 1536, 1825, 2175, 2496, 2696, 2729, 2587, 2302, 1819, 
1528, 1377, 1401, 1599, 1916, 2268, 2563, 2721, 2708, 2524, 
2213, 1860, 1559, 1384, 1388, 1671, 2004, 2352, 2620, 2736, 
2676, 2452, 2124, 1776, 1497, 1368, 1418, 1635, 1961, 2313, 
2593, 2739, 2631, 2376, 2030, 1694, 1448, 1364, 1459, 1715, 
2054, 2396, 2644, 2739, 2655, 2415, 2073, 1618, 1410, 1372, 
1512, 1796, 2145, 2471, 2684, 2735, 2606, 2331, 1983, 1653, 
1426, 1368, 1486, 1881, 2236, 2540, 2715, 2718, 2547, 2246, 
1894, 1582, 1393, 1382, 1543, 1843, 2193, 2511, 2702, 2688, 
2480, 2155, 1806, 1520, 1372, 1407, 1611, 1930, 2282, 2574, 
2726, 2703, 2511, 2197, 1846, 1465, 1363, 1443, 1686, 2022, 
2366, 2625, 2740, 2670, 2440, 2110, 1760, 1490, 1366, 1425, 
1651, 2113, 2447, 2672, 2739, 2624, 2363, 2016, 1681, 1441, 
1363, 1468, 1728, 2070, 2409, 2649, 2741, 2568, 2278, 1925, 
1607, 1405, 1373, 1523, 1811, 2163, 2484, 2691, 2734, 2598, 
2316, 1968, 1639, 1379, 1396, 1584, 1896, 2249, 2551, 2718, 
2713, 2535, 2230, 1878, 1570, 1389, 1384, 1555, 1857, 2336, 
2611, 2736, 2684, 2464, 2140, 1791, 1510, 1372, 1411, 1624, 
1944, 2296, 2583, 2728, 2699, 2387, 2047, 1708, 1456, 1363, 
1451, 1699, 2037, 2379, 2636, 2737, 2662, 2427, 2091, 1747, 
1481, 1368, 1502, 1780, 2127, 2457, 2680, 2737, 2615, 2349, 
1999, 1667, 1434, 1363, 1477, 1741, 2085, 2528, 2712, 2723, 
2561, 2260, 1912, 1595, 1400, 1377, 1532, 1825, 2176, 2495, 
2696, 2731, 2588, 2172, 1821, 1529, 1375, 1401, 1598, 1912, 
2267, 2561, 2721, 2709, 2524, 2215, 1863, 1559, 1385, 1436, 
1671, 2004, 2351, 2619, 2736, 2676, 2451, 2124, 1775, 1498, 
1368, 1420, 1636, 1961, 2311, 2660, 2740, 2632, 2377, 2032, 
1695, 1450, 1363, 1461, 1713, 2052, 2395, 2643, 2739, 2656, 
2414, 1941, 1619, 1409, 1370, 1511, 1796, 2144, 2471, 2686, 
2735, 2608, 2334, 1984, 1655, 1426, 1365, 1572, 1880, 2238, 
2540, 2713, 2719, 2547, 2247, 1894, 1583, 1394, 1380, 1543, 
1840, 2192, 2507, 2734, 2689, 2480, 2156, 1807, 1520, 1372, 
1405, 1610, 1930, 2281, 2572, 2726, 2706, 2514, 2200, 1724, 
1467, 1363, 1443, 1685, 2020, 2364, 2625, 2739, 2671, 2441, 
2108, 1763, 1490, 1367, 1423, 1765, 2111, 2444, 2672, 2737, 
2624, 2364, 2015, 2735, 2640, 2393, 2052, 1714, 1458, 1361, 
1446, 1813, 2163, 2484, 2689, 2729, 2591, 2310, 1961, 1636, 
1417, 1366, 1496, 1774, 2120, 2451, 2674, 2710, 2531, 2224, 
1872, 1566, 1387, 1384, 1556, 1859, 2211, 2523, 2707, 2720, 
2562, 2265, 1914, 1506, 1369, 1412, 1625, 1948, 2296, 2584, 
2728, 2695, 2495, 2177, 1827, 1534, 1375, 1397, 1591, 2041, 
2382, 2636, 2736, 2659, 2422, 2084, 1743, 1477, 1363, 1432, 
1664, 1996, 2346, 2614, 2732, 2609, 2343, 1995, 1663, 1431, 
1363, 1479, 1744, 2087, 2424, 2662, 2737, 2635, 2379, 2038, 
1699, 1398, 1377, 1535, 1828, 2179, 2497, 2696, 2727, 2584, 
2298, 1945, 1624, 1412, 1370, 1507, 1788, 2268, 2563, 2722, 
2707, 2520, 2211, 1857, 1554, 1383, 1388, 1568, 1875, 2225, 
2535, 2711, 2718, 2449, 2119, 1773, 1495, 1367, 1420, 1637, 
1964, 2315, 2594, 2731, 2689, 2484, 2162, 1811, 1523, 1363, 
1459, 1716, 2056, 2396, 2643, 2739, 2651, 2411, 2072, 1728, 
1469, 1364, 1439, 1679, 2012, 2473, 2686, 2732, 2603, 2328, 
1979, 1651, 1425, 1366, 1487, 1758, 2104, 2438, 2668, 2739, 
2627, 2241, 1888, 1580, 1393, 1380, 1546, 1846, 2195, 2508, 
2703, 2723, 2572, 2286, 1931, 1612, 1406, 1407, 1612, 1932, 
2284, 2575, 2724, 2702, 2510, 2194, 1843, 1544, 1379, 1392, 
1579, 1890, 2243, 2627, 2737, 2668, 2436, 2105, 1758, 1484, 
1365, 1425, 1651, 1982, 2329, 2604, 2736, 2686, 2472, 2013, 
1679, 1439, 1364, 1471, 1731, 2071, 2411, 2653, 2739, 2644, 
2398, 2056, 1716, 1461, 1363, 1523, 1813, 2164, 2488, 2691, 
2731, 2595, 2315, 1964, 1638, 1420, 1368, 1496, 1774, 2120, 
2451, 2720, 2712, 2534, 2227, 1875, 1568, 1388, 1383, 1557, 
1860, 2212, 2523, 2708, 2723, 2563, 2268, 1792, 1505, 1368, 
1413, 1627, 1948, 2300, 2584, 2728, 2697, 2498, 2179, 1829, 
1538, 1376, 1397, 1701, 2040, 2382, 2636, 2740, 2660, 2426, 
2087, 1745, 1479, 1364, 1433, 1666, 1996, 2343, 2614, 2736, 
2613, 2343, 1995, 1666, 1432, 1364, 1479, 1743, 2087, 2424, 
2660, 2739, 2636, 2383, 2040, 1592, 1399, 1379, 1536, 1828, 
2179, 2497, 2696, 2731, 2585, 2299, 1948, 1626, 1415, 1370, 
1508, 1916, 2268, 2563, 2722, 2708, 2523, 2212, 1859, 1557, 
1385, 1388, 1568, 1875, 2227, 2532, 2712, 2675, 2451, 2121, 
1774, 1497, 1368, 1419, 1639, 1963, 2313, 2592, 2732, 2692, 
2487, 2164, 1814, 1448, 1363, 1460, 1715, 2055, 2396, 2644, 
2739, 2655, 2412, 2072, 1731, 1470, 1363, 1439, 1679, 2145, 
2472, 2684, 2734, 2604, 2329, 1980, 1652, 1424, 1367, 1492, 
1758, 2103, 2436, 2668, 2738, 2544, 2243, 1891, 1580, 1392, 
1380, 1544, 1843, 2195, 2510, 2702, 2727, 2575, 2286, 1932, 
1613, 1372, 1407, 1612, 1931, 2284, 2573, 2727, 2703, 2510, 
2196, 1844, 1546, 1380, 1393, 1580, 1889, 2367, 2625, 2737, 
2669, 2438, 2104, 1759, 1488, 1365, 1424, 1650, 1979, 2328, 
2604, 2734, 2684, 2360, 2013, 1679, 1439, 1364, 1471, 1728, 
2071, 2409, 2649, 2739, 2646, 2396, 2056, 1716, 1462, 1374, 
1524, 1812, 2163, 2483, 2691, 2732, 2595, 2315, 1967, 1635, 
1420, 1367, 1496, 1774, 2119, 2552, 2719, 2712, 2535, 2227, 
1875, 1568, 1388, 1384, 1557, 1857, 2210, 2521, 2707, 2723, 
2564, 2139, 1789, 1508, 1369, 1412, 1625, 1947, 2299, 2585, 
2728, 2699, 2499, 2180, 1830, 1536, 1378, 1452, 1700, 2041, 
2380, 2638, 2739, 2663, 2425, 2089, 1747, 1479, 1364, 1432, 
1664, 1995, 2343, 2679, 2736, 2614, 2346, 1998, 1666, 1432, 
1363, 1478, 1744, 2087, 2423, 2659, 2736, 2635, 2383, 1906, 
1593, 1399, 1376, 1533, 1826, 2179, 2496, 2697, 2729, 2587, 
2302, 1950, 1627, 1415, 1369, 1600, 1915, 2267, 2562, 2723, 
2709, 2524, 2212, 1861, 1558, 1384, 1385, 1566, 1872, 2228, 
2532, 2738, 2675, 2453, 2122, 1775, 1497, 1367, 1418, 1636, 
1963, 2312, 2594, 2732, 2691, 2488, 2143, 1644, 1410, 1381, 
1611, 1930, 2287, 2577, 2728, 2697, 2496, 2145, 1795, 1514, 
1369, 1412, 1620, 2075, 2414, 2655, 2740, 2644, 2393, 2052, 
1713, 1467, 1363, 1449, 1695, 2032, 2376, 2633, 2739, 2592, 
2312, 1961, 1635, 1417, 1368, 1497, 1776, 2123, 2455, 2680, 
2737, 2617, 2351, 2003, 1672, 1387, 1385, 1559, 1863, 2215, 
2524, 2710, 2721, 2563, 2266, 1913, 1598, 1401, 1376, 1529, 
1820, 2302, 2587, 2727, 2696, 2495, 2176, 1824, 1535, 1376, 
1399, 1595, 1909, 2261, 2558, 2721, 2711, 2421, 2084, 1743, 
1477, 1364, 1434, 1667, 1996, 2348, 2616, 2736, 2679, 2458, 
2127, 1780, 1500, 1364, 1479, 1747, 2090, 2426, 2663, 2739, 
2635, 2380, 2037, 1699, 1452, 1361, 1457, 1708, 2049, 2500, 
END
2699, 2729, 2584, 2297, 1945, 1624, 1412, 1371, 1508, 1792, 
2140, 2465, 2704, 2607, 2339, 1844, 1529, 1359, 1390, 2609, 
2707, 2600, 2331, 1967, 1625, 1397, 1357, 1516, 1831, 2202, 
2519, 2711, 2619, 2358, 1996, 1647, 1409, 1355, 1503, 1807, 
2175, 2503, 2688, 2684, 2487, 2157, 1788, 1420, 1352, 1488, 
1784, 2151, 2484, 2684, 2694, 2510, 2185, 1816, 1510, 1359, 
1408, 1643, 1991, 2465, 2679, 2703, 2531, 2214, 1843, 1529, 
1366, 1399, 1623, 1968, 2334, 2609, 2719, 2628, 2365, 1870, 
1551, 1370, 1389, 1604, 1942, 2308, 2599, 2720, 2643, 2392, 
1375, 1562, 1889, 2260, 2564, 2721, 2603, 2319, 1951, 1609, 
1395, 1371, 1543, 1865, 2236, 2547, 2711, 2680, 2459, 2108, 
1745, 1404, 1365, 1527, 1840, 2211, 2531, 2707, 2687, 2480, 
2140, 1773, 1484, 1357, 1435, 1694, 2052, 2514, 2703, 2698, 
2502, 2168, 1799, 1499, 1359, 1424, 1671, 2023, 2387, 2646, 
2726, 2608, 2323, 1825, 1516, 1365, 1413, 1651, 1999, 2364, 
2631, 2728, 2622, 2350, 1983, 1636, 1408, 1368, 1529, 1974, 
2340, 2617, 2727, 2638, 2374, 2009, 1659, 1418, 1363, 1513, 
1818, 2189, 2518, 2706, 2702, 2399, 2036, 1683, 1429, 1361, 
1493, 1793, 2163, 2501, 2700, 2710, 2526, 2196, 1827, 1520, 
1366, 1479, 1768, 2137, 2479, 2689, 2716, 2544, 2225, 1858, 
1537, 1370, 1405, 1630, 1976, 2343, 2621, 2721, 2561, 2251, 
1880, 1555, 1376, 1396, 1609, 1951, 2319, 2611, 2732, 2656, 
2401, 2040, 1683, 1382, 1388, 1589, 1923, 2294, 2592, 2729, 
2667, 2424, 2067, 1707, 1444, 1360, 1481, 1770, 2135, 2575, 
2724, 2678, 2446, 2092, 1731, 1459, 1359, 1467, 1744, 2111, 
2460, 2684, 2723, 2563, 2254, 1755, 1473, 1360, 1452, 1722, 
2084, 2439, 2675, 2728, 2583, 2279, 1907, 1577, 1384, 1389, 
1587, 2054, 2415, 2665, 2732, 2601, 2305, 1932, 1598, 1393, 
1382, 1569, 1896, 2269, 2575, 2727, 2680, 2331, 2668, 2727, 
2588, 2289, 1919, 1584, 1386, 1383, 1580, 1911, 2283, 2586, 
2727, 2670, 2432, 1945, 1603, 1395, 1379, 1561, 1887, 2256, 
2567, 2723, 2682, 2455, 2104, 1742, 1463, 1358, 1461, 1860, 
2235, 2548, 2719, 2691, 2478, 2132, 1767, 1478, 1359, 1445, 
1713, 2072, 2428, 2671, 2729, 2497, 2159, 1791, 1492, 1361, 
1434, 1689, 2045, 2407, 2659, 2732, 2605, 2316, 1944, 1607, 
1396, 1423, 1664, 2019, 2384, 2644, 2731, 2620, 2341, 1972, 
1627, 1405, 1374, 1542, 1860, 2233, 2551, 2734, 2635, 2366, 
1998, 1651, 1417, 1367, 1525, 1834, 2208, 2531, 2713, 2702, 
2496, 2160, 1792, 1425, 1367, 1507, 1809, 2180, 2513, 2708, 
2711, 2518, 2187, 1815, 1512, 1367, 1423, 1667, 2019, 2492, 
2700, 2716, 2537, 2214, 1841, 1529, 1368, 1416, 1644, 1992, 
2361, 2632, 2734, 2632, 2364, 1868, 1547, 1375, 1402, 1621, 
1966, 2336, 2619, 2734, 2650, 2391, 2026, 1672, 1427, 1366, 
1508, 1939, 2309, 2604, 2734, 2665, 2412, 2051, 1695, 1438, 
1363, 1492, 1787, 2155, 2494, 2700, 2718, 2436, 2081, 1720, 
1452, 1360, 1477, 1760, 2127, 2472, 2691, 2722, 2557, 2240, 
1868, 1548, 1375, 1460, 1737, 2101, 2452, 2682, 2728, 2576, 
2267, 1895, 1568, 1381, 1395, 1600, 1941, 2308, 2605, 2731, 
2593, 2294, 1920, 1588, 1388, 1387, 1581, 1913, 2287, 2588, 
2732, 2675, 2436, 2083, 1720, 1395, 1379, 1562, 1888, 2259, 
2570, 2727, 2684, 2459, 2108, 1745, 1467, 1361, 1462, 1736, 
2100, 2552, 2721, 2695, 2480, 2135, 1767, 1483, 1363, 1448, 
1711, 2074, 2430, 2672, 2732, 2593, 2295, 1793, 1492, 1364, 
1435, 1689, 2047, 2408, 2660, 2735, 2609, 2318, 1950, 1609, 
1396, 1380, 1563, 2020, 2384, 2647, 2735, 2624, 2341, 1974, 
1631, 1409, 1373, 1543, 1862, 2235, 2552, 2720, 2695, 2368, 
2001, 1652, 1417, 1369, 1523, 1836, 2206, 2534, 2715, 2703, 
2499, 2163, 1795, 1495, 1364, 1508, 1811, 2180, 2514, 2710, 
2711, 2521, 2191, 1820, 1515, 1367, 1423, 1662, 2019, 2383, 
2648, 2719, 2540, 2216, 1843, 1531, 1371, 1414, 1644, 1993, 
2360, 2635, 2736, 2638, 2368, 1999, 1652, 1376, 1403, 1623, 
1968, 2335, 2619, 2736, 2652, 2392, 2029, 1675, 1427, 1367, 
1507, 1810, 2180, 2607, 2734, 2663, 2414, 2055, 1698, 1439, 
1363, 1491, 1785, 2155, 2492, 2702, 2718, 2540, 2217, 1724, 
1452, 1361, 1476, 1761, 2127, 2473, 2692, 2724, 2559, 2240, 
1870, 1551, 1376, 1403, 1622, 2100, 2451, 2683, 2731, 2577, 
2268, 1897, 1568, 1383, 1395, 1600, 1938, 2310, 2604, 2734, 
2664, 2296, 1921, 1589, 1388, 1386, 1581, 1911, 2285, 2587, 
2732, 2675, 2438, 2083, 1721, 1454, 1364, 1561, 1886, 2258, 
2569, 2726, 2684, 2460, 2110, 1744, 1466, 1363, 1462, 1735, 
2101, 2451, 2681, 2696, 2480, 2137, 1769, 1482, 1363, 1446, 
1711, 2072, 2431, 2672, 2732, 2595, 2295, 1923, 1591, 1364, 
1435, 1689, 2045, 2407, 2656, 2736, 2611, 2318, 1948, 1608, 
1397, 1379, 1561, 1886, 2259, 2647, 2736, 2624, 2344, 1976, 
1632, 1406, 1372, 1543, 1860, 2232, 2552, 2723, 2696, 2480, 
2136, 1652, 1417, 1368, 1526, 1835, 2206, 2532, 2716, 2704, 
2502, 2164, 1794, 1496, 1363, 1434, 1688, 2179, 2513, 2710, 
2710, 2521, 2189, 1817, 1515, 1368, 1423, 1664, 2019, 2383, 
2648, 2734, 2623, 2219, 1844, 1531, 1371, 1413, 1643, 1992, 
2360, 2632, 2736, 2638, 2368, 2003, 1652, 1417, 1369, 1621, 
1964, 2335, 2617, 2737, 2652, 2393, 2031, 1676, 1429, 1365, 
1507, 1808, 2179, 2515, 2711, 2666, 2416, 2059, 1700, 1440, 
1364, 1491, 1784, 2153, 2492, 2700, 2718, 2541, 2217, 1846, 
1531, 1363, 1476, 1759, 2126, 2472, 2691, 2723, 2558, 2241, 
1835, 1507, 1362, 1494, 1805, 2184, 2527, 2736, 2654, 2383, 
1997, 1648, 1415, 1369, 1528, 1840, 2211, 2535, 2716, 2704, 
2499, 2159, 1791, 1425, 1364, 1507, 1811, 2185, 2517, 2711, 
2712, 2520, 2187, 1815, 1511, 1367, 1426, 1672, 2023, 2496, 
2703, 2719, 2539, 2212, 1842, 1529, 1370, 1415, 1647, 1997, 
2363, 2635, 2736, 2636, 2366, 1867, 1547, 1375, 1404, 1625, 
1970, 2340, 2620, 2736, 2649, 2389, 2024, 1672, 1425, 1367, 
1513, 1942, 2313, 2608, 2732, 2663, 2412, 2052, 1694, 1437, 
1363, 1494, 1788, 2158, 2497, 2704, 2716, 2435, 2079, 1718, 
1451, 1362, 1478, 1763, 2131, 2476, 2694, 2724, 2559, 2240, 
1866, 1549, 1375, 1462, 1736, 2104, 2454, 2680, 2729, 2576, 
2268, 1895, 1564, 1382, 1395, 1604, 1942, 2313, 2608, 2732, 
2591, 2291, 1918, 1585, 1388, 1388, 1584, 1916, 2288, 2591, 
2731, 2675, 2434, 2079, 1719, 1396, 1382, 1564, 1888, 2262, 
2572, 2727, 2684, 2457, 2107, 1742, 1464, 1363, 1463, 1739, 
2103, 2552, 2723, 2694, 2478, 2132, 1766, 1477, 1363, 1450, 
1715, 2076, 2431, 2672, 2732, 2591, 2290, 1793, 1494, 1364, 
1434, 1692, 2047, 2409, 2662, 2734, 2607, 2315, 1944, 1606, 
1396, 1380, 1563, 2023, 2387, 2647, 2734, 2623, 2341, 1972, 
1628, 1406, 1374, 1545, 1864, 2238, 2553, 2723, 2695, 2366, 
1999, 1649, 1415, 1371, 1526, 1839, 2210, 2534, 2716, 2703, 
2499, 2160, 1792, 1492, 1363, 1508, 1811, 2183, 2515, 2710, 
2712, 2520, 2186, 1816, 1511, 1367, 1424, 1668, 2022, 2385, 
2648, 2718, 2540, 2215, 1841, 1529, 1370, 1413, 1645, 1999, 
2360, 2634, 2739, 2635, 2366, 1999, 1649, 1375, 1404, 1626, 
1969, 2339, 2615, 2735, 2651, 2390, 2027, 1671, 1428, 1366, 
1509, 1811, 2183, 2606, 2734, 2664, 2414, 2055, 1695, 1439, 
1363, 1490, 1788, 2156, 2494, 2702, 2718, 2540, 2215, 1720, 
1452, 1363, 1479, 1763, 2129, 2476, 2693, 2724, 2559, 2240, 
1868, 1548, 1376, 1400, 1625, 2102, 2456, 2683, 2728, 2575, 
2267, 1894, 1566, 1382, 1395, 1602, 1941, 2313, 2606, 2735, 
2663, 2291, 1920, 1586, 1388, 1385, 1581, 1916, 2288, 2589, 
2731, 2674, 2436, 2079, 1720, 1452, 1363, 1563, 1891, 2264, 
2573, 2727, 2684, 2457, 2111, 1743, 1465, 1366, 1466, 1737, 
2104, 2456, 2684, 2695, 2479, 2134, 1766, 1481, 1362, 1448, 
1714, 2075, 2431, 2673, 2729, 2591, 2292, 1921, 1587, 1364, 
1436, 1690, 2048, 2409, 2663, 2735, 2608, 2316, 1948, 1608, 
1398, 1381, 1561, 1889, 2261, 2648, 2736, 2624, 2343, 1974, 
1632, 1406, 1376, 1545, 1862, 2235, 2552, 2721, 2695, 2480, 
2135, 1651, 1417, 1372, 1527, 1836, 2211, 2535, 2716, 2703, 
2500, 2163, 1792, 1496, 1362, 1436, 1690, 2183, 2515, 2711, 
2712, 2519, 2191, 1817, 1512, 1366, 1424, 1668, 2022, 2384, 
2648, 2736, 2624, 2214, 1843, 1531, 1371, 1415, 1644, 1992, 
2361, 2633, 2736, 2636, 2366, 1998, 1652, 1418, 1369, 1622, 
1967, 2336, 2619, 2735, 2650, 2391, 2026, 1673, 1425, 1365, 
1507, 1810, 2183, 2512, 2710, 2664, 2414, 2054, 1695, 1439, 
1363, 1491, 1786, 2156, 2496, 2702, 2718, 2539, 2216, 1843, 
1532, 1364, 1477, 1761, 2129, 2475, 2694, 2723, 2558, 2243, 
1868, 1548, 1376, 1404, 1623, 1967, 2336, 2683, 2728, 2575, 
2267, 1894, 1565, 1380, 1395, 1603, 1940, 2312, 2606, 2734, 
2664, 2414, 2055, 1587, 1388, 1388, 1582, 1913, 2287, 2589, 
2736, 2675, 2438, 2087, 1720, 1452, 1363, 1478, 1761, 2263, 
2572, 2728, 2687, 2459, 2108, 1745, 1465, 1363, 1464, 1737, 
2101, 2452, 2683, 2731, 2575, 2135, 1767, 1479, 1363, 1446, 
1713, 2076, 2430, 2673, 2732, 2592, 2294, 1921, 1588, 1389, 
1388, 1690, 2047, 2409, 2659, 2736, 2608, 2316, 2679, 2727, 
2575, 2272, 1899, 1572, 1382, 1391, 1599, 2068, 2423, 2667, 
2730, 2593, 2296, 1926, 1591, 1390, 1384, 1576, 1906, 2279, 
2582, 2727, 2675, 2323, 1950, 1610, 1403, 1377, 1556, 1880, 
2252, 2567, 2724, 2686, 2460, 2112, 1747, 1467, 1359, 1537, 
1855, 2227, 2547, 2718, 2696, 2484, 2138, 1772, 1484, 1361, 
1442, 1707, 2067, 2423, 2668, 2705, 2503, 2168, 1799, 1498, 
1363, 1432, 1683, 2040, 2403, 2656, 2736, 2611, 2323, 1952, 
1614, 1370, 1421, 1663, 2013, 2377, 2643, 2735, 2623, 2347, 
1981, 1632, 1408, 1373, 1539, 1854, 2227, 2631, 2735, 2639, 
2371, 2006, 1656, 1417, 1368, 1521, 1831, 2203, 2527, 2713, 
2707, 2503, 2168, 1678, 1431, 1365, 1503, 1806, 2175, 2507, 
2708, 2712, 2524, 2194, 1823, 1518, 1368, 1421, 1661, 2149, 
2488, 2699, 2718, 2542, 2222, 1848, 1536, 1370, 1411, 1639, 
1985, 2354, 2630, 2735, 2640, 2247, 1873, 1550, 1376, 1401, 
1616, 1960, 2328, 2616, 2735, 2652, 2396, 2033, 1684, 1429, 
1367, 1598, 1930, 2303, 2602, 2732, 2667, 2419, 2060, 1701, 
1441, 1361, 1487, 1776, 2147, 2489, 2699, 2679, 2441, 2087, 
1727, 1455, 1361, 1472, 1755, 2120, 2468, 2688, 2726, 2563, 
2248, 1876, 1551, 1362, 1458, 1731, 2095, 2448, 2679, 2728, 
2579, 2272, 1900, 1572, 1382, 1394, 1598, 1934, 2304, 2668, 
2732, 2596, 2299, 1927, 1593, 1388, 1380, 1576, 1905, 2276, 
2582, 2731, 2678, 2440, 2089, 1612, 1399, 1379, 1557, 1880, 
2252, 2565, 2727, 2687, 2462, 2115, 1748, 1469, 1361, 1456, 
1731, 2229, 2550, 2721, 2697, 2486, 2143, 1774, 1484, 1363, 
1443, 1707, 2068, 2425, 2670, 2732, 2598, 2170, 1800, 1501, 
1366, 1431, 1685, 2040, 2401, 2658, 2736, 2612, 2324, 1954, 
1614, 1399, 1378, 1660, 2013, 2379, 2645, 2736, 2625, 2350, 
1983, 1637, 1409, 1372, 1537, 1855, 2227, 2547, 2720, 2643, 
2374, 2008, 1657, 1419, 1369, 1520, 1828, 2200, 2528, 2715, 
2703, 2506, 2170, 1801, 1500, 1364, 1502, 1804, 2175, 2508, 
2708, 2715, 2526, 2195, 1824, 1520, 1367, 1422, 1662, 2012, 
2377, 2700, 2719, 2544, 2223, 1849, 1535, 1372, 1411, 1638, 
1985, 2353, 2627, 2736, 2640, 2374, 2009, 1553, 1377, 1401, 
1617, 1959, 2328, 2617, 2737, 2659, 2399, 2035, 1681, 1429, 
1365, 1503, 1803, 2303, 2600, 2734, 2668, 2422, 2063, 1703, 
1444, 1362, 1485, 1779, 2148, 2488, 2700, 2719, 2545, 2089, 
1727, 1455, 1360, 1473, 1755, 2119, 2466, 2689, 2726, 2563, 
2246, 1878, 1554, 1378, 1400, 1730, 2094, 2446, 2682, 2727, 
2580, 2275, 1902, 1574, 1383, 1392, 1598, 1932, 2303, 2601, 
2734, 2598, 2302, 1928, 1595, 1391, 1384, 1576, 1904, 2276, 
2582, 2732, 2679, 2445, 2088, 1728, 1454, 1378, 1557, 1879, 
2251, 2564, 2726, 2687, 2464, 2118, 1751, 1471, 1365, 1458, 
1731, 2096, 2446, 2720, 2699, 2487, 2143, 1775, 1485, 1362, 
1444, 1702, 2064, 2422, 2668, 2735, 2596, 2303, 1931, 1500, 
1364, 1431, 1683, 2039, 2401, 2657, 2735, 2614, 2325, 1956, 
1616, 1401, 1379, 1557, 1880, 2375, 2643, 2736, 2627, 2350, 
1984, 1636, 1409, 1372, 1539, 1852, 2226, 2548, 2720, 2699, 
2486, 2006, 1659, 1420, 1369, 1521, 1828, 2199, 2529, 2713, 
2707, 2506, 2172, 1800, 1502, 1364, 1432, 1806, 2172, 2508, 
2709, 2715, 2527, 2198, 1825, 1520, 1369, 1421, 1660, 2013, 
2375, 2641, 2736, 2546, 2224, 1852, 1538, 1373, 1409, 1638, 
1985, 2353, 2628, 2735, 2642, 2376, 2010, 1660, 1422, 1397, 
1615, 1957, 2327, 2616, 2736, 2655, 2399, 2037, 1682, 1430, 
1364, 1505, 1800, 2172, 2508, 2732, 2668, 2424, 2063, 1703, 
1443, 1364, 1487, 1777, 2147, 2488, 2697, 2719, 2547, 2208, 
1810, 1422, 1382, 1628, 1979, 2358, 2633, 2736, 2631, 2336, 
1967, 1620, 1403, 1377, 1548, 1868, 2240, 2636, 2735, 2631, 
2359, 1990, 1645, 1414, 1371, 1530, 1843, 2214, 2540, 2718, 
2703, 2496, 2156, 1667, 1424, 1367, 1512, 1817, 2188, 2518, 
2711, 2711, 2516, 2183, 1810, 1508, 1365, 1426, 1672, 2160, 
2498, 2703, 2715, 2535, 2211, 1834, 1524, 1369, 1416, 1650, 
1998, 2365, 2637, 2737, 2633, 2235, 1863, 1543, 1372, 1407, 
1628, 1974, 2343, 2623, 2736, 2647, 2385, 2019, 1668, 1425, 
1368, 1605, 1946, 2319, 2610, 2736, 2660, 2409, 2051, 1690, 
1437, 1364, 1495, 1792, 2162, 2498, 2700, 2673, 2431, 2079, 
1715, 1449, 1361, 1481, 1768, 2131, 2479, 2695, 2724, 2553, 
2234, 1863, 1543, 1361, 1465, 1742, 2108, 2459, 2686, 2728, 
2572, 2262, 1886, 1564, 1380, 1396, 1607, 1947, 2318, 2675, 
2733, 2588, 2288, 1916, 1580, 1388, 1390, 1588, 1919, 2294, 
2593, 2733, 2672, 2432, 2076, 1604, 1395, 1382, 1567, 1893, 
2265, 2576, 2729, 2683, 2451, 2104, 1737, 1463, 1362, 1464, 
1742, 2237, 2557, 2724, 2692, 2473, 2129, 1760, 1479, 1364, 
1452, 1718, 2080, 2435, 2675, 2732, 2591, 2158, 1788, 1492, 
1363, 1436, 1695, 2054, 2414, 2664, 2733, 2607, 2314, 1941, 
1602, 1396, 1381, 1673, 2026, 2390, 2651, 2737, 2620, 2337, 
1968, 1624, 1404, 1377, 1548, 1868, 2240, 2556, 2724, 2636, 
2363, 1995, 1646, 1414, 1370, 1528, 1841, 2215, 2538, 2718, 
2703, 2494, 2158, 1788, 1493, 1368, 1512, 1816, 2188, 2520, 
2712, 2712, 2515, 2182, 1814, 1508, 1366, 1425, 1673, 2023, 
2387, 2704, 2718, 2536, 2211, 1838, 1527, 1370, 1415, 1648, 
1999, 2367, 2636, 2736, 2635, 2362, 1996, 1544, 1375, 1405, 
1627, 1972, 2342, 2622, 2736, 2649, 2387, 2022, 1667, 1425, 
1369, 1511, 1816, 2316, 2609, 2736, 2662, 2409, 2047, 1690, 
1436, 1364, 1495, 1791, 2163, 2499, 2703, 2716, 2539, 2077, 
1716, 1449, 1362, 1480, 1767, 2134, 2478, 2696, 2723, 2555, 
2239, 1863, 1544, 1373, 1407, 1743, 2105, 2456, 2684, 2728, 
2572, 2264, 1890, 1563, 1380, 1397, 1607, 1945, 2316, 2607, 
2734, 2590, 2287, 1915, 1583, 1390, 1388, 1585, 1919, 2291, 
2588, 2732, 2672, 2432, 2078, 1714, 1449, 1381, 1566, 1893, 
2266, 2575, 2727, 2683, 2454, 2104, 1739, 1463, 1362, 1466, 
1740, 2105, 2457, 2723, 2696, 2477, 2132, 1763, 1479, 1364, 
1449, 1719, 2078, 2435, 2675, 2732, 2590, 2291, 1916, 1494, 
1363, 1438, 1694, 2052, 2414, 2663, 2735, 2604, 2318, 1942, 
1605, 1395, 1379, 1566, 1892, 2389, 2648, 2739, 2621, 2339, 
1967, 1627, 1404, 1376, 1547, 1866, 2240, 2556, 2723, 2695, 
2476, 1996, 1647, 1415, 1370, 1529, 1841, 2212, 2539, 2716, 
2704, 2496, 2158, 1789, 1492, 1363, 1436, 1814, 2184, 2516, 
2711, 2713, 2518, 2184, 1814, 1511, 1367, 1425, 1672, 2026, 
2389, 2651, 2736, 2540, 2211, 1840, 1527, 1368, 1416, 1648, 
1999, 2367, 2636, 2738, 2641, 2367, 1996, 1647, 1415, 1406, 
1624, 1971, 2339, 2622, 2736, 2649, 2388, 2023, 1671, 1425, 
1367, 1511, 1815, 2190, 2518, 2736, 2660, 2411, 2051, 1692, 
1438, 1365, 1494, 1790, 2160, 2497, 2703, 2718, 2536, 2211, 
1840, 1450, 1361, 1479, 1764, 2132, 2478, 2694, 2723, 2556, 
2238, 1865, 1545, 1375, 1407, 1625, 1971, 2456, 2685, 2729, 
2574, 2264, 1889, 1564, 1380, 1396, 1606, 1944, 2316, 2608, 
2736, 2663, 2412, 1919, 1585, 1389, 1388, 1585, 1919, 2290, 
2593, 2732, 2673, 2432, 2080, 1717, 1450, 1366, 1480, 1890, 
2265, 2575, 2727, 2684, 2455, 2104, 1742, 1464, 1363, 1464, 
1740, 2105, 2456, 2684, 2727, 2476, 2132, 1764, 1480, 1363, 
1451, 1716, 2079, 2433, 2675, 2732, 2589, 2289, 2723, 2687, 
2467, 1984, 1638, 1409, 1369, 1533, 1848, 2219, 2541, 2717, 
2697, 2486, 2145, 1776, 1487, 1363, 1441, 1823, 2193, 2523, 
2710, 2705, 2507, 2174, 1800, 1503, 1364, 1426, 1676, 2033, 
2395, 2654, 2734, 2528, 2200, 1827, 1519, 1368, 1418, 1655, 
2007, 2371, 2639, 2735, 2632, 2353, 1985, 1639, 1409, 1407, 
1631, 1979, 2351, 2627, 2735, 2641, 2376, 2012, 1662, 1421, 
1367, 1516, 1823, 2194, 2524, 2735, 2656, 2400, 2039, 1684, 
1432, 1363, 1500, 1796, 2169, 2503, 2705, 2715, 2528, 2200, 
1828, 1446, 1361, 1484, 1774, 2140, 2483, 2695, 2720, 2547, 
2227, 1855, 1538, 1372, 1408, 1631, 1979, 2463, 2686, 2727, 
2562, 2252, 1880, 1557, 1378, 1399, 1613, 1953, 2323, 2611, 
2735, 2656, 2401, 1907, 1577, 1384, 1389, 1592, 1926, 2300, 
2596, 2732, 2668, 2424, 2068, 1708, 1444, 1361, 1484, 1900, 
2273, 2579, 2732, 2678, 2446, 2094, 1731, 1459, 1363, 1469, 
1748, 2114, 2463, 2687, 2726, 2470, 2121, 1755, 1475, 1361, 
1455, 1726, 2086, 2439, 2678, 2729, 2585, 2279, 1906, 1577, 
1383, 1441, 1703, 2060, 2418, 2666, 2732, 2600, 2305, 1935, 
1596, 1392, 1383, 1570, 1901, 2272, 2579, 2736, 2616, 2331, 
1962, 1619, 1400, 1376, 1551, 1872, 2244, 2560, 2723, 2690, 
2467, 2123, 1756, 1411, 1372, 1532, 1849, 2221, 2543, 2718, 
2700, 2491, 2150, 1779, 1488, 1363, 1439, 1701, 2060, 2523, 
2713, 2708, 2510, 2177, 1804, 1500, 1366, 1429, 1679, 2033, 
2396, 2654, 2736, 2615, 2328, 1829, 1521, 1369, 1419, 1655, 
2007, 2372, 2640, 2736, 2627, 2355, 1988, 1638, 1411, 1372, 
1533, 1979, 2347, 2627, 2737, 2646, 2379, 2015, 1663, 1422, 
1367, 1517, 1821, 2193, 2526, 2713, 2707, 2403, 2043, 1685, 
1434, 1365, 1500, 1799, 2168, 2502, 2705, 2716, 2531, 2203, 
1831, 1523, 1368, 1485, 1772, 2142, 2483, 2697, 2721, 2547, 
2228, 1859, 1540, 1373, 1408, 1633, 1981, 2348, 2625, 2728, 
2567, 2255, 1881, 1558, 1379, 1400, 1611, 1951, 2323, 2610, 
2734, 2657, 2404, 2043, 1686, 1386, 1390, 1592, 1926, 2297, 
2596, 2732, 2670, 2428, 2069, 1709, 1446, 1361, 1485, 1776, 
2142, 2581, 2731, 2681, 2448, 2097, 1734, 1459, 1361, 1470, 
1747, 2114, 2463, 2687, 2727, 2567, 2256, 1757, 1474, 1362, 
1456, 1724, 2087, 2440, 2676, 2730, 2585, 2283, 1907, 1579, 
1386, 1390, 1592, 2060, 2420, 2667, 2734, 2604, 2307, 1935, 
1599, 1393, 1384, 1572, 1900, 2272, 2580, 2729, 2681, 2332, 
1963, 1619, 1403, 1376, 1552, 1873, 2241, 2560, 2724, 2691, 
2470, 2126, 1757, 1474, 1361, 1532, 1848, 2218, 2542, 2719, 
2700, 2492, 2149, 1781, 1489, 1364, 1441, 1700, 2059, 2417, 
2665, 2710, 2512, 2177, 1806, 1505, 1364, 1427, 1679, 2033, 
2396, 2652, 2737, 2615, 2331, 1961, 1619, 1372, 1422, 1656, 
2006, 2368, 2638, 2736, 2631, 2357, 1990, 1641, 1412, 1371, 
1534, 1847, 2220, 2625, 2736, 2643, 2382, 2015, 1663, 1422, 
1369, 1515, 1823, 2191, 2523, 2713, 2709, 2511, 2177, 1687, 
1434, 1367, 1500, 1799, 2167, 2504, 2705, 2716, 2533, 2204, 
1832, 1522, 1369, 1418, 1654, 2141, 2483, 2697, 2721, 2549, 
2231, 1857, 1541, 1373, 1408, 1632, 1977, 2347, 2625, 2736, 
2648, 2256, 1884, 1559, 1380, 1399, 1611, 1951, 2322, 2611, 
2736, 2659, 2405, 2042, 1686, 1434, 1364, 1591, 1925, 2297, 
2595, 2732, 2672, 2428, 2071, 1711, 1447, 1362, 1485, 1771, 
2140, 2483, 2696, 2681, 2451, 2099, 1735, 1461, 1365, 1469, 
1746, 2111, 2463, 2687, 2727, 2571, 2256, 1880, 1560, 1361, 
1456, 1724, 2086, 2439, 2676, 2732, 2584, 2282, 1911, 1579, 
1386, 1390, 1591, 1924, 2296, 2667, 2732, 2601, 2305, 1911, 
1554, 1373, 1438, 1706, 2073, 2435, 2678, 2731, 2575, 2236, 
1863, 1462, 1360, 1467, 1741, 2107, 2456, 2685, 2728, 2572, 
2263, 1889, 1564, 1382, 1396, 1606, 1943, 2435, 2675, 2731, 
2589, 2286, 1918, 1584, 1387, 1387, 1585, 1920, 2291, 2592, 
2732, 2672, 2433, 1942, 1604, 1395, 1382, 1565, 1893, 2267, 
2575, 2728, 2686, 2456, 2103, 1740, 1464, 1361, 1465, 1864, 
2240, 2556, 2724, 2695, 2476, 2130, 1763, 1480, 1361, 1452, 
1718, 2080, 2435, 2676, 2732, 2497, 2158, 1789, 1494, 1363, 
1438, 1694, 2052, 2414, 2666, 2736, 2604, 2315, 1943, 1607, 
1395, 1426, 1671, 2025, 2390, 2652, 2737, 2620, 2338, 1968, 
1624, 1404, 1373, 1547, 1867, 2240, 2553, 2736, 2635, 2362, 
1998, 1647, 1414, 1371, 1529, 1841, 2211, 2537, 2717, 2703, 
2497, 2156, 1789, 1425, 1367, 1511, 1816, 2187, 2519, 2712, 
2712, 2513, 2184, 1813, 1509, 1367, 1425, 1672, 2027, 2496, 
2704, 2719, 2539, 2214, 1839, 1526, 1369, 1416, 1649, 1999, 
2366, 2636, 2736, 2633, 2364, 1864, 1544, 1374, 1404, 1625, 
1972, 2339, 2620, 2735, 2648, 2387, 2024, 1668, 1424, 1366, 
1510, 1946, 2316, 2608, 2734, 2661, 2410, 2050, 1693, 1438, 
1364, 1495, 1791, 2160, 2499, 2704, 2718, 2433, 2079, 1717, 
1449, 1363, 1479, 1766, 2133, 2480, 2695, 2724, 2553, 2237, 
1863, 1546, 1376, 1467, 1741, 2106, 2455, 2683, 2727, 2574, 
2263, 1889, 1564, 1380, 1395, 1606, 1944, 2316, 2608, 2732, 
2591, 2288, 1918, 1585, 1390, 1387, 1584, 1917, 2288, 2591, 
2732, 2673, 2434, 2077, 1718, 1398, 1382, 1567, 1891, 2265, 
2573, 2727, 2684, 2454, 2104, 1741, 1463, 1362, 1464, 1740, 
2105, 2555, 2723, 2694, 2477, 2132, 1765, 1476, 1362, 1450, 
1717, 2079, 2433, 2673, 2731, 2591, 2290, 1790, 1492, 1363, 
1437, 1694, 2051, 2412, 2663, 2736, 2604, 2313, 1944, 1607, 
1398, 1382, 1564, 2027, 2389, 2649, 2736, 2620, 2340, 1970, 
1625, 1405, 1375, 1546, 1866, 2238, 2556, 2724, 2695, 2363, 
1998, 1648, 1416, 1369, 1528, 1840, 2213, 2537, 2719, 2703, 
2496, 2158, 1790, 1492, 1363, 1510, 1814, 2185, 2518, 2711, 
2713, 2520, 2185, 1816, 1511, 1367, 1426, 1670, 2024, 2387, 
2649, 2717, 2536, 2208, 1839, 1528, 1371, 1414, 1646, 1999, 
2367, 2636, 2735, 2636, 2364, 1996, 1648, 1375, 1405, 1624, 
1971, 2339, 2620, 2736, 2649, 2388, 2024, 1671, 1427, 1367, 
1510, 1812, 2188, 2606, 2734, 2662, 2410, 2050, 1694, 1438, 
1364, 1492, 1789, 2160, 2496, 2703, 2719, 2537, 2212, 1717, 
1451, 1363, 1479, 1764, 2130, 2476, 2695, 2723, 2556, 2238, 
1865, 1546, 1378, 1405, 1624, 2104, 2451, 2683, 2731, 2575, 
2265, 1889, 1564, 1381, 1395, 1604, 1942, 2314, 2607, 2735, 
2663, 2291, 1920, 1586, 1388, 1388, 1584, 1918, 2289, 2590, 
2732, 2672, 2435, 2080, 1719, 1452, 1360, 1567, 1891, 2265, 
2572, 2728, 2684, 2457, 2107, 1742, 1465, 1362, 1464, 1739, 
2104, 2455, 2682, 2694, 2478, 2134, 1765, 1479, 1362, 1449, 
1718, 2077, 2433, 2675, 2732, 2592, 2289, 1918, 1584, 1363, 
1436, 1691, 2050, 2411, 2662, 2735, 2608, 2318, 1945, 1606, 
1397, 1381, 1565, 1889, 2264, 2649, 2735, 2623, 2341, 1968, 
1626, 1407, 1377, 1545, 1864, 2237, 2553, 2723, 2693, 2478, 
2135, 1648, 1415, 1369, 1528, 1839, 2211, 2536, 2716, 2703, 
2497, 2161, 1791, 1495, 1363, 1437, 1693, 2183, 2515, 2712, 
2713, 2519, 2186, 1816, 1510, 1367, 1424, 1669, 2023, 2387, 
2649, 2736, 2623, 2212, 1841, 1528, 1371, 1415, 1646, 1994, 
2363, 2636, 2736, 2635, 2364, 1997, 1648, 1415, 1371, 1624, 
1971, 2337, 2620, 2736, 2650, 2388, 2025, 1672, 1425, 1367, 
1511, 1813, 2184, 2516, 2712, 2663, 2412, 2054, 2277, 1905, 
1575, 1384, 1388, 1589, 1923, 2297, 2593, 2729, 2667, 2424, 
2067, 1596, 1391, 1380, 1569, 1899, 2270, 2576, 2727, 2679, 
2446, 2095, 1729, 1459, 1363, 1468, 1744, 2244, 2559, 2721, 
2688, 2467, 2119, 1754, 1473, 1361, 1454, 1724, 2087, 2439, 
2676, 2730, 2584, 2147, 1779, 1487, 1361, 1440, 1699, 2060, 
2416, 2664, 2732, 2603, 2305, 1934, 1596, 1390, 1382, 1676, 
2033, 2393, 2653, 2736, 2615, 2330, 1959, 1617, 1400, 1376, 
1550, 1872, 2246, 2559, 2723, 2630, 2355, 1987, 1639, 1408, 
1368, 1534, 1848, 2220, 2541, 2719, 2695, 2489, 2148, 1780, 
1488, 1366, 1516, 1822, 2192, 2524, 2712, 2706, 2509, 2175, 
1804, 1504, 1365, 1426, 1676, 2033, 2396, 2703, 2714, 2531, 
2203, 1830, 1521, 1368, 1419, 1655, 2005, 2371, 2639, 2735, 
2628, 2355, 1988, 1540, 1373, 1407, 1632, 1979, 2350, 2624, 
2736, 2644, 2380, 2014, 1664, 1420, 1367, 1518, 1820, 2320, 
2611, 2734, 2657, 2404, 2042, 1686, 1433, 1364, 1498, 1796, 
2166, 2503, 2704, 2714, 2531, 2070, 1710, 1445, 1364, 1484, 
1772, 2139, 2487, 2696, 2721, 2551, 2230, 1858, 1539, 1372, 
1407, 1748, 2112, 2463, 2686, 2726, 2567, 2255, 1881, 1558, 
1379, 1398, 1611, 1951, 2321, 2611, 2736, 2584, 2281, 1908, 
1580, 1385, 1392, 1590, 1920, 2299, 2595, 2732, 2671, 2428, 
2070, 1710, 1450, 1382, 1570, 1901, 2272, 2579, 2728, 2680, 
2448, 2096, 1732, 1460, 1360, 1468, 1747, 2112, 2463, 2724, 
2691, 2470, 2123, 1756, 1473, 1361, 1454, 1723, 2086, 2439, 
2675, 2731, 2585, 2281, 1911, 1489, 1362, 1441, 1699, 2059, 
2419, 2665, 2734, 2603, 2307, 1936, 1599, 1390, 1384, 1571, 
1894, 2396, 2655, 2736, 2615, 2332, 1961, 1617, 1401, 1377, 
1551, 1874, 2247, 2560, 2727, 2692, 2471, 1989, 1641, 1411, 
1372, 1533, 1847, 2220, 2541, 2719, 2700, 2492, 2151, 1780, 
1489, 1362, 1441, 1822, 2191, 2523, 2713, 2710, 2511, 2179, 
1807, 1505, 1366, 1429, 1676, 2032, 2393, 2654, 2737, 2534, 
2203, 1833, 1523, 1369, 1417, 1654, 2007, 2371, 2641, 2737, 
2631, 2359, 1990, 1642, 1411, 1407, 1633, 1974, 2347, 2624, 
2736, 2643, 2380, 2015, 1664, 1423, 1367, 1514, 1818, 2190, 
2521, 2736, 2659, 2404, 2040, 1684, 1435, 1363, 1499, 1796, 
2166, 2503, 2705, 2716, 2533, 2205, 1833, 1447, 1363, 1483, 
1772, 2139, 2483, 2696, 2721, 2553, 2232, 1859, 1542, 1374, 
1408, 1632, 1980, 2460, 2684, 2726, 2568, 2258, 1884, 1559, 
1379, 1398, 1612, 1951, 2320, 2609, 2735, 2656, 2403, 1912, 
1578, 1386, 1390, 1596, 1924, 2297, 2596, 2734, 2668, 2427, 
2071, 1710, 1449, 1359, 1486, 1898, 2272, 2578, 2730, 2683, 
2451, 2099, 1736, 1460, 1361, 1468, 1747, 2111, 2462, 2688, 
2727, 2471, 2125, 1758, 1475, 1362, 1454, 1722, 2083, 2439, 
2676, 2729, 2584, 2281, 1911, 1577, 1384, 1439, 1697, 2056, 
2416, 2664, 2734, 2603, 2308, 1937, 1600, 1395, 1382, 1569, 
1897, 2272, 2577, 2737, 2617, 2335, 1971, 1620, 1403, 1376, 
1551, 1871, 2244, 2559, 2726, 2692, 2472, 2124, 1759, 1411, 
1371, 1531, 1845, 2218, 2540, 2718, 2700, 2493, 2151, 1783, 
1491, 1363, 1439, 1698, 2054, 2524, 2712, 2709, 2512, 2177, 
1807, 1507, 1367, 1427, 1676, 2031, 2392, 2652, 2736, 2616, 
2335, 1831, 1523, 1368, 1417, 1653, 2003, 2368, 2638, 2737, 
2633, 2359, 1989, 1641, 1415, 1371, 1531, 1979, 2347, 2624, 
2737, 2645, 2382, 2017, 1665, 1422, 1368, 1513, 1820, 2191, 
2523, 2712, 2710, 2408, 2046, 1689, 1438, 1363, 1496, 1795, 
2167, 2502, 2706, 2716, 2532, 2207, 1833, 1523, 1369, 1480, 
1770, 2136, 2481, 2695, 2721, 2551, 2223, 1824, 1500, 1358, 
1504, 1808, 2186, 2521, 2713, 2659, 2387, 2024, 1670, 1426, 
1367, 1511, 1814, 2187, 2518, 2711, 2712, 2516, 2185, 1812, 
1510, 1363, 1494, 1788, 2158, 2496, 2703, 2717, 2536, 2212, 
1839, 1528, 1370, 1416, 1644, 1999, 2364, 2692, 2723, 2555, 
2239, 1865, 1544, 1375, 1404, 1626, 1971, 2340, 2620, 2736, 
2649, 2387, 2023, 1564, 1382, 1396, 1606, 1939, 2315, 2608, 
2736, 2662, 2411, 2051, 1692, 1437, 1364, 1494, 1788, 2289, 
2591, 2732, 2673, 2434, 2077, 1715, 1451, 1361, 1481, 1766, 
2132, 2478, 2695, 2723, 2556, 2105, 1742, 1466, 1363, 1462, 
1741, 2107, 2456, 2684, 2728, 2574, 2264, 1888, 1564, 1379, 
1393, 1717, 2078, 2433, 2672, 2731, 2588, 2291, 1916, 1584, 
1388, 1387, 1585, 1918, 2291, 2592, 2731, 2609, 2316, 1943, 
1605, 1398, 1383, 1565, 1891, 2264, 2575, 2727, 2684, 2455, 
2104, 1742, 1464, 1373, 1545, 1865, 2237, 2555, 2722, 2695, 
2476, 2134, 1765, 1477, 1361, 1449, 1715, 2077, 2432, 2718, 
2703, 2497, 2160, 1788, 1494, 1363, 1436, 1692, 2051, 2411, 
2663, 2735, 2607, 2316, 1945, 1511, 1366, 1424, 1670, 2024, 
2387, 2649, 2737, 2620, 2337, 1971, 1624, 1406, 1375, 1545, 
1865, 2363, 2633, 2736, 2636, 2364, 1999, 1648, 1415, 1370, 
1523, 1839, 2212, 2535, 2719, 2703, 2498, 2023, 1671, 1425, 
1366, 1510, 1814, 2183, 2515, 2710, 2715, 2520, 2185, 1816, 
1510, 1367, 1423, 1788, 2159, 2497, 2702, 2717, 2539, 2213, 
1840, 1529, 1370, 1415, 1647, 2001, 2364, 2631, 2737, 2556, 
2239, 1868, 1547, 1376, 1404, 1624, 1968, 2340, 2620, 2736, 
2648, 2387, 2027, 1671, 1425, 1395, 1605, 1943, 2314, 2607, 
2735, 2662, 2412, 2051, 1694, 1438, 1363, 1491, 1789, 2157, 
2497, 2734, 2672, 2434, 2083, 1718, 1451, 1362, 1479, 1763, 
2131, 2478, 2692, 2727, 2556, 2239, 1868, 1465, 1361, 1464, 
1738, 2103, 2454, 2684, 2727, 2575, 2264, 1894, 1567, 1377, 
1396, 1604, 1943, 2433, 2673, 2732, 2591, 2291, 1919, 1587, 
1389, 1388, 1584, 1916, 2289, 2589, 2734, 2675, 2435, 1945, 
1606, 1396, 1379, 1563, 1887, 2262, 2572, 2728, 2684, 2456, 
2105, 1745, 1467, 1361, 1464, 1865, 2237, 2554, 2723, 2695, 
2479, 2133, 1766, 1479, 1362, 1449, 1715, 2075, 2433, 2674, 
2734, 2499, 2158, 1792, 1494, 1363, 1436, 1692, 2048, 2411, 
2663, 2736, 2608, 2315, 1946, 1606, 1395, 1424, 1671, 2023, 
2386, 2648, 2737, 2623, 2341, 1972, 1627, 1406, 1375, 1545, 
1867, 2235, 2555, 2736, 2636, 2364, 2000, 1650, 1414, 1369, 
1527, 1837, 2209, 2535, 2717, 2705, 2497, 2160, 1792, 1426, 
1366, 1508, 1814, 2185, 2515, 2710, 2718, 2519, 2187, 1816, 
1512, 1365, 1423, 1668, 2023, 2496, 2702, 2719, 2539, 2214, 
1841, 1529, 1371, 1415, 1646, 1995, 2363, 2632, 2736, 2638, 
2367, 1868, 1549, 1376, 1404, 1624, 1968, 2339, 2620, 2736, 
2649, 2388, 2025, 1672, 1427, 1366, 1511, 1941, 2313, 2604, 
2734, 2663, 2412, 2054, 1695, 1438, 1363, 1492, 1787, 2156, 
2496, 2703, 2718, 2433, 2080, 1719, 1450, 1360, 1478, 1765, 
2130, 2476, 2692, 2724, 2558, 2239, 1867, 1547, 1376, 1462, 
1736, 2103, 2452, 2683, 2728, 2575, 2266, 1892, 1567, 1382, 
1400, 1603, 1942, 2312, 2604, 2732, 2590, 2292, 1920, 1585, 
1388, 1388, 1583, 1915, 2288, 2588, 2732, 2675, 2437, 2078, 
1718, 1395, 1382, 1564, 1888, 2262, 2572, 2728, 2684, 2456, 
2108, 1743, 1465, 1362, 1464, 1736, 2102, 2552, 2719, 2696, 
2479, 2135, 1766, 1480, 1362, 1448, 1715, 2076, 2431, 2671, 
2729, 2593, 2294, 1792, 1496, 1362, 1436, 1691, 2047, 2408, 
2662, 2735, 2608, 2317, 1947, 1607, 1395, 1381, 1563, 2020, 
2386, 2648, 2736, 2622, 2343, 2664, 2731, 2598, 2301, 1930, 
1596, 1391, 1384, 1574, 1902, 2396, 2652, 2734, 2610, 2328, 
1956, 1615, 1400, 1377, 1553, 1876, 2248, 2560, 2723, 2687, 
2464, 1983, 1635, 1409, 1367, 1536, 1851, 2219, 2543, 2716, 
2697, 2487, 2143, 1774, 1483, 1363, 1443, 1823, 2196, 2524, 
2711, 2703, 2505, 2171, 1799, 1500, 1364, 1430, 1676, 2035, 
2397, 2654, 2734, 2526, 2198, 1825, 1517, 1365, 1418, 1657, 
2008, 2374, 2641, 2735, 2628, 2351, 1984, 1635, 1408, 1407, 
1635, 1982, 2351, 2628, 2739, 2643, 2376, 2011, 1659, 1420, 
1367, 1518, 1825, 2199, 2527, 2735, 2656, 2400, 2036, 1684, 
1430, 1363, 1500, 1799, 2169, 2505, 2707, 2712, 2528, 2196, 
1827, 1441, 1362, 1485, 1775, 2144, 2486, 2695, 2719, 2545, 
2226, 1852, 1536, 1371, 1408, 1634, 1983, 2465, 2687, 2724, 
2564, 2251, 1878, 1555, 1377, 1400, 1615, 1955, 2326, 2613, 
2736, 2655, 2399, 1905, 1575, 1383, 1390, 1592, 1928, 2300, 
2599, 2731, 2668, 2424, 2065, 1706, 1443, 1362, 1485, 1903, 
2275, 2579, 2730, 2678, 2446, 2092, 1729, 1457, 1361, 1471, 
1751, 2116, 2465, 2687, 2724, 2467, 2119, 1753, 1473, 1361, 
1456, 1729, 2091, 2444, 2678, 2731, 2582, 2278, 1905, 1574, 
1385, 1443, 1703, 2062, 2422, 2669, 2735, 2599, 2304, 1931, 
1596, 1391, 1384, 1573, 1902, 2275, 2581, 2736, 2616, 2328, 
1959, 1616, 1400, 1377, 1555, 1877, 2248, 2563, 2724, 2689, 
2467, 2121, 1753, 1411, 1373, 1534, 1851, 2225, 2544, 2719, 
2698, 2489, 2147, 1777, 1486, 1363, 1441, 1703, 2063, 2524, 
2715, 2706, 2508, 2174, 1804, 1504, 1365, 1429, 1679, 2036, 
2398, 2654, 2736, 2615, 2328, 1824, 1520, 1369, 1419, 1659, 
2008, 2372, 2639, 2736, 2630, 2353, 1986, 1639, 1411, 1373, 
1536, 1982, 2348, 2630, 2735, 2643, 2377, 2012, 1662, 1421, 
1368, 1517, 1824, 2196, 2526, 2713, 2707, 2400, 2038, 1683, 
1432, 1364, 1503, 1801, 2171, 2507, 2704, 2715, 2529, 2200, 
1828, 1521, 1369, 1484, 1776, 2142, 2486, 2696, 2719, 2544, 
2227, 1854, 1539, 1372, 1409, 1632, 1982, 2350, 2627, 2724, 
2565, 2251, 1880, 1556, 1377, 1398, 1615, 1955, 2326, 2612, 
2736, 2656, 2403, 2035, 1683, 1383, 1392, 1593, 1927, 2300, 
2597, 2736, 2668, 2424, 2067, 1706, 1443, 1362, 1484, 1774, 
2142, 2579, 2729, 2679, 2446, 2092, 1729, 1459, 1361, 1469, 
1751, 2115, 2463, 2687, 2726, 2567, 2253, 1754, 1474, 1362, 
1457, 1729, 2089, 2443, 2679, 2731, 2584, 2280, 1907, 1577, 
1384, 1390, 1594, 2062, 2420, 2667, 2734, 2601, 2304, 1935, 
1597, 1391, 1384, 1572, 1902, 2275, 2582, 2731, 2680, 2331, 
1959, 1617, 1400, 1376, 1556, 1872, 2246, 2563, 2727, 2691, 
2468, 2121, 1755, 1474, 1363, 1535, 1851, 2222, 2544, 2721, 
2701, 2491, 2148, 1779, 1487, 1362, 1442, 1702, 2062, 2420, 
2667, 2710, 2509, 2175, 1806, 1503, 1368, 1428, 1679, 2034, 
2395, 2654, 2736, 2616, 2332, 1959, 1617, 1368, 1418, 1656, 
2007, 2374, 2640, 2735, 2628, 2355, 1987, 1639, 1411, 1372, 
1534, 1851, 2224, 2626, 2736, 2645, 2380, 2012, 1662, 1423, 
1366, 1516, 1824, 2195, 2524, 2713, 2709, 2509, 2175, 1684, 
1432, 1364, 1500, 1798, 2168, 2503, 2705, 2716, 2529, 2202, 
1831, 1521, 1367, 1418, 1657, 2142, 2486, 2696, 2720, 2547, 
2228, 1857, 1539, 1373, 1408, 1635, 1981, 2350, 2627, 2735, 
2643, 2252, 1881, 1557, 1377, 1398, 1612, 1953, 2323, 2613, 
2736, 2657, 2403, 2040, 1684, 1432, 1364, 1593, 1927, 2299, 
2597, 2732, 2668, 2425, 2067, 1707, 1446, 1362, 1485, 1775, 
2142, 2485, 2697, 2680, 2447, 2095, 1733, 1459, 1361, 1472, 
1752, 2115, 2463, 2687, 2726, 2567, 2254, 1855, 1520, 1365, 
1569, 1906, 2295, 2594, 2734, 2668, 2414, 2052, 1695, 1437, 
1363, 1492, 1788, 2159, 2497, 2733, 2673, 2435, 2078, 1718, 
1450, 1364, 1478, 1763, 2131, 2476, 2692, 2723, 2556, 2238, 
1865, 1465, 1361, 1464, 1739, 2105, 2455, 2684, 2727, 2576, 
2263, 1891, 1566, 1380, 1395, 1604, 1942, 2433, 2673, 2732, 
2590, 2291, 1920, 1585, 1389, 1388, 1584, 1915, 2288, 2590, 
2732, 2673, 2435, 1946, 1607, 1396, 1380, 1566, 1891, 2263, 
2571, 2728, 2687, 2458, 2105, 1742, 1465, 1361, 1463, 1863, 
2237, 2553, 2723, 2696, 2480, 2133, 1765, 1479, 1361, 1447, 
1714, 2077, 2435, 2675, 2732, 2499, 2161, 1792, 1494, 1361, 
1435, 1691, 2048, 2411, 2663, 2737, 2607, 2316, 1944, 1607, 
1394, 1423, 1668, 2022, 2385, 2649, 2736, 2622, 2342, 1972, 
1627, 1405, 1375, 1545, 1864, 2238, 2554, 2734, 2636, 2366, 
2000, 1649, 1415, 1369, 1527, 1839, 2211, 2536, 2716, 2703, 
2499, 2160, 1791, 1427, 1367, 1510, 1814, 2183, 2516, 2711, 
2712, 2519, 2188, 1816, 1511, 1366, 1425, 1670, 2022, 2496, 
2703, 2718, 2538, 2215, 1841, 1526, 1370, 1415, 1647, 1997, 
2364, 2633, 2736, 2636, 2366, 1868, 1547, 1375, 1405, 1624, 
1969, 2336, 2620, 2736, 2650, 2390, 2025, 1672, 1424, 1366, 
1510, 1940, 2312, 2605, 2736, 2663, 2413, 2054, 1695, 1436, 
1363, 1492, 1787, 2158, 2496, 2703, 2718, 2435, 2081, 1719, 
1452, 1362, 1478, 1762, 2129, 2475, 2694, 2724, 2558, 2240, 
1868, 1547, 1376, 1463, 1739, 2102, 2455, 2683, 2729, 2575, 
2266, 1892, 1568, 1381, 1396, 1605, 1939, 2312, 2604, 2732, 
2592, 2291, 1920, 1584, 1387, 1387, 1583, 1916, 2287, 2588, 
2732, 2673, 2435, 2080, 1719, 1396, 1381, 1563, 1891, 2262, 
2572, 2728, 2686, 2457, 2107, 1743, 1465, 1364, 1462, 1740, 
2103, 2553, 2723, 2695, 2480, 2133, 1767, 1479, 1361, 1449, 
1713, 2075, 2432, 2673, 2732, 2592, 2294, 1792, 1495, 1363, 
1436, 1689, 2050, 2408, 2661, 2735, 2608, 2316, 1945, 1607, 
1397, 1380, 1564, 2022, 2384, 2648, 2737, 2620, 2342, 1973, 
1628, 1407, 1375, 1544, 1863, 2235, 2552, 2721, 2695, 2367, 
1999, 1651, 1416, 1368, 1528, 1837, 2209, 2535, 2716, 2703, 
2499, 2160, 1792, 1494, 1363, 1508, 1811, 2181, 2515, 2707, 
2712, 2519, 2187, 1816, 1510, 1366, 1423, 1668, 2022, 2383, 
2648, 2719, 2538, 2214, 1843, 1528, 1372, 1414, 1645, 1994, 
2360, 2634, 2737, 2637, 2367, 2000, 1652, 1375, 1404, 1623, 
1967, 2337, 2620, 2735, 2651, 2392, 2027, 1672, 1427, 1366, 
1508, 1812, 2182, 2603, 2732, 2663, 2412, 2056, 1697, 1440, 
1363, 1492, 1787, 2156, 2496, 2702, 2718, 2540, 2216, 1721, 
1452, 1362, 1478, 1761, 2129, 2473, 2692, 2724, 2557, 2241, 
1868, 1548, 1376, 1404, 1623, 2103, 2452, 2684, 2729, 2577, 
2268, 1895, 1568, 1382, 1394, 1603, 1943, 2311, 2605, 2734, 
2663, 2291, 1921, 1587, 1388, 1385, 1584, 1916, 2287, 2590, 
2732, 2673, 2435, 2081, 1720, 1451, 1361, 1562, 1887, 2262, 
2572, 2729, 2685, 2460, 2108, 1743, 1467, 1361, 1463, 1736, 
2102, 2452, 2680, 2695, 2480, 2135, 1767, 1481, 1363, 1448, 
1712, 2075, 2431, 2672, 2732, 2593, 2292, 1921, 1588, 1363, 
1435, 1689, 2045, 2407, 2660, 2734, 2609, 2319, 1948, 1607, 
1397, 1379, 1561, 1888, 2260, 2646, 2736, 2625, 2344, 1976, 
1630, 1407, 1375, 1543, 1862, 2232, 2553, 2723, 2695, 2480, 
2135, 1651, 1416, 1368, 1525, 1836, 2208, 2535, 2717, 2704, 
2499, 2163, 1793, 1495, 1363, 1432, 1690, 2181, 2513, 2707, 
2714, 2520, 2191, 1819, 1512, 1367, 1424, 1667, 2019, 2383, 
2648, 2737, 2624, 2216, 1843, 1532, 1371, 1414, 1643, 1992, 
2359, 2631, 2736, 2639, 2368, 2655, 2732, 2611, 2322, 1821, 
1516, 1364, 1420, 1662, 2012, 2376, 2643, 2735, 2623, 2347, 
1979, 1632, 1407, 1372, 1537, 1985, 2353, 2630, 2735, 2639, 
2372, 2006, 1656, 1419, 1369, 1522, 1830, 2200, 2528, 2714, 
2705, 2396, 2033, 1679, 1430, 1364, 1504, 1803, 2174, 2510, 
2707, 2712, 2524, 2193, 1823, 1515, 1367, 1487, 1779, 2147, 
2488, 2699, 2718, 2543, 2223, 1848, 1534, 1370, 1411, 1636, 
1986, 2355, 2629, 2723, 2561, 2246, 1873, 1553, 1377, 1402, 
1617, 1959, 2329, 2616, 2736, 2652, 2396, 2032, 1679, 1383, 
1393, 1599, 1933, 2304, 2599, 2732, 2665, 2419, 2060, 1702, 
1443, 1363, 1487, 1782, 2148, 2584, 2730, 2678, 2440, 2087, 
1726, 1455, 1361, 1472, 1756, 2121, 2469, 2687, 2722, 2559, 
2246, 1749, 1469, 1360, 1457, 1731, 2092, 2445, 2680, 2728, 
2579, 2271, 1900, 1571, 1383, 1394, 1599, 2066, 2423, 2667, 
2734, 2596, 2299, 1928, 1592, 1391, 1385, 1576, 1907, 2279, 
2584, 2729, 2679, 2324, 1953, 1612, 1399, 1378, 1557, 1881, 
2252, 2567, 2727, 2689, 2464, 2113, 1751, 1469, 1363, 1538, 
1855, 2228, 2549, 2719, 2697, 2486, 2143, 1775, 1485, 1362, 
1444, 1707, 2067, 2422, 2668, 2704, 2504, 2169, 1799, 1499, 
1366, 1433, 1685, 2040, 2400, 2656, 2735, 2611, 2323, 1955, 
1615, 1368, 1420, 1662, 2013, 2377, 2644, 2736, 2627, 2352, 
1983, 1635, 1408, 1373, 1537, 1854, 2226, 2630, 2736, 2640, 
2374, 2008, 1658, 1420, 1368, 1522, 1829, 2200, 2528, 2713, 
2705, 2507, 2171, 1681, 1430, 1366, 1503, 1804, 2173, 2509, 
2707, 2712, 2524, 2195, 1827, 1518, 1368, 1420, 1660, 2147, 
2489, 2699, 2719, 2544, 2223, 1850, 1536, 1372, 1409, 1636, 
1984, 2352, 2627, 2733, 2639, 2248, 1875, 1553, 1377, 1401, 
1617, 1959, 2328, 2614, 2735, 2653, 2397, 2035, 1679, 1429, 
1363, 1596, 1932, 2303, 2599, 2732, 2667, 2420, 2062, 1703, 
1443, 1361, 1487, 1778, 2147, 2488, 2700, 2679, 2443, 2089, 
1727, 1456, 1361, 1471, 1753, 2121, 2468, 2689, 2724, 2564, 
2247, 1875, 1554, 1363, 1456, 1731, 2095, 2444, 2680, 2729, 
2584, 2275, 1902, 1574, 1385, 1393, 1596, 1931, 2303, 2669, 
2733, 2596, 2300, 1929, 1594, 1390, 1385, 1576, 1905, 2279, 
2585, 2731, 2680, 2444, 2088, 1614, 1400, 1376, 1555, 1880, 
2253, 2564, 2726, 2689, 2464, 2118, 1752, 1472, 1361, 1456, 
1728, 2226, 2548, 2721, 2699, 2486, 2144, 1775, 1486, 1363, 
1444, 1706, 2067, 2425, 2668, 2733, 2598, 2170, 1800, 1500, 
1364, 1431, 1683, 2040, 2400, 2657, 2736, 2612, 2325, 1956, 
1615, 1399, 1375, 1659, 2012, 2375, 2642, 2736, 2627, 2351, 
1982, 1636, 1409, 1373, 1537, 1855, 2227, 2548, 2720, 2642, 
2375, 2008, 1659, 1419, 1368, 1520, 1828, 2200, 2528, 2714, 
2707, 2507, 2171, 1799, 1501, 1367, 1503, 1803, 2172, 2509, 
2707, 2713, 2527, 2198, 1826, 1518, 1368, 1420, 1662, 2014, 
2375, 2700, 2720, 2545, 2224, 1850, 1536, 1372, 1411, 1636, 
1984, 2353, 2628, 2736, 2641, 2375, 2008, 1551, 1376, 1401, 
1616, 1959, 2328, 2615, 2736, 2655, 2399, 2036, 1680, 1430, 
1365, 1504, 1801, 2302, 2599, 2732, 2665, 2422, 2063, 1704, 
1442, 1361, 1486, 1778, 2147, 2488, 2699, 2719, 2544, 2090, 
1727, 1457, 1361, 1472, 1753, 2119, 2467, 2688, 2724, 2564, 
2249, 1876, 1555, 1379, 1400, 1728, 2093, 2444, 2678, 2729, 
2580, 2275, 1902, 1574, 1383, 1392, 1595, 1931, 2303, 2600, 
2732, 2598, 2300, 1929, 1595, 1390, 1384, 1574, 1904, 2279, 
2583, 2730, 2679, 2443, 2090, 1728, 1456, 1374, 1555, 1878, 
2251, 2564, 2726, 2689, 2465, 2119, 1753, 1471, 1361, 1457, 
1728, 2095, 2446, 2720, 2699, 2487, 2129, 1739, 1446, 1371, 
1591, 1931, 2311, 2607, 2735, 2656, 2383, 2015, 1663, 1379, 
1399, 1612, 1952, 2322, 2611, 2735, 2654, 2403, 2042, 1685, 
1433, 1361, 1498, 1795, 2166, 2596, 2732, 2672, 2428, 2070, 
1710, 1446, 1362, 1482, 1772, 2139, 2483, 2697, 2724, 2547, 
2230, 1733, 1461, 1361, 1468, 1748, 2112, 2462, 2687, 2726, 
2567, 2255, 1883, 1559, 1379, 1399, 1611, 2087, 2440, 2676, 
2731, 2586, 2283, 1908, 1578, 1386, 1391, 1590, 1924, 2296, 
2598, 2732, 2668, 2309, 1937, 1599, 1392, 1383, 1570, 1899, 
2272, 2579, 2729, 2680, 2448, 2097, 1736, 1460, 1362, 1550, 
1871, 2246, 2559, 2724, 2691, 2471, 2123, 1759, 1475, 1360, 
1452, 1724, 2087, 2439, 2675, 2699, 2492, 2150, 1782, 1491, 
1364, 1440, 1699, 2058, 2418, 2664, 2732, 2601, 2311, 1936, 
1599, 1364, 1428, 1676, 2032, 2395, 2653, 2736, 2617, 2332, 
1961, 1619, 1401, 1375, 1552, 1872, 2246, 2639, 2736, 2631, 
2358, 1990, 1641, 1412, 1373, 1535, 1847, 2220, 2541, 2719, 
2703, 2493, 2150, 1663, 1423, 1368, 1515, 1822, 2192, 2523, 
2712, 2707, 2511, 2178, 1807, 1505, 1367, 1427, 1676, 2167, 
2503, 2707, 2716, 2532, 2204, 1832, 1523, 1369, 1418, 1655, 
2003, 2367, 2643, 2736, 2630, 2231, 1858, 1541, 1374, 1408, 
1632, 1977, 2346, 2624, 2736, 2645, 2380, 2015, 1661, 1422, 
1366, 1611, 1951, 2317, 2610, 2735, 2657, 2406, 2044, 1686, 
1435, 1364, 1498, 1795, 2167, 2503, 2704, 2671, 2427, 2071, 
1711, 1447, 1362, 1483, 1772, 2139, 2483, 2696, 2721, 2552, 
2228, 1858, 1539, 1361, 1467, 1746, 2112, 2462, 2687, 2728, 
2570, 2257, 1884, 1559, 1377, 1397, 1612, 1953, 2322, 2677, 
2731, 2588, 2284, 1911, 1580, 1385, 1390, 1590, 1923, 2296, 
2595, 2734, 2671, 2429, 2072, 1601, 1392, 1382, 1569, 1898, 
2270, 2577, 2729, 2684, 2449, 2097, 1735, 1460, 1361, 1467, 
1745, 2244, 2559, 2727, 2691, 2471, 2125, 1758, 1475, 1361, 
1455, 1722, 2084, 2439, 2676, 2731, 2586, 2152, 1783, 1491, 
1362, 1440, 1699, 2057, 2417, 2665, 2735, 2604, 2311, 1936, 
1600, 1395, 1383, 1676, 2032, 2395, 2654, 2736, 2618, 2334, 
1964, 1620, 1401, 1376, 1550, 1872, 2245, 2559, 2726, 2631, 
2358, 1991, 1642, 1412, 1371, 1532, 1846, 2218, 2542, 2719, 
2700, 2494, 2153, 1784, 1491, 1367, 1515, 1820, 2191, 2521, 
2713, 2710, 2512, 2180, 1809, 1506, 1367, 1430, 1675, 2029, 
2393, 2705, 2716, 2533, 2206, 1833, 1523, 1369, 1417, 1654, 
2003, 2369, 2638, 2736, 2631, 2359, 1992, 1542, 1375, 1406, 
1630, 1976, 2345, 2625, 2736, 2646, 2383, 2017, 1664, 1423, 
1367, 1515, 1820, 2321, 2609, 2737, 2659, 2406, 2046, 1689, 
1435, 1364, 1499, 1795, 2166, 2503, 2705, 2716, 2534, 2072, 
1711, 1447, 1362, 1481, 1770, 2139, 2483, 2697, 2723, 2552, 
2232, 1860, 1542, 1375, 1408, 1747, 2111, 2460, 2687, 2727, 
2570, 2257, 1885, 1559, 1379, 1398, 1610, 1950, 2321, 2611, 
2736, 2588, 2285, 1911, 1580, 1385, 1390, 1590, 1922, 2296, 
2595, 2734, 2672, 2430, 2073, 1712, 1446, 1381, 1569, 1897, 
2270, 2576, 2730, 2684, 2451, 2099, 1735, 1460, 1361, 1467, 
1745, 2110, 2460, 2725, 2692, 2473, 2127, 1760, 1476, 1362, 
1452, 1721, 2083, 2438, 2676, 2732, 2587, 2284, 1912, 1491, 
1363, 1440, 1697, 2056, 2416, 2664, 2734, 2604, 2310, 1940, 
1601, 1394, 1382, 1568, 1896, 2392, 2652, 2736, 2617, 2335, 
1966, 1621, 1403, 1376, 1548, 1869, 2243, 2557, 2723, 2692, 
2472, 1991, 1644, 1414, 1371, 1532, 1844, 2217, 2540, 2719, 
2701, 2494, 2153, 1784, 1491, 1365, 1439, 1820, 2190, 2523, 
2712, 2710, 2512, 2180, 1809, 1507, 1364, 1427, 1675, 2028, 
2392, 2651, 2736, 2533, 2207, 2712, 2703, 2500, 2163, 1795, 
1496, 1365, 1432, 1686, 2044, 2403, 2656, 2732, 2608, 2188, 
1817, 1513, 1367, 1424, 1664, 2017, 2382, 2644, 2735, 2620, 
2343, 1975, 1630, 1406, 1374, 1640, 1990, 2358, 2631, 2734, 
2638, 2367, 2002, 1651, 1417, 1369, 1523, 1833, 2204, 2531, 
2714, 2650, 2391, 2028, 1675, 1428, 1365, 1506, 1807, 2178, 
2511, 2707, 2711, 2520, 2190, 1819, 1513, 1362, 1489, 1784, 
2152, 2492, 2700, 2718, 2540, 2217, 1845, 1531, 1371, 1411, 
1642, 1990, 2359, 2691, 2723, 2559, 2243, 1870, 1550, 1375, 
1402, 1621, 1964, 2333, 2616, 2735, 2652, 2392, 2029, 1569, 
1383, 1392, 1600, 1936, 2307, 2600, 2732, 2663, 2416, 2057, 
1699, 1440, 1363, 1491, 1784, 2283, 2588, 2729, 2675, 2438, 
2084, 1721, 1453, 1361, 1474, 1759, 2124, 2472, 2691, 2724, 
2559, 2110, 1746, 1468, 1362, 1460, 1735, 2099, 2451, 2681, 
2727, 2577, 2269, 1896, 1569, 1380, 1392, 1711, 2071, 2428, 
2670, 2734, 2594, 2296, 1925, 1592, 1388, 1385, 1580, 1912, 
2284, 2587, 2731, 2610, 2321, 1951, 1610, 1398, 1379, 1560, 
1886, 2256, 2568, 2727, 2685, 2460, 2109, 1747, 1468, 1373, 
1541, 1859, 2232, 2550, 2721, 2696, 2481, 2138, 1772, 1482, 
1363, 1446, 1710, 2071, 2428, 2715, 2701, 2501, 2167, 1796, 
1497, 1364, 1433, 1687, 2044, 2404, 2659, 2736, 2611, 2321, 
1950, 1515, 1368, 1419, 1664, 2017, 2381, 2643, 2736, 2624, 
2346, 1979, 1632, 1408, 1374, 1543, 1859, 2358, 2631, 2736, 
2639, 2371, 2004, 1655, 1418, 1369, 1524, 1836, 2205, 2532, 
2716, 2705, 2502, 2031, 1678, 1428, 1365, 1507, 1807, 2177, 
2512, 2710, 2713, 2523, 2193, 1820, 1515, 1368, 1425, 1784, 
2151, 2493, 2701, 2719, 2542, 2220, 1847, 1532, 1370, 1412, 
1642, 1991, 2358, 2632, 2736, 2561, 2246, 1871, 1556, 1377, 
1402, 1620, 1964, 2334, 2616, 2736, 2652, 2395, 2031, 1678, 
1428, 1393, 1600, 1937, 2307, 2601, 2734, 2667, 2417, 2060, 
1699, 1440, 1364, 1489, 1784, 2152, 2492, 2732, 2677, 2439, 
2086, 1724, 1455, 1362, 1475, 1758, 2124, 2471, 2691, 2724, 
2563, 2246, 1873, 1468, 1362, 1459, 1733, 2097, 2448, 2680, 
2729, 2579, 2272, 1898, 1571, 1382, 1393, 1598, 1936, 2425, 
2672, 2732, 2595, 2296, 1925, 1592, 1390, 1385, 1579, 1910, 
2283, 2584, 2732, 2676, 2439, 1951, 1611, 1398, 1378, 1559, 
1884, 2256, 2567, 2726, 2687, 2460, 2111, 1746, 1469, 1361, 
1459, 1857, 2231, 2550, 2721, 2696, 2484, 2140, 1769, 1484, 
1362, 1446, 1710, 2071, 2428, 2671, 2733, 2503, 2167, 1796, 
1498, 1364, 1433, 1685, 2044, 2404, 2659, 2737, 2612, 2322, 
1951, 1611, 1398, 1422, 1664, 2016, 2380, 2644, 2736, 2627, 
2347, 1979, 1632, 1408, 1372, 1541, 1856, 2231, 2551, 2736, 
2639, 2371, 2005, 1657, 1419, 1369, 1523, 1832, 2204, 2531, 
2716, 2705, 2503, 2168, 1798, 1429, 1367, 1506, 1806, 2176, 
2511, 2707, 2712, 2524, 2195, 1822, 1516, 1368, 1422, 1663, 
2016, 2492, 2701, 2719, 2543, 2220, 1848, 1532, 1371, 1411, 
1640, 1990, 2356, 2631, 2736, 2640, 2371, 1874, 1552, 1377, 
1403, 1619, 1964, 2332, 2617, 2736, 2652, 2393, 2032, 1676, 
1428, 1365, 1505, 1935, 2306, 2600, 2733, 2667, 2418, 2060, 
1701, 1441, 1363, 1488, 1782, 2150, 2492, 2700, 2719, 2440, 
2087, 1724, 1454, 1362, 1473, 1758, 2123, 2471, 2691, 2723, 
2563, 2246, 1873, 1553, 1378, 1459, 1733, 2097, 2448, 2680, 
2729, 2580, 2272, 1899, 1571, 1380, 1393, 1599, 1935, 2306, 
2601, 2732, 2596, 2299, 1926, 1592, 1391, 1385, 1579, 1910, 
2281, 2585, 2731, 2679, 2439, 2084, 1727, 1399, 1379, 1558, 
1882, 2256, 2567, 2727, 2687, 2462, 2104, 1724, 1441, 1376, 
1603, 1962, 2342, 2687, 2727, 2561, 2232, 1859, 1540, 1374, 
1407, 1632, 1977, 2346, 2623, 2736, 2644, 2380, 2017, 1561, 
1380, 1397, 1611, 1950, 2320, 2611, 2735, 2658, 2405, 2044, 
1687, 1434, 1364, 1499, 1796, 2296, 2595, 2732, 2671, 2428, 
2071, 1710, 1447, 1361, 1483, 1771, 2140, 2484, 2696, 2721, 
2551, 2099, 1735, 1460, 1360, 1468, 1747, 2111, 2460, 2686, 
2727, 2568, 2256, 1884, 1560, 1379, 1395, 1723, 2085, 2439, 
2675, 2731, 2586, 2283, 1911, 1580, 1385, 1389, 1589, 1923, 
2296, 2595, 2734, 2604, 2310, 1937, 1598, 1393, 1383, 1569, 
1897, 2271, 2577, 2729, 2680, 2449, 2098, 1734, 1460, 1376, 
1549, 1871, 2244, 2559, 2724, 2692, 2472, 2125, 1759, 1476, 
1363, 1455, 1723, 2085, 2440, 2719, 2702, 2494, 2152, 1784, 
1491, 1363, 1440, 1699, 2057, 2416, 2663, 2735, 2603, 2309, 
1937, 1507, 1364, 1427, 1675, 2030, 2392, 2652, 2736, 2618, 
2334, 1963, 1620, 1402, 1375, 1550, 1870, 2368, 2638, 2736, 
2631, 2358, 1991, 1642, 1412, 1372, 1532, 1846, 2219, 2543, 
2719, 2703, 2494, 2017, 1667, 1423, 1367, 1516, 1820, 2192, 
2522, 2713, 2710, 2514, 2179, 1809, 1506, 1366, 1427, 1795, 
2164, 2500, 2704, 2714, 2532, 2206, 1831, 1524, 1368, 1417, 
1655, 2004, 2370, 2638, 2736, 2552, 2232, 1861, 1541, 1372, 
1407, 1630, 1976, 2344, 2624, 2736, 2646, 2382, 2016, 1665, 
1423, 1399, 1611, 1949, 2320, 2611, 2736, 2660, 2405, 2044, 
1688, 1434, 1364, 1499, 1795, 2163, 2500, 2732, 2671, 2428, 
2073, 1709, 1446, 1362, 1482, 1771, 2138, 2482, 2696, 2723, 
2552, 2232, 1859, 1460, 1362, 1467, 1745, 2110, 2459, 2687, 
2727, 2569, 2257, 1884, 1560, 1379, 1398, 1610, 1950, 2438, 
2675, 2732, 2587, 2284, 1912, 1579, 1385, 1389, 1590, 1921, 
2295, 2593, 2731, 2671, 2431, 1939, 1600, 1394, 1382, 1570, 
1896, 2269, 2575, 2729, 2681, 2451, 2099, 1736, 1462, 1361, 
1468, 1870, 2241, 2557, 2724, 2691, 2473, 2127, 1760, 1476, 
1364, 1452, 1723, 2085, 2438, 2676, 2732, 2495, 2155, 1785, 
1491, 1363, 1440, 1699, 2057, 2416, 2664, 2735, 2605, 2311, 
1936, 1601, 1393, 1427, 1674, 2029, 2392, 2651, 2736, 2618, 
2335, 1966, 1622, 1401, 1377, 1549, 1870, 2243, 2557, 2736, 
2631, 2359, 1991, 1644, 1413, 1371, 1532, 1846, 2219, 2542, 
2723, 2702, 2494, 2154, 1786, 1423, 1367, 1514, 1819, 2190, 
2521, 2712, 2710, 2515, 2180, 1809, 1507, 1366, 1427, 1675, 
2028, 2500, 2705, 2718, 2535, 2204, 1835, 1524, 1370, 1417, 
1653, 2002, 2367, 2638, 2736, 2632, 2359, 1862, 1543, 1375, 
1406, 1630, 1976, 2345, 2623, 2736, 2647, 2382, 2019, 1667, 
1423, 1367, 1513, 1949, 2319, 2610, 2737, 2659, 2407, 2047, 
1689, 1435, 1364, 1497, 1794, 2164, 2500, 2705, 2715, 2431, 
2072, 1714, 1448, 1362, 1481, 1769, 2136, 2481, 2696, 2723, 
2553, 2235, 1861, 1543, 1374, 1465, 1746, 2110, 2461, 2686, 
2728, 2572, 2261, 1886, 1560, 1379, 1398, 1607, 1948, 2320, 
2608, 2732, 2588, 2285, 1915, 1582, 1386, 1390, 1588, 1920, 
2294, 2593, 2733, 2672, 2431, 2075, 1713, 1394, 1383, 1568, 
1895, 2268, 2576, 2729, 2681, 2452, 2102, 1735, 1462, 1361, 
1466, 1743, 2110, 2558, 2724, 2692, 2474, 2127, 1761, 1478, 
1361, 1452, 1721, 2083, 2438, 2676, 2732, 2590, 2287, 1787, 
1492, 1363, 1439, 1697, 2055, 2415, 2665, 2736, 2606, 2312, 
1940, 1603, 1395, 1382, 1571, 2028, 2392, 2652, 2737, 2620, 
2337, 1968, 1624, 1403, 1376, 1548, 1870, 2240, 2556, 2724, 
2691, 2360, 1992, 1645, 1414, 1372, 1531, 1843, 2216, 2540, 
2719, 2703, 2496, 2156, 1785, 1492, 1363, 1513, 1816, 2189, 
2521, 2711, 2710, 2515, 2182, 2718, 2695, 2481, 2136, 1769, 
1482, 1361, 1444, 1831, 2203, 2530, 2713, 2703, 2500, 2163, 
1795, 1496, 1363, 1432, 1685, 2041, 2403, 2659, 2734, 2520, 
2191, 1819, 1513, 1367, 1422, 1663, 2015, 2379, 2643, 2734, 
2623, 2345, 1979, 1633, 1407, 1412, 1641, 1989, 2356, 2628, 
2734, 2637, 2369, 2003, 1654, 1417, 1368, 1523, 1831, 2204, 
2531, 2733, 2653, 2393, 2030, 1676, 1428, 1366, 1505, 1807, 
2176, 2511, 2707, 2712, 2523, 2191, 1820, 1441, 1363, 1489, 
1781, 2150, 2491, 2699, 2716, 2542, 2219, 1846, 1532, 1371, 
1412, 1640, 1987, 2469, 2689, 2723, 2560, 2245, 1871, 1551, 
1376, 1402, 1619, 1962, 2332, 2616, 2735, 2654, 2393, 1899, 
1570, 1383, 1392, 1600, 1935, 2306, 2600, 2732, 2665, 2416, 
2059, 1700, 1440, 1363, 1488, 1909, 2281, 2584, 2729, 2676, 
2439, 2084, 1724, 1454, 1361, 1474, 1756, 2123, 2471, 2689, 
2725, 2460, 2112, 1747, 1468, 1363, 1459, 1735, 2098, 2447, 
2680, 2728, 2579, 2272, 1899, 1570, 1383, 1446, 1709, 2070, 
2427, 2670, 2732, 2595, 2296, 1925, 1591, 1389, 1383, 1576, 
1910, 2281, 2585, 2735, 2611, 2322, 1951, 1611, 1398, 1379, 
1558, 1883, 2255, 2566, 2727, 2686, 2460, 2112, 1747, 1408, 
1373, 1541, 1857, 2231, 2550, 2721, 2697, 2483, 2140, 1769, 
1484, 1363, 1444, 1709, 2070, 2531, 2716, 2707, 2503, 2168, 
1798, 1499, 1363, 1433, 1686, 2043, 2403, 2659, 2735, 2612, 
2323, 1822, 1516, 1368, 1420, 1664, 2013, 2380, 2645, 2737, 
2625, 2348, 1980, 1632, 1407, 1372, 1540, 1989, 2357, 2630, 
2736, 2640, 2371, 2006, 1656, 1417, 1369, 1521, 1831, 2204, 
2531, 2716, 2705, 2395, 2033, 1676, 1429, 1368, 1507, 1807, 
2176, 2511, 2708, 2712, 2524, 2192, 1822, 1516, 1367, 1489, 
1782, 2150, 2492, 2700, 2719, 2543, 2220, 1847, 1533, 1371, 
1411, 1639, 1987, 2356, 2631, 2726, 2561, 2247, 1873, 1552, 
1377, 1401, 1616, 1961, 2332, 2616, 2736, 2654, 2396, 2033, 
1679, 1383, 1392, 1599, 1935, 2307, 2600, 2734, 2665, 2419, 
2058, 1700, 1443, 1363, 1489, 1779, 2150, 2584, 2732, 2677, 
2440, 2087, 1726, 1455, 1362, 1473, 1756, 2123, 2468, 2688, 
2723, 2560, 2246, 1748, 1468, 1361, 1459, 1732, 2096, 2451, 
2680, 2729, 2579, 2271, 1900, 1571, 1383, 1394, 1598, 2069, 
2427, 2671, 2734, 2596, 2297, 1927, 1592, 1391, 1385, 1577, 
1908, 2280, 2584, 2732, 2679, 2322, 1952, 1611, 1397, 1379, 
1558, 1881, 2255, 2564, 2727, 2685, 2463, 2115, 1750, 1469, 
1364, 1539, 1856, 2229, 2548, 2721, 2697, 2485, 2142, 1774, 
1485, 1363, 1446, 1708, 2069, 2425, 2672, 2706, 2507, 2168, 
1798, 1498, 1364, 1433, 1684, 2042, 2403, 2659, 2736, 2613, 
2323, 1955, 1613, 1368, 1420, 1662, 2014, 2378, 2652, 2736, 
2626, 2348, 1980, 1634, 1410, 1373, 1539, 1858, 2230, 2631, 
2736, 2641, 2372, 2008, 1656, 1420, 1370, 1522, 1831, 2201, 
2531, 2716, 2707, 2505, 2168, 1679, 1429, 1365, 1504, 1807, 
2175, 2510, 2708, 2715, 2524, 2196, 1824, 1516, 1366, 1422, 
1663, 2149, 2491, 2700, 2720, 2544, 2222, 1849, 1535, 1371, 
1411, 1638, 1986, 2355, 2630, 2736, 2641, 2247, 1876, 1554, 
1376, 1402, 1618, 1959, 2331, 2615, 2735, 2655, 2396, 2033, 
1679, 1430, 1365, 1597, 1932, 2305, 2600, 2732, 2665, 2420, 
2061, 1702, 1443, 1363, 1488, 1779, 2148, 2489, 2700, 2677, 
2441, 2088, 1726, 1457, 1363, 1474, 1756, 2121, 2470, 2691, 
2724, 2563, 2247, 1875, 1553, 1361, 1459, 1731, 2096, 2447, 
2680, 2729, 2580, 2274, 1902, 1572, 1383, 1392, 1597, 1932, 
2305, 2670, 2732, 2596, 2300, 1927, 1593, 1391, 1384, 1577, 
1908, 2279, 2584, 2731, 2678, 2443, 2065, 1589, 1383, 1411, 
1653, 2009, 2378, 2647, 2736, 2622, 2305, 1932, 1596, 1392, 
1383, 1572, 1903, 2397, 2655, 2736, 2616, 2328, 1960, 1616, 
1401, 1379, 1553, 1876, 2249, 2562, 2726, 2691, 2467, 1987, 
1638, 1410, 1372, 1536, 1851, 2223, 2544, 2719, 2699, 2486, 
2147, 1779, 1489, 1363, 1441, 1824, 2195, 2526, 2713, 2708, 
2510, 2175, 1804, 1503, 1366, 1431, 1679, 2035, 2396, 2655, 
2736, 2529, 2201, 1831, 1521, 1368, 1421, 1657, 2007, 2372, 
2641, 2737, 2631, 2355, 1987, 1638, 1410, 1408, 1634, 1981, 
2349, 2627, 2736, 2643, 2379, 2012, 1660, 1420, 1367, 1518, 
1823, 2195, 2526, 2736, 2658, 2402, 2041, 1686, 1432, 1366, 
1500, 1798, 2170, 2504, 2706, 2715, 2530, 2201, 1831, 1446, 
1363, 1486, 1774, 2143, 2486, 2698, 2722, 2548, 2228, 1855, 
1538, 1372, 1408, 1633, 1979, 2463, 2686, 2724, 2565, 2254, 
1881, 1559, 1377, 1399, 1613, 1955, 2321, 2609, 2735, 2657, 
2402, 1907, 1577, 1385, 1392, 1593, 1928, 2300, 2596, 2734, 
2670, 2427, 2068, 1709, 1447, 1362, 1485, 1902, 2275, 2579, 
2729, 2680, 2447, 2096, 1731, 1460, 1364, 1470, 1749, 2116, 
2463, 2685, 2726, 2467, 2121, 1754, 1474, 1363, 1454, 1725, 
2087, 2440, 2676, 2729, 2583, 2279, 1907, 1574, 1385, 1439, 
1702, 2060, 2419, 2665, 2734, 2601, 2307, 1935, 1599, 1393, 
1383, 1572, 1901, 2274, 2579, 2736, 2616, 2331, 1962, 1619, 
1401, 1377, 1553, 1875, 2247, 2560, 2726, 2689, 2468, 2121, 
1756, 1411, 1371, 1534, 1849, 2221, 2543, 2719, 2699, 2488, 
2147, 1780, 1488, 1361, 1441, 1702, 2060, 2527, 2713, 2707, 
2511, 2176, 1803, 1503, 1367, 1429, 1679, 2033, 2396, 2655, 
2737, 2617, 2332, 1832, 1522, 1368, 1419, 1656, 2008, 2372, 
2641, 2736, 2631, 2355, 1988, 1640, 1412, 1372, 1535, 1980, 
2348, 2627, 2735, 2644, 2377, 2014, 1662, 1423, 1367, 1517, 
1823, 2195, 2524, 2715, 2707, 2401, 2040, 1685, 1433, 1365, 
1500, 1797, 2168, 2505, 2708, 2718, 2531, 2204, 1832, 1522, 
1369, 1485, 1774, 2141, 2483, 2697, 2721, 2550, 2230, 1856, 
1540, 1372, 1407, 1631, 1979, 2348, 2625, 2726, 2567, 2255, 
1881, 1559, 1379, 1399, 1612, 1952, 2323, 2613, 2736, 2659, 
2403, 2043, 1686, 1386, 1391, 1593, 1926, 2299, 2598, 2734, 
2671, 2426, 2070, 1709, 1447, 1364, 1486, 1773, 2142, 2579, 
2731, 2681, 2448, 2097, 1734, 1459, 1363, 1469, 1750, 2114, 
2463, 2686, 2727, 2567, 2254, 1756, 1473, 1362, 1454, 1722, 
2087, 2441, 2675, 2732, 2584, 2281, 1909, 1577, 1384, 1391, 
1591, 2060, 2419, 2667, 2736, 2601, 2307, 1935, 1599, 1392, 
1383, 1571, 1899, 2272, 2578, 2731, 2681, 2333, 1961, 1620, 
1403, 1376, 1551, 1873, 2245, 2559, 2724, 2691, 2470, 2122, 
1756, 1474, 1363, 1533, 1848, 2220, 2540, 2720, 2702, 2490, 
2151, 1780, 1489, 1363, 1441, 1700, 2060, 2419, 2667, 2708, 
2511, 2177, 1808, 1506, 1366, 1428, 1676, 2033, 2395, 2655, 
2736, 2618, 2332, 1963, 1619, 1370, 1418, 1656, 2005, 2371, 
2639, 2735, 2630, 2357, 1991, 1640, 1412, 1372, 1535, 1848, 
2220, 2625, 2736, 2645, 2380, 2016, 1663, 1423, 1368, 1516, 
1822, 2193, 2523, 2712, 2708, 2511, 2176, 1686, 1434, 1363, 
1499, 1796, 2165, 2505, 2707, 2716, 2532, 2205, 1832, 1523, 
1368, 1417, 1654, 2140, 2483, 2697, 2721, 2551, 2232, 1858, 
1540, 1373, 1408, 1632, 1979, 2347, 2626, 2736, 2645, 2256, 
1883, 1560, 1379, 1399, 1611, 1952, 2320, 2611, 2736, 2658, 
2403, 2043, 1686, 1434, 1364, 1592, 1924, 2296, 2595, 2732, 
2670, 2428, 2070, 1709, 1446, 1363, 1484, 1772, 2140, 2483, 
2696, 2680, 2449, 2097, 1734, 1460, 1362, 1468, 1747, 2113, 
2462, 2687, 2726, 2568, 2255, 2700, 2714, 2430, 2072, 1712, 
1449, 1360, 1479, 1765, 2131, 2476, 2691, 2720, 2552, 2235, 
1863, 1544, 1374, 1465, 1740, 2106, 2456, 2683, 2726, 2572, 
2261, 1887, 1563, 1379, 1396, 1606, 1945, 2316, 2606, 2730, 
2587, 2286, 1913, 1581, 1387, 1388, 1585, 1918, 2291, 2590, 
2732, 2671, 2431, 2076, 1715, 1394, 1380, 1566, 1891, 2264, 
2573, 2727, 2681, 2454, 2103, 1737, 1461, 1364, 1464, 1740, 
2106, 2558, 2723, 2693, 2475, 2129, 1761, 1477, 1361, 1449, 
1718, 2079, 2435, 2673, 2732, 2588, 2288, 1787, 1492, 1362, 
1436, 1692, 2052, 2411, 2660, 2734, 2606, 2312, 1943, 1603, 
1394, 1382, 1565, 2024, 2386, 2648, 2736, 2620, 2338, 1971, 
1624, 1404, 1375, 1546, 1865, 2239, 2555, 2723, 2694, 2361, 
1995, 1644, 1415, 1370, 1529, 1841, 2213, 2537, 2718, 2702, 
2495, 2158, 1787, 1492, 1361, 1511, 1815, 2186, 2517, 2711, 
2712, 2518, 2183, 1812, 1510, 1366, 1427, 1671, 2025, 2387, 
2649, 2716, 2535, 2211, 1839, 1527, 1370, 1415, 1649, 1999, 
2364, 2635, 2735, 2632, 2363, 1995, 1647, 1375, 1404, 1626, 
1972, 2340, 2620, 2736, 2648, 2385, 2021, 1668, 1423, 1366, 
1511, 1816, 2187, 2606, 2735, 2662, 2409, 2050, 1692, 1436, 
1363, 1494, 1790, 2159, 2497, 2703, 2716, 2536, 2211, 1716, 
1448, 1361, 1480, 1765, 2133, 2478, 2695, 2722, 2556, 2238, 
1863, 1547, 1375, 1405, 1626, 2107, 2456, 2684, 2727, 2574, 
2264, 1889, 1564, 1380, 1395, 1606, 1944, 2315, 2606, 2735, 
2661, 2289, 1916, 1582, 1388, 1388, 1585, 1919, 2290, 2590, 
2732, 2673, 2432, 2076, 1716, 1448, 1361, 1565, 1892, 2265, 
2572, 2728, 2683, 2455, 2104, 1743, 1464, 1362, 1464, 1740, 
2105, 2456, 2684, 2692, 2476, 2132, 1764, 1479, 1361, 1451, 
1716, 2079, 2433, 2674, 2732, 2590, 2289, 1917, 1584, 1363, 
1436, 1695, 2051, 2412, 2663, 2735, 2607, 2314, 1943, 1606, 
1395, 1381, 1565, 1891, 2264, 2651, 2737, 2623, 2339, 1969, 
1625, 1404, 1375, 1545, 1866, 2240, 2555, 2723, 2694, 2476, 
2131, 1647, 1415, 1369, 1528, 1839, 2212, 2537, 2718, 2701, 
2496, 2160, 1789, 1495, 1364, 1438, 1693, 2185, 2516, 2710, 
2710, 2519, 2184, 1814, 1508, 1366, 1426, 1671, 2024, 2387, 
2651, 2736, 2623, 2212, 1839, 1527, 1370, 1415, 1648, 1997, 
2364, 2635, 2735, 2634, 2362, 1996, 1648, 1415, 1370, 1627, 
1971, 2339, 2621, 2735, 2651, 2385, 2025, 1670, 1425, 1367, 
1511, 1815, 2185, 2518, 2711, 2664, 2411, 2051, 1693, 1438, 
1364, 1494, 1790, 2160, 2498, 2703, 2716, 2539, 2215, 1840, 
1529, 1362, 1479, 1763, 2127, 2476, 2693, 2723, 2556, 2239, 
1865, 1547, 1375, 1405, 1626, 1971, 2339, 2684, 2727, 2574, 
2264, 1891, 1566, 1381, 1395, 1606, 1944, 2315, 2606, 2735, 
2661, 2412, 2050, 1585, 1388, 1388, 1584, 1918, 2289, 2590, 
2734, 2675, 2432, 2078, 1716, 1451, 1361, 1479, 1766, 2264, 
2572, 2728, 2684, 2456, 2105, 1740, 1464, 1361, 1464, 1740, 
2104, 2455, 2684, 2728, 2574, 2132, 1765, 1479, 1361, 1451, 
1715, 2076, 2432, 2672, 2732, 2590, 2291, 1918, 1585, 1388, 
1387, 1693, 2051, 2411, 2660, 2735, 2608, 2315, 1944, 1605, 
1395, 1380, 1564, 1891, 2263, 2572, 2728, 2623, 2339, 1972, 
1626, 1404, 1374, 1546, 1863, 2238, 2553, 2723, 2695, 2478, 
2134, 1766, 1480, 1370, 1528, 1839, 2211, 2536, 2717, 2702, 
2497, 2160, 1792, 1496, 1363, 1436, 1693, 2050, 2410, 2710, 
2711, 2518, 2185, 1815, 1511, 1366, 1425, 1668, 2024, 2387, 
2648, 2737, 2623, 2341, 1972, 1528, 1370, 1415, 1648, 1996, 
2363, 2634, 2735, 2635, 2364, 1999, 1649, 1416, 1370, 1528, 
1839, 2338, 2620, 2735, 2649, 2383, 1966, 1598, 1384, 1412, 
1660, 2017, 2387, 2652, 2736, 2611, 2291, 1791, 1495, 1362, 
1435, 1691, 2047, 2411, 2661, 2735, 2608, 2316, 1945, 1607, 
1397, 1380, 1564, 2022, 2385, 2648, 2736, 2623, 2340, 1971, 
1626, 1405, 1375, 1545, 1863, 2235, 2552, 2721, 2695, 2364, 
1999, 1649, 1415, 1369, 1526, 1838, 2211, 2535, 2717, 2703, 
2498, 2160, 1791, 1495, 1363, 1510, 1813, 2183, 2518, 2710, 
2711, 2519, 2185, 1815, 1511, 1365, 1423, 1668, 2020, 2384, 
2649, 2719, 2537, 2212, 1841, 1528, 1371, 1414, 1648, 1993, 
2361, 2635, 2737, 2636, 2365, 1999, 1649, 1375, 1404, 1624, 
1969, 2339, 2620, 2736, 2648, 2388, 2027, 1672, 1426, 1366, 
1509, 1813, 2184, 2606, 2735, 2663, 2412, 2051, 1695, 1439, 
1364, 1491, 1787, 2156, 2496, 2704, 2719, 2540, 2215, 1716, 
1454, 1363, 1479, 1763, 2129, 2476, 2692, 2724, 2558, 2239, 
1867, 1548, 1375, 1404, 1624, 2103, 2454, 2684, 2729, 2574, 
2265, 1892, 1566, 1381, 1394, 1605, 1942, 2313, 2604, 2735, 
2663, 2291, 1920, 1586, 1388, 1388, 1584, 1916, 2287, 2588, 
2732, 2675, 2435, 2080, 1718, 1451, 1362, 1563, 1887, 2262, 
2572, 2727, 2684, 2457, 2107, 1743, 1467, 1363, 1464, 1739, 
2104, 2454, 2684, 2695, 2479, 2135, 1766, 1481, 1363, 1449, 
1715, 2076, 2431, 2673, 2732, 2592, 2294, 1920, 1587, 1364, 
1436, 1691, 2047, 2407, 2660, 2734, 2609, 2317, 1946, 1607, 
1396, 1380, 1564, 1888, 2261, 2648, 2736, 2623, 2342, 1972, 
1627, 1406, 1375, 1543, 1860, 2236, 2552, 2723, 2695, 2480, 
2134, 1649, 1415, 1369, 1530, 1836, 2208, 2535, 2716, 2703, 
2499, 2161, 1792, 1496, 1364, 1436, 1691, 2184, 2515, 2710, 
2712, 2520, 2188, 1816, 1511, 1367, 1424, 1667, 2020, 2386, 
2648, 2734, 2623, 2215, 1843, 1531, 1371, 1414, 1647, 1993, 
2361, 2633, 2737, 2637, 2366, 2000, 1651, 1416, 1371, 1623, 
1968, 2336, 2618, 2736, 2650, 2391, 2026, 1668, 1426, 1364, 
1508, 1813, 2183, 2515, 2712, 2664, 2412, 2054, 1695, 1438, 
1363, 1492, 1787, 2156, 2495, 2702, 2715, 2539, 2215, 1843, 
1529, 1363, 1478, 1760, 2129, 2474, 2694, 2724, 2558, 2242, 
1870, 1548, 1376, 1403, 1624, 1967, 2335, 2682, 2728, 2577, 
2267, 1895, 1567, 1382, 1396, 1603, 1942, 2310, 2605, 2736, 
2663, 2415, 2055, 1587, 1388, 1387, 1582, 1915, 2284, 2588, 
2732, 2675, 2436, 2080, 1720, 1452, 1361, 1478, 1761, 2260, 
2570, 2728, 2685, 2458, 2108, 1743, 1464, 1363, 1463, 1740, 
2103, 2454, 2683, 2728, 2575, 2136, 1768, 1482, 1362, 1447, 
1713, 2074, 2432, 2672, 2732, 2594, 2293, 1922, 1589, 1390, 
1387, 1691, 2047, 2408, 2662, 2735, 2610, 2318, 1948, 1609, 
1397, 1379, 1562, 1884, 2260, 2569, 2726, 2623, 2343, 1974, 
1629, 1405, 1374, 1543, 1861, 2233, 2552, 2723, 2695, 2480, 
2136, 1768, 1481, 1371, 1528, 1836, 2208, 2535, 2718, 2704, 
2502, 2163, 1793, 1499, 1364, 1436, 1689, 2047, 2408, 2709, 
2711, 2520, 2188, 1817, 1511, 1369, 1424, 1667, 2019, 2384, 
2647, 2734, 2623, 2342, 1974, 1529, 1370, 1414, 1644, 1993, 
2359, 2632, 2736, 2636, 2367, 2000, 1651, 1418, 1370, 1526, 
1836, 2336, 2619, 2736, 2652, 2390, 2028, 1673, 1427, 1366, 
1509, 1811, 2182, 2515, 2707, 2714, 2521, 2056, 1696, 1439, 
1363, 1491, 1785, 2155, 2495, 2703, 2718, 2540, 2217, 1844, 
1531, 1369, 1414, 1761, 2127, 2475, 2691, 2724, 2560, 2243, 
1869, 1550, 1376, 1404, 1623, 1966, 2336, 2619, 2737, 2577, 
2268, 1896, 1569, 1383, 1395, 1603, 1940, 2311, 2604, 2734, 
2664, 2416, 2057, 1697, 1441, 1387, 1581, 1913, 2286, 2588, 
2731, 2673, 2437, 2083, 1720, 1454, 1360, 1475, 1760, 2127, 
2472, 2727, 2685, 2458, 2109, 2732, 2667, 2417, 2060, 1699, 
1439, 1361, 1488, 1779, 2148, 2491, 2696, 2677, 2440, 2087, 
1724, 1455, 1361, 1472, 1754, 2121, 2468, 2688, 2723, 2560, 
2247, 1875, 1554, 1361, 1458, 1731, 2094, 2444, 2678, 2727, 
2579, 2272, 1900, 1568, 1379, 1392, 1596, 1931, 2303, 2668, 
2732, 2595, 2297, 1927, 1592, 1390, 1384, 1576, 1907, 2279, 
2580, 2731, 2678, 2442, 2086, 1612, 1398, 1378, 1557, 1880, 
2252, 2563, 2723, 2686, 2462, 2115, 1748, 1469, 1360, 1458, 
1731, 2227, 2547, 2720, 2696, 2483, 2140, 1774, 1484, 1362, 
1444, 1708, 2066, 2424, 2669, 2731, 2592, 2169, 1798, 1501, 
1365, 1432, 1689, 2040, 2402, 2657, 2735, 2612, 2323, 1954, 
1612, 1400, 1378, 1662, 2012, 2377, 2642, 2736, 2627, 2350, 
1980, 1633, 1409, 1373, 1540, 1856, 2227, 2548, 2720, 2641, 
2371, 2008, 1657, 1419, 1368, 1521, 1829, 2201, 2528, 2714, 
2705, 2505, 2169, 1799, 1500, 1365, 1504, 1804, 2174, 2510, 
2707, 2713, 2526, 2195, 1823, 1516, 1368, 1422, 1660, 2014, 
2377, 2700, 2719, 2544, 2223, 1850, 1535, 1371, 1410, 1638, 
1986, 2355, 2629, 2736, 2641, 2372, 2009, 1558, 1379, 1401, 
1616, 1959, 2328, 2616, 2735, 2654, 2396, 2035, 1679, 1430, 
1364, 1504, 1804, 2304, 2599, 2732, 2666, 2420, 2062, 1702, 
1442, 1361, 1488, 1779, 2148, 2488, 2699, 2720, 2544, 2088, 
1726, 1458, 1364, 1472, 1755, 2120, 2470, 2688, 2724, 2563, 
2249, 1875, 1556, 1377, 1401, 1731, 2094, 2446, 2679, 2729, 
2580, 2275, 1902, 1574, 1382, 1393, 1598, 1934, 2304, 2600, 
2733, 2596, 2300, 1929, 1592, 1390, 1383, 1575, 1905, 2279, 
2583, 2729, 2675, 2441, 2089, 1726, 1456, 1377, 1556, 1880, 
2252, 2563, 2726, 2687, 2464, 2116, 1750, 1470, 1362, 1456, 
1731, 2094, 2447, 2720, 2698, 2486, 2144, 1775, 1487, 1364, 
1443, 1706, 2066, 2425, 2669, 2733, 2598, 2302, 1929, 1500, 
1364, 1431, 1682, 2039, 2401, 2656, 2736, 2613, 2323, 1955, 
1614, 1399, 1377, 1556, 1879, 2376, 2643, 2736, 2627, 2350, 
1983, 1632, 1408, 1372, 1538, 1855, 2227, 2548, 2719, 2697, 
2487, 2009, 1660, 1420, 1367, 1522, 1829, 2200, 2528, 2715, 
2703, 2506, 2171, 1800, 1501, 1365, 1432, 1804, 2174, 2510, 
2707, 2715, 2527, 2196, 1824, 1519, 1369, 1420, 1662, 2013, 
2376, 2642, 2737, 2544, 2224, 1851, 1536, 1372, 1410, 1638, 
1985, 2353, 2628, 2736, 2641, 2374, 2009, 1658, 1420, 1401, 
1614, 1959, 2328, 2614, 2734, 2656, 2399, 2036, 1679, 1428, 
1367, 1503, 1801, 2173, 2510, 2733, 2668, 2423, 2063, 1703, 
1443, 1364, 1488, 1777, 2147, 2488, 2699, 2720, 2544, 2224, 
1851, 1456, 1361, 1472, 1753, 2118, 2468, 2687, 2726, 2563, 
2249, 1879, 1553, 1378, 1401, 1615, 1959, 2445, 2679, 2728, 
2582, 2276, 1904, 1573, 1383, 1392, 1596, 1930, 2303, 2596, 
2734, 2668, 2421, 1928, 1595, 1391, 1383, 1575, 1906, 2279, 
2583, 2731, 2679, 2444, 2091, 1727, 1455, 1361, 1471, 1879, 
2252, 2564, 2727, 2689, 2466, 2118, 1751, 1470, 1362, 1459, 
1729, 2091, 2446, 2680, 2729, 2487, 2144, 1777, 1489, 1363, 
1443, 1705, 2066, 2424, 2669, 2734, 2598, 2303, 1931, 1595, 
1391, 1431, 1681, 2038, 2399, 2655, 2736, 2615, 2327, 1957, 
1614, 1400, 1377, 1555, 1880, 2251, 2564, 2736, 2628, 2352, 
1983, 1636, 1409, 1372, 1537, 1853, 2227, 2547, 2719, 2699, 
2487, 2145, 1777, 1419, 1370, 1521, 1827, 2199, 2528, 2712, 
2708, 2507, 2172, 1801, 1503, 1365, 1433, 1683, 2038, 2508, 
2707, 2715, 2528, 2198, 1827, 1519, 1368, 1420, 1660, 2011, 
2376, 2643, 2736, 2629, 2352, 1852, 1534, 1373, 1411, 1638, 
1983, 2352, 2630, 2736, 2643, 2371, 1974, 1603, 1385, 1410, 
1655, 2147, 2492, 2702, 2717, 2535, 2193, 1822, 1513, 1367, 
1423, 1665, 2016, 2379, 2644, 2735, 2627, 2222, 1846, 1531, 
1372, 1410, 1641, 1991, 2356, 2631, 2736, 2639, 2371, 2005, 
1655, 1419, 1368, 1619, 1961, 2332, 2616, 2736, 2654, 2394, 
2031, 1676, 1427, 1364, 1506, 1807, 2176, 2511, 2709, 2667, 
2417, 2059, 1699, 1441, 1363, 1489, 1783, 2151, 2491, 2702, 
2719, 2543, 2221, 1848, 1534, 1361, 1474, 1758, 2124, 2471, 
2692, 2724, 2561, 2246, 1875, 1553, 1377, 1403, 1619, 1963, 
2333, 2681, 2731, 2579, 2272, 1900, 1569, 1383, 1393, 1599, 
1935, 2307, 2600, 2732, 2665, 2419, 2060, 1592, 1391, 1384, 
1576, 1909, 2281, 2584, 2729, 2678, 2441, 2086, 1724, 1454, 
1362, 1474, 1756, 2255, 2567, 2727, 2687, 2462, 2112, 1747, 
1466, 1362, 1459, 1734, 2096, 2447, 2678, 2729, 2576, 2140, 
1773, 1484, 1362, 1444, 1708, 2070, 2425, 2671, 2732, 2595, 
2299, 1927, 1592, 1390, 1386, 1686, 2041, 2403, 2657, 2735, 
2611, 2323, 1952, 1612, 1397, 1379, 1557, 1884, 2255, 2567, 
2727, 2627, 2348, 1980, 1633, 1408, 1374, 1540, 1857, 2230, 
2550, 2720, 2696, 2483, 2140, 1773, 1484, 1369, 1523, 1831, 
2204, 2529, 2712, 2705, 2506, 2164, 1798, 1500, 1364, 1433, 
1685, 2041, 2403, 2708, 2716, 2525, 2195, 1820, 1516, 1368, 
1423, 1663, 2015, 2379, 2645, 2736, 2623, 2349, 1980, 1534, 
1372, 1411, 1640, 1987, 2355, 2631, 2736, 2641, 2371, 2006, 
1655, 1419, 1369, 1522, 1831, 2332, 2616, 2736, 2654, 2395, 
2033, 1678, 1428, 1364, 1505, 1808, 2175, 2510, 2711, 2716, 
2526, 2062, 1700, 1441, 1363, 1488, 1781, 2149, 2491, 2700, 
2720, 2544, 2222, 1848, 1535, 1372, 1411, 1755, 2121, 2472, 
2690, 2726, 2563, 2248, 1874, 1553, 1374, 1402, 1619, 1960, 
2331, 2616, 2736, 2579, 2273, 1901, 1571, 1383, 1393, 1598, 
1935, 2305, 2601, 2732, 2666, 2419, 2060, 1702, 1441, 1385, 
1577, 1911, 2279, 2583, 2729, 2680, 2443, 2087, 1726, 1454, 
1362, 1474, 1753, 2123, 2470, 2725, 2687, 2463, 2115, 1748, 
1469, 1362, 1459, 1732, 2095, 2447, 2680, 2731, 2580, 2274, 
1901, 1484, 1364, 1446, 1708, 2068, 2427, 2670, 2735, 2595, 
2300, 1927, 1593, 1392, 1385, 1577, 1907, 2403, 2658, 2736, 
2613, 2323, 1954, 1614, 1400, 1378, 1558, 1882, 2255, 2566, 
2726, 2687, 2463, 1982, 1634, 1408, 1372, 1539, 1856, 2228, 
2548, 2720, 2697, 2484, 2142, 1774, 1485, 1363, 1446, 1831, 
2200, 2529, 2715, 2705, 2505, 2168, 1799, 1500, 1364, 1431, 
1684, 2041, 2398, 2656, 2735, 2526, 2193, 1823, 1516, 1367, 
1421, 1662, 2014, 2378, 2643, 2736, 2627, 2350, 1981, 1634, 
1408, 1412, 1639, 1987, 2355, 2630, 2736, 2643, 2372, 2006, 
1660, 1418, 1368, 1521, 1830, 2201, 2529, 2736, 2655, 2394, 
2035, 1679, 1430, 1364, 1504, 1804, 2177, 2510, 2708, 2713, 
2526, 2195, 1824, 1441, 1363, 1490, 1779, 2146, 2492, 2700, 
2720, 2543, 2223, 1849, 1535, 1372, 1411, 1639, 1985, 2468, 
2689, 2726, 2561, 2248, 1876, 1555, 1378, 1401, 1617, 1959, 
2331, 2616, 2736, 2655, 2398, 1903, 1572, 1384, 1394, 1597, 
1932, 2304, 2599, 2734, 2667, 2421, 2063, 1702, 1441, 1363, 
1488, 1906, 2279, 2582, 2729, 2678, 2442, 2090, 1724, 1456, 
1362, 1475, 1755, 2119, 2468, 2687, 2724, 2463, 2115, 1748, 
1470, 1361, 1457, 1730, 2094, 2446, 2681, 2730, 2581, 2273, 
1903, 1573, 1383, 1445, 1707, 2067, 2425, 2670, 2732, 2599, 
2301, 1929, 1592, 1392, 1386, 1577, 1907, 2279, 2584, 2736, 
2614, 2324, 1955, 1614, 1400, 1378, 1556, 1880, 2253, 2564, 
2724, 2688, 2464, 2116, 1749, 1408, 1372, 1536, 1855, 2227, 
2547, 2719, 2696, 2486, 2144, 2727, 2680, 2450, 2098, 1735, 
1462, 1374, 1547, 1868, 2240, 2555, 2720, 2689, 2471, 2124, 
1758, 1477, 1360, 1450, 1719, 2082, 2435, 2716, 2700, 2492, 
2151, 1784, 1490, 1361, 1438, 1695, 2054, 2413, 2663, 2732, 
2602, 2308, 1938, 1506, 1364, 1426, 1672, 2027, 2388, 2652, 
2734, 2616, 2335, 1965, 1621, 1403, 1375, 1548, 1868, 2367, 
2636, 2734, 2630, 2359, 1990, 1643, 1413, 1371, 1532, 1843, 
2215, 2538, 2716, 2700, 2494, 2020, 1668, 1423, 1365, 1512, 
1817, 2188, 2520, 2711, 2707, 2513, 2180, 1809, 1507, 1364, 
1425, 1792, 2161, 2499, 2704, 2716, 2533, 2207, 1836, 1524, 
1369, 1414, 1651, 2000, 2366, 2636, 2737, 2554, 2234, 1862, 
1543, 1374, 1406, 1628, 1974, 2343, 2622, 2734, 2647, 2382, 
2019, 1667, 1423, 1398, 1607, 1948, 2316, 2608, 2735, 2659, 
2407, 2046, 1689, 1436, 1363, 1496, 1792, 2161, 2499, 2731, 
2671, 2429, 2072, 1712, 1447, 1360, 1481, 1767, 2136, 2479, 
2694, 2721, 2552, 2235, 1860, 1462, 1361, 1465, 1743, 2108, 
2459, 2683, 2727, 2571, 2260, 1887, 1562, 1379, 1397, 1608, 
1947, 2436, 2675, 2731, 2587, 2287, 1913, 1582, 1387, 1388, 
1588, 1921, 2292, 2593, 2733, 2672, 2431, 1936, 1604, 1395, 
1380, 1566, 1895, 2268, 2575, 2728, 2683, 2453, 2100, 1736, 
1463, 1363, 1468, 1868, 2241, 2556, 2723, 2691, 2473, 2127, 
1760, 1476, 1362, 1452, 1720, 2079, 2438, 2676, 2733, 2492, 
2156, 1786, 1492, 1363, 1439, 1695, 2052, 2414, 2663, 2734, 
2604, 2311, 1940, 1603, 1395, 1427, 1672, 2027, 2391, 2652, 
2736, 2620, 2336, 1968, 1624, 1404, 1375, 1548, 1868, 2240, 
2556, 2736, 2633, 2361, 1992, 1644, 1414, 1370, 1531, 1841, 
2214, 2539, 2717, 2701, 2495, 2156, 1785, 1424, 1366, 1512, 
1817, 2189, 2520, 2711, 2716, 2515, 2181, 1811, 1508, 1366, 
1427, 1672, 2027, 2499, 2704, 2716, 2534, 2209, 1836, 1526, 
1371, 1415, 1651, 1999, 2366, 2636, 2735, 2635, 2363, 1862, 
1547, 1374, 1407, 1627, 1972, 2343, 2623, 2736, 2649, 2384, 
2020, 1668, 1424, 1366, 1513, 1947, 2317, 2608, 2735, 2660, 
2408, 2049, 1690, 1436, 1364, 1497, 1792, 2163, 2497, 2704, 
2715, 2431, 2076, 1715, 1449, 1361, 1483, 1768, 2135, 2480, 
2695, 2723, 2555, 2236, 1864, 1545, 1376, 1467, 1743, 2108, 
2459, 2684, 2727, 2574, 2262, 1889, 1563, 1379, 1397, 1603, 
1944, 2319, 2607, 2729, 2588, 2287, 1915, 1583, 1387, 1389, 
1585, 1920, 2291, 2591, 2732, 2672, 2431, 2076, 1715, 1395, 
1382, 1567, 1894, 2267, 2572, 2727, 2680, 2454, 2099, 1739, 
1464, 1363, 1466, 1745, 2108, 2557, 2723, 2692, 2476, 2129, 
1761, 1479, 1361, 1451, 1719, 2081, 2436, 2675, 2732, 2588, 
2286, 1788, 1495, 1364, 1438, 1696, 2054, 2414, 2663, 2734, 
2606, 2313, 1942, 1604, 1395, 1382, 1567, 2027, 2390, 2651, 
2738, 2620, 2339, 1968, 1624, 1404, 1376, 1548, 1867, 2240, 
2559, 2723, 2692, 2364, 1993, 1647, 1414, 1370, 1529, 1841, 
2214, 2542, 2719, 2702, 2496, 2156, 1788, 1494, 1363, 1511, 
1816, 2185, 2518, 2711, 2708, 2516, 2184, 1812, 1510, 1367, 
1425, 1672, 2026, 2390, 2650, 2717, 2536, 2211, 1839, 1526, 
1369, 1416, 1651, 1999, 2366, 2637, 2737, 2635, 2363, 1996, 
1646, 1375, 1407, 1625, 1978, 2342, 2621, 2738, 2649, 2387, 
2020, 1668, 1424, 1367, 1512, 1816, 2187, 2608, 2735, 2662, 
2409, 2049, 1692, 1436, 1364, 1495, 1792, 2160, 2498, 2704, 
2717, 2535, 2211, 1715, 1450, 1360, 1482, 1767, 2133, 2478, 
2692, 2725, 2556, 2237, 1864, 1547, 1374, 1405, 1626, 2108, 
2458, 2684, 2728, 2573, 2263, 1889, 1564, 1382, 1396, 1607, 
1947, 2317, 2608, 2736, 2662, 2288, 1874, 1534, 1364, 1479, 
1763, 2134, 2483, 2698, 2721, 2542, 2205, 1833, 1523, 1369, 
1417, 1771, 2138, 2483, 2695, 2721, 2551, 2231, 1859, 1536, 
1373, 1406, 1631, 1977, 2344, 2624, 2736, 2571, 2257, 1885, 
1560, 1380, 1399, 1612, 1951, 2322, 2611, 2736, 2659, 2407, 
2045, 1688, 1432, 1391, 1590, 1923, 2296, 2595, 2735, 2671, 
2428, 2072, 1711, 1449, 1361, 1481, 1771, 2139, 2481, 2728, 
2681, 2449, 2099, 1735, 1460, 1361, 1467, 1745, 2112, 2460, 
2687, 2727, 2569, 2257, 1884, 1475, 1363, 1455, 1723, 2084, 
2440, 2676, 2731, 2586, 2284, 1912, 1580, 1385, 1391, 1590, 
1923, 2417, 2665, 2735, 2604, 2310, 1937, 1600, 1394, 1382, 
1569, 1897, 2271, 2575, 2731, 2680, 2451, 1964, 1619, 1403, 
1375, 1550, 1872, 2245, 2559, 2724, 2692, 2472, 2125, 1759, 
1475, 1361, 1454, 1846, 2219, 2542, 2719, 2700, 2494, 2152, 
1784, 1491, 1361, 1443, 1701, 2056, 2419, 2665, 2736, 2515, 
2179, 1807, 1505, 1365, 1428, 1676, 2030, 2392, 2652, 2736, 
2620, 2335, 1965, 1622, 1403, 1417, 1654, 2004, 2368, 2639, 
2737, 2632, 2359, 1993, 1643, 1412, 1373, 1532, 1844, 2218, 
2542, 2736, 2647, 2383, 2019, 1667, 1423, 1367, 1513, 1819, 
2191, 2523, 2712, 2710, 2515, 2180, 1809, 1435, 1365, 1497, 
1794, 2165, 2502, 2707, 2716, 2534, 2209, 1833, 1524, 1368, 
1417, 1652, 2003, 2481, 2697, 2723, 2555, 2235, 1860, 1543, 
1374, 1406, 1630, 1976, 2345, 2623, 2736, 2647, 2383, 1886, 
1562, 1380, 1397, 1612, 1951, 2319, 2611, 2736, 2659, 2406, 
2047, 1688, 1435, 1364, 1497, 1924, 2295, 2593, 2732, 2672, 
2431, 2073, 1712, 1448, 1363, 1483, 1767, 2139, 2482, 2697, 
2723, 2455, 2100, 1735, 1462, 1361, 1467, 1747, 2111, 2460, 
2686, 2727, 2572, 2260, 1886, 1562, 1380, 1453, 1722, 2089, 
2438, 2675, 2733, 2590, 2286, 1912, 1581, 1388, 1390, 1590, 
1924, 2294, 2592, 2734, 2603, 2310, 1937, 1601, 1392, 1382, 
1569, 1896, 2268, 2574, 2728, 2683, 2451, 2099, 1735, 1404, 
1376, 1550, 1871, 2243, 2556, 2723, 2692, 2471, 2128, 1760, 
1476, 1363, 1452, 1722, 2084, 2540, 2719, 2702, 2494, 2153, 
1785, 1491, 1363, 1439, 1697, 2056, 2416, 2664, 2735, 2604, 
2311, 1809, 1505, 1366, 1426, 1675, 2031, 2392, 2651, 2736, 
2619, 2336, 1967, 1623, 1404, 1376, 1548, 2003, 2367, 2639, 
2736, 2633, 2360, 1992, 1644, 1414, 1371, 1533, 1844, 2219, 
2539, 2718, 2702, 2384, 2022, 1667, 1423, 1367, 1514, 1819, 
2190, 2523, 2712, 2712, 2515, 2182, 1811, 1507, 1367, 1496, 
1795, 2165, 2500, 2705, 2716, 2534, 2208, 1837, 1525, 1369, 
1418, 1652, 2003, 2367, 2638, 2723, 2554, 2235, 1863, 1544, 
1375, 1408, 1629, 1976, 2344, 2623, 2736, 2648, 2383, 2020, 
1666, 1380, 1398, 1607, 1947, 2319, 2608, 2735, 2659, 2409, 
2047, 1688, 1437, 1363, 1497, 1793, 2163, 2591, 2732, 2671, 
2430, 2073, 1712, 1448, 1361, 1481, 1769, 2136, 2479, 2695, 
2723, 2554, 2232, 1737, 1463, 1362, 1465, 1746, 2110, 2457, 
2687, 2727, 2571, 2259, 1887, 1563, 1379, 1398, 1609, 2082, 
2438, 2675, 2731, 2584, 2286, 1913, 1582, 1386, 1389, 1588, 
1920, 2294, 2591, 2735, 2672, 2311, 1939, 1604, 1393, 1384, 
1568, 1895, 2268, 2575, 2728, 2683, 2452, 2102, 1736, 1462, 
1361, 1548, 1868, 2241, 2556, 2720, 2692, 2473, 2126, 1761, 
1477, 1364, 1450, 1719, 2082, 2439, 2678, 2702, 2495, 2156, 
1785, 1494, 1363, 1438, 1698, 2055, 2415, 2664, 2735, 2606, 
2312, 1939, 1603, 1364, 1425, 1672, 2028, 2387, 2653, 2739, 
2620, 2336, 1968, 1623, 1404, 1376, 1548, 1869, 2242, 2639, 
2736, 2631, 2360, 1994, 1646, 1413, 1371, 1531, 1843, 2215, 
2539, 2719, 2702, 2495, 2156, 2734, 2622, 2340, 1971, 1625, 
1404, 1374, 1543, 1862, 2236, 2552, 2718, 2691, 2476, 2131, 
1764, 1414, 1368, 1525, 1836, 2207, 2532, 2716, 2703, 2498, 
2160, 1789, 1496, 1360, 1436, 1691, 2047, 2515, 2707, 2711, 
2518, 2187, 1815, 1511, 1366, 1423, 1667, 2020, 2383, 2646, 
2735, 2620, 2342, 1840, 1529, 1369, 1415, 1645, 1993, 2360, 
2631, 2734, 2633, 2365, 1998, 1648, 1416, 1369, 1527, 1967, 
2336, 2618, 2734, 2648, 2388, 2025, 1672, 1427, 1366, 1510, 
1812, 2183, 2511, 2710, 2711, 2412, 2054, 1694, 1438, 1363, 
1492, 1790, 2153, 2495, 2702, 2718, 2538, 2214, 1842, 1529, 
1371, 1478, 1761, 2129, 2475, 2691, 2723, 2556, 2238, 1866, 
1548, 1375, 1402, 1627, 1968, 2335, 2618, 2727, 2575, 2265, 
1893, 1566, 1381, 1395, 1603, 1942, 2312, 2604, 2735, 2665, 
2412, 2055, 1695, 1388, 1387, 1583, 1915, 2286, 2587, 2732, 
2673, 2433, 2081, 1718, 1452, 1363, 1478, 1760, 2130, 2570, 
2727, 2685, 2457, 2107, 1742, 1466, 1361, 1462, 1737, 2103, 
2454, 2681, 2728, 2576, 2267, 1767, 1482, 1363, 1447, 1715, 
2075, 2431, 2672, 2735, 2592, 2294, 1918, 1588, 1387, 1388, 
1583, 2046, 2406, 2660, 2734, 2608, 2316, 1945, 1608, 1397, 
1380, 1562, 1887, 2260, 2572, 2726, 2684, 2343, 1974, 1628, 
1404, 1374, 1544, 1862, 2236, 2552, 2723, 2695, 2480, 2136, 
1768, 1481, 1362, 1526, 1836, 2207, 2532, 2716, 2703, 2500, 
2162, 1792, 1491, 1363, 1437, 1688, 2047, 2408, 2660, 2711, 
2518, 2188, 1817, 1511, 1367, 1424, 1668, 2020, 2384, 2648, 
2736, 2623, 2343, 1974, 1628, 1367, 1412, 1645, 1991, 2359, 
2631, 2739, 2637, 2367, 2001, 1648, 1416, 1369, 1525, 1837, 
2208, 2620, 2736, 2650, 2391, 2028, 1674, 1427, 1366, 1510, 
1811, 2182, 2515, 2710, 2712, 2520, 2190, 1695, 1438, 1363, 
1491, 1787, 2157, 2495, 2702, 2719, 2540, 2216, 1843, 1528, 
1371, 1415, 1646, 2128, 2474, 2691, 2723, 2558, 2242, 1869, 
1550, 1375, 1404, 1622, 1966, 2337, 2620, 2738, 2652, 2264, 
1895, 1569, 1381, 1395, 1601, 1940, 2310, 2604, 2734, 2664, 
2415, 2055, 1696, 1439, 1363, 1582, 1915, 2286, 2588, 2732, 
2675, 2436, 2082, 1720, 1452, 1363, 1475, 1762, 2129, 2473, 
2692, 2685, 2459, 2108, 1744, 1468, 1362, 1462, 1739, 2102, 
2452, 2681, 2729, 2576, 2268, 1894, 1569, 1361, 1448, 1713, 
2076, 2428, 2672, 2732, 2593, 2296, 1922, 1587, 1390, 1387, 
1582, 1915, 2287, 2660, 2734, 2611, 2319, 1950, 1610, 1396, 
1380, 1563, 1887, 2261, 2569, 2728, 2686, 2459, 2108, 1629, 
1407, 1374, 1543, 1862, 2234, 2552, 2723, 2694, 2480, 2136, 
1768, 1482, 1361, 1448, 1712, 2208, 2535, 2716, 2704, 2500, 
2166, 1793, 1497, 1363, 1435, 1690, 2047, 2408, 2662, 2736, 
2609, 2190, 1817, 1515, 1367, 1424, 1666, 2019, 2383, 2646, 
2737, 2623, 2347, 1976, 1630, 1407, 1374, 1645, 1992, 2360, 
2632, 2737, 2638, 2368, 2002, 1652, 1417, 1369, 1528, 1835, 
2209, 2533, 2716, 2652, 2389, 2029, 1674, 1426, 1364, 1509, 
1809, 2180, 2513, 2710, 2713, 2520, 2192, 1818, 1512, 1363, 
1489, 1784, 2153, 2494, 2702, 2723, 2541, 2217, 1846, 1532, 
1372, 1412, 1644, 1992, 2360, 2691, 2724, 2559, 2242, 1871, 
1551, 1376, 1404, 1623, 1966, 2336, 2621, 2737, 2652, 2391, 
2028, 1568, 1383, 1394, 1601, 1940, 2307, 2602, 2735, 2664, 
2416, 2057, 1698, 1439, 1364, 1491, 1784, 2284, 2588, 2734, 
2676, 2438, 2084, 1721, 1453, 1362, 1476, 1760, 2127, 2473, 
2694, 2726, 2558, 2110, 1747, 1468, 1361, 1463, 1736, 2101, 
2451, 2680, 2728, 2577, 2265, 1895, 1570, 1382, 1395, 1712, 
2073, 2429, 2672, 2732, 2593, 2294, 1881, 1539, 1364, 1471, 
1758, 2127, 2478, 2702, 2721, 2435, 2079, 1716, 1451, 1361, 
1481, 1766, 2132, 2477, 2695, 2723, 2556, 2236, 1863, 1547, 
1374, 1464, 1740, 2107, 2455, 2684, 2727, 2575, 2264, 1889, 
1564, 1380, 1396, 1606, 1943, 2315, 2607, 2732, 2590, 2290, 
1918, 1583, 1388, 1388, 1585, 1918, 2292, 2591, 2732, 2674, 
2435, 2079, 1717, 1395, 1382, 1564, 1891, 2264, 2572, 2729, 
2684, 2456, 2104, 1740, 1464, 1363, 1462, 1740, 2106, 2553, 
2723, 2694, 2476, 2132, 1764, 1479, 1362, 1449, 1718, 2077, 
2435, 2673, 2732, 2591, 2291, 1791, 1494, 1364, 1436, 1689, 
2051, 2410, 2663, 2736, 2608, 2316, 1945, 1606, 1395, 1381, 
1564, 2023, 2388, 2648, 2737, 2623, 2342, 1971, 1627, 1406, 
1374, 1547, 1866, 2237, 2556, 2723, 2693, 2367, 1997, 1648, 
1415, 1371, 1528, 1840, 2211, 2539, 2720, 2703, 2499, 2159, 
1790, 1495, 1363, 1510, 1812, 2183, 2516, 2708, 2711, 2519, 
2185, 1815, 1512, 1368, 1424, 1670, 2023, 2387, 2649, 2718, 
2537, 2212, 1840, 1530, 1371, 1415, 1647, 1996, 2361, 2635, 
2736, 2636, 2364, 1998, 1648, 1375, 1404, 1625, 1968, 2338, 
2621, 2736, 2651, 2390, 2025, 1671, 1427, 1366, 1511, 1814, 
2183, 2606, 2734, 2663, 2412, 2052, 1695, 1439, 1363, 1494, 
1788, 2159, 2496, 2703, 2718, 2538, 2214, 1716, 1451, 1360, 
1480, 1763, 2135, 2476, 2692, 2723, 2556, 2240, 1866, 1548, 
1377, 1404, 1624, 2104, 2454, 2684, 2727, 2575, 2265, 1891, 
1567, 1379, 1394, 1603, 1941, 2315, 2607, 2735, 2662, 2292, 
1920, 1586, 1388, 1388, 1584, 1916, 2288, 2590, 2735, 2674, 
2433, 2079, 1716, 1451, 1362, 1564, 1893, 2262, 2571, 2727, 
2683, 2456, 2105, 1743, 1465, 1363, 1465, 1738, 2103, 2455, 
2682, 2694, 2478, 2134, 1766, 1480, 1362, 1448, 1716, 2076, 
2434, 2674, 2734, 2591, 2291, 1920, 1586, 1364, 1436, 1692, 
2049, 2411, 2660, 2736, 2607, 2320, 1945, 1607, 1396, 1383, 
1564, 1889, 2263, 2648, 2736, 2623, 2340, 1971, 1626, 1404, 
1374, 1544, 1863, 2236, 2553, 2723, 2694, 2478, 2133, 1648, 
1415, 1372, 1528, 1836, 2212, 2535, 2717, 2703, 2499, 2161, 
1792, 1495, 1363, 1436, 1692, 2182, 2515, 2710, 2711, 2520, 
2188, 1816, 1511, 1367, 1424, 1668, 2022, 2382, 2648, 2736, 
2623, 2214, 1839, 1528, 1369, 1414, 1647, 1994, 2362, 2631, 
2736, 2638, 2367, 1999, 1649, 1416, 1369, 1624, 1968, 2338, 
2620, 2736, 2650, 2390, 2027, 1674, 1425, 1363, 1510, 1814, 
2184, 2516, 2711, 2664, 2416, 2052, 1695, 1437, 1363, 1493, 
1785, 2159, 2496, 2704, 2719, 2540, 2215, 1841, 1528, 1363, 
1478, 1763, 2129, 2477, 2692, 2723, 2555, 2240, 1868, 1548, 
1375, 1404, 1625, 1969, 2337, 2683, 2729, 2574, 2264, 1894, 
1567, 1381, 1395, 1603, 1942, 2313, 2606, 2734, 2663, 2415, 
2056, 1588, 1388, 1388, 1584, 1916, 2288, 2590, 2731, 2674, 
2435, 2080, 1718, 1451, 1361, 1478, 1761, 2263, 2571, 2727, 
2686, 2457, 2108, 1743, 1464, 1361, 1463, 1738, 2103, 2452, 
2681, 2729, 2579, 2134, 1766, 1481, 1362, 1448, 1712, 2076, 
2432, 2672, 2731, 2591, 2291, 1922, 1587, 1388, 1388, 1692, 
2048, 2409, 2660, 2735, 2609, 2317, 1944, 1607, 1396, 1380, 
1563, 1888, 2259, 2571, 2728, 2624, 2343, 1972, 1628, 1404, 
1374, 1544, 1864, 2233, 2551, 2724, 2695, 2479, 2136, 1768, 
1481, 1369, 1526, 1836, 2209, 2535, 2716, 2703, 2502, 2160, 
1793, 1497, 1362, 1436, 1690, 2047, 2408, 2710, 2712, 2521, 
2191, 1815, 1512, 1367, 1422, 1668, 2019, 2384, 2648, 2736, 
2623, 2343, 1974, 1530, 1368, 1414, 1645, 1995, 2361, 2633, 
2736, 2635, 2367, 2002, 1650, 1417, 1370, 1527, 1838, 2336, 
2618, 2737, 2650, 2391, 2639, 2734, 2625, 2351, 1982, 1638, 
1409, 1371, 1536, 1850, 2222, 2624, 2734, 2640, 2372, 2010, 
1659, 1421, 1366, 1517, 1824, 2196, 2524, 2711, 2705, 2507, 
2172, 1682, 1431, 1363, 1503, 1800, 2171, 2504, 2704, 2715, 
2526, 2200, 1827, 1518, 1368, 1420, 1658, 2143, 2487, 2696, 
2719, 2547, 2224, 1852, 1537, 1376, 1409, 1635, 1983, 2350, 
2625, 2732, 2643, 2252, 1876, 1553, 1376, 1400, 1613, 1954, 
2325, 2611, 2734, 2656, 2399, 2040, 1680, 1431, 1363, 1592, 
1927, 2299, 2596, 2732, 2668, 2423, 2064, 1705, 1443, 1361, 
1484, 1776, 2144, 2484, 2700, 2679, 2447, 2090, 1728, 1457, 
1363, 1470, 1751, 2117, 2464, 2687, 2726, 2563, 2252, 1878, 
1557, 1362, 1457, 1727, 2090, 2444, 2676, 2732, 2583, 2278, 
1907, 1575, 1383, 1390, 1593, 1929, 2299, 2668, 2732, 2598, 
2304, 1932, 1596, 1394, 1383, 1572, 1903, 2275, 2580, 2728, 
2679, 2446, 2094, 1616, 1400, 1375, 1553, 1875, 2249, 2561, 
2723, 2688, 2467, 2120, 1753, 1472, 1362, 1456, 1727, 2222, 
2544, 2718, 2697, 2488, 2145, 1776, 1488, 1360, 1443, 1703, 
2062, 2420, 2667, 2734, 2598, 2174, 1803, 1504, 1366, 1431, 
1679, 2036, 2399, 2655, 2736, 2615, 2328, 1959, 1617, 1400, 
1377, 1660, 2007, 2371, 2639, 2736, 2628, 2353, 1986, 1638, 
1410, 1372, 1540, 1851, 2223, 2544, 2719, 2642, 2377, 2012, 
1660, 1420, 1367, 1519, 1825, 2197, 2527, 2713, 2709, 2509, 
2174, 1803, 1504, 1364, 1501, 1799, 2169, 2505, 2706, 2713, 
2531, 2202, 1830, 1519, 1366, 1420, 1656, 2009, 2373, 2699, 
2719, 2547, 2226, 1852, 1538, 1372, 1410, 1636, 1981, 2348, 
2627, 2736, 2644, 2376, 2012, 1555, 1379, 1400, 1613, 1956, 
2327, 2615, 2735, 2656, 2403, 2039, 1685, 1432, 1364, 1503, 
1800, 2300, 2596, 2736, 2669, 2424, 2067, 1707, 1445, 1362, 
1486, 1775, 2143, 2486, 2698, 2723, 2546, 2096, 1731, 1459, 
1361, 1470, 1752, 2117, 2465, 2687, 2726, 2567, 2254, 1880, 
1558, 1375, 1399, 1727, 2091, 2444, 2678, 2730, 2584, 2278, 
1907, 1575, 1383, 1390, 1592, 1927, 2300, 2599, 2734, 2599, 
2303, 1934, 1598, 1395, 1383, 1572, 1900, 2273, 2579, 2730, 
2679, 2446, 2095, 1732, 1456, 1377, 1551, 1875, 2247, 2563, 
2726, 2691, 2471, 2124, 1755, 1472, 1363, 1455, 1728, 2089, 
2443, 2720, 2700, 2491, 2148, 1779, 1488, 1362, 1443, 1703, 
2061, 2420, 2667, 2733, 2598, 2307, 1934, 1505, 1365, 1427, 
1678, 2035, 2396, 2654, 2735, 2616, 2331, 1962, 1618, 1401, 
1377, 1552, 1875, 2373, 2640, 2735, 2628, 2355, 1987, 1639, 
1412, 1372, 1536, 1849, 2222, 2545, 2720, 2700, 2491, 2012, 
1663, 1419, 1368, 1519, 1824, 2195, 2526, 2713, 2708, 2510, 
2175, 1805, 1504, 1367, 1428, 1799, 2168, 2504, 2706, 2716, 
2531, 2202, 1831, 1522, 1368, 1419, 1656, 2005, 2372, 2640, 
2738, 2548, 2229, 1855, 1540, 1372, 1408, 1633, 1982, 2350, 
2627, 2736, 2644, 2379, 2012, 1663, 1423, 1399, 1612, 1953, 
2326, 2612, 2735, 2657, 2403, 2039, 1686, 1435, 1364, 1500, 
1799, 2169, 2504, 2732, 2668, 2428, 2068, 1707, 1446, 1361, 
1489, 1774, 2142, 2484, 2699, 2722, 2550, 2229, 1855, 1458, 
1363, 1470, 1750, 2114, 2463, 2686, 2727, 2567, 2255, 1881, 
1557, 1379, 1400, 1614, 1954, 2443, 2675, 2730, 2584, 2282, 
1909, 1577, 1384, 1391, 1593, 1927, 2300, 2596, 2733, 2670, 
2427, 1937, 1599, 1394, 1383, 1574, 1902, 2274, 2579, 2732, 
2683, 2451, 2098, 1732, 1459, 1363, 1470, 1875, 2247, 2564, 
2726, 2689, 2470, 2123, 1757, 1474, 1362, 1455, 1725, 2088, 
2440, 2678, 2731, 2491, 2151, 1782, 1489, 1364, 1439, 1701, 
2060, 2419, 2671, 2734, 2601, 2306, 1910, 1560, 1368, 1527, 
1868, 2253, 2570, 2727, 2680, 2439, 2086, 1725, 1452, 1363, 
1477, 1759, 2126, 2472, 2691, 2687, 2460, 2113, 1747, 1468, 
1362, 1460, 1735, 2097, 2449, 2681, 2729, 2577, 2271, 1897, 
1569, 1360, 1447, 1711, 2068, 2427, 2671, 2735, 2594, 2295, 
1924, 1590, 1391, 1384, 1579, 1911, 2284, 2659, 2736, 2611, 
2323, 1951, 1611, 1397, 1379, 1561, 1887, 2256, 2568, 2726, 
2687, 2460, 2112, 1632, 1408, 1375, 1543, 1859, 2230, 2550, 
2721, 2696, 2483, 2139, 1772, 1484, 1362, 1446, 1711, 2204, 
2531, 2713, 2704, 2503, 2168, 1795, 1498, 1365, 1433, 1686, 
2043, 2406, 2656, 2734, 2607, 2193, 1820, 1515, 1367, 1423, 
1665, 2016, 2383, 2647, 2737, 2625, 2348, 1979, 1632, 1409, 
1374, 1642, 1991, 2356, 2630, 2736, 2639, 2371, 2005, 1654, 
1417, 1367, 1522, 1831, 2204, 2534, 2716, 2652, 2394, 2032, 
1676, 1428, 1368, 1506, 1807, 2176, 2511, 2707, 2714, 2524, 
2195, 1820, 1514, 1363, 1490, 1783, 2151, 2491, 2700, 2718, 
2543, 2219, 1846, 1533, 1369, 1411, 1643, 1990, 2358, 2691, 
2724, 2560, 2245, 1872, 1552, 1376, 1404, 1619, 1961, 2332, 
2616, 2736, 2652, 2396, 2032, 1571, 1383, 1392, 1599, 1935, 
2308, 2601, 2733, 2664, 2418, 2059, 1702, 1440, 1362, 1490, 
1782, 2283, 2584, 2731, 2678, 2439, 2087, 1723, 1456, 1363, 
1475, 1758, 2122, 2470, 2692, 2723, 2563, 2112, 1748, 1469, 
1363, 1463, 1735, 2097, 2450, 2681, 2729, 2578, 2270, 1899, 
1573, 1383, 1393, 1710, 2070, 2428, 2672, 2732, 2595, 2297, 
1925, 1591, 1392, 1385, 1582, 1912, 2282, 2584, 2732, 2611, 
2321, 1951, 1611, 1398, 1379, 1559, 1881, 2255, 2567, 2726, 
2687, 2463, 2113, 1747, 1470, 1372, 1540, 1856, 2232, 2547, 
2721, 2696, 2484, 2142, 1771, 1484, 1362, 1447, 1711, 2068, 
2427, 2716, 2705, 2504, 2168, 1798, 1502, 1365, 1433, 1685, 
2043, 2406, 2663, 2736, 2612, 2323, 1952, 1516, 1369, 1424, 
1665, 2017, 2380, 2644, 2736, 2627, 2347, 1979, 1632, 1411, 
1373, 1540, 1857, 2358, 2630, 2736, 2640, 2371, 2004, 1656, 
1420, 1368, 1523, 1831, 2204, 2531, 2716, 2705, 2505, 2033, 
1679, 1429, 1365, 1507, 1806, 2177, 2511, 2708, 2713, 2523, 
2193, 1820, 1515, 1367, 1422, 1780, 2155, 2493, 2700, 2719, 
2544, 2221, 1848, 1534, 1371, 1414, 1641, 1987, 2355, 2628, 
2736, 2561, 2247, 1874, 1553, 1376, 1402, 1619, 1963, 2331, 
2617, 2735, 2654, 2395, 2034, 1678, 1430, 1392, 1599, 1935, 
2307, 2600, 2734, 2667, 2417, 2061, 1703, 1440, 1363, 1489, 
1780, 2148, 2491, 2732, 2677, 2441, 2088, 1726, 1455, 1362, 
1475, 1756, 2124, 2471, 2690, 2724, 2563, 2248, 1875, 1470, 
1364, 1460, 1731, 2095, 2447, 2680, 2731, 2579, 2273, 1902, 
1571, 1384, 1392, 1598, 1935, 2425, 2671, 2734, 2596, 2298, 
1929, 1593, 1390, 1384, 1580, 1908, 2283, 2584, 2732, 2678, 
2444, 1953, 1611, 1399, 1381, 1560, 1884, 2255, 2568, 2724, 
2684, 2463, 2115, 1750, 1470, 1363, 1459, 1857, 2230, 2552, 
2720, 2697, 2486, 2141, 1773, 1485, 1360, 1443, 1708, 2067, 
2428, 2671, 2734, 2503, 2169, 1798, 1501, 1363, 1432, 1683, 
2041, 2403, 2657, 2735, 2612, 2323, 1953, 1613, 1399, 1422, 
1664, 2012, 2377, 2643, 2736, 2627, 2350, 1982, 1632, 1407, 
1373, 1539, 1855, 2228, 2548, 2737, 2643, 2375, 2008, 1655, 
1419, 1370, 1520, 1831, 2200, 2531, 2713, 2707, 2507, 2169, 
1798, 1429, 1364, 1507, 1804, 2175, 2510, 2708, 2713, 2527, 
2197, 1823, 1516, 1368, 1422, 1662, 2014, 2489, 2702, 2720, 
2544, 2223, 1849, 1536, 1373, 1411, 1641, 1987, 2353, 2630, 
2736, 2639, 2373, 1875, 1552, 1377, 1401, 1617, 1959, 2331, 
2614, 2737, 2655, 2397, 2636, 2731, 2630, 2356, 1990, 1543, 
1376, 1407, 1630, 1975, 2343, 2620, 2734, 2644, 2380, 2017, 
1664, 1422, 1366, 1514, 1819, 2318, 2608, 2734, 2656, 2404, 
2044, 1687, 1433, 1361, 1498, 1793, 2163, 2500, 2705, 2713, 
2535, 2068, 1711, 1447, 1361, 1483, 1770, 2136, 2480, 2694, 
2721, 2551, 2231, 1859, 1542, 1372, 1406, 1744, 2110, 2459, 
2684, 2727, 2567, 2256, 1887, 1561, 1378, 1397, 1610, 1949, 
2317, 2610, 2734, 2585, 2283, 1913, 1580, 1385, 1388, 1588, 
1921, 2294, 2591, 2732, 2671, 2429, 2072, 1711, 1447, 1382, 
1567, 1895, 2270, 2577, 2727, 2681, 2448, 2099, 1735, 1463, 
1362, 1467, 1744, 2110, 2460, 2724, 2692, 2471, 2127, 1756, 
1475, 1361, 1452, 1721, 2084, 2437, 2675, 2731, 2587, 2284, 
1912, 1491, 1361, 1439, 1699, 2056, 2416, 2664, 2733, 2603, 
2310, 1938, 1601, 1393, 1381, 1570, 1895, 2392, 2652, 2736, 
2619, 2335, 1966, 1622, 1402, 1375, 1550, 1869, 2243, 2559, 
2724, 2691, 2471, 1992, 1645, 1414, 1370, 1532, 1843, 2217, 
2541, 2719, 2700, 2494, 2153, 1784, 1491, 1363, 1439, 1819, 
2190, 2520, 2712, 2710, 2515, 2180, 1809, 1507, 1366, 1428, 
1675, 2028, 2392, 2652, 2736, 2534, 2207, 1836, 1528, 1369, 
1418, 1651, 2001, 2369, 2638, 2736, 2633, 2359, 1992, 1644, 
1413, 1405, 1630, 1976, 2345, 2623, 2736, 2648, 2382, 2019, 
1666, 1424, 1366, 1514, 1819, 2190, 2520, 2739, 2659, 2406, 
2047, 1689, 1435, 1363, 1498, 1793, 2163, 2497, 2704, 2716, 
2534, 2207, 1836, 1451, 1365, 1483, 1767, 2135, 2481, 2694, 
2723, 2552, 2235, 1859, 1543, 1373, 1406, 1629, 1975, 2457, 
2686, 2727, 2572, 2259, 1886, 1562, 1380, 1396, 1607, 1949, 
2320, 2608, 2735, 2662, 2407, 1912, 1581, 1385, 1391, 1587, 
1923, 2294, 2593, 2733, 2672, 2431, 2073, 1712, 1449, 1363, 
1484, 1897, 2268, 2575, 2730, 2683, 2452, 2102, 1737, 1462, 
1363, 1467, 1743, 2108, 2460, 2685, 2728, 2474, 2126, 1761, 
1478, 1362, 1452, 1721, 2083, 2435, 2675, 2731, 2588, 2286, 
1913, 1581, 1387, 1439, 1697, 2055, 2414, 2662, 2735, 2605, 
2311, 1943, 1602, 1392, 1382, 1569, 1895, 2268, 2575, 2736, 
2617, 2336, 1967, 1624, 1404, 1376, 1548, 1870, 2242, 2559, 
2724, 2693, 2475, 2129, 1761, 1415, 1373, 1532, 1845, 2217, 
2540, 2719, 2703, 2494, 2156, 1786, 1492, 1363, 1439, 1695, 
2054, 2520, 2711, 2708, 2515, 2183, 1811, 1509, 1365, 1424, 
1672, 2027, 2390, 2652, 2736, 2622, 2337, 1835, 1526, 1370, 
1418, 1652, 1999, 2366, 2636, 2736, 2633, 2362, 1994, 1645, 
1415, 1372, 1532, 1975, 2343, 2624, 2736, 2649, 2384, 2020, 
1666, 1423, 1366, 1512, 1818, 2189, 2521, 2713, 2712, 2408, 
2048, 1689, 1435, 1363, 1497, 1792, 2163, 2500, 2704, 2716, 
2535, 2209, 1836, 1525, 1369, 1482, 1767, 2136, 2480, 2695, 
2724, 2553, 2235, 1863, 1544, 1375, 1408, 1630, 1973, 2343, 
2623, 2731, 2573, 2262, 1888, 1564, 1380, 1397, 1609, 1947, 
2319, 2608, 2736, 2660, 2409, 2049, 1689, 1387, 1390, 1587, 
1921, 2296, 2590, 2731, 2672, 2432, 2075, 1713, 1449, 1362, 
1481, 1767, 2139, 2575, 2727, 2684, 2453, 2103, 1739, 1463, 
1363, 1467, 1743, 2108, 2459, 2686, 2727, 2571, 2256, 1763, 
1478, 1362, 1450, 1720, 2081, 2436, 2675, 2732, 2588, 2287, 
1916, 1583, 1387, 1386, 1591, 2054, 2412, 2663, 2734, 2604, 
2311, 1940, 1603, 1395, 1382, 1567, 1894, 2268, 2574, 2727, 
2678, 2339, 1968, 1624, 1403, 1376, 1548, 1868, 2240, 2556, 
2723, 2692, 2475, 2129, 1761, 1477, 1364, 1531, 1842, 2215, 
2539, 2718, 2703, 2497, 2157, 1790, 1493, 1363, 1438, 1694, 
2054, 2414, 2662, 2709, 2515, 2184, 1792, 1478, 1363, 1547, 
1872, 2256, 2571, 2727, 2682, 2432, 2076, 1709, 1448, 1382, 
1567, 1892, 2265, 2575, 2727, 2683, 2451, 2104, 1739, 1464, 
1361, 1466, 1743, 2111, 2457, 2723, 2694, 2476, 2129, 1761, 
1477, 1363, 1452, 1719, 2080, 2435, 2674, 2732, 2588, 2286, 
1915, 1494, 1364, 1437, 1694, 2052, 2412, 2663, 2736, 2607, 
2312, 1942, 1603, 1394, 1381, 1568, 1891, 2390, 2649, 2737, 
2621, 2339, 1969, 1624, 1403, 1374, 1547, 1867, 2240, 2556, 
2725, 2692, 2476, 1998, 1647, 1415, 1371, 1532, 1841, 2215, 
2539, 2719, 2703, 2496, 2158, 1788, 1496, 1362, 1438, 1814, 
2186, 2520, 2711, 2711, 2516, 2185, 1812, 1511, 1368, 1424, 
1671, 2025, 2388, 2650, 2736, 2535, 2208, 1839, 1527, 1370, 
1416, 1650, 1999, 2366, 2636, 2736, 2635, 2363, 1996, 1646, 
1415, 1403, 1627, 1972, 2342, 2623, 2736, 2649, 2388, 2023, 
1670, 1425, 1367, 1513, 1816, 2185, 2518, 2734, 2660, 2409, 
2049, 1692, 1436, 1366, 1498, 1792, 2160, 2497, 2703, 2717, 
2536, 2211, 1838, 1446, 1362, 1479, 1767, 2136, 2480, 2694, 
2723, 2553, 2236, 1864, 1547, 1375, 1406, 1627, 1975, 2456, 
2686, 2727, 2572, 2262, 1888, 1563, 1381, 1395, 1607, 1944, 
2316, 2608, 2734, 2659, 2409, 1916, 1582, 1387, 1388, 1585, 
1919, 2291, 2590, 2732, 2672, 2433, 2076, 1715, 1449, 1361, 
1480, 1891, 2264, 2573, 2727, 2684, 2456, 2104, 1738, 1464, 
1365, 1464, 1743, 2107, 2458, 2685, 2728, 2476, 2131, 1763, 
1477, 1363, 1451, 1719, 2079, 2435, 2674, 2732, 2588, 2288, 
1916, 1584, 1387, 1434, 1694, 2051, 2411, 2665, 2733, 2606, 
2312, 1942, 1604, 1395, 1380, 1567, 1891, 2264, 2571, 2737, 
2620, 2339, 1969, 1624, 1404, 1376, 1546, 1866, 2240, 2556, 
2723, 2694, 2478, 2131, 1764, 1415, 1371, 1528, 1839, 2214, 
2536, 2719, 2703, 2496, 2159, 1788, 1493, 1362, 1436, 1694, 
2052, 2517, 2710, 2710, 2517, 2185, 1812, 1511, 1366, 1425, 
1668, 2023, 2388, 2649, 2735, 2619, 2340, 1839, 1529, 1370, 
1416, 1649, 1998, 2366, 2636, 2737, 2635, 2364, 1996, 1647, 
1417, 1372, 1530, 1972, 2339, 2621, 2736, 2651, 2387, 2023, 
1669, 1425, 1364, 1512, 1815, 2187, 2515, 2711, 2710, 2411, 
2051, 1691, 1436, 1364, 1495, 1788, 2159, 2497, 2704, 2717, 
2537, 2211, 1839, 1527, 1369, 1478, 1764, 2134, 2478, 2694, 
2723, 2556, 2239, 1864, 1547, 1376, 1405, 1625, 1975, 2339, 
2622, 2727, 2574, 2264, 1891, 1564, 1382, 1395, 1604, 1944, 
2314, 2606, 2734, 2662, 2411, 2052, 1692, 1388, 1385, 1584, 
1919, 2291, 2587, 2732, 2673, 2433, 2078, 1715, 1451, 1362, 
1477, 1764, 2133, 2574, 2728, 2684, 2456, 2104, 1740, 1465, 
1362, 1464, 1740, 2105, 2456, 2684, 2728, 2572, 2264, 1763, 
1479, 1361, 1449, 1715, 2078, 2433, 2674, 2732, 2590, 2289, 
1917, 1585, 1392, 1387, 1585, 2052, 2411, 2662, 2735, 2606, 
2315, 1944, 1605, 1395, 1380, 1567, 1891, 2264, 2572, 2727, 
2683, 2339, 1971, 1626, 1404, 1374, 1544, 1864, 2237, 2555, 
2723, 2697, 2479, 2131, 1763, 1479, 1362, 1529, 1839, 2214, 
2537, 2718, 2703, 2498, 2160, 1789, 1496, 1364, 1436, 1692, 
2049, 2409, 2662, 2711, 2515, 2186, 1814, 1511, 1366, 1425, 
1670, 2023, 2387, 2649, 2736, 2623, 2342, 1971, 1627, 1370, 
1416, 1649, 1996, 2363, 2635, 2736, 2636, 2366, 1998, 1648, 
1415, 1370, 1528, 1839, 2211, 2620, 2736, 2650, 2388, 2024, 
1671, 1427, 1365, 1510, 1814, 2184, 2516, 2711, 2711, 2516, 
2186, 1693, 1438, 1363, 1494, 1788, 2159, 2496, 2703, 2716, 
2537, 2214, 1840, 1527, 1368, 1415, 1648, 2131, 2476, 2694, 
2726, 2556, 2238, 1866, 1548, 1375, 1406, 1625, 1969, 2336, 
2620, 2736, 2649, 2267, 2695, 2719, 2543, 2220, 1849, 1536, 
1370, 1408, 1636, 1984, 2350, 2627, 2734, 2639, 2371, 1874, 
1554, 1376, 1396, 1615, 1955, 2328, 2613, 2732, 2652, 2396, 
2035, 1679, 1430, 1364, 1503, 1930, 2301, 2596, 2731, 2666, 
2416, 2060, 1702, 1443, 1361, 1487, 1777, 2144, 2487, 2697, 
2719, 2442, 2089, 1726, 1456, 1361, 1472, 1752, 2119, 2466, 
2688, 2723, 2562, 2249, 1875, 1554, 1377, 1456, 1728, 2092, 
2444, 2678, 2732, 2579, 2273, 1902, 1572, 1384, 1390, 1594, 
1931, 2301, 2599, 2732, 2596, 2300, 1928, 1593, 1392, 1384, 
1575, 1904, 2278, 2580, 2730, 2678, 2443, 2090, 1727, 1400, 
1377, 1555, 1878, 2251, 2560, 2727, 2687, 2464, 2115, 1750, 
1472, 1363, 1456, 1728, 2092, 2545, 2719, 2696, 2486, 2143, 
1773, 1486, 1362, 1444, 1705, 2065, 2424, 2668, 2733, 2597, 
2302, 1799, 1502, 1366, 1431, 1680, 2042, 2400, 2655, 2732, 
2612, 2326, 1956, 1615, 1400, 1378, 1556, 2010, 2376, 2641, 
2736, 2627, 2355, 1983, 1635, 1406, 1372, 1537, 1852, 2225, 
2547, 2719, 2698, 2375, 2010, 1657, 1420, 1368, 1520, 1827, 
2198, 2528, 2713, 2707, 2507, 2172, 1800, 1502, 1366, 1504, 
1801, 2173, 2507, 2707, 2713, 2527, 2198, 1825, 1519, 1368, 
1419, 1662, 2011, 2375, 2641, 2719, 2546, 2224, 1852, 1536, 
1369, 1410, 1639, 1984, 2351, 2628, 2735, 2641, 2375, 2009, 
1659, 1378, 1400, 1616, 1958, 2327, 2613, 2737, 2656, 2400, 
2038, 1681, 1429, 1364, 1503, 1803, 2173, 2596, 2732, 2666, 
2420, 2064, 1704, 1443, 1363, 1488, 1777, 2145, 2488, 2698, 
2719, 2547, 2225, 1728, 1456, 1362, 1471, 1753, 2120, 2467, 
2688, 2726, 2564, 2249, 1878, 1556, 1377, 1401, 1615, 2092, 
2444, 2680, 2729, 2580, 2279, 1903, 1574, 1384, 1391, 1595, 
1930, 2302, 2599, 2734, 2668, 2302, 1932, 1596, 1392, 1384, 
1579, 1903, 2276, 2582, 2728, 2679, 2444, 2092, 1728, 1457, 
1362, 1555, 1878, 2251, 2564, 2726, 2687, 2465, 2117, 1751, 
1471, 1361, 1457, 1730, 2092, 2446, 2679, 2697, 2488, 2145, 
1776, 1487, 1362, 1443, 1705, 2064, 2422, 2670, 2735, 2599, 
2303, 1931, 1595, 1365, 1431, 1682, 2038, 2400, 2655, 2736, 
2616, 2327, 1958, 1616, 1400, 1378, 1554, 1876, 2251, 2641, 
2736, 2630, 2351, 1986, 1634, 1410, 1372, 1536, 1851, 2225, 
2547, 2720, 2699, 2487, 2145, 1659, 1420, 1368, 1520, 1826, 
2200, 2528, 2713, 2708, 2508, 2172, 1802, 1501, 1364, 1430, 
1679, 2172, 2505, 2707, 2716, 2529, 2199, 1828, 1520, 1368, 
1420, 1659, 2009, 2375, 2641, 2736, 2630, 2225, 1852, 1539, 
1372, 1409, 1639, 1983, 2352, 2628, 2736, 2643, 2376, 2012, 
1659, 1421, 1368, 1615, 1955, 2327, 2613, 2737, 2656, 2400, 
2038, 1683, 1432, 1363, 1501, 1800, 2171, 2506, 2707, 2668, 
2423, 2065, 1705, 1443, 1361, 1484, 1776, 2144, 2486, 2697, 
2719, 2547, 2226, 1852, 1537, 1363, 1471, 1752, 2118, 2465, 
2691, 2723, 2563, 2252, 1877, 1556, 1378, 1400, 1615, 1957, 
2326, 2678, 2728, 2581, 2278, 1904, 1575, 1384, 1391, 1592, 
1927, 2300, 2596, 2732, 2668, 2424, 2064, 1596, 1392, 1384, 
1575, 1904, 2275, 2580, 2728, 2679, 2447, 2093, 1729, 1459, 
1362, 1469, 1751, 2250, 2563, 2725, 2688, 2467, 2119, 1752, 
1472, 1363, 1456, 1728, 2089, 2443, 2679, 2729, 2582, 2147, 
1778, 1488, 1362, 1441, 1703, 2063, 2421, 2668, 2734, 2599, 
2303, 1932, 1597, 1393, 1384, 1678, 2035, 2399, 2655, 2736, 
2614, 2328, 1959, 1617, 1400, 1377, 1555, 1878, 2249, 2564, 
2723, 2627, 2352, 1984, 1638, 1410, 1372, 1536, 1851, 2224, 
2545, 2719, 2699, 2488, 2147, 1779, 1487, 1368, 1518, 1825, 
2198, 2526, 2712, 2707, 2508, 2163, 1772, 1469, 1367, 1561, 
1908, 2291, 2593, 2734, 2596, 2281, 1910, 1580, 1385, 1388, 
1591, 1924, 2296, 2593, 2732, 2671, 2428, 2071, 1710, 1392, 
1383, 1569, 1897, 2272, 2576, 2727, 2681, 2450, 2100, 1735, 
1460, 1361, 1468, 1746, 2111, 2559, 2723, 2691, 2471, 2128, 
1758, 1475, 1361, 1452, 1723, 2084, 2439, 2676, 2731, 2586, 
2281, 1783, 1491, 1363, 1440, 1700, 2057, 2417, 2664, 2734, 
2604, 2308, 1936, 1600, 1392, 1383, 1569, 2030, 2393, 2654, 
2736, 2622, 2335, 1965, 1624, 1401, 1377, 1550, 1871, 2245, 
2559, 2724, 2693, 2360, 1991, 1644, 1413, 1375, 1533, 1845, 
2217, 2540, 2719, 2700, 2494, 2153, 1784, 1491, 1362, 1515, 
1821, 2191, 2520, 2716, 2707, 2513, 2182, 1807, 1507, 1365, 
1426, 1674, 2028, 2393, 2651, 2715, 2532, 2206, 1834, 1526, 
1368, 1417, 1651, 2001, 2368, 2639, 2736, 2631, 2359, 1991, 
1644, 1374, 1408, 1629, 1976, 2347, 2623, 2736, 2647, 2381, 
2018, 1665, 1423, 1368, 1515, 1819, 2191, 2611, 2736, 2660, 
2406, 2044, 1688, 1433, 1363, 1497, 1794, 2163, 2500, 2703, 
2716, 2532, 2207, 1711, 1447, 1362, 1482, 1769, 2137, 2480, 
2695, 2720, 2552, 2232, 1859, 1543, 1373, 1406, 1629, 2110, 
2460, 2686, 2727, 2568, 2259, 1886, 1560, 1379, 1397, 1610, 
1949, 2319, 2611, 2736, 2659, 2284, 1912, 1579, 1387, 1387, 
1587, 1921, 2293, 2591, 2732, 2670, 2430, 2071, 1712, 1448, 
1361, 1568, 1896, 2269, 2575, 2726, 2680, 2451, 2100, 1736, 
1460, 1361, 1467, 1746, 2111, 2459, 2685, 2691, 2472, 2126, 
1759, 1475, 1361, 1452, 1721, 2083, 2439, 2675, 2731, 2587, 
2284, 1913, 1582, 1363, 1439, 1698, 2055, 2414, 2664, 2735, 
2604, 2309, 1937, 1600, 1392, 1383, 1568, 1895, 2269, 2652, 
2736, 2620, 2335, 1965, 1623, 1403, 1376, 1550, 1870, 2243, 
2556, 2723, 2689, 2473, 2127, 1644, 1412, 1371, 1533, 1846, 
2215, 2539, 2719, 2702, 2495, 2155, 1784, 1491, 1363, 1439, 
1697, 2190, 2520, 2712, 2710, 2513, 2182, 1810, 1509, 1366, 
1427, 1673, 2028, 2392, 2651, 2736, 2619, 2207, 1836, 1526, 
1370, 1417, 1651, 2001, 2367, 2636, 2736, 2632, 2360, 1992, 
1644, 1413, 1371, 1630, 1975, 2343, 2623, 2732, 2647, 2384, 
2019, 1667, 1424, 1368, 1513, 1818, 2191, 2519, 2711, 2659, 
2407, 2047, 1689, 1436, 1365, 1498, 1795, 2164, 2501, 2703, 
2716, 2535, 2207, 1836, 1526, 1363, 1483, 1768, 2137, 2480, 
2695, 2721, 2553, 2235, 1862, 1543, 1372, 1406, 1629, 1972, 
2343, 2684, 2727, 2570, 2259, 1886, 1563, 1379, 1397, 1608, 
1947, 2320, 2609, 2736, 2662, 2407, 2049, 1582, 1389, 1391, 
1590, 1921, 2294, 2592, 2734, 2672, 2431, 2075, 1713, 1449, 
1362, 1482, 1769, 2268, 2575, 2727, 2681, 2454, 2100, 1736, 
1462, 1363, 1466, 1745, 2110, 2459, 2684, 2728, 2571, 2127, 
1760, 1476, 1362, 1452, 1721, 2083, 2438, 2675, 2732, 2588, 
2286, 1913, 1582, 1387, 1388, 1696, 2055, 2414, 2664, 2736, 
2606, 2310, 1940, 1604, 1395, 1382, 1568, 1896, 2268, 2574, 
2727, 2619, 2335, 1967, 1623, 1403, 1376, 1549, 1868, 2240, 
2556, 2723, 2692, 2473, 2128, 1760, 1476, 1371, 1531, 1844, 
2215, 2540, 2716, 2700, 2495, 2156, 1785, 1492, 1363, 1439, 
1696, 2055, 2414, 2712, 2710, 2515, 2182, 1811, 1510, 1365, 
1428, 1675, 2028, 2391, 2651, 2736, 2620, 2334, 1968, 1526, 
1369, 1415, 1651, 2003, 2366, 2636, 2735, 2633, 2360, 1993, 
1645, 1414, 1372, 1531, 1843, 2343, 2623, 2736, 2648, 2385, 
2022, 1667, 1424, 1366, 1512, 1817, 2188, 2519, 2711, 2708, 
2515, 2047, 1689, 1435, 1364, 1500, 1792, 2163, 2499, 2703, 
2719, 2536, 2209, 1837, 1526, 1369, 1416, 1767, 2135, 2480, 
2694, 2723, 2553, 2235, 2704, 2710, 2520, 2190, 1820, 1513, 
1364, 1420, 1661, 2148, 2488, 2697, 2716, 2540, 2217, 1846, 
1532, 1371, 1411, 1639, 1985, 2356, 2628, 2735, 2637, 2243, 
1871, 1551, 1375, 1400, 1619, 1961, 2332, 2615, 2734, 2652, 
2392, 2031, 1676, 1427, 1364, 1599, 1934, 2305, 2599, 2732, 
2664, 2416, 2059, 1698, 1439, 1361, 1489, 1780, 2148, 2490, 
2699, 2675, 2438, 2086, 1723, 1453, 1360, 1473, 1752, 2123, 
2468, 2688, 2723, 2560, 2246, 1871, 1550, 1361, 1459, 1733, 
2096, 2447, 2680, 2728, 2577, 2271, 1899, 1570, 1382, 1393, 
1596, 1935, 2307, 2669, 2731, 2594, 2296, 1924, 1590, 1390, 
1385, 1577, 1908, 2279, 2583, 2729, 2676, 2440, 2084, 1610, 
1399, 1378, 1558, 1883, 2254, 2566, 2726, 2684, 2460, 2112, 
1747, 1468, 1361, 1459, 1734, 2228, 2548, 2720, 2695, 2481, 
2140, 1771, 1484, 1362, 1447, 1708, 2069, 2426, 2669, 2734, 
2593, 2168, 1796, 1500, 1364, 1433, 1685, 2041, 2403, 2658, 
2734, 2611, 2323, 1951, 1611, 1398, 1380, 1662, 2014, 2381, 
2643, 2734, 2624, 2347, 1979, 1632, 1408, 1372, 1541, 1857, 
2230, 2550, 2719, 2639, 2371, 2003, 1655, 1418, 1368, 1523, 
1827, 2203, 2530, 2711, 2704, 2503, 2168, 1798, 1501, 1366, 
1505, 1806, 2176, 2510, 2707, 2712, 2524, 2195, 1822, 1517, 
1368, 1420, 1662, 2015, 2378, 2700, 2719, 2543, 2219, 1848, 
1534, 1371, 1411, 1641, 1988, 2355, 2630, 2736, 2639, 2371, 
2008, 1551, 1376, 1402, 1619, 1961, 2331, 2616, 2735, 2654, 
2396, 2033, 1679, 1427, 1363, 1505, 1802, 2305, 2599, 2732, 
2667, 2418, 2060, 1700, 1441, 1363, 1489, 1780, 2150, 2491, 
2700, 2719, 2544, 2087, 1724, 1454, 1363, 1473, 1756, 2123, 
2471, 2691, 2724, 2563, 2247, 1874, 1553, 1375, 1400, 1732, 
2096, 2447, 2680, 2728, 2579, 2272, 1900, 1571, 1383, 1391, 
1598, 1934, 2305, 2601, 2732, 2595, 2298, 1926, 1592, 1390, 
1385, 1577, 1909, 2280, 2583, 2731, 2676, 2441, 2086, 1726, 
1454, 1378, 1558, 1883, 2255, 2567, 2727, 2687, 2462, 2114, 
1748, 1470, 1362, 1459, 1732, 2096, 2448, 2721, 2697, 2486, 
2140, 1773, 1485, 1362, 1446, 1708, 2068, 2426, 2670, 2732, 
2595, 2298, 1924, 1499, 1364, 1433, 1684, 2041, 2404, 2659, 
2736, 2611, 2325, 1952, 1613, 1398, 1377, 1559, 1881, 2380, 
2644, 2736, 2627, 2348, 1980, 1633, 1409, 1374, 1539, 1856, 
2231, 2550, 2721, 2697, 2480, 2007, 1655, 1419, 1369, 1522, 
1830, 2203, 2529, 2715, 2705, 2504, 2169, 1798, 1501, 1365, 
1433, 1804, 2175, 2511, 2708, 2713, 2526, 2196, 1823, 1519, 
1368, 1420, 1662, 2014, 2379, 2646, 2735, 2544, 2222, 1848, 
1536, 1371, 1410, 1640, 1987, 2354, 2630, 2736, 2639, 2372, 
2008, 1658, 1419, 1403, 1617, 1959, 2329, 2616, 2736, 2654, 
2396, 2034, 1679, 1428, 1365, 1504, 1804, 2176, 2509, 2735, 
2669, 2421, 2060, 1702, 1442, 1363, 1488, 1779, 2148, 2489, 
2700, 2719, 2544, 2223, 1848, 1456, 1362, 1474, 1755, 2121, 
2469, 2691, 2724, 2561, 2247, 1874, 1553, 1376, 1401, 1617, 
1959, 2447, 2680, 2728, 2580, 2274, 1902, 1571, 1382, 1392, 
1597, 1934, 2304, 2600, 2734, 2668, 2422, 1927, 1592, 1391, 
1387, 1578, 1908, 2279, 2583, 2730, 2678, 2441, 2089, 1726, 
1456, 1363, 1471, 1881, 2255, 2564, 2727, 2687, 2464, 2116, 
1749, 1470, 1362, 1458, 1732, 2095, 2447, 2681, 2731, 2485, 
2143, 1775, 1486, 1363, 1445, 1707, 2067, 2424, 2670, 2734, 
2596, 2300, 1927, 1593, 1388, 1433, 1683, 2040, 2400, 2657, 
2735, 2615, 2324, 1955, 1614, 1399, 1378, 1556, 1880, 2254, 
2567, 2736, 2627, 2348, 1982, 1635, 1408, 1373, 1539, 1855, 
2228, 2548, 2721, 2698, 2484, 2120, 1728, 1375, 1427, 1688, 
2063, 2425, 2672, 2732, 2592, 2279, 1907, 1577, 1385, 1392, 
1592, 1927, 2298, 2667, 2732, 2600, 2304, 1932, 1596, 1392, 
1382, 1572, 1900, 2274, 2580, 2732, 2678, 2446, 2094, 1617, 
1401, 1377, 1553, 1875, 2247, 2560, 2726, 2691, 2468, 2122, 
1755, 1476, 1361, 1455, 1727, 2222, 2544, 2719, 2700, 2489, 
2148, 1780, 1488, 1361, 1441, 1702, 2062, 2422, 2665, 2732, 
2599, 2175, 1803, 1504, 1365, 1429, 1677, 2034, 2397, 2654, 
2736, 2616, 2329, 1962, 1618, 1401, 1376, 1656, 2009, 2373, 
2640, 2736, 2626, 2355, 1987, 1639, 1411, 1372, 1535, 1847, 
2221, 2544, 2719, 2643, 2378, 2014, 1663, 1419, 1366, 1517, 
1822, 2195, 2524, 2712, 2705, 2510, 2175, 1805, 1504, 1364, 
1500, 1798, 2169, 2504, 2706, 2715, 2530, 2201, 1830, 1521, 
1368, 1418, 1657, 2007, 2372, 2697, 2721, 2547, 2228, 1856, 
1540, 1372, 1409, 1635, 1980, 2348, 2627, 2735, 2643, 2377, 
2012, 1558, 1378, 1399, 1613, 1953, 2323, 2611, 2736, 2657, 
2400, 2041, 1685, 1431, 1363, 1499, 1799, 2297, 2595, 2732, 
2671, 2427, 2067, 1706, 1444, 1362, 1486, 1774, 2143, 2484, 
2698, 2721, 2549, 2098, 1733, 1458, 1362, 1469, 1748, 2114, 
2462, 2687, 2726, 2567, 2255, 1880, 1560, 1379, 1399, 1724, 
2087, 2442, 2676, 2732, 2583, 2280, 1907, 1578, 1386, 1390, 
1592, 1926, 2299, 2595, 2732, 2601, 2307, 1935, 1599, 1392, 
1383, 1571, 1900, 2272, 2577, 2729, 2681, 2447, 2096, 1732, 
1459, 1376, 1554, 1874, 2247, 2561, 2723, 2691, 2470, 2122, 
1756, 1475, 1362, 1454, 1726, 2087, 2439, 2719, 2700, 2492, 
2151, 1780, 1489, 1362, 1441, 1701, 2059, 2419, 2665, 2732, 
2600, 2305, 1935, 1504, 1366, 1429, 1678, 2033, 2396, 2653, 
2736, 2617, 2331, 1961, 1618, 1401, 1375, 1551, 1873, 2371, 
2639, 2737, 2631, 2356, 1991, 1644, 1414, 1372, 1534, 1848, 
2220, 2542, 2719, 2700, 2491, 2015, 1663, 1423, 1367, 1518, 
1823, 2193, 2524, 2713, 2707, 2511, 2177, 1804, 1507, 1365, 
1428, 1798, 2168, 2503, 2705, 2715, 2531, 2203, 1833, 1524, 
1367, 1417, 1655, 2003, 2371, 2640, 2736, 2551, 2230, 1858, 
1541, 1373, 1408, 1632, 1979, 2347, 2625, 2736, 2645, 2380, 
2015, 1663, 1422, 1398, 1612, 1951, 2322, 2611, 2736, 2659, 
2404, 2044, 1686, 1433, 1364, 1497, 1796, 2168, 2503, 2735, 
2671, 2428, 2070, 1710, 1447, 1361, 1484, 1772, 2140, 2483, 
2697, 2720, 2551, 2231, 1859, 1460, 1362, 1468, 1747, 2114, 
2460, 2686, 2726, 2568, 2256, 1884, 1559, 1379, 1398, 1612, 
1953, 2441, 2675, 2731, 2585, 2282, 1909, 1580, 1386, 1391, 
1591, 1926, 2297, 2595, 2733, 2671, 2428, 1935, 1599, 1394, 
1383, 1566, 1899, 2272, 2579, 2729, 2681, 2449, 2097, 1735, 
1459, 1362, 1468, 1872, 2244, 2559, 2725, 2691, 2470, 2127, 
1756, 1475, 1363, 1454, 1724, 2087, 2440, 2677, 2732, 2492, 
2152, 1783, 1490, 1364, 1441, 1701, 2059, 2420, 2668, 2735, 
2603, 2308, 1935, 1601, 1394, 1428, 1676, 2033, 2396, 2652, 
2736, 2617, 2332, 1964, 1619, 1402, 1376, 1551, 1872, 2245, 
2559, 2736, 2630, 2357, 1990, 1641, 1411, 1371, 1534, 1847, 
2220, 2543, 2720, 2700, 2493, 2153, 1783, 1423, 1367, 1516, 
1822, 2192, 2524, 2713, 2708, 2512, 2178, 1808, 1508, 1367, 
1428, 1675, 2032, 2504, 2704, 2716, 2530, 2204, 1831, 1523, 
1368, 1417, 1654, 2006, 2370, 2639, 2736, 2630, 2358, 1858, 
1542, 1373, 1408, 1632, 1977, 2345, 2625, 2736, 2646, 2382, 
2016, 1664, 1422, 1367, 1516, 1951, 2321, 2613, 2736, 2659, 
2406, 2046, 1687, 1433, 1364, 1498, 1795, 2167, 2503, 2705, 
2715, 2428, 2071, 1710, 1447, 1363, 1483, 1771, 2139, 2483, 
2695, 2723, 2551, 2230, 2707, 2709, 2515, 2055, 1695, 1438, 
1363, 1492, 1784, 2152, 2493, 2700, 2715, 2538, 2214, 1842, 
1532, 1369, 1412, 1759, 2127, 2472, 2691, 2723, 2556, 2240, 
1867, 1549, 1374, 1401, 1621, 1964, 2335, 2618, 2735, 2574, 
2266, 1894, 1567, 1382, 1395, 1603, 1939, 2310, 2603, 2731, 
2663, 2413, 2054, 1695, 1438, 1385, 1580, 1912, 2284, 2584, 
2729, 2674, 2436, 2080, 1719, 1451, 1361, 1476, 1760, 2127, 
2472, 2727, 2684, 2457, 2110, 1743, 1465, 1360, 1462, 1736, 
2100, 2451, 2680, 2727, 2574, 2267, 1893, 1481, 1362, 1447, 
1712, 2072, 2430, 2670, 2731, 2591, 2293, 1921, 1587, 1388, 
1387, 1580, 1913, 2407, 2659, 2734, 2608, 2317, 1947, 1608, 
1396, 1379, 1561, 1886, 2259, 2569, 2727, 2685, 2459, 1976, 
1630, 1406, 1373, 1543, 1861, 2234, 2552, 2722, 2695, 2480, 
2136, 1768, 1482, 1361, 1447, 1836, 2207, 2534, 2716, 2703, 
2500, 2163, 1794, 1498, 1364, 1436, 1688, 2047, 2407, 2659, 
2734, 2519, 2189, 1817, 1513, 1367, 1423, 1666, 2019, 2383, 
2647, 2737, 2623, 2345, 1976, 1630, 1406, 1413, 1644, 1992, 
2360, 2633, 2735, 2636, 2367, 2001, 1652, 1416, 1369, 1527, 
1835, 2207, 2534, 2736, 2650, 2391, 2029, 1673, 1427, 1366, 
1507, 1810, 2180, 2514, 2710, 2712, 2521, 2190, 1819, 1439, 
1363, 1492, 1785, 2153, 2494, 2702, 2718, 2540, 2216, 1844, 
1532, 1370, 1411, 1644, 1990, 2474, 2691, 2724, 2559, 2244, 
1870, 1550, 1374, 1403, 1621, 1966, 2334, 2619, 2735, 2652, 
2392, 1895, 1568, 1383, 1394, 1602, 1939, 2311, 2604, 2734, 
2665, 2416, 2057, 1697, 1439, 1363, 1491, 1913, 2284, 2586, 
2732, 2675, 2439, 2083, 1721, 1453, 1363, 1478, 1760, 2127, 
2473, 2692, 2726, 2459, 2111, 1744, 1468, 1363, 1462, 1736, 
2100, 2451, 2682, 2729, 2576, 2269, 1896, 1568, 1382, 1447, 
1712, 2072, 2429, 2670, 2732, 2593, 2295, 1922, 1588, 1388, 
1387, 1580, 1912, 2284, 2585, 2733, 2608, 2319, 1948, 1609, 
1397, 1379, 1561, 1886, 2259, 2569, 2727, 2686, 2460, 2111, 
1744, 1407, 1374, 1544, 1860, 2233, 2551, 2723, 2695, 2482, 
2139, 1769, 1482, 1363, 1448, 1712, 2072, 2534, 2716, 2704, 
2503, 2166, 1793, 1497, 1363, 1433, 1688, 2045, 2407, 2660, 
2735, 2611, 2320, 1818, 1513, 1367, 1422, 1665, 2019, 2383, 
2647, 2736, 2623, 2345, 1976, 1632, 1408, 1375, 1543, 1990, 
2359, 2631, 2736, 2636, 2368, 2003, 1654, 1417, 1369, 1525, 
1835, 2206, 2533, 2716, 2704, 2392, 2030, 1676, 1427, 1365, 
1507, 1808, 2179, 2514, 2710, 2712, 2523, 2191, 1819, 1515, 
1366, 1491, 1783, 2152, 2492, 2702, 2719, 2542, 2219, 1845, 
1532, 1370, 1412, 1643, 1991, 2359, 2631, 2723, 2559, 2244, 
1871, 1551, 1376, 1403, 1620, 1965, 2334, 2617, 2736, 2652, 
2392, 2031, 1676, 1383, 1393, 1600, 1936, 2309, 2603, 2734, 
2666, 2416, 2057, 1699, 1439, 1363, 1491, 1783, 2153, 2586, 
2731, 2676, 2439, 2085, 1722, 1452, 1362, 1475, 1758, 2126, 
2473, 2691, 2725, 2559, 2244, 1745, 1467, 1361, 1459, 1735, 
2099, 2450, 2681, 2728, 2577, 2271, 1897, 1569, 1382, 1393, 
1600, 2072, 2428, 2671, 2732, 2594, 2296, 1923, 1590, 1390, 
1385, 1580, 1912, 2284, 2588, 2732, 2677, 2321, 1951, 1611, 
1399, 1379, 1560, 1883, 2257, 2568, 2727, 2687, 2462, 2112, 
1746, 1468, 1362, 1542, 1859, 2232, 2551, 2723, 2695, 2483, 
2139, 1772, 1484, 1363, 1447, 1711, 2072, 2430, 2672, 2705, 
2503, 2167, 1795, 1500, 1365, 1435, 1688, 2045, 2406, 2659, 
2735, 2611, 2320, 1951, 1611, 1366, 1422, 1665, 2017, 2382, 
2646, 2736, 2624, 2347, 1977, 1632, 1407, 1373, 1542, 1859, 
2232, 2631, 2736, 2639, 2370, 1972, 1605, 1387, 1404, 1638, 
1990, 2362, 2638, 2736, 2631, 2322, 1951, 1516, 1368, 1422, 
1665, 2016, 2382, 2646, 2736, 2624, 2346, 1979, 1632, 1407, 
1374, 1542, 1859, 2358, 2631, 2736, 2638, 2370, 2004, 1654, 
1418, 1368, 1523, 1832, 2204, 2532, 2715, 2703, 2503, 2032, 
1676, 1428, 1364, 1507, 1807, 2177, 2511, 2708, 2712, 2523, 
2192, 1820, 1516, 1367, 1421, 1783, 2151, 2491, 2700, 2720, 
2540, 2219, 1847, 1533, 1371, 1412, 1641, 1990, 2358, 2631, 
2736, 2560, 2244, 1872, 1551, 1376, 1403, 1620, 1963, 2334, 
2617, 2736, 2655, 2395, 2032, 1675, 1427, 1393, 1599, 1936, 
2307, 2601, 2732, 2664, 2417, 2059, 1699, 1441, 1363, 1490, 
1783, 2151, 2491, 2731, 2677, 2439, 2086, 1723, 1453, 1361, 
1475, 1757, 2124, 2471, 2691, 2723, 2564, 2246, 1872, 1469, 
1362, 1460, 1735, 2099, 2451, 2682, 2730, 2579, 2272, 1899, 
1571, 1383, 1393, 1600, 1936, 2428, 2671, 2734, 2595, 2299, 
1926, 1591, 1391, 1385, 1579, 1910, 2281, 2584, 2732, 2675, 
2439, 1951, 1611, 1399, 1379, 1559, 1884, 2256, 2568, 2727, 
2687, 2462, 2113, 1747, 1468, 1362, 1462, 1857, 2232, 2549, 
2721, 2696, 2482, 2140, 1773, 1484, 1361, 1447, 1709, 2068, 
2428, 2670, 2732, 2503, 2168, 1797, 1500, 1364, 1433, 1686, 
2046, 2406, 2660, 2734, 2612, 2323, 1952, 1613, 1399, 1422, 
1662, 2016, 2381, 2646, 2736, 2626, 2348, 1980, 1633, 1409, 
1373, 1541, 1857, 2231, 2550, 2736, 2640, 2371, 2007, 1655, 
1417, 1369, 1523, 1832, 2204, 2531, 2715, 2705, 2503, 2168, 
1796, 1427, 1364, 1504, 1806, 2177, 2511, 2708, 2713, 2524, 
2193, 1822, 1516, 1368, 1422, 1663, 2015, 2490, 2702, 2719, 
2544, 2221, 1847, 1533, 1370, 1412, 1641, 1989, 2356, 2631, 
2736, 2639, 2371, 1873, 1552, 1377, 1401, 1619, 1961, 2332, 
2616, 2736, 2652, 2393, 2032, 1678, 1428, 1364, 1505, 1934, 
2308, 2601, 2732, 2666, 2419, 2059, 1700, 1442, 1363, 1491, 
1781, 2148, 2489, 2700, 2719, 2440, 2087, 1726, 1455, 1362, 
1474, 1756, 2124, 2470, 2691, 2723, 2561, 2246, 1871, 1553, 
1376, 1459, 1735, 2096, 2447, 2681, 2728, 2579, 2272, 1900, 
1571, 1383, 1393, 1598, 1935, 2305, 2599, 2732, 2595, 2299, 
1925, 1592, 1391, 1385, 1577, 1908, 2280, 2583, 2731, 2678, 
2442, 2087, 1724, 1400, 1379, 1558, 1880, 2255, 2567, 2726, 
2688, 2463, 2115, 1749, 1470, 1363, 1460, 1733, 2096, 2549, 
2723, 2695, 2483, 2141, 1773, 1487, 1363, 1446, 1710, 2068, 
2428, 2669, 2733, 2596, 2300, 1798, 1501, 1365, 1433, 1684, 
2042, 2403, 2657, 2735, 2611, 2323, 1953, 1614, 1399, 1379, 
1558, 2015, 2380, 2643, 2736, 2627, 2349, 1982, 1633, 1409, 
1375, 1540, 1856, 2235, 2550, 2721, 2696, 2372, 2007, 1656, 
1419, 1368, 1523, 1831, 2204, 2531, 2715, 2705, 2504, 2169, 
1798, 1500, 1364, 1503, 1804, 2175, 2510, 2708, 2713, 2524, 
2195, 1822, 1516, 1367, 1420, 1661, 2014, 2379, 2644, 2719, 
2544, 2221, 1848, 1536, 1372, 1411, 1641, 1988, 2355, 2630, 
2734, 2640, 2375, 2004, 1656, 1376, 1402, 1618, 1960, 2331, 
2617, 2736, 2655, 2395, 2034, 1678, 1428, 1363, 1503, 1806, 
2175, 2599, 2732, 2667, 2420, 2060, 1702, 1442, 1363, 1488, 
1780, 2148, 2488, 2699, 2719, 2544, 2221, 1726, 1456, 1361, 
1474, 1755, 2122, 2469, 2691, 2726, 2563, 2247, 1875, 1554, 
1378, 1401, 1616, 2094, 2447, 2680, 2731, 2579, 2275, 1903, 
1571, 1384, 1392, 1599, 1934, 2305, 2600, 2734, 2667, 2300, 
1927, 1593, 1392, 1385, 1580, 1908, 2280, 2584, 2732, 2680, 
2444, 2088, 1727, 1457, 1363, 1557, 1881, 2255, 2566, 2726, 
2687, 2463, 2116, 1748, 1470, 1362, 1459, 1732, 2096, 2447, 
2680, 2697, 2485, 2142, 2726, 2676, 2443, 2092, 1731, 1456, 
1358, 1469, 1748, 2114, 2462, 2686, 2724, 2467, 2119, 1752, 
1471, 1361, 1454, 1726, 2087, 2440, 2675, 2728, 2581, 2277, 
1905, 1576, 1384, 1441, 1702, 2061, 2419, 2665, 2734, 2598, 
2303, 1931, 1596, 1392, 1383, 1572, 1900, 2272, 2577, 2735, 
2614, 2328, 1957, 1616, 1399, 1376, 1552, 1873, 2246, 2559, 
2723, 2688, 2467, 2120, 1755, 1411, 1372, 1536, 1848, 2222, 
2544, 2719, 2698, 2489, 2147, 1779, 1488, 1361, 1441, 1702, 
2060, 2524, 2712, 2706, 2507, 2174, 1804, 1503, 1364, 1429, 
1677, 2032, 2399, 2652, 2736, 2616, 2328, 1828, 1520, 1367, 
1417, 1656, 2006, 2372, 2638, 2736, 2630, 2355, 1987, 1640, 
1410, 1371, 1535, 1980, 2348, 2625, 2735, 2643, 2379, 2013, 
1662, 1422, 1367, 1518, 1823, 2195, 2524, 2712, 2707, 2402, 
2040, 1684, 1432, 1364, 1499, 1798, 2168, 2503, 2705, 2713, 
2529, 2201, 1829, 1521, 1368, 1484, 1773, 2141, 2484, 2697, 
2721, 2548, 2230, 1855, 1541, 1375, 1409, 1632, 1980, 2348, 
2626, 2727, 2566, 2254, 1881, 1558, 1378, 1399, 1613, 1953, 
2323, 2611, 2736, 2659, 2402, 2041, 1683, 1385, 1389, 1592, 
1927, 2297, 2595, 2732, 2668, 2424, 2067, 1707, 1446, 1361, 
1483, 1774, 2143, 2579, 2729, 2680, 2447, 2095, 1731, 1459, 
1361, 1469, 1750, 2114, 2463, 2686, 2726, 2567, 2255, 1755, 
1473, 1362, 1456, 1728, 2088, 2440, 2680, 2731, 2584, 2279, 
1907, 1576, 1385, 1390, 1592, 2063, 2418, 2665, 2734, 2600, 
2304, 1933, 1598, 1393, 1383, 1571, 1900, 2273, 2579, 2728, 
2681, 2329, 1960, 1618, 1400, 1378, 1553, 1874, 2247, 2561, 
2725, 2689, 2470, 2121, 1757, 1473, 1361, 1536, 1849, 2221, 
2544, 2718, 2700, 2492, 2150, 1780, 1489, 1363, 1440, 1700, 
2060, 2419, 2664, 2707, 2507, 2176, 1804, 1505, 1364, 1428, 
1678, 2032, 2395, 2654, 2735, 2616, 2331, 1961, 1619, 1367, 
1419, 1655, 2006, 2372, 2640, 2737, 2630, 2357, 1989, 1640, 
1411, 1371, 1534, 1849, 2220, 2626, 2736, 2644, 2379, 2015, 
1663, 1422, 1368, 1516, 1822, 2194, 2524, 2711, 2705, 2511, 
2176, 1684, 1433, 1366, 1499, 1798, 2167, 2503, 2705, 2715, 
2529, 2203, 1831, 1522, 1369, 1419, 1656, 2142, 2483, 2696, 
2721, 2549, 2230, 1855, 1540, 1373, 1408, 1633, 1979, 2348, 
2625, 2736, 2643, 2255, 1881, 1558, 1378, 1399, 1611, 1951, 
2323, 2611, 2736, 2657, 2404, 2042, 1685, 1433, 1363, 1592, 
1926, 2298, 2595, 2731, 2670, 2428, 2068, 1708, 1446, 1361, 
1485, 1773, 2141, 2485, 2696, 2680, 2448, 2096, 1732, 1459, 
1361, 1469, 1747, 2113, 2463, 2687, 2727, 2566, 2255, 1881, 
1559, 1361, 1454, 1724, 2085, 2441, 2676, 2732, 2584, 2281, 
1910, 1579, 1385, 1390, 1592, 1925, 2297, 2666, 2735, 2601, 
2307, 1935, 1599, 1393, 1383, 1571, 1900, 2272, 2576, 2732, 
2681, 2451, 2097, 1619, 1401, 1378, 1553, 1873, 2246, 2559, 
2724, 2691, 2471, 2123, 1755, 1474, 1361, 1454, 1726, 2220, 
2543, 2720, 2700, 2491, 2151, 1782, 1491, 1362, 1440, 1701, 
2059, 2419, 2667, 2736, 2602, 2178, 1807, 1506, 1365, 1428, 
1677, 2032, 2395, 2655, 2737, 2616, 2332, 1963, 1619, 1402, 
1376, 1656, 2005, 2372, 2639, 2736, 2631, 2360, 1991, 1640, 
1412, 1371, 1535, 1847, 2220, 2541, 2719, 2646, 2380, 2015, 
1663, 1422, 1368, 1515, 1823, 2193, 2524, 2713, 2708, 2511, 
2177, 1807, 1507, 1364, 1498, 1796, 2167, 2502, 2705, 2716, 
2531, 2204, 1831, 1523, 1368, 1418, 1656, 2007, 2371, 2696, 
2721, 2551, 2232, 1859, 1542, 1373, 1408, 1632, 1978, 2347, 
2624, 2737, 2647, 2380, 2015, 1559, 1379, 1397, 1611, 1951, 
2323, 2611, 2736, 2655, 2404, 2016, 1635, 1398, 1394, 1619, 
1967, 2462, 2688, 2727, 2560, 2232, 1858, 1542, 1373, 1407, 
1632, 1979, 2347, 2627, 2737, 2646, 2381, 1884, 1559, 1377, 
1397, 1612, 1951, 2323, 2612, 2736, 2659, 2403, 2044, 1686, 
1433, 1364, 1497, 1926, 2296, 2594, 2732, 2670, 2427, 2071, 
1711, 1446, 1363, 1483, 1771, 2140, 2484, 2696, 2723, 2450, 
2099, 1734, 1461, 1363, 1468, 1748, 2113, 2461, 2687, 2727, 
2568, 2257, 1884, 1559, 1379, 1456, 1722, 2084, 2439, 2676, 
2732, 2585, 2283, 1910, 1579, 1388, 1391, 1590, 1924, 2296, 
2595, 2734, 2601, 2307, 1936, 1600, 1392, 1381, 1569, 1898, 
2270, 2576, 2729, 2680, 2451, 2097, 1735, 1401, 1376, 1551, 
1871, 2244, 2559, 2724, 2691, 2471, 2126, 1756, 1475, 1362, 
1452, 1724, 2085, 2543, 2719, 2700, 2492, 2151, 1784, 1491, 
1363, 1440, 1701, 2059, 2416, 2663, 2734, 2601, 2308, 1807, 
1510, 1367, 1428, 1677, 2032, 2394, 2652, 2736, 2617, 2332, 
1964, 1620, 1402, 1376, 1552, 2003, 2369, 2639, 2736, 2631, 
2356, 1991, 1643, 1413, 1370, 1534, 1846, 2219, 2543, 2719, 
2700, 2380, 2017, 1664, 1425, 1366, 1515, 1820, 2192, 2523, 
2712, 2707, 2512, 2178, 1808, 1507, 1368, 1498, 1795, 2166, 
2501, 2703, 2716, 2533, 2204, 1832, 1524, 1368, 1417, 1654, 
2003, 2370, 2639, 2723, 2550, 2231, 1858, 1542, 1374, 1408, 
1631, 1979, 2345, 2625, 2736, 2647, 2383, 2017, 1663, 1376, 
1396, 1611, 1950, 2321, 2612, 2736, 2660, 2406, 2045, 1686, 
1433, 1364, 1498, 1795, 2166, 2593, 2734, 2672, 2428, 2071, 
1712, 1447, 1362, 1484, 1768, 2139, 2483, 2695, 2723, 2552, 
2232, 1735, 1460, 1361, 1467, 1747, 2111, 2460, 2687, 2727, 
2568, 2259, 1886, 1561, 1379, 1397, 1611, 2083, 2439, 2677, 
2732, 2585, 2286, 1913, 1583, 1388, 1387, 1590, 1925, 2296, 
2595, 2734, 2672, 2309, 1938, 1601, 1394, 1383, 1568, 1897, 
2271, 2576, 2729, 2682, 2451, 2099, 1735, 1461, 1363, 1552, 
1870, 2244, 2559, 2724, 2693, 2473, 2127, 1758, 1475, 1361, 
1454, 1722, 2083, 2438, 2675, 2701, 2495, 2152, 1784, 1491, 
1363, 1440, 1698, 2057, 2417, 2665, 2736, 2603, 2310, 1939, 
1602, 1366, 1426, 1675, 2031, 2392, 2652, 2736, 2619, 2335, 
1966, 1621, 1403, 1377, 1550, 1871, 2243, 2639, 2736, 2633, 
2359, 1992, 1644, 1414, 1370, 1532, 1845, 2216, 2542, 2719, 
2701, 2494, 2155, 1667, 1423, 1367, 1514, 1820, 2191, 2521, 
2712, 2708, 2515, 2180, 1809, 1508, 1367, 1428, 1675, 2164, 
2502, 2704, 2715, 2531, 2207, 1835, 1525, 1368, 1417, 1654, 
2002, 2369, 2639, 2736, 2632, 2232, 1859, 1542, 1374, 1406, 
1630, 1976, 2344, 2623, 2737, 2646, 2382, 2019, 1666, 1421, 
1367, 1609, 1949, 2320, 2610, 2733, 2660, 2407, 2046, 1689, 
1435, 1366, 1497, 1795, 2165, 2500, 2704, 2672, 2431, 2073, 
1712, 1448, 1363, 1483, 1770, 2137, 2482, 2694, 2723, 2552, 
2233, 1860, 1544, 1363, 1468, 1744, 2110, 2460, 2686, 2728, 
2568, 2259, 1886, 1561, 1379, 1396, 1610, 1948, 2320, 2675, 
2732, 2586, 2285, 1913, 1582, 1388, 1390, 1591, 1922, 2294, 
2594, 2733, 2671, 2432, 2072, 1602, 1395, 1382, 1568, 1896, 
2268, 2575, 2728, 2682, 2451, 2099, 1735, 1461, 1363, 1467, 
1742, 2243, 2559, 2723, 2692, 2473, 2126, 1759, 1475, 1362, 
1451, 1720, 2081, 2438, 2674, 2732, 2587, 2154, 1784, 1492, 
1364, 1439, 1696, 2055, 2415, 2664, 2734, 2603, 2310, 1939, 
1602, 1394, 1381, 1673, 2028, 2392, 2652, 2735, 2620, 2335, 
1966, 1622, 1404, 1375, 1551, 1872, 2241, 2559, 2723, 2633, 
2360, 1993, 1644, 1413, 1371, 1532, 1844, 2217, 2540, 2718, 
2702, 2496, 2155, 1786, 1494, 1368, 1513, 1819, 2190, 2520, 
2712, 2708, 2515, 2180, 2400, 2039, 1683, 1431, 1363, 1497, 
1796, 2296, 2591, 2729, 2667, 2424, 2066, 1707, 1444, 1363, 
1482, 1776, 2137, 2481, 2694, 2719, 2547, 2094, 1731, 1458, 
1360, 1468, 1745, 2113, 2460, 2685, 2724, 2564, 2252, 1880, 
1555, 1378, 1397, 1724, 2086, 2439, 2675, 2727, 2582, 2278, 
1907, 1576, 1384, 1389, 1592, 1924, 2294, 2592, 2730, 2596, 
2303, 1934, 1597, 1392, 1382, 1572, 1899, 2272, 2576, 2726, 
2679, 2447, 2094, 1731, 1458, 1377, 1552, 1872, 2244, 2559, 
2723, 2688, 2469, 2121, 1754, 1473, 1361, 1454, 1725, 2084, 
2440, 2718, 2699, 2490, 2148, 1780, 1490, 1363, 1441, 1700, 
2059, 2417, 2664, 2732, 2600, 2306, 1935, 1505, 1364, 1428, 
1676, 2032, 2395, 2652, 2735, 2616, 2331, 1959, 1617, 1401, 
1376, 1551, 1872, 2371, 2638, 2736, 2631, 2355, 1988, 1640, 
1411, 1371, 1536, 1847, 2222, 2544, 2719, 2700, 2491, 2014, 
1662, 1423, 1367, 1515, 1823, 2194, 2523, 2712, 2707, 2510, 
2176, 1806, 1504, 1365, 1429, 1796, 2167, 2502, 2704, 2713, 
2530, 2203, 1831, 1523, 1368, 1417, 1656, 2004, 2371, 2639, 
2736, 2548, 2229, 1857, 1541, 1372, 1408, 1633, 1977, 2347, 
2624, 2735, 2646, 2379, 2015, 1663, 1423, 1397, 1612, 1951, 
2321, 2611, 2735, 2659, 2403, 2044, 1685, 1432, 1363, 1498, 
1798, 2166, 2502, 2732, 2671, 2426, 2068, 1708, 1443, 1361, 
1484, 1771, 2139, 2483, 2695, 2720, 2548, 2230, 1856, 1459, 
1359, 1467, 1747, 2112, 2461, 2686, 2726, 2567, 2255, 1883, 
1559, 1380, 1398, 1611, 1951, 2439, 2677, 2729, 2584, 2281, 
1911, 1578, 1386, 1391, 1591, 1926, 2296, 2595, 2732, 2670, 
2427, 1935, 1599, 1393, 1383, 1570, 1899, 2272, 2577, 2728, 
2680, 2449, 2095, 1732, 1458, 1362, 1468, 1870, 2246, 2560, 
2725, 2691, 2471, 2123, 1758, 1474, 1361, 1455, 1725, 2086, 
2439, 2677, 2731, 2492, 2151, 1782, 1490, 1363, 1439, 1699, 
2058, 2419, 2665, 2735, 2601, 2309, 1936, 1603, 1393, 1429, 
1676, 2032, 2396, 2655, 2736, 2617, 2332, 1964, 1619, 1401, 
1378, 1551, 1872, 2244, 2560, 2736, 2631, 2358, 1989, 1641, 
1410, 1369, 1534, 1847, 2220, 2542, 2719, 2700, 2492, 2151, 
1781, 1423, 1366, 1515, 1822, 2193, 2524, 2712, 2707, 2512, 
2178, 1807, 1507, 1366, 1428, 1676, 2031, 2503, 2705, 2715, 
2531, 2206, 1832, 1523, 1368, 1417, 1653, 2004, 2371, 2639, 
2736, 2631, 2357, 1859, 1540, 1372, 1407, 1631, 1976, 2346, 
2625, 2736, 2645, 2380, 2016, 1664, 1422, 1367, 1516, 1951, 
2321, 2610, 2736, 2659, 2405, 2044, 1687, 1434, 1364, 1497, 
1796, 2166, 2502, 2704, 2715, 2428, 2072, 1711, 1446, 1362, 
1483, 1772, 2140, 2481, 2696, 2723, 2550, 2231, 1857, 1542, 
1374, 1468, 1746, 2111, 2461, 2687, 2727, 2568, 2257, 1883, 
1559, 1379, 1398, 1612, 1951, 2321, 2611, 2731, 2584, 2280, 
1911, 1581, 1384, 1389, 1591, 1927, 2296, 2594, 2732, 2671, 
2428, 2071, 1708, 1392, 1383, 1569, 1898, 2271, 2577, 2729, 
2683, 2451, 2099, 1735, 1461, 1362, 1468, 1747, 2112, 2560, 
2724, 2691, 2471, 2124, 1760, 1474, 1362, 1454, 1724, 2084, 
2435, 2677, 2731, 2584, 2283, 1783, 1489, 1362, 1439, 1699, 
2057, 2417, 2665, 2735, 2603, 2308, 1936, 1600, 1393, 1381, 
1570, 2030, 2395, 2653, 2737, 2618, 2333, 1962, 1622, 1402, 
1376, 1551, 1871, 2243, 2559, 2724, 2691, 2358, 1991, 1643, 
1412, 1369, 1533, 1846, 2219, 2543, 2719, 2703, 2494, 2151, 
1784, 1491, 1363, 1513, 1820, 2192, 2523, 2712, 2708, 2515, 
2179, 1809, 1507, 1366, 1427, 1676, 2030, 2394, 2654, 2716, 
2532, 2206, 1833, 1524, 1368, 1416, 1654, 2003, 2371, 2639, 
2737, 2631, 2359, 1953, 1592, 1361, 1500, 1810, 2198, 2527, 
2713, 2707, 2496, 2155, 1784, 1492, 1363, 1440, 1699, 2058, 
2417, 2712, 2710, 2512, 2180, 1808, 1508, 1367, 1427, 1676, 
2031, 2395, 2652, 2736, 2618, 2334, 1965, 1524, 1368, 1418, 
1652, 2003, 2369, 2639, 2736, 2633, 2360, 1992, 1643, 1412, 
1370, 1533, 1845, 2345, 2624, 2736, 2647, 2383, 2018, 1665, 
1423, 1365, 1515, 1820, 2191, 2521, 2711, 2708, 2513, 2046, 
1688, 1432, 1364, 1497, 1795, 2164, 2502, 2705, 2716, 2535, 
2207, 1833, 1526, 1371, 1417, 1770, 2137, 2481, 2696, 2721, 
2552, 2232, 1860, 1542, 1372, 1407, 1630, 1976, 2345, 2623, 
2737, 2568, 2259, 1886, 1560, 1382, 1398, 1610, 1950, 2319, 
2611, 2736, 2660, 2406, 2046, 1688, 1434, 1390, 1591, 1923, 
2295, 2592, 2732, 2672, 2429, 2072, 1712, 1447, 1362, 1483, 
1769, 2136, 2481, 2729, 2681, 2448, 2098, 1736, 1462, 1363, 
1468, 1745, 2110, 2459, 2686, 2724, 2568, 2260, 1884, 1475, 
1361, 1452, 1723, 2083, 2439, 2675, 2731, 2586, 2284, 1912, 
1581, 1387, 1389, 1586, 1923, 2416, 2663, 2734, 2602, 2310, 
1938, 1603, 1394, 1381, 1568, 1897, 2268, 2576, 2728, 2682, 
2451, 1966, 1622, 1403, 1376, 1551, 1870, 2243, 2559, 2724, 
2692, 2473, 2127, 1760, 1476, 1362, 1453, 1846, 2219, 2542, 
2719, 2702, 2495, 2155, 1784, 1492, 1363, 1440, 1698, 2056, 
2415, 2665, 2736, 2515, 2182, 1809, 1508, 1366, 1427, 1672, 
2028, 2393, 2652, 2736, 2619, 2334, 1966, 1623, 1403, 1416, 
1651, 2002, 2368, 2639, 2736, 2632, 2360, 1992, 1644, 1414, 
1371, 1532, 1845, 2217, 2540, 2736, 2648, 2383, 2017, 1665, 
1423, 1367, 1513, 1820, 2190, 2520, 2712, 2710, 2515, 2181, 
1808, 1436, 1364, 1497, 1795, 2165, 2500, 2704, 2716, 2534, 
2206, 1834, 1524, 1368, 1416, 1652, 2001, 2481, 2695, 2723, 
2552, 2235, 1862, 1544, 1375, 1407, 1629, 1976, 2345, 2623, 
2737, 2648, 2383, 1887, 1564, 1380, 1398, 1609, 1949, 2319, 
2608, 2736, 2662, 2406, 2047, 1689, 1435, 1363, 1497, 1923, 
2295, 2591, 2732, 2672, 2431, 2072, 1712, 1447, 1363, 1483, 
1767, 2136, 2480, 2695, 2723, 2452, 2100, 1736, 1462, 1361, 
1465, 1744, 2107, 2459, 2686, 2727, 2572, 2259, 1888, 1563, 
1382, 1452, 1721, 2082, 2439, 2676, 2733, 2588, 2287, 1915, 
1584, 1387, 1388, 1587, 1921, 2293, 2591, 2734, 2603, 2310, 
1939, 1600, 1396, 1380, 1564, 1895, 2268, 2575, 2728, 2682, 
2453, 2100, 1738, 1403, 1376, 1549, 1868, 2242, 2558, 2722, 
2692, 2474, 2127, 1761, 1476, 1361, 1452, 1720, 2079, 2540, 
2719, 2703, 2494, 2153, 1787, 1493, 1363, 1439, 1696, 2055, 
2415, 2662, 2735, 2606, 2311, 1810, 1509, 1366, 1426, 1673, 
2028, 2391, 2649, 2737, 2620, 2335, 1967, 1623, 1404, 1375, 
1549, 2000, 2368, 2637, 2735, 2633, 2360, 1995, 1644, 1411, 
1370, 1534, 1843, 2215, 2540, 2719, 2702, 2385, 2022, 1669, 
1425, 1366, 1511, 1817, 2191, 2521, 2712, 2708, 2516, 2182, 
1811, 1509, 1366, 1495, 1793, 2163, 2499, 2703, 2716, 2536, 
2208, 1835, 1526, 1369, 1416, 1651, 2001, 2367, 2638, 2723, 
2552, 2233, 1863, 1543, 1372, 1403, 1628, 1976, 2343, 2625, 
2736, 2649, 2384, 2021, 1667, 1380, 1397, 1608, 1948, 2318, 
2608, 2735, 2659, 2407, 2049, 1691, 1436, 1365, 1496, 1792, 
2161, 2591, 2732, 2672, 2432, 2075, 1713, 1448, 1362, 1482, 
1768, 2135, 2478, 2696, 2723, 2552, 2235, 1737, 1462, 1362, 
1467, 1743, 2108, 2459, 2686, 2728, 2571, 2263, 1889, 1563, 
1380, 1396, 1607, 2081, 2435, 2675, 2732, 2588, 2287, 1915, 
1583, 1387, 1389, 1586, 1919, 2293, 2592, 2731, 2672, 2310, 
1940, 1604, 1395, 1380, 1567, 1894, 2268, 2575, 2729, 2683, 
2452, 2604, 2734, 2662, 2412, 1918, 1584, 1387, 1385, 1583, 
1914, 2286, 2586, 2729, 2673, 2435, 2079, 1718, 1452, 1359, 
1478, 1887, 2259, 2569, 2725, 2683, 2455, 2105, 1742, 1464, 
1360, 1461, 1738, 2100, 2451, 2680, 2727, 2480, 2132, 1766, 
1480, 1361, 1447, 1711, 2072, 2428, 2671, 2732, 2591, 2294, 
1920, 1587, 1387, 1435, 1689, 2047, 2407, 2659, 2732, 2606, 
2316, 1944, 1607, 1395, 1379, 1563, 1887, 2259, 2572, 2735, 
2623, 2342, 1973, 1629, 1408, 1374, 1544, 1860, 2232, 2553, 
2721, 2694, 2478, 2134, 1767, 1415, 1368, 1525, 1838, 2208, 
2534, 2717, 2704, 2499, 2162, 1794, 1496, 1363, 1435, 1689, 
2048, 2514, 2709, 2710, 2520, 2187, 1814, 1512, 1367, 1423, 
1666, 2019, 2387, 2648, 2736, 2625, 2343, 1843, 1530, 1371, 
1415, 1646, 1993, 2361, 2634, 2736, 2638, 2367, 2000, 1651, 
1416, 1369, 1526, 1965, 2335, 2619, 2736, 2651, 2390, 2027, 
1673, 1427, 1366, 1508, 1810, 2183, 2515, 2711, 2711, 2415, 
2055, 1695, 1439, 1363, 1491, 1787, 2154, 2495, 2702, 2718, 
2539, 2215, 1843, 1532, 1370, 1478, 1761, 2128, 2476, 2693, 
2726, 2559, 2241, 1868, 1549, 1374, 1404, 1623, 1967, 2336, 
2620, 2727, 2575, 2267, 1894, 1568, 1381, 1395, 1601, 1939, 
2311, 2604, 2735, 2663, 2415, 2055, 1696, 1388, 1387, 1582, 
1915, 2286, 2588, 2731, 2675, 2438, 2083, 1720, 1452, 1362, 
1478, 1760, 2127, 2571, 2728, 2685, 2460, 2108, 1742, 1466, 
1362, 1462, 1737, 2102, 2452, 2683, 2729, 2575, 2267, 1767, 
1481, 1362, 1447, 1713, 2075, 2431, 2672, 2732, 2591, 2294, 
1920, 1588, 1387, 1386, 1582, 2047, 2408, 2660, 2734, 2608, 
2317, 1947, 1608, 1397, 1379, 1562, 1887, 2260, 2571, 2726, 
2686, 2343, 1976, 1629, 1406, 1374, 1544, 1861, 2236, 2553, 
2722, 2694, 2480, 2135, 1767, 1484, 1363, 1527, 1835, 2208, 
2535, 2716, 2705, 2502, 2163, 1792, 1497, 1364, 1435, 1689, 
2048, 2409, 2660, 2711, 2520, 2188, 1816, 1515, 1367, 1424, 
1666, 2019, 2385, 2648, 2737, 2622, 2344, 1975, 1628, 1370, 
1412, 1644, 1992, 2360, 2632, 2736, 2640, 2364, 2003, 1653, 
1416, 1369, 1526, 1835, 2207, 2620, 2737, 2652, 2391, 2029, 
1673, 1427, 1366, 1508, 1810, 2179, 2513, 2709, 2712, 2521, 
2188, 1696, 1439, 1363, 1490, 1784, 2154, 2496, 2701, 2719, 
2542, 2217, 1843, 1532, 1379, 1412, 1644, 2126, 2475, 2693, 
2724, 2559, 2243, 1871, 1550, 1376, 1404, 1622, 1967, 2336, 
2619, 2739, 2652, 2273, 1896, 1569, 1382, 1392, 1601, 1939, 
2309, 2604, 2735, 2663, 2415, 2055, 1696, 1440, 1363, 1581, 
1912, 2284, 2586, 2728, 2675, 2438, 2083, 1720, 1452, 1361, 
1476, 1759, 2123, 2473, 2694, 2686, 2458, 2109, 1744, 1467, 
1360, 1460, 1737, 2101, 2452, 2682, 2729, 2575, 2268, 1895, 
1568, 1362, 1447, 1712, 2073, 2430, 2672, 2734, 2592, 2295, 
1922, 1589, 1390, 1387, 1580, 1913, 2284, 2659, 2732, 2610, 
2319, 1947, 1608, 1397, 1380, 1562, 1886, 2259, 2569, 2727, 
2686, 2460, 2109, 1630, 1407, 1374, 1543, 1860, 2233, 2553, 
2722, 2695, 2481, 2137, 1768, 1483, 1363, 1444, 1713, 2207, 
2535, 2715, 2704, 2502, 2166, 1795, 1498, 1366, 1436, 1688, 
2047, 2406, 2660, 2735, 2609, 2190, 1819, 1516, 1367, 1422, 
1665, 2017, 2383, 2646, 2736, 2623, 2344, 1978, 1630, 1406, 
1374, 1642, 1991, 2359, 2632, 2736, 2640, 2369, 2003, 1652, 
1417, 1369, 1523, 1836, 2206, 2534, 2718, 2652, 2392, 2030, 
1676, 1428, 1367, 1507, 1809, 2182, 2513, 2707, 2712, 2522, 
2190, 1820, 1515, 1363, 1491, 1784, 2152, 2493, 2701, 2719, 
2543, 2216, 1844, 1533, 1372, 1414, 1643, 1991, 2360, 2692, 
2724, 2559, 2229, 1823, 1498, 1363, 1523, 1840, 2223, 2548, 
2722, 2694, 2460, 2111, 1746, 1408, 1374, 1543, 1861, 2232, 
2552, 2721, 2693, 2481, 2136, 1769, 1483, 1363, 1448, 1712, 
2072, 2531, 2715, 2704, 2502, 2164, 1795, 1499, 1365, 1433, 
1689, 2046, 2407, 2659, 2735, 2609, 2319, 1820, 1516, 1368, 
1422, 1665, 2019, 2382, 2646, 2736, 2629, 2345, 1976, 1631, 
1411, 1375, 1543, 1991, 2360, 2632, 2736, 2638, 2369, 2003, 
1652, 1417, 1369, 1523, 1833, 2206, 2532, 2716, 2704, 2393, 
2029, 1676, 1428, 1366, 1504, 1808, 2180, 2513, 2708, 2711, 
2521, 2191, 1820, 1516, 1366, 1490, 1784, 2151, 2492, 2700, 
2720, 2541, 2217, 1846, 1534, 1372, 1415, 1642, 1989, 2359, 
2631, 2723, 2560, 2243, 1871, 1550, 1375, 1404, 1620, 1963, 
2332, 2617, 2734, 2652, 2392, 2031, 1675, 1382, 1394, 1599, 
1937, 2307, 2603, 2732, 2665, 2416, 2056, 1699, 1440, 1362, 
1491, 1786, 2151, 2588, 2731, 2675, 2439, 2084, 1723, 1454, 
1363, 1476, 1759, 2126, 2471, 2691, 2724, 2561, 2244, 1747, 
1469, 1363, 1463, 1734, 2099, 2450, 2680, 2728, 2577, 2271, 
1897, 1569, 1382, 1393, 1599, 2070, 2428, 2671, 2732, 2593, 
2296, 1923, 1590, 1390, 1385, 1580, 1911, 2283, 2587, 2732, 
2678, 2321, 1951, 1609, 1399, 1380, 1559, 1886, 2256, 2568, 
2726, 2687, 2459, 2113, 1746, 1468, 1363, 1543, 1859, 2232, 
2550, 2721, 2696, 2483, 2139, 1771, 1483, 1362, 1446, 1715, 
2071, 2427, 2670, 2704, 2503, 2166, 1796, 1501, 1364, 1434, 
1686, 2044, 2406, 2659, 2735, 2611, 2321, 1951, 1612, 1367, 
1423, 1665, 2017, 2382, 2646, 2738, 2625, 2350, 1978, 1632, 
1409, 1374, 1542, 1858, 2234, 2632, 2736, 2640, 2371, 2004, 
1655, 1417, 1368, 1520, 1831, 2205, 2532, 2716, 2705, 2503, 
2167, 1676, 1428, 1365, 1504, 1807, 2177, 2512, 2709, 2713, 
2524, 2191, 1820, 1518, 1367, 1423, 1664, 2151, 2491, 2699, 
2718, 2544, 2220, 1847, 1534, 1373, 1412, 1641, 1990, 2358, 
2632, 2736, 2639, 2246, 1872, 1554, 1376, 1403, 1619, 1962, 
2332, 2617, 2735, 2654, 2395, 2033, 1676, 1429, 1364, 1599, 
1936, 2307, 2601, 2735, 2667, 2419, 2059, 1698, 1439, 1361, 
1492, 1782, 2151, 2489, 2700, 2678, 2441, 2086, 1723, 1455, 
1360, 1475, 1757, 2124, 2473, 2691, 2725, 2560, 2247, 1875, 
1552, 1362, 1460, 1734, 2097, 2449, 2681, 2729, 2577, 2272, 
1899, 1568, 1382, 1394, 1599, 1936, 2307, 2671, 2729, 2595, 
2299, 1925, 1591, 1390, 1386, 1578, 1911, 2281, 2585, 2731, 
2678, 2442, 2087, 1611, 1399, 1379, 1560, 1883, 2256, 2567, 
2727, 2689, 2463, 2114, 1744, 1467, 1362, 1459, 1733, 2231, 
2551, 2721, 2697, 2484, 2140, 1772, 1485, 1363, 1446, 1709, 
2069, 2427, 2672, 2733, 2593, 2168, 1796, 1498, 1365, 1433, 
1684, 2044, 2405, 2659, 2737, 2612, 2319, 1951, 1612, 1397, 
1377, 1663, 2016, 2380, 2646, 2736, 2627, 2348, 1980, 1632, 
1408, 1374, 1542, 1857, 2230, 2551, 2721, 2639, 2371, 2006, 
1653, 1417, 1371, 1523, 1831, 2204, 2531, 2715, 2705, 2503, 
2167, 1799, 1497, 1365, 1504, 1807, 2176, 2511, 2708, 2713, 
2524, 2195, 1822, 1517, 1367, 1421, 1664, 2016, 2379, 2700, 
2719, 2545, 2220, 1847, 1535, 1372, 1411, 1643, 1990, 2357, 
2631, 2736, 2639, 2372, 2007, 1552, 1377, 1403, 1619, 1962, 
2332, 2617, 2736, 2653, 2396, 2033, 1679, 1429, 1366, 1504, 
1807, 2306, 2600, 2736, 2667, 2419, 2060, 1700, 1440, 1363, 
1489, 1783, 2150, 2489, 2700, 2719, 2544, 2087, 1725, 1454, 
1361, 1474, 1755, 2123, 2472, 2691, 2724, 2560, 2246, 1875, 
1554, 1377, 1402, 1733, 2096, 2448, 2680, 2728, 2577, 2273, 
1900, 1571, 1384, 1393, 1599, 1935, 2305, 2603, 2735, 2595, 
2299, 2684, 2724, 2565, 2255, 1881, 1558, 1377, 1396, 1608, 
1949, 2319, 2608, 2733, 2659, 2283, 1911, 1579, 1384, 1388, 
1589, 1924, 2296, 2594, 2729, 2671, 2428, 2072, 1709, 1448, 
1362, 1569, 1897, 2270, 2575, 2727, 2679, 2450, 2097, 1734, 
1460, 1360, 1467, 1745, 2111, 2460, 2684, 2691, 2470, 2123, 
1758, 1475, 1362, 1451, 1722, 2083, 2437, 2675, 2731, 2584, 
2283, 1912, 1580, 1363, 1439, 1699, 2058, 2415, 2663, 2732, 
2602, 2308, 1937, 1599, 1395, 1380, 1570, 1897, 2270, 2650, 
2736, 2615, 2334, 1964, 1619, 1402, 1376, 1550, 1870, 2243, 
2560, 2723, 2691, 2471, 2124, 1641, 1412, 1370, 1532, 1845, 
2217, 2540, 2717, 2699, 2493, 2151, 1783, 1491, 1363, 1439, 
1701, 2191, 2520, 2712, 2708, 2511, 2179, 1808, 1507, 1366, 
1427, 1675, 2030, 2392, 2652, 2736, 2619, 2204, 1835, 1526, 
1369, 1417, 1654, 2002, 2368, 2639, 2736, 2631, 2358, 1992, 
1641, 1411, 1371, 1630, 1976, 2344, 2624, 2736, 2648, 2382, 
2017, 1665, 1423, 1366, 1513, 1820, 2191, 2520, 2711, 2660, 
2405, 2046, 1685, 1435, 1363, 1497, 1793, 2166, 2502, 2703, 
2716, 2532, 2207, 1834, 1524, 1363, 1482, 1769, 2137, 2483, 
2695, 2723, 2552, 2233, 1862, 1542, 1372, 1407, 1631, 1977, 
2344, 2687, 2727, 2568, 2258, 1884, 1559, 1379, 1397, 1609, 
1950, 2321, 2611, 2735, 2659, 2407, 2046, 1580, 1387, 1389, 
1589, 1923, 2296, 2593, 2732, 2672, 2429, 2072, 1708, 1447, 
1364, 1482, 1771, 2269, 2577, 2727, 2684, 2451, 2097, 1735, 
1463, 1363, 1468, 1745, 2111, 2460, 2686, 2727, 2569, 2127, 
1759, 1476, 1363, 1452, 1723, 2083, 2436, 2675, 2732, 2584, 
2284, 1913, 1582, 1387, 1390, 1697, 2056, 2415, 2665, 2735, 
2604, 2310, 1937, 1600, 1395, 1382, 1568, 1895, 2269, 2576, 
2728, 2619, 2335, 1966, 1622, 1403, 1381, 1550, 1868, 2243, 
2556, 2723, 2691, 2473, 2126, 1760, 1472, 1372, 1533, 1844, 
2216, 2543, 2718, 2702, 2495, 2153, 1785, 1490, 1363, 1439, 
1698, 2055, 2416, 2711, 2710, 2515, 2180, 1808, 1510, 1366, 
1427, 1674, 2028, 2392, 2652, 2737, 2618, 2335, 1966, 1526, 
1369, 1417, 1652, 2001, 2368, 2636, 2736, 2630, 2360, 1995, 
1645, 1413, 1371, 1534, 1843, 2345, 2623, 2735, 2648, 2384, 
2019, 1667, 1425, 1368, 1512, 1818, 2189, 2521, 2710, 2711, 
2513, 2047, 1690, 1435, 1364, 1496, 1794, 2166, 2502, 2705, 
2718, 2536, 2207, 1836, 1526, 1369, 1416, 1768, 2137, 2480, 
2695, 2723, 2552, 2233, 1860, 1543, 1373, 1406, 1629, 1976, 
2343, 2623, 2736, 2570, 2260, 1887, 1562, 1378, 1399, 1606, 
1950, 2316, 2609, 2736, 2660, 2409, 2048, 1689, 1436, 1388, 
1587, 1922, 2295, 2592, 2732, 2671, 2428, 2075, 1712, 1445, 
1363, 1481, 1768, 2136, 2481, 2728, 2682, 2449, 2100, 1737, 
1462, 1363, 1466, 1744, 2112, 2460, 2684, 2727, 2570, 2259, 
1887, 1476, 1361, 1452, 1720, 2080, 2438, 2675, 2732, 2587, 
2286, 1914, 1584, 1390, 1388, 1586, 1920, 2411, 2664, 2737, 
2603, 2311, 1939, 1602, 1395, 1382, 1568, 1894, 2268, 2577, 
2729, 2683, 2456, 1968, 1623, 1404, 1376, 1550, 1869, 2242, 
2560, 2723, 2691, 2473, 2127, 1760, 1478, 1362, 1451, 1845, 
2215, 2541, 2718, 2702, 2495, 2156, 1784, 1493, 1363, 1439, 
1696, 2054, 2414, 2663, 2735, 2515, 2180, 1812, 1510, 1365, 
1429, 1676, 2030, 2391, 2655, 2736, 2619, 2336, 1967, 1624, 
1404, 1417, 1652, 2000, 2367, 2636, 2736, 2633, 2360, 1995, 
1646, 1414, 1370, 1531, 1843, 2217, 2540, 2736, 2648, 2387, 
2022, 1668, 1424, 1368, 1511, 1816, 2190, 2520, 2711, 2710, 
2515, 2179, 1809, 1436, 1364, 1494, 1792, 2163, 2499, 2703, 
2716, 2535, 2198, 1811, 1492, 1361, 1537, 1870, 2254, 2652, 
2739, 2620, 2318, 1950, 1612, 1398, 1378, 1559, 1884, 2256, 
2568, 2727, 2688, 2461, 2112, 1633, 1407, 1374, 1544, 1858, 
2231, 2550, 2721, 2697, 2481, 2142, 1771, 1481, 1361, 1446, 
1710, 2205, 2532, 2715, 2705, 2502, 2168, 1803, 1498, 1363, 
1435, 1688, 2044, 2405, 2659, 2735, 2609, 2192, 1821, 1516, 
1366, 1422, 1662, 2017, 2379, 2644, 2736, 2623, 2348, 1978, 
1632, 1409, 1374, 1641, 1991, 2359, 2631, 2736, 2639, 2371, 
2007, 1655, 1419, 1369, 1523, 1831, 2203, 2531, 2715, 2653, 
2394, 2033, 1676, 1427, 1366, 1505, 1807, 2178, 2512, 2710, 
2712, 2524, 2192, 1822, 1516, 1364, 1491, 1783, 2151, 2490, 
2700, 2719, 2543, 2218, 1846, 1534, 1371, 1411, 1639, 1984, 
2355, 2688, 2726, 2559, 2246, 1874, 1552, 1376, 1401, 1619, 
1963, 2331, 2617, 2736, 2653, 2396, 2032, 1570, 1383, 1392, 
1599, 1935, 2307, 2600, 2735, 2666, 2417, 2057, 1702, 1439, 
1358, 1491, 1784, 2283, 2585, 2731, 2678, 2443, 2087, 1724, 
1455, 1363, 1475, 1757, 2124, 2471, 2691, 2724, 2560, 2115, 
1747, 1468, 1363, 1459, 1734, 2096, 2447, 2680, 2729, 2576, 
2272, 1897, 1571, 1382, 1392, 1708, 2068, 2427, 2670, 2732, 
2595, 2297, 1926, 1588, 1390, 1385, 1578, 1911, 2282, 2583, 
2729, 2611, 2322, 1952, 1613, 1396, 1381, 1559, 1882, 2256, 
2567, 2727, 2686, 2463, 2112, 1748, 1469, 1372, 1541, 1857, 
2230, 2550, 2720, 2696, 2483, 2140, 1772, 1484, 1362, 1446, 
1708, 2065, 2428, 2713, 2704, 2505, 2166, 1799, 1500, 1364, 
1433, 1684, 2043, 2404, 2659, 2735, 2611, 2323, 1953, 1517, 
1368, 1420, 1663, 2016, 2380, 2646, 2736, 2625, 2348, 1977, 
1630, 1408, 1373, 1539, 1859, 2356, 2628, 2737, 2640, 2372, 
2009, 1656, 1420, 1370, 1523, 1831, 2203, 2532, 2716, 2707, 
2504, 2034, 1679, 1429, 1364, 1505, 1807, 2177, 2507, 2708, 
2714, 2523, 2195, 1824, 1518, 1368, 1421, 1780, 2148, 2489, 
2699, 2718, 2542, 2222, 1848, 1534, 1371, 1411, 1640, 1988, 
2356, 2631, 2736, 2560, 2246, 1873, 1551, 1376, 1402, 1618, 
1960, 2331, 2617, 2735, 2654, 2396, 2036, 1679, 1430, 1391, 
1598, 1935, 2306, 2601, 2733, 2667, 2418, 2062, 1702, 1442, 
1364, 1490, 1782, 2150, 2492, 2730, 2679, 2439, 2088, 1726, 
1453, 1363, 1475, 1755, 2123, 2470, 2691, 2724, 2560, 2247, 
1875, 1470, 1363, 1459, 1732, 2094, 2447, 2680, 2731, 2579, 
2273, 1901, 1572, 1384, 1395, 1597, 1935, 2426, 2668, 2733, 
2595, 2300, 1927, 1592, 1391, 1385, 1578, 1908, 2279, 2584, 
2729, 2679, 2442, 1953, 1613, 1399, 1378, 1558, 1881, 2253, 
2567, 2727, 2688, 2465, 2115, 1748, 1471, 1361, 1459, 1856, 
2228, 2549, 2721, 2699, 2484, 2144, 1774, 1486, 1363, 1446, 
1708, 2065, 2425, 2671, 2733, 2503, 2168, 1798, 1502, 1364, 
1433, 1683, 2043, 2404, 2659, 2736, 2611, 2323, 1953, 1613, 
1399, 1422, 1661, 2013, 2380, 2643, 2736, 2625, 2351, 1980, 
1634, 1409, 1373, 1540, 1855, 2227, 2548, 2735, 2640, 2375, 
2008, 1656, 1420, 1370, 1520, 1831, 2202, 2531, 2716, 2707, 
2506, 2170, 1799, 1430, 1365, 1504, 1805, 2174, 2508, 2708, 
2715, 2524, 2195, 1823, 1518, 1367, 1420, 1660, 2013, 2488, 
2699, 2719, 2544, 2222, 1848, 1536, 1372, 1411, 1639, 1988, 
2355, 2629, 2737, 2640, 2374, 1876, 1553, 1377, 1401, 1616, 
1959, 2331, 2615, 2736, 2652, 2396, 2035, 1679, 1431, 1364, 
1505, 1934, 2305, 2601, 2732, 2667, 2420, 2060, 1702, 1442, 
1363, 1488, 1780, 2147, 2489, 2700, 2719, 2442, 2087, 1725, 
1456, 1362, 1475, 1756, 2121, 2467, 2691, 2726, 2561, 2248, 
1876, 1554, 1378, 1460, 1733, 2095, 2447, 2681, 2732, 2580, 
2275, 2694, 2719, 2549, 2232, 1857, 1543, 1372, 1406, 1744, 
2108, 2458, 2684, 2723, 2564, 2256, 1884, 1561, 1377, 1395, 
1608, 1947, 2318, 2608, 2734, 2584, 2281, 1910, 1579, 1385, 
1390, 1587, 1922, 2293, 2592, 2732, 2668, 2428, 2071, 1711, 
1446, 1382, 1569, 1893, 2268, 2575, 2727, 2678, 2449, 2097, 
1735, 1461, 1361, 1465, 1743, 2109, 2459, 2721, 2693, 2471, 
2126, 1760, 1471, 1359, 1450, 1721, 2081, 2437, 2675, 2729, 
2585, 2283, 1912, 1491, 1362, 1437, 1695, 2055, 2414, 2662, 
2735, 2599, 2310, 1938, 1600, 1392, 1379, 1569, 1896, 2392, 
2652, 2736, 2619, 2335, 1966, 1622, 1403, 1375, 1550, 1869, 
2243, 2557, 2723, 2691, 2473, 1992, 1644, 1414, 1372, 1530, 
1843, 2215, 2540, 2715, 2699, 2494, 2154, 1786, 1494, 1362, 
1439, 1819, 2188, 2521, 2711, 2708, 2512, 2180, 1809, 1508, 
1365, 1427, 1673, 2028, 2392, 2652, 2736, 2534, 2207, 1835, 
1525, 1369, 1416, 1648, 2001, 2369, 2635, 2737, 2631, 2361, 
1993, 1644, 1414, 1407, 1628, 1976, 2343, 2622, 2737, 2647, 
2383, 2020, 1666, 1423, 1366, 1513, 1819, 2191, 2520, 2735, 
2660, 2407, 2046, 1688, 1436, 1363, 1495, 1792, 2161, 2500, 
2703, 2716, 2535, 2209, 1835, 1448, 1362, 1481, 1768, 2136, 
2480, 2695, 2723, 2552, 2234, 1863, 1544, 1375, 1407, 1630, 
1976, 2460, 2686, 2728, 2571, 2260, 1885, 1563, 1380, 1397, 
1607, 1948, 2318, 2607, 2731, 2660, 2407, 1912, 1581, 1387, 
1388, 1587, 1921, 2294, 2592, 2732, 2672, 2430, 2072, 1711, 
1448, 1363, 1481, 1894, 2267, 2576, 2728, 2683, 2453, 2101, 
1737, 1463, 1363, 1467, 1744, 2108, 2457, 2684, 2727, 2473, 
2127, 1761, 1476, 1363, 1458, 1723, 2083, 2438, 2678, 2735, 
2585, 2285, 1915, 1582, 1389, 1439, 1695, 2055, 2414, 2664, 
2735, 2604, 2311, 1939, 1602, 1395, 1382, 1567, 1894, 2267, 
2575, 2734, 2620, 2337, 1967, 1624, 1403, 1377, 1550, 1872, 
2241, 2556, 2723, 2694, 2474, 2129, 1761, 1414, 1370, 1530, 
1843, 2217, 2540, 2719, 2703, 2495, 2155, 1785, 1493, 1362, 
1438, 1695, 2055, 2522, 2712, 2708, 2516, 2183, 1812, 1508, 
1364, 1425, 1673, 2028, 2391, 2651, 2736, 2620, 2336, 1836, 
1529, 1372, 1416, 1651, 2001, 2368, 2639, 2736, 2633, 2363, 
1995, 1644, 1411, 1371, 1532, 1975, 2343, 2623, 2736, 2646, 
2385, 2022, 1667, 1424, 1367, 1511, 1817, 2189, 2520, 2711, 
2711, 2408, 2049, 1691, 1436, 1364, 1495, 1792, 2164, 2499, 
2705, 2716, 2534, 2211, 1838, 1527, 1371, 1483, 1767, 2135, 
2480, 2697, 2718, 2553, 2236, 1863, 1544, 1375, 1407, 1629, 
1975, 2342, 2623, 2727, 2571, 2262, 1889, 1563, 1380, 1396, 
1609, 1948, 2318, 2611, 2741, 2662, 2408, 2051, 1691, 1388, 
1388, 1585, 1921, 2293, 2591, 2732, 2673, 2432, 2075, 1715, 
1449, 1363, 1481, 1770, 2133, 2576, 2729, 2681, 2452, 2102, 
1737, 1464, 1360, 1464, 1743, 2108, 2459, 2684, 2727, 2570, 
2262, 1763, 1476, 1360, 1450, 1718, 2081, 2436, 2675, 2732, 
2588, 2288, 1917, 1582, 1387, 1389, 1586, 2054, 2415, 2665, 
2734, 2604, 2312, 1940, 1603, 1395, 1382, 1567, 1892, 2266, 
2575, 2728, 2681, 2337, 1969, 1623, 1403, 1373, 1549, 1867, 
2240, 2556, 2723, 2690, 2473, 2132, 1761, 1478, 1361, 1530, 
1841, 2214, 2540, 2718, 2703, 2495, 2156, 1788, 1492, 1363, 
1438, 1695, 2054, 2412, 2664, 2710, 2515, 2183, 1814, 1511, 
1366, 1426, 1672, 2028, 2391, 2652, 2738, 2622, 2337, 1968, 
1625, 1371, 1415, 1649, 2000, 2367, 2636, 2736, 2634, 2361, 
1995, 1646, 1413, 1370, 1529, 1842, 2214, 2623, 2736, 2649, 
2385, 2022, 1670, 1424, 1367, 1511, 1817, 2187, 2520, 2711, 
2711, 2516, 2161, 1664, 1413, 1381, 1578, 1915, 2291, 2596, 
2732, 2668, 2391, 2027, 1673, 1426, 1366, 1508, 1811, 2311, 
2605, 2734, 2663, 2413, 2056, 1696, 1441, 1363, 1492, 1785, 
2158, 2494, 2701, 2717, 2540, 2081, 1720, 1452, 1361, 1477, 
1760, 2124, 2475, 2695, 2726, 2556, 2244, 1868, 1547, 1376, 
1403, 1738, 2102, 2452, 2683, 2728, 2575, 2268, 1893, 1567, 
1383, 1395, 1602, 1939, 2310, 2604, 2735, 2592, 2294, 1920, 
1588, 1387, 1386, 1582, 1917, 2284, 2589, 2732, 2676, 2439, 
2081, 1721, 1452, 1380, 1563, 1887, 2260, 2571, 2727, 2686, 
2459, 2110, 1745, 1466, 1363, 1464, 1742, 2100, 2455, 2722, 
2696, 2480, 2136, 1769, 1482, 1363, 1450, 1714, 2076, 2430, 
2672, 2732, 2591, 2294, 1921, 1496, 1364, 1436, 1689, 2047, 
2407, 2660, 2734, 2608, 2318, 1948, 1608, 1395, 1379, 1561, 
1888, 2385, 2648, 2736, 2624, 2343, 1974, 1628, 1408, 1376, 
1544, 1862, 2235, 2553, 2722, 2696, 2480, 2001, 1651, 1417, 
1369, 1526, 1836, 2208, 2535, 2716, 2705, 2500, 2161, 1793, 
1497, 1363, 1435, 1806, 2179, 2513, 2708, 2712, 2520, 2187, 
1816, 1514, 1366, 1423, 1667, 2019, 2382, 2646, 2736, 2540, 
2216, 1843, 1532, 1374, 1414, 1644, 1993, 2363, 2633, 2737, 
2636, 2367, 1999, 1652, 1416, 1404, 1620, 1965, 2336, 2619, 
2736, 2652, 2392, 2030, 1675, 1428, 1366, 1507, 1810, 2182, 
2515, 2734, 2662, 2415, 2055, 1697, 1440, 1363, 1494, 1785, 
2153, 2494, 2700, 2718, 2540, 2217, 1843, 1452, 1362, 1478, 
1760, 2127, 2475, 2692, 2724, 2559, 2243, 1870, 1548, 1375, 
1402, 1622, 1965, 2452, 2680, 2728, 2575, 2269, 1896, 1568, 
1382, 1393, 1600, 1939, 2311, 2604, 2735, 2666, 2415, 1922, 
1590, 1389, 1388, 1580, 1912, 2284, 2587, 2732, 2674, 2436, 
2085, 1723, 1454, 1363, 1477, 1886, 2259, 2569, 2724, 2686, 
2460, 2111, 1745, 1467, 1362, 1460, 1736, 2100, 2452, 2682, 
2730, 2482, 2136, 1769, 1481, 1363, 1448, 1715, 2071, 2430, 
2675, 2735, 2592, 2295, 1923, 1587, 1388, 1436, 1689, 2046, 
2407, 2660, 2736, 2609, 2320, 1948, 1609, 1398, 1380, 1562, 
1886, 2259, 2570, 2737, 2626, 2345, 1976, 1632, 1408, 1373, 
1545, 1862, 2234, 2552, 2721, 2696, 2482, 2137, 1771, 1416, 
1369, 1524, 1835, 2207, 2534, 2715, 2705, 2502, 2164, 1795, 
1497, 1365, 1431, 1689, 2047, 2515, 2710, 2712, 2523, 2190, 
1819, 1514, 1365, 1423, 1668, 2019, 2383, 2647, 2736, 2623, 
2345, 1844, 1532, 1372, 1413, 1643, 1992, 2360, 2633, 2736, 
2638, 2369, 2003, 1654, 1420, 1368, 1524, 1966, 2335, 2618, 
2736, 2652, 2393, 2029, 1677, 1427, 1366, 1507, 1808, 2179, 
2513, 2710, 2712, 2416, 2056, 1698, 1439, 1363, 1489, 1784, 
2155, 2493, 2702, 2719, 2542, 2219, 1845, 1533, 1372, 1475, 
1759, 2126, 2472, 2691, 2723, 2558, 2243, 1871, 1551, 1377, 
1403, 1620, 1964, 2334, 2618, 2729, 2575, 2270, 1895, 1567, 
1380, 1395, 1601, 1936, 2310, 2603, 2735, 2665, 2416, 2057, 
1697, 1390, 1385, 1579, 1912, 2285, 2588, 2732, 2678, 2439, 
2085, 1723, 1452, 1364, 1476, 1759, 2125, 2569, 2727, 2688, 
2461, 2112, 1748, 1468, 1361, 1460, 1734, 2099, 2451, 2681, 
2729, 2575, 2269, 1770, 1483, 1362, 1447, 1711, 2072, 2428, 
2671, 2734, 2592, 2297, 1924, 1592, 1391, 1390, 1579, 2045, 
2407, 2663, 2736, 2609, 2320, 1950, 1611, 1398, 1379, 1561, 
1884, 2258, 2570, 2727, 2687, 2347, 1977, 1632, 1407, 1374, 
1542, 1859, 2230, 2552, 2723, 2695, 2480, 2137, 1771, 1484, 
1361, 1523, 1833, 2207, 2531, 2715, 2705, 2503, 2165, 1796, 
1498, 1364, 1434, 1686, 2046, 2407, 2660, 2713, 2524, 2191, 
1817, 1516, 1366, 1424, 1667, 2017, 2383, 2648, 2736, 2625, 
2347, 2665, 2732, 2500, 2169, 1799, 1501, 1363, 1429, 1680, 
2037, 2400, 2652, 2735, 2611, 2323, 1955, 1615, 1399, 1417, 
1660, 2009, 2375, 2640, 2736, 2624, 2351, 1982, 1636, 1410, 
1372, 1537, 1853, 2224, 2545, 2734, 2639, 2373, 2008, 1656, 
1420, 1367, 1517, 1824, 2197, 2526, 2712, 2702, 2505, 2171, 
1798, 1430, 1364, 1500, 1801, 2171, 2505, 2704, 2711, 2524, 
2196, 1824, 1521, 1367, 1420, 1659, 2011, 2485, 2700, 2719, 
2545, 2224, 1851, 1535, 1372, 1409, 1636, 1984, 2354, 2628, 
2734, 2641, 2375, 1878, 1555, 1377, 1400, 1615, 1956, 2327, 
2614, 2735, 2655, 2399, 2038, 1680, 1431, 1365, 1500, 1932, 
2302, 2597, 2731, 2667, 2418, 2062, 1704, 1442, 1362, 1486, 
1777, 2147, 2488, 2698, 2719, 2443, 2091, 1727, 1456, 1362, 
1472, 1752, 2118, 2466, 2688, 2723, 2564, 2249, 1880, 1553, 
1378, 1458, 1727, 2092, 2445, 2676, 2727, 2579, 2275, 1903, 
1574, 1383, 1392, 1598, 1932, 2303, 2599, 2732, 2596, 2300, 
1929, 1596, 1392, 1382, 1575, 1908, 2276, 2583, 2729, 2680, 
2443, 2091, 1728, 1399, 1380, 1556, 1879, 2251, 2564, 2726, 
2688, 2463, 2116, 1752, 1472, 1361, 1457, 1728, 2090, 2547, 
2720, 2699, 2489, 2144, 1777, 1486, 1362, 1442, 1704, 2063, 
2422, 2668, 2734, 2599, 2300, 1803, 1503, 1366, 1430, 1681, 
2038, 2400, 2656, 2735, 2615, 2328, 1958, 1617, 1399, 1379, 
1552, 2012, 2378, 2643, 2736, 2628, 2352, 1984, 1636, 1409, 
1373, 1536, 1852, 2224, 2545, 2721, 2699, 2376, 2008, 1659, 
1420, 1367, 1518, 1827, 2198, 2524, 2715, 2707, 2508, 2174, 
1800, 1504, 1366, 1501, 1801, 2173, 2507, 2706, 2713, 2527, 
2200, 1828, 1520, 1369, 1419, 1658, 2010, 2375, 2643, 2719, 
2546, 2226, 1855, 1537, 1374, 1411, 1635, 1984, 2352, 2627, 
2736, 2643, 2375, 2011, 1659, 1378, 1398, 1615, 1958, 2326, 
2615, 2736, 2656, 2400, 2040, 1680, 1432, 1366, 1500, 1799, 
2173, 2601, 2731, 2668, 2423, 2066, 1705, 1443, 1361, 1486, 
1776, 2145, 2486, 2697, 2719, 2547, 2226, 1728, 1459, 1363, 
1471, 1752, 2117, 2467, 2689, 2726, 2564, 2252, 1878, 1552, 
1376, 1401, 1615, 2092, 2442, 2673, 2731, 2580, 2278, 1905, 
1574, 1385, 1390, 1593, 1930, 2302, 2598, 2732, 2668, 2303, 
1931, 1598, 1392, 1384, 1571, 1903, 2276, 2581, 2729, 2680, 
2447, 2094, 1728, 1457, 1363, 1555, 1876, 2252, 2564, 2723, 
2687, 2468, 2118, 1751, 1471, 1361, 1457, 1729, 2091, 2444, 
2678, 2699, 2488, 2146, 1778, 1487, 1360, 1443, 1703, 2060, 
2422, 2668, 2734, 2600, 2303, 1932, 1596, 1364, 1431, 1681, 
2037, 2399, 2655, 2736, 2616, 2328, 1959, 1617, 1401, 1377, 
1555, 1878, 2250, 2642, 2737, 2629, 2352, 1984, 1639, 1410, 
1373, 1537, 1852, 2225, 2547, 2720, 2700, 2490, 2149, 1661, 
1420, 1369, 1519, 1826, 2198, 2526, 2713, 2707, 2507, 2175, 
1806, 1504, 1367, 1431, 1682, 2172, 2507, 2707, 2713, 2528, 
2200, 1828, 1521, 1368, 1419, 1659, 2009, 2374, 2641, 2736, 
2631, 2227, 1855, 1538, 1373, 1409, 1637, 1982, 2351, 2629, 
2735, 2643, 2376, 2013, 1660, 1423, 1368, 1615, 1955, 2326, 
2614, 2736, 2659, 2403, 2041, 1683, 1432, 1364, 1500, 1800, 
2172, 2505, 2706, 2669, 2424, 2066, 1706, 1443, 1362, 1483, 
1776, 2147, 2487, 2695, 2721, 2546, 2225, 1852, 1539, 1363, 
1470, 1748, 2117, 2467, 2687, 2725, 2564, 2253, 1880, 1558, 
1379, 1400, 1614, 1955, 2326, 2678, 2731, 2580, 2279, 1906, 
1577, 1385, 1391, 1595, 1928, 2301, 2597, 2732, 2668, 2423, 
2066, 1597, 1393, 1385, 1574, 1903, 2276, 2579, 2729, 2681, 
2446, 2094, 1730, 1458, 1361, 1471, 1751, 2247, 2563, 2727, 
2690, 2464, 2060, 1675, 1415, 1384, 1586, 1923, 2302, 2603, 
2735, 2657, 2380, 1880, 1557, 1378, 1399, 1614, 1954, 2323, 
2615, 2735, 2657, 2401, 2039, 1683, 1429, 1363, 1499, 1927, 
2300, 2599, 2732, 2669, 2424, 2066, 1705, 1443, 1363, 1486, 
1775, 2144, 2487, 2699, 2723, 2447, 2094, 1731, 1459, 1362, 
1470, 1750, 2115, 2463, 2687, 2726, 2564, 2252, 1880, 1558, 
1379, 1456, 1728, 2089, 2441, 2677, 2729, 2582, 2277, 1907, 
1577, 1386, 1391, 1593, 1928, 2300, 2596, 2735, 2596, 2304, 
1934, 1599, 1392, 1384, 1574, 1903, 2275, 2582, 2731, 2683, 
2447, 2096, 1731, 1402, 1375, 1554, 1875, 2248, 2563, 2724, 
2689, 2468, 2121, 1753, 1472, 1363, 1452, 1724, 2087, 2544, 
2721, 2700, 2489, 2147, 1779, 1489, 1363, 1442, 1703, 2061, 
2420, 2668, 2737, 2599, 2303, 1805, 1507, 1368, 1431, 1681, 
2036, 2398, 2655, 2736, 2615, 2328, 1961, 1619, 1404, 1379, 
1555, 2008, 2374, 2641, 2736, 2630, 2355, 1988, 1641, 1411, 
1371, 1536, 1848, 2222, 2544, 2719, 2699, 2377, 2012, 1661, 
1421, 1367, 1516, 1823, 2193, 2527, 2713, 2707, 2511, 2176, 
1804, 1505, 1367, 1500, 1799, 2171, 2507, 2707, 2716, 2531, 
2202, 1831, 1523, 1369, 1420, 1657, 2008, 2375, 2641, 2721, 
2548, 2227, 1855, 1541, 1372, 1407, 1633, 1979, 2350, 2626, 
2736, 2644, 2379, 2014, 1662, 1375, 1399, 1612, 1953, 2323, 
2615, 2737, 2657, 2401, 2040, 1686, 1433, 1364, 1499, 1799, 
2169, 2595, 2734, 2670, 2427, 2067, 1708, 1444, 1362, 1485, 
1774, 2141, 2486, 2700, 2721, 2547, 2232, 1730, 1458, 1363, 
1470, 1750, 2114, 2464, 2689, 2727, 2567, 2256, 1882, 1555, 
1377, 1398, 1614, 2088, 2441, 2676, 2731, 2584, 2280, 1908, 
1577, 1385, 1391, 1592, 1927, 2300, 2597, 2732, 2671, 2305, 
1935, 1598, 1395, 1383, 1572, 1901, 2273, 2583, 2729, 2680, 
2448, 2096, 1732, 1459, 1361, 1553, 1875, 2247, 2559, 2726, 
2688, 2469, 2123, 1755, 1473, 1362, 1456, 1726, 2087, 2441, 
2676, 2700, 2490, 2147, 1780, 1488, 1365, 1440, 1700, 2060, 
2418, 2667, 2734, 2601, 2307, 1934, 1598, 1366, 1430, 1678, 
2031, 2396, 2655, 2736, 2616, 2331, 1961, 1619, 1403, 1377, 
1553, 1874, 2246, 2640, 2736, 2631, 2358, 1988, 1639, 1412, 
1372, 1534, 1850, 2219, 2543, 2720, 2700, 2492, 2149, 1661, 
1423, 1368, 1516, 1823, 2195, 2526, 2713, 2709, 2511, 2177, 
1807, 1504, 1368, 1428, 1678, 2169, 2504, 2705, 2715, 2531, 
2203, 1833, 1524, 1368, 1417, 1656, 2006, 2371, 2639, 2737, 
2631, 2231, 1856, 1539, 1373, 1407, 1632, 1979, 2348, 2625, 
2736, 2643, 2379, 2014, 1662, 1420, 1368, 1612, 1952, 2323, 
2611, 2735, 2659, 2403, 2041, 1683, 1432, 1367, 1499, 1797, 
2171, 2504, 2706, 2671, 2425, 2067, 1709, 1446, 1361, 1485, 
1773, 2140, 2485, 2697, 2720, 2549, 2231, 1857, 1540, 1360, 
1468, 1748, 2112, 2461, 2688, 2726, 2567, 2255, 1882, 1557, 
1378, 1399, 1612, 1952, 2323, 2675, 2730, 2585, 2283, 1907, 
1578, 1387, 1391, 1596, 1927, 2297, 2595, 2733, 2671, 2428, 
2068, 1599, 1392, 1383, 1571, 1900, 2271, 2579, 2729, 2680, 
2448, 2096, 1736, 1459, 1361, 1468, 1750, 2246, 2561, 2725, 
2691, 2470, 2123, 1756, 1474, 1362, 1456, 1724, 2087, 2440, 
2678, 2732, 2584, 2151, 1782, 1490, 1362, 1442, 1700, 2060, 
2419, 2667, 2735, 2599, 2312, 1936, 1599, 1393, 1383, 1676, 
2033, 2395, 2654, 2736, 2617, 2332, 1961, 1619, 1402, 1377, 
1551, 1875, 2246, 2562, 2725, 2631, 2356, 1988, 1639, 1411, 
1371, 1532, 1847, 2220, 2543, 2719, 2700, 2489, 2151, 1782, 
1490, 1367, 1515, 1821, 2193, 2524, 2713, 2707, 2511, 2177, 
1806, 1504, 1366, 1428, 1679, 2032, 2393, 2707, 2716, 2530, 
2204, 2715, 2700, 2495, 2154, 1785, 1491, 1364, 1435, 1692, 
2053, 2412, 2662, 2707, 2513, 2181, 1811, 1508, 1366, 1424, 
1670, 2024, 2388, 2650, 2736, 2619, 2335, 1968, 1623, 1368, 
1415, 1650, 1999, 2364, 2636, 2734, 2628, 2360, 1995, 1645, 
1413, 1368, 1528, 1842, 2215, 2620, 2732, 2647, 2383, 2020, 
1667, 1424, 1366, 1509, 1814, 2186, 2518, 2709, 2709, 2516, 
2181, 1691, 1436, 1363, 1491, 1791, 2161, 2497, 2703, 2716, 
2535, 2209, 1837, 1527, 1370, 1417, 1648, 2134, 2478, 2695, 
2723, 2553, 2236, 1863, 1544, 1374, 1406, 1626, 1972, 2341, 
2620, 2734, 2648, 2259, 1888, 1564, 1380, 1397, 1606, 1945, 
2316, 2608, 2735, 2660, 2408, 2049, 1692, 1435, 1362, 1586, 
1920, 2295, 2591, 2732, 2672, 2432, 2074, 1715, 1449, 1362, 
1480, 1765, 2134, 2478, 2694, 2684, 2453, 2102, 1738, 1462, 
1362, 1464, 1742, 2105, 2456, 2684, 2728, 2572, 2262, 1888, 
1564, 1361, 1449, 1717, 2078, 2434, 2673, 2729, 2588, 2288, 
1915, 1583, 1387, 1388, 1586, 1918, 2294, 2663, 2735, 2604, 
2314, 1942, 1603, 1395, 1381, 1566, 1891, 2265, 2576, 2728, 
2683, 2455, 2101, 1624, 1404, 1374, 1548, 1867, 2237, 2556, 
2723, 2694, 2476, 2130, 1762, 1478, 1361, 1449, 1714, 2214, 
2535, 2716, 2703, 2496, 2157, 1788, 1492, 1364, 1436, 1694, 
2052, 2412, 2662, 2734, 2606, 2183, 1809, 1510, 1366, 1426, 
1672, 2025, 2390, 2650, 2739, 2621, 2339, 1969, 1625, 1404, 
1376, 1649, 1999, 2367, 2636, 2735, 2633, 2363, 1997, 1647, 
1414, 1370, 1528, 1841, 2212, 2535, 2716, 2648, 2390, 2023, 
1671, 1423, 1366, 1510, 1816, 2186, 2519, 2712, 2711, 2516, 
2184, 1814, 1510, 1364, 1496, 1791, 2161, 2499, 2703, 2716, 
2536, 2211, 1839, 1528, 1371, 1416, 1651, 1999, 2363, 2693, 
2724, 2553, 2238, 1862, 1545, 1376, 1407, 1627, 1970, 2340, 
2621, 2736, 2648, 2387, 2022, 1564, 1380, 1396, 1606, 1944, 
2318, 2606, 2736, 2663, 2409, 2051, 1691, 1437, 1363, 1494, 
1792, 2289, 2591, 2732, 2674, 2433, 2076, 1714, 1450, 1362, 
1478, 1763, 2132, 2478, 2694, 2724, 2556, 2104, 1740, 1465, 
1362, 1463, 1740, 2105, 2456, 2683, 2727, 2571, 2264, 1891, 
1563, 1383, 1393, 1715, 2078, 2435, 2674, 2732, 2590, 2287, 
1917, 1584, 1389, 1388, 1585, 1920, 2291, 2588, 2732, 2606, 
2313, 1944, 1607, 1396, 1380, 1566, 1890, 2263, 2572, 2728, 
2684, 2455, 2104, 1739, 1463, 1374, 1547, 1865, 2238, 2557, 
2723, 2692, 2476, 2129, 1764, 1477, 1362, 1449, 1717, 2080, 
2433, 2716, 2703, 2499, 2159, 1790, 1495, 1361, 1436, 1694, 
2051, 2412, 2663, 2735, 2606, 2312, 1945, 1513, 1368, 1425, 
1670, 2024, 2389, 2649, 2737, 2620, 2339, 1973, 1627, 1405, 
1375, 1546, 1863, 2367, 2636, 2735, 2635, 2364, 1994, 1646, 
1416, 1370, 1528, 1840, 2212, 2536, 2718, 2702, 2500, 2023, 
1671, 1426, 1369, 1509, 1814, 2186, 2518, 2711, 2710, 2518, 
2187, 1815, 1511, 1368, 1426, 1789, 2159, 2496, 2703, 2718, 
2537, 2213, 1841, 1530, 1372, 1415, 1648, 1997, 2364, 2635, 
2736, 2556, 2239, 1867, 1548, 1375, 1405, 1628, 1969, 2339, 
2622, 2739, 2651, 2388, 2024, 1671, 1426, 1393, 1604, 1943, 
2313, 2607, 2735, 2663, 2411, 2051, 1692, 1438, 1363, 1494, 
1788, 2156, 2496, 2732, 2675, 2433, 2076, 1717, 1449, 1363, 
1478, 1763, 2131, 2476, 2694, 2727, 2556, 2240, 1867, 1464, 
1363, 1464, 1741, 2105, 2456, 2683, 2729, 2575, 2264, 1889, 
1564, 1381, 1396, 1604, 1943, 2432, 2672, 2732, 2591, 2291, 
1918, 1586, 1387, 1388, 1584, 1918, 2289, 2588, 2728, 2672, 
2435, 1945, 1607, 1396, 1380, 1563, 1889, 2264, 2574, 2727, 
2684, 2452, 2067, 1681, 1416, 1382, 1582, 2051, 2415, 2667, 
2734, 2598, 2285, 1912, 1582, 1387, 1388, 1591, 1923, 2295, 
2593, 2735, 2673, 2308, 1936, 1602, 1395, 1382, 1568, 1896, 
2269, 2577, 2729, 2681, 2451, 2098, 1737, 1463, 1359, 1549, 
1870, 2241, 2558, 2723, 2691, 2473, 2126, 1760, 1478, 1363, 
1453, 1722, 2082, 2436, 2673, 2701, 2495, 2155, 1786, 1492, 
1364, 1437, 1696, 2055, 2415, 2664, 2735, 2604, 2311, 1939, 
1602, 1368, 1428, 1675, 2028, 2391, 2651, 2737, 2620, 2337, 
1966, 1624, 1403, 1377, 1548, 1868, 2241, 2638, 2735, 2631, 
2360, 1991, 1643, 1412, 1370, 1531, 1843, 2217, 2540, 2716, 
2703, 2494, 2156, 1667, 1424, 1367, 1511, 1817, 2188, 2520, 
2712, 2710, 2513, 2179, 1810, 1509, 1364, 1425, 1672, 2163, 
2500, 2704, 2716, 2535, 2208, 1838, 1527, 1369, 1416, 1651, 
2001, 2371, 2638, 2736, 2632, 2235, 1861, 1544, 1375, 1406, 
1628, 1976, 2343, 2622, 2734, 2648, 2385, 2015, 1667, 1424, 
1367, 1607, 1947, 2315, 2609, 2735, 2656, 2408, 2047, 1689, 
1435, 1364, 1495, 1796, 2162, 2497, 2706, 2672, 2431, 2074, 
1712, 1448, 1360, 1480, 1769, 2136, 2480, 2695, 2723, 2551, 
2234, 1863, 1542, 1363, 1465, 1743, 2107, 2458, 2684, 2729, 
2569, 2261, 1887, 1561, 1380, 1395, 1607, 1947, 2319, 2675, 
2732, 2587, 2286, 1913, 1582, 1388, 1389, 1587, 1920, 2292, 
2592, 2734, 2672, 2431, 2075, 1603, 1392, 1381, 1567, 1891, 
2267, 2576, 2729, 2681, 2452, 2102, 1740, 1460, 1361, 1468, 
1744, 2241, 2558, 2723, 2692, 2475, 2127, 1760, 1478, 1362, 
1451, 1720, 2082, 2435, 2676, 2731, 2587, 2155, 1785, 1492, 
1364, 1437, 1698, 2054, 2415, 2665, 2736, 2604, 2311, 1943, 
1605, 1395, 1381, 1672, 2027, 2391, 2651, 2736, 2620, 2337, 
1967, 1624, 1405, 1376, 1548, 1868, 2239, 2556, 2723, 2632, 
2361, 1995, 1644, 1412, 1371, 1532, 1843, 2215, 2540, 2719, 
2702, 2494, 2156, 1787, 1492, 1368, 1511, 1817, 2188, 2520, 
2711, 2709, 2515, 2183, 1811, 1509, 1367, 1426, 1672, 2027, 
2387, 2704, 2716, 2535, 2209, 1837, 1524, 1368, 1416, 1651, 
1999, 2364, 2636, 2737, 2632, 2364, 1995, 1544, 1374, 1405, 
1632, 1976, 2342, 2623, 2737, 2648, 2385, 2021, 1667, 1425, 
1368, 1510, 1816, 2316, 2608, 2735, 2660, 2408, 2049, 1691, 
1436, 1364, 1494, 1792, 2161, 2499, 2705, 2717, 2535, 2075, 
1713, 1448, 1363, 1478, 1767, 2135, 2478, 2695, 2723, 2553, 
2236, 1864, 1544, 1375, 1407, 1742, 2107, 2457, 2684, 2728, 
2571, 2262, 1889, 1560, 1380, 1396, 1607, 1944, 2316, 2607, 
2736, 2588, 2288, 1916, 1584, 1388, 1388, 1585, 1919, 2292, 
2592, 2732, 2672, 2432, 2075, 1717, 1449, 1382, 1566, 1894, 
2267, 2574, 2727, 2683, 2453, 2100, 1737, 1461, 1361, 1465, 
1742, 2111, 2456, 2721, 2693, 2475, 2129, 1761, 1478, 1363, 
1451, 1718, 2080, 2435, 2675, 2732, 2587, 2284, 1913, 1493, 
1364, 1438, 1695, 2050, 2412, 2663, 2734, 2604, 2316, 1943, 
1603, 1397, 1380, 1563, 1891, 2390, 2650, 2736, 2620, 2339, 
1969, 1624, 1405, 1375, 1545, 1867, 2240, 2556, 2723, 2696, 
2477, 1995, 1647, 1414, 1371, 1529, 1841, 2215, 2538, 2717, 
2703, 2495, 2156, 1790, 1494, 1366, 1439, 1816, 2185, 2519, 
2711, 2710, 2516, 2183, 1813, 1511, 1367, 1426, 1671, 2023, 
2389, 2649, 2736, 2536, 2211, 1839, 1527, 1371, 1416, 1648, 
1998, 2366, 2636, 2737, 2636, 2361, 1995, 1646, 1415, 1406, 
1627, 1972, 2341, 2622, 2736, 2648, 2387, 2022, 1670, 1425, 
1368, 1511, 1816, 2187, 2518, 2735, 2663, 2412, 2050, 1691, 
1436, 1363, 1494, 1792, 2160, 2497, 2704, 2718, 2537, 2211, 
1838, 1450, 1363, 1480, 1766, 2133, 2478, 2695, 2723, 2555, 
2238, 2706, 2710, 2521, 2191, 1820, 1515, 1362, 1484, 1779, 
2146, 2495, 2697, 2719, 2543, 2220, 1847, 1534, 1370, 1409, 
1638, 1987, 2354, 2689, 2723, 2560, 2246, 1873, 1552, 1377, 
1401, 1618, 1961, 2328, 2616, 2736, 2652, 2395, 2033, 1570, 
1383, 1390, 1596, 1932, 2303, 2601, 2731, 2668, 2419, 2059, 
1700, 1440, 1361, 1480, 1779, 2279, 2582, 2729, 2676, 2440, 
2086, 1723, 1455, 1360, 1472, 1754, 2121, 2468, 2689, 2724, 
2561, 2115, 1749, 1470, 1362, 1457, 1731, 2091, 2444, 2676, 
2727, 2579, 2272, 1899, 1571, 1383, 1392, 1708, 2067, 2424, 
2670, 2732, 2595, 2302, 1926, 1591, 1390, 1384, 1576, 1907, 
2281, 2583, 2729, 2611, 2323, 1953, 1613, 1400, 1379, 1561, 
1880, 2252, 2564, 2724, 2687, 2463, 2115, 1749, 1470, 1373, 
1540, 1855, 2228, 2548, 2720, 2695, 2484, 2141, 1774, 1484, 
1363, 1445, 1708, 2067, 2424, 2713, 2704, 2503, 2167, 1798, 
1500, 1361, 1431, 1684, 2039, 2400, 2656, 2736, 2612, 2323, 
1953, 1516, 1368, 1419, 1660, 2014, 2376, 2645, 2737, 2627, 
2350, 1982, 1635, 1408, 1374, 1539, 1854, 2354, 2630, 2736, 
2639, 2372, 2007, 1657, 1420, 1368, 1520, 1830, 2200, 2529, 
2713, 2707, 2504, 2035, 1679, 1429, 1363, 1502, 1805, 2175, 
2507, 2707, 2712, 2524, 2193, 1824, 1518, 1369, 1420, 1779, 
2148, 2488, 2699, 2719, 2544, 2224, 1849, 1536, 1372, 1411, 
1639, 1987, 2355, 2628, 2737, 2562, 2248, 1875, 1552, 1377, 
1401, 1618, 1960, 2329, 2614, 2734, 2653, 2397, 2035, 1679, 
1429, 1392, 1598, 1932, 2303, 2599, 2734, 2665, 2419, 2061, 
1701, 1441, 1361, 1487, 1778, 2148, 2489, 2730, 2678, 2441, 
2091, 1726, 1456, 1364, 1473, 1755, 2120, 2467, 2689, 2724, 
2563, 2247, 1875, 1471, 1361, 1459, 1732, 2094, 2446, 2681, 
2731, 2579, 2275, 1903, 1571, 1383, 1391, 1596, 1932, 2424, 
2670, 2734, 2599, 2301, 1927, 1592, 1391, 1386, 1577, 1907, 
2279, 2583, 2729, 2679, 2443, 1956, 1615, 1400, 1380, 1557, 
1880, 2254, 2566, 2726, 2688, 2464, 2117, 1752, 1471, 1361, 
1458, 1855, 2227, 2550, 2718, 2699, 2486, 2143, 1775, 1486, 
1363, 1445, 1707, 2066, 2424, 2669, 2734, 2505, 2171, 1798, 
1496, 1363, 1432, 1681, 2038, 2400, 2656, 2736, 2611, 2326, 
1955, 1614, 1400, 1420, 1661, 2012, 2377, 2643, 2736, 2627, 
2352, 1983, 1635, 1410, 1373, 1539, 1853, 2227, 2547, 2736, 
2642, 2374, 2012, 1658, 1418, 1367, 1522, 1830, 2200, 2529, 
2714, 2706, 2504, 2173, 1799, 1430, 1365, 1502, 1804, 2175, 
2509, 2710, 2712, 2527, 2198, 1824, 1519, 1368, 1420, 1661, 
2012, 2489, 2699, 2719, 2545, 2224, 1851, 1536, 1372, 1411, 
1638, 1985, 2352, 2628, 2736, 2641, 2374, 1878, 1553, 1378, 
1397, 1616, 1959, 2328, 2616, 2736, 2655, 2399, 2036, 1681, 
1430, 1364, 1503, 1931, 2302, 2600, 2728, 2668, 2421, 2064, 
1703, 1443, 1362, 1484, 1777, 2147, 2488, 2700, 2719, 2444, 
2089, 1728, 1452, 1360, 1469, 1753, 2120, 2468, 2689, 2726, 
2563, 2250, 1877, 1555, 1378, 1459, 1731, 2094, 2441, 2680, 
2731, 2583, 2275, 1903, 1573, 1383, 1392, 1596, 1931, 2303, 
2606, 2734, 2599, 2303, 1932, 1595, 1391, 1382, 1575, 1903, 
2279, 2584, 2729, 2680, 2444, 2089, 1728, 1400, 1379, 1556, 
1882, 2252, 2566, 2727, 2688, 2465, 2119, 1752, 1472, 1363, 
1458, 1731, 2092, 2547, 2720, 2697, 2491, 2144, 1776, 1485, 
1361, 1444, 1705, 2064, 2422, 2668, 2733, 2596, 2302, 1801, 
1502, 1364, 1436, 1683, 2038, 2400, 2656, 2736, 2614, 2326, 
1956, 1615, 1400, 1377, 1556, 2011, 2376, 2643, 2735, 2628, 
2352, 1984, 1636, 1409, 1371, 1538, 1853, 2226, 2547, 2720, 
2699, 2376, 1969, 1603, 1376, 1427, 1678, 2038, 2404, 2663, 
2732, 2603, 2297, 1923, 1591, 1390, 1385, 1688, 2044, 2406, 
2658, 2735, 2609, 2321, 1951, 1611, 1398, 1379, 1559, 1884, 
2257, 2569, 2728, 2625, 2346, 1978, 1632, 1408, 1371, 1540, 
1858, 2231, 2551, 2721, 2697, 2483, 2140, 1772, 1483, 1368, 
1520, 1831, 2204, 2531, 2717, 2707, 2503, 2167, 1797, 1499, 
1365, 1434, 1686, 2041, 2405, 2707, 2712, 2521, 2193, 1822, 
1516, 1367, 1423, 1663, 2016, 2382, 2646, 2736, 2624, 2347, 
1979, 1532, 1372, 1411, 1639, 1990, 2359, 2631, 2736, 2640, 
2371, 2005, 1655, 1417, 1367, 1523, 1833, 2332, 2617, 2734, 
2654, 2396, 2032, 1678, 1429, 1365, 1504, 1807, 2176, 2511, 
2710, 2712, 2523, 2058, 1699, 1440, 1361, 1488, 1782, 2151, 
2490, 2700, 2719, 2542, 2220, 1847, 1534, 1372, 1411, 1756, 
2123, 2471, 2691, 2724, 2562, 2247, 1874, 1551, 1377, 1402, 
1620, 1963, 2332, 2618, 2736, 2578, 2272, 1900, 1569, 1384, 
1392, 1598, 1936, 2307, 2601, 2734, 2665, 2417, 2059, 1700, 
1440, 1385, 1579, 1912, 2281, 2585, 2731, 2676, 2440, 2087, 
1725, 1452, 1361, 1474, 1757, 2123, 2470, 2727, 2688, 2460, 
2116, 1747, 1470, 1361, 1460, 1734, 2096, 2450, 2680, 2729, 
2579, 2272, 1900, 1484, 1364, 1447, 1710, 2072, 2424, 2670, 
2732, 2595, 2298, 1926, 1591, 1391, 1383, 1580, 1909, 2403, 
2658, 2734, 2611, 2322, 1952, 1611, 1398, 1378, 1559, 1882, 
2256, 2569, 2727, 2688, 2463, 1980, 1634, 1407, 1375, 1540, 
1856, 2229, 2550, 2720, 2697, 2484, 2141, 1773, 1484, 1361, 
1447, 1831, 2203, 2526, 2715, 2706, 2503, 2167, 1799, 1499, 
1364, 1434, 1684, 2043, 2404, 2659, 2735, 2524, 2194, 1820, 
1516, 1368, 1422, 1663, 2016, 2380, 2646, 2739, 2627, 2349, 
1980, 1632, 1409, 1412, 1640, 1985, 2356, 2629, 2737, 2639, 
2372, 2005, 1656, 1418, 1368, 1521, 1830, 2201, 2530, 2736, 
2652, 2392, 2034, 1679, 1429, 1364, 1503, 1805, 2177, 2508, 
2707, 2713, 2524, 2195, 1823, 1441, 1363, 1484, 1780, 2150, 
2489, 2700, 2721, 2544, 2222, 1849, 1536, 1372, 1411, 1640, 
1989, 2469, 2689, 2719, 2560, 2247, 1874, 1553, 1376, 1401, 
1618, 1962, 2332, 2617, 2736, 2654, 2398, 1900, 1571, 1382, 
1392, 1598, 1934, 2307, 2604, 2734, 2667, 2418, 2060, 1699, 
1441, 1362, 1487, 1909, 2281, 2582, 2730, 2679, 2442, 2088, 
1725, 1456, 1362, 1474, 1756, 2121, 2471, 2691, 2726, 2463, 
2115, 1748, 1469, 1363, 1458, 1732, 2096, 2447, 2679, 2730, 
2579, 2273, 1900, 1572, 1383, 1445, 1707, 2063, 2424, 2669, 
2732, 2595, 2299, 1926, 1592, 1388, 1384, 1576, 1906, 2279, 
2584, 2736, 2612, 2323, 1953, 1613, 1400, 1379, 1559, 1880, 
2252, 2567, 2727, 2687, 2463, 2116, 1750, 1409, 1374, 1539, 
1854, 2228, 2550, 2721, 2697, 2487, 2142, 1775, 1485, 1364, 
1445, 1708, 2067, 2528, 2713, 2707, 2503, 2168, 1798, 1500, 
1364, 1432, 1683, 2041, 2402, 2657, 2735, 2612, 2323, 1823, 
1516, 1363, 1420, 1661, 2014, 2379, 2643, 2736, 2627, 2351, 
1981, 1636, 1409, 1373, 1540, 1987, 2355, 2633, 2736, 2639, 
2374, 2008, 1658, 1421, 1367, 1523, 1830, 2201, 2529, 2715, 
2706, 2396, 2035, 1681, 1429, 1364, 1503, 1806, 2177, 2509, 
2710, 2715, 2526, 2196, 1824, 1518, 1368, 1488, 1779, 2153, 
2491, 2700, 2721, 2544, 2224, 1851, 1537, 1373, 1412, 1639, 
1987, 2355, 2630, 2724, 2563, 2254, 1875, 1555, 1376, 1401, 
1617, 1960, 2329, 2616, 2736, 2654, 2399, 2036, 1680, 1384, 
1392, 1600, 1933, 2305, 2601, 2732, 2667, 2420, 2062, 1703, 
1442, 1362, 1487, 1780, 2148, 2583, 2729, 2682, 2443, 2089, 
1727, 1456, 1362, 1473, 1754, 2120, 2467, 2688, 2726, 2563, 
2247, 2728, 2666, 2422, 2065, 1705, 1444, 1360, 1479, 1771, 
2141, 2483, 2695, 2719, 2545, 2228, 1853, 1457, 1361, 1468, 
1748, 2112, 2462, 2686, 2724, 2564, 2253, 1880, 1557, 1377, 
1399, 1612, 1951, 2440, 2675, 2727, 2582, 2279, 1905, 1576, 
1384, 1390, 1592, 1924, 2299, 2595, 2730, 2670, 2423, 1932, 
1596, 1392, 1382, 1571, 1900, 2271, 2577, 2727, 2679, 2447, 
2095, 1731, 1459, 1359, 1468, 1871, 2247, 2561, 2724, 2689, 
2467, 2120, 1754, 1473, 1361, 1454, 1727, 2087, 2439, 2675, 
2728, 2489, 2148, 1780, 1488, 1362, 1443, 1701, 2060, 2415, 
2665, 2732, 2601, 2303, 1932, 1596, 1392, 1429, 1678, 2034, 
2393, 2654, 2735, 2616, 2329, 1960, 1617, 1402, 1379, 1553, 
1872, 2246, 2563, 2736, 2628, 2353, 1987, 1640, 1411, 1371, 
1534, 1848, 2222, 2544, 2719, 2699, 2489, 2147, 1780, 1422, 
1367, 1517, 1827, 2195, 2524, 2715, 2708, 2511, 2176, 1806, 
1507, 1365, 1428, 1677, 2033, 2504, 2704, 2712, 2530, 2201, 
1829, 1521, 1367, 1418, 1656, 2003, 2372, 2639, 2735, 2630, 
2356, 1855, 1539, 1373, 1408, 1632, 1980, 2350, 2627, 2735, 
2643, 2379, 2016, 1661, 1423, 1368, 1516, 1953, 2323, 2613, 
2736, 2659, 2403, 2041, 1686, 1434, 1365, 1498, 1798, 2169, 
2503, 2705, 2715, 2425, 2068, 1708, 1445, 1362, 1484, 1772, 
2143, 2484, 2695, 2722, 2550, 2229, 1856, 1539, 1372, 1469, 
1747, 2114, 2463, 2687, 2727, 2566, 2255, 1881, 1558, 1379, 
1397, 1612, 1953, 2326, 2614, 2731, 2584, 2280, 1907, 1577, 
1385, 1390, 1592, 1927, 2298, 2597, 2734, 2669, 2427, 2067, 
1708, 1393, 1382, 1572, 1900, 2272, 2579, 2728, 2680, 2448, 
2096, 1733, 1458, 1361, 1470, 1747, 2113, 2561, 2724, 2690, 
2469, 2123, 1755, 1475, 1363, 1455, 1726, 2087, 2441, 2677, 
2731, 2584, 2281, 1781, 1489, 1363, 1440, 1700, 2060, 2418, 
2667, 2736, 2601, 2307, 1934, 1598, 1393, 1383, 1571, 2032, 
2396, 2653, 2736, 2617, 2334, 1963, 1619, 1400, 1378, 1552, 
1872, 2246, 2561, 2724, 2691, 2356, 1989, 1641, 1411, 1372, 
1534, 1848, 2221, 2545, 2718, 2700, 2491, 2151, 1781, 1491, 
1363, 1516, 1823, 2194, 2524, 2712, 2709, 2511, 2176, 1807, 
1507, 1365, 1427, 1678, 2033, 2395, 2654, 2715, 2530, 2204, 
1831, 1523, 1369, 1418, 1655, 2006, 2372, 2641, 2736, 2627, 
2358, 1990, 1641, 1374, 1408, 1632, 1979, 2348, 2627, 2736, 
2645, 2377, 2016, 1664, 1421, 1368, 1517, 1822, 2195, 2611, 
2735, 2659, 2406, 2043, 1686, 1434, 1364, 1499, 1798, 2168, 
2501, 2704, 2716, 2532, 2205, 1711, 1447, 1361, 1484, 1772, 
2140, 2483, 2697, 2721, 2550, 2230, 1855, 1540, 1374, 1406, 
1633, 2114, 2463, 2687, 2727, 2567, 2255, 1882, 1559, 1379, 
1399, 1611, 1950, 2321, 2611, 2736, 2659, 2281, 1908, 1579, 
1387, 1390, 1591, 1926, 2297, 2595, 2732, 2671, 2425, 2069, 
1710, 1446, 1362, 1571, 1899, 2271, 2579, 2731, 2681, 2448, 
2096, 1734, 1460, 1361, 1466, 1747, 2112, 2460, 2687, 2691, 
2470, 2123, 1756, 1475, 1361, 1451, 1723, 2087, 2439, 2676, 
2728, 2584, 2284, 1909, 1579, 1363, 1441, 1700, 2060, 2418, 
2665, 2735, 2603, 2308, 1936, 1600, 1393, 1384, 1571, 1899, 
2272, 2654, 2736, 2619, 2333, 1963, 1622, 1404, 1376, 1551, 
1871, 2243, 2559, 2723, 2689, 2473, 2124, 1641, 1412, 1371, 
1533, 1847, 2220, 2543, 2719, 2700, 2492, 2151, 1782, 1491, 
1363, 1440, 1700, 2194, 2524, 2712, 2709, 2512, 2179, 1807, 
1507, 1367, 1428, 1678, 2031, 2394, 2652, 2739, 2619, 2206, 
1833, 1523, 1369, 1419, 1654, 2004, 2371, 2638, 2736, 2632, 
2359, 1991, 1641, 1412, 1371, 1632, 1977, 2347, 2625, 2736, 
2647, 2382, 1975, 1607, 1378, 1424, 1673, 2032, 2396, 2659, 
2736, 2510, 2175, 1803, 1504, 1367, 1431, 1681, 2037, 2400, 
2656, 2742, 2616, 2329, 1960, 1616, 1402, 1420, 1659, 2009, 
2373, 2641, 2736, 2628, 2352, 1986, 1638, 1415, 1371, 1536, 
1851, 2224, 2545, 2736, 2643, 2375, 2011, 1660, 1422, 1367, 
1518, 1825, 2197, 2529, 2713, 2707, 2508, 2173, 1803, 1432, 
1363, 1500, 1800, 2171, 2506, 2707, 2715, 2528, 2200, 1832, 
1519, 1368, 1421, 1657, 2009, 2487, 2698, 2720, 2547, 2225, 
1853, 1539, 1374, 1408, 1635, 1981, 2351, 2627, 2736, 2643, 
2377, 1879, 1556, 1378, 1399, 1615, 1955, 2326, 2614, 2735, 
2656, 2401, 2040, 1683, 1432, 1364, 1500, 1927, 2300, 2598, 
2732, 2669, 2424, 2065, 1706, 1442, 1363, 1479, 1775, 2144, 
2485, 2697, 2720, 2444, 2092, 1731, 1458, 1363, 1471, 1750, 
2115, 2464, 2687, 2722, 2567, 2252, 1880, 1559, 1379, 1456, 
1727, 2089, 2443, 2678, 2731, 2583, 2279, 1906, 1576, 1379, 
1390, 1594, 1926, 2303, 2598, 2734, 2598, 2303, 1934, 1596, 
1392, 1384, 1572, 1903, 2275, 2576, 2729, 2680, 2447, 2092, 
1731, 1400, 1376, 1554, 1876, 2247, 2563, 2726, 2689, 2467, 
2120, 1752, 1473, 1364, 1455, 1727, 2090, 2544, 2717, 2697, 
2489, 2147, 1778, 1487, 1363, 1442, 1702, 2059, 2419, 2667, 
2733, 2598, 2304, 1804, 1503, 1365, 1431, 1680, 2038, 2399, 
2656, 2736, 2615, 2329, 1959, 1617, 1400, 1377, 1554, 2008, 
2372, 2641, 2736, 2629, 2355, 1985, 1638, 1411, 1371, 1534, 
1851, 2223, 2543, 2719, 2699, 2377, 2012, 1660, 1421, 1367, 
1519, 1825, 2195, 2527, 2712, 2706, 2510, 2175, 1804, 1504, 
1365, 1500, 1799, 2171, 2505, 2707, 2714, 2529, 2201, 1828, 
1520, 1368, 1420, 1656, 2008, 2372, 2640, 2719, 2547, 2227, 
1855, 1539, 1372, 1409, 1634, 1982, 2349, 2627, 2736, 2643, 
2377, 2012, 1661, 1377, 1399, 1614, 1955, 2325, 2614, 2736, 
2657, 2401, 2040, 1685, 1433, 1363, 1499, 1801, 2170, 2598, 
2732, 2670, 2425, 2067, 1707, 1446, 1363, 1486, 1775, 2143, 
2485, 2697, 2721, 2547, 2230, 1733, 1460, 1363, 1470, 1749, 
2115, 2463, 2687, 2726, 2566, 2255, 1880, 1556, 1378, 1398, 
1612, 2089, 2442, 2678, 2732, 2584, 2279, 1907, 1576, 1384, 
1391, 1594, 1927, 2299, 2596, 2732, 2670, 2305, 1934, 1598, 
1394, 1384, 1572, 1898, 2274, 2580, 2729, 2680, 2447, 2095, 
1731, 1459, 1363, 1552, 1875, 2246, 2561, 2726, 2691, 2468, 
2121, 1754, 1473, 1362, 1455, 1726, 2089, 2444, 2678, 2698, 
2490, 2149, 1778, 1487, 1362, 1442, 1702, 2062, 2419, 2667, 
2735, 2600, 2305, 1934, 1598, 1366, 1430, 1679, 2035, 2396, 
2655, 2735, 2616, 2331, 1960, 1618, 1402, 1376, 1554, 1873, 
2247, 2640, 2735, 2629, 2355, 1987, 1639, 1411, 1372, 1536, 
1849, 2220, 2544, 2719, 2703, 2491, 2148, 1662, 1422, 1366, 
1516, 1824, 2195, 2526, 2713, 2707, 2511, 2175, 1803, 1505, 
1366, 1430, 1678, 2168, 2505, 2705, 2716, 2529, 2201, 1830, 
1521, 1368, 1418, 1655, 2008, 2372, 2640, 2736, 2631, 2227, 
1856, 1539, 1372, 1408, 1633, 1980, 2350, 2626, 2736, 2644, 
2377, 2012, 1663, 1422, 1368, 1612, 1953, 2323, 2613, 2736, 
2659, 2403, 2043, 1686, 1434, 1364, 1500, 1799, 2168, 2504, 
2707, 2668, 2425, 2067, 1707, 1444, 1362, 1483, 1774, 2141, 
2483, 2696, 2719, 2547, 2228, 1855, 1539, 1363, 1469, 1748, 
2113, 2463, 2687, 2727, 2566, 2255, 1881, 1558, 1378, 1400, 
1614, 1953, 2323, 2675, 2734, 2585, 2282, 1908, 1577, 1385, 
1390, 1592, 1927, 2299, 2595, 2732, 2669, 2425, 2068, 1598, 
1393, 1382, 1572, 1900, 2272, 2579, 2729, 2680, 2447, 2092, 
1732, 1459, 1362, 1470, 1748, 2247, 2563, 2724, 2691, 2471, 
2587, 2730, 2672, 2435, 2079, 1717, 1449, 1360, 1477, 1762, 
2127, 2569, 2723, 2681, 2454, 2104, 1741, 1463, 1360, 1462, 
1737, 2102, 2452, 2680, 2727, 2572, 2262, 1762, 1478, 1360, 
1447, 1713, 2075, 2430, 2672, 2729, 2590, 2290, 1917, 1585, 
1385, 1387, 1582, 2048, 2407, 2660, 2734, 2606, 2315, 1944, 
1605, 1396, 1380, 1564, 1888, 2261, 2571, 2727, 2683, 2340, 
1971, 1627, 1406, 1374, 1543, 1863, 2235, 2553, 2721, 2692, 
2479, 2130, 1764, 1479, 1362, 1526, 1836, 2208, 2535, 2714, 
2702, 2500, 2161, 1790, 1494, 1362, 1435, 1691, 2047, 2408, 
2660, 2711, 2520, 2187, 1816, 1511, 1367, 1424, 1668, 2022, 
2385, 2647, 2735, 2622, 2342, 1971, 1628, 1370, 1415, 1646, 
1994, 2360, 2633, 2735, 2635, 2366, 1998, 1650, 1416, 1369, 
1526, 1837, 2209, 2620, 2735, 2649, 2388, 2025, 1672, 1427, 
1366, 1508, 1811, 2182, 2515, 2710, 2712, 2520, 2188, 1695, 
1438, 1364, 1491, 1785, 2156, 2495, 2700, 2716, 2538, 2214, 
1842, 1529, 1368, 1413, 1647, 2129, 2476, 2692, 2723, 2556, 
2240, 1868, 1548, 1376, 1404, 1624, 1968, 2338, 2620, 2736, 
2650, 2265, 1892, 1566, 1380, 1395, 1603, 1942, 2311, 2607, 
2734, 2663, 2414, 2055, 1695, 1438, 1364, 1582, 1915, 2286, 
2588, 2732, 2674, 2436, 2081, 1719, 1452, 1362, 1478, 1761, 
2130, 2476, 2698, 2684, 2457, 2106, 1744, 1463, 1361, 1463, 
1737, 2103, 2453, 2681, 2728, 2575, 2267, 1894, 1567, 1361, 
1447, 1715, 2075, 2432, 2672, 2732, 2591, 2292, 1920, 1586, 
1388, 1386, 1582, 1915, 2286, 2660, 2733, 2607, 2316, 1946, 
1607, 1396, 1380, 1563, 1888, 2262, 2572, 2727, 2684, 2457, 
2108, 1628, 1404, 1375, 1543, 1863, 2235, 2552, 2723, 2695, 
2479, 2134, 1766, 1481, 1361, 1447, 1713, 2207, 2534, 2716, 
2704, 2499, 2162, 1792, 1495, 1363, 1435, 1689, 2046, 2407, 
2660, 2735, 2608, 2189, 1817, 1512, 1367, 1423, 1668, 2020, 
2384, 2648, 2736, 2623, 2342, 1974, 1629, 1407, 1375, 1645, 
1993, 2360, 2633, 2736, 2638, 2367, 2001, 1651, 1416, 1369, 
1525, 1836, 2208, 2535, 2716, 2651, 2391, 2028, 1674, 1427, 
1366, 1507, 1809, 2183, 2515, 2710, 2712, 2520, 2191, 1819, 
1515, 1364, 1491, 1785, 2156, 2496, 2702, 2718, 2540, 2215, 
1843, 1529, 1371, 1414, 1644, 1994, 2361, 2692, 2724, 2557, 
2241, 1868, 1549, 1375, 1403, 1623, 1967, 2336, 2620, 2736, 
2651, 2392, 2028, 1567, 1383, 1393, 1602, 1939, 2311, 2604, 
2734, 2663, 2414, 2055, 1695, 1439, 1363, 1491, 1786, 2287, 
2588, 2732, 2674, 2438, 2082, 1720, 1452, 1362, 1476, 1760, 
2127, 2474, 2691, 2725, 2558, 2108, 1744, 1467, 1359, 1462, 
1736, 2102, 2452, 2681, 2729, 2576, 2268, 1895, 1567, 1382, 
1394, 1713, 2074, 2430, 2672, 2732, 2592, 2294, 1921, 1588, 
1388, 1387, 1582, 1913, 2285, 2588, 2732, 2608, 2319, 1948, 
1608, 1397, 1380, 1564, 1887, 2261, 2572, 2728, 2686, 2459, 
2109, 1744, 1465, 1374, 1543, 1862, 2234, 2552, 2721, 2695, 
2480, 2135, 1768, 1483, 1362, 1447, 1712, 2073, 2430, 2716, 
2705, 2499, 2163, 1793, 1496, 1363, 1435, 1690, 2047, 2409, 
2662, 2734, 2608, 2318, 1947, 1514, 1367, 1423, 1667, 2019, 
2383, 2648, 2736, 2623, 2343, 1975, 1628, 1407, 1375, 1543, 
1860, 2360, 2631, 2736, 2637, 2368, 2000, 1651, 1417, 1369, 
1525, 1836, 2207, 2534, 2716, 2703, 2499, 2027, 1674, 1426, 
1365, 1507, 1809, 2180, 2513, 2710, 2712, 2521, 2190, 1819, 
1513, 1367, 1423, 1785, 2155, 2494, 2702, 2719, 2540, 2216, 
1844, 1531, 1371, 1414, 1643, 1992, 2359, 2633, 2736, 2559, 
2243, 1870, 1551, 1376, 1403, 1622, 1966, 2335, 2619, 2732, 
2651, 2391, 2003, 1630, 1387, 1471, 1779, 2159, 2505, 2707, 
2713, 2513, 2180, 1809, 1507, 1366, 1428, 1676, 2030, 2394, 
2652, 2716, 2535, 2206, 1834, 1525, 1370, 1417, 1654, 2003, 
2368, 2638, 2736, 2631, 2360, 1991, 1643, 1374, 1407, 1630, 
1976, 2344, 2623, 2735, 2646, 2383, 2018, 1665, 1424, 1367, 
1514, 1820, 2190, 2611, 2735, 2659, 2407, 2046, 1688, 1434, 
1365, 1496, 1795, 2166, 2501, 2705, 2716, 2532, 2206, 1712, 
1448, 1364, 1483, 1769, 2137, 2481, 2696, 2722, 2551, 2234, 
1860, 1539, 1374, 1407, 1628, 2111, 2460, 2686, 2727, 2569, 
2259, 1886, 1560, 1379, 1397, 1609, 1951, 2320, 2611, 2736, 
2659, 2286, 1911, 1580, 1386, 1388, 1588, 1921, 2294, 2593, 
2732, 2671, 2430, 2072, 1712, 1447, 1362, 1568, 1895, 2268, 
2577, 2732, 2681, 2451, 2100, 1736, 1462, 1363, 1467, 1744, 
2109, 2459, 2686, 2694, 2472, 2127, 1759, 1475, 1361, 1452, 
1721, 2083, 2437, 2675, 2731, 2587, 2286, 1913, 1581, 1363, 
1439, 1697, 2055, 2416, 2664, 2734, 2604, 2310, 1939, 1601, 
1395, 1382, 1568, 1896, 2270, 2652, 2737, 2620, 2336, 1967, 
1622, 1404, 1376, 1549, 1869, 2242, 2559, 2723, 2692, 2472, 
2127, 1644, 1413, 1371, 1531, 1841, 2215, 2540, 2718, 2702, 
2494, 2154, 1784, 1492, 1363, 1438, 1697, 2190, 2521, 2714, 
2711, 2515, 2180, 1810, 1507, 1367, 1427, 1675, 2030, 2390, 
2651, 2736, 2619, 2207, 1836, 1524, 1368, 1416, 1651, 2000, 
2367, 2638, 2736, 2633, 2360, 1992, 1644, 1413, 1370, 1628, 
1975, 2343, 2623, 2736, 2647, 2384, 2020, 1666, 1424, 1369, 
1513, 1819, 2190, 2520, 2712, 2660, 2408, 2047, 1689, 1435, 
1364, 1496, 1793, 2164, 2501, 2704, 2716, 2535, 2208, 1836, 
1525, 1362, 1480, 1767, 2135, 2480, 2696, 2723, 2552, 2235, 
1862, 1543, 1374, 1406, 1628, 1976, 2342, 2686, 2727, 2570, 
2260, 1887, 1561, 1379, 1396, 1607, 1948, 2318, 2611, 2736, 
2661, 2409, 2047, 1582, 1387, 1390, 1587, 1921, 2293, 2592, 
2732, 2672, 2431, 2073, 1714, 1447, 1361, 1481, 1768, 2270, 
2576, 2728, 2683, 2451, 2101, 1737, 1462, 1361, 1467, 1743, 
2108, 2460, 2684, 2728, 2572, 2127, 1760, 1477, 1362, 1453, 
1721, 2080, 2438, 2675, 2732, 2588, 2286, 1915, 1583, 1387, 
1388, 1697, 2055, 2415, 2663, 2733, 2604, 2311, 1940, 1601, 
1394, 1383, 1568, 1894, 2268, 2576, 2728, 2619, 2336, 1967, 
1622, 1403, 1375, 1548, 1870, 2241, 2558, 2723, 2693, 2473, 
2128, 1761, 1476, 1371, 1529, 1844, 2215, 2537, 2717, 2702, 
2495, 2156, 1785, 1492, 1364, 1439, 1695, 2055, 2414, 2712, 
2711, 2515, 2182, 1811, 1508, 1366, 1426, 1673, 2028, 2391, 
2652, 2737, 2620, 2337, 1967, 1526, 1370, 1416, 1649, 2000, 
2367, 2638, 2736, 2633, 2361, 1995, 1648, 1414, 1370, 1529, 
1843, 2343, 2623, 2736, 2648, 2385, 2020, 1667, 1425, 1367, 
1512, 1817, 2188, 2520, 2711, 2712, 2515, 2047, 1691, 1435, 
1364, 1495, 1793, 2162, 2499, 2704, 2716, 2535, 2208, 1838, 
1527, 1371, 1416, 1766, 2135, 2479, 2694, 2723, 2554, 2235, 
1862, 1544, 1375, 1406, 1629, 1974, 2344, 2623, 2736, 2572, 
2262, 1890, 1564, 1379, 1398, 1608, 1947, 2318, 2608, 2735, 
2660, 2409, 2047, 1691, 1436, 1388, 1587, 1921, 2292, 2591, 
2732, 2672, 2430, 2075, 1713, 1448, 1362, 1481, 1767, 2134, 
2479, 2727, 2683, 2452, 2102, 1738, 1462, 1362, 1466, 1742, 
2108, 2457, 2688, 2728, 2571, 2262, 1888, 1478, 1361, 1452, 
1721, 2079, 2435, 2675, 2732, 2590, 2288, 1914, 1584, 1387, 
1388, 1587, 1919, 2414, 2662, 2735, 2604, 2311, 1940, 1603, 
1395, 1381, 1567, 1894, 2266, 2575, 2727, 2683, 2452, 1968, 
1623, 1404, 1375, 1548, 1867, 2240, 2556, 2724, 2694, 2476, 
2583, 2728, 2673, 2437, 2084, 1611, 1399, 1378, 1558, 1881, 
2254, 2567, 2724, 2685, 2460, 2112, 1748, 1467, 1359, 1457, 
1731, 2227, 2547, 2720, 2695, 2483, 2140, 1770, 1482, 1360, 
1441, 1708, 2067, 2423, 2668, 2731, 2594, 2164, 1796, 1499, 
1363, 1432, 1684, 2041, 2402, 2656, 2735, 2609, 2321, 1950, 
1611, 1398, 1382, 1663, 2014, 2379, 2644, 2735, 2624, 2346, 
1978, 1632, 1407, 1372, 1539, 1857, 2227, 2547, 2719, 2639, 
2371, 2005, 1655, 1417, 1369, 1521, 1830, 2203, 2529, 2713, 
2704, 2503, 2167, 1797, 1499, 1365, 1504, 1804, 2176, 2510, 
2707, 2712, 2524, 2193, 1821, 1515, 1366, 1423, 1663, 2015, 
2380, 2700, 2719, 2542, 2220, 1848, 1534, 1372, 1411, 1639, 
1987, 2355, 2630, 2735, 2639, 2371, 2006, 1551, 1376, 1400, 
1619, 1960, 2330, 2616, 2735, 2653, 2396, 2032, 1678, 1429, 
1366, 1503, 1804, 2305, 2600, 2732, 2664, 2418, 2060, 1701, 
1441, 1363, 1487, 1780, 2148, 2489, 2700, 2719, 2543, 2086, 
1726, 1454, 1362, 1473, 1755, 2121, 2470, 2690, 2725, 2559, 
2246, 1873, 1551, 1376, 1401, 1733, 2096, 2446, 2680, 2729, 
2579, 2272, 1899, 1572, 1384, 1393, 1598, 1934, 2306, 2602, 
2734, 2596, 2297, 1926, 1591, 1391, 1385, 1578, 1908, 2280, 
2585, 2731, 2678, 2440, 2087, 1724, 1455, 1379, 1557, 1881, 
2255, 2567, 2724, 2687, 2462, 2114, 1749, 1468, 1364, 1458, 
1732, 2095, 2447, 2719, 2696, 2484, 2140, 1772, 1485, 1362, 
1446, 1710, 2068, 2427, 2671, 2734, 2596, 2300, 1927, 1500, 
1365, 1435, 1686, 2042, 2403, 2659, 2736, 2613, 2323, 1953, 
1614, 1398, 1378, 1560, 1883, 2379, 2646, 2737, 2627, 2348, 
1980, 1634, 1408, 1373, 1538, 1855, 2228, 2548, 2720, 2697, 
2484, 2007, 1656, 1419, 1368, 1521, 1831, 2203, 2529, 2714, 
2705, 2503, 2167, 1796, 1500, 1364, 1432, 1804, 2175, 2510, 
2708, 2713, 2524, 2195, 1823, 1516, 1368, 1420, 1661, 2013, 
2377, 2643, 2736, 2544, 2222, 1848, 1535, 1372, 1411, 1639, 
1987, 2355, 2630, 2736, 2640, 2372, 2008, 1656, 1420, 1401, 
1617, 1960, 2330, 2616, 2735, 2655, 2398, 2033, 1679, 1429, 
1365, 1503, 1804, 2176, 2510, 2734, 2667, 2419, 2062, 1703, 
1443, 1362, 1487, 1779, 2148, 2490, 2700, 2719, 2545, 2224, 
1850, 1456, 1363, 1475, 1754, 2121, 2468, 2689, 2724, 2563, 
2248, 1875, 1552, 1377, 1400, 1618, 1960, 2447, 2680, 2731, 
2582, 2275, 1902, 1572, 1383, 1393, 1598, 1933, 2305, 2600, 
2733, 2668, 2419, 1927, 1593, 1391, 1384, 1576, 1907, 2281, 
2584, 2729, 2678, 2442, 2088, 1727, 1455, 1362, 1472, 1880, 
2252, 2566, 2726, 2687, 2463, 2116, 1750, 1470, 1362, 1457, 
1731, 2094, 2446, 2680, 2729, 2487, 2144, 1774, 1486, 1364, 
1444, 1708, 2065, 2424, 2670, 2734, 2597, 2300, 1927, 1593, 
1391, 1432, 1684, 2040, 2400, 2656, 2736, 2612, 2325, 1955, 
1614, 1400, 1379, 1556, 1880, 2254, 2567, 2736, 2627, 2352, 
1982, 1636, 1412, 1374, 1539, 1856, 2227, 2547, 2720, 2697, 
2485, 2144, 1775, 1419, 1368, 1520, 1828, 2201, 2529, 2715, 
2704, 2504, 2171, 1801, 1500, 1364, 1433, 1683, 2039, 2508, 
2708, 2713, 2526, 2195, 1824, 1519, 1368, 1420, 1660, 2013, 
2377, 2643, 2738, 2627, 2348, 1849, 1535, 1372, 1411, 1638, 
1985, 2353, 2629, 2736, 2640, 2375, 2008, 1657, 1420, 1368, 
1520, 1959, 2328, 2616, 2736, 2656, 2398, 2035, 1680, 1430, 
1365, 1502, 1803, 2174, 2508, 2707, 2713, 2420, 2064, 1704, 
1441, 1363, 1486, 1779, 2147, 2488, 2698, 2719, 2544, 2223, 
1850, 1536, 1374, 1473, 1754, 2119, 2468, 2688, 2726, 2563, 
2250, 1875, 1554, 1376, 1401, 1616, 1959, 2329, 2616, 2728, 
2580, 2275, 1881, 1536, 1360, 1487, 1783, 2163, 2504, 2708, 
2712, 2506, 2171, 1800, 1500, 1364, 1503, 1803, 2173, 2508, 
2707, 2713, 2526, 2196, 1825, 1518, 1368, 1420, 1660, 2012, 
2376, 2697, 2719, 2545, 2224, 1851, 1536, 1373, 1408, 1638, 
1985, 2352, 2629, 2736, 2642, 2375, 2009, 1554, 1378, 1400, 
1617, 1959, 2328, 2616, 2737, 2656, 2400, 2038, 1681, 1431, 
1365, 1503, 1803, 2303, 2599, 2732, 2668, 2420, 2063, 1703, 
1443, 1363, 1486, 1777, 2145, 2489, 2697, 2719, 2545, 2089, 
1728, 1455, 1363, 1474, 1752, 2119, 2468, 2688, 2724, 2563, 
2249, 1877, 1554, 1378, 1400, 1729, 2092, 2444, 2679, 2729, 
2582, 2275, 1904, 1575, 1385, 1392, 1596, 1931, 2303, 2599, 
2732, 2597, 2300, 1927, 1593, 1390, 1384, 1575, 1905, 2278, 
2582, 2730, 2678, 2441, 2091, 1727, 1456, 1378, 1556, 1879, 
2252, 2566, 2726, 2687, 2464, 2116, 1751, 1470, 1362, 1459, 
1728, 2091, 2447, 2719, 2699, 2486, 2144, 1775, 1486, 1363, 
1443, 1706, 2065, 2423, 2668, 2734, 2599, 2302, 1929, 1500, 
1364, 1432, 1682, 2039, 2400, 2656, 2737, 2614, 2325, 1957, 
1615, 1400, 1378, 1556, 1878, 2376, 2643, 2736, 2629, 2350, 
1983, 1637, 1409, 1373, 1539, 1854, 2226, 2550, 2720, 2700, 
2488, 2011, 1658, 1420, 1368, 1519, 1828, 2199, 2528, 2715, 
2707, 2508, 2172, 1801, 1501, 1363, 1431, 1803, 2175, 2507, 
2707, 2714, 2527, 2196, 1826, 1520, 1368, 1420, 1660, 2010, 
2375, 2643, 2736, 2545, 2224, 1851, 1537, 1372, 1409, 1636, 
1984, 2352, 2627, 2736, 2643, 2375, 2009, 1659, 1420, 1400, 
1615, 1958, 2327, 2616, 2736, 2656, 2399, 2038, 1681, 1431, 
1366, 1502, 1801, 2171, 2508, 2733, 2669, 2422, 2064, 1705, 
1443, 1362, 1487, 1776, 2145, 2488, 2700, 2719, 2544, 2225, 
1852, 1457, 1363, 1471, 1752, 2118, 2465, 2688, 2726, 2565, 
2251, 1877, 1555, 1378, 1400, 1617, 1959, 2445, 2680, 2729, 
2583, 2277, 1904, 1575, 1383, 1391, 1596, 1929, 2303, 2600, 
2733, 2670, 2422, 1930, 1596, 1392, 1383, 1575, 1904, 2274, 
2582, 2732, 2680, 2446, 2091, 1728, 1457, 1361, 1471, 1877, 
2252, 2564, 2726, 2688, 2466, 2119, 1752, 1471, 1362, 1456, 
1728, 2092, 2444, 2677, 2731, 2490, 2145, 1777, 1487, 1363, 
1444, 1704, 2064, 2422, 2668, 2734, 2599, 2303, 1931, 1596, 
1392, 1432, 1680, 2036, 2401, 2656, 2737, 2614, 2328, 1958, 
1615, 1401, 1377, 1554, 1878, 2248, 2565, 2737, 2627, 2352, 
1985, 1638, 1410, 1372, 1536, 1852, 2225, 2545, 2720, 2700, 
2488, 2145, 1777, 1420, 1368, 1519, 1827, 2199, 2527, 2716, 
2707, 2508, 2172, 1801, 1503, 1366, 1430, 1681, 2036, 2507, 
2707, 2715, 2528, 2200, 1827, 1520, 1368, 1419, 1658, 2008, 
2375, 2643, 2737, 2628, 2353, 1854, 1538, 1372, 1409, 1635, 
1983, 2352, 2630, 2737, 2643, 2376, 2009, 1660, 1420, 1368, 
1518, 1955, 2326, 2612, 2736, 2656, 2400, 2038, 1683, 1431, 
1364, 1501, 1801, 2172, 2506, 2707, 2712, 2424, 2065, 1708, 
1444, 1362, 1485, 1776, 2144, 2487, 2699, 2719, 2547, 2226, 
1853, 1536, 1372, 1469, 1752, 2119, 2465, 2687, 2727, 2566, 
2252, 1879, 1555, 1378, 1400, 1615, 1957, 2325, 2615, 2730, 
2584, 2281, 1907, 1577, 1390, 1392, 1595, 1929, 2301, 2599, 
2734, 2670, 2423, 2064, 1707, 1393, 1384, 1571, 1903, 2275, 
2581, 2731, 2680, 2446, 2092, 1731, 1460, 1360, 1471, 1750, 
2116, 2563, 2726, 2689, 2468, 2120, 1753, 1472, 1361, 1455, 
1728, 2089, 2443, 2678, 2732, 2584, 2279, 1778, 1487, 1362, 
1442, 1703, 2063, 2420, 2668, 2732, 2599, 2304, 1932, 1598, 
1392, 1384, 1573, 2037, 2399, 2656, 2736, 2615, 2328, 1958, 
1616, 1401, 1378, 1554, 1876, 2249, 2563, 2726, 2690, 2353, 
2663, 2732, 2603, 2312, 1941, 1604, 1395, 1380, 1564, 1890, 
2263, 2572, 2726, 2681, 2452, 1968, 1624, 1403, 1375, 1545, 
1865, 2238, 2555, 2721, 2691, 2472, 2129, 1763, 1478, 1363, 
1450, 1840, 2211, 2536, 2716, 2700, 2496, 2156, 1788, 1492, 
1363, 1436, 1692, 2054, 2411, 2660, 2731, 2515, 2183, 1812, 
1509, 1363, 1425, 1671, 2023, 2386, 2648, 2733, 2617, 2337, 
1968, 1625, 1403, 1414, 1651, 1998, 2364, 2633, 2735, 2632, 
2364, 1996, 1647, 1415, 1370, 1528, 1840, 2211, 2536, 2736, 
2648, 2387, 2022, 1669, 1424, 1366, 1511, 1815, 2190, 2518, 
2711, 2711, 2516, 2186, 1813, 1436, 1362, 1492, 1788, 2159, 
2496, 2702, 2716, 2536, 2211, 1838, 1528, 1370, 1415, 1647, 
1999, 2477, 2694, 2722, 2555, 2236, 1864, 1545, 1375, 1405, 
1625, 1970, 2339, 2621, 2735, 2648, 2387, 1889, 1562, 1377, 
1395, 1604, 1945, 2315, 2607, 2735, 2661, 2410, 2051, 1691, 
1436, 1364, 1492, 1917, 2289, 2589, 2731, 2672, 2433, 2078, 
1716, 1449, 1363, 1479, 1763, 2130, 2476, 2693, 2723, 2455, 
2105, 1739, 1464, 1362, 1464, 1740, 2104, 2454, 2683, 2727, 
2573, 2264, 1890, 1564, 1382, 1449, 1716, 2077, 2433, 2675, 
2732, 2591, 2291, 1916, 1584, 1387, 1387, 1584, 1916, 2291, 
2590, 2735, 2606, 2316, 1943, 1606, 1395, 1380, 1564, 1891, 
2264, 2573, 2727, 2683, 2456, 2105, 1742, 1405, 1374, 1544, 
1864, 2238, 2554, 2723, 2695, 2478, 2132, 1766, 1479, 1362, 
1449, 1715, 2079, 2536, 2716, 2703, 2499, 2159, 1791, 1495, 
1364, 1437, 1694, 2051, 2411, 2663, 2735, 2607, 2316, 1815, 
1511, 1363, 1424, 1670, 2024, 2387, 2649, 2734, 2620, 2341, 
1971, 1626, 1405, 1375, 1544, 1997, 2363, 2635, 2736, 2636, 
2364, 1998, 1648, 1415, 1369, 1527, 1839, 2211, 2540, 2716, 
2703, 2389, 2025, 1672, 1426, 1366, 1510, 1812, 2184, 2515, 
2711, 2712, 2518, 2186, 1814, 1511, 1366, 1492, 1789, 2159, 
2496, 2703, 2717, 2538, 2211, 1840, 1528, 1370, 1415, 1647, 
1996, 2363, 2635, 2723, 2556, 2240, 1867, 1547, 1376, 1404, 
1625, 1969, 2340, 2620, 2736, 2652, 2390, 2023, 1672, 1381, 
1395, 1604, 1943, 2314, 2607, 2735, 2663, 2414, 2053, 1692, 
1436, 1363, 1492, 1788, 2158, 2590, 2734, 2673, 2434, 2079, 
1718, 1452, 1362, 1479, 1765, 2131, 2476, 2694, 2723, 2556, 
2239, 1743, 1465, 1362, 1463, 1739, 2104, 2455, 2684, 2727, 
2572, 2265, 1892, 1565, 1381, 1396, 1604, 2076, 2432, 2672, 
2732, 2591, 2291, 1919, 1585, 1388, 1387, 1584, 1917, 2289, 
2591, 2732, 2673, 2316, 1944, 1606, 1395, 1380, 1563, 1889, 
2263, 2572, 2728, 2686, 2457, 2106, 1743, 1464, 1362, 1545, 
1863, 2236, 2550, 2721, 2695, 2476, 2132, 1766, 1479, 1362, 
1449, 1715, 2076, 2431, 2672, 2703, 2498, 2161, 1791, 1493, 
1366, 1439, 1692, 2050, 2410, 2662, 2735, 2607, 2315, 1944, 
1607, 1366, 1424, 1670, 2022, 2386, 2648, 2736, 2622, 2340, 
1971, 1627, 1406, 1374, 1545, 1864, 2236, 2633, 2737, 2636, 
2366, 1999, 1649, 1416, 1368, 1527, 1838, 2209, 2535, 2716, 
2703, 2497, 2161, 1672, 1427, 1366, 1510, 1813, 2183, 2518, 
2711, 2711, 2519, 2188, 1816, 1511, 1366, 1425, 1668, 2158, 
2496, 2703, 2718, 2539, 2214, 1841, 1529, 1371, 1415, 1646, 
1998, 2359, 2635, 2736, 2638, 2240, 1868, 1547, 1376, 1405, 
1624, 1969, 2337, 2620, 2737, 2652, 2390, 2025, 1673, 1426, 
1366, 1604, 1942, 2312, 2606, 2734, 2663, 2412, 2055, 1694, 
1439, 1363, 1490, 1787, 2158, 2496, 2702, 2675, 2435, 2080, 
1719, 1450, 1360, 1477, 1763, 2129, 2475, 2695, 2724, 2558, 
2240, 1868, 1547, 1363, 1463, 1739, 2103, 2454, 2683, 2728, 
2575, 2257, 1863, 1526, 1363, 1499, 1819, 2200, 2532, 2737, 
2649, 2371, 2004, 1654, 1418, 1369, 1523, 1832, 2204, 2531, 
2715, 2705, 2503, 2167, 1797, 1428, 1365, 1506, 1807, 2178, 
2511, 2707, 2713, 2520, 2194, 1822, 1516, 1368, 1423, 1666, 
2016, 2491, 2699, 2718, 2543, 2219, 1848, 1534, 1372, 1412, 
1641, 1990, 2357, 2631, 2736, 2639, 2371, 1870, 1551, 1375, 
1402, 1619, 1961, 2330, 2616, 2736, 2653, 2396, 2031, 1677, 
1428, 1365, 1504, 1935, 2307, 2603, 2734, 2665, 2419, 2060, 
1700, 1440, 1363, 1489, 1781, 2150, 2491, 2700, 2719, 2439, 
2087, 1726, 1453, 1362, 1475, 1756, 2123, 2471, 2690, 2724, 
2561, 2246, 1874, 1552, 1376, 1459, 1734, 2098, 2448, 2681, 
2729, 2579, 2272, 1899, 1571, 1383, 1393, 1600, 1937, 2305, 
2601, 2732, 2595, 2299, 1926, 1591, 1390, 1387, 1577, 1908, 
2282, 2585, 2731, 2676, 2440, 2087, 1725, 1398, 1379, 1559, 
1882, 2255, 2567, 2727, 2687, 2463, 2115, 1749, 1468, 1363, 
1457, 1732, 2096, 2551, 2721, 2696, 2483, 2140, 1772, 1484, 
1361, 1445, 1708, 2068, 2425, 2671, 2732, 2596, 2298, 1798, 
1499, 1364, 1433, 1684, 2044, 2403, 2658, 2736, 2612, 2321, 
1951, 1613, 1399, 1379, 1559, 2015, 2378, 2644, 2738, 2627, 
2348, 1980, 1633, 1408, 1373, 1540, 1857, 2230, 2550, 2720, 
2696, 2372, 2004, 1656, 1418, 1368, 1520, 1830, 2203, 2529, 
2716, 2705, 2503, 2168, 1798, 1499, 1364, 1505, 1805, 2176, 
2511, 2708, 2712, 2523, 2198, 1823, 1518, 1369, 1424, 1663, 
2015, 2379, 2644, 2719, 2543, 2221, 1847, 1534, 1371, 1411, 
1639, 1989, 2356, 2631, 2736, 2639, 2372, 2008, 1656, 1377, 
1401, 1617, 1961, 2332, 2617, 2735, 2652, 2396, 2032, 1679, 
1428, 1364, 1504, 1805, 2174, 2600, 2732, 2668, 2418, 2057, 
1699, 1441, 1363, 1487, 1782, 2150, 2491, 2700, 2719, 2544, 
2222, 1726, 1455, 1362, 1476, 1755, 2121, 2470, 2689, 2723, 
2563, 2246, 1873, 1553, 1377, 1401, 1619, 2096, 2448, 2680, 
2731, 2579, 2274, 1901, 1572, 1383, 1392, 1599, 1934, 2306, 
2601, 2732, 2667, 2300, 1926, 1593, 1390, 1384, 1577, 1909, 
2281, 2584, 2731, 2678, 2441, 2088, 1726, 1455, 1362, 1557, 
1881, 2255, 2567, 2727, 2687, 2463, 2115, 1749, 1469, 1362, 
1459, 1732, 2094, 2446, 2680, 2698, 2487, 2138, 1772, 1485, 
1363, 1444, 1708, 2068, 2425, 2669, 2733, 2596, 2300, 1927, 
1592, 1364, 1432, 1685, 2041, 2403, 2657, 2735, 2616, 2324, 
1953, 1613, 1399, 1379, 1558, 1882, 2254, 2646, 2737, 2626, 
2350, 1980, 1634, 1409, 1372, 1537, 1856, 2227, 2549, 2720, 
2697, 2485, 2142, 1655, 1419, 1368, 1521, 1832, 2201, 2531, 
2715, 2706, 2504, 2169, 1798, 1500, 1366, 1434, 1684, 2175, 
2510, 2709, 2714, 2526, 2196, 1824, 1518, 1368, 1421, 1662, 
2014, 2379, 2644, 2736, 2627, 2222, 1850, 1534, 1370, 1409, 
1638, 1987, 2352, 2631, 2736, 2641, 2372, 2007, 1657, 1419, 
1369, 1617, 1959, 2329, 2616, 2736, 2655, 2398, 2035, 1679, 
1430, 1365, 1504, 1804, 2175, 2511, 2707, 2670, 2420, 2062, 
1702, 1442, 1363, 1487, 1782, 2148, 2488, 2700, 2720, 2544, 
2222, 1850, 1535, 1362, 1475, 1754, 2121, 2469, 2691, 2726, 
2562, 2247, 1876, 1551, 1378, 1401, 1616, 1955, 2331, 2680, 
2731, 2582, 2275, 1902, 1572, 1383, 1393, 1597, 1932, 2304, 
2601, 2734, 2668, 2420, 2061, 1593, 1391, 1385, 1575, 1907, 
2279, 2584, 2728, 2676, 2442, 2090, 1728, 1456, 1362, 1472, 
1754, 2254, 2565, 2727, 2687, 2464, 2116, 1751, 1471, 1362, 
1458, 1731, 2094, 2447, 2680, 2731, 2580, 2142, 1774, 1485, 
1362, 1444, 1707, 2067, 2424, 2670, 2735, 2598, 2300, 1927, 
1594, 1391, 1385, 1683, 2040, 2401, 2656, 2735, 2611, 2324, 
2672, 2727, 2585, 2284, 1910, 1579, 1383, 1388, 1586, 2053, 
2414, 2663, 2732, 2601, 2310, 1937, 1600, 1393, 1379, 1567, 
1894, 2267, 2575, 2727, 2680, 2334, 1966, 1620, 1403, 1374, 
1547, 1868, 2240, 2556, 2721, 2690, 2468, 2124, 1759, 1476, 
1360, 1529, 1843, 2214, 2537, 2718, 2700, 2493, 2153, 1784, 
1490, 1362, 1438, 1695, 2057, 2414, 2662, 2707, 2513, 2180, 
1806, 1507, 1364, 1424, 1672, 2026, 2391, 2652, 2736, 2619, 
2335, 1964, 1622, 1369, 1416, 1651, 2000, 2366, 2636, 2735, 
2631, 2359, 1992, 1646, 1412, 1371, 1530, 1843, 2215, 2623, 
2735, 2646, 2383, 2019, 1667, 1423, 1366, 1512, 1817, 2188, 
2519, 2711, 2708, 2513, 2180, 1688, 1435, 1364, 1495, 1793, 
2163, 2499, 2704, 2715, 2534, 2207, 1835, 1525, 1369, 1416, 
1651, 2135, 2479, 2694, 2721, 2551, 2232, 1860, 1542, 1372, 
1406, 1629, 1975, 2343, 2623, 2735, 2647, 2260, 1886, 1561, 
1379, 1395, 1607, 1948, 2319, 2609, 2735, 2660, 2407, 2047, 
1687, 1436, 1365, 1587, 1921, 2294, 2592, 2731, 2671, 2431, 
2073, 1713, 1448, 1363, 1481, 1768, 2135, 2478, 2695, 2680, 
2452, 2101, 1737, 1460, 1360, 1466, 1743, 2110, 2457, 2684, 
2726, 2570, 2259, 1887, 1563, 1364, 1453, 1720, 2081, 2436, 
2676, 2731, 2588, 2287, 1915, 1580, 1385, 1389, 1586, 1920, 
2294, 2663, 2734, 2604, 2312, 1940, 1602, 1395, 1380, 1567, 
1894, 2268, 2576, 2729, 2681, 2451, 2100, 1623, 1403, 1375, 
1547, 1868, 2241, 2556, 2724, 2691, 2475, 2127, 1760, 1477, 
1361, 1452, 1720, 2215, 2539, 2719, 2700, 2492, 2155, 1788, 
1489, 1363, 1438, 1696, 2054, 2414, 2663, 2734, 2605, 2183, 
1811, 1508, 1366, 1426, 1674, 2027, 2390, 2651, 2735, 2620, 
2335, 1967, 1624, 1404, 1376, 1650, 2001, 2366, 2634, 2736, 
2632, 2361, 1995, 1645, 1415, 1369, 1529, 1843, 2215, 2539, 
2718, 2645, 2384, 2021, 1668, 1423, 1366, 1513, 1816, 2188, 
2520, 2712, 2712, 2516, 2182, 1811, 1510, 1364, 1495, 1792, 
2162, 2498, 2703, 2717, 2535, 2209, 1836, 1527, 1368, 1416, 
1651, 2000, 2367, 2695, 2723, 2553, 2235, 1863, 1544, 1375, 
1406, 1628, 1973, 2343, 2623, 2736, 2648, 2385, 2020, 1565, 
1380, 1396, 1607, 1947, 2318, 2608, 2736, 2661, 2410, 2048, 
1688, 1434, 1361, 1495, 1792, 2291, 2593, 2732, 2673, 2430, 
2075, 1715, 1448, 1362, 1480, 1767, 2136, 2480, 2695, 2723, 
2553, 2102, 1739, 1462, 1362, 1466, 1743, 2108, 2459, 2685, 
2729, 2572, 2261, 1888, 1561, 1380, 1398, 1720, 2079, 2435, 
2675, 2732, 2588, 2288, 1916, 1584, 1388, 1389, 1586, 1921, 
2293, 2592, 2731, 2606, 2312, 1943, 1603, 1394, 1382, 1568, 
1894, 2267, 2573, 2728, 2681, 2452, 2102, 1737, 1463, 1375, 
1548, 1867, 2240, 2556, 2723, 2692, 2473, 2130, 1763, 1478, 
1363, 1451, 1720, 2079, 2435, 2717, 2703, 2495, 2156, 1788, 
1493, 1363, 1438, 1695, 2052, 2412, 2663, 2734, 2606, 2312, 
1942, 1504, 1367, 1425, 1672, 2026, 2388, 2650, 2736, 2620, 
2339, 1968, 1623, 1404, 1374, 1546, 1867, 2366, 2636, 2736, 
2632, 2361, 1994, 1647, 1414, 1371, 1529, 1841, 2214, 2539, 
2719, 2703, 2496, 2020, 1670, 1428, 1367, 1512, 1816, 2187, 
2519, 2711, 2710, 2515, 2185, 1812, 1509, 1366, 1425, 1790, 
2160, 2499, 2704, 2717, 2535, 2209, 1837, 1527, 1369, 1415, 
1649, 2000, 2366, 2636, 2738, 2555, 2238, 1863, 1544, 1375, 
1404, 1627, 1972, 2342, 2622, 2736, 2648, 2385, 2022, 1667, 
1425, 1396, 1606, 1944, 2316, 2608, 2735, 2662, 2409, 2049, 
1691, 1436, 1368, 1495, 1791, 2161, 2498, 2732, 2672, 2432, 
2076, 1715, 1449, 1361, 1479, 1767, 2133, 2478, 2694, 2723, 
2555, 2215, 1817, 1401, 1393, 1610, 1967, 2340, 2624, 2736, 
2646, 2367, 1999, 1651, 1417, 1370, 1525, 1836, 2207, 2619, 
2736, 2651, 2392, 2028, 1675, 1428, 1366, 1508, 1809, 2182, 
2513, 2710, 2712, 2521, 2190, 1696, 1439, 1363, 1491, 1784, 
2156, 2495, 2700, 2718, 2540, 2215, 1844, 1532, 1371, 1414, 
1646, 2127, 2475, 2694, 2723, 2558, 2240, 1868, 1547, 1375, 
1401, 1622, 1967, 2335, 2620, 2735, 2652, 2267, 1895, 1571, 
1382, 1395, 1601, 1939, 2311, 2604, 2734, 2664, 2414, 2054, 
1696, 1439, 1364, 1581, 1912, 2287, 2588, 2732, 2676, 2436, 
2082, 1721, 1451, 1358, 1478, 1760, 2127, 2473, 2691, 2685, 
2459, 2110, 1744, 1466, 1362, 1461, 1735, 2099, 2451, 2683, 
2731, 2577, 2270, 1894, 1567, 1362, 1449, 1711, 2073, 2429, 
2672, 2732, 2592, 2295, 1920, 1588, 1390, 1386, 1582, 1913, 
2286, 2660, 2735, 2609, 2319, 1948, 1610, 1397, 1381, 1562, 
1887, 2260, 2571, 2728, 2686, 2459, 2110, 1630, 1407, 1375, 
1543, 1861, 2234, 2552, 2721, 2695, 2483, 2136, 1768, 1481, 
1363, 1447, 1712, 2206, 2535, 2716, 2704, 2499, 2163, 1795, 
1495, 1364, 1435, 1688, 2047, 2407, 2660, 2735, 2608, 2190, 
1816, 1513, 1368, 1423, 1667, 2020, 2383, 2648, 2736, 2624, 
2344, 1976, 1632, 1408, 1375, 1643, 1992, 2360, 2631, 2736, 
2638, 2368, 2001, 1652, 1417, 1369, 1526, 1836, 2207, 2532, 
2716, 2652, 2393, 2028, 1676, 1427, 1366, 1507, 1808, 2180, 
2512, 2710, 2713, 2523, 2191, 1820, 1512, 1364, 1490, 1785, 
2154, 2493, 2702, 2716, 2540, 2219, 1845, 1532, 1371, 1412, 
1643, 1991, 2360, 2691, 2724, 2559, 2241, 1871, 1550, 1376, 
1403, 1622, 1964, 2335, 2620, 2736, 2652, 2394, 2028, 1568, 
1381, 1395, 1601, 1937, 2311, 2604, 2735, 2664, 2415, 2057, 
1697, 1441, 1363, 1490, 1784, 2283, 2587, 2730, 2676, 2438, 
2083, 1721, 1453, 1362, 1476, 1759, 2125, 2472, 2691, 2724, 
2559, 2111, 1747, 1467, 1363, 1462, 1736, 2099, 2451, 2681, 
2730, 2579, 2270, 1897, 1569, 1383, 1395, 1712, 2072, 2428, 
2672, 2734, 2595, 2296, 1924, 1590, 1390, 1387, 1580, 1907, 
2283, 2590, 2731, 2610, 2319, 1950, 1611, 1398, 1380, 1561, 
1885, 2259, 2570, 2727, 2687, 2459, 2111, 1745, 1467, 1374, 
1542, 1860, 2232, 2551, 2721, 2695, 2483, 2137, 1770, 1482, 
1362, 1446, 1711, 2072, 2428, 2716, 2704, 2502, 2167, 1796, 
1497, 1363, 1434, 1688, 2046, 2405, 2657, 2735, 2609, 2321, 
1950, 1515, 1367, 1423, 1667, 2018, 2380, 2648, 2736, 2624, 
2346, 1978, 1630, 1407, 1374, 1542, 1859, 2358, 2632, 2734, 
2638, 2372, 2005, 1653, 1417, 1369, 1523, 1835, 2206, 2531, 
2716, 2705, 2502, 2031, 1677, 1430, 1366, 1505, 1807, 2179, 
2512, 2708, 2713, 2523, 2191, 1820, 1515, 1367, 1423, 1784, 
2152, 2492, 2702, 2719, 2543, 2220, 1846, 1532, 1371, 1413, 
1641, 1991, 2356, 2631, 2735, 2560, 2244, 1871, 1550, 1376, 
1403, 1620, 1964, 2333, 2617, 2736, 2651, 2394, 2032, 1678, 
1427, 1393, 1600, 1937, 2307, 2606, 2733, 2665, 2417, 2059, 
1697, 1440, 1361, 1490, 1784, 2155, 2492, 2732, 2676, 2439, 
2086, 1723, 1453, 1363, 1475, 1759, 2126, 2471, 2691, 2725, 
2559, 2244, 1872, 1467, 1362, 1460, 1735, 2097, 2451, 2681, 
2731, 2579, 2269, 1897, 1569, 1382, 1394, 1596, 1936, 2428, 
2671, 2732, 2595, 2297, 1926, 1590, 1389, 1386, 1580, 1911, 
2284, 2588, 2732, 2676, 2440, 1950, 1609, 1398, 1377, 1559, 
1885, 2259, 2568, 2727, 2687, 2460, 2111, 1747, 1468, 1363, 
1460, 1860, 2231, 2547, 2720, 2697, 2483, 2139, 1772, 1483, 
1362, 1445, 1710, 2071, 2427, 2671, 2735, 2503, 2166, 1796, 
1498, 1366, 1433, 1688, 2044, 2404, 2659, 2735, 2608, 2318, 
2674, 2728, 2583, 2147, 1780, 1489, 1360, 1441, 1697, 2057, 
2416, 2663, 2732, 2599, 2306, 1934, 1598, 1392, 1383, 1676, 
2029, 2393, 2652, 2734, 2617, 2331, 1960, 1617, 1401, 1376, 
1551, 1872, 2245, 2559, 2725, 2630, 2356, 1987, 1640, 1411, 
1371, 1533, 1851, 2220, 2540, 2717, 2699, 2491, 2150, 1780, 
1487, 1367, 1516, 1820, 2191, 2522, 2712, 2707, 2509, 2175, 
1804, 1503, 1366, 1428, 1677, 2032, 2395, 2705, 2713, 2529, 
2203, 1831, 1521, 1368, 1418, 1654, 2005, 2369, 2639, 2734, 
2630, 2356, 1988, 1539, 1372, 1407, 1632, 1979, 2345, 2627, 
2735, 2643, 2380, 2014, 1663, 1423, 1367, 1513, 1821, 2320, 
2610, 2735, 2657, 2404, 2042, 1684, 1432, 1364, 1499, 1798, 
2166, 2503, 2704, 2713, 2531, 2068, 1712, 1446, 1360, 1483, 
1771, 2139, 2483, 2697, 2719, 2549, 2229, 1858, 1536, 1373, 
1407, 1747, 2113, 2462, 2685, 2727, 2567, 2255, 1883, 1558, 
1379, 1399, 1611, 1951, 2323, 2611, 2735, 2586, 2283, 1909, 
1578, 1385, 1390, 1592, 1924, 2298, 2596, 2732, 2668, 2424, 
2070, 1708, 1446, 1386, 1571, 1898, 2272, 2579, 2730, 2681, 
2449, 2096, 1734, 1460, 1363, 1470, 1747, 2112, 2463, 2723, 
2692, 2471, 2124, 1757, 1474, 1362, 1454, 1724, 2086, 2439, 
2676, 2732, 2584, 2280, 1907, 1490, 1363, 1440, 1700, 2060, 
2417, 2667, 2734, 2600, 2308, 1937, 1598, 1394, 1383, 1571, 
1899, 2394, 2653, 2737, 2617, 2332, 1964, 1619, 1402, 1376, 
1551, 1871, 2244, 2560, 2724, 2691, 2471, 1990, 1641, 1410, 
1372, 1532, 1848, 2219, 2543, 2719, 2700, 2492, 2152, 1782, 
1489, 1361, 1440, 1822, 2192, 2523, 2712, 2709, 2511, 2179, 
1806, 1505, 1366, 1427, 1676, 2033, 2395, 2654, 2735, 2532, 
2204, 1832, 1523, 1369, 1418, 1654, 2004, 2369, 2639, 2736, 
2631, 2358, 1990, 1642, 1412, 1408, 1631, 1977, 2345, 2625, 
2736, 2646, 2382, 2016, 1662, 1420, 1367, 1516, 1819, 2192, 
2523, 2736, 2657, 2404, 2043, 1686, 1436, 1364, 1497, 1796, 
2166, 2503, 2706, 2718, 2533, 2204, 1832, 1447, 1363, 1482, 
1772, 2139, 2483, 2697, 2723, 2550, 2233, 1859, 1542, 1374, 
1408, 1631, 1977, 2461, 2687, 2725, 2568, 2257, 1884, 1560, 
1379, 1397, 1609, 1950, 2320, 2610, 2737, 2659, 2405, 1911, 
1580, 1390, 1390, 1589, 1924, 2296, 2596, 2735, 2672, 2428, 
2071, 1711, 1446, 1363, 1484, 1897, 2271, 2578, 2729, 2683, 
2451, 2100, 1735, 1461, 1363, 1468, 1745, 2112, 2460, 2688, 
2727, 2470, 2126, 1759, 1475, 1363, 1454, 1722, 2085, 2439, 
2677, 2731, 2587, 2283, 1912, 1580, 1386, 1441, 1699, 2060, 
2416, 2667, 2736, 2604, 2310, 1938, 1600, 1395, 1384, 1569, 
1899, 2271, 2579, 2737, 2619, 2335, 1964, 1621, 1403, 1376, 
1550, 1871, 2243, 2559, 2724, 2691, 2472, 2126, 1759, 1415, 
1371, 1531, 1846, 2218, 2542, 2718, 2701, 2492, 2151, 1786, 
1490, 1362, 1441, 1699, 2056, 2522, 2712, 2710, 2513, 2179, 
1809, 1507, 1368, 1428, 1676, 2031, 2395, 2654, 2737, 2620, 
2335, 1834, 1526, 1369, 1416, 1654, 2002, 2368, 2639, 2736, 
2631, 2358, 1991, 1644, 1412, 1371, 1532, 1976, 2345, 2623, 
2736, 2646, 2382, 2016, 1665, 1423, 1369, 1514, 1819, 2192, 
2522, 2713, 2711, 2406, 2044, 1688, 1435, 1364, 1499, 1796, 
2166, 2503, 2704, 2716, 2535, 2207, 1833, 1523, 1368, 1482, 
1771, 2138, 2483, 2695, 2724, 2551, 2232, 1859, 1541, 1374, 
1408, 1631, 1976, 2344, 2624, 2727, 2570, 2257, 1885, 1560, 
1379, 1398, 1609, 1951, 2319, 2609, 2737, 2660, 2407, 2046, 
1688, 1387, 1388, 1587, 1923, 2296, 2593, 2737, 2672, 2430, 
2073, 1713, 1448, 1362, 1483, 1769, 2137, 2576, 2729, 2681, 
2451, 2067, 1680, 1420, 1377, 1566, 1896, 2274, 2583, 2734, 
2673, 2405, 2044, 1581, 1387, 1389, 1588, 1924, 2294, 2595, 
2735, 2672, 2430, 2073, 1713, 1447, 1361, 1483, 1768, 2269, 
2579, 2732, 2682, 2451, 2100, 1737, 1462, 1362, 1468, 1743, 
2111, 2460, 2684, 2727, 2569, 2127, 1759, 1475, 1362, 1452, 
1721, 2084, 2436, 2675, 2732, 2588, 2284, 1912, 1581, 1386, 
1390, 1698, 2056, 2416, 2665, 2733, 2606, 2310, 1939, 1601, 
1394, 1383, 1570, 1895, 2271, 2576, 2728, 2619, 2336, 1966, 
1623, 1403, 1377, 1550, 1871, 2243, 2559, 2724, 2692, 2473, 
2128, 1760, 1478, 1372, 1532, 1844, 2219, 2540, 2719, 2702, 
2496, 2155, 1785, 1491, 1363, 1440, 1696, 2058, 2416, 2712, 
2708, 2512, 2180, 1810, 1507, 1366, 1427, 1674, 2029, 2392, 
2652, 2736, 2622, 2335, 1967, 1523, 1369, 1417, 1654, 2002, 
2367, 2640, 2737, 2631, 2360, 1992, 1643, 1414, 1370, 1534, 
1844, 2342, 2623, 2737, 2647, 2383, 2019, 1667, 1423, 1368, 
1513, 1817, 2191, 2521, 2712, 2711, 2512, 2048, 1688, 1436, 
1364, 1496, 1793, 2164, 2501, 2704, 2716, 2535, 2207, 1836, 
1524, 1369, 1416, 1769, 2136, 2480, 2695, 2723, 2553, 2234, 
1862, 1542, 1374, 1405, 1629, 1976, 2344, 2624, 2739, 2569, 
2259, 1886, 1561, 1380, 1396, 1608, 1948, 2320, 2609, 2735, 
2662, 2407, 2047, 1690, 1435, 1390, 1587, 1921, 2294, 2592, 
2734, 2673, 2431, 2073, 1712, 1448, 1362, 1482, 1769, 2136, 
2480, 2728, 2681, 2452, 2101, 1737, 1462, 1361, 1467, 1744, 
2108, 2459, 2687, 2727, 2572, 2260, 1887, 1477, 1362, 1453, 
1720, 2083, 2435, 2672, 2729, 2590, 2287, 1914, 1582, 1388, 
1388, 1588, 1921, 2415, 2664, 2735, 2604, 2308, 1940, 1603, 
1395, 1382, 1568, 1894, 2268, 2576, 2732, 2683, 2452, 1967, 
1623, 1403, 1375, 1550, 1870, 2242, 2558, 2723, 2694, 2475, 
2127, 1760, 1476, 1362, 1452, 1843, 2216, 2540, 2718, 2700, 
2495, 2155, 1785, 1491, 1364, 1439, 1696, 2056, 2414, 2663, 
2732, 2515, 2182, 1810, 1508, 1367, 1427, 1674, 2028, 2392, 
2651, 2736, 2619, 2336, 1967, 1624, 1406, 1416, 1651, 2001, 
2367, 2637, 2738, 2632, 2361, 1994, 1646, 1412, 1371, 1531, 
1843, 2215, 2539, 2736, 2647, 2385, 2019, 1671, 1426, 1366, 
1513, 1819, 2188, 2519, 2710, 2710, 2515, 2183, 1812, 1435, 
1367, 1495, 1792, 2163, 2501, 2705, 2717, 2535, 2208, 1839, 
1524, 1369, 1416, 1651, 2001, 2481, 2695, 2723, 2553, 2235, 
1862, 1543, 1373, 1405, 1628, 1973, 2342, 2622, 2736, 2648, 
2383, 1887, 1562, 1379, 1397, 1608, 1947, 2317, 2609, 2735, 
2660, 2407, 2047, 1692, 1436, 1364, 1496, 1921, 2294, 2593, 
2733, 2672, 2432, 2076, 1715, 1448, 1366, 1481, 1767, 2136, 
2480, 2697, 2723, 2453, 2101, 1739, 1462, 1361, 1467, 1742, 
2108, 2457, 2686, 2727, 2573, 2262, 1888, 1563, 1380, 1452, 
1720, 2081, 2436, 2676, 2731, 2590, 2287, 1915, 1580, 1387, 
1389, 1586, 1920, 2295, 2593, 2735, 2605, 2313, 1940, 1603, 
1395, 1381, 1567, 1894, 2268, 2576, 2730, 2684, 2454, 2103, 
1739, 1405, 1375, 1548, 1868, 2240, 2558, 2723, 2691, 2476, 
2128, 1761, 1478, 1362, 1451, 1720, 2082, 2537, 2717, 2702, 
2497, 2155, 1787, 1493, 1363, 1437, 1695, 2055, 2414, 2664, 
2734, 2606, 2313, 1811, 1510, 1366, 1424, 1673, 2028, 2390, 
2651, 2738, 2620, 2338, 1968, 1625, 1404, 1376, 1548, 2002, 
2367, 2639, 2739, 2633, 2363, 1996, 1646, 1415, 1370, 1528, 
1843, 2215, 2542, 2718, 2703, 2387, 2020, 1668, 1423, 1368, 
1512, 1817, 2187, 2519, 2712, 2711, 2516, 2183, 1812, 1510, 
1366, 1496, 1791, 2160, 2500, 2705, 2718, 2537, 2211, 1838, 
1527, 1368, 1416, 1650, 2001, 2367, 2636, 2721, 2555, 2239, 
2707, 2709, 2518, 2186, 1816, 1510, 1365, 1422, 1666, 2018, 
2382, 2647, 2734, 2537, 2214, 1841, 1528, 1370, 1412, 1644, 
1992, 2359, 2631, 2735, 2636, 2365, 1999, 1648, 1415, 1403, 
1622, 1967, 2335, 2617, 2735, 2651, 2390, 2026, 1673, 1427, 
1366, 1508, 1808, 2182, 2513, 2732, 2661, 2412, 2054, 1696, 
1436, 1363, 1491, 1785, 2156, 2493, 2700, 2717, 2539, 2214, 
1842, 1451, 1361, 1479, 1760, 2127, 2475, 2696, 2723, 2556, 
2241, 1868, 1548, 1376, 1403, 1622, 1969, 2454, 2681, 2729, 
2575, 2267, 1894, 1568, 1381, 1395, 1602, 1939, 2308, 2604, 
2732, 2663, 2413, 1923, 1588, 1387, 1385, 1581, 1912, 2287, 
2587, 2731, 2675, 2436, 2083, 1719, 1451, 1361, 1476, 1887, 
2260, 2569, 2728, 2685, 2459, 2111, 1743, 1465, 1360, 1463, 
1734, 2100, 2452, 2683, 2727, 2480, 2134, 1768, 1481, 1362, 
1448, 1712, 2074, 2430, 2672, 2732, 2595, 2292, 1920, 1588, 
1387, 1432, 1689, 2049, 2407, 2661, 2735, 2609, 2319, 1948, 
1608, 1398, 1378, 1560, 1887, 2259, 2572, 2736, 2625, 2343, 
1975, 1629, 1406, 1374, 1543, 1861, 2233, 2552, 2723, 2695, 
2481, 2135, 1767, 1415, 1371, 1526, 1834, 2208, 2534, 2716, 
2703, 2499, 2159, 1793, 1497, 1365, 1435, 1687, 2046, 2513, 
2709, 2712, 2521, 2189, 1819, 1513, 1367, 1423, 1667, 2019, 
2383, 2648, 2736, 2623, 2343, 1845, 1532, 1371, 1417, 1644, 
1991, 2360, 2632, 2736, 2639, 2367, 2003, 1651, 1416, 1370, 
1525, 1967, 2335, 2619, 2736, 2652, 2389, 2028, 1675, 1427, 
1365, 1508, 1809, 2180, 2515, 2710, 2709, 2416, 2057, 1697, 
1440, 1362, 1490, 1784, 2152, 2495, 2702, 2719, 2540, 2216, 
1844, 1531, 1372, 1477, 1760, 2127, 2473, 2691, 2725, 2561, 
2243, 1869, 1550, 1375, 1400, 1623, 1966, 2335, 2619, 2728, 
2577, 2269, 1897, 1569, 1383, 1395, 1601, 1939, 2311, 2604, 
2732, 2664, 2415, 2056, 1698, 1390, 1387, 1580, 1912, 2286, 
2588, 2732, 2679, 2438, 2083, 1721, 1452, 1363, 1478, 1760, 
2126, 2569, 2727, 2687, 2460, 2112, 1745, 1470, 1363, 1461, 
1738, 2100, 2452, 2682, 2729, 2578, 2268, 1769, 1481, 1363, 
1447, 1712, 2072, 2429, 2671, 2735, 2595, 2296, 1921, 1588, 
1388, 1385, 1580, 2045, 2407, 2660, 2736, 2609, 2320, 1950, 
1609, 1398, 1379, 1561, 1886, 2259, 2568, 2726, 2687, 2343, 
1977, 1631, 1406, 1375, 1541, 1862, 2231, 2552, 2722, 2698, 
2482, 2137, 1770, 1481, 1362, 1524, 1835, 2207, 2535, 2717, 
2705, 2502, 2164, 1795, 1497, 1366, 1435, 1688, 2046, 2407, 
2660, 2712, 2520, 2191, 1820, 1515, 1368, 1422, 1667, 2019, 
2384, 2645, 2736, 2623, 2345, 1976, 1630, 1372, 1413, 1643, 
1992, 2360, 2633, 2737, 2639, 2370, 2004, 1657, 1416, 1369, 
1525, 1834, 2207, 2619, 2736, 2652, 2392, 2030, 1676, 1428, 
1366, 1507, 1810, 2177, 2513, 2710, 2713, 2523, 2191, 1699, 
1440, 1363, 1491, 1784, 2155, 2492, 2700, 2719, 2542, 2220, 
1846, 1532, 1371, 1412, 1644, 2125, 2472, 2691, 2725, 2560, 
2244, 1871, 1551, 1376, 1403, 1621, 1967, 2334, 2616, 2737, 
2651, 2270, 1899, 1568, 1383, 1393, 1601, 1938, 2310, 2604, 
2734, 2667, 2416, 2056, 1699, 1441, 1365, 1579, 1910, 2284, 
2588, 2732, 2677, 2439, 2086, 1722, 1453, 1362, 1478, 1763, 
2126, 2473, 2690, 2687, 2460, 2112, 1746, 1468, 1362, 1461, 
1735, 2099, 2451, 2683, 2729, 2578, 2270, 1897, 1570, 1362, 
1445, 1708, 2072, 2430, 2672, 2733, 2593, 2296, 1926, 1590, 
1390, 1385, 1581, 1912, 2282, 2660, 2736, 2610, 2321, 1950, 
1611, 1398, 1379, 1560, 1883, 2257, 2568, 2727, 2687, 2462, 
2111, 1632, 1408, 1375, 1542, 1860, 2233, 2552, 2723, 2695, 
2483, 2110, 1718, 1436, 1372, 1548, 1873, 2380, 2648, 2736, 
2619, 2320, 1951, 1611, 1398, 1379, 1560, 1883, 2258, 2568, 
2727, 2687, 2462, 1980, 1631, 1407, 1369, 1542, 1859, 2232, 
2551, 2721, 2699, 2483, 2137, 1769, 1482, 1363, 1447, 1833, 
2206, 2533, 2716, 2705, 2503, 2166, 1796, 1497, 1364, 1434, 
1687, 2046, 2407, 2660, 2736, 2522, 2190, 1822, 1515, 1368, 
1422, 1665, 2016, 2382, 2646, 2736, 2625, 2348, 1979, 1632, 
1408, 1412, 1640, 1990, 2357, 2631, 2736, 2639, 2369, 2001, 
1654, 1417, 1368, 1521, 1835, 2204, 2531, 2736, 2652, 2393, 
2028, 1676, 1427, 1366, 1507, 1809, 2177, 2511, 2708, 2713, 
2523, 2193, 1820, 1440, 1363, 1487, 1783, 2150, 2490, 2699, 
2719, 2543, 2217, 1847, 1532, 1372, 1413, 1641, 1990, 2472, 
2691, 2724, 2561, 2245, 1872, 1551, 1375, 1401, 1619, 1964, 
2332, 2617, 2736, 2653, 2395, 1898, 1569, 1383, 1393, 1598, 
1935, 2307, 2604, 2735, 2666, 2417, 2057, 1699, 1441, 1363, 
1489, 1910, 2283, 2586, 2731, 2675, 2440, 2086, 1724, 1453, 
1361, 1474, 1758, 2124, 2472, 2689, 2721, 2462, 2112, 1748, 
1469, 1362, 1461, 1733, 2097, 2450, 2681, 2729, 2578, 2272, 
1899, 1571, 1383, 1447, 1711, 2071, 2428, 2671, 2732, 2596, 
2299, 1926, 1592, 1391, 1387, 1578, 1908, 2283, 2588, 2735, 
2611, 2320, 1951, 1611, 1399, 1380, 1559, 1884, 2259, 2569, 
2728, 2687, 2463, 2112, 1748, 1408, 1374, 1540, 1859, 2231, 
2550, 2721, 2697, 2483, 2137, 1772, 1480, 1363, 1447, 1710, 
2070, 2532, 2715, 2707, 2503, 2168, 1798, 1498, 1364, 1433, 
1686, 2043, 2405, 2660, 2736, 2612, 2323, 1823, 1516, 1369, 
1423, 1665, 2017, 2379, 2644, 2737, 2624, 2347, 1979, 1632, 
1408, 1375, 1541, 1988, 2356, 2631, 2736, 2639, 2371, 2004, 
1655, 1416, 1369, 1523, 1831, 2204, 2532, 2716, 2705, 2396, 
2032, 1676, 1430, 1364, 1504, 1807, 2176, 2511, 2710, 2713, 
2524, 2192, 1823, 1519, 1368, 1489, 1782, 2151, 2492, 2700, 
2719, 2543, 2222, 1848, 1533, 1368, 1412, 1645, 1990, 2355, 
2628, 2724, 2560, 2246, 1873, 1552, 1377, 1403, 1618, 1961, 
2332, 2619, 2736, 2654, 2396, 2032, 1678, 1383, 1394, 1599, 
1935, 2307, 2602, 2735, 2668, 2418, 2057, 1702, 1441, 1364, 
1489, 1780, 2151, 2585, 2732, 2678, 2440, 2087, 1726, 1456, 
1363, 1473, 1758, 2124, 2471, 2689, 2725, 2562, 2247, 1749, 
1468, 1363, 1459, 1734, 2096, 2448, 2680, 2730, 2580, 2273, 
1900, 1572, 1383, 1393, 1599, 2068, 2427, 2671, 2734, 2595, 
2299, 1927, 1592, 1391, 1386, 1577, 1908, 2281, 2587, 2732, 
2678, 2324, 1955, 1611, 1399, 1379, 1558, 1882, 2256, 2567, 
2727, 2688, 2463, 2113, 1750, 1468, 1362, 1539, 1857, 2230, 
2549, 2720, 2699, 2484, 2140, 1772, 1484, 1362, 1446, 1709, 
2069, 2428, 2671, 2703, 2502, 2168, 1800, 1502, 1364, 1432, 
1684, 2042, 2404, 2659, 2736, 2612, 2324, 1952, 1612, 1368, 
1422, 1663, 2015, 2380, 2644, 2736, 2624, 2348, 1983, 1633, 
1407, 1372, 1540, 1857, 2232, 2631, 2737, 2641, 2373, 2007, 
1656, 1419, 1368, 1521, 1831, 2203, 2531, 2716, 2705, 2503, 
2168, 1679, 1430, 1365, 1504, 1806, 2175, 2511, 2707, 2713, 
2525, 2195, 1823, 1516, 1368, 1422, 1663, 2150, 2488, 2700, 
2719, 2543, 2220, 1847, 1532, 1373, 1411, 1640, 1987, 2355, 
2631, 2736, 2642, 2247, 1875, 1552, 1377, 1403, 1619, 1966, 
2332, 2616, 2736, 2654, 2396, 2033, 1680, 1430, 1364, 1598, 
1935, 2305, 2601, 2734, 2667, 2420, 2059, 1700, 1440, 1363, 
1490, 1782, 2148, 2492, 2699, 2678, 2441, 2088, 1724, 1456, 
1362, 1472, 1756, 2122, 2470, 2690, 2725, 2562, 2247, 1874, 
1552, 1363, 1459, 1731, 2096, 2447, 2680, 2731, 2583, 2275, 
2693, 2719, 2550, 2230, 1857, 1540, 1373, 1466, 1743, 2108, 
2458, 2683, 2724, 2567, 2256, 1883, 1559, 1377, 1396, 1609, 
1948, 2317, 2608, 2727, 2582, 2284, 1912, 1580, 1385, 1387, 
1587, 1921, 2294, 2593, 2727, 2671, 2427, 2071, 1711, 1392, 
1382, 1567, 1895, 2268, 2575, 2727, 2680, 2449, 2097, 1735, 
1463, 1361, 1468, 1743, 2111, 2556, 2723, 2690, 2470, 2126, 
1758, 1475, 1362, 1452, 1721, 2083, 2435, 2675, 2730, 2584, 
2284, 1784, 1489, 1363, 1439, 1697, 2056, 2416, 2663, 2732, 
2601, 2308, 1938, 1600, 1394, 1380, 1567, 2029, 2391, 2651, 
2736, 2617, 2334, 1965, 1621, 1403, 1376, 1548, 1870, 2243, 
2556, 2726, 2689, 2357, 1991, 1642, 1411, 1368, 1532, 1844, 
2216, 2540, 2719, 2700, 2492, 2152, 1783, 1491, 1363, 1513, 
1819, 2190, 2521, 2712, 2708, 2511, 2179, 1807, 1507, 1366, 
1427, 1673, 2028, 2390, 2650, 2716, 2531, 2206, 1832, 1522, 
1370, 1417, 1653, 2003, 2367, 2638, 2739, 2632, 2360, 1992, 
1643, 1374, 1406, 1630, 1976, 2344, 2623, 2736, 2644, 2383, 
2017, 1665, 1423, 1367, 1516, 1820, 2189, 2611, 2737, 2661, 
2407, 2045, 1689, 1435, 1364, 1496, 1791, 2163, 2501, 2705, 
2716, 2534, 2207, 1713, 1447, 1364, 1483, 1768, 2140, 2480, 
2694, 2719, 2553, 2233, 1859, 1543, 1376, 1408, 1630, 2110, 
2460, 2685, 2727, 2570, 2259, 1886, 1561, 1379, 1398, 1609, 
1948, 2318, 2606, 2735, 2659, 2285, 1913, 1583, 1387, 1388, 
1585, 1923, 2295, 2593, 2732, 2669, 2430, 2072, 1713, 1448, 
1361, 1568, 1895, 2268, 2575, 2729, 2681, 2451, 2099, 1736, 
1463, 1361, 1467, 1744, 2106, 2460, 2686, 2690, 2473, 2127, 
1759, 1478, 1360, 1452, 1720, 2083, 2435, 2675, 2732, 2588, 
2286, 1913, 1582, 1363, 1438, 1696, 2055, 2416, 2665, 2735, 
2604, 2311, 1940, 1602, 1393, 1383, 1565, 1895, 2270, 2649, 
2736, 2620, 2336, 1967, 1624, 1403, 1377, 1549, 1870, 2241, 
2556, 2723, 2695, 2475, 2127, 1645, 1413, 1372, 1531, 1843, 
2216, 2540, 2718, 2700, 2494, 2156, 1786, 1490, 1361, 1439, 
1698, 2190, 2520, 2712, 2711, 2514, 2181, 1809, 1507, 1363, 
1427, 1675, 2030, 2391, 2652, 2736, 2618, 2208, 1836, 1525, 
1369, 1415, 1651, 2002, 2367, 2636, 2737, 2633, 2361, 1993, 
1646, 1414, 1371, 1628, 1976, 2343, 2623, 2736, 2647, 2384, 
2019, 1667, 1423, 1367, 1513, 1818, 2190, 2521, 2711, 2659, 
2408, 2047, 1691, 1436, 1363, 1497, 1792, 2163, 2499, 2704, 
2715, 2535, 2207, 1836, 1526, 1363, 1481, 1769, 2136, 2480, 
2695, 2723, 2554, 2234, 1861, 1543, 1374, 1407, 1630, 1974, 
2344, 2687, 2731, 2571, 2260, 1888, 1563, 1380, 1397, 1607, 
1948, 2317, 2609, 2736, 2661, 2407, 2047, 1583, 1387, 1388, 
1588, 1921, 2294, 2593, 2732, 2672, 2430, 2076, 1713, 1448, 
1363, 1481, 1767, 2268, 2576, 2729, 2681, 2451, 2101, 1737, 
1464, 1364, 1466, 1744, 2111, 2458, 2686, 2728, 2572, 2128, 
1761, 1481, 1363, 1451, 1719, 2081, 2439, 2676, 2732, 2587, 
2287, 1915, 1583, 1387, 1390, 1695, 2055, 2415, 2663, 2734, 
2606, 2312, 1943, 1604, 1395, 1380, 1567, 1894, 2268, 2578, 
2729, 2623, 2336, 1967, 1624, 1404, 1375, 1548, 1871, 2241, 
2556, 2723, 2693, 2473, 2128, 1760, 1476, 1371, 1531, 1841, 
2215, 2536, 2718, 2702, 2496, 2156, 1786, 1488, 1359, 1439, 
1695, 2054, 2414, 2712, 2711, 2515, 2182, 1811, 1508, 1365, 
1427, 1673, 2028, 2390, 2651, 2736, 2620, 2337, 1966, 1525, 
1371, 1415, 1651, 2000, 2366, 2638, 2737, 2633, 2361, 1996, 
1645, 1414, 1371, 1531, 1846, 2343, 2623, 2737, 2648, 2385, 
2021, 1668, 1424, 1367, 1512, 1816, 2188, 2521, 2711, 2710, 
2511, 2015, 1642, 1388, 1408, 1638, 1990, 2358, 2631, 2736, 
2633, 2361, 1987, 1611, 1398, 1379, 1559, 2016, 2380, 2645, 
2736, 2625, 2348, 1980, 1632, 1407, 1373, 1540, 1856, 2231, 
2550, 2722, 2697, 2368, 2006, 1656, 1417, 1368, 1523, 1832, 
2204, 2531, 2713, 2706, 2502, 2167, 1798, 1499, 1365, 1505, 
1807, 2176, 2511, 2708, 2712, 2523, 2193, 1823, 1516, 1368, 
1422, 1664, 2016, 2376, 2644, 2720, 2540, 2221, 1847, 1532, 
1372, 1412, 1641, 1989, 2356, 2631, 2736, 2640, 2372, 2006, 
1656, 1376, 1401, 1619, 1962, 2331, 2615, 2737, 2652, 2399, 
2032, 1679, 1430, 1366, 1505, 1807, 2176, 2603, 2734, 2667, 
2419, 2060, 1701, 1441, 1363, 1489, 1781, 2151, 2492, 2703, 
2719, 2544, 2220, 1725, 1455, 1362, 1473, 1758, 2124, 2472, 
2689, 2726, 2561, 2246, 1873, 1551, 1376, 1402, 1619, 2097, 
2449, 2680, 2729, 2582, 2273, 1900, 1571, 1384, 1392, 1598, 
1935, 2308, 2601, 2732, 2665, 2297, 1926, 1592, 1390, 1385, 
1579, 1909, 2281, 2585, 2733, 2675, 2442, 2086, 1724, 1455, 
1361, 1557, 1881, 2256, 2567, 2727, 2687, 2463, 2115, 1750, 
1469, 1363, 1458, 1731, 2096, 2448, 2681, 2697, 2484, 2141, 
1774, 1484, 1363, 1444, 1710, 2068, 2427, 2671, 2732, 2596, 
2299, 1928, 1592, 1365, 1433, 1685, 2043, 2404, 2659, 2736, 
2614, 2324, 1955, 1611, 1399, 1378, 1558, 1881, 2255, 2645, 
2737, 2625, 2348, 1980, 1633, 1408, 1374, 1539, 1856, 2230, 
2550, 2721, 2697, 2485, 2142, 1656, 1419, 1373, 1523, 1831, 
2203, 2530, 2717, 2707, 2506, 2171, 1798, 1499, 1363, 1432, 
1687, 2176, 2512, 2710, 2715, 2525, 2195, 1823, 1516, 1369, 
1421, 1662, 2015, 2380, 2646, 2737, 2627, 2224, 1848, 1536, 
1371, 1411, 1640, 1987, 2355, 2631, 2736, 2640, 2371, 2005, 
1656, 1419, 1369, 1619, 1961, 2331, 2616, 2737, 2655, 2398, 
2034, 1679, 1428, 1364, 1505, 1804, 2176, 2511, 2709, 2668, 
2420, 2062, 1700, 1442, 1363, 1486, 1780, 2150, 2491, 2701, 
2719, 2544, 2222, 1849, 1536, 1363, 1472, 1755, 2121, 2471, 
2691, 2726, 2560, 2247, 1876, 1555, 1378, 1401, 1616, 1960, 
2331, 2681, 2729, 2579, 2274, 1902, 1572, 1384, 1393, 1599, 
1933, 2305, 2600, 2732, 2667, 2420, 2061, 1593, 1390, 1386, 
1577, 1908, 2281, 2585, 2732, 2678, 2444, 2089, 1727, 1457, 
1362, 1473, 1756, 2255, 2567, 2727, 2687, 2464, 2115, 1751, 
1471, 1363, 1460, 1731, 2096, 2448, 2680, 2730, 2582, 2142, 
1775, 1483, 1363, 1446, 1707, 2067, 2425, 2670, 2732, 2599, 
2302, 1928, 1592, 1391, 1385, 1684, 2041, 2403, 2658, 2736, 
2613, 2324, 1955, 1613, 1400, 1379, 1555, 1880, 2254, 2566, 
2729, 2627, 2348, 1982, 1635, 1409, 1374, 1540, 1855, 2226, 
2550, 2723, 2699, 2487, 2143, 1775, 1486, 1369, 1520, 1831, 
2201, 2531, 2716, 2706, 2507, 2171, 1797, 1500, 1363, 1432, 
1684, 2040, 2403, 2707, 2712, 2526, 2195, 1823, 1518, 1369, 
1423, 1660, 2014, 2377, 2643, 2737, 2627, 2349, 1982, 1534, 
1373, 1412, 1640, 1987, 2355, 2630, 2735, 2641, 2375, 2008, 
1657, 1419, 1368, 1520, 1829, 2330, 2616, 2736, 2656, 2399, 
2035, 1681, 1430, 1366, 1503, 1804, 2174, 2510, 2708, 2713, 
2526, 2061, 1704, 1443, 1364, 1487, 1778, 2149, 2489, 2700, 
2719, 2547, 2223, 1849, 1534, 1372, 1411, 1755, 2121, 2471, 
2691, 2724, 2564, 2248, 1875, 1555, 1377, 1401, 1617, 1961, 
2329, 2616, 2736, 2582, 2276, 1902, 1574, 1383, 1391, 1597, 
1933, 2305, 2601, 2734, 2669, 2421, 2063, 1703, 1442, 1385, 
1576, 1907, 2280, 2584, 2732, 2680, 2443, 2085, 1727, 1456, 
1363, 1473, 1755, 2120, 2468, 2726, 2688, 2463, 2113, 1749, 
1469, 1361, 1456, 1731, 2095, 2447, 2680, 2730, 2581, 2276, 
2695, 2678, 2444, 2093, 1731, 1458, 1362, 1467, 1748, 2114, 
2462, 2686, 2724, 2566, 2252, 1879, 1556, 1362, 1455, 1725, 
2086, 2440, 2675, 2729, 2582, 2278, 1907, 1577, 1383, 1388, 
1592, 1926, 2297, 2666, 2732, 2599, 2303, 1932, 1596, 1392, 
1383, 1569, 1900, 2273, 2579, 2728, 2680, 2446, 2095, 1615, 
1401, 1376, 1551, 1872, 2247, 2559, 2725, 2691, 2466, 2121, 
1756, 1472, 1362, 1454, 1725, 2219, 2542, 2719, 2699, 2489, 
2148, 1781, 1489, 1361, 1441, 1700, 2060, 2419, 2666, 2734, 
2599, 2175, 1808, 1503, 1364, 1429, 1679, 2033, 2395, 2654, 
2736, 2615, 2331, 1962, 1617, 1401, 1377, 1657, 2007, 2371, 
2640, 2735, 2629, 2355, 1988, 1639, 1410, 1370, 1533, 1848, 
2220, 2543, 2718, 2644, 2380, 2015, 1662, 1422, 1366, 1516, 
1823, 2193, 2524, 2712, 2707, 2510, 2175, 1806, 1504, 1366, 
1500, 1796, 2168, 2505, 2705, 2715, 2531, 2202, 1830, 1521, 
1369, 1423, 1657, 2004, 2371, 2699, 2720, 2551, 2230, 1855, 
1540, 1372, 1408, 1634, 1978, 2347, 2624, 2735, 2643, 2380, 
2014, 1556, 1377, 1398, 1612, 1951, 2321, 2611, 2735, 2656, 
2406, 2041, 1686, 1433, 1364, 1499, 1797, 2297, 2595, 2729, 
2669, 2426, 2067, 1708, 1445, 1362, 1483, 1773, 2141, 2484, 
2697, 2721, 2550, 2096, 1733, 1458, 1363, 1470, 1750, 2113, 
2462, 2685, 2724, 2569, 2256, 1883, 1559, 1379, 1399, 1725, 
2087, 2439, 2678, 2729, 2584, 2281, 1908, 1577, 1385, 1390, 
1591, 1926, 2299, 2598, 2732, 2602, 2307, 1934, 1599, 1392, 
1383, 1571, 1900, 2272, 2579, 2729, 2682, 2449, 2096, 1733, 
1463, 1376, 1551, 1872, 2247, 2559, 2725, 2689, 2471, 2123, 
1756, 1474, 1361, 1455, 1724, 2087, 2443, 2719, 2700, 2491, 
2151, 1782, 1490, 1364, 1441, 1701, 2059, 2418, 2667, 2736, 
2602, 2308, 1936, 1504, 1366, 1428, 1678, 2033, 2396, 2655, 
2737, 2619, 2334, 1962, 1619, 1404, 1373, 1551, 1871, 2372, 
2640, 2736, 2631, 2358, 1988, 1641, 1414, 1372, 1534, 1848, 
2220, 2542, 2719, 2699, 2491, 2014, 1663, 1422, 1368, 1516, 
1819, 2194, 2524, 2712, 2708, 2511, 2177, 1807, 1505, 1366, 
1427, 1799, 2167, 2504, 2707, 2715, 2531, 2204, 1832, 1524, 
1369, 1418, 1656, 2006, 2372, 2639, 2735, 2550, 2231, 1857, 
1542, 1372, 1407, 1632, 1979, 2348, 2625, 2737, 2643, 2381, 
2015, 1662, 1425, 1397, 1608, 1951, 2322, 2610, 2735, 2659, 
2403, 2043, 1687, 1434, 1363, 1500, 1798, 2168, 2505, 2734, 
2672, 2428, 2071, 1711, 1447, 1363, 1483, 1772, 2140, 2484, 
2699, 2723, 2552, 2232, 1859, 1460, 1359, 1468, 1748, 2113, 
2462, 2687, 2727, 2569, 2255, 1884, 1559, 1380, 1400, 1611, 
1951, 2439, 2676, 2732, 2586, 2284, 1909, 1579, 1386, 1391, 
1590, 1927, 2297, 2597, 2734, 2671, 2428, 1936, 1601, 1393, 
1384, 1572, 1900, 2273, 2577, 2729, 2681, 2451, 2098, 1735, 
1460, 1363, 1469, 1871, 2244, 2556, 2723, 2691, 2471, 2124, 
1758, 1475, 1361, 1454, 1723, 2086, 2439, 2675, 2732, 2492, 
2153, 1785, 1491, 1363, 1439, 1699, 2058, 2417, 2665, 2735, 
2603, 2308, 1936, 1596, 1393, 1427, 1676, 2031, 2393, 2652, 
2736, 2619, 2334, 1964, 1620, 1402, 1377, 1551, 1872, 2246, 
2560, 2736, 2631, 2360, 1990, 1641, 1412, 1372, 1533, 1847, 
2217, 2542, 2720, 2700, 2492, 2147, 1784, 1423, 1369, 1515, 
1820, 2192, 2523, 2712, 2710, 2511, 2179, 1809, 1506, 1366, 
1428, 1679, 2032, 2503, 2705, 2715, 2532, 2204, 1832, 1524, 
1368, 1416, 1652, 2004, 2371, 2640, 2736, 2630, 2359, 1859, 
1542, 1374, 1406, 1631, 1976, 2345, 2625, 2737, 2647, 2383, 
2018, 1664, 1424, 1369, 1517, 1949, 2320, 2611, 2736, 2659, 
2401, 2016, 1641, 1390, 1407, 1635, 1987, 2361, 2635, 2736, 
2632, 2227, 1855, 1537, 1372, 1408, 1636, 1981, 2351, 2627, 
2736, 2643, 2376, 2011, 1660, 1420, 1368, 1614, 1955, 2327, 
2615, 2736, 2656, 2401, 2040, 1683, 1433, 1366, 1502, 1800, 
2174, 2508, 2707, 2668, 2425, 2065, 1707, 1444, 1360, 1485, 
1776, 2144, 2488, 2697, 2719, 2544, 2228, 1855, 1537, 1361, 
1468, 1750, 2116, 2464, 2687, 2724, 2565, 2252, 1878, 1555, 
1380, 1400, 1615, 1956, 2326, 2677, 2730, 2584, 2279, 1907, 
1576, 1386, 1392, 1593, 1930, 2301, 2597, 2734, 2671, 2424, 
2066, 1596, 1392, 1383, 1569, 1902, 2275, 2581, 2731, 2680, 
2445, 2094, 1731, 1461, 1361, 1470, 1750, 2248, 2561, 2723, 
2688, 2468, 2120, 1752, 1472, 1360, 1456, 1727, 2090, 2443, 
2679, 2732, 2583, 2146, 1779, 1488, 1363, 1442, 1703, 2062, 
2421, 2667, 2735, 2600, 2303, 1933, 1596, 1391, 1383, 1679, 
2035, 2398, 2655, 2736, 2615, 2329, 1957, 1616, 1401, 1376, 
1551, 1875, 2248, 2563, 2725, 2630, 2355, 1987, 1639, 1411, 
1372, 1536, 1849, 2223, 2544, 2720, 2698, 2491, 2148, 1778, 
1488, 1368, 1518, 1825, 2196, 2527, 2713, 2710, 2510, 2175, 
1804, 1503, 1366, 1428, 1680, 2035, 2399, 2706, 2715, 2531, 
2202, 1830, 1520, 1368, 1417, 1656, 2007, 2372, 2641, 2737, 
2630, 2355, 1987, 1538, 1372, 1409, 1634, 1982, 2349, 2627, 
2736, 2643, 2377, 2012, 1661, 1423, 1368, 1516, 1827, 2324, 
2608, 2735, 2656, 2403, 2040, 1683, 1433, 1365, 1500, 1800, 
2169, 2506, 2707, 2715, 2528, 2068, 1708, 1446, 1363, 1484, 
1775, 2144, 2486, 2697, 2722, 2548, 2228, 1855, 1540, 1374, 
1410, 1749, 2115, 2465, 2687, 2726, 2567, 2255, 1881, 1557, 
1379, 1399, 1613, 1955, 2323, 2611, 2735, 2584, 2279, 1907, 
1577, 1384, 1391, 1593, 1928, 2300, 2599, 2734, 2670, 2428, 
2068, 1708, 1442, 1383, 1572, 1901, 2273, 2579, 2728, 2680, 
2449, 2095, 1732, 1457, 1361, 1469, 1750, 2115, 2467, 2727, 
2691, 2469, 2122, 1756, 1475, 1363, 1456, 1726, 2089, 2443, 
2680, 2731, 2585, 2281, 1910, 1489, 1363, 1443, 1702, 2062, 
2420, 2665, 2734, 2601, 2307, 1934, 1598, 1393, 1381, 1570, 
1900, 2396, 2654, 2735, 2615, 2329, 1960, 1617, 1402, 1376, 
1552, 1875, 2247, 2563, 2724, 2689, 2468, 1990, 1640, 1411, 
1371, 1538, 1851, 2224, 2547, 2720, 2700, 2492, 2149, 1781, 
1491, 1363, 1442, 1824, 2197, 2527, 2713, 2710, 2511, 2177, 
1806, 1504, 1366, 1429, 1678, 2030, 2396, 2655, 2735, 2530, 
2203, 1830, 1520, 1369, 1419, 1656, 2007, 2371, 2639, 2736, 
2630, 2355, 1987, 1638, 1412, 1408, 1633, 1980, 2350, 2626, 
2736, 2644, 2379, 2014, 1663, 1420, 1367, 1523, 1824, 2195, 
2526, 2736, 2657, 2404, 2041, 1686, 1432, 1364, 1499, 1798, 
2168, 2505, 2707, 2715, 2530, 2203, 1828, 1446, 1363, 1484, 
1774, 2140, 2483, 2697, 2722, 2550, 2229, 1857, 1539, 1369, 
1409, 1633, 1980, 2464, 2686, 2727, 2568, 2255, 1882, 1558, 
1380, 1401, 1612, 1953, 2324, 2611, 2736, 2659, 2407, 1909, 
1578, 1384, 1390, 1592, 1927, 2299, 2598, 2734, 2670, 2427, 
2068, 1712, 1445, 1363, 1484, 1900, 2272, 2582, 2730, 2680, 
2449, 2096, 1733, 1457, 1361, 1468, 1748, 2116, 2463, 2688, 
2727, 2469, 2124, 1756, 1474, 1362, 1454, 1724, 2087, 2442, 
2678, 2728, 2585, 2279, 1909, 1580, 1384, 1443, 1701, 2060, 
2419, 2667, 2735, 2602, 2307, 1935, 1599, 1393, 1383, 1568, 
1901, 2273, 2580, 2736, 2616, 2331, 1959, 1619, 1402, 1376, 
1551, 1873, 2247, 2560, 2725, 2689, 2471, 2124, 1758, 1411, 
1373, 1534, 1850, 2222, 2540, 2721, 2700, 2491, 2150, 1783, 
1489, 1365, 1443, 1701, 2061, 2525, 2713, 2708, 2510, 2550, 
2720, 2692, 2479, 2132, 1765, 1476, 1360, 1447, 1711, 2075, 
2431, 2713, 2700, 2496, 2159, 1790, 1495, 1363, 1434, 1686, 
2047, 2408, 2662, 2732, 2607, 2314, 1945, 1511, 1366, 1424, 
1667, 2020, 2384, 2647, 2732, 2619, 2339, 1972, 1627, 1405, 
1374, 1544, 1860, 2359, 2632, 2736, 2636, 2364, 1997, 1649, 
1416, 1369, 1527, 1836, 2209, 2534, 2715, 2702, 2499, 2025, 
1672, 1426, 1366, 1510, 1809, 2182, 2515, 2709, 2711, 2519, 
2187, 1816, 1512, 1365, 1424, 1787, 2156, 2495, 2703, 2717, 
2540, 2214, 1840, 1528, 1369, 1412, 1644, 1994, 2361, 2632, 
2735, 2556, 2240, 1868, 1548, 1375, 1404, 1623, 1966, 2335, 
2619, 2735, 2650, 2389, 2025, 1672, 1427, 1394, 1603, 1940, 
2312, 2600, 2732, 2663, 2411, 2055, 1695, 1439, 1363, 1491, 
1785, 2155, 2495, 2732, 2673, 2435, 2080, 1715, 1453, 1361, 
1475, 1761, 2129, 2474, 2692, 2724, 2557, 2240, 1868, 1465, 
1362, 1463, 1738, 2100, 2452, 2686, 2728, 2575, 2268, 1892, 
1568, 1383, 1396, 1604, 1942, 2431, 2672, 2732, 2591, 2292, 
1920, 1587, 1388, 1387, 1582, 1914, 2288, 2588, 2732, 2675, 
2435, 1947, 1607, 1396, 1380, 1567, 1888, 2260, 2569, 2727, 
2684, 2458, 2108, 1743, 1465, 1361, 1464, 1862, 2236, 2552, 
2723, 2697, 2480, 2135, 1767, 1482, 1361, 1449, 1713, 2076, 
2431, 2672, 2732, 2499, 2163, 1791, 1495, 1358, 1435, 1690, 
2049, 2407, 2660, 2735, 2608, 2318, 1947, 1608, 1397, 1423, 
1668, 2020, 2383, 2643, 2736, 2623, 2344, 1974, 1628, 1406, 
1375, 1543, 1861, 2235, 2552, 2736, 2636, 2367, 1999, 1648, 
1415, 1370, 1526, 1836, 2208, 2535, 2716, 2704, 2499, 2164, 
1792, 1426, 1366, 1508, 1811, 2179, 2515, 2711, 2713, 2520, 
2188, 1818, 1511, 1366, 1424, 1667, 2021, 2495, 2702, 2719, 
2539, 2220, 1843, 1529, 1369, 1414, 1644, 1993, 2361, 2633, 
2734, 2637, 2367, 1868, 1549, 1374, 1404, 1627, 1967, 2336, 
2617, 2737, 2652, 2391, 2027, 1673, 1427, 1366, 1507, 1940, 
2311, 2604, 2732, 2666, 2412, 2056, 1697, 1439, 1364, 1492, 
1786, 2155, 2495, 2702, 2719, 2436, 2083, 1721, 1452, 1364, 
1476, 1760, 2127, 2475, 2691, 2723, 2559, 2243, 1869, 1551, 
1378, 1464, 1737, 2102, 2452, 2679, 2727, 2576, 2267, 1895, 
1568, 1382, 1396, 1603, 1939, 2311, 2604, 2732, 2593, 2294, 
1922, 1586, 1388, 1387, 1580, 1913, 2287, 2587, 2732, 2675, 
2436, 2082, 1721, 1396, 1379, 1560, 1885, 2259, 2571, 2728, 
2687, 2459, 2109, 1743, 1468, 1362, 1462, 1737, 2101, 2552, 
2721, 2696, 2480, 2135, 1768, 1481, 1362, 1448, 1713, 2074, 
2428, 2672, 2731, 2593, 2294, 1795, 1497, 1364, 1435, 1692, 
2047, 2408, 2659, 2732, 2609, 2319, 1948, 1609, 1398, 1380, 
1562, 2022, 2383, 2647, 2736, 2627, 2344, 1976, 1632, 1407, 
1374, 1543, 1862, 2233, 2552, 2721, 2695, 2368, 2001, 1650, 
1417, 1369, 1526, 1836, 2208, 2534, 2717, 2703, 2500, 2163, 
1794, 1497, 1364, 1507, 1809, 2180, 2514, 2710, 2712, 2520, 
2189, 1818, 1515, 1367, 1425, 1667, 2019, 2383, 2648, 2719, 
2540, 2217, 1845, 1530, 1371, 1413, 1643, 1991, 2358, 2631, 
2736, 2638, 2366, 2001, 1651, 1375, 1404, 1622, 1965, 2334, 
2617, 2735, 2651, 2391, 2028, 1674, 1427, 1366, 1507, 1809, 
2179, 2603, 2735, 2666, 2416, 2055, 1697, 1439, 1363, 1491, 
1786, 2152, 2495, 2701, 2719, 2542, 2218, 1721, 1454, 1361, 
1474, 1759, 2127, 2474, 2690, 2724, 2559, 2243, 1871, 1551, 
1376, 1404, 1622, 2100, 2451, 2683, 2730, 2576, 2271, 1896, 
1569, 1382, 1395, 1601, 1938, 2308, 2604, 2734, 2664, 2296, 
1923, 1588, 1388, 1384, 1582, 1912, 2286, 2588, 2731, 2675, 
2439, 2056, 1676, 1406, 1394, 1735, 2110, 2468, 2692, 2724, 
2548, 2229, 1855, 1538, 1374, 1409, 1633, 1980, 2350, 2627, 
2736, 2566, 2254, 1880, 1555, 1379, 1398, 1612, 1953, 2323, 
2612, 2735, 2656, 2403, 2041, 1685, 1433, 1392, 1594, 1929, 
2294, 2596, 2732, 2668, 2425, 2068, 1708, 1445, 1361, 1485, 
1775, 2143, 2486, 2729, 2680, 2446, 2089, 1731, 1459, 1363, 
1469, 1750, 2116, 2464, 2688, 2727, 2567, 2252, 1882, 1474, 
1362, 1455, 1722, 2088, 2442, 2678, 2731, 2585, 2280, 1907, 
1578, 1386, 1392, 1593, 1929, 2421, 2668, 2735, 2597, 2306, 
1934, 1599, 1392, 1384, 1573, 1902, 2275, 2581, 2731, 2680, 
2449, 1961, 1618, 1404, 1376, 1551, 1875, 2247, 2561, 2726, 
2689, 2469, 2123, 1755, 1473, 1363, 1455, 1849, 2222, 2543, 
2719, 2700, 2491, 2147, 1782, 1488, 1363, 1442, 1702, 2062, 
2420, 2668, 2735, 2511, 2176, 1806, 1508, 1367, 1431, 1680, 
2035, 2397, 2656, 2736, 2616, 2331, 1963, 1619, 1402, 1419, 
1657, 2007, 2375, 2640, 2736, 2628, 2355, 1987, 1640, 1412, 
1372, 1536, 1849, 2222, 2544, 2736, 2644, 2379, 2017, 1663, 
1423, 1368, 1516, 1822, 2196, 2526, 2712, 2708, 2511, 2176, 
1805, 1432, 1364, 1500, 1802, 2168, 2504, 2706, 2716, 2530, 
2203, 1831, 1520, 1368, 1419, 1656, 2006, 2484, 2697, 2720, 
2552, 2228, 1855, 1539, 1373, 1406, 1634, 1979, 2347, 2627, 
2736, 2644, 2380, 1880, 1558, 1380, 1403, 1612, 1952, 2323, 
2611, 2736, 2657, 2403, 2042, 1685, 1433, 1364, 1500, 1926, 
2299, 2595, 2732, 2670, 2426, 2068, 1709, 1447, 1362, 1484, 
1774, 2140, 2483, 2695, 2721, 2448, 2096, 1734, 1459, 1361, 
1469, 1748, 2114, 2463, 2687, 2726, 2568, 2255, 1881, 1558, 
1379, 1455, 1723, 2087, 2439, 2676, 2730, 2585, 2281, 1909, 
1578, 1387, 1390, 1592, 1927, 2297, 2598, 2736, 2602, 2306, 
1934, 1598, 1392, 1384, 1569, 1900, 2275, 2580, 2731, 2682, 
2449, 2097, 1733, 1403, 1376, 1551, 1870, 2247, 2561, 2727, 
2692, 2470, 2122, 1756, 1475, 1363, 1453, 1724, 2085, 2543, 
2719, 2699, 2488, 2151, 1782, 1488, 1363, 1440, 1700, 2060, 
2419, 2667, 2733, 2601, 2307, 1807, 1505, 1364, 1426, 1679, 
2033, 2396, 2654, 2736, 2617, 2331, 1962, 1619, 1401, 1376, 
1551, 2006, 2371, 2639, 2732, 2630, 2356, 1987, 1640, 1409, 
1369, 1534, 1848, 2220, 2540, 2719, 2700, 2380, 2016, 1663, 
1420, 1368, 1517, 1823, 2193, 2523, 2713, 2710, 2511, 2177, 
1807, 1507, 1367, 1501, 1799, 2167, 2500, 2705, 2713, 2531, 
2204, 1831, 1522, 1367, 1420, 1656, 2006, 2371, 2640, 2722, 
2550, 2230, 1855, 1539, 1373, 1409, 1631, 1977, 2347, 2624, 
2736, 2643, 2379, 2015, 1662, 1379, 1400, 1612, 1949, 2323, 
2611, 2736, 2659, 2403, 2043, 1687, 1433, 1365, 1500, 1797, 
2169, 2596, 2734, 2670, 2426, 2069, 1710, 1447, 1363, 1484, 
1772, 2140, 2484, 2697, 2723, 2548, 2231, 1735, 1460, 1360, 
1464, 1747, 2113, 2462, 2687, 2727, 2569, 2255, 1883, 1560, 
1378, 1398, 1611, 2087, 2440, 2679, 2732, 2585, 2281, 1911, 
1578, 1386, 1391, 1591, 1926, 2299, 2595, 2735, 2671, 2308, 
1939, 1600, 1390, 1383, 1571, 1899, 2272, 2578, 2729, 2681, 
2451, 2097, 1735, 1460, 1362, 1551, 1872, 2246, 2558, 2725, 
2691, 2472, 2124, 1757, 1475, 1360, 1453, 1724, 2087, 2439, 
2677, 2699, 2492, 2151, 1779, 1489, 1363, 1440, 1700, 2059, 
2418, 2665, 2734, 2603, 2307, 1935, 1600, 1366, 1428, 1677, 
2033, 2395, 2654, 2739, 2616, 2332, 1964, 1620, 1403, 1377, 
1552, 1871, 2245, 2640, 2736, 2631, 2357, 1990, 1643, 1414, 
1372, 1533, 1847, 2220, 2542, 2719, 2700, 2492, 2151, 1664, 
1423, 1368, 1516, 1821, 2192, 2524, 2713, 2710, 2511, 2553, 
2719, 2688, 2470, 2128, 1761, 1414, 1369, 1528, 1840, 2211, 
2535, 2715, 2700, 2494, 2155, 1787, 1492, 1361, 1436, 1694, 
2051, 2515, 2709, 2707, 2514, 2182, 1811, 1509, 1366, 1427, 
1672, 2027, 2386, 2648, 2735, 2619, 2336, 1837, 1526, 1370, 
1415, 1648, 1999, 2364, 2634, 2735, 2631, 2360, 1995, 1644, 
1413, 1369, 1529, 1971, 2339, 2621, 2735, 2647, 2384, 2021, 
1668, 1424, 1366, 1512, 1815, 2185, 2519, 2711, 2712, 2409, 
2049, 1692, 1436, 1364, 1495, 1790, 2160, 2497, 2702, 2716, 
2535, 2209, 1837, 1527, 1369, 1479, 1765, 2133, 2478, 2693, 
2721, 2553, 2237, 1864, 1545, 1375, 1407, 1624, 1969, 2340, 
2622, 2727, 2574, 2262, 1889, 1564, 1380, 1396, 1607, 1944, 
2315, 2607, 2734, 2659, 2408, 2049, 1691, 1387, 1388, 1586, 
1918, 2291, 2591, 2732, 2674, 2432, 2076, 1715, 1449, 1361, 
1479, 1765, 2133, 2572, 2728, 2684, 2453, 2102, 1738, 1463, 
1361, 1464, 1740, 2105, 2456, 2683, 2727, 2574, 2263, 1763, 
1478, 1363, 1450, 1716, 2079, 2433, 2673, 2731, 2589, 2288, 
1916, 1583, 1387, 1387, 1585, 2051, 2412, 2662, 2735, 2606, 
2313, 1943, 1604, 1394, 1381, 1566, 1891, 2263, 2574, 2727, 
2684, 2337, 1969, 1625, 1404, 1376, 1546, 1866, 2239, 2555, 
2723, 2692, 2475, 2129, 1763, 1479, 1363, 1528, 1840, 2213, 
2536, 2717, 2703, 2497, 2159, 1788, 1494, 1363, 1435, 1691, 
2052, 2412, 2661, 2711, 2516, 2184, 1812, 1510, 1365, 1425, 
1671, 2025, 2387, 2649, 2736, 2620, 2338, 1970, 1625, 1369, 
1415, 1648, 1998, 2364, 2636, 2736, 2635, 2363, 1996, 1648, 
1415, 1369, 1529, 1840, 2213, 2620, 2736, 2649, 2387, 2023, 
1671, 1425, 1366, 1511, 1813, 2186, 2518, 2709, 2711, 2517, 
2184, 1693, 1437, 1364, 1494, 1789, 2159, 2498, 2702, 2717, 
2537, 2212, 1840, 1527, 1371, 1416, 1648, 2131, 2478, 2695, 
2726, 2555, 2237, 1866, 1546, 1375, 1405, 1626, 1972, 2339, 
2623, 2737, 2649, 2264, 1890, 1566, 1380, 1396, 1606, 1943, 
2315, 2606, 2734, 2663, 2411, 2051, 1694, 1438, 1363, 1585, 
1918, 2288, 2591, 2732, 2673, 2432, 2077, 1716, 1450, 1362, 
1476, 1763, 2131, 2478, 2692, 2683, 2454, 2106, 1741, 1464, 
1362, 1464, 1741, 2105, 2456, 2684, 2728, 2574, 2265, 1891, 
1564, 1362, 1450, 1716, 2079, 2433, 2674, 2732, 2591, 2289, 
1916, 1583, 1386, 1386, 1586, 1917, 2289, 2660, 2735, 2608, 
2315, 1943, 1604, 1395, 1381, 1565, 1889, 2264, 2572, 2727, 
2684, 2456, 2105, 1627, 1404, 1374, 1546, 1865, 2239, 2555, 
2724, 2695, 2478, 2133, 1765, 1478, 1364, 1449, 1716, 2211, 
2535, 2718, 2703, 2498, 2160, 1790, 1495, 1363, 1436, 1693, 
2050, 2410, 2663, 2735, 2606, 2186, 1815, 1512, 1366, 1426, 
1671, 2024, 2387, 2649, 2736, 2622, 2341, 1971, 1628, 1405, 
1375, 1648, 1998, 2363, 2636, 2737, 2635, 2366, 1999, 1648, 
1415, 1370, 1528, 1839, 2211, 2540, 2718, 2649, 2390, 2023, 
1671, 1425, 1367, 1511, 1814, 2184, 2516, 2710, 2712, 2518, 
2188, 1814, 1510, 1363, 1494, 1788, 2158, 2496, 2703, 2717, 
2539, 2214, 1840, 1528, 1370, 1415, 1648, 1996, 2363, 2694, 
2723, 2556, 2240, 1867, 1549, 1375, 1405, 1625, 1971, 2339, 
2620, 2736, 2649, 2388, 2024, 1566, 1382, 1395, 1605, 1942, 
2312, 2604, 2736, 2662, 2413, 2052, 1694, 1439, 1363, 1493, 
1788, 2288, 2590, 2732, 2675, 2435, 2079, 1719, 1451, 1364, 
1479, 1763, 2131, 2478, 2694, 2724, 2556, 2108, 1742, 1466, 
1361, 1464, 1739, 2104, 2455, 2684, 2728, 2574, 2264, 1891, 
1565, 1382, 1395, 1716, 2077, 2432, 2672, 2732, 2591, 2291, 
1919, 1585, 1387, 1387, 1585, 1916, 2288, 2588, 2732, 2607, 
2311, 1920, 1561, 1366, 1467, 1750, 2126, 2476, 2694, 2722, 
2537, 2208, 1836, 1524, 1368, 1481, 1769, 2136, 2480, 2695, 
2723, 2552, 2233, 1861, 1543, 1373, 1407, 1630, 1969, 2343, 
2622, 2728, 2572, 2260, 1887, 1562, 1380, 1397, 1608, 1947, 
2316, 2607, 2736, 2659, 2408, 2047, 1688, 1387, 1392, 1590, 
1920, 2294, 2592, 2732, 2672, 2432, 2074, 1713, 1451, 1361, 
1481, 1768, 2135, 2575, 2729, 2683, 2454, 2100, 1737, 1463, 
1361, 1466, 1743, 2108, 2460, 2686, 2727, 2572, 2259, 1762, 
1477, 1363, 1451, 1721, 2080, 2436, 2675, 2732, 2588, 2287, 
1916, 1582, 1387, 1390, 1585, 2054, 2414, 2663, 2735, 2607, 
2312, 1940, 1604, 1394, 1382, 1568, 1896, 2268, 2574, 2728, 
2681, 2336, 1968, 1624, 1403, 1375, 1548, 1868, 2240, 2556, 
2721, 2692, 2478, 2130, 1762, 1478, 1361, 1531, 1843, 2214, 
2538, 2718, 2702, 2495, 2156, 1788, 1493, 1363, 1439, 1695, 
2054, 2412, 2663, 2710, 2515, 2182, 1811, 1508, 1366, 1427, 
1672, 2027, 2390, 2651, 2739, 2623, 2338, 1968, 1623, 1369, 
1416, 1650, 2001, 2366, 2636, 2737, 2632, 2360, 1993, 1643, 
1415, 1369, 1530, 1841, 2214, 2622, 2736, 2648, 2384, 2020, 
1667, 1423, 1366, 1512, 1817, 2187, 2520, 2711, 2710, 2514, 
2180, 1689, 1436, 1363, 1496, 1793, 2161, 2500, 2703, 2717, 
2535, 2211, 1836, 1525, 1369, 1415, 1649, 2134, 2478, 2694, 
2721, 2555, 2236, 1863, 1545, 1374, 1406, 1627, 1973, 2342, 
2622, 2734, 2648, 2260, 1888, 1563, 1380, 1395, 1607, 1946, 
2316, 2607, 2734, 2661, 2408, 2047, 1690, 1436, 1363, 1587, 
1921, 2292, 2591, 2737, 2672, 2432, 2076, 1715, 1450, 1361, 
1481, 1766, 2135, 2478, 2696, 2684, 2454, 2103, 1739, 1464, 
1363, 1467, 1744, 2109, 2459, 2685, 2727, 2573, 2264, 1888, 
1563, 1363, 1451, 1718, 2080, 2436, 2675, 2732, 2590, 2289, 
1915, 1583, 1387, 1388, 1586, 1919, 2291, 2663, 2733, 2604, 
2312, 1942, 1604, 1395, 1381, 1567, 1891, 2267, 2573, 2730, 
2683, 2454, 2103, 1624, 1404, 1375, 1546, 1868, 2240, 2556, 
2724, 2695, 2476, 2129, 1763, 1478, 1363, 1451, 1718, 2215, 
2539, 2718, 2702, 2497, 2158, 1788, 1494, 1363, 1439, 1694, 
2052, 2412, 2660, 2735, 2606, 2183, 1812, 1509, 1367, 1425, 
1671, 2026, 2388, 2651, 2736, 2622, 2337, 1967, 1625, 1404, 
1374, 1651, 1999, 2365, 2637, 2737, 2635, 2362, 1996, 1647, 
1414, 1371, 1529, 1842, 2215, 2540, 2718, 2652, 2385, 2023, 
1670, 1426, 1366, 1511, 1816, 2187, 2519, 2711, 2710, 2515, 
2183, 1812, 1509, 1364, 1496, 1794, 2161, 2499, 2704, 2718, 
2536, 2211, 1838, 1527, 1369, 1415, 1649, 1999, 2365, 2694, 
2723, 2555, 2237, 1864, 1546, 1376, 1406, 1627, 1973, 2341, 
2622, 2736, 2648, 2385, 2021, 1564, 1380, 1397, 1607, 1945, 
2316, 2606, 2735, 2662, 2409, 2051, 1691, 1436, 1363, 1494, 
1790, 2290, 2591, 2732, 2672, 2432, 2077, 1715, 1451, 1361, 
1480, 1764, 2134, 2479, 2695, 2724, 2555, 2105, 1740, 1465, 
1363, 1465, 1742, 2107, 2457, 2686, 2728, 2569, 2264, 1891, 
1566, 1383, 1397, 1718, 2079, 2435, 2675, 2731, 2590, 2288, 
1917, 1584, 1388, 1388, 1584, 1916, 2291, 2591, 2732, 2607, 
2312, 1942, 1604, 1395, 1381, 1566, 1891, 2265, 2574, 2728, 
2684, 2455, 2105, 1740, 1465, 1376, 1547, 1865, 2241, 2555, 
2724, 2693, 2476, 2131, 1763, 1478, 1361, 1451, 1718, 2078, 
2435, 2716, 2703, 2497, 2159, 1789, 1496, 1363, 1437, 1694, 
2051, 2412, 2662, 2735, 2607, 2314, 1943, 1509, 1367, 1425, 
1671, 2023, 2388, 2651, 2736, 2622, 2340, 1971, 1625, 1405, 
1375, 1545, 1865, 2364, 2636, 2736, 2635, 2364, 1998, 1648, 
1415, 1369, 1529, 1840, 2212, 2537, 2716, 2700, 2496, 2638, 
2734, 2627, 2350, 1984, 1636, 1408, 1368, 1534, 1848, 2220, 
2541, 2716, 2696, 2488, 2147, 1659, 1420, 1368, 1517, 1823, 
2193, 2524, 2711, 2705, 2507, 2172, 1802, 1500, 1364, 1427, 
1678, 2168, 2503, 2703, 2712, 2526, 2200, 1827, 1519, 1368, 
1418, 1656, 2007, 2372, 2639, 2734, 2625, 2226, 1854, 1537, 
1371, 1408, 1634, 1980, 2347, 2624, 2735, 2641, 2375, 2012, 
1660, 1420, 1367, 1614, 1955, 2324, 2611, 2734, 2655, 2400, 
2038, 1682, 1432, 1363, 1500, 1799, 2168, 2505, 2705, 2667, 
2422, 2064, 1707, 1443, 1362, 1482, 1772, 2142, 2483, 2697, 
2719, 2547, 2227, 1854, 1539, 1361, 1470, 1750, 2115, 2463, 
2686, 2726, 2564, 2252, 1880, 1558, 1378, 1399, 1612, 1953, 
2323, 2677, 2729, 2584, 2279, 1907, 1575, 1384, 1390, 1592, 
1926, 2299, 2592, 2732, 2669, 2424, 2067, 1597, 1392, 1383, 
1572, 1900, 2272, 2579, 2728, 2679, 2446, 2094, 1731, 1458, 
1361, 1468, 1749, 2247, 2559, 2723, 2689, 2467, 2120, 1753, 
1472, 1362, 1454, 1726, 2086, 2440, 2677, 2729, 2583, 2147, 
1778, 1488, 1362, 1442, 1701, 2060, 2419, 2665, 2734, 2599, 
2304, 1932, 1596, 1392, 1383, 1677, 2035, 2396, 2655, 2736, 
2616, 2330, 1961, 1617, 1401, 1377, 1552, 1874, 2246, 2560, 
2724, 2631, 2355, 1986, 1639, 1411, 1372, 1534, 1850, 2222, 
2543, 2719, 2699, 2489, 2148, 1779, 1487, 1367, 1517, 1823, 
2195, 2524, 2713, 2708, 2510, 2176, 1805, 1504, 1365, 1430, 
1678, 2035, 2396, 2705, 2715, 2529, 2200, 1831, 1521, 1369, 
1417, 1656, 2007, 2371, 2640, 2736, 2631, 2355, 1984, 1539, 
1373, 1408, 1633, 1980, 2348, 2626, 2736, 2643, 2377, 2014, 
1663, 1421, 1367, 1517, 1823, 2324, 2611, 2735, 2659, 2401, 
2040, 1684, 1433, 1363, 1500, 1798, 2168, 2504, 2705, 2715, 
2531, 2068, 1708, 1446, 1363, 1484, 1773, 2144, 2484, 2697, 
2722, 2549, 2229, 1857, 1539, 1373, 1408, 1751, 2115, 2463, 
2687, 2727, 2567, 2255, 1884, 1559, 1379, 1400, 1612, 1953, 
2324, 2612, 2736, 2584, 2280, 1908, 1577, 1385, 1391, 1592, 
1926, 2298, 2595, 2734, 2670, 2425, 2068, 1709, 1447, 1383, 
1572, 1899, 2272, 2577, 2729, 2681, 2447, 2095, 1732, 1460, 
1362, 1468, 1750, 2114, 2464, 2724, 2691, 2470, 2124, 1756, 
1473, 1363, 1455, 1725, 2087, 2441, 2678, 2731, 2584, 2281, 
1909, 1489, 1362, 1441, 1703, 2059, 2419, 2665, 2735, 2603, 
2305, 1934, 1598, 1392, 1383, 1571, 1899, 2395, 2654, 2736, 
2616, 2330, 1961, 1618, 1400, 1378, 1552, 1875, 2247, 2560, 
2724, 2691, 2469, 1990, 1640, 1411, 1372, 1534, 1849, 2220, 
2546, 2720, 2700, 2494, 2151, 1782, 1489, 1363, 1441, 1823, 
2192, 2524, 2712, 2708, 2511, 2175, 1806, 1504, 1365, 1428, 
1679, 2033, 2394, 2655, 2736, 2531, 2203, 1831, 1521, 1369, 
1419, 1655, 2005, 2371, 2641, 2738, 2631, 2357, 1988, 1640, 
1412, 1409, 1630, 1979, 2348, 2625, 2736, 2646, 2382, 2016, 
1663, 1422, 1367, 1517, 1822, 2194, 2526, 2736, 2659, 2403, 
2041, 1686, 1432, 1364, 1499, 1796, 2167, 2503, 2706, 2715, 
2531, 2204, 1831, 1446, 1362, 1483, 1772, 2140, 2483, 2697, 
2723, 2548, 2231, 1857, 1541, 1374, 1407, 1632, 1980, 2463, 
2687, 2727, 2568, 2255, 1882, 1560, 1379, 1400, 1612, 1951, 
2320, 2611, 2735, 2659, 2403, 1910, 1579, 1385, 1390, 1591, 
1925, 2297, 2595, 2733, 2671, 2427, 2069, 1708, 1445, 1361, 
1483, 1897, 2272, 2579, 2730, 2681, 2449, 2097, 1733, 1460, 
1362, 1468, 1748, 2112, 2462, 2687, 2727, 2471, 2123, 1763, 
1475, 1361, 1454, 1724, 2086, 2439, 2678, 2732, 2584, 2281, 
1911, 1579, 1385, 1440, 1700, 2057, 2419, 2666, 2735, 2601, 
2292, 1910, 1555, 1366, 1471, 1758, 2134, 2484, 2700, 2678, 
2408, 2047, 1692, 1436, 1364, 1496, 1791, 2161, 2501, 2704, 
2717, 2535, 2209, 1837, 1527, 1362, 1480, 1767, 2136, 2479, 
2694, 2723, 2553, 2236, 1863, 1544, 1374, 1403, 1627, 1973, 
2340, 2685, 2727, 2572, 2261, 1888, 1564, 1380, 1397, 1607, 
1946, 2316, 2608, 2736, 2662, 2409, 2048, 1584, 1388, 1389, 
1587, 1920, 2292, 2592, 2732, 2673, 2432, 2075, 1715, 1450, 
1362, 1481, 1767, 2265, 2574, 2728, 2686, 2454, 2103, 1739, 
1464, 1362, 1464, 1743, 2108, 2456, 2684, 2727, 2572, 2130, 
1762, 1479, 1363, 1449, 1718, 2079, 2435, 2677, 2731, 2588, 
2288, 1916, 1584, 1388, 1390, 1695, 2053, 2413, 2662, 2735, 
2606, 2312, 1941, 1604, 1395, 1383, 1567, 1892, 2265, 2575, 
2728, 2621, 2338, 1968, 1625, 1404, 1375, 1546, 1866, 2240, 
2556, 2723, 2693, 2476, 2131, 1761, 1479, 1370, 1531, 1841, 
2214, 2537, 2717, 2703, 2496, 2157, 1788, 1494, 1363, 1438, 
1695, 2053, 2414, 2711, 2709, 2515, 2184, 1812, 1508, 1366, 
1427, 1672, 2025, 2389, 2652, 2736, 2622, 2338, 1968, 1527, 
1369, 1416, 1649, 1999, 2366, 2636, 2736, 2635, 2363, 1996, 
1647, 1412, 1372, 1530, 1841, 2342, 2622, 2736, 2648, 2386, 
2022, 1669, 1426, 1368, 1512, 1816, 2185, 2519, 2713, 2709, 
2517, 2049, 1692, 1435, 1363, 1495, 1790, 2161, 2499, 2703, 
2716, 2535, 2210, 1838, 1527, 1369, 1415, 1766, 2132, 2479, 
2694, 2723, 2554, 2236, 1864, 1544, 1375, 1405, 1628, 1971, 
2340, 2623, 2736, 2573, 2263, 1889, 1564, 1380, 1395, 1607, 
1943, 2316, 2608, 2737, 2663, 2410, 2050, 1692, 1436, 1387, 
1585, 1918, 2291, 2591, 2732, 2673, 2433, 2078, 1716, 1449, 
1363, 1479, 1766, 2132, 2477, 2729, 2684, 2455, 2105, 1740, 
1464, 1361, 1465, 1740, 2107, 2456, 2684, 2728, 2572, 2262, 
1888, 1478, 1362, 1449, 1716, 2079, 2434, 2675, 2732, 2590, 
2289, 1917, 1584, 1388, 1388, 1585, 1918, 2412, 2663, 2735, 
2607, 2314, 1943, 1604, 1395, 1381, 1564, 1892, 2264, 2574, 
2728, 2683, 2455, 1968, 1624, 1404, 1374, 1545, 1864, 2238, 
2554, 2723, 2694, 2478, 2131, 1763, 1479, 1362, 1451, 1839, 
2212, 2536, 2717, 2703, 2497, 2159, 1789, 1494, 1362, 1437, 
1694, 2051, 2411, 2662, 2735, 2519, 2183, 1814, 1511, 1366, 
1424, 1671, 2024, 2387, 2649, 2736, 2622, 2339, 1971, 1625, 
1404, 1418, 1649, 1998, 2363, 2638, 2736, 2635, 2363, 1997, 
1648, 1415, 1370, 1527, 1838, 2211, 2537, 2736, 2649, 2387, 
2023, 1671, 1427, 1367, 1509, 1815, 2184, 2517, 2711, 2711, 
2518, 2185, 1814, 1435, 1364, 1495, 1790, 2159, 2497, 2704, 
2717, 2537, 2212, 1839, 1530, 1371, 1416, 1648, 1996, 2479, 
2693, 2723, 2556, 2239, 1866, 1548, 1375, 1405, 1624, 1971, 
2342, 2622, 2736, 2648, 2387, 1891, 1566, 1380, 1395, 1606, 
1944, 2313, 2606, 2734, 2662, 2410, 2051, 1692, 1438, 1364, 
1494, 1917, 2289, 2588, 2732, 2676, 2435, 2079, 1717, 1450, 
1363, 1479, 1764, 2135, 2478, 2694, 2723, 2455, 2105, 1742, 
1464, 1361, 1464, 1741, 2105, 2455, 2683, 2728, 2574, 2264, 
1891, 1564, 1380, 1449, 1715, 2077, 2432, 2674, 2732, 2590, 
2289, 1917, 1588, 1388, 1388, 1584, 1918, 2288, 2590, 2734, 
2607, 2315, 1945, 1606, 1395, 1380, 1564, 1890, 2263, 2572, 
2728, 2684, 2453, 2106, 1740, 1403, 1374, 1545, 1865, 2238, 
2555, 2723, 2694, 2478, 2132, 1765, 1479, 1361, 1449, 1715, 
2078, 2535, 2716, 2703, 2499, 2160, 1790, 1494, 1363, 1436, 
1692, 2050, 2410, 2662, 2735, 2608, 2316, 1816, 1506, 1367, 
1425, 1671, 2025, 2387, 2649, 2737, 2622, 2340, 1969, 1627, 
1404, 1374, 1546, 1996, 2363, 2635, 2736, 2636, 2365, 2654, 
2732, 2613, 2323, 1953, 1612, 1399, 1376, 1554, 1879, 2374, 
2639, 2734, 2624, 2348, 1980, 1634, 1408, 1371, 1536, 1853, 
2224, 2545, 2718, 2698, 2483, 2007, 1656, 1420, 1365, 1519, 
1827, 2199, 2527, 2712, 2704, 2503, 2171, 1801, 1500, 1362, 
1430, 1801, 2172, 2507, 2706, 2712, 2524, 2195, 1824, 1516, 
1365, 1420, 1659, 2012, 2375, 2642, 2735, 2544, 2224, 1849, 
1536, 1371, 1410, 1637, 1984, 2353, 2628, 2736, 2641, 2372, 
2008, 1657, 1419, 1400, 1616, 1957, 2328, 2613, 2735, 2655, 
2397, 2034, 1680, 1430, 1364, 1503, 1801, 2172, 2508, 2732, 
2667, 2421, 2063, 1703, 1443, 1361, 1488, 1777, 2145, 2488, 
2697, 2719, 2544, 2224, 1851, 1455, 1361, 1472, 1751, 2118, 
2466, 2687, 2723, 2563, 2249, 1876, 1554, 1376, 1398, 1614, 
1956, 2444, 2680, 2728, 2581, 2277, 1903, 1572, 1383, 1392, 
1595, 1931, 2302, 2598, 2732, 2668, 2423, 1928, 1595, 1390, 
1384, 1575, 1904, 2278, 2582, 2730, 2679, 2444, 2092, 1728, 
1457, 1363, 1471, 1879, 2251, 2563, 2725, 2687, 2464, 2116, 
1751, 1471, 1367, 1457, 1729, 2093, 2446, 2679, 2728, 2486, 
2144, 1776, 1487, 1363, 1442, 1705, 2065, 2423, 2668, 2735, 
2598, 2302, 1930, 1595, 1392, 1431, 1683, 2038, 2400, 2655, 
2735, 2616, 2327, 1956, 1615, 1400, 1378, 1555, 1879, 2251, 
2563, 2735, 2627, 2351, 1984, 1636, 1409, 1376, 1536, 1852, 
2225, 2545, 2719, 2700, 2489, 2144, 1776, 1420, 1368, 1520, 
1827, 2197, 2528, 2712, 2707, 2507, 2172, 1800, 1502, 1365, 
1430, 1681, 2038, 2507, 2707, 2714, 2525, 2198, 1827, 1518, 
1369, 1421, 1660, 2012, 2378, 2643, 2736, 2628, 2352, 1852, 
1538, 1372, 1411, 1636, 1984, 2352, 2630, 2737, 2643, 2375, 
2011, 1659, 1420, 1368, 1521, 1958, 2328, 2615, 2736, 2656, 
2400, 2037, 1682, 1432, 1365, 1500, 1803, 2172, 2508, 2707, 
2714, 2423, 2063, 1704, 1441, 1361, 1487, 1776, 2144, 2487, 
2699, 2720, 2544, 2224, 1853, 1536, 1372, 1471, 1752, 2117, 
2465, 2688, 2724, 2563, 2252, 1879, 1552, 1377, 1400, 1615, 
1956, 2326, 2612, 2729, 2583, 2277, 1906, 1575, 1384, 1391, 
1593, 1928, 2301, 2596, 2732, 2667, 2423, 2065, 1707, 1393, 
1384, 1572, 1904, 2276, 2579, 2729, 2679, 2444, 2092, 1728, 
1458, 1363, 1472, 1751, 2118, 2563, 2724, 2688, 2465, 2120, 
1752, 1469, 1360, 1458, 1728, 2091, 2444, 2679, 2729, 2583, 
2275, 1777, 1486, 1362, 1443, 1704, 2064, 2422, 2668, 2734, 
2600, 2305, 1932, 1596, 1391, 1384, 1575, 2037, 2400, 2655, 
2735, 2616, 2328, 1958, 1615, 1400, 1379, 1556, 1879, 2251, 
2563, 2726, 2688, 2352, 1984, 1637, 1411, 1372, 1537, 1852, 
2224, 2545, 2719, 2699, 2488, 2146, 1777, 1488, 1362, 1519, 
1824, 2198, 2528, 2712, 2707, 2506, 2172, 1807, 1503, 1367, 
1430, 1680, 2037, 2399, 2656, 2714, 2528, 2200, 1827, 1519, 
1370, 1420, 1659, 2010, 2375, 2642, 2736, 2628, 2352, 1984, 
1637, 1372, 1409, 1635, 1982, 2352, 2627, 2736, 2643, 2374, 
2011, 1659, 1422, 1369, 1520, 1827, 2198, 2614, 2736, 2659, 
2400, 2039, 1683, 1433, 1364, 1503, 1800, 2171, 2506, 2707, 
2715, 2528, 2199, 1705, 1445, 1360, 1486, 1776, 2144, 2486, 
2697, 2720, 2547, 2225, 1852, 1537, 1370, 1406, 1633, 2115, 
2465, 2688, 2724, 2565, 2253, 1880, 1556, 1377, 1400, 1614, 
1957, 2327, 2612, 2736, 2656, 2279, 1907, 1575, 1385, 1392, 
1593, 1929, 2301, 2596, 2733, 2672, 2423, 2066, 1704, 1443, 
1361, 1573, 1903, 2275, 2579, 2728, 2679, 2446, 2092, 1729, 
1458, 1361, 1470, 1751, 2116, 2464, 2687, 2688, 2467, 2120, 
1753, 1472, 1362, 1456, 1727, 2091, 2443, 2679, 2730, 2583, 
2257, 1864, 1527, 1371, 1540, 1860, 2246, 2558, 2724, 2688, 
2442, 2088, 1726, 1455, 1362, 1473, 1756, 2121, 2468, 2725, 
2686, 2463, 2114, 1748, 1470, 1363, 1458, 1731, 2096, 2447, 
2681, 2731, 2580, 2272, 1903, 1484, 1363, 1444, 1707, 2068, 
2425, 2671, 2732, 2596, 2299, 1927, 1592, 1390, 1385, 1576, 
1908, 2403, 2656, 2736, 2612, 2323, 1953, 1613, 1399, 1378, 
1558, 1881, 2255, 2566, 2727, 2687, 2463, 1980, 1634, 1408, 
1372, 1539, 1856, 2227, 2548, 2719, 2697, 2484, 2141, 1772, 
1485, 1363, 1445, 1830, 2201, 2529, 2714, 2705, 2504, 2169, 
1799, 1499, 1364, 1432, 1683, 2039, 2401, 2658, 2735, 2524, 
2195, 1823, 1517, 1368, 1421, 1662, 2013, 2377, 2643, 2736, 
2627, 2348, 1983, 1633, 1409, 1411, 1640, 1989, 2355, 2628, 
2737, 2643, 2372, 2007, 1657, 1419, 1369, 1521, 1830, 2201, 
2531, 2736, 2655, 2397, 2035, 1680, 1430, 1364, 1503, 1804, 
2176, 2510, 2708, 2715, 2525, 2195, 1824, 1442, 1363, 1488, 
1779, 2147, 2489, 2700, 2720, 2546, 2224, 1851, 1535, 1372, 
1412, 1638, 1984, 2469, 2688, 2724, 2563, 2247, 1877, 1555, 
1377, 1401, 1617, 1959, 2328, 2615, 2736, 2654, 2396, 1901, 
1571, 1384, 1392, 1596, 1935, 2305, 2599, 2733, 2667, 2420, 
2063, 1703, 1442, 1364, 1488, 1906, 2280, 2582, 2730, 2679, 
2444, 2089, 1728, 1457, 1362, 1474, 1756, 2121, 2470, 2689, 
2726, 2464, 2116, 1750, 1470, 1363, 1459, 1731, 2094, 2446, 
2679, 2729, 2580, 2275, 1901, 1573, 1383, 1440, 1704, 2067, 
2425, 2671, 2732, 2596, 2300, 1928, 1593, 1391, 1383, 1576, 
1905, 2279, 2583, 2736, 2614, 2324, 1955, 1614, 1400, 1380, 
1556, 1880, 2253, 2563, 2726, 2688, 2464, 2117, 1750, 1410, 
1374, 1539, 1855, 2227, 2547, 2720, 2698, 2485, 2143, 1775, 
1486, 1361, 1444, 1707, 2067, 2529, 2713, 2706, 2505, 2171, 
1798, 1501, 1364, 1431, 1683, 2039, 2400, 2659, 2736, 2616, 
2326, 1825, 1517, 1368, 1422, 1661, 2013, 2378, 2643, 2737, 
2627, 2350, 1982, 1635, 1410, 1373, 1539, 1986, 2355, 2630, 
2737, 2642, 2374, 2008, 1656, 1419, 1368, 1521, 1829, 2200, 
2529, 2714, 2706, 2399, 2036, 1678, 1429, 1364, 1504, 1803, 
2174, 2508, 2707, 2714, 2527, 2196, 1826, 1518, 1367, 1488, 
1779, 2147, 2488, 2700, 2719, 2545, 2224, 1851, 1536, 1371, 
1411, 1638, 1987, 2353, 2629, 2726, 2564, 2249, 1877, 1556, 
1379, 1401, 1616, 1960, 2329, 2615, 2736, 2656, 2398, 2035, 
1681, 1383, 1393, 1596, 1932, 2303, 2599, 2732, 2668, 2421, 
2066, 1703, 1443, 1361, 1487, 1779, 2147, 2583, 2730, 2679, 
2444, 2091, 1727, 1457, 1362, 1472, 1753, 2120, 2468, 2691, 
2726, 2563, 2249, 1750, 1469, 1361, 1459, 1728, 2092, 2446, 
2680, 2729, 2581, 2275, 1903, 1574, 1383, 1392, 1595, 2065, 
2424, 2670, 2734, 2599, 2302, 1929, 1595, 1390, 1385, 1575, 
1905, 2278, 2582, 2730, 2680, 2327, 1956, 1615, 1400, 1378, 
1556, 1879, 2252, 2564, 2726, 2688, 2465, 2118, 1752, 1470, 
1361, 1538, 1854, 2227, 2547, 2720, 2699, 2488, 2144, 1776, 
1486, 1363, 1443, 1704, 2064, 2424, 2668, 2707, 2507, 2172, 
1799, 1503, 1365, 1432, 1683, 2036, 2400, 2657, 2736, 2616, 
2326, 1957, 1614, 1366, 1419, 1660, 2012, 2376, 2643, 2736, 
2631, 2352, 1984, 1636, 1409, 1372, 1537, 1853, 2226, 2629, 
2736, 2643, 2375, 2010, 1658, 1420, 1367, 1520, 1828, 2200, 
2528, 2716, 2707, 2508, 2172, 1680, 1430, 1364, 1503, 1802, 
2172, 2510, 2708, 2713, 2527, 2196, 1827, 1518, 1368, 1420, 
1660, 2147, 2488, 2700, 2720, 2547, 2224, 1852, 1536, 1372, 
1409, 1636, 1987, 2352, 2627, 2736, 2643, 2251, 1877, 1554, 
1379, 1400, 1616, 1958, 2328, 2614, 2735, 2656, 2400, 2631, 
2732, 2635, 2364, 1867, 1547, 1373, 1402, 1622, 1966, 2335, 
2617, 2734, 2648, 2387, 2024, 1671, 1425, 1363, 1508, 1939, 
2310, 2601, 2732, 2658, 2412, 2051, 1695, 1436, 1362, 1490, 
1785, 2154, 2492, 2700, 2716, 2435, 2078, 1716, 1450, 1361, 
1478, 1760, 2128, 2473, 2691, 2723, 2558, 2239, 1867, 1547, 
1375, 1461, 1738, 2102, 2452, 2680, 2727, 2574, 2264, 1891, 
1567, 1381, 1394, 1602, 1939, 2311, 2603, 2731, 2591, 2295, 
1920, 1586, 1389, 1387, 1582, 1915, 2286, 2587, 2730, 2673, 
2435, 2079, 1719, 1395, 1380, 1561, 1888, 2260, 2567, 2726, 
2684, 2456, 2107, 1742, 1464, 1362, 1463, 1737, 2103, 2552, 
2721, 2695, 2479, 2134, 1767, 1480, 1361, 1449, 1716, 2076, 
2430, 2673, 2733, 2591, 2296, 1792, 1497, 1363, 1436, 1690, 
2047, 2409, 2659, 2734, 2608, 2318, 1947, 1608, 1396, 1379, 
1563, 2020, 2383, 2647, 2735, 2622, 2343, 1971, 1627, 1404, 
1374, 1543, 1860, 2232, 2551, 2721, 2695, 2367, 1999, 1649, 
1415, 1369, 1526, 1836, 2207, 2535, 2715, 2703, 2499, 2163, 
1792, 1496, 1363, 1509, 1811, 2182, 2515, 2708, 2711, 2519, 
2189, 1817, 1513, 1367, 1423, 1667, 2020, 2383, 2646, 2716, 
2539, 2216, 1842, 1529, 1371, 1414, 1645, 1991, 2363, 2632, 
2736, 2636, 2367, 2001, 1649, 1375, 1404, 1624, 1965, 2336, 
2620, 2736, 2651, 2390, 2028, 1675, 1427, 1368, 1510, 1811, 
2182, 2604, 2732, 2663, 2415, 2055, 1695, 1439, 1363, 1492, 
1787, 2156, 2496, 2702, 2718, 2539, 2215, 1721, 1451, 1362, 
1480, 1761, 2128, 2473, 2691, 2724, 2558, 2241, 1868, 1549, 
1376, 1404, 1623, 2102, 2452, 2682, 2729, 2575, 2268, 1894, 
1567, 1381, 1395, 1603, 1942, 2310, 2604, 2735, 2663, 2294, 
1920, 1587, 1389, 1387, 1580, 1914, 2287, 2588, 2732, 2676, 
2436, 2081, 1720, 1452, 1361, 1562, 1886, 2259, 2568, 2727, 
2685, 2459, 2108, 1744, 1467, 1361, 1463, 1739, 2104, 2453, 
2684, 2695, 2481, 2136, 1768, 1482, 1363, 1447, 1713, 2074, 
2431, 2673, 2732, 2593, 2295, 1923, 1588, 1364, 1435, 1691, 
2047, 2407, 2660, 2735, 2610, 2319, 1948, 1609, 1396, 1376, 
1563, 1886, 2259, 2647, 2736, 2623, 2344, 1975, 1630, 1405, 
1372, 1543, 1860, 2234, 2552, 2723, 2695, 2482, 2137, 1651, 
1415, 1371, 1525, 1836, 2207, 2534, 2716, 2704, 2500, 2164, 
1793, 1497, 1364, 1435, 1689, 2181, 2515, 2710, 2713, 2520, 
2190, 1818, 1511, 1367, 1423, 1668, 2020, 2384, 2648, 2736, 
2624, 2216, 1843, 1531, 1371, 1413, 1646, 1992, 2360, 2632, 
2736, 2638, 2367, 2004, 1652, 1417, 1371, 1623, 1965, 2335, 
2619, 2736, 2652, 2393, 2028, 1674, 1428, 1363, 1508, 1809, 
2180, 2514, 2711, 2664, 2414, 2056, 1697, 1439, 1363, 1491, 
1785, 2155, 2495, 2703, 2719, 2542, 2217, 1844, 1530, 1361, 
1476, 1761, 2127, 2473, 2691, 2723, 2559, 2243, 1870, 1550, 
1376, 1403, 1622, 1965, 2335, 2681, 2728, 2577, 2268, 1896, 
1568, 1382, 1395, 1602, 1940, 2310, 2604, 2735, 2667, 2416, 
2058, 1588, 1389, 1384, 1582, 1912, 2284, 2588, 2732, 2677, 
2438, 2083, 1720, 1452, 1361, 1477, 1760, 2259, 2568, 2728, 
2686, 2460, 2111, 1744, 1467, 1362, 1460, 1736, 2101, 2450, 
2683, 2730, 2577, 2136, 1768, 1483, 1363, 1446, 1710, 2072, 
2430, 2670, 2733, 2593, 2295, 1923, 1590, 1390, 1387, 1688, 
2046, 2407, 2659, 2736, 2608, 2320, 1951, 1609, 1398, 1379, 
1559, 1886, 2257, 2570, 2727, 2624, 2344, 1976, 1631, 1406, 
1373, 1541, 1860, 2232, 2550, 2721, 2695, 2481, 2137, 1771, 
1483, 1372, 1523, 1833, 2211, 2533, 2716, 2705, 2503, 2166, 
1795, 1498, 1364, 1435, 1689, 2046, 2407, 2710, 2712, 2522, 
2160, 1760, 1457, 1365, 1518, 1830, 2207, 2537, 2719, 2697, 
2460, 2108, 1744, 1407, 1374, 1542, 1859, 2232, 2552, 2721, 
2695, 2481, 2137, 1769, 1484, 1362, 1447, 1710, 2072, 2533, 
2716, 2704, 2502, 2166, 1794, 1498, 1361, 1433, 1687, 2044, 
2406, 2657, 2736, 2611, 2319, 1819, 1515, 1367, 1423, 1664, 
2017, 2383, 2646, 2736, 2624, 2345, 1976, 1631, 1408, 1375, 
1542, 1992, 2358, 2631, 2736, 2639, 2368, 2003, 1651, 1415, 
1369, 1525, 1835, 2206, 2533, 2716, 2704, 2392, 2029, 1676, 
1426, 1364, 1507, 1807, 2178, 2513, 2708, 2713, 2522, 2191, 
1820, 1514, 1366, 1491, 1783, 2152, 2492, 2701, 2718, 2541, 
2218, 1844, 1532, 1371, 1413, 1644, 1991, 2359, 2631, 2723, 
2560, 2242, 1870, 1551, 1374, 1402, 1622, 1964, 2334, 2617, 
2735, 2653, 2393, 2030, 1676, 1383, 1393, 1600, 1936, 2307, 
2602, 2733, 2665, 2417, 2059, 1698, 1439, 1362, 1491, 1784, 
2152, 2585, 2732, 2676, 2439, 2084, 1722, 1452, 1362, 1475, 
1758, 2126, 2473, 2691, 2724, 2560, 2243, 1745, 1468, 1361, 
1460, 1735, 2099, 2450, 2680, 2728, 2577, 2271, 1896, 1567, 
1382, 1392, 1600, 2071, 2428, 2672, 2732, 2595, 2296, 1924, 
1589, 1389, 1383, 1580, 1912, 2283, 2585, 2731, 2676, 2321, 
1951, 1610, 1398, 1379, 1560, 1884, 2256, 2569, 2727, 2687, 
2461, 2110, 1745, 1468, 1362, 1541, 1859, 2230, 2551, 2721, 
2694, 2481, 2139, 1770, 1483, 1362, 1446, 1710, 2071, 2428, 
2672, 2705, 2503, 2166, 1795, 1500, 1364, 1435, 1688, 2043, 
2404, 2659, 2736, 2611, 2323, 1951, 1614, 1367, 1422, 1664, 
2016, 2381, 2646, 2736, 2625, 2348, 1978, 1631, 1408, 1372, 
1540, 1859, 2232, 2631, 2736, 2640, 2371, 2004, 1654, 1417, 
1369, 1523, 1832, 2205, 2531, 2716, 2707, 2503, 2168, 1678, 
1429, 1366, 1507, 1807, 2177, 2512, 2710, 2712, 2524, 2192, 
1822, 1515, 1367, 1422, 1664, 2151, 2492, 2700, 2718, 2542, 
2219, 1847, 1533, 1371, 1414, 1641, 1992, 2358, 2631, 2736, 
2639, 2244, 1873, 1551, 1376, 1403, 1620, 1964, 2334, 2617, 
2736, 2654, 2395, 2031, 1676, 1428, 1365, 1600, 1937, 2307, 
2601, 2732, 2666, 2417, 2057, 1699, 1441, 1363, 1489, 1784, 
2151, 2492, 2700, 2677, 2440, 2087, 1723, 1454, 1362, 1475, 
1757, 2124, 2471, 2688, 2724, 2561, 2245, 1872, 1550, 1361, 
1460, 1735, 2096, 2450, 2680, 2728, 2579, 2271, 1899, 1571, 
1382, 1394, 1599, 1935, 2307, 2671, 2732, 2593, 2299, 1924, 
1592, 1390, 1385, 1579, 1911, 2283, 2584, 2730, 2678, 2439, 
2087, 1611, 1398, 1378, 1560, 1883, 2257, 2567, 2727, 2687, 
2463, 2113, 1746, 1468, 1361, 1460, 1734, 2230, 2551, 2721, 
2695, 2483, 2139, 1772, 1484, 1360, 1446, 1709, 2072, 2427, 
2671, 2732, 2595, 2168, 1798, 1500, 1365, 1433, 1686, 2042, 
2404, 2658, 2736, 2612, 2323, 1951, 1612, 1398, 1375, 1663, 
2016, 2380, 2644, 2736, 2628, 2348, 1980, 1632, 1407, 1372, 
1540, 1857, 2230, 2550, 2721, 2639, 2371, 2005, 1656, 1418, 
1368, 1523, 1832, 2203, 2531, 2715, 2705, 2503, 2168, 1796, 
1499, 1364, 1505, 1807, 2177, 2511, 2708, 2713, 2523, 2193, 
1822, 1516, 1367, 1424, 1664, 2016, 2380, 2702, 2719, 2543, 
2220, 1846, 1532, 1371, 1412, 1641, 1988, 2356, 2631, 2736, 
2641, 2371, 2006, 1550, 1376, 1400, 1617, 1961, 2332, 2616, 
2736, 2655, 2393, 2033, 1678, 1428, 1364, 1507, 1806, 2305, 
2599, 2733, 2666, 2418, 2060, 1700, 1441, 1362, 1488, 1783, 
2151, 2489, 2700, 2719, 2542, 2087, 1724, 1452, 1362, 1475, 
1756, 2123, 2470, 2689, 2724, 2561, 2247, 1873, 1552, 1376, 
1402, 1732, 2097, 2447, 2680, 2729, 2579, 2273, 1900, 1571, 
1383, 1392, 1599, 1936, 2307, 2601, 2732, 2596, 2300, 2686, 
2723, 2560, 2249, 1876, 1555, 1376, 1398, 1612, 1955, 2324, 
2608, 2732, 2654, 2278, 1904, 1575, 1383, 1390, 1592, 1927, 
2299, 2594, 2730, 2667, 2422, 2063, 1704, 1444, 1360, 1573, 
1902, 2273, 2579, 2727, 2678, 2444, 2092, 1731, 1456, 1359, 
1470, 1751, 2116, 2463, 2686, 2687, 2465, 2119, 1751, 1472, 
1361, 1456, 1727, 2089, 2442, 2678, 2728, 2581, 2277, 1903, 
1573, 1361, 1441, 1703, 2062, 2421, 2670, 2731, 2599, 2304, 
1932, 1595, 1391, 1383, 1572, 1902, 2275, 2655, 2735, 2615, 
2328, 1958, 1616, 1400, 1377, 1553, 1875, 2248, 2561, 2724, 
2688, 2467, 2118, 1636, 1408, 1371, 1536, 1850, 2222, 2544, 
2719, 2699, 2488, 2146, 1778, 1488, 1362, 1442, 1703, 2196, 
2524, 2712, 2707, 2508, 2174, 1804, 1503, 1366, 1430, 1679, 
2033, 2397, 2656, 2736, 2615, 2200, 1828, 1520, 1368, 1420, 
1657, 2008, 2373, 2639, 2735, 2627, 2353, 1985, 1639, 1410, 
1372, 1635, 1982, 2349, 2625, 2736, 2641, 2375, 2012, 1660, 
1421, 1368, 1519, 1825, 2195, 2526, 2713, 2656, 2401, 2039, 
1683, 1432, 1364, 1500, 1799, 2169, 2505, 2707, 2715, 2528, 
2200, 1829, 1520, 1362, 1486, 1774, 2143, 2484, 2696, 2720, 
2547, 2227, 1855, 1538, 1372, 1408, 1635, 1980, 2348, 2687, 
2725, 2566, 2252, 1879, 1559, 1379, 1398, 1614, 1955, 2326, 
2611, 2734, 2656, 2400, 2040, 1576, 1384, 1389, 1595, 1927, 
2300, 2596, 2732, 2669, 2424, 2066, 1707, 1445, 1361, 1485, 
1774, 2275, 2579, 2729, 2680, 2446, 2093, 1729, 1459, 1363, 
1471, 1751, 2116, 2463, 2687, 2727, 2564, 2123, 1753, 1472, 
1362, 1456, 1726, 2089, 2441, 2678, 2729, 2583, 2279, 1907, 
1576, 1384, 1391, 1702, 2062, 2419, 2664, 2734, 2600, 2304, 
1934, 1596, 1392, 1384, 1572, 1903, 2273, 2580, 2727, 2615, 
2329, 1960, 1617, 1400, 1376, 1553, 1875, 2248, 2563, 2724, 
2689, 2468, 2122, 1754, 1473, 1371, 1536, 1850, 2222, 2544, 
2719, 2700, 2489, 2148, 1779, 1488, 1362, 1441, 1703, 2062, 
2421, 2713, 2707, 2510, 2175, 1804, 1503, 1365, 1429, 1679, 
2034, 2396, 2654, 2736, 2617, 2329, 1959, 1520, 1368, 1420, 
1656, 2008, 2371, 2639, 2736, 2630, 2355, 1987, 1638, 1409, 
1372, 1536, 1849, 2350, 2629, 2736, 2646, 2379, 2016, 1663, 
1421, 1367, 1518, 1823, 2196, 2523, 2712, 2710, 2510, 2040, 
1684, 1432, 1363, 1501, 1797, 2168, 2505, 2705, 2715, 2529, 
2201, 1827, 1520, 1368, 1420, 1774, 2143, 2483, 2697, 2720, 
2550, 2228, 1855, 1540, 1372, 1409, 1634, 1982, 2350, 2626, 
2736, 2566, 2255, 1881, 1557, 1380, 1400, 1614, 1953, 2324, 
2611, 2735, 2658, 2402, 2041, 1684, 1432, 1390, 1592, 1927, 
2299, 2594, 2732, 2668, 2425, 2067, 1708, 1445, 1362, 1484, 
1772, 2142, 2487, 2729, 2681, 2448, 2095, 1731, 1458, 1363, 
1470, 1750, 2115, 2463, 2688, 2727, 2567, 2252, 1880, 1474, 
1363, 1456, 1726, 2089, 2440, 2679, 2732, 2584, 2279, 1907, 
1576, 1385, 1391, 1592, 1927, 2419, 2665, 2736, 2600, 2305, 
1934, 1599, 1392, 1382, 1572, 1900, 2272, 2579, 2727, 2681, 
2448, 1962, 1618, 1401, 1377, 1551, 1872, 2247, 2559, 2727, 
2691, 2469, 2124, 1756, 1473, 1362, 1456, 1849, 2220, 2543, 
2720, 2700, 2491, 2151, 1780, 1487, 1363, 1442, 1702, 2060, 
2418, 2667, 2735, 2511, 2175, 1806, 1504, 1365, 1430, 1678, 
2034, 2396, 2652, 2736, 2617, 2330, 1962, 1619, 1401, 1419, 
1655, 2004, 2371, 2640, 2736, 2631, 2355, 1987, 1639, 1411, 
1372, 1536, 1849, 2222, 2544, 2736, 2646, 2379, 2014, 1664, 
1423, 1368, 1517, 1823, 2195, 2527, 2712, 2707, 2511, 2177, 
1807, 1435, 1364, 1499, 1798, 2168, 2505, 2707, 2716, 2527, 
2172, 1771, 1465, 1364, 1511, 1817, 2193, 2615, 2736, 2653, 
2380, 2015, 1662, 1422, 1368, 1516, 1823, 2195, 2524, 2712, 
2708, 2511, 2177, 1684, 1432, 1364, 1500, 1798, 2167, 2503, 
2705, 2715, 2531, 2204, 1830, 1521, 1368, 1418, 1656, 2141, 
2484, 2697, 2719, 2550, 2231, 1855, 1540, 1372, 1408, 1633, 
1979, 2350, 2625, 2736, 2646, 2255, 1880, 1559, 1378, 1399, 
1612, 1952, 2323, 2611, 2736, 2656, 2403, 2041, 1686, 1433, 
1366, 1591, 1925, 2299, 2595, 2733, 2671, 2426, 2068, 1710, 
1447, 1361, 1486, 1774, 2140, 2484, 2697, 2680, 2449, 2097, 
1733, 1459, 1362, 1469, 1749, 2115, 2463, 2687, 2727, 2568, 
2256, 1884, 1559, 1359, 1455, 1727, 2087, 2441, 2678, 2731, 
2584, 2281, 1909, 1579, 1386, 1391, 1591, 1924, 2296, 2665, 
2734, 2601, 2307, 1934, 1599, 1393, 1383, 1570, 1899, 2273, 
2578, 2729, 2680, 2448, 2098, 1619, 1401, 1375, 1552, 1873, 
2244, 2559, 2724, 2691, 2471, 2124, 1757, 1475, 1363, 1454, 
1724, 2219, 2542, 2719, 2700, 2492, 2152, 1782, 1489, 1363, 
1439, 1702, 2060, 2418, 2668, 2734, 2602, 2178, 1807, 1505, 
1367, 1428, 1677, 2033, 2395, 2654, 2736, 2617, 2332, 1964, 
1620, 1401, 1376, 1655, 2004, 2371, 2639, 2736, 2631, 2358, 
1988, 1641, 1412, 1372, 1534, 1847, 2219, 2542, 2719, 2646, 
2380, 2016, 1664, 1422, 1367, 1516, 1822, 2192, 2523, 2713, 
2710, 2513, 2178, 1807, 1505, 1364, 1501, 1797, 2169, 2503, 
2706, 2716, 2531, 2204, 1833, 1523, 1369, 1417, 1655, 2004, 
2369, 2696, 2721, 2551, 2231, 1859, 1541, 1373, 1408, 1632, 
1979, 2347, 2625, 2736, 2648, 2380, 2015, 1558, 1380, 1399, 
1612, 1952, 2323, 2612, 2735, 2659, 2406, 2044, 1687, 1435, 
1362, 1499, 1796, 2297, 2593, 2732, 2671, 2428, 2071, 1710, 
1448, 1362, 1484, 1773, 2139, 2483, 2695, 2721, 2551, 2100, 
1735, 1462, 1362, 1468, 1748, 2114, 2462, 2686, 2727, 2568, 
2257, 1884, 1560, 1380, 1398, 1724, 2087, 2439, 2676, 2731, 
2585, 2283, 1912, 1580, 1385, 1389, 1590, 1923, 2297, 2594, 
2732, 2603, 2308, 1936, 1599, 1392, 1383, 1573, 1897, 2272, 
2576, 2729, 2681, 2450, 2099, 1735, 1460, 1376, 1551, 1871, 
2243, 2559, 2723, 2691, 2472, 2124, 1758, 1476, 1362, 1453, 
1724, 2086, 2439, 2719, 2700, 2492, 2151, 1784, 1490, 1364, 
1441, 1701, 2059, 2417, 2665, 2734, 2601, 2310, 1936, 1507, 
1365, 1428, 1676, 2031, 2393, 2652, 2739, 2619, 2332, 1966, 
1621, 1403, 1376, 1551, 1871, 2370, 2640, 2736, 2631, 2358, 
1991, 1642, 1413, 1374, 1531, 1844, 2219, 2542, 2719, 2702, 
2494, 2017, 1666, 1424, 1366, 1515, 1820, 2192, 2523, 2712, 
2710, 2512, 2179, 1808, 1506, 1366, 1428, 1795, 2166, 2502, 
2707, 2716, 2533, 2205, 1831, 1523, 1368, 1417, 1653, 2003, 
2367, 2639, 2737, 2551, 2232, 1859, 1543, 1374, 1408, 1631, 
1977, 2347, 2625, 2736, 2646, 2382, 2018, 1664, 1420, 1398, 
1612, 1945, 2321, 2611, 2736, 2659, 2407, 2045, 1687, 1433, 
1364, 1495, 1794, 2168, 2503, 2733, 2672, 2430, 2072, 1709, 
1447, 1362, 1484, 1771, 2139, 2483, 2696, 2723, 2552, 2230, 
1859, 1461, 1360, 1467, 1746, 2111, 2460, 2686, 2727, 2571, 
2257, 1887, 1560, 1379, 1398, 1610, 1948, 2438, 2675, 2732, 
2587, 2284, 1912, 1580, 1386, 1388, 1589, 1924, 2295, 2595, 
2734, 2672, 2428, 1939, 1602, 1393, 1383, 1570, 1896, 2268, 
2576, 2728, 2681, 2452, 2099, 1735, 1461, 1363, 1466, 1870, 
2244, 2559, 2723, 2690, 2472, 2127, 1759, 1476, 1363, 1453, 
1722, 2084, 2439, 2676, 2731, 2495, 2153, 1782, 1492, 1363, 
1439, 1699, 2056, 2417, 2665, 2736, 2604, 2310, 1937, 1601, 
1394, 1429, 1675, 2035, 2392, 2652, 2736, 2619, 2336, 2669, 
2731, 2591, 2292, 1921, 1590, 1388, 1384, 1686, 2044, 2404, 
2657, 2734, 2609, 2318, 1948, 1607, 1396, 1377, 1559, 1887, 
2257, 2567, 2725, 2622, 2342, 1974, 1628, 1407, 1373, 1541, 
1859, 2232, 2550, 2720, 2694, 2480, 2136, 1768, 1481, 1368, 
1523, 1831, 2204, 2531, 2712, 2703, 2503, 2163, 1792, 1497, 
1362, 1435, 1686, 2044, 2405, 2707, 2711, 2520, 2191, 1819, 
1513, 1366, 1422, 1665, 2016, 2382, 2644, 2735, 2622, 2343, 
1976, 1532, 1370, 1412, 1643, 1991, 2358, 2631, 2736, 2636, 
2367, 2000, 1651, 1417, 1369, 1526, 1833, 2334, 2616, 2736, 
2652, 2392, 2030, 1676, 1427, 1365, 1507, 1807, 2180, 2512, 
2708, 2711, 2520, 2057, 1696, 1438, 1362, 1491, 1783, 2151, 
2489, 2701, 2719, 2541, 2217, 1846, 1531, 1370, 1410, 1758, 
2124, 2473, 2691, 2724, 2561, 2244, 1871, 1551, 1376, 1403, 
1621, 1964, 2334, 2616, 2735, 2576, 2270, 1895, 1568, 1381, 
1393, 1600, 1938, 2308, 2601, 2732, 2664, 2415, 2056, 1697, 
1439, 1385, 1580, 1912, 2285, 2585, 2732, 2675, 2439, 2084, 
1723, 1453, 1361, 1475, 1759, 2126, 2473, 2727, 2684, 2460, 
2111, 1747, 1468, 1362, 1459, 1735, 2099, 2450, 2681, 2729, 
2577, 2272, 1896, 1483, 1362, 1447, 1710, 2071, 2428, 2671, 
2731, 2592, 2297, 1923, 1591, 1392, 1386, 1578, 1911, 2405, 
2659, 2736, 2611, 2320, 1950, 1610, 1398, 1382, 1561, 1884, 
2258, 2567, 2727, 2687, 2460, 1977, 1632, 1407, 1374, 1542, 
1857, 2232, 2550, 2723, 2695, 2480, 2139, 1770, 1483, 1361, 
1447, 1834, 2206, 2531, 2715, 2704, 2501, 2166, 1795, 1499, 
1363, 1433, 1687, 2044, 2405, 2659, 2735, 2521, 2191, 1819, 
1514, 1366, 1425, 1664, 2016, 2381, 2645, 2737, 2625, 2347, 
1977, 1632, 1407, 1413, 1642, 1991, 2358, 2631, 2735, 2638, 
2371, 2004, 1653, 1418, 1369, 1523, 1833, 2204, 2533, 2736, 
2652, 2394, 2030, 1676, 1428, 1364, 1508, 1807, 2179, 2512, 
2709, 2713, 2523, 2191, 1821, 1439, 1365, 1489, 1783, 2152, 
2491, 2700, 2719, 2542, 2220, 1847, 1532, 1371, 1414, 1642, 
1990, 2472, 2691, 2724, 2560, 2245, 1872, 1552, 1376, 1402, 
1620, 1963, 2332, 2619, 2736, 2652, 2395, 1899, 1570, 1382, 
1393, 1600, 1937, 2308, 2603, 2732, 2666, 2416, 2060, 1700, 
1441, 1363, 1491, 1911, 2283, 2583, 2729, 2676, 2439, 2084, 
1722, 1455, 1358, 1475, 1757, 2126, 2471, 2691, 2724, 2460, 
2113, 1747, 1468, 1361, 1460, 1735, 2099, 2449, 2681, 2731, 
2577, 2272, 1898, 1569, 1383, 1447, 1710, 2071, 2428, 2671, 
2732, 2595, 2297, 1924, 1591, 1390, 1387, 1581, 1912, 2283, 
2587, 2736, 2613, 2321, 1951, 1612, 1398, 1379, 1559, 1884, 
2257, 2567, 2727, 2687, 2463, 2112, 1748, 1406, 1375, 1540, 
1856, 2231, 2549, 2721, 2699, 2484, 2140, 1772, 1483, 1363, 
1447, 1711, 2071, 2532, 2716, 2705, 2503, 2168, 1798, 1500, 
1364, 1433, 1685, 2040, 2404, 2659, 2734, 2611, 2321, 1820, 
1515, 1366, 1421, 1664, 2015, 2380, 2645, 2736, 2625, 2348, 
1977, 1633, 1408, 1372, 1543, 1990, 2358, 2631, 2736, 2639, 
2370, 2007, 1655, 1417, 1369, 1524, 1833, 2206, 2532, 2716, 
2705, 2395, 2032, 1679, 1428, 1366, 1507, 1807, 2175, 2511, 
2710, 2713, 2525, 2195, 1822, 1515, 1368, 1490, 1782, 2151, 
2492, 2702, 2720, 2543, 2220, 1848, 1533, 1372, 1411, 1641, 
1988, 2359, 2630, 2726, 2561, 2246, 1873, 1551, 1377, 1403, 
1619, 1963, 2332, 2617, 2737, 2652, 2395, 2032, 1678, 1385, 
1394, 1601, 1932, 2307, 2600, 2732, 2665, 2420, 2060, 1700, 
1441, 1363, 1491, 1782, 2150, 2583, 2732, 2678, 2439, 2087, 
1724, 1455, 1363, 1475, 1757, 2123, 2470, 2689, 2723, 2558, 
2227, 1705, 1420, 1380, 1575, 1914, 2297, 2595, 2735, 2668, 
2411, 2049, 1693, 1436, 1364, 1496, 1790, 2291, 2591, 2732, 
2672, 2432, 2076, 1718, 1449, 1361, 1484, 1765, 2134, 2478, 
2692, 2723, 2554, 2104, 1739, 1465, 1363, 1465, 1744, 2108, 
2458, 2685, 2726, 2571, 2262, 1888, 1563, 1379, 1395, 1718, 
2079, 2435, 2675, 2732, 2589, 2288, 1915, 1584, 1389, 1388, 
1587, 1919, 2291, 2591, 2732, 2606, 2312, 1942, 1604, 1395, 
1382, 1568, 1891, 2266, 2574, 2727, 2682, 2455, 2103, 1739, 
1465, 1376, 1547, 1868, 2239, 2555, 2722, 2692, 2475, 2131, 
1763, 1478, 1362, 1450, 1718, 2079, 2433, 2718, 2702, 2497, 
2158, 1787, 1492, 1364, 1438, 1694, 2051, 2415, 2663, 2734, 
2605, 2311, 1943, 1510, 1366, 1426, 1671, 2025, 2388, 2651, 
2736, 2620, 2337, 1968, 1624, 1404, 1374, 1548, 1868, 2364, 
2636, 2737, 2635, 2362, 1995, 1647, 1414, 1370, 1531, 1840, 
2213, 2537, 2717, 2702, 2497, 2023, 1670, 1425, 1366, 1512, 
1816, 2188, 2519, 2712, 2712, 2519, 2184, 1812, 1510, 1365, 
1427, 1790, 2160, 2497, 2704, 2715, 2535, 2211, 1840, 1528, 
1370, 1415, 1648, 1998, 2364, 2636, 2736, 2555, 2237, 1864, 
1545, 1375, 1404, 1627, 1972, 2340, 2622, 2736, 2648, 2385, 
2022, 1670, 1423, 1396, 1603, 1943, 2316, 2607, 2734, 2660, 
2409, 2050, 1691, 1437, 1363, 1494, 1790, 2160, 2496, 2732, 
2672, 2432, 2076, 1715, 1449, 1363, 1480, 1764, 2135, 2479, 
2694, 2723, 2555, 2238, 1864, 1464, 1361, 1464, 1742, 2107, 
2457, 2686, 2728, 2573, 2263, 1889, 1561, 1379, 1394, 1606, 
1942, 2432, 2675, 2732, 2589, 2289, 1917, 1584, 1389, 1388, 
1585, 1915, 2290, 2591, 2732, 2672, 2433, 1943, 1605, 1395, 
1381, 1565, 1890, 2264, 2572, 2729, 2684, 2454, 2105, 1740, 
1464, 1362, 1464, 1865, 2239, 2555, 2719, 2691, 2476, 2129, 
1766, 1478, 1363, 1451, 1715, 2079, 2433, 2673, 2731, 2497, 
2159, 1789, 1494, 1363, 1436, 1693, 2051, 2412, 2663, 2736, 
2607, 2313, 1942, 1604, 1397, 1427, 1670, 2023, 2389, 2649, 
2736, 2622, 2341, 1971, 1627, 1404, 1375, 1547, 1865, 2238, 
2555, 2735, 2635, 2366, 1996, 1648, 1416, 1370, 1528, 1840, 
2211, 2537, 2716, 2702, 2498, 2158, 1788, 1426, 1363, 1511, 
1813, 2185, 2518, 2710, 2711, 2518, 2185, 1814, 1508, 1368, 
1424, 1671, 2024, 2497, 2703, 2716, 2537, 2212, 1840, 1528, 
1368, 1415, 1648, 1996, 2364, 2633, 2736, 2634, 2364, 1865, 
1545, 1376, 1406, 1625, 1970, 2339, 2621, 2735, 2648, 2387, 
2024, 1670, 1426, 1367, 1512, 1943, 2314, 2608, 2735, 2662, 
2407, 2049, 1692, 1438, 1363, 1495, 1788, 2160, 2496, 2704, 
2718, 2433, 2078, 1718, 1450, 1362, 1478, 1767, 2132, 2476, 
2694, 2723, 2556, 2239, 1866, 1547, 1375, 1464, 1740, 2105, 
2455, 2684, 2728, 2574, 2264, 1891, 1565, 1381, 1395, 1606, 
1943, 2315, 2607, 2732, 2587, 2290, 1919, 1585, 1388, 1387, 
1583, 1916, 2289, 2590, 2732, 2674, 2434, 2079, 1718, 1395, 
1380, 1565, 1891, 2264, 2572, 2728, 2684, 2455, 2105, 1740, 
1464, 1362, 1465, 1740, 2104, 2555, 2723, 2695, 2479, 2134, 
1764, 1479, 1363, 1451, 1716, 2079, 2433, 2672, 2732, 2590, 
2289, 1790, 1495, 1364, 1437, 1693, 2050, 2410, 2662, 2734, 
2607, 2316, 1946, 1607, 1395, 1382, 1565, 2023, 2387, 2650, 
2736, 2620, 2343, 1971, 1628, 1404, 1375, 1545, 1865, 2236, 
2555, 2724, 2694, 2366, 1996, 1648, 1415, 1371, 1529, 1838, 
2212, 2537, 2717, 2702, 2503, 2160, 1789, 1497, 1366, 1508, 
1813, 2185, 2516, 2711, 2712, 2519, 2186, 1813, 1512, 1367, 
1425, 1670, 2023, 2387, 2649, 2718, 2537, 2215, 1839, 1528, 
1370, 1414, 1649, 1996, 2363, 2634, 2736, 2635, 2364, 2654, 
2732, 2524, 2195, 1822, 1516, 1367, 1419, 1660, 2009, 2375, 
2639, 2734, 2625, 2348, 1981, 1636, 1408, 1410, 1637, 1983, 
2352, 2627, 2734, 2640, 2371, 2008, 1657, 1420, 1368, 1520, 
1826, 2198, 2526, 2732, 2654, 2396, 2032, 1680, 1427, 1363, 
1504, 1800, 2172, 2505, 2707, 2712, 2526, 2193, 1825, 1441, 
1362, 1486, 1779, 2146, 2486, 2698, 2718, 2545, 2224, 1851, 
1536, 1372, 1410, 1637, 1984, 2464, 2685, 2724, 2563, 2246, 
1875, 1555, 1377, 1401, 1615, 1956, 2327, 2612, 2735, 2654, 
2397, 1903, 1572, 1383, 1391, 1594, 1931, 2303, 2596, 2732, 
2667, 2421, 2063, 1703, 1442, 1361, 1487, 1903, 2275, 2579, 
2727, 2678, 2443, 2089, 1724, 1457, 1361, 1472, 1753, 2117, 
2467, 2687, 2724, 2464, 2118, 1750, 1471, 1361, 1457, 1728, 
2093, 2444, 2677, 2729, 2581, 2275, 1905, 1575, 1385, 1443, 
1707, 2066, 2419, 2668, 2731, 2597, 2300, 1929, 1593, 1392, 
1385, 1575, 1904, 2275, 2579, 2736, 2614, 2326, 1957, 1614, 
1400, 1379, 1555, 1878, 2252, 2564, 2726, 2688, 2464, 2118, 
1751, 1411, 1372, 1536, 1853, 2224, 2547, 2720, 2700, 2488, 
2144, 1778, 1486, 1363, 1443, 1705, 2064, 2528, 2713, 2705, 
2507, 2171, 1801, 1504, 1365, 1434, 1683, 2038, 2399, 2655, 
2736, 2615, 2325, 1826, 1520, 1368, 1420, 1660, 2009, 2377, 
2641, 2736, 2628, 2352, 1984, 1636, 1409, 1372, 1537, 1983, 
2352, 2628, 2734, 2643, 2374, 2009, 1658, 1416, 1368, 1520, 
1827, 2200, 2527, 2714, 2707, 2399, 2038, 1682, 1431, 1364, 
1502, 1801, 2172, 2508, 2706, 2715, 2526, 2200, 1828, 1517, 
1368, 1486, 1780, 2144, 2487, 2697, 2719, 2547, 2223, 1852, 
1538, 1372, 1410, 1637, 1984, 2352, 2628, 2727, 2566, 2251, 
1878, 1556, 1379, 1401, 1615, 1956, 2327, 2616, 2736, 2656, 
2400, 2041, 1683, 1386, 1392, 1595, 1931, 2300, 2598, 2733, 
2668, 2422, 2064, 1704, 1444, 1363, 1486, 1777, 2145, 2578, 
2729, 2678, 2444, 2091, 1729, 1456, 1362, 1472, 1752, 2119, 
2467, 2687, 2727, 2566, 2252, 1750, 1472, 1363, 1457, 1727, 
2092, 2444, 2678, 2729, 2581, 2278, 1904, 1574, 1387, 1391, 
1595, 2063, 2422, 2668, 2732, 2599, 2303, 1932, 1596, 1391, 
1385, 1572, 1903, 2275, 2581, 2729, 2679, 2329, 1958, 1616, 
1400, 1377, 1555, 1877, 2251, 2562, 2726, 2691, 2467, 2121, 
1751, 1472, 1363, 1540, 1852, 2225, 2544, 2720, 2699, 2491, 
2146, 1779, 1487, 1362, 1443, 1704, 2064, 2423, 2670, 2707, 
2508, 2172, 1801, 1504, 1364, 1431, 1680, 2036, 2396, 2655, 
2737, 2614, 2327, 1957, 1617, 1367, 1420, 1660, 2009, 2374, 
2641, 2736, 2628, 2354, 1984, 1638, 1410, 1372, 1537, 1852, 
2224, 2628, 2736, 2643, 2376, 2011, 1660, 1422, 1368, 1518, 
1826, 2196, 2526, 2714, 2706, 2508, 2173, 1683, 1432, 1363, 
1502, 1801, 2172, 2507, 2707, 2714, 2528, 2200, 1828, 1520, 
1368, 1419, 1659, 2145, 2485, 2698, 2721, 2550, 2227, 1854, 
1539, 1374, 1411, 1638, 1982, 2350, 2627, 2736, 2644, 2254, 
1880, 1557, 1377, 1400, 1615, 1955, 2326, 2612, 2736, 2656, 
2400, 2037, 1685, 1431, 1362, 1596, 1927, 2297, 2595, 2734, 
2668, 2423, 2065, 1705, 1443, 1360, 1485, 1775, 2144, 2487, 
2697, 2679, 2447, 2092, 1729, 1457, 1361, 1471, 1750, 2116, 
2465, 2689, 2726, 2566, 2254, 1878, 1558, 1362, 1456, 1729, 
2093, 2440, 2678, 2732, 2584, 2278, 1907, 1575, 1385, 1391, 
1594, 1929, 2300, 2668, 2732, 2599, 2303, 1932, 1596, 1392, 
1383, 1574, 1904, 2275, 2579, 2729, 2679, 2444, 2093, 1616, 
1401, 1377, 1554, 1876, 2248, 2561, 2725, 2691, 2471, 2121, 
1754, 1474, 1361, 1457, 1727, 2224, 2544, 2719, 2700, 2491, 
2112, 1721, 1430, 1379, 1570, 1907, 2288, 2590, 2732, 2672, 
2415, 1923, 1588, 1390, 1386, 1583, 1914, 2286, 2586, 2732, 
2675, 2436, 2081, 1720, 1454, 1364, 1478, 1886, 2259, 2571, 
2727, 2684, 2458, 2108, 1745, 1469, 1362, 1462, 1736, 2100, 
2451, 2681, 2728, 2481, 2137, 1769, 1481, 1362, 1448, 1712, 
2073, 2430, 2672, 2729, 2592, 2296, 1923, 1588, 1388, 1433, 
1689, 2048, 2407, 2660, 2736, 2609, 2318, 1948, 1609, 1398, 
1379, 1560, 1886, 2259, 2569, 2736, 2624, 2345, 1976, 1631, 
1406, 1375, 1544, 1858, 2233, 2552, 2723, 2692, 2483, 2139, 
1771, 1417, 1369, 1527, 1836, 2207, 2535, 2716, 2704, 2501, 
2163, 1794, 1498, 1364, 1436, 1688, 2047, 2513, 2709, 2713, 
2522, 2191, 1819, 1514, 1366, 1423, 1665, 2019, 2385, 2647, 
2737, 2625, 2346, 1844, 1531, 1371, 1414, 1644, 1991, 2360, 
2632, 2736, 2637, 2369, 2002, 1652, 1418, 1370, 1527, 1967, 
2336, 2619, 2736, 2654, 2392, 2030, 1673, 1428, 1366, 1503, 
1808, 2179, 2512, 2709, 2711, 2416, 2056, 1698, 1440, 1363, 
1491, 1784, 2152, 2494, 2701, 2718, 2540, 2217, 1845, 1533, 
1371, 1476, 1759, 2124, 2471, 2692, 2723, 2559, 2244, 1871, 
1551, 1376, 1403, 1621, 1964, 2333, 2619, 2729, 2578, 2270, 
1896, 1568, 1382, 1393, 1601, 1939, 2310, 2601, 2735, 2659, 
2418, 2057, 1699, 1388, 1385, 1580, 1912, 2283, 2585, 2732, 
2675, 2441, 2083, 1722, 1454, 1364, 1476, 1759, 2127, 2569, 
2726, 2686, 2460, 2112, 1745, 1468, 1361, 1462, 1735, 2100, 
2451, 2681, 2730, 2575, 2270, 1769, 1482, 1363, 1447, 1712, 
2072, 2428, 2672, 2732, 2592, 2296, 1923, 1588, 1390, 1386, 
1579, 2043, 2406, 2660, 2736, 2607, 2319, 1949, 1611, 1396, 
1378, 1560, 1886, 2257, 2569, 2727, 2686, 2347, 1977, 1632, 
1408, 1375, 1543, 1860, 2232, 2551, 2721, 2695, 2480, 2137, 
1770, 1483, 1362, 1526, 1834, 2205, 2531, 2712, 2704, 2503, 
2164, 1793, 1497, 1363, 1434, 1687, 2044, 2405, 2659, 2712, 
2523, 2191, 1820, 1513, 1367, 1422, 1665, 2017, 2383, 2645, 
2737, 2625, 2347, 1980, 1631, 1368, 1412, 1642, 1991, 2358, 
2631, 2736, 2639, 2369, 2003, 1655, 1418, 1368, 1525, 1833, 
2206, 2617, 2736, 2653, 2394, 2032, 1673, 1428, 1365, 1505, 
1807, 2179, 2513, 2712, 2711, 2523, 2191, 1699, 1443, 1363, 
1491, 1782, 2151, 2492, 2703, 2716, 2543, 2219, 1845, 1534, 
1371, 1412, 1642, 2126, 2472, 2691, 2724, 2563, 2247, 1871, 
1553, 1376, 1401, 1619, 1963, 2333, 2619, 2736, 2652, 2271, 
1899, 1570, 1384, 1394, 1600, 1937, 2307, 2599, 2734, 2665, 
2416, 2058, 1699, 1441, 1363, 1579, 1912, 2283, 2582, 2732, 
2678, 2440, 2087, 1723, 1454, 1362, 1475, 1759, 2124, 2472, 
2691, 2687, 2462, 2112, 1746, 1470, 1363, 1460, 1735, 2099, 
2450, 2682, 2730, 2579, 2274, 1900, 1571, 1361, 1446, 1711, 
2072, 2428, 2671, 2732, 2595, 2296, 1924, 1590, 1390, 1385, 
1579, 1911, 2283, 2660, 2735, 2612, 2322, 1951, 1609, 1397, 
1380, 1560, 1885, 2255, 2567, 2727, 2687, 2462, 2112, 1632, 
1408, 1375, 1543, 1857, 2232, 2550, 2720, 2696, 2483, 2139, 
1771, 1484, 1363, 1447, 1709, 2204, 2531, 2715, 2705, 2503, 
2167, 1795, 1498, 1364, 1432, 1687, 2041, 2405, 2658, 2736, 
2611, 2193, 1820, 1514, 1367, 1420, 1667, 2015, 2382, 2647, 
2737, 2625, 2348, 1979, 1632, 1408, 1373, 1642, 1989, 2356, 
2631, 2739, 2640, 2371, 2006, 1653, 1419, 1369, 1525, 1831, 
2204, 2530, 2716, 2653, 2395, 2032, 1677, 1428, 1365, 1506, 
1808, 2179, 2513, 2711, 2713, 2523, 2193, 1819, 1515, 1366, 
1490, 1782, 2151, 2492, 2705, 2720, 2544, 2220, 1848, 1535, 
1373, 1413, 1642, 1987, 2358, 2691, 2726, 2561, 2500, 2702, 
2713, 2527, 2200, 1829, 1520, 1368, 1419, 1654, 2003, 2369, 
2638, 2719, 2548, 2228, 1856, 1540, 1371, 1407, 1630, 1977, 
2344, 2623, 2734, 2643, 2380, 2014, 1664, 1378, 1400, 1612, 
1950, 2322, 2610, 2734, 2656, 2403, 2041, 1684, 1432, 1363, 
1499, 1795, 2164, 2591, 2732, 2669, 2425, 2068, 1708, 1445, 
1360, 1483, 1769, 2136, 2483, 2695, 2720, 2548, 2230, 1732, 
1460, 1361, 1467, 1745, 2111, 2462, 2686, 2727, 2567, 2255, 
1883, 1560, 1377, 1398, 1611, 2084, 2439, 2675, 2729, 2584, 
2281, 1909, 1577, 1385, 1388, 1590, 1922, 2297, 2593, 2732, 
2671, 2307, 1935, 1599, 1393, 1383, 1570, 1897, 2271, 2576, 
2728, 2680, 2451, 2096, 1732, 1459, 1361, 1550, 1871, 2246, 
2561, 2725, 2692, 2471, 2121, 1756, 1474, 1363, 1454, 1723, 
2083, 2439, 2675, 2700, 2491, 2151, 1783, 1489, 1363, 1439, 
1699, 2057, 2417, 2664, 2734, 2601, 2307, 1936, 1600, 1364, 
1429, 1676, 2032, 2396, 2652, 2735, 2617, 2332, 1963, 1619, 
1401, 1374, 1551, 1874, 2244, 2639, 2736, 2631, 2358, 1991, 
1643, 1412, 1371, 1533, 1846, 2218, 2543, 2718, 2699, 2494, 
2152, 1663, 1424, 1367, 1516, 1820, 2193, 2524, 2712, 2710, 
2513, 2180, 1808, 1507, 1366, 1427, 1675, 2165, 2500, 2704, 
2716, 2531, 2204, 1833, 1525, 1368, 1418, 1651, 2003, 2370, 
2640, 2736, 2631, 2232, 1859, 1542, 1373, 1407, 1631, 1977, 
2345, 2624, 2736, 2647, 2380, 2016, 1663, 1423, 1368, 1609, 
1951, 2320, 2608, 2736, 2659, 2407, 2041, 1687, 1432, 1365, 
1499, 1795, 2166, 2502, 2704, 2671, 2428, 2071, 1710, 1447, 
1361, 1483, 1770, 2140, 2482, 2695, 2721, 2551, 2232, 1865, 
1543, 1365, 1469, 1743, 2113, 2460, 2684, 2727, 2568, 2257, 
1884, 1560, 1379, 1398, 1611, 1950, 2321, 2676, 2731, 2584, 
2283, 1911, 1580, 1386, 1389, 1590, 1923, 2296, 2593, 2731, 
2672, 2431, 2072, 1601, 1392, 1380, 1571, 1896, 2270, 2576, 
2728, 2681, 2451, 2098, 1734, 1461, 1363, 1467, 1745, 2244, 
2559, 2724, 2691, 2471, 2126, 1758, 1475, 1365, 1454, 1721, 
2084, 2440, 2677, 2732, 2584, 2151, 1783, 1490, 1361, 1440, 
1699, 2059, 2416, 2665, 2735, 2603, 2308, 1936, 1601, 1394, 
1382, 1674, 2031, 2392, 2652, 2738, 2619, 2334, 1966, 1621, 
1403, 1376, 1550, 1871, 2243, 2559, 2723, 2631, 2359, 1991, 
1643, 1414, 1372, 1533, 1844, 2217, 2540, 2718, 2700, 2494, 
2152, 1784, 1489, 1364, 1512, 1820, 2191, 2523, 2712, 2712, 
2513, 2180, 1808, 1508, 1366, 1428, 1675, 2030, 2395, 2704, 
2716, 2534, 2205, 1835, 1524, 1370, 1417, 1652, 2003, 2369, 
2639, 2736, 2635, 2355, 1991, 1543, 1375, 1408, 1631, 1976, 
2344, 2623, 2736, 2647, 2382, 2018, 1665, 1423, 1366, 1515, 
1819, 2320, 2608, 2734, 2659, 2407, 2045, 1686, 1431, 1362, 
1498, 1795, 2166, 2500, 2702, 2716, 2534, 2072, 1711, 1450, 
1363, 1483, 1770, 2138, 2482, 2695, 2723, 2552, 2232, 1860, 
1544, 1374, 1407, 1746, 2112, 2460, 2687, 2728, 2568, 2259, 
1887, 1558, 1377, 1399, 1609, 1948, 2320, 2609, 2736, 2586, 
2284, 1912, 1580, 1386, 1388, 1589, 1922, 2294, 2592, 2732, 
2672, 2427, 2071, 1711, 1447, 1381, 1568, 1895, 2270, 2576, 
2732, 2682, 2450, 2100, 1735, 1461, 1363, 1467, 1745, 2111, 
2460, 2724, 2694, 2472, 2127, 1759, 1476, 1362, 1452, 1722, 
2083, 2439, 2678, 2732, 2587, 2285, 1912, 1491, 1365, 1439, 
1696, 2055, 2415, 2664, 2735, 2603, 2310, 1939, 1603, 1395, 
1383, 1568, 1895, 2392, 2652, 2736, 2620, 2335, 1965, 1622, 
1401, 1376, 1551, 1871, 2241, 2559, 2726, 2695, 2472, 1991, 
1644, 1415, 1372, 1533, 1844, 2219, 2542, 2719, 2700, 2495, 
2116, 1725, 1428, 1379, 1564, 2040, 2401, 2657, 2735, 2596, 
2300, 1928, 1594, 1391, 1385, 1576, 1904, 2279, 2580, 2731, 
2679, 2326, 1955, 1613, 1399, 1377, 1555, 1879, 2253, 2565, 
2726, 2688, 2464, 2116, 1748, 1472, 1363, 1538, 1855, 2227, 
2551, 2721, 2697, 2487, 2144, 1776, 1484, 1362, 1444, 1706, 
2066, 2424, 2670, 2707, 2507, 2172, 1800, 1502, 1364, 1432, 
1683, 2039, 2401, 2655, 2733, 2613, 2324, 1955, 1614, 1368, 
1420, 1659, 2014, 2377, 2643, 2737, 2627, 2351, 1982, 1635, 
1410, 1373, 1539, 1854, 2228, 2630, 2736, 2641, 2374, 2009, 
1658, 1419, 1368, 1521, 1829, 2202, 2529, 2716, 2706, 2505, 
2172, 1679, 1430, 1363, 1502, 1803, 2174, 2508, 2707, 2714, 
2528, 2198, 1825, 1520, 1368, 1422, 1660, 2147, 2488, 2699, 
2719, 2547, 2227, 1851, 1536, 1372, 1411, 1638, 1986, 2355, 
2627, 2736, 2643, 2249, 1876, 1552, 1377, 1400, 1617, 1958, 
2328, 2615, 2736, 2656, 2399, 2038, 1681, 1430, 1364, 1596, 
1931, 2303, 2599, 2734, 2667, 2421, 2064, 1703, 1443, 1363, 
1489, 1778, 2147, 2488, 2699, 2679, 2446, 2091, 1727, 1456, 
1362, 1472, 1753, 2119, 2467, 2689, 2724, 2563, 2249, 1875, 
1554, 1363, 1456, 1731, 2094, 2444, 2678, 2729, 2580, 2276, 
1904, 1573, 1384, 1391, 1596, 1931, 2302, 2668, 2734, 2595, 
2303, 1931, 1595, 1392, 1385, 1576, 1905, 2275, 2581, 2731, 
2680, 2444, 2092, 1614, 1399, 1377, 1555, 1879, 2252, 2564, 
2727, 2688, 2465, 2118, 1751, 1471, 1361, 1456, 1730, 2225, 
2545, 2720, 2697, 2488, 2144, 1774, 1484, 1359, 1443, 1708, 
2067, 2423, 2670, 2736, 2596, 2171, 1799, 1502, 1366, 1432, 
1681, 2039, 2400, 2656, 2736, 2615, 2327, 1956, 1614, 1401, 
1379, 1660, 2010, 2375, 2642, 2736, 2627, 2350, 1986, 1638, 
1411, 1374, 1539, 1852, 2225, 2546, 2720, 2642, 2375, 2010, 
1658, 1420, 1368, 1520, 1826, 2199, 2528, 2713, 2705, 2508, 
2172, 1801, 1504, 1363, 1501, 1801, 2172, 2506, 2707, 2714, 
2528, 2199, 1825, 1519, 1370, 1421, 1660, 2012, 2377, 2698, 
2719, 2546, 2225, 1852, 1537, 1372, 1409, 1636, 1984, 2352, 
2627, 2736, 2644, 2377, 2011, 1554, 1379, 1400, 1615, 1956, 
2327, 2614, 2736, 2655, 2399, 2035, 1683, 1430, 1364, 1503, 
1801, 2303, 2599, 2731, 2668, 2422, 2064, 1704, 1442, 1361, 
1486, 1778, 2146, 2487, 2698, 2720, 2544, 2091, 1728, 1459, 
1361, 1472, 1753, 2119, 2465, 2688, 2724, 2564, 2249, 1877, 
1555, 1378, 1400, 1729, 2092, 2444, 2680, 2726, 2583, 2278, 
1904, 1576, 1387, 1390, 1593, 1929, 2302, 2596, 2732, 2598, 
2302, 1931, 1595, 1392, 1384, 1575, 1905, 2276, 2581, 2732, 
2676, 2446, 2091, 1728, 1457, 1377, 1555, 1877, 2251, 2564, 
2727, 2691, 2467, 2119, 1752, 1472, 1362, 1457, 1729, 2091, 
2444, 2719, 2697, 2488, 2147, 1776, 1487, 1362, 1444, 1706, 
2065, 2422, 2672, 2735, 2598, 2303, 1932, 1504, 1366, 1430, 
1680, 2039, 2398, 2656, 2735, 2615, 2328, 1957, 1616, 1399, 
1378, 1555, 1877, 2375, 2642, 2736, 2628, 2353, 1985, 1637, 
1411, 1371, 1537, 1850, 2224, 2545, 2724, 2702, 2488, 2012, 
1660, 1422, 1368, 1520, 1826, 2198, 2527, 2713, 2707, 2508, 
2174, 1801, 1503, 1365, 1430, 1799, 2170, 2507, 2703, 2713, 
2529, 2201, 1825, 1521, 1364, 1419, 1660, 2008, 2375, 2638, 
2735, 2547, 2225, 1853, 1539, 1372, 1409, 1635, 1982, 2351, 
2627, 2736, 2643, 2375, 2012, 1660, 1420, 1400, 1615, 1956, 
2327, 2611, 2734, 2656, 2401, 2040, 1681, 1432, 1363, 1501, 
1799, 2171, 2507, 2735, 2670, 2424, 2064, 1706, 1445, 1362, 
1486, 1775, 2144, 2487, 2696, 2720, 2547, 2227, 1852, 1459, 
1363, 1471, 1751, 2116, 2463, 2686, 2727, 2565, 2496, 2702, 
2716, 2534, 2207, 1838, 1526, 1363, 1480, 1767, 2132, 2475, 
2691, 2719, 2552, 2236, 1863, 1543, 1374, 1404, 1625, 1970, 
2337, 2682, 2724, 2569, 2259, 1888, 1567, 1379, 1395, 1605, 
1943, 2315, 2608, 2732, 2658, 2407, 2049, 1582, 1387, 1386, 
1584, 1916, 2290, 2591, 2732, 2671, 2427, 2074, 1714, 1449, 
1361, 1479, 1763, 2264, 2572, 2726, 2683, 2452, 2103, 1738, 
1463, 1361, 1464, 1740, 2105, 2456, 2681, 2727, 2571, 2128, 
1759, 1478, 1360, 1450, 1716, 2078, 2433, 2672, 2729, 2588, 
2288, 1915, 1583, 1387, 1386, 1692, 2051, 2411, 2662, 2734, 
2606, 2313, 1944, 1603, 1394, 1381, 1565, 1890, 2264, 2572, 
2727, 2620, 2339, 1969, 1624, 1404, 1375, 1546, 1864, 2238, 
2555, 2723, 2692, 2476, 2131, 1763, 1478, 1370, 1528, 1840, 
2211, 2535, 2716, 2702, 2496, 2157, 1788, 1494, 1363, 1437, 
1692, 2051, 2409, 2708, 2711, 2517, 2183, 1814, 1510, 1366, 
1425, 1671, 2024, 2387, 2649, 2736, 2623, 2339, 1969, 1527, 
1371, 1416, 1651, 1997, 2366, 2636, 2735, 2633, 2363, 1996, 
1647, 1414, 1368, 1528, 1838, 2342, 2620, 2736, 2652, 2387, 
2024, 1670, 1425, 1366, 1510, 1814, 2185, 2516, 2707, 2711, 
2516, 2053, 1695, 1438, 1365, 1495, 1789, 2160, 2497, 2703, 
2716, 2536, 2211, 1838, 1528, 1369, 1415, 1767, 2133, 2476, 
2694, 2723, 2553, 2237, 1864, 1550, 1374, 1404, 1624, 1969, 
2340, 2622, 2736, 2572, 2264, 1890, 1565, 1380, 1396, 1605, 
1944, 2315, 2606, 2735, 2662, 2412, 2052, 1693, 1436, 1387, 
1582, 1917, 2288, 2588, 2732, 2673, 2433, 2079, 1717, 1451, 
1363, 1480, 1764, 2132, 2478, 2727, 2683, 2455, 2106, 1740, 
1464, 1362, 1463, 1743, 2105, 2456, 2684, 2727, 2573, 2264, 
1891, 1481, 1361, 1449, 1715, 2076, 2435, 2672, 2731, 2590, 
2289, 1917, 1585, 1388, 1387, 1584, 1916, 2412, 2663, 2735, 
2607, 2315, 1943, 1605, 1395, 1380, 1564, 1888, 2263, 2573, 
2729, 2684, 2456, 1971, 1627, 1404, 1374, 1548, 1864, 2238, 
2554, 2723, 2694, 2477, 2131, 1764, 1480, 1362, 1450, 1839, 
2211, 2534, 2716, 2702, 2497, 2161, 1790, 1495, 1361, 1439, 
1693, 2049, 2411, 2664, 2735, 2519, 2185, 1811, 1511, 1366, 
1425, 1668, 2023, 2388, 2651, 2736, 2622, 2340, 1972, 1627, 
1405, 1417, 1646, 1997, 2364, 2635, 2736, 2637, 2364, 1998, 
1649, 1416, 1370, 1528, 1840, 2211, 2536, 2736, 2650, 2387, 
2024, 1671, 1424, 1367, 1510, 1814, 2183, 2515, 2710, 2710, 
2516, 2188, 1816, 1436, 1361, 1494, 1790, 2158, 2496, 2703, 
2716, 2538, 2214, 1840, 1530, 1370, 1415, 1647, 1996, 2478, 
2692, 2724, 2556, 2239, 1867, 1546, 1374, 1406, 1625, 1969, 
2339, 2620, 2736, 2648, 2387, 1892, 1567, 1382, 1395, 1603, 
1943, 2315, 2606, 2734, 2663, 2412, 2053, 1694, 1438, 1364, 
1490, 1916, 2288, 2589, 2732, 2673, 2434, 2081, 1716, 1451, 
1362, 1479, 1763, 2131, 2476, 2694, 2727, 2456, 2106, 1741, 
1464, 1362, 1463, 1740, 2104, 2455, 2684, 2728, 2574, 2265, 
1892, 1564, 1382, 1449, 1718, 2079, 2433, 2675, 2732, 2591, 
2291, 1919, 1584, 1388, 1387, 1582, 1916, 2288, 2588, 2733, 
2607, 2317, 1945, 1607, 1396, 1380, 1564, 1889, 2264, 2572, 
2727, 2686, 2457, 2107, 1743, 1405, 1374, 1544, 1863, 2236, 
2552, 2724, 2694, 2479, 2136, 1764, 1482, 1361, 1449, 1715, 
2073, 2535, 2718, 2704, 2499, 2161, 1791, 1495, 1363, 1436, 
1691, 2049, 2409, 2660, 2735, 2608, 2319, 1816, 1512, 1366, 
1424, 1668, 2022, 2385, 2649, 2737, 2623, 2339, 1974, 1627, 
1406, 1375, 1544, 1994, 2363, 2633, 2736, 2636, 2367, 1999, 
1651, 1416, 1369, 1525, 1839, 2211, 2535, 2718, 2703, 2378, 
1991, 1615, 1380, 1430, 1687, 2054, 2418, 2668, 2732, 2580, 
2278, 1903, 1574, 1383, 1391, 1708, 2067, 2423, 2670, 2735, 
2598, 2300, 1929, 1595, 1392, 1385, 1575, 1906, 2276, 2584, 
2731, 2617, 2326, 1956, 1615, 1400, 1378, 1555, 1880, 2252, 
2564, 2727, 2689, 2467, 2119, 1751, 1472, 1372, 1539, 1854, 
2227, 2547, 2720, 2698, 2488, 2145, 1775, 1488, 1362, 1443, 
1705, 2064, 2423, 2716, 2707, 2508, 2172, 1801, 1503, 1365, 
1431, 1681, 2038, 2400, 2656, 2735, 2613, 2326, 1957, 1518, 
1363, 1419, 1662, 2011, 2375, 2642, 2738, 2628, 2353, 1984, 
1636, 1410, 1372, 1537, 1853, 2353, 2627, 2736, 2643, 2375, 
2010, 1659, 1420, 1367, 1520, 1827, 2200, 2529, 2713, 2707, 
2506, 2038, 1680, 1430, 1366, 1501, 1801, 2171, 2505, 2708, 
2715, 2527, 2199, 1827, 1518, 1367, 1420, 1777, 2146, 2486, 
2698, 2719, 2547, 2227, 1854, 1539, 1372, 1409, 1636, 1983, 
2352, 2628, 2737, 2562, 2252, 1877, 1556, 1379, 1400, 1615, 
1956, 2327, 2615, 2736, 2655, 2400, 2039, 1682, 1431, 1392, 
1593, 1929, 2302, 2597, 2733, 2668, 2424, 2064, 1705, 1444, 
1363, 1485, 1777, 2145, 2486, 2729, 2680, 2445, 2094, 1728, 
1458, 1361, 1471, 1751, 2119, 2466, 2690, 2724, 2563, 2252, 
1876, 1471, 1361, 1456, 1729, 2092, 2444, 2679, 2731, 2582, 
2278, 1905, 1575, 1384, 1391, 1593, 1930, 2424, 2668, 2733, 
2599, 2303, 1932, 1595, 1392, 1383, 1574, 1904, 2275, 2579, 
2729, 2680, 2446, 1959, 1617, 1401, 1379, 1554, 1878, 2251, 
2563, 2726, 2688, 2466, 2120, 1752, 1471, 1363, 1457, 1852, 
2226, 2547, 2721, 2699, 2491, 2147, 1776, 1487, 1362, 1443, 
1704, 2065, 2427, 2668, 2736, 2506, 2174, 1803, 1504, 1366, 
1431, 1679, 2037, 2400, 2655, 2736, 2616, 2328, 1961, 1618, 
1400, 1420, 1659, 2011, 2375, 2641, 2737, 2631, 2354, 1985, 
1638, 1411, 1372, 1536, 1847, 2224, 2545, 2736, 2643, 2376, 
2012, 1660, 1420, 1368, 1520, 1827, 2197, 2525, 2713, 2705, 
2504, 2175, 1804, 1431, 1364, 1502, 1801, 2172, 2507, 2707, 
2716, 2529, 2200, 1828, 1520, 1368, 1423, 1659, 2009, 2486, 
2696, 2719, 2547, 2227, 1854, 1539, 1372, 1409, 1635, 1983, 
2351, 2625, 2736, 2643, 2375, 1879, 1556, 1379, 1400, 1611, 
1955, 2325, 2614, 2735, 2657, 2401, 2039, 1683, 1430, 1364, 
1502, 1927, 2300, 2597, 2731, 2668, 2424, 2066, 1705, 1445, 
1363, 1487, 1776, 2144, 2488, 2699, 2719, 2441, 2093, 1731, 
1458, 1363, 1472, 1752, 2118, 2465, 2687, 2726, 2564, 2252, 
1879, 1556, 1378, 1456, 1727, 2089, 2444, 2680, 2731, 2583, 
2279, 1906, 1576, 1385, 1391, 1592, 1926, 2300, 2596, 2732, 
2599, 2305, 1932, 1597, 1391, 1383, 1574, 1904, 2275, 2580, 
2728, 2680, 2446, 2094, 1729, 1401, 1377, 1554, 1876, 2249, 
2562, 2726, 2689, 2467, 2120, 1754, 1472, 1361, 1457, 1727, 
2089, 2546, 2719, 2697, 2491, 2146, 1778, 1487, 1364, 1443, 
1703, 2061, 2422, 2668, 2735, 2599, 2303, 1804, 1504, 1365, 
1429, 1677, 2035, 2400, 2654, 2736, 2615, 2329, 1959, 1617, 
1401, 1376, 1554, 2008, 2375, 2640, 2736, 2629, 2353, 1986, 
1640, 1411, 1372, 1536, 1849, 2223, 2544, 2721, 2700, 2376, 
2012, 1662, 1421, 1367, 1518, 1824, 2197, 2525, 2713, 2707, 
2509, 2176, 1804, 1505, 1364, 1502, 1800, 2170, 2504, 2704, 
2714, 2529, 2200, 1831, 1520, 1366, 1417, 1657, 2008, 2374, 
2639, 2720, 2548, 2228, 1855, 1540, 1372, 1408, 1634, 1982, 
2350, 2627, 2736, 2643, 2379, 2011, 1662, 1378, 1399, 1613, 
1953, 2325, 2612, 2736, 2656, 2401, 2042, 1683, 1433, 1363, 
1503, 1800, 2169, 2595, 2733, 2668, 2424, 2067, 1706, 1444, 
1363, 1487, 1774, 2142, 2486, 2696, 2720, 2548, 2515, 2732, 
2659, 2408, 2049, 1691, 1438, 1363, 1492, 1788, 2157, 2494, 
2700, 2715, 2535, 2212, 1839, 1449, 1361, 1479, 1763, 2131, 
2476, 2691, 2720, 2552, 2236, 1865, 1546, 1373, 1404, 1624, 
1969, 2452, 2681, 2726, 2572, 2264, 1888, 1564, 1380, 1392, 
1604, 1943, 2313, 2603, 2732, 2659, 2411, 1916, 1584, 1388, 
1386, 1583, 1918, 2288, 2588, 2731, 2672, 2432, 2078, 1715, 
1450, 1360, 1479, 1888, 2263, 2569, 2726, 2683, 2456, 2104, 
1740, 1463, 1360, 1463, 1739, 2104, 2454, 2683, 2726, 2477, 
2131, 1764, 1479, 1361, 1449, 1715, 2076, 2433, 2673, 2731, 
2590, 2290, 1918, 1585, 1389, 1437, 1695, 2051, 2411, 2663, 
2732, 2606, 2316, 1942, 1606, 1395, 1380, 1564, 1891, 2264, 
2571, 2736, 2622, 2339, 1972, 1627, 1403, 1373, 1545, 1865, 
2236, 2552, 2723, 2693, 2475, 2131, 1764, 1415, 1369, 1528, 
1839, 2210, 2537, 2719, 2702, 2499, 2159, 1790, 1495, 1363, 
1436, 1692, 2051, 2516, 2711, 2711, 2519, 2186, 1815, 1512, 
1366, 1424, 1670, 2024, 2387, 2648, 2737, 2623, 2340, 1839, 
1529, 1369, 1415, 1647, 1997, 2361, 2632, 2735, 2636, 2363, 
1999, 1649, 1415, 1371, 1528, 1970, 2338, 2620, 2736, 2649, 
2390, 2024, 1671, 1425, 1366, 1510, 1813, 2183, 2516, 2712, 
2710, 2413, 2052, 1693, 1437, 1363, 1494, 1788, 2159, 2496, 
2703, 2717, 2537, 2212, 1841, 1530, 1370, 1479, 1766, 2131, 
2478, 2695, 2723, 2554, 2240, 1866, 1548, 1375, 1403, 1624, 
1969, 2338, 2620, 2729, 2575, 2264, 1892, 1566, 1379, 1395, 
1604, 1943, 2313, 2604, 2735, 2663, 2412, 2054, 1695, 1388, 
1388, 1583, 1916, 2288, 2587, 2732, 2675, 2435, 2080, 1718, 
1451, 1362, 1478, 1762, 2130, 2571, 2727, 2683, 2456, 2105, 
1743, 1466, 1361, 1462, 1740, 2105, 2452, 2683, 2727, 2574, 
2265, 1765, 1480, 1361, 1448, 1715, 2076, 2431, 2673, 2732, 
2591, 2292, 1919, 1587, 1388, 1387, 1584, 2049, 2411, 2662, 
2735, 2608, 2318, 1945, 1606, 1396, 1379, 1560, 1889, 2262, 
2572, 2729, 2685, 2342, 1972, 1628, 1406, 1374, 1545, 1862, 
2236, 2552, 2723, 2695, 2479, 2133, 1766, 1481, 1363, 1528, 
1838, 2210, 2535, 2718, 2703, 2501, 2162, 1793, 1496, 1364, 
1435, 1692, 2049, 2409, 2660, 2712, 2520, 2189, 1816, 1512, 
1366, 1426, 1670, 2022, 2385, 2648, 2736, 2622, 2341, 1973, 
1628, 1371, 1414, 1646, 1995, 2363, 2636, 2736, 2634, 2366, 
2000, 1650, 1417, 1370, 1528, 1837, 2209, 2620, 2736, 2652, 
2390, 2025, 1672, 1427, 1366, 1510, 1814, 2183, 2515, 2711, 
2712, 2519, 2188, 1695, 1439, 1364, 1493, 1788, 2156, 2493, 
2700, 2718, 2537, 2214, 1841, 1532, 1370, 1415, 1645, 2129, 
2476, 2691, 2723, 2556, 2240, 1868, 1547, 1376, 1403, 1624, 
1969, 2337, 2620, 2736, 2650, 2266, 1892, 1566, 1382, 1395, 
1601, 1941, 2311, 2604, 2736, 2664, 2414, 2055, 1694, 1438, 
1363, 1582, 1915, 2287, 2588, 2732, 2672, 2435, 2079, 1718, 
1452, 1362, 1479, 1761, 2129, 2476, 2695, 2685, 2457, 2108, 
1741, 1465, 1361, 1462, 1743, 2104, 2452, 2683, 2728, 2575, 
2267, 1895, 1566, 1362, 1449, 1714, 2075, 2431, 2672, 2732, 
2594, 2294, 1920, 1587, 1388, 1386, 1582, 1916, 2286, 2659, 
2735, 2611, 2317, 1947, 1608, 1396, 1379, 1563, 1888, 2262, 
2569, 2727, 2684, 2457, 2107, 1628, 1404, 1373, 1545, 1862, 
2236, 2554, 2726, 2695, 2480, 2136, 1767, 1481, 1363, 1447, 
1715, 2208, 2536, 2717, 2705, 2499, 2163, 1791, 1493, 1363, 
1436, 1691, 2047, 2408, 2660, 2735, 2607, 2187, 1816, 1513, 
1367, 1423, 1668, 2022, 2384, 2648, 2736, 2624, 2342, 1975, 
1628, 1405, 1375, 1646, 1993, 2361, 2632, 2737, 2636, 2358, 
1968, 1603, 1373, 1441, 1720, 2092, 2448, 2679, 2727, 2470, 
2126, 1758, 1475, 1361, 1455, 1723, 2086, 2439, 2676, 2731, 
2585, 2283, 1911, 1581, 1386, 1439, 1699, 2059, 2417, 2664, 
2734, 2600, 2307, 1936, 1601, 1394, 1383, 1571, 1896, 2271, 
2576, 2736, 2617, 2332, 1964, 1621, 1403, 1376, 1551, 1872, 
2244, 2559, 2724, 2691, 2472, 2126, 1758, 1412, 1371, 1534, 
1847, 2220, 2540, 2719, 2700, 2492, 2151, 1784, 1490, 1363, 
1441, 1699, 2059, 2521, 2712, 2710, 2512, 2179, 1807, 1507, 
1365, 1427, 1675, 2031, 2395, 2654, 2736, 2619, 2333, 1833, 
1523, 1368, 1416, 1654, 2003, 2369, 2639, 2738, 2632, 2358, 
1992, 1643, 1411, 1370, 1534, 1978, 2343, 2625, 2736, 2647, 
2382, 2015, 1664, 1423, 1367, 1516, 1821, 2192, 2521, 2712, 
2707, 2407, 2044, 1687, 1433, 1363, 1498, 1795, 2166, 2502, 
2703, 2715, 2534, 2205, 1833, 1524, 1369, 1483, 1771, 2137, 
2483, 2695, 2720, 2550, 2232, 1859, 1542, 1372, 1407, 1631, 
1977, 2347, 2625, 2727, 2568, 2260, 1884, 1560, 1379, 1399, 
1611, 1951, 2320, 2611, 2736, 2659, 2406, 2046, 1687, 1387, 
1389, 1587, 1924, 2296, 2592, 2732, 2671, 2428, 2072, 1707, 
1447, 1361, 1484, 1769, 2137, 2576, 2728, 2681, 2451, 2098, 
1735, 1462, 1363, 1467, 1747, 2110, 2461, 2687, 2727, 2568, 
2258, 1759, 1475, 1361, 1453, 1724, 2084, 2440, 2675, 2730, 
2586, 2284, 1911, 1581, 1387, 1389, 1588, 2058, 2417, 2664, 
2735, 2603, 2311, 1935, 1602, 1394, 1382, 1570, 1897, 2271, 
2576, 2729, 2682, 2334, 1965, 1621, 1403, 1376, 1551, 1872, 
2244, 2560, 2724, 2692, 2474, 2127, 1759, 1475, 1362, 1533, 
1845, 2219, 2543, 2719, 2702, 2491, 2152, 1783, 1491, 1363, 
1439, 1699, 2057, 2416, 2664, 2707, 2513, 2179, 1808, 1507, 
1366, 1426, 1675, 2030, 2394, 2653, 2737, 2619, 2335, 1964, 
1620, 1369, 1417, 1652, 2003, 2369, 2638, 2735, 2635, 2361, 
1995, 1644, 1414, 1372, 1534, 1846, 2217, 2624, 2737, 2648, 
2383, 2019, 1667, 1424, 1368, 1515, 1820, 2192, 2524, 2712, 
2710, 2514, 2180, 1689, 1432, 1363, 1497, 1794, 2163, 2500, 
2703, 2716, 2532, 2207, 1833, 1526, 1369, 1416, 1652, 2136, 
2481, 2695, 2723, 2552, 2232, 1856, 1543, 1374, 1407, 1630, 
END

