0, 0, 0, 0, 0, 0, 0, 0, 0, 0, 
0, 0, 0, 0, 0, 0, 0, 0, 0, 0, 
0, 0, 0, 0, 0, 0, 0, 0, 0, 0, 
0, 0, 0, 0, 0, 0, 0, 0, 0, 0, 
0, 0, 0, 0, 0, 0, 0, 0, 0, 0, 
0, 0, 0, 0, 0, 0, 0, 0, 0, 0, 
0, 0, 0, 0, 0, 0, 0, 0, 0, 0, 
0, 0, 0, 0, 0, 0, 0, 0, 0, 0, 
0, 0, 0, 0, 0, 0, 0, 0, 0, 0, 
0, 0, 0, 0, 0, 0, 0, 0, 0, 0, 
0, 0, 0, 0, 0, 0, 0, 0, 0, 0, 
0, 0, 0, 0, 0, 0, 0, 0, 0, 0, 
0, 0, 0, 0, 0, 0, 0, 0, 0, 0, 
0, 0, 0, 0, 0, 0, 0, 0, 0, 0, 
0, 0, 0, 0, 0, 0, 0, 0, 0, 0, 
0, 0, 0, 0, 0, 0, 0, 0, 0, 0, 
0, 0, 0, 0, 0, 0, 0, 0, 0, 0, 
0, 0, 0, 0, 0, 0, 0, 0, 0, 0, 
0, 0, 0, 0, 0, 0, 0, 0, 0, 0, 
0, 0, 0, 0, 0, 0, 0, 0, 0, 0, 
0, 0, 0, 0, 0, 0, 0, 0, 0, 0, 
0, 0, 0, 0, 0, 0, 0, 0, 0, 0, 
0, 0, 0, 0, 0, 0, 0, 0, 0, 0, 
0, 0, 0, 0, 0, 0, 0, 0, 0, 0, 
0, 0, 0, 0, 0, 0, 0, 0, 0, 0, 
0, 0, 0, 0, 0, 0, 0, 0, 0, 0, 
0, 0, 0, 0, 0, 0, 0, 0, 0, 0, 
0, 0, 0, 0, 0, 0, 0, 0, 0, 0, 
0, 0, 0, 0, 0, 0, 0, 0, 0, 0, 
0, 0, 0, 0, 0, 0, 0, 0, 0, 0, 
0, 0, 0, 0, 0, 0, 0, 0, 0, 0, 
0, 0, 0, 0, 0, 0, 0, 0, 0, 0, 
0, 0, 0, 0, 0, 0, 0, 0, 0, 0, 
0, 0, 0, 0, 0, 0, 0, 0, 0, 0, 
0, 0, 0, 0, 0, 0, 0, 0, 0, 0, 
0, 0, 0, 0, 0, 0, 0, 0, 0, 0, 
0, 0, 0, 0, 0, 0, 0, 0, 0, 0, 
0, 0, 0, 0, 0, 0, 0, 0, 0, 0, 
0, 0, 0, 0, 0, 0, 0, 0, 0, 0, 
0, 0, 0, 0, 0, 0, 0, 0, 0, 0, 
0, 0, 0, 0, 0, 0, 0, 0, 0, 0, 
0, 0, 0, 0, 0, 0, 0, 0, 0, 0, 
0, 0, 0, 0, 0, 0, 0, 0, 0, 0, 
0, 0, 0, 0, 0, 0, 0, 0, 0, 0, 
0, 0, 0, 0, 0, 0, 0, 0, 0, 0, 
0, 0, 0, 0, 0, 0, 0, 0, 0, 0, 
0, 0, 0, 0, 0, 0, 0, 0, 0, 0, 
0, 0, 0, 0, 0, 0, 0, 0, 0, 0, 
0, 0, 0, 0, 0, 0, 0, 0, 0, 0, 
0, 0, 0, 0, 0, 0, 0, 0, 0, 0, 
0, 0, 0, 0, 0, 0, 0, 0, 0, 0, 
0, 0, 0, 0, 0, 0, 0, 0, 0, 0, 
0, 0, 0, 0, 0, 0, 0, 0, 0, 0, 
0, 0, 0, 0, 0, 0, 0, 0, 0, 0, 
0, 0, 0, 0, 0, 0, 0, 0, 0, 0, 
0, 0, 0, 0, 0, 0, 0, 0, 0, 0, 
0, 0, 0, 0, 0, 0, 0, 0, 0, 0, 
0, 0, 0, 0, 0, 0, 0, 0, 0, 0, 
0, 0, 0, 0, 0, 0, 0, 0, 0, 0, 
0, 0, 0, 0, 0, 0, 0, 0, 0, 0, 
0, 0, 0, 0, 0, 0, 0, 0, 0, 0, 
0, 0, 0, 0, 0, 0, 0, 0, 0, 0, 
0, 0, 0, 0, 0, 0, 0, 0, 0, 0, 
0, 0, 0, 0, 0, 0, 0, 0, 0, 0, 
0, 0, 0, 0, 0, 0, 0, 0, 0, 0, 
0, 0, 0, 0, 0, 0, 0, 0, 0, 0, 
0, 0, 0, 0, 0, 0, 0, 0, 0, 0, 
0, 0, 0, 0, 0, 0, 0, 0, 0, 0, 
0, 0, 0, 0, 0, 0, 0, 0, 0, 0, 
0, 0, 0, 0, 0, 0, 0, 0, 0, 0, 
0, 0, 0, 0, 0, 0, 0, 0, 0, 0, 
0, 0, 0, 0, 0, 0, 0, 0, 0, 0, 
0, 0, 0, 0, 0, 0, 0, 0, 0, 0, 
0, 0, 0, 0, 0, 0, 0, 0, 0, 0, 
0, 0, 0, 0, 0, 0, 0, 0, 0, 0, 
0, 0, 0, 0, 0, 0, 0, 0, 0, 0, 
0, 0, 0, 0, 0, 0, 0, 0, 0, 0, 
0, 0, 0, 0, 0, 0, 0, 0, 0, 0, 
0, 0, 0, 0, 0, 0, 0, 0, 0, 0, 
0, 0, 0, 0, 0, 0, 0, 0, 0, 0, 
0, 0, 0, 0, 0, 0, 0, 0, 0, 0, 
0, 0, 0, 0, 0, 0, 0, 0, 0, 0, 
0, 0, 0, 0, 0, 0, 0, 0, 0, 0, 
0, 0, 0, 0, 0, 0, 0, 0, 0, 0, 
0, 0, 0, 0, 0, 0, 0, 0, 0, 0, 
0, 0, 0, 0, 0, 0, 0, 0, 0, 0, 
0, 0, 0, 0, 0, 0, 0, 0, 0, 0, 
0, 0, 0, 0, 0, 0, 0, 0, 0, 0, 
0, 0, 0, 0, 0, 0, 0, 0, 0, 0, 
0, 0, 0, 0, 0, 0, 0, 0, 0, 0, 
0, 0, 0, 0, 0, 0, 0, 0, 0, 0, 
0, 0, 0, 0, 0, 0, 0, 0, 0, 0, 
0, 0, 0, 0, 0, 0, 0, 0, 0, 0, 
0, 0, 0, 0, 0, 0, 0, 0, 0, 0, 
0, 0, 0, 0, 0, 0, 0, 0, 0, 0, 
0, 0, 0, 0, 0, 0, 0, 0, 0, 0, 
0, 0, 0, 0, 0, 0, 0, 0, 0, 0, 
0, 0, 0, 0, 0, 0, 0, 0, 0, 0, 
0, 0, 0, 0, 0, 0, 0, 0, 0, 0, 
0, 0, 0, 0, 0, 0, 0, 0, 0, 0, 
0, 0, 0, 0, 0, 0, 0, 0, 0, 0, 
0, 0, 0, 0, 0, 0, 0, 0, 0, 0, 
0, 0, 0, 0, 0, 0, 0, 0, 0, 0, 
0, 0, 0, 0, 0, 0, 0, 0, 0, 0, 
0, 0, 0, 0, 0, 0, 0, 0, 0, 0, 
0, 0, 0, 0, 0, 0, 0, 0, 0, 0, 
0, 0, 0, 0, 0, 0, 0, 0, 0, 0, 
0, 0, 0, 0, 0, 0, 0, 0, 0, 0, 
0, 0, 0, 0, 0, 0, 0, 0, 0, 0, 
0, 0, 0, 0, 0, 0, 0, 0, 0, 0, 
0, 0, 0, 0, 0, 0, 0, 0, 0, 0, 
0, 0, 0, 0, 0, 0, 0, 0, 0, 0, 
0, 0, 0, 0, 0, 0, 0, 0, 0, 0, 
0, 0, 0, 0, 0, 0, 0, 0, 0, 0, 
0, 0, 0, 0, 0, 0, 0, 0, 0, 0, 
0, 0, 0, 0, 0, 0, 0, 0, 0, 0, 
0, 0, 0, 0, 0, 0, 0, 0, 0, 0, 
0, 0, 0, 0, 0, 0, 0, 0, 0, 0, 
0, 0, 0, 0, 0, 0, 0, 0, 0, 0, 
0, 0, 0, 0, 0, 0, 0, 0, 0, 0, 
0, 0, 0, 0, 0, 0, 0, 0, 0, 0, 
0, 0, 0, 0, 0, 0, 0, 0, 0, 0, 
0, 0, 0, 0, 0, 0, 0, 0, 0, 0, 
0, 0, 0, 0, 0, 0, 0, 0, 0, 0, 
0, 0, 0, 0, 0, 0, 0, 0, 0, 0, 
0, 0, 0, 0, 0, 0, 0, 0, 0, 0, 
0, 0, 0, 0, 0, 0, 0, 0, 0, 0, 
0, 0, 0, 0, 0, 0, 0, 0, 0, 0, 
0, 0, 0, 0, 0, 0, 0, 0, 0, 0, 
0, 0, 0, 0, 0, 0, 0, 0, 0, 0, 
0, 0, 0, 0, 0, 0, 0, 0, 0, 0, 
0, 0, 0, 0, 0, 0, 0, 0, 0, 0, 
0, 0, 0, 0, 0, 0, 0, 0, 0, 0, 
0, 0, 0, 0, 0, 0, 0, 0, 0, 0, 
0, 0, 0, 0, 0, 0, 0, 0, 0, 0, 
0, 0, 0, 0, 0, 0, 0, 0, 0, 0, 
0, 0, 0, 0, 0, 0, 0, 0, 0, 0, 
0, 0, 0, 0, 0, 0, 0, 0, 0, 0, 
0, 0, 0, 0, 0, 0, 0, 0, 0, 0, 
0, 0, 0, 0, 0, 0, 0, 0, 0, 0, 
0, 0, 0, 0, 0, 0, 0, 0, 0, 0, 
0, 0, 0, 0, 0, 0, 0, 0, 0, 0, 
0, 0, 0, 0, 0, 0, 0, 0, 0, 0, 
0, 0, 0, 0, 0, 0, 0, 0, 0, 0, 
0, 0, 0, 0, 0, 0, 0, 0, 0, 0, 
0, 0, 0, 0, 0, 0, 0, 0, 0, 0, 
0, 0, 0, 0, 0, 0, 0, 0, 0, 0, 
0, 0, 0, 0, 0, 0, 0, 0, 0, 0, 
0, 0, 0, 0, 0, 0, 0, 0, 0, 0, 
0, 0, 0, 0, 0, 0, 0, 0, 0, 0, 
0, 0, 0, 0, 0, 0, 0, 0, 0, 0, 
0, 0, 0, 0, 0, 0, 0, 0, 0, 0, 
0, 0, 0, 0, 0, 0, 0, 0, 0, 0, 
0, 0, 0, 0, 0, 0, 0, 0, 0, 0, 
0, 0, 0, 0, 0, 0, 0, 0, 0, 0, 
0, 0, 0, 0, 0, 0, 0, 0, 0, 0, 
0, 0, 0, 0, 0, 0, 0, 0, 0, 0, 
0, 0, 0, 0, 0, 0, 0, 0, 0, 0, 
0, 0, 0, 0, 0, 0, 0, 0, 0, 0, 
0, 0, 0, 0, 0, 0, 0, 0, 0, 0, 
0, 0, 0, 0, 0, 0, 0, 0, 0, 0, 
0, 0, 0, 0, 0, 0, 0, 0, 0, 0, 
0, 0, 0, 0, 0, 0, 0, 0, 0, 0, 
0, 0, 0, 0, 0, 0, 0, 0, 0, 0, 
0, 0, 0, 0, 0, 0, 0, 0, 0, 0, 
0, 0, 0, 0, 0, 0, 0, 0, 0, 0, 
0, 0, 0, 0, 0, 0, 0, 0, 0, 0, 
0, 0, 0, 0, 0, 0, 0, 0, 0, 0, 
0, 0, 0, 0, 0, 0, 0, 0, 0, 0, 
0, 0, 0, 0, 0, 0, 0, 0, 0, 0, 
0, 0, 0, 0, 0, 0, 0, 0, 0, 0, 
0, 0, 0, 0, 0, 0, 0, 0, 0, 0, 
0, 0, 0, 0, 0, 0, 0, 0, 0, 0, 
0, 0, 0, 0, 0, 0, 0, 0, 0, 0, 
0, 0, 0, 0, 0, 0, 0, 0, 0, 0, 
0, 0, 0, 0, 0, 0, 0, 0, 0, 0, 
0, 0, 0, 0, 0, 0, 0, 0, 0, 0, 
0, 0, 0, 0, 0, 0, 0, 0, 0, 0, 
0, 0, 0, 0, 0, 0, 0, 0, 0, 0, 
0, 0, 0, 0, 0, 0, 0, 0, 0, 0, 
0, 0, 0, 0, 0, 0, 0, 0, 0, 0, 
0, 0, 0, 0, 0, 0, 0, 0, 0, 0, 
0, 0, 0, 0, 0, 0, 0, 0, 0, 0, 
0, 0, 0, 0, 0, 0, 0, 0, 0, 0, 
0, 0, 0, 0, 0, 0, 0, 0, 0, 0, 
0, 0, 0, 0, 0, 0, 0, 0, 0, 0, 
0, 0, 0, 0, 0, 0, 0, 0, 0, 0, 
0, 0, 0, 0, 0, 0, 0, 0, 0, 0, 
0, 0, 0, 0, 0, 0, 0, 0, 0, 0, 
0, 0, 0, 0, 0, 0, 0, 0, 0, 0, 
0, 0, 0, 0, 0, 0, 0, 0, 0, 0, 
0, 0, 0, 0, 0, 0, 0, 0, 0, 0, 
0, 0, 0, 0, 0, 0, 0, 0, 0, 0, 
0, 0, 0, 0, 0, 0, 0, 0, 0, 0, 
0, 0, 0, 0, 0, 0, 0, 0, 0, 0, 
0, 0, 0, 0, 0, 0, 0, 0, 0, 0, 
0, 0, 0, 0, 0, 0, 0, 0, 0, 0, 
0, 0, 0, 0, 0, 0, 0, 0, 0, 0, 
0, 0, 0, 0, 0, 0, 0, 0, 0, 0, 
0, 0, 0, 0, 0, 0, 0, 0, 0, 0, 
0, 0, 0, 0, 0, 0, 0, 0, 0, 0, 
0, 0, 0, 0, 0, 0, 0, 0, 0, 0, 
0, 0, 0, 0, 0, 0, 0, 0, 0, 0, 
0, 0, 0, 0, 0, 0, 0, 0, 0, 0, 
0, 0, 0, 0, 0, 0, 0, 0, 0, 0, 
0, 0, 0, 0, 0, 0, 0, 0, 0, 0, 
0, 0, 0, 0, 0, 0, 0, 0, 0, 0, 
0, 0, 0, 0, 0, 0, 0, 0, 0, 0, 
0, 0, 0, 0, 0, 0, 0, 0, 0, 0, 
0, 0, 0, 0, 0, 0, 0, 0, 0, 0, 
0, 0, 0, 0, 0, 0, 0, 0, 0, 0, 
0, 0, 0, 0, 0, 0, 0, 0, 0, 0, 
0, 0, 0, 0, 0, 0, 0, 0, 0, 0, 
0, 0, 0, 0, 0, 0, 0, 0, 0, 0, 
0, 0, 0, 0, 0, 0, 0, 0, 0, 0, 
0, 0, 0, 0, 0, 0, 0, 0, 0, 0, 
0, 0, 0, 0, 0, 0, 0, 0, 0, 0, 
0, 0, 0, 0, 0, 0, 0, 0, 0, 0, 
0, 0, 0, 0, 0, 0, 0, 0, 0, 0, 
0, 0, 0, 0, 0, 0, 0, 0, 0, 0, 
0, 0, 0, 0, 0, 0, 0, 0, 0, 0, 
0, 0, 0, 0, 0, 0, 0, 0, 0, 0, 
0, 0, 0, 0, 0, 0, 0, 0, 0, 0, 
0, 0, 0, 0, 0, 0, 0, 0, 0, 0, 
0, 0, 0, 0, 0, 0, 0, 0, 0, 0, 
0, 0, 0, 0, 0, 0, 0, 0, 0, 0, 
0, 0, 0, 0, 0, 0, 0, 0, 0, 0, 
0, 0, 0, 0, 0, 0, 0, 0, 0, 0, 
0, 0, 0, 0, 0, 0, 0, 0, 0, 0, 
0, 0, 0, 0, 0, 0, 0, 0, 0, 0, 
0, 0, 0, 0, 0, 0, 0, 0, 0, 0, 
0, 0, 0, 0, 0, 0, 0, 0, 0, 0, 
0, 0, 0, 0, 0, 0, 0, 0, 0, 0, 
0, 0, 0, 0, 0, 0, 0, 0, 0, 0, 
0, 0, 0, 0, 0, 0, 0, 0, 0, 0, 
0, 0, 0, 0, 0, 0, 0, 0, 0, 0, 
0, 0, 0, 0, 0, 0, 0, 0, 0, 0, 
0, 0, 0, 0, 0, 0, 0, 0, 0, 0, 
0, 0, 0, 0, 0, 0, 0, 0, 0, 0, 
0, 0, 0, 0, 0, 0, 0, 0, 0, 0, 
0, 0, 0, 0, 0, 0, 0, 0, 0, 0, 
0, 0, 0, 0, 0, 0, 0, 0, 0, 0, 
0, 0, 0, 0, 0, 0, 0, 0, 0, 0, 
0, 0, 0, 0, 0, 0, 0, 0, 0, 0, 
0, 0, 0, 0, 0, 0, 0, 0, 0, 0, 
0, 0, 0, 0, 0, 0, 0, 0, 0, 0, 
0, 0, 0, 0, 0, 0, 0, 0, 0, 0, 
0, 0, 0, 0, 0, 0, 0, 0, 0, 0, 
0, 0, 0, 0, 0, 0, 0, 0, 0, 0, 
0, 0, 0, 0, 0, 0, 0, 0, 0, 0, 
0, 0, 0, 0, 0, 0, 0, 0, 0, 0, 
0, 0, 0, 0, 0, 0, 0, 0, 0, 0, 
0, 0, 0, 0, 0, 0, 0, 0, 0, 0, 
0, 0, 0, 0, 0, 0, 0, 0, 0, 0, 
0, 0, 0, 0, 0, 0, 0, 0, 0, 0, 
0, 0, 0, 0, 0, 0, 0, 0, 0, 0, 
0, 0, 0, 0, 0, 0, 0, 0, 0, 0, 
0, 0, 0, 0, 0, 0, 0, 0, 0, 0, 
0, 0, 0, 0, 0, 0, 0, 0, 0, 0, 
0, 0, 0, 0, 0, 0, 0, 0, 0, 0, 
0, 0, 0, 0, 0, 0, 0, 0, 0, 0, 
0, 0, 0, 0, 0, 0, 0, 0, 0, 0, 
0, 0, 0, 0, 0, 0, 0, 0, 0, 0, 
0, 0, 0, 0, 0, 0, 0, 0, 0, 0, 
0, 0, 0, 0, 0, 0, 0, 0, 0, 0, 
0, 0, 0, 0, 0, 0, 0, 0, 0, 0, 
0, 0, 0, 0, 0, 0, 0, 0, 0, 0, 
0, 0, 0, 0, 0, 0, 0, 0, 0, 0, 
0, 0, 0, 0, 0, 0, 0, 0, 0, 0, 
0, 0, 0, 0, 0, 0, 0, 0, 0, 0, 
0, 0, 0, 0, 0, 0, 0, 0, 0, 0, 
0, 0, 0, 0, 0, 0, 0, 0, 0, 0, 
0, 0, 0, 0, 0, 0, 0, 0, 0, 0, 
0, 0, 0, 0, 0, 0, 0, 0, 0, 0, 
0, 0, 0, 0, 0, 0, 0, 0, 0, 0, 
0, 0, 0, 0, 0, 0, 0, 0, 0, 0, 
0, 0, 0, 0, 0, 0, 0, 0, 0, 0, 
0, 0, 0, 0, 0, 0, 0, 0, 0, 0, 
0, 0, 0, 0, 0, 0, 0, 0, 0, 0, 
0, 0, 0, 0, 0, 0, 0, 0, 0, 0, 
0, 0, 0, 0, 0, 0, 0, 0, 0, 0, 
0, 0, 0, 0, 0, 0, 0, 0, 0, 0, 
0, 0, 0, 0, 0, 0, 0, 0, 0, 0, 
0, 0, 0, 0, 0, 0, 0, 0, 0, 0, 
0, 0, 0, 0, 0, 0, 0, 0, 0, 0, 
0, 0, 0, 0, 0, 0, 0, 0, 0, 0, 
0, 0, 0, 0, 0, 0, 0, 0, 0, 0, 
0, 0, 0, 0, 0, 0, 0, 0, 0, 0, 
0, 0, 0, 0, 0, 0, 0, 0, 0, 0, 
0, 0, 0, 0, 0, 0, 0, 0, 0, 0, 
0, 0, 0, 0, 0, 0, 0, 0, 0, 0, 
0, 0, 0, 0, 0, 0, 0, 0, 0, 0, 
0, 0, 0, 0, 0, 0, 0, 0, 0, 0, 
0, 0, 0, 0, 0, 0, 0, 0, 0, 0, 
0, 0, 0, 0, 0, 0, 0, 0, 0, 0, 
0, 0, 0, 0, 0, 0, 0, 0, 0, 0, 
0, 0, 0, 0, 0, 0, 0, 0, 0, 0, 
0, 0, 0, 0, 0, 0, 0, 0, 0, 0, 
0, 0, 0, 0, 0, 0, 0, 0, 0, 0, 
0, 0, 0, 0, 0, 0, 0, 0, 0, 0, 
0, 0, 0, 0, 0, 0, 0, 0, 0, 0, 
0, 0, 0, 0, 0, 0, 0, 0, 0, 0, 
0, 0, 0, 0, 0, 0, 0, 0, 0, 0, 
0, 0, 0, 0, 0, 0, 0, 0, 0, 0, 
0, 0, 0, 0, 0, 0, 0, 0, 0, 0, 
0, 0, 0, 0, 0, 0, 0, 0, 0, 0, 
0, 0, 0, 0, 0, 0, 0, 0, 0, 0, 
0, 0, 0, 0, 0, 0, 0, 0, 0, 0, 
0, 0, 0, 0, 0, 0, 0, 0, 0, 0, 
0, 0, 0, 0, 0, 0, 0, 0, 0, 0, 
0, 0, 0, 0, 0, 0, 0, 0, 0, 0, 
0, 0, 0, 0, 0, 0, 0, 0, 0, 0, 
0, 0, 0, 0, 0, 0, 0, 0, 0, 0, 
0, 0, 0, 0, 0, 0, 0, 0, 0, 0, 
0, 0, 0, 0, 0, 0, 0, 0, 0, 0, 
0, 0, 0, 0, 0, 0, 0, 0, 0, 0, 
0, 0, 0, 0, 0, 0, 0, 0, 0, 0, 
0, 0, 0, 0, 0, 0, 0, 0, 0, 0, 
0, 0, 0, 0, 0, 0, 0, 0, 0, 0, 
0, 0, 0, 0, 0, 0, 0, 0, 0, 0, 
0, 0, 0, 0, 0, 0, 0, 0, 0, 0, 
0, 0, 0, 0, 0, 0, 0, 0, 0, 0, 
0, 0, 0, 0, 0, 0, 0, 0, 0, 0, 
0, 0, 0, 0, 0, 0, 0, 0, 0, 0, 
0, 0, 0, 0, 0, 0, 0, 0, 0, 0, 
0, 0, 0, 0, 0, 0, 0, 0, 0, 0, 
0, 0, 0, 0, 0, 0, 0, 0, 0, 0, 
0, 0, 0, 0, 0, 0, 0, 0, 0, 0, 
0, 0, 0, 0, 0, 0, 0, 0, 0, 0, 
0, 0, 0, 0, 0, 0, 0, 0, 0, 0, 
0, 0, 0, 0, 0, 0, 0, 0, 0, 0, 
0, 0, 0, 0, 0, 0, 0, 0, 0, 0, 
0, 0, 0, 0, 0, 0, 0, 0, 0, 0, 
0, 0, 0, 0, 0, 0, 0, 0, 0, 0, 
0, 0, 0, 0, 0, 0, 0, 0, 0, 0, 
0, 0, 0, 0, 0, 0, 0, 0, 0, 0, 
0, 0, 0, 0, 0, 0, 0, 0, 0, 0, 
0, 0, 0, 0, 0, 0, 0, 0, 0, 0, 
0, 0, 0, 0, 0, 0, 0, 0, 0, 0, 
0, 0, 0, 0, 0, 0, 0, 0, 0, 0, 
0, 0, 0, 0, 0, 0, 0, 0, 0, 0, 
0, 0, 0, 0, 0, 0, 0, 0, 0, 0, 
0, 0, 0, 0, 0, 0, 0, 0, 0, 0, 
0, 0, 0, 0, 0, 0, 0, 0, 0, 0, 
0, 0, 0, 0, 0, 0, 0, 0, 0, 0, 
0, 0, 0, 0, 0, 0, 0, 0, 0, 0, 
0, 0, 0, 0, 0, 0, 0, 0, 0, 0, 
0, 0, 0, 0, 0, 0, 0, 0, 0, 0, 
0, 0, 0, 0, 0, 0, 0, 0, 0, 0, 
0, 0, 0, 0, 0, 0, 0, 0, 0, 0, 
0, 0, 0, 0, 0, 0, 0, 0, 0, 0, 
0, 0, 0, 0, 0, 0, 0, 0, 0, 0, 
0, 0, 0, 0, 0, 0, 0, 0, 0, 0, 
0, 0, 0, 0, 0, 0, 0, 0, 0, 0, 
0, 0, 0, 0, 0, 0, 0, 0, 0, 0, 
0, 0, 0, 0, 0, 0, 0, 0, 0, 0, 
0, 0, 0, 0, 0, 0, 0, 0, 0, 0, 
0, 0, 0, 0, 0, 0, 0, 0, 0, 0, 
0, 0, 0, 0, 0, 0, 0, 0, 0, 0, 
0, 0, 0, 0, 0, 0, 0, 0, 0, 0, 
0, 0, 0, 0, 0, 0, 0, 0, 0, 0, 
0, 0, 0, 0, 0, 0, 0, 0, 0, 0, 
0, 0, 0, 0, 0, 0, 0, 0, 0, 0, 
0, 0, 0, 0, 0, 0, 0, 0, 0, 0, 
0, 0, 0, 0, 0, 0, 0, 0, 0, 0, 
0, 0, 0, 0, 0, 0, 0, 0, 0, 0, 
0, 0, 0, 0, 0, 0, 0, 0, 0, 0, 
0, 0, 0, 0, 0, 0, 0, 0, 0, 0, 
0, 0, 0, 0, 0, 0, 0, 0, 0, 0, 
0, 0, 0, 0, 0, 0, 0, 0, 0, 0, 
0, 0, 0, 0, 0, 0, 0, 0, 0, 0, 
0, 0, 0, 0, 0, 0, 0, 0, 0, 0, 
0, 0, 0, 0, 0, 0, 0, 0, 0, 0, 
0, 0, 0, 0, 0, 0, 0, 0, 0, 0, 
0, 0, 0, 0, 0, 0, 0, 0, 0, 0, 
0, 0, 0, 0, 0, 0, 0, 0, 0, 0, 
0, 0, 0, 0, 0, 0, 0, 0, 0, 0, 
0, 0, 0, 0, 0, 0, 0, 0, 0, 0, 
0, 0, 0, 0, 0, 0, 0, 0, 0, 0, 
0, 0, 0, 0, 0, 0, 0, 0, 0, 0, 
0, 0, 0, 0, 0, 0, 0, 0, 0, 0, 
0, 0, 0, 0, 0, 0, 0, 0, 0, 0, 
0, 0, 0, 0, 0, 0, 0, 0, 0, 0, 
0, 0, 0, 0, 0, 0, 0, 0, 0, 0, 
0, 0, 0, 0, 0, 0, 0, 0, 0, 0, 
0, 0, 0, 0, 0, 0, 0, 0, 0, 0, 
0, 0, 0, 0, 0, 0, 0, 0, 0, 0, 
0, 0, 0, 0, 0, 0, 0, 0, 0, 0, 
0, 0, 0, 0, 0, 0, 0, 0, 0, 0, 
0, 0, 0, 0, 0, 0, 0, 0, 0, 0, 
0, 0, 0, 0, 0, 0, 0, 0, 0, 0, 
0, 0, 0, 0, 0, 0, 0, 0, 0, 0, 
0, 0, 0, 0, 0, 0, 0, 0, 0, 0, 
0, 0, 0, 0, 0, 0, 0, 0, 0, 0, 
0, 0, 0, 0, 0, 0, 0, 0, 0, 0, 
0, 0, 0, 0, 0, 0, 0, 0, 0, 0, 
0, 0, 0, 0, 0, 0, 0, 0, 0, 0, 
0, 0, 0, 0, 0, 0, 0, 0, 0, 0, 
0, 0, 0, 0, 0, 0, 0, 0, 0, 0, 
0, 0, 0, 0, 0, 0, 0, 0, 0, 0, 
0, 0, 0, 0, 0, 0, 0, 0, 0, 0, 
0, 0, 0, 0, 0, 0, 0, 0, 0, 0, 
0, 0, 0, 0, 0, 0, 0, 0, 0, 0, 
0, 0, 0, 0, 0, 0, 0, 0, 0, 0, 
0, 0, 0, 0, 0, 0, 0, 0, 0, 0, 
0, 0, 0, 0, 0, 0, 0, 0, 0, 0, 
0, 0, 0, 0, 0, 0, 0, 0, 0, 0, 
0, 0, 0, 0, 0, 0, 0, 0, 0, 0, 
0, 0, 0, 0, 0, 0, 0, 0, 0, 0, 
0, 0, 0, 0, 0, 0, 0, 0, 0, 0, 
0, 0, 0, 0, 0, 0, 0, 0, 0, 0, 
0, 0, 0, 0, 0, 0, 0, 0, 0, 0, 
0, 0, 0, 0, 0, 0, 0, 0, 0, 0, 
0, 0, 0, 0, 0, 0, 0, 0, 0, 0, 
0, 0, 0, 0, 0, 0, 0, 0, 0, 0, 
0, 0, 0, 0, 0, 0, 0, 0, 0, 0, 
0, 0, 0, 0, 0, 0, 0, 0, 0, 0, 
0, 0, 0, 0, 0, 0, 0, 0, 0, 0, 
0, 0, 0, 0, 0, 0, 0, 0, 0, 0, 
0, 0, 0, 0, 0, 0, 0, 0, 0, 0, 
0, 0, 0, 0, 0, 0, 0, 0, 0, 0, 
0, 0, 0, 0, 0, 0, 0, 0, 0, 0, 
0, 0, 0, 0, 0, 0, 0, 0, 0, 0, 
0, 0, 0, 0, 0, 0, 0, 0, 0, 0, 
0, 0, 0, 0, 0, 0, 0, 0, 0, 0, 
0, 0, 0, 0, 0, 0, 0, 0, 0, 0, 
0, 0, 0, 0, 0, 0, 0, 0, 0, 0, 
0, 0, 0, 0, 0, 0, 0, 0, 0, 0, 
0, 0, 0, 0, 0, 0, 0, 0, 0, 0, 
0, 0, 0, 0, 0, 0, 0, 0, 0, 0, 
0, 0, 0, 0, 0, 0, 0, 0, 0, 0, 
0, 0, 0, 0, 0, 0, 0, 0, 0, 0, 
0, 0, 0, 0, 0, 0, 0, 0, 0, 0, 
0, 0, 0, 0, 0, 0, 0, 0, 0, 0, 
0, 0, 0, 0, 0, 0, 0, 0, 0, 0, 
0, 0, 0, 0, 0, 0, 0, 0, 0, 0, 
0, 0, 0, 0, 0, 0, 0, 0, 0, 0, 
0, 0, 0, 0, 0, 0, 0, 0, 0, 0, 
0, 0, 0, 0, 0, 0, 0, 0, 0, 0, 
0, 0, 0, 0, 0, 0, 0, 0, 0, 0, 
0, 0, 0, 0, 0, 0, 0, 0, 0, 0, 
0, 0, 0, 0, 0, 0, 0, 0, 0, 0, 
0, 0, 0, 0, 0, 0, 0, 0, 0, 0, 
0, 0, 0, 0, 0, 0, 0, 0, 0, 0, 
0, 0, 0, 0, 0, 0, 0, 0, 0, 0, 
0, 0, 0, 0, 0, 0, 0, 0, 0, 0, 
0, 0, 0, 0, 0, 0, 0, 0, 0, 0, 
0, 0, 0, 0, 0, 0, 0, 0, 0, 0, 
0, 0, 0, 0, 0, 0, 0, 0, 0, 0, 
0, 0, 0, 0, 0, 0, 0, 0, 0, 0, 
0, 0, 0, 0, 0, 0, 0, 0, 0, 0, 
0, 0, 0, 0, 0, 0, 0, 0, 0, 0, 
0, 0, 0, 0, 0, 0, 0, 0, 0, 0, 
0, 0, 0, 0, 0, 0, 0, 0, 0, 0, 
0, 0, 0, 0, 0, 0, 0, 0, 0, 0, 
0, 0, 0, 0, 0, 0, 0, 0, 0, 0, 
0, 0, 0, 0, 0, 0, 0, 0, 0, 0, 
0, 0, 0, 0, 0, 0, 0, 0, 0, 0, 
0, 0, 0, 0, 0, 0, 0, 0, 0, 0, 
0, 0, 0, 0, 0, 0, 0, 0, 0, 0, 
0, 0, 0, 0, 0, 0, 0, 0, 0, 0, 
0, 0, 0, 0, 0, 0, 0, 0, 0, 0, 
0, 0, 0, 0, 0, 0, 0, 0, 0, 0, 
0, 0, 0, 0, 0, 0, 0, 0, 0, 0, 
0, 0, 0, 0, 0, 0, 0, 0, 0, 0, 
0, 0, 0, 0, 0, 0, 0, 0, 0, 0, 
0, 0, 0, 0, 0, 0, 0, 0, 0, 0, 
0, 0, 0, 0, 0, 0, 0, 0, 0, 0, 
0, 0, 0, 0, 0, 0, 0, 0, 0, 0, 
0, 0, 0, 0, 0, 0, 0, 0, 0, 0, 
0, 0, 0, 0, 0, 0, 0, 0, 0, 0, 
0, 0, 0, 0, 0, 0, 0, 0, 0, 0, 
0, 0, 0, 0, 0, 0, 0, 0, 0, 0, 
0, 0, 0, 0, 0, 0, 0, 0, 0, 0, 
0, 0, 0, 0, 0, 0, 0, 0, 0, 0, 
0, 0, 0, 0, 0, 0, 0, 0, 0, 0, 
0, 0, 0, 0, 0, 0, 0, 0, 0, 0, 
0, 0, 0, 0, 0, 0, 0, 0, 0, 0, 
0, 0, 0, 0, 0, 0, 0, 0, 0, 0, 
0, 0, 0, 0, 0, 0, 0, 0, 0, 0, 
0, 0, 0, 0, 0, 0, 0, 0, 0, 0, 
0, 0, 0, 0, 0, 0, 0, 0, 0, 0, 
0, 0, 0, 0, 0, 0, 0, 0, 0, 0, 
0, 0, 0, 0, 0, 0, 0, 0, 0, 0, 
0, 0, 0, 0, 0, 0, 0, 0, 0, 0, 
0, 0, 0, 0, 0, 0, 0, 0, 0, 0, 
0, 0, 0, 0, 0, 0, 0, 0, 0, 0, 
0, 0, 0, 0, 0, 0, 0, 0, 0, 0, 
0, 0, 0, 0, 0, 0, 0, 0, 0, 0, 
0, 0, 0, 0, 0, 0, 0, 0, 0, 0, 
0, 0, 0, 0, 0, 0, 0, 0, 0, 0, 
0, 0, 0, 0, 0, 0, 0, 0, 0, 0, 
0, 0, 0, 0, 0, 0, 0, 0, 0, 0, 
0, 0, 0, 0, 0, 0, 0, 0, 0, 0, 
0, 0, 0, 0, 0, 0, 0, 0, 0, 0, 
0, 0, 0, 0, 0, 0, 0, 0, 0, 0, 
0, 0, 0, 0, 0, 0, 0, 0, 0, 0, 
0, 0, 0, 0, 0, 0, 0, 0, 0, 0, 
0, 0, 0, 0, 0, 0, 0, 0, 0, 0, 
0, 0, 0, 0, 0, 0, 0, 0, 0, 0, 
0, 0, 0, 0, 0, 0, 0, 0, 0, 0, 
0, 0, 0, 0, 0, 0, 0, 0, 0, 0, 
0, 0, 0, 0, 0, 0, 0, 0, 0, 0, 
0, 0, 0, 0, 0, 0, 0, 0, 0, 0, 
0, 0, 0, 0, 0, 0, 0, 0, 0, 0, 
0, 0, 0, 0, 0, 0, 0, 0, 0, 0, 
0, 0, 0, 0, 0, 0, 0, 0, 0, 0, 
0, 0, 0, 0, 0, 0, 0, 0, 0, 0, 
0, 0, 0, 0, 0, 0, 0, 0, 0, 0, 
0, 0, 0, 0, 0, 0, 0, 0, 0, 0, 
0, 0, 0, 0, 0, 0, 0, 0, 0, 0, 
0, 0, 0, 0, 0, 0, 0, 0, 0, 0, 
0, 0, 0, 0, 0, 0, 0, 0, 0, 0, 
0, 0, 0, 0, 0, 0, 0, 0, 0, 0, 
0, 0, 0, 0, 0, 0, 0, 0, 0, 0, 
0, 0, 0, 0, 0, 0, 0, 0, 0, 0, 
0, 0, 0, 0, 0, 0, 0, 0, 0, 0, 
0, 0, 0, 0, 0, 0, 0, 0, 0, 0, 
0, 0, 0, 0, 0, 0, 0, 0, 0, 0, 
0, 0, 0, 0, 0, 0, 0, 0, 0, 0, 
0, 0, 0, 0, 0, 0, 0, 0, 0, 0, 
0, 0, 0, 0, 0, 0, 0, 0, 0, 0, 
0, 0, 0, 0, 0, 0, 0, 0, 0, 0, 
0, 0, 0, 0, 0, 0, 0, 0, 0, 0, 
0, 0, 0, 0, 0, 0, 0, 0, 0, 0, 
0, 0, 0, 0, 0, 0, 0, 0, 0, 0, 
0, 0, 0, 0, 0, 0, 0, 0, 0, 0, 
0, 0, 0, 0, 0, 0, 0, 0, 0, 0, 
0, 0, 0, 0, 0, 0, 0, 0, 0, 0, 
0, 0, 0, 0, 0, 0, 0, 0, 0, 0, 
0, 0, 0, 0, 0, 0, 0, 0, 0, 0, 
0, 0, 0, 0, 0, 0, 0, 0, 0, 0, 
0, 0, 0, 0, 0, 0, 0, 0, 0, 0, 
0, 0, 0, 0, 0, 0, 0, 0, 0, 0, 
0, 0, 0, 0, 0, 0, 0, 0, 0, 0, 
0, 0, 0, 0, 0, 0, 0, 0, 0, 0, 
0, 0, 0, 0, 0, 0, 0, 0, 0, 0, 
0, 0, 0, 0, 0, 0, 0, 0, 0, 0, 
0, 0, 0, 0, 0, 0, 0, 0, 0, 0, 
0, 0, 0, 0, 0, 0, 0, 0, 0, 0, 
0, 0, 0, 0, 0, 0, 0, 0, 0, 0, 
0, 0, 0, 0, 0, 0, 0, 0, 0, 0, 
0, 0, 0, 0, 0, 0, 0, 0, 0, 0, 
0, 0, 0, 0, 0, 0, 0, 0, 0, 0, 
0, 0, 0, 0, 0, 0, 0, 0, 0, 0, 
0, 0, 0, 0, 0, 0, 0, 0, 0, 0, 
0, 0, 0, 0, 0, 0, 0, 0, 0, 0, 
0, 0, 0, 0, 0, 0, 0, 0, 0, 0, 
0, 0, 0, 0, 0, 0, 0, 0, 0, 0, 
0, 0, 0, 0, 0, 0, 0, 0, 0, 0, 
0, 0, 0, 0, 0, 0, 0, 0, 0, 0, 
0, 0, 0, 0, 0, 0, 0, 0, 0, 0, 
0, 0, 0, 0, 0, 0, 0, 0, 0, 0, 
0, 0, 0, 0, 0, 0, 0, 0, 0, 0, 
0, 0, 0, 0, 0, 0, 0, 0, 0, 0, 
0, 0, 0, 0, 0, 0, 0, 0, 0, 0, 
0, 0, 0, 0, 0, 0, 0, 0, 0, 0, 
0, 0, 0, 0, 0, 0, 0, 0, 0, 0, 
0, 0, 0, 0, 0, 0, 0, 0, 0, 0, 
0, 0, 0, 0, 0, 0, 0, 0, 0, 0, 
0, 0, 0, 0, 0, 0, 0, 0, 0, 0, 
0, 0, 0, 0, 0, 0, 0, 0, 0, 0, 
0, 0, 0, 0, 0, 0, 0, 0, 0, 0, 
0, 0, 0, 0, 0, 0, 0, 0, 0, 0, 
0, 0, 0, 0, 0, 0, 0, 0, 0, 0, 
0, 0, 0, 0, 0, 0, 0, 0, 0, 0, 
0, 0, 0, 0, 0, 0, 0, 0, 0, 0, 
0, 0, 0, 0, 0, 0, 0, 0, 0, 0, 
0, 0, 0, 0, 0, 0, 0, 0, 0, 0, 
0, 0, 0, 0, 0, 0, 0, 0, 0, 0, 
0, 0, 0, 0, 0, 0, 0, 0, 0, 0, 
0, 0, 0, 0, 0, 0, 0, 0, 0, 0, 
0, 0, 0, 0, 0, 0, 0, 0, 0, 0, 
0, 0, 0, 0, 0, 0, 0, 0, 0, 0, 
0, 0, 0, 0, 0, 0, 0, 0, 0, 0, 
0, 0, 0, 0, 0, 0, 0, 0, 0, 0, 
0, 0, 0, 0, 0, 0, 0, 0, 0, 0, 
0, 0, 0, 0, 0, 0, 0, 0, 0, 0, 
0, 0, 0, 0, 0, 0, 0, 0, 0, 0, 
0, 0, 0, 0, 0, 0, 0, 0, 0, 0, 
0, 0, 0, 0, 0, 0, 0, 0, 0, 0, 
0, 0, 0, 0, 0, 0, 0, 0, 0, 0, 
0, 0, 0, 0, 0, 0, 0, 0, 0, 0, 
0, 0, 0, 0, 0, 0, 0, 0, 0, 0, 
0, 0, 0, 0, 0, 0, 0, 0, 0, 0, 
0, 0, 0, 0, 0, 0, 0, 0, 0, 0, 
0, 0, 0, 0, 0, 0, 0, 0, 0, 0, 
0, 0, 0, 0, 0, 0, 0, 0, 0, 0, 
0, 0, 0, 0, 0, 0, 0, 0, 0, 0, 
0, 0, 0, 0, 0, 0, 0, 0, 0, 0, 
0, 0, 0, 0, 0, 0, 0, 0, 0, 0, 
0, 0, 0, 0, 0, 0, 0, 0, 0, 0, 
0, 0, 0, 0, 0, 0, 0, 0, 0, 0, 
0, 0, 0, 0, 0, 0, 0, 0, 0, 0, 
0, 0, 0, 0, 0, 0, 0, 0, 0, 0, 
0, 0, 0, 0, 0, 0, 0, 0, 0, 0, 
0, 0, 0, 0, 0, 0, 0, 0, 0, 0, 
0, 0, 0, 0, 0, 0, 0, 0, 0, 0, 
0, 0, 0, 0, 0, 0, 0, 0, 0, 0, 
0, 0, 0, 0, 0, 0, 0, 0, 0, 0, 
0, 0, 0, 0, 0, 0, 0, 0, 0, 0, 
0, 0, 0, 0, 0, 0, 0, 0, 0, 0, 
0, 0, 0, 0, 0, 0, 0, 0, 0, 0, 
0, 0, 0, 0, 0, 0, 0, 0, 0, 0, 
0, 0, 0, 0, 0, 0, 0, 0, 0, 0, 
0, 0, 0, 0, 0, 0, 0, 0, 0, 0, 
0, 0, 0, 0, 0, 0, 0, 0, 0, 0, 
0, 0, 0, 0, 0, 0, 0, 0, 0, 0, 
0, 0, 0, 0, 0, 0, 0, 0, 0, 0, 
0, 0, 0, 0, 0, 0, 0, 0, 0, 0, 
0, 0, 0, 0, 0, 0, 0, 0, 0, 0, 
0, 0, 0, 0, 0, 0, 0, 0, 0, 0, 
0, 0, 0, 0, 0, 0, 0, 0, 0, 0, 
0, 0, 0, 0, 0, 0, 0, 0, 0, 0, 
0, 0, 0, 0, 0, 0, 0, 0, 0, 0, 
0, 0, 0, 0, 0, 0, 0, 0, 0, 0, 
0, 0, 0, 0, 0, 0, 0, 0, 0, 0, 
0, 0, 0, 0, 0, 0, 0, 0, 0, 0, 
0, 0, 0, 0, 0, 0, 0, 0, 0, 0, 
0, 0, 0, 0, 0, 0, 0, 0, 0, 0, 
0, 0, 0, 0, 0, 0, 0, 0, 0, 0, 
0, 0, 0, 0, 0, 0, 0, 0, 0, 0, 
0, 0, 0, 0, 0, 0, 0, 0, 0, 0, 
0, 0, 0, 0, 0, 0, 0, 0, 0, 0, 
0, 0, 0, 0, 0, 0, 0, 0, 0, 0, 
0, 0, 0, 0, 0, 0, 0, 0, 0, 0, 
0, 0, 0, 0, 0, 0, 0, 0, 0, 0, 
0, 0, 0, 0, 0, 0, 0, 0, 0, 0, 
0, 0, 0, 0, 0, 0, 0, 0, 0, 0, 
0, 0, 0, 0, 0, 0, 0, 0, 0, 0, 
0, 0, 0, 0, 0, 0, 0, 0, 0, 0, 
0, 0, 0, 0, 0, 0, 0, 0, 0, 0, 
0, 0, 0, 0, 0, 0, 0, 0, 0, 0, 
0, 0, 0, 0, 0, 0, 0, 0, 0, 0, 
0, 0, 0, 0, 0, 0, 0, 0, 0, 0, 
0, 0, 0, 0, 0, 0, 0, 0, 0, 0, 
0, 0, 0, 0, 0, 0, 0, 0, 0, 0, 
0, 0, 0, 0, 0, 0, 0, 0, 0, 0, 
0, 0, 0, 0, 0, 0, 0, 0, 0, 0, 
0, 0, 0, 0, 0, 0, 0, 0, 0, 0, 
0, 0, 0, 0, 0, 0, 0, 0, 0, 0, 
0, 0, 0, 0, 0, 0, 0, 0, 0, 0, 
0, 0, 0, 0, 0, 0, 0, 0, 0, 0, 
0, 0, 0, 0, 0, 0, 0, 0, 0, 0, 
0, 0, 0, 0, 0, 0, 0, 0, 0, 0, 
0, 0, 0, 0, 0, 0, 0, 0, 0, 0, 
0, 0, 0, 0, 0, 0, 0, 0, 0, 0, 
0, 0, 0, 0, 0, 0, 0, 0, 0, 0, 
0, 0, 0, 0, 0, 0, 0, 0, 0, 0, 
0, 0, 0, 0, 0, 0, 0, 0, 0, 0, 
0, 0, 0, 0, 0, 0, 0, 0, 0, 0, 
0, 0, 0, 0, 0, 0, 0, 0, 0, 0, 
0, 0, 0, 0, 0, 0, 0, 0, 0, 0, 
0, 0, 0, 0, 0, 0, 0, 0, 0, 0, 
0, 0, 0, 0, 0, 0, 0, 0, 0, 0, 
0, 0, 0, 0, 0, 0, 0, 0, 0, 0, 
0, 0, 0, 0, 0, 0, 0, 0, 0, 0, 
0, 0, 0, 0, 0, 0, 0, 0, 0, 0, 
0, 0, 0, 0, 0, 0, 0, 0, 0, 0, 
0, 0, 0, 0, 0, 0, 0, 0, 0, 0, 
0, 0, 0, 0, 0, 0, 0, 0, 0, 0, 
0, 0, 0, 0, 0, 0, 0, 0, 0, 0, 
0, 0, 0, 0, 0, 0, 0, 0, 0, 0, 
0, 0, 0, 0, 0, 0, 0, 0, 0, 0, 
0, 0, 0, 0, 0, 0, 0, 0, 0, 0, 
0, 0, 0, 0, 0, 0, 0, 0, 0, 0, 
0, 0, 0, 0, 0, 0, 0, 0, 0, 0, 
0, 0, 0, 0, 0, 0, 0, 0, 0, 0, 
0, 0, 0, 0, 0, 0, 0, 0, 0, 0, 
0, 0, 0, 0, 0, 0, 0, 0, 0, 0, 
0, 0, 0, 0, 0, 0, 0, 0, 0, 0, 
0, 0, 0, 0, 0, 0, 0, 0, 0, 0, 
0, 0, 0, 0, 0, 0, 0, 0, 0, 0, 
0, 0, 0, 0, 0, 0, 0, 0, 0, 0, 
0, 0, 0, 0, 0, 0, 0, 0, 0, 0, 
0, 0, 0, 0, 0, 0, 0, 0, 0, 0, 
0, 0, 0, 0, 0, 0, 0, 0, 0, 0, 
0, 0, 0, 0, 0, 0, 0, 0, 0, 0, 
0, 0, 0, 0, 0, 0, 0, 0, 0, 0, 
0, 0, 0, 0, 0, 0, 0, 0, 0, 0, 
0, 0, 0, 0, 0, 0, 0, 0, 0, 0, 
0, 0, 0, 0, 0, 0, 0, 0, 0, 0, 
0, 0, 0, 0, 0, 0, 0, 0, 0, 0, 
0, 0, 0, 0, 0, 0, 0, 0, 0, 0, 
0, 0, 0, 0, 0, 0, 0, 0, 0, 0, 
0, 0, 0, 0, 0, 0, 0, 0, 0, 0, 
0, 0, 0, 0, 0, 0, 0, 0, 0, 0, 
0, 0, 0, 0, 0, 0, 0, 0, 0, 0, 
0, 0, 0, 0, 0, 0, 0, 0, 0, 0, 
0, 0, 0, 0, 0, 0, 0, 0, 0, 0, 
0, 0, 0, 0, 0, 0, 0, 0, 0, 8, 
6, 7, 3, 0, 0, 0, 0, 0, 0, 2, 
22, 25, 20, 16, 14, 14, 17, 20, 18, 21, 
19, 16, 11, 7, 7, 3, 8, 24, 53, 67, 
77, 85, 84, 77, 71, 70, 65, 66, 70, 71, 
72, 57, 49, 50, 54, 65, 71, 88, 102, 111, 
117, 116, 108, 96, 97, 93, 100, 104, 116, 119, 
118, 122, 124, 133, 132, 131, 139, 142, 152, 149, 
145, 131, 128, 117, 117, 119, 119, 130, 145, 174, 
180, 182, 174, 170, 164, 162, 164, 165, 184, 184, 
203, 212, 215, 214, 210, 201, 192, 190, 184, 186, 
204, 218, 242, 255, 270, 265, 258, 256, 257, 263, 
259, 265, 270, 271, 271, 268, 262, 257, 261, 263, 
276, 284, 294, 295, 288, 281, 278, 284, 284, 284, 
293, 303, 316, 327, 329, 328, 327, 318, 322, 321, 
329, 327, 322, 320, 325, 321, 311, 302, 299, 305, 
315, 333, 345, 351, 359, 363, 362, 355, 352, 344, 
344, 347, 356, 372, 375, 372, 368, 367, 364, 366, 
371, 370, 379, 380, 380, 368, 356, 348, 348, 360, 
379, 391, 406, 423, 436, 443, 443, 438, 423, 422, 
416, 419, 416, 417, 409, 403, 401, 409, 420, 426, 
439, 459, 471, 485, 491, 494, 488, 489, 483, 488, 
482, 481, 483, 489, 505, 514, 515, 516, 522, 527, 
533, 538, 534, 531, 525, 521, 518, 517, 515, 524, 
545, 568, 580, 585, 589, 592, 587, 580, 582, 577, 
584, 589, 603, 605, 613, 606, 602, 601, 608, 624, 
636, 641, 648, 647, 644, 640, 630, 613, 609, 605, 
615, 624, 640, 664, 688, 718, 750, 765, 764, 753, 
740, 729, 721, 711, 705, 694, 689, 687, 682, 686, 
688, 696, 713, 734, 761, 775, 770, 754, 750, 744, 
750, 755, 761, 774, 783, 795, 805, 811, 807, 803, 
798, 801, 815, 810, 797, 785, 774, 770, 770, 781, 
800, 823, 850, 880, 891, 882, 865, 857, 861, 871, 
882, 888, 897, 909, 918, 921, 919, 908, 911, 906, 
912, 919, 929, 929, 927, 925, 931, 942, 954, 952, 
954, 961, 976, 998, 1020, 1034, 1044, 1052, 1056, 1057, 
1047, 1036, 1027, 1030, 1038, 1039, 1034, 1028, 1028, 1037, 
1052, 1068, 1084, 1107, 1109, 1115, 1104, 1087, 1064, 1048, 
1047, 1064, 1095, 1124, 1144, 1163, 1176, 1181, 1180, 1170, 
1157, 1145, 1138, 1130, 1119, 1118, 1101, 1093, 1092, 1099, 
1126, 1155, 1179, 1197, 1212, 1222, 1232, 1238, 1236, 1225, 
1221, 1222, 1222, 1220, 1215, 1223, 1228, 1250, 1265, 1273, 
1274, 1275, 1284, 1292, 1296, 1287, 1284, 1279, 1280, 1280, 
1284, 1290, 1294, 1308, 1334, 1366, 1398, 1415, 1417, 1414, 
1410, 1409, 1405, 1395, 1385, 1379, 1376, 1378, 1375, 1366, 
1371, 1388, 1420, 1444, 1464, 1468, 1470, 1462, 1459, 1456, 
1451, 1458, 1470, 1488, 1509, 1528, 1540, 1535, 1529, 1523, 
1525, 1532, 1527, 1511, 1493, 1486, 1482, 1487, 1493, 1504, 
1529, 1553, 1583, 1594, 1595, 1588, 1580, 1591, 1601, 1607, 
1606, 1614, 1618, 1624, 1627, 1622, 1615, 1609, 1612, 1623, 
1630, 1643, 1644, 1646, 1652, 1671, 1683, 1686, 1681, 1678, 
1677, 1683, 1692, 1697, 1704, 1717, 1735, 1748, 1759, 1773, 
1781, 1782, 1784, 1790, 1800, 1796, 1791, 1778, 1778, 1781, 
1793, 1809, 1820, 1836, 1844, 1852, 1846, 1837, 1820, 1802, 
1799, 1811, 1850, 1881, 1907, 1920, 1932, 1940, 1943, 1940, 
1935, 1924, 1918, 1910, 1903, 1896, 1890, 1876, 1870, 1873, 
1894, 1924, 1949, 1967, 1973, 1980, 1983, 1981, 1976, 1964, 
1967, 1966, 1977, 1982, 1991, 1998, 1999, 2008, 2015, 2035, 
2043, 2044, 2036, 2028, 2025, 2020, 2021, 2018, 2023, 2023, 
2040, 2048, 2062, 2073, 2611, 2602, 2595, 2600, 2604, 2615, 
2623, 2639, 2646, 2652, 2659, 2665, 2679, 2687, 2694, 2692, 
2686, 2685, 2692, 2700, 2716, 2720, 2718, 2718, 2712, 2710, 
2703, 2700, 2700, 2689, 2694, 2703, 2718, 2745, 2755, 2760, 
2759, 2752, 2745, 2742, 2739, 2739, 2737, 2741, 2750, 2764, 
2776, 2784, 2793, 2787, 2792, 2795, 2811, 2840, 2864, 2887, 
2895, 2895, 2892, 2879, 2864, 2848, 2835, 2840, 2849, 2870, 
2891, 2912, 2934, 2931, 2929, 2915, 2912, 2908, 2903, 2897, 
2896, 2907, 2924, 2950, 2971, 2981, 2984, 2985, 2979, 2975, 
2963, 2953, 2937, 2925, 2920, 2916, 2938, 2953, 2966, 2972, 
2984, 3004, 3026, 3056, 3084, 3099, 3110, 3102, 3087, 3065, 
3045, 3025, 3008, 3003, 3009, 3024, 3049, 3076, 3091, 3093, 
3090, 3083, 3078, 3084, 3088, 3091, 3107, 3116, 3129, 3132, 
3134, 3129, 3115, 3103, 3095, 3094, 3107, 3120, 3126, 3128, 
3128, 3137, 3150, 3171, 3187, 3210, 3231, 3249, 3259, 3256, 
3247, 3224, 3196, 3174, 3164, 3181, 3213, 3243, 3262, 3273, 
3278, 3278, 3271, 3264, 3244, 3231, 3223, 3223, 3235, 3250, 
3272, 3294, 3304, 3310, 3312, 3320, 3324, 3320, 3311, 3302, 
3299, 3300, 3312, 3328, 3337, 3343, 3347, 3334, 3324, 3312, 
3308, 3303, 3310, 3318, 3340, 3379, 3409, 3425, 3428, 3420, 
3408, 3395, 3384, 3375, 3367, 3375, 3379, 3385, 3391, 3395, 
3399, 3391, 3388, 3387, 3395, 3409, 3435, 3449, 3454, 3463, 
3475, 3487, 3500, 3508, 3512, 3507, 3500, 3484, 3472, 3462, 
3458, 3457, 3457, 3472, 3487, 3523, 3547, 3559, 3556, 3540, 
3528, 3521, 3520, 3527, 3534, 3544, 3559, 3572, 3587, 3591, 
3595, 3584, 3564, 3545, 3543, 3552, 3571, 3599, 3624, 3644, 
3663, 3673, 3678, 3663, 3647, 3624, 3608, 3601, 3609, 3623, 
3638, 3654, 3657, 3652, 3644, 3636, 3635, 3647, 3655, 3664, 
3672, 3681, 3692, 3705, 3710, 3708, 3700, 3696, 3692, 3696, 
3699, 3697, 3700, 3708, 3725, 3748, 3767, 3776, 3769, 3755, 
3743, 3743, 3744, 3755, 3758, 3765, 3775, 3782, 3785, 3782, 
3767, 3753, 3750, 3758, 3776, 3800, 3804, 3808, 3811, 3811, 
3815, 3817, 3825, 3827, 3833, 3847, 3863, 3879, 3884, 3884, 
3886, 3894, 3913, 3923, 3928, 3920, 3911, 3907, 3904, 3902, 
3900, 3900, 3896, 3897, 3911, 3923, 3928, 3942, 3955, 3948, 
3945, 3943, 3942, 3951, 3956, 3956, 3953, 3950, 3948, 3950, 
3956, 3961, 3966, 3975, 3983, 3996, 4009, 4022, 4033, 4028, 
4022, 4011, 4007, 4019, 4030, 4035, 4040, 4035, 4035, 4043, 
4044, 4044, 4032, 4028, 4024, 4024, 4028, 4028, 4036, 4036, 
4043, 4051, 4062, 4080, 4089, 4089, 4089, 4091, 4091, 4091, 
4091, 4091, 4091, 4091, 4089, 4089, 4089, 4088, 4088, 4088, 
4088, 4088, 4089, 4092, 4092, 4092, 4092, 4092, 4092, 4092, 
4092, 4092, 4092, 4092, 4092, 4092, 4092, 4092, 4092, 4092, 
4092, 4092, 4092, 4092, 4092, 4092, 4092, 4092, 4092, 4092, 
4092, 4092, 4092, 4092, 4092, 4092, 4092, 4092, 4092, 4092, 
4092, 4092, 4092, 4092, 4092, 4092, 4092, 4092, 4092, 4092, 
4092, 4092, 4092, 4092, 4092, 4092, 4092, 4092, 4092, 4092, 
4092, 4092, 4092, 4092, 4092, 4092, 4092, 4092, 4092, 4092, 
4092, 4092, 4092, 4092, 4092, 4092, 4092, 4092, 4092, 4092, 
4092, 4092, 4092, 4092, 4092, 4092, 4092, 4092, 4092, 4092, 
4092, 4092, 4092, 4092, 4092, 4092, 4092, 4092, 4092, 4092, 
4092, 4092, 4092, 4092, 4092, 4092, 4092, 4092, 4092, 4092, 
4092, 4092, 4092, 4092, 4092, 4092, 4092, 4092, 4092, 4092, 
4092, 4092, 4092, 4092, 4092, 4092, 4092, 4092, 4092, 4092, 
4092, 4092, 4092, 4092, 4092, 4092, 4092, 4092, 4092, 4092, 
4092, 4092, 4092, 4092, 4092, 4092, 4092, 4092, 4092, 4092, 
4092, 4092, 4092, 4092, 4092, 4092, 4092, 4092, 4092, 4092, 
4092, 4092, 4092, 4092, 4092, 4092, 4092, 4092, 4092, 4092, 
4092, 4092, 4092, 4092, 4092, 4092, 4092, 4092, 4092, 4092, 
4092, 4092, 4092, 4092, 4092, 4092, 4092, 4092, 4092, 4092, 
4092, 4092, 4092, 4092, 4092, 4092, 4092, 4092, 4092, 4092, 
4092, 4092, 4092, 4092, 4092, 4092, 4092, 4092, 4092, 4092, 
4092, 4092, 4092, 4092, 4092, 4092, 4092, 4092, 4092, 4092, 
4092, 4092, 4092, 4092, 4092, 4092, 4092, 4092, 4092, 4092, 
4092, 4092, 4092, 4092, 4092, 4092, 4092, 4092, 4092, 4092, 
4092, 4092, 4092, 4092, 4092, 4092, 4092, 4092, 4092, 4092, 
4092, 4092, 4092, 4092, 4092, 4092, 4092, 4092, 4092, 4092, 
4092, 4092, 4092, 4092, 4092, 4092, 4092, 4092, 4092, 4092, 
4092, 4092, 4092, 4092, 4092, 4092, 4092, 4092, 4092, 4092, 
4092, 4092, 4092, 4092, 4092, 4092, 4092, 4092, 4092, 4092, 
4092, 4092, 4092, 4092, 4092, 4092, 4092, 4092, 4092, 4092, 
4092, 4092, 4092, 4092, 4092, 4092, 4092, 4092, 4092, 4092, 
4092, 4092, 4092, 4092, 4092, 4092, 4092, 4092, 4092, 4092, 
4092, 4092, 4092, 4092, 4092, 4092, 4092, 4092, 4092, 4092, 
4092, 4092, 4092, 4092, 4092, 4092, 4092, 4092, 4092, 4092, 
4092, 4092, 4092, 4092, 4092, 4092, 4092, 4092, 4092, 4092, 
4092, 4092, 4092, 4092, 4092, 4092, 4092, 4092, 4092, 4092, 
4092, 4092, 4092, 4092, 4092, 4092, 4092, 4092, 4092, 4092, 
4092, 4092, 4092, 4092, 4092, 4092, 4092, 4092, 4092, 4092, 
4092, 4092, 4092, 4092, 4092, 4092, 4092, 4092, 4092, 4092, 
4092, 4092, 4092, 4092, 4092, 4092, 4092, 4092, 4092, 4092, 
4092, 4092, 4092, 4092, 4092, 4092, 4092, 4092, 4092, 4092, 
4092, 4092, 4092, 4092, 4092, 4092, 4092, 4092, 4092, 4092, 
4092, 4092, 4092, 4092, 4092, 4092, 4092, 4092, 4092, 4092, 
4092, 4092, 4092, 4092, 4092, 4092, 4092, 4092, 4092, 4092, 
4092, 4092, 4092, 4092, 4092, 4092, 4092, 4092, 4092, 4092, 
4092, 4092, 4092, 4092, 4092, 4092, 4092, 4092, 4092, 4092, 
4092, 4092, 4092, 4092, 4092, 4092, 4092, 4092, 4092, 4092, 
4092, 4092, 4092, 4092, 4092, 4092, 4092, 4092, 4092, 4092, 
4092, 4092, 4092, 4092, 4092, 4092, 4092, 4092, 4092, 4092, 
4092, 4092, 4092, 4092, 4092, 4092, 4092, 4092, 4092, 4092, 
4092, 4092, 4092, 4092, 4092, 4092, 4092, 4092, 4092, 4092, 
4092, 4092, 4092, 4092, 4092, 4092, 4092, 4092, 4092, 4092, 
4092, 4092, 4092, 4092, 4092, 4092, 4092, 4092, 4092, 4092, 
4092, 4092, 4092, 4092, 4092, 4092, 4092, 4092, 4092, 4092, 
4092, 4092, 4092, 4092, 4092, 4092, 4092, 4092, 4092, 4092, 
4092, 4092, 4092, 4092, 4092, 4092, 4092, 4092, 4092, 4092, 
4092, 4092, 4092, 4092, 4092, 4092, 4092, 4092, 4092, 4092, 
4092, 4092, 4092, 4092, 4092, 4092, 4092, 4092, 4092, 4092, 
4092, 4092, 4092, 4092, 4092, 4092, 4092, 4092, 4092, 4092, 
4092, 4092, 4092, 4092, 4092, 4092, 4092, 4092, 4092, 4092, 
4092, 4092, 4092, 4092, 4092, 4092, 4092, 4092, 4092, 4092, 
4092, 4092, 4092, 4092, 4092, 4092, 4092, 4092, 4092, 4092, 
4092, 4092, 4092, 4092, 4092, 4092, 4092, 4092, 4092, 4092, 
4092, 4092, 4092, 4092, 4092, 4092, 4092, 4092, 4092, 4092, 
4092, 4092, 4092, 4092, 4092, 4092, 4092, 4092, 4092, 4092, 
4092, 4092, 4092, 4092, 4092, 4092, 4092, 4092, 4092, 4092, 
4092, 4092, 4092, 4092, 4092, 4092, 4092, 4092, 4092, 4092, 
4092, 4092, 4092, 4092, 4092, 4092, 4092, 4092, 4092, 4092, 
4092, 4092, 4092, 4092, 4092, 4092, 4092, 4092, 4092, 4092, 
4092, 4092, 4092, 4092, 4092, 4092, 4092, 4092, 4092, 4092, 
4092, 4092, 4092, 4092, 4092, 4092, 4092, 4092, 4092, 4092, 
4092, 4092, 4092, 4092, 4092, 4092, 4092, 4092, 4092, 4092, 
4092, 4092, 4092, 4092, 4092, 4092, 4092, 4092, 4092, 4092, 
4092, 4092, 4092, 4092, 4092, 4092, 4092, 4092, 4092, 4092, 
4092, 4092, 4092, 4092, 4092, 4092, 4092, 4092, 4092, 4092, 
4092, 4092, 4092, 4092, 4092, 4092, 4092, 4092, 4092, 4092, 
4092, 4092, 4092, 4092, 4092, 4092, 4092, 4092, 4092, 4092, 
4092, 4092, 4092, 4092, 4092, 4092, 4092, 4092, 4092, 4092, 
4092, 4092, 4092, 4092, 4092, 4092, 4092, 4092, 4092, 4092, 
4092, 4092, 4092, 4092, 4092, 4092, 4092, 4092, 4092, 4092, 
4092, 4092, 4092, 4092, 4092, 4092, 4092, 4092, 4092, 4092, 
4092, 4092, 4092, 4092, 4092, 4092, 4092, 4092, 4092, 4092, 
4092, 4092, 4092, 4092, 4092, 4092, 4092, 4092, 4092, 4092, 
4092, 4092, 4092, 4092, 4092, 4092, 4092, 4092, 4092, 4092, 
4092, 4092, 4092, 4092, 4092, 4092, 4092, 4092, 4092, 4092, 
4092, 4092, 4092, 4092, 4092, 4092, 4092, 4092, 4092, 4092, 
4092, 4092, 4092, 4092, 4092, 4092, 4092, 4092, 4092, 4092, 
4092, 4092, 4092, 4092, 4092, 4092, 4092, 4092, 4092, 4092, 
4092, 4092, 4092, 4092, 4092, 4092, 4092, 4092, 4092, 4092, 
4092, 4092, 4092, 4092, 4092, 4092, 4092, 4092, 4092, 4092, 
4092, 4092, 4092, 4092, 4092, 4092, 4092, 4092, 4092, 4092, 
4092, 4092, 4092, 4092, 4092, 4092, 4092, 4092, 4092, 4092, 
4092, 4092, 4092, 4092, 4092, 4092, 4092, 4092, 4092, 4092, 
4092, 4092, 4092, 4092, 4092, 4092, 4092, 4092, 4092, 4092, 
4092, 4092, 4092, 4092, 4092, 4092, 4092, 4092, 4092, 4092, 
4092, 4092, 4092, 4092, 4092, 4092, 4092, 4092, 4092, 4092, 
4092, 4092, 4092, 4092, 4092, 4092, 4092, 4092, 4092, 4092, 
4092, 4092, 4092, 4092, 4092, 4092, 4092, 4092, 4092, 4092, 
4092, 4092, 4092, 4092, 4092, 4092, 4092, 4092, 4092, 4092, 
4092, 4092, 4092, 4092, 4092, 4092, 4092, 4092, 4092, 4092, 
4092, 4092, 4092, 4092, 4092, 4092, 4092, 4092, 4092, 4092, 
4092, 4092, 4092, 4092, 4092, 4092, 4092, 4092, 4092, 4092, 
4092, 4092, 4092, 4092, 4092, 4092, 4092, 4092, 4092, 4092, 
4092, 4092, 4092, 4092, 4092, 4092, 4092, 4092, 4092, 4092, 
4092, 4092, 4092, 4092, 4092, 4092, 4092, 4092, 4092, 4092, 
4092, 4092, 4092, 4092, 4092, 4092, 4092, 4092, 4092, 4092, 
4092, 4092, 4092, 4092, 4092, 4092, 4092, 4092, 4092, 4092, 
4092, 4092, 4092, 4092, 4092, 4092, 4092, 4092, 4092, 4092, 
4092, 4092, 4092, 4092, 4092, 4092, 4092, 4092, 4092, 4092, 
4092, 4092, 4092, 4092, 4092, 4092, 4092, 4092, 4092, 4092, 
4092, 4092, 4092, 4092, 4092, 4092, 4092, 4092, 4092, 4092, 
4092, 4092, 4092, 4092, 4092, 4092, 4092, 4092, 4092, 4092, 
4092, 4092, 4092, 4092, 4092, 4092, 4092, 4092, 4092, 4092, 
4092, 4092, 4092, 4092, 4092, 4092, 4092, 4092, 4092, 4092, 
4092, 4092, 4092, 4092, 4092, 4092, 4092, 4092, 4092, 4092, 
4092, 4092, 4092, 4092, 4092, 4092, 4092, 4092, 4092, 4092, 
4092, 4092, 4092, 4092, 4092, 4092, 4092, 4092, 4092, 4092, 
4092, 4092, 4092, 4092, 4092, 4092, 4092, 4092, 4092, 4092, 
4092, 4092, 4092, 4092, 4092, 4092, 4092, 4092, 4092, 4092, 
4092, 4092, 4092, 4092, 4092, 4092, 4092, 4092, 4092, 4092, 
4092, 4092, 4092, 4092, 4092, 4092, 4092, 4092, 4092, 4092, 
4092, 4092, 4092, 4092, 4092, 4092, 4092, 4092, 4092, 4092, 
4092, 4092, 4092, 4092, 4092, 4092, 4092, 4092, 4092, 4092, 
4092, 4092, 4092, 4092, 4092, 4092, 4092, 4092, 4092, 4092, 
4092, 4092, 4092, 4092, 4092, 4092, 4092, 4092, 4092, 4092, 
4092, 4092, 4092, 4092, 4092, 4092, 4092, 4092, 4092, 4092, 
4092, 4092, 4092, 4092, 4092, 4092, 4092, 4092, 4092, 4092, 
4092, 4092, 4092, 4092, 4092, 4092, 4092, 4092, 4092, 4092, 
4092, 4092, 4092, 4092, 4092, 4092, 4092, 4092, 4092, 4092, 
4092, 4092, 4092, 4092, 4092, 4092, 4092, 4092, 4092, 4092, 
4092, 4092, 4092, 4092, 4092, 4092, 4092, 4092, 4092, 4092, 
4092, 4092, 4092, 4092, 4092, 4092, 4092, 4092, 4092, 4092, 
4092, 4092, 4092, 4092, 4092, 4092, 4092, 4092, 4092, 4092, 
4092, 4092, 4092, 4092, 4092, 4092, 4092, 4092, 4092, 4092, 
4092, 4092, 4092, 4092, 4092, 4092, 4092, 4092, 4092, 4092, 
4092, 4092, 4092, 4092, 4092, 4092, 4092, 4092, 4092, 4092, 
4092, 4092, 4092, 4092, 4092, 4092, 4092, 4092, 4092, 4092, 
4092, 4092, 4092, 4092, 4092, 4092, 4092, 4092, 4092, 4092, 
4092, 4092, 4092, 4092, 4092, 4092, 4092, 4092, 4092, 4092, 
4092, 4092, 4092, 4092, 4092, 4092, 4092, 4092, 4092, 4092, 
4092, 4092, 4092, 4092, 4092, 4092, 4092, 4092, 4092, 4092, 
4092, 4092, 4092, 4092, 4092, 4092, 4092, 4092, 4092, 4092, 
4092, 4092, 4092, 4092, 4092, 4092, 4092, 4092, 4092, 4092, 
4092, 4092, 4092, 4092, 4092, 4092, 4092, 4092, 4092, 4092, 
4092, 4092, 4092, 4092, 4092, 4092, 4092, 4092, 4092, 4092, 
4092, 4092, 4092, 4092, 4092, 4092, 4092, 4092, 4092, 4092, 
4092, 4092, 4092, 4092, 4092, 4092, 4092, 4092, 4092, 4092, 
4092, 4092, 4092, 4092, 4092, 4092, 4092, 4092, 4092, 4092, 
4092, 4092, 4092, 4092, 4092, 4092, 4092, 4092, 4092, 4092, 
4092, 4092, 4092, 4092, 4092, 4092, 4092, 4092, 4092, 4092, 
4092, 4092, 4092, 4092, 4092, 4092, 4092, 4092, 4092, 4092, 
4092, 4092, 4092, 4092, 4092, 4092, 4092, 4092, 4092, 4092, 
4092, 4092, 4092, 4092, 4092, 4092, 4092, 4092, 4092, 4092, 
4092, 4092, 4092, 4092, 4092, 4092, 4092, 4092, 4092, 4092, 
4092, 4092, 4092, 4092, 4092, 4092, 4092, 4092, 4092, 4092, 
4092, 4092, 4092, 4092, 4092, 4092, 4092, 4092, 4092, 4092, 
4092, 4092, 4092, 4092, 4092, 4092, 4092, 4092, 4092, 4092, 
4092, 4092, 4092, 4092, 4092, 4092, 4092, 4092, 4092, 4092, 
4092, 4092, 4092, 4092, 4092, 4092, 4092, 4092, 4092, 4092, 
4092, 4092, 4092, 4092, 4092, 4092, 4092, 4092, 4092, 4092, 
4092, 4092, 4092, 4092, 4092, 4092, 4092, 4092, 4092, 4092, 
4092, 4092, 4092, 4092, 4092, 4092, 4092, 4092, 4092, 4092, 
4092, 4092, 4092, 4092, 4092, 4092, 4092, 4092, 4092, 4092, 
4092, 4092, 4092, 4092, 4092, 4092, 4092, 4092, 4092, 4092, 
4092, 4092, 4092, 4092, 4092, 4092, 4092, 4092, 4092, 4092, 
4092, 4092, 4092, 4092, 4092, 4092, 4092, 4092, 4092, 4092, 
4092, 4092, 4092, 4092, 4092, 4092, 4092, 4092, 4092, 4092, 
4092, 4092, 4092, 4092, 4092, 4092, 4092, 4092, 4092, 4092, 
4092, 4092, 4092, 4092, 4092, 4092, 4092, 4092, 4092, 4092, 
4092, 4092, 4092, 4092, 4092, 4092, 4092, 4092, 4092, 4092, 
4092, 4092, 4092, 4092, 4092, 4092, 4092, 4092, 4092, 4092, 
4092, 4092, 4092, 4092, 4092, 4092, 4092, 4092, 4092, 4092, 
4092, 4092, 4092, 4092, 4092, 4092, 4092, 4092, 4092, 4092, 
4092, 4092, 4092, 4092, 4092, 4092, 4092, 4092, 4092, 4092, 
4092, 4092, 4092, 4092, 4092, 4092, 4092, 4092, 4092, 4092, 
4092, 4092, 4092, 4092, 4092, 4092, 4092, 4092, 4092, 4092, 
4092, 4092, 4092, 4092, 4092, 4092, 4092, 4092, 4092, 4092, 
4092, 4092, 4092, 4092, 4092, 4092, 4092, 4092, 4092, 4092, 
4092, 4092, 4092, 4092, 4092, 4092, 4092, 4092, 4092, 4092, 
4092, 4092, 4092, 4092, 4092, 4092, 4092, 4092, 4092, 4092, 
4092, 4092, 4092, 4092, 4092, 4092, 4092, 4092, 4092, 4092, 
4092, 4092, 4092, 4092, 4092, 4092, 4092, 4092, 4092, 4092, 
4092, 4092, 4092, 4092, 4092, 4092, 4092, 4092, 4092, 4092, 
4092, 4092, 4092, 4092, 4092, 4092, 4092, 4092, 4092, 4092, 
4092, 4092, 4092, 4092, 4092, 4092, 4092, 4092, 4092, 4092, 
4092, 4092, 4092, 4092, 4092, 4092, 4092, 4092, 4092, 4092, 
4092, 4092, 4092, 4092, 4092, 4092, 4092, 4092, 4092, 4092, 
4092, 4092, 4092, 4092, 4092, 4092, 4092, 4092, 4092, 4092, 
4092, 4092, 4092, 4092, 4092, 4092, 4092, 4092, 4092, 4092, 
4092, 4092, 4092, 4092, 4092, 4092, 4092, 4092, 4092, 4092, 
4092, 4092, 4092, 4092, 4092, 4092, 4092, 4092, 4092, 4092, 
4092, 4092, 4092, 4092, 4092, 4092, 4092, 4092, 4092, 4092, 
4092, 4092, 4092, 4092, 4092, 4092, 4092, 4092, 4092, 4092, 
4092, 4092, 4092, 4092, 4092, 4092, 4092, 4092, 4092, 4092, 
4092, 4092, 4092, 4092, 4092, 4092, 4092, 4092, 4092, 4092, 
4092, 4092, 4092, 4092, 4092, 4092, 4092, 4092, 4092, 4092, 
4092, 4092, 4092, 4092, 4092, 4092, 4092, 4092, 4092, 4092, 
4092, 4092, 4092, 4092, 4092, 4092, 4092, 4092, 4092, 4092, 
4092, 4092, 4092, 4092, 4092, 4092, 4092, 4092, 4092, 4092, 
4092, 4092, 4092, 4092, 4092, 4092, 4092, 4092, 4092, 4092, 
4092, 4092, 4092, 4092, 4092, 4092, 4092, 4092, 4092, 4092, 
4092, 4092, 4092, 4092, 4092, 4092, 4092, 4092, 4092, 4092, 
4092, 4092, 4092, 4092, 4092, 4092, 4092, 4092, 4092, 4092, 
4092, 4092, 4092, 4092, 4092, 4092, 4092, 4092, 4092, 4092, 
4092, 4092, 4092, 4092, 4092, 4092, 4092, 4092, 4092, 4092, 
4092, 4092, 4092, 4092, 4092, 4092, 4092, 4092, 4092, 4092, 
4092, 4092, 4092, 4092, 4092, 4092, 4092, 4092, 4092, 4092, 
4092, 4092, 4092, 4092, 4092, 4092, 4092, 4092, 4092, 4092, 
4092, 4092, 4092, 4092, 4092, 4092, 4092, 4092, 4092, 4092, 
4092, 4092, 4092, 4092, 4092, 4092, 4092, 4092, 4092, 4092, 
4092, 4092, 4092, 4092, 4092, 4092, 4092, 4092, 4092, 4092, 
4092, 4092, 4092, 4092, 4092, 4092, 4092, 4092, 4092, 4092, 
4092, 4092, 4092, 4092, 4092, 4092, 4092, 4092, 4092, 4092, 
4092, 4092, 4092, 4092, 4092, 4092, 4092, 4092, 4092, 4092, 
4092, 4092, 4092, 4092, 4092, 4092, 4092, 4092, 4092, 4092, 
4092, 4092, 4092, 4092, 4092, 4092, 4092, 4092, 4092, 4092, 
4092, 4092, 4092, 4092, 4092, 4092, 4092, 4092, 4092, 4092, 
4092, 4092, 4092, 4092, 4092, 4092, 4092, 4092, 4092, 4092, 
4092, 4092, 4092, 4092, 4092, 4092, 4092, 4092, 4092, 4092, 
4092, 4092, 4092, 4092, 4092, 4092, 4092, 4092, 4092, 4092, 
4092, 4092, 4092, 4092, 4092, 4092, 4092, 4092, 4092, 4092, 
4092, 4092, 4092, 4092, 4092, 4092, 4092, 4092, 4092, 4092, 
4092, 4092, 4092, 4092, 4092, 4092, 4092, 4092, 4092, 4092, 
4092, 4092, 4092, 4092, 4092, 4092, 4092, 4092, 4092, 4092, 
4092, 4092, 4092, 4092, 4092, 4092, 4092, 4092, 4092, 4092, 
4092, 4092, 4092, 4092, 4092, 4092, 4092, 4092, 4092, 4092, 
4092, 4092, 4092, 4092, 4092, 4092, 4092, 4092, 4092, 4092, 
4092, 4092, 4092, 4092, 4092, 4092, 4092, 4092, 4092, 4092, 
4092, 4092, 4092, 4092, 4092, 4092, 4092, 4092, 4092, 4092, 
4092, 4092, 4092, 4092, 4092, 4092, 4092, 4092, 4092, 4092, 
4092, 4092, 4092, 4092, 4092, 4092, 4092, 4092, 4092, 4092, 
4092, 4092, 4092, 4092, 4092, 4092, 4092, 4092, 4092, 4092, 
4092, 4092, 4092, 4092, 4092, 4092, 4092, 4092, 4092, 4092, 
4092, 4092, 4092, 4092, 4092, 4092, 4092, 4092, 4092, 4092, 
4092, 4092, 4092, 4092, 4092, 4092, 4092, 4092, 4092, 4092, 
4092, 4092, 4092, 4092, 4092, 4092, 4092, 4092, 4092, 4092, 
4092, 4092, 4092, 4092, 4092, 4092, 4092, 4092, 4092, 4092, 
4092, 4092, 4092, 4092, 4092, 4092, 4092, 4092, 4092, 4092, 
4092, 4092, 4092, 4092, 4092, 4092, 4092, 4092, 4092, 4092, 
4092, 4092, 4092, 4092, 4092, 4092, 4092, 4092, 4092, 4092, 
4092, 4092, 4092, 4092, 4092, 4092, 4092, 4092, 4092, 4092, 
4092, 4092, 4092, 4092, 4092, 4092, 4092, 4092, 4092, 4092, 
4092, 4092, 4092, 4092, 4092, 4092, 4092, 4092, 4092, 4092, 
4092, 4092, 4092, 4092, 4092, 4092, 4092, 4092, 4092, 4092, 
4092, 4092, 4092, 4092, 4092, 4092, 4092, 4092, 4092, 4092, 
4092, 4092, 4092, 4092, 4092, 4092, 4092, 4092, 4092, 4092, 
4092, 4092, 4092, 4092, 4092, 4092, 4092, 4092, 4092, 4092, 
4092, 4092, 4092, 4092, 4092, 4092, 4092, 4092, 4092, 4092, 
4092, 4092, 4092, 4092, 4092, 4092, 4092, 4092, 4092, 4092, 
4092, 4092, 4092, 4092, 4092, 4092, 4092, 4092, 4092, 4092, 
4092, 4092, 4092, 4092, 4092, 4092, 4092, 4092, 4092, 4092, 
4092, 4092, 4092, 4092, 4092, 4092, 4092, 4092, 4092, 4092, 
4092, 4092, 4092, 4092, 4092, 4092, 4092, 4092, 4092, 4092, 
4092, 4092, 4092, 4092, 4092, 4092, 4092, 4092, 4092, 4092, 
4092, 4092, 4092, 4092, 4092, 4092, 4092, 4092, 4092, 4092, 
4092, 4092, 4092, 4092, 4092, 4092, 4092, 4092, 4092, 4092, 
4092, 4092, 4092, 4092, 4092, 4092, 4092, 4092, 4092, 4092, 
4092, 4092, 4092, 4092, 4092, 4092, 4092, 4092, 4092, 4092, 
4092, 4092, 4092, 4092, 4092, 4092, 4092, 4092, 4092, 4092, 
4092, 4092, 4092, 4092, 4092, 4092, 4092, 4092, 4092, 4092, 
4092, 4092, 4092, 4092, 4092, 4092, 4092, 4092, 4092, 4092, 
4092, 4092, 4092, 4092, 4092, 4092, 4092, 4092, 4092, 4092, 
4092, 4092, 4092, 4092, 4092, 4092, 4092, 4092, 4092, 4092, 
4092, 4092, 4092, 4092, 4092, 4092, 4092, 4092, 4092, 4092, 
4092, 4092, 4092, 4092, 4092, 4092, 4092, 4092, 4092, 4092, 
4092, 4092, 4092, 4092, 4092, 4092, 4092, 4092, 4092, 4092, 
4092, 4092, 4092, 4092, 4092, 4092, 4092, 4092, 4092, 4092, 
4092, 4092, 4092, 4092, 4092, 4092, 4092, 4092, 4092, 4092, 
4092, 4092, 4092, 4092, 4092, 4092, 4092, 4092, 4092, 4092, 
4092, 4092, 4092, 4092, 4092, 4092, 4092, 4092, 4092, 4092, 
4092, 4092, 4092, 4092, 4092, 4092, 4092, 4092, 4092, 4092, 
4092, 4092, 4092, 4092, 4092, 4092, 4092, 4092, 4092, 4092, 
4092, 4092, 4092, 4092, 4092, 4092, 4092, 4092, 4092, 4092, 
4092, 4092, 4092, 4092, 4092, 4092, 4092, 4092, 4092, 4092, 
4092, 4092, 4092, 4092, 4092, 4092, 4092, 4092, 4092, 4092, 
4092, 4092, 4092, 4092, 4092, 4092, 4092, 4092, 4092, 4092, 
4092, 4092, 4092, 4092, 4092, 4092, 4092, 4092, 4092, 4092, 
4092, 4092, 4092, 4092, 4092, 4092, 4092, 4092, 4092, 4092, 
4092, 4092, 4092, 4092, 4092, 4092, 4092, 4092, 4092, 4092, 
4092, 4092, 4092, 4092, 4092, 4092, 4092, 4092, 4092, 4092, 
4092, 4092, 4092, 4092, 4092, 4092, 4092, 4092, 4092, 4092, 
4092, 4092, 4092, 4092, 4092, 4092, 4092, 4092, 4092, 4092, 
4092, 4092, 4092, 4092, 4092, 4092, 4092, 4092, 4092, 4092, 
4092, 4092, 4092, 4092, 4092, 4092, 4092, 4092, 4092, 4092, 
4092, 4092, 4092, 4092, 4092, 4092, 4092, 4092, 4092, 4092, 
4092, 4092, 4092, 4092, 4092, 4092, 4092, 4092, 4092, 4092, 
4092, 4092, 4092, 4092, 4092, 4092, 4092, 4092, 4092, 4092, 
4092, 4092, 4092, 4092, 4092, 4092, 4092, 4092, 4092, 4092, 
4092, 4092, 4092, 4092, 4092, 4092, 4092, 4092, 4092, 4092, 
4092, 4092, 4092, 4092, 4092, 4092, 4092, 4092, 4092, 4092, 
4092, 4092, 4092, 4092, 4092, 4092, 4092, 4092, 4092, 4092, 
4092, 4092, 4092, 4092, 4092, 4092, 4092, 4092, 4092, 4092, 
4092, 4092, 4092, 4092, 4092, 4092, 4092, 4092, 4092, 4092, 
4092, 4092, 4092, 4092, 4092, 4092, 4092, 4092, 4092, 4092, 
4092, 4092, 4092, 4092, 4092, 4092, 4092, 4092, 4092, 4092, 
4092, 4092, 4092, 4092, 4092, 4092, 4092, 4092, 4092, 4092, 
4092, 4092, 4092, 4092, 4092, 4092, 4092, 4092, 4092, 4092, 
4092, 4092, 4092, 4092, 4092, 4092, 4092, 4092, 4092, 4092, 
4092, 4092, 4092, 4092, 4092, 4092, 4092, 4092, 4092, 4092, 
4092, 4092, 4092, 4092, 4092, 4092, 4092, 4092, 4092, 4092, 
4092, 4092, 4092, 4092, 4092, 4092, 4092, 4092, 4092, 4092, 
4092, 4092, 4092, 4092, 4092, 4092, 4092, 4092, 4092, 4092, 
4092, 4092, 4092, 4092, 4092, 4092, 4092, 4092, 4092, 4092, 
4092, 4092, 4092, 4092, 4092, 4092, 4092, 4092, 4092, 4092, 
4092, 4092, 4092, 4092, 4092, 4092, 4092, 4092, 4092, 4092, 
4092, 4092, 4092, 4092, 4092, 4092, 4092, 4092, 4092, 4092, 
4092, 4092, 4092, 4092, 4092, 4092, 4092, 4092, 4092, 4092, 
4092, 4092, 4092, 4092, 4092, 4092, 4092, 4092, 4092, 4092, 
4092, 4092, 4092, 4092, 4092, 4092, 4092, 4092, 4092, 4092, 
4092, 4092, 4092, 4092, 4092, 4092, 4092, 4092, 4092, 4092, 
4092, 4092, 4092, 4092, 4092, 4092, 4092, 4092, 4092, 4092, 
4092, 4092, 4092, 4092, 4092, 4092, 4092, 4092, 4092, 4092, 
4092, 4092, 4092, 4092, 4092, 4092, 4092, 4092, 4092, 4092, 
4092, 4092, 4092, 4092, 4092, 4092, 4092, 4092, 4092, 4092, 
4092, 4092, 4092, 4092, 4092, 4092, 4092, 4092, 4092, 4092, 
4092, 4092, 4092, 4092, 4092, 4092, 4092, 4092, 4092, 4092, 
4092, 4092, 4092, 4092, 4092, 4092, 4092, 4092, 4092, 4092, 
4092, 4092, 4092, 4092, 4092, 4092, 4092, 4092, 4092, 4092, 
4092, 4092, 4092, 4092, 4092, 4092, 4092, 4092, 4092, 4092, 
4092, 4092, 4092, 4092, 4092, 4092, 4092, 4092, 4092, 4092, 
4092, 4092, 4092, 4092, 4092, 4092, 4092, 4092, 4092, 4092, 
4092, 4092, 4092, 4092, 4092, 4092, 4092, 4092, 4092, 4092, 
4092, 4092, 4092, 4092, 4092, 4092, 4092, 4092, 4092, 4092, 
4092, 4092, 4092, 4092, 4092, 4092, 4092, 4092, 4092, 4092, 
4092, 4092, 4092, 4092, 4092, 4092, 4092, 4092, 4092, 4092, 
4092, 4092, 4092, 4092, 4092, 4092, 4092, 4092, 4092, 4092, 
4092, 4092, 4092, 4092, 4092, 4092, 4092, 4092, 4092, 4092, 
4092, 4092, 4092, 4092, 4092, 4092, 4092, 4092, 4092, 4092, 
4092, 4092, 4092, 4092, 4092, 4092, 4092, 4092, 4092, 4092, 
4092, 4092, 4092, 4092, 4092, 4092, 4092, 4092, 4092, 4092, 
4092, 4092, 4092, 4092, 4092, 4092, 4092, 4092, 4092, 4092, 
4092, 4092, 4092, 4092, 4092, 4092, 4092, 4092, 4092, 4092, 
4092, 4092, 4092, 4092, 4092, 4092, 4092, 4092, 4092, 4092, 
4092, 4092, 4092, 4092, 4092, 4092, 4092, 4092, 4092, 4092, 
4092, 4092, 4092, 4092, 4092, 4092, 4092, 4092, 4092, 4092, 
4092, 4092, 4092, 4092, 4092, 4092, 4092, 4092, 4092, 4092, 
4092, 4092, 4092, 4092, 4092, 4092, 4092, 4092, 4092, 4092, 
4092, 4092, 4092, 4092, 4092, 4092, 4092, 4092, 4092, 4092, 
4092, 4092, 4092, 4092, 4092, 4092, 4092, 4092, 4092, 4092, 
4092, 4092, 4092, 4092, 4092, 4092, 4092, 4092, 4092, 4092, 
4092, 4092, 4092, 4092, 4092, 4092, 4092, 4092, 4092, 4092, 
4092, 4092, 4092, 4092, 4092, 4092, 4092, 4092, 4092, 4092, 
4092, 4092, 4092, 4092, 4092, 4092, 4092, 4092, 4092, 4092, 
4092, 4092, 4092, 4092, 4092, 4092, 4092, 4092, 4092, 4092, 
4092, 4092, 4092, 4092, 4092, 4092, 4092, 4092, 4092, 4092, 
4092, 4092, 4092, 4092, 4092, 4092, 4092, 4092, 4092, 4092, 
4092, 4092, 4092, 4092, 4092, 4092, 4092, 4092, 4092, 4092, 
4092, 4092, 4092, 4092, 4092, 4092, 4092, 4092, 4092, 4092, 
4092, 4092, 4092, 4092, 4092, 4092, 4092, 4092, 4092, 4092, 
4092, 4092, 4092, 4092, 4092, 4092, 4092, 4092, 4092, 4092, 
4092, 4092, 4092, 4092, 4092, 4092, 4092, 4092, 4092, 4092, 
4092, 4092, 4092, 4092, 4092, 4092, 4092, 4092, 4092, 4092, 
4092, 4092, 4092, 4092, 4092, 4092, 4092, 4092, 4092, 4092, 
4092, 4092, 4092, 4092, 4092, 4092, 4092, 4092, 4092, 4092, 
4092, 4092, 4092, 4092, 4092, 4092, 4092, 4092, 4092, 4092, 
4092, 4092, 4092, 4092, 4092, 4092, 4092, 4092, 4092, 4092, 
4092, 4092, 4092, 4092, 4092, 4092, 4092, 4092, 4092, 4092, 
4092, 4092, 4092, 4092, 4092, 4092, 4092, 4092, 4092, 4092, 
4092, 4092, 4092, 4092, 4092, 4092, 4092, 4092, 4092, 4092, 
4092, 4092, 4092, 4092, 4092, 4092, 4092, 4092, 4092, 4092, 
4092, 4092, 4092, 4092, 4092, 4092, 4092, 4092, 4092, 4092, 
4092, 4092, 4092, 4092, 4092, 4092, 4092, 4092, 4092, 4092, 
4092, 4092, 4092, 4092, 4092, 4092, 4092, 4092, 4092, 4092, 
4092, 4092, 4092, 4092, 4092, 4092, 4092, 4092, 4092, 4092, 
4092, 4092, 4092, 4092, 4092, 4092, 4092, 4092, 4092, 4092, 
4092, 4092, 4092, 4092, 4092, 4092, 4092, 4092, 4092, 4092, 
4092, 4092, 4092, 4092, 4092, 4092, 4092, 4092, 4092, 4092, 
4092, 4092, 4092, 4092, 4092, 4092, 4092, 4092, 4092, 4092, 
4092, 4092, 4092, 4092, 4092, 4092, 4092, 4092, 4092, 4092, 
4092, 4092, 4092, 4092, 4092, 4092, 4092, 4092, 4092, 4092, 
4092, 4092, 4092, 4092, 4092, 4092, 4092, 4092, 4092, 4092, 
4092, 4092, 4092, 4092, 4092, 4092, 4092, 4092, 4092, 4092, 
4092, 4092, 4092, 4092, 4092, 4092, 4092, 4092, 4092, 4092, 
4092, 4092, 4092, 4092, 4092, 4092, 4092, 4092, 4092, 4092, 
4092, 4092, 4092, 4092, 4092, 4092, 4092, 4092, 4092, 4092, 
4092, 4092, 4092, 4092, 4092, 4092, 4092, 4092, 4092, 4092, 
4092, 4092, 4092, 4092, 4092, 4092, 4092, 4092, 4092, 4092, 
4092, 4092, 4092, 4092, 4092, 4092, 4092, 4092, 4092, 4092, 
4092, 4092, 4092, 4092, 4092, 4092, 4092, 4092, 4092, 4092, 
4092, 4092, 4092, 4092, 4092, 4092, 4092, 4092, 4092, 4092, 
4092, 4092, 4092, 4092, 4092, 4092, 4092, 4092, 4092, 4092, 
4092, 4092, 4092, 4092, 4092, 4092, 4092, 4092, 4092, 4092, 
4092, 4092, 4092, 4092, 4092, 4092, 4092, 4092, 4092, 4092, 
4092, 4092, 4092, 4092, 4092, 4092, 4092, 4092, 4092, 4092, 
4092, 4092, 4092, 4092, 4092, 4092, 4092, 4092, 4092, 4092, 
4092, 4092, 4092, 4092, 4092, 4092, 4092, 4092, 4092, 4092, 
4092, 4092, 4092, 4092, 4092, 4092, 4092, 4092, 4092, 4092, 
4092, 4092, 4092, 4092, 4092, 4092, 4092, 4092, 4092, 4092, 
4092, 4092, 4092, 4092, 4092, 4092, 4092, 4092, 4092, 4092, 
4092, 4092, 4092, 4092, 4092, 4092, 4092, 4092, 4092, 4092, 
4092, 4092, 4092, 4092, 4092, 4092, 4092, 4092, 4092, 4092, 
4092, 4092, 4092, 4092, 4092, 4092, 4092, 4092, 4092, 4092, 
4092, 4092, 4092, 4092, 4092, 4092, 4092, 4092, 4092, 4092, 
4092, 4092, 4092, 4092, 4092, 4092, 4092, 4092, 4092, 4092, 
4092, 4092, 4092, 4092, 4092, 4092, 4092, 4092, 4092, 4092, 
4092, 4092, 4092, 4092, 4092, 4092, 4092, 4092, 4092, 4092, 
4092, 4092, 4092, 4092, 4092, 4092, 4092, 4092, 4092, 4092, 
4092, 4092, 4092, 4092, 4092, 4092, 4092, 4092, 4092, 4092, 
4092, 4092, 4092, 4092, 4092, 4092, 4092, 4092, 4092, 4092, 
4092, 4092, 4092, 4092, 4092, 4092, 4092, 4092, 4092, 4092, 
4092, 4092, 4092, 4092, 4092, 4092, 4092, 4092, 4092, 4092, 
4092, 4092, 4092, 4092, 4092, 4092, 4092, 4092, 4092, 4092, 
4092, 4092, 4092, 4092, 4092, 4092, 4092, 4092, 4092, 4092, 
4092, 4092, 4092, 4092, 4092, 4092, 4092, 4092, 4092, 4092, 
4092, 4092, 4092, 4092, 4092, 4092, 4092, 4092, 4092, 4092, 
4092, 4092, 4092, 4092, 4092, 4092, 4092, 4092, 4092, 4092, 
4092, 4092, 4092, 4092, 4092, 4092, 4092, 4092, 4092, 4092, 
4092, 4092, 4092, 4092, 4092, 4092, 4092, 4092, 4092, 4092, 
4092, 4092, 4092, 4092, 4092, 4092, 4092, 4092, 4092, 4092, 
4092, 4092, 4092, 4092, 4092, 4092, 4092, 4092, 4092, 4092, 
4092, 4092, 4092, 4092, 4092, 4092, 4092, 4092, 4092, 4092, 
4092, 4092, 4092, 4092, 4092, 4092, 4092, 4092, 4092, 4092, 
4092, 4092, 4092, 4092, 4092, 4092, 4092, 4092, 4092, 4092, 
4092, 4092, 4092, 4092, 4092, 4092, 4092, 4092, 4092, 4092, 
4092, 4092, 4092, 4092, 4092, 4092, 4092, 4092, 4092, 4092, 
4092, 4092, 4092, 4092, 4092, 4092, 4092, 4092, 4092, 4092, 
4092, 4092, 4092, 4092, 4092, 4092, 4092, 4092, 4092, 4092, 
4092, 4092, 4092, 4092, 4092, 4092, 4092, 4092, 4092, 4092, 
4092, 4092, 4092, 4092, 4092, 4092, 4092, 4092, 4092, 4092, 
4092, 4092, 4092, 4092, 4092, 4092, 4092, 4092, 4092, 4092, 
4092, 4092, 4092, 4092, 4092, 4092, 4092, 4092, 4092, 4092, 
4092, 4092, 4092, 4092, 4092, 4092, 4092, 4092, 4092, 4092, 
4092, 4092, 4092, 4092, 4092, 4092, 4092, 4092, 4092, 4092, 
4092, 4092, 4092, 4092, 4092, 4092, 4092, 4092, 4092, 4092, 
4092, 4092, 4092, 4092, 4092, 4092, 4092, 4092, 4092, 4092, 
4092, 4092, 4092, 4092, 4092, 4092, 4092, 4092, 4092, 4092, 
4092, 4092, 4092, 4092, 4092, 4092, 4092, 4092, 4092, 4092, 
4092, 4092, 4092, 4092, 4092, 4092, 4092, 4092, 4092, 4092, 
4092, 4092, 4092, 4092, 4092, 4092, 4092, 4092, 4092, 4092, 
4092, 4092, 4092, 4092, 4092, 4092, 4092, 4092, 4092, 4092, 
4092, 4092, 4092, 4092, 4092, 4092, 4092, 4092, 4092, 4092, 
4092, 4092, 4092, 4092, 4092, 4092, 4092, 4092, 4092, 4092, 
4092, 4092, 4092, 4092, 4092, 4092, 4092, 4092, 4092, 4092, 
4092, 4092, 4092, 4092, 4092, 4092, 4092, 4092, 4092, 4092, 
4092, 4092, 4092, 4092, 4092, 4092, 4092, 4092, 4092, 4092, 
4092, 4092, 4092, 4092, 4092, 4092, 4092, 4092, 4092, 4092, 
4092, 4092, 4092, 4092, 4092, 4092, 4092, 4092, 4092, 4092, 
4092, 4092, 4092, 4092, 4092, 4092, 4092, 4092, 4092, 4092, 
4092, 4092, 4092, 4092, 4092, 4092, 4092, 4092, 4092, 4092, 
4092, 4092, 4092, 4092, 4092, 4092, 4092, 4092, 4092, 4092, 
4092, 4092, 4092, 4092, 4092, 4092, 4092, 4092, 4092, 4092, 
4092, 4092, 4092, 4092, 4092, 4092, 4092, 4092, 4092, 4092, 
4092, 4092, 4092, 4092, 4092, 4092, 4092, 4092, 4092, 4092, 
4092, 4092, 4092, 4092, 4092, 4092, 4092, 4092, 4092, 4092, 
4092, 4092, 4092, 4092, 4092, 4092, 4092, 4092, 4092, 4092, 
4092, 4092, 4092, 4092, 4092, 4092, 4092, 4092, 4092, 4092, 
4092, 4092, 4092, 4092, 4092, 4092, 4092, 4092, 4092, 4092, 
4092, 4092, 4092, 4092, 4092, 4092, 4092, 4092, 4092, 4092, 
4092, 4092, 4092, 4092, 4092, 4092, 4092, 4092, 4092, 4092, 
4092, 4092, 4092, 4092, 4092, 4092, 4092, 4092, 4092, 4092, 
4092, 4092, 4092, 4092, 4092, 4092, 4092, 4092, 4092, 4092, 
4092, 4092, 4092, 4092, 4092, 4092, 4092, 4092, 4092, 4092, 
4092, 4092, 4092, 4092, 4092, 4092, 4092, 4092, 4092, 4092, 
4092, 4092, 4092, 4092, 4092, 4092, 4092, 4092, 4092, 4092, 
4092, 4092, 4092, 4092, 4092, 4092, 4092, 4092, 4092, 4092, 
4092, 4092, 4092, 4092, 4092, 4092, 4092, 4092, 4092, 4092, 
4092, 4092, 4092, 4092, 4092, 4092, 4092, 4092, 4092, 4092, 
4092, 4092, 4092, 4092, 4092, 4092, 4092, 4092, 4092, 4092, 
4092, 4092, 4092, 4092, 4092, 4092, 4092, 4092, 4092, 4092, 
4092, 4092, 4092, 4092, 4092, 4092, 4092, 4092, 4092, 4092, 
4092, 4092, 4092, 4092, 4092, 4092, 4092, 4092, 4092, 4092, 
4092, 4092, 4092, 4092, 4092, 4092, 4092, 4092, 4092, 4092, 
4092, 4092, 4092, 4092, 4092, 4092, 4092, 4092, 4092, 4092, 
4092, 4092, 4092, 4092, 4092, 4092, 4092, 4092, 4092, 4092, 
4092, 4092, 4092, 4092, 4092, 4092, 4092, 4092, 4092, 4092, 
4092, 4092, 4092, 4092, 4092, 4092, 4092, 4092, 4092, 4092, 
4092, 4092, 4092, 4092, 4092, 4092, 4092, 4092, 4092, 4092, 
4092, 4092, 4092, 4092, 4092, 4092, 4092, 4092, 4092, 4092, 
4092, 4092, 4092, 4092, 4092, 4092, 4092, 4092, 4092, 4092, 
4092, 4092, 4092, 4092, 4092, 4092, 4092, 4092, 4092, 4092, 
4092, 4092, 4092, 4092, 4092, 4092, 4092, 4092, 4092, 4092, 
4092, 4092, 4092, 4092, 4092, 4092, 4092, 4092, 4092, 4092, 
4092, 4092, 4092, 4092, 4092, 4092, 4092, 4092, 4092, 4092, 
4092, 4092, 4092, 4092, 4092, 4092, 4092, 4092, 4092, 4092, 
4092, 4092, 4092, 4092, 4092, 4092, 4092, 4092, 4092, 4092, 
4092, 4092, 4092, 4092, 4092, 4092, 4092, 4092, 4092, 4092, 
4092, 4092, 4092, 4092, 4092, 4092, 4092, 4092, 4092, 4092, 
4092, 4092, 4092, 4092, 4092, 4092, 4092, 4092, 4092, 4092, 
4092, 4092, 4092, 4092, 4092, 4092, 4092, 4092, 4092, 4092, 
4092, 4092, 4092, 4092, 4092, 4092, 4092, 4092, 4092, 4092, 
4092, 4092, 4092, 4092, 4092, 4092, 4092, 4092, 4092, 4092, 
4092, 4092, 4092, 4092, 4092, 4092, 4092, 4092, 4092, 4092, 
4092, 4092, 4092, 4092, 4092, 4092, 4092, 4092, 4092, 4092, 
4092, 4092, 4092, 4092, 4092, 4092, 4092, 4092, 4092, 4092, 
4092, 4092, 4092, 4092, 4092, 4092, 4092, 4092, 4092, 4092, 
4092, 4092, 4092, 4092, 4092, 4092, 4092, 4092, 4092, 4092, 
4092, 4092, 4092, 4092, 4092, 4092, 4092, 4092, 4092, 4092, 
4092, 4092, 4092, 4092, 4092, 4092, 4092, 4092, 4092, 4092, 
4092, 4092, 4092, 4092, 4092, 4092, 4092, 4092, 4092, 4092, 
4092, 4092, 4092, 4092, 4092, 4092, 4092, 4092, 4092, 4092, 
4092, 4092, 4092, 4092, 4092, 4092, 4092, 4092, 4092, 4092, 
4092, 4092, 4092, 4092, 4092, 4092, 4092, 4092, 4092, 4092, 
4092, 4092, 4092, 4092, 4092, 4092, 4092, 4092, 4092, 4092, 
4092, 4092, 4092, 4092, 4092, 4092, 4092, 4092, 4092, 4092, 
END
4092, 4092, 4092, 4092, 4092, 4092, 4092, 4092, 4092, 4092, 
4092, 4092, 4092, 4092, 4092, 4092, 4092, 4092, 4092, 4092, 
4092, 4092, 4092, 4092, 4092, 4092, 4092, 4092, 4092, 4092, 
4092, 4092, 4092, 4092, 4092, 4092, 4092, 4092, 4092, 4092, 
4092, 4092, 4092, 4092, 4092, 4092, 4092, 4092, 4092, 4092, 
4092, 4092, 4092, 4092, 4092, 4092, 4092, 4092, 4092, 4092, 
4092, 4092, 4092, 4092, 4092, 4092, 4092, 4092, 4092, 4092, 
4092, 4092, 4092, 4092, 4092, 4092, 4092, 4092, 4092, 4092, 
4092, 4092, 4092, 4092, 4092, 4092, 4092, 4092, 4092, 4092, 
4092, 4092, 4092, 4092, 4092, 4092, 4092, 4092, 4092, 4092, 
4092, 4092, 4092, 4092, 4092, 4092, 4092, 4092, 4092, 4092, 
4092, 4092, 4092, 4092, 4092, 4092, 4092, 4092, 4092, 4092, 
4092, 4092, 4092, 4092, 4092, 4092, 4092, 4092, 4092, 4092, 
4092, 4092, 4092, 4092, 4092, 4092, 4092, 4092, 4092, 4092, 
4092, 4092, 4092, 4092, 4092, 4092, 4092, 4092, 4092, 4092, 
4092, 4092, 4092, 4092, 4092, 4092, 4092, 4092, 4092, 4092, 
4092, 4092, 4092, 4092, 4092, 4092, 4092, 4092, 4092, 4092, 
4092, 4092, 4092, 4092, 4092, 4092, 4092, 4092, 4092, 4092, 
4092, 4092, 4092, 4092, 4092, 4092, 4092, 4092, 4092, 4092, 
4092, 4092, 4092, 4092, 4092, 4092, 4092, 4092, 4092, 4092, 
4092, 4092, 4092, 4092, 4092, 4092, 4092, 4092, 4092, 4092, 
4092, 4092, 4092, 4092, 4092, 4092, 4092, 4092, 4092, 4092, 
4092, 4092, 4092, 4092, 4092, 4092, 4092, 4092, 4092, 4092, 
4092, 4092, 4092, 4092, 4092, 4092, 4092, 4092, 4092, 4092, 
4092, 4092, 4092, 4092, 4092, 4092, 4092, 4092, 4092, 4092, 
4092, 4092, 4092, 4092, 4092, 4092, 4092, 4092, 4092, 4092, 
4092, 4092, 4092, 4092, 4092, 4092, 4092, 4092, 4092, 4092, 
4092, 4092, 4092, 4092, 4092, 4092, 4092, 4092, 4092, 4092, 
4092, 4092, 4092, 4092, 4092, 4092, 4092, 4092, 4092, 4092, 
4092, 4092, 4092, 4092, 4092, 4092, 4092, 4092, 4092, 4092, 
4092, 4092, 4092, 4092, 4092, 4092, 4092, 4092, 4092, 4092, 
4092, 4092, 4092, 4092, 4092, 4092, 4092, 4092, 4092, 4092, 
4092, 4092, 4092, 4092, 4092, 4092, 4092, 4092, 4092, 4092, 
4092, 4092, 4092, 4092, 4092, 4092, 4092, 4092, 4092, 4092, 
4092, 4092, 4092, 4092, 4092, 4092, 4092, 4092, 4092, 4092, 
4092, 4092, 4092, 4092, 4092, 4092, 4092, 4092, 4092, 4092, 
4092, 4092, 4092, 4092, 4092, 4092, 4092, 4092, 4092, 4092, 
4092, 4092, 4092, 4092, 4092, 4092, 4092, 4092, 4092, 4092, 
4092, 4092, 4092, 4092, 4092, 4092, 4092, 4092, 4092, 4092, 
4092, 4092, 4092, 4092, 4092, 4092, 4092, 4092, 4092, 4092, 
4092, 4092, 4092, 4092, 4092, 4092, 4092, 4092, 4092, 4092, 
4092, 4092, 4092, 4092, 4092, 4092, 4092, 4092, 4092, 4092, 
4092, 4092, 4092, 4092, 4092, 4092, 4092, 4092, 4092, 4092, 
4092, 4092, 4092, 4092, 4092, 4092, 4092, 4092, 4092, 4092, 
4092, 4092, 4092, 4092, 4092, 4092, 4092, 4092, 4092, 4092, 
4092, 4092, 4092, 4092, 4092, 4092, 4092, 4092, 4092, 4092, 
4092, 4092, 4092, 4092, 4092, 4092, 4092, 4092, 4092, 4092, 
4092, 4092, 4092, 4092, 4092, 4092, 4092, 4092, 4092, 4092, 
4092, 4092, 4092, 4092, 4092, 4092, 4092, 4092, 4092, 4092, 
4092, 4092, 4092, 4092, 4092, 4092, 4092, 4092, 4092, 4092, 
4092, 4092, 4092, 4092, 4092, 4092, 4092, 4092, 4092, 4092, 
4092, 4092, 4092, 4092, 4092, 4092, 4092, 4092, 4092, 4092, 
4092, 4092, 4092, 4092, 4092, 4092, 4092, 4092, 4092, 4092, 
4092, 4092, 4092, 4092, 4092, 4092, 4092, 4092, 4092, 4092, 
4092, 4092, 4092, 4092, 4092, 4092, 4092, 4092, 4092, 4092, 
4092, 4092, 4092, 4092, 4092, 4092, 4092, 4092, 4092, 4092, 
4092, 4092, 4092, 4092, 4092, 4092, 4092, 4092, 4092, 4092, 
4092, 4092, 4092, 4092, 4092, 4092, 4092, 4092, 4092, 4092, 
4092, 4092, 4092, 4092, 4092, 4092, 4092, 4092, 4092, 4092, 
4092, 4092, 4092, 4092, 4092, 4092, 4092, 4092, 4092, 4092, 
4092, 4092, 4092, 4092, 4092, 4092, 4092, 4092, 4092, 4092, 
4092, 4092, 4092, 4092, 4092, 4092, 4092, 4092, 4092, 4092, 
4092, 4092, 4092, 4092, 4092, 4092, 4092, 4092, 4092, 4092, 
4092, 4092, 4092, 4092, 4092, 4092, 4092, 4092, 4092, 4092, 
4092, 4092, 4092, 4092, 4092, 4092, 4092, 4092, 4092, 4092, 
4092, 4092, 4092, 4092, 4092, 4092, 4092, 4092, 4092, 4092, 
4092, 4092, 4092, 4092, 4092, 4092, 4092, 4092, 4092, 4092, 
4092, 4092, 4092, 4092, 4092, 4092, 4092, 4092, 4092, 4092, 
4092, 4092, 4092, 4092, 4092, 4092, 4092, 4092, 4092, 4092, 
4092, 4092, 4092, 4092, 4092, 4092, 4092, 4092, 4092, 4092, 
4092, 4092, 4092, 4092, 4092, 4092, 4092, 4092, 4092, 4092, 
4092, 4092, 4092, 4092, 4092, 4092, 4092, 4092, 4092, 4092, 
4092, 4092, 4092, 4092, 4092, 4092, 4092, 4092, 4092, 4092, 
4092, 4092, 4092, 4092, 4092, 4092, 4092, 4092, 4092, 4092, 
4092, 4092, 4092, 4092, 4092, 4092, 4092, 4092, 4092, 4092, 
4092, 4092, 4092, 4092, 4092, 4092, 4092, 4092, 4092, 4092, 
4092, 4092, 4092, 4092, 4092, 4092, 4092, 4092, 4092, 4092, 
4092, 4092, 4092, 4092, 4092, 4092, 4092, 4092, 4092, 4092, 
4092, 4092, 4092, 4092, 4092, 4092, 4092, 4092, 4092, 4092, 
4092, 4092, 4092, 4092, 4092, 4092, 4092, 4092, 4092, 4092, 
4092, 4092, 4092, 4092, 4092, 4092, 4092, 4092, 4092, 4092, 
4092, 4092, 4092, 4092, 4092, 4092, 4092, 4092, 4092, 4092, 
4092, 4092, 4092, 4092, 4092, 4092, 4092, 4092, 4092, 4092, 
4092, 4092, 4092, 4092, 4092, 4092, 4092, 4092, 4092, 4092, 
4092, 4092, 4092, 4092, 4092, 4092, 4092, 4092, 4092, 4092, 
4092, 4092, 4092, 4092, 4092, 4092, 4092, 4092, 4092, 4092, 
4092, 4092, 4092, 4092, 4092, 4092, 4092, 4092, 4092, 4092, 
4092, 4092, 4092, 4092, 4092, 4092, 4092, 4092, 4092, 4092, 
4092, 4092, 4092, 4092, 4092, 4092, 4092, 4092, 4092, 4092, 
4092, 4092, 4092, 4092, 4092, 4092, 4092, 4092, 4092, 4092, 
4092, 4092, 4092, 4092, 4092, 4092, 4092, 4092, 4092, 4092, 
4092, 4092, 4092, 4092, 4092, 4092, 4092, 4092, 4092, 4092, 
4092, 4092, 4092, 4092, 4092, 4092, 4092, 4092, 4092, 4092, 
4092, 4092, 4092, 4092, 4092, 4092, 4092, 4092, 4092, 4092, 
4092, 4092, 4092, 4092, 4092, 4092, 4092, 4092, 4092, 4092, 
4092, 4092, 4092, 4092, 4092, 4092, 4092, 4092, 4092, 4092, 
4092, 4092, 4092, 4092, 4092, 4092, 4092, 4092, 4092, 4092, 
4092, 4092, 4091, 4089, 4089, 4089, 4089, 4088, 4088, 4088, 
4088, 4089, 4091, 4091, 4092, 4092, 4092, 4092, 4092, 4091, 
4089, 4089, 4088, 4088, 4084, 4084, 4089, 4089, 4089, 4089, 
4088, 4088, 4088, 4088, 4089, 4088, 4088, 4088, 4088, 4088, 
4081, 4067, 4056, 4038, 4032, 4040, 4059, 4083, 4088, 4089, 
4088, 4088, 4083, 4065, 4060, 4059, 4059, 4065, 4076, 4083, 
4084, 4071, 4049, 4016, 3983, 3955, 3940, 3944, 3972, 3998, 
4019, 4033, 4044, 4046, 4043, 4039, 4030, 4015, 4007, 3999, 
3999, 4000, 3999, 3999, 3984, 3968, 3955, 3948, 3952, 3968, 
3980, 3987, 3991, 3991, 3987, 3979, 3959, 3937, 3910, 3891, 
3878, 3875, 3881, 3894, 3904, 3916, 3932, 3950, 3971, 3979, 
3977, 3969, 3960, 3953, 3945, 3939, 3931, 3918, 3908, 3903, 
3899, 3895, 3895, 3896, 3894, 3889, 3884, 3883, 3884, 3888, 
3888, 3879, 3868, 3859, 3858, 3865, 3876, 3891, 3896, 3903, 
3907, 3911, 3911, 3903, 3892, 3884, 3876, 3879, 3880, 3879, 
3863, 3840, 3820, 3806, 3796, 3795, 3795, 3795, 3804, 3815, 
3825, 3836, 3843, 3843, 3834, 3820, 3804, 3796, 3797, 3803, 
3806, 3802, 3799, 3798, 3799, 3799, 3796, 3792, 3782, 3776, 
3772, 3772, 3771, 3770, 3771, 3763, 3753, 3744, 3737, 3747, 
3751, 3755, 3753, 3753, 3759, 3769, 3780, 3787, 3784, 3779, 
3767, 3759, 3752, 3744, 3737, 3727, 3719, 3716, 3713, 3723, 
3732, 3732, 3724, 3715, 3711, 3715, 3720, 3731, 3737, 3737, 
3740, 3731, 3721, 3707, 3692, 3680, 3662, 3651, 3647, 3655, 
3665, 3683, 3691, 3689, 3692, 3692, 3696, 3705, 3710, 3710, 
3702, 3691, 3673, 3656, 3632, 3616, 3599, 3576, 3568, 3575, 
3596, 3619, 3641, 3649, 3649, 3643, 3633, 3627, 3620, 3616, 
3608, 3606, 3607, 3608, 3609, 3605, 3601, 3588, 3576, 3561, 
3559, 3564, 3571, 3576, 3568, 3553, 3535, 3515, 3497, 3487, 
3481, 3483, 3500, 3521, 3552, 3576, 3596, 3601, 3592, 3575, 
3554, 3537, 3537, 3539, 3540, 3535, 3529, 3521, 3513, 3503, 
3488, 3475, 3462, 3462, 3467, 3484, 3500, 3518, 3531, 3528, 
3520, 3507, 3497, 3495, 3491, 3487, 3481, 3481, 3487, 3487, 
3486, 3480, 3464, 3452, 3440, 3436, 3439, 3446, 3460, 3468, 
3467, 3462, 3452, 3441, 3431, 3415, 3396, 3379, 3374, 3377, 
3390, 3406, 3416, 3416, 3415, 3407, 3396, 3384, 3374, 3366, 
3356, 3347, 3347, 3352, 3371, 3379, 3384, 3377, 3371, 3363, 
3359, 3359, 3359, 3357, 3352, 3344, 3332, 3320, 3299, 3279, 
3259, 3238, 3228, 3233, 3255, 3289, 3320, 3345, 3360, 3362, 
3356, 3350, 3337, 3324, 3303, 3288, 3275, 3266, 3262, 3255, 
3248, 3235, 3225, 3219, 3220, 3237, 3256, 3267, 3270, 3268, 
3260, 3251, 3247, 3235, 3216, 3203, 3196, 3193, 3200, 3206, 
3216, 3226, 3223, 3225, 3231, 3232, 3246, 3241, 3232, 3212, 
3193, 3175, 3160, 3144, 3134, 3118, 3113, 3111, 3120, 3128, 
3139, 3147, 3143, 3137, 3132, 3128, 3137, 3143, 3140, 3137, 
3131, 3127, 3126, 3124, 3119, 3107, 3102, 3096, 3092, 3091, 
3084, 3084, 3070, 3055, 3044, 3039, 3043, 3044, 3040, 3032, 
3023, 3019, 3023, 3035, 3051, 3060, 3071, 3079, 3083, 3080, 
3074, 3066, 3054, 3039, 3032, 3031, 3037, 3043, 3035, 3019, 
3000, 2987, 2983, 2987, 3000, 3011, 3030, 3041, 3054, 3054, 
3041, 3027, 3004, 2977, 2963, 2956, 2972, 2982, 2993, 2995, 
2995, 2988, 2985, 2979, 2977, 2970, 2975, 2984, 2996, 3011, 
3014, 3009, 2988, 2955, 2920, 2895, 2883, 2892, 2904, 2915, 
2927, 2939, 2948, 2952, 2948, 2934, 2915, 2900, 2891, 2892, 
2898, 2903, 2908, 2899, 2894, 2887, 2889, 2895, 2896, 2891, 
2889, 2888, 2889, 2895, 2896, 2887, 2867, 2847, 2822, 2802, 
2785, 2776, 2779, 2784, 2795, 2814, 2833, 2865, 2883, 2891, 
2884, 2877, 2867, 2861, 2857, 2851, 2836, 2822, 2799, 2784, 
2767, 2755, 2759, 2759, 2767, 2782, 2800, 2827, 2846, 2849, 
2836, 2814, 2791, 2777, 2768, 2768, 2769, 2774, 2787, 2798, 
2808, 2812, 2812, 2805, 2791, 2771, 2761, 2758, 2761, 2764, 
2755, 2740, 2716, 2700, 2691, 2689, 2694, 2702, 2718, 2734, 
2751, 2760, 2755, 2744, 2728, 2715, 2709, 2707, 2705, 2700, 
2698, 2697, 2700, 2705, 2705, 2699, 2688, 2680, 2670, 2664, 
2661, 2657, 2655, 2647, 2639, 2639, 2648, 2657, 2659, 2652, 
2643, 2633, 2628, 2632, 2636, 2640, 2642, 2648, 2652, 2657, 
2654, 2652, 2647, 2632, 2620, 2617, 2622, 2631, 2631, 2623, 
2608, 2595, 2586, 2583, 2590, 2595, 2596, 2607, 2611, 2618, 
2618, 2609, 2596, 2569, 2542, 2527, 2519, 2528, 2547, 2559, 
2569, 2577, 2585, 2590, 2595, 2595, 2588, 2582, 2572, 2563, 
2558, 2544, 2530, 2510, 2481, 2460, 2447, 2455, 2464, 2480, 
2492, 2502, 2515, 2527, 2534, 2537, 2527, 2513, 2502, 2483, 
2470, 2461, 2462, 2463, 2455, 2450, 2451, 2463, 2471, 2476, 
2470, 2460, 2447, 2438, 2430, 2424, 2419, 2408, 2400, 2392, 
2383, 2379, 2382, 2385, 2385, 2394, 2406, 2430, 2456, 2470, 
2469, 2457, 2441, 2427, 2408, 2396, 2380, 2362, 2351, 2343, 
2342, 2345, 2353, 2364, 2369, 2378, 2332, 2328, 2331, 2337, 
2348, 2355, 2366, 2367, 2366, 2356, 2342, 2324, 2313, 2315, 
2326, 2327, 2318, 2303, 2283, 2269, 2259, 2256, 2254, 2262, 
2275, 2291, 2306, 2311, 2312, 2299, 2284, 2261, 2240, 2220, 
2211, 2231, 2254, 2271, 2279, 2277, 2271, 2263, 2249, 2232, 
2216, 2208, 2204, 2208, 2217, 2227, 2231, 2230, 2221, 2201, 
2177, 2156, 2150, 2155, 2160, 2166, 2169, 2174, 2175, 2183, 
2184, 2177, 2177, 2175, 2188, 2199, 2207, 2219, 2220, 2205, 
2187, 2161, 2151, 2140, 2128, 2120, 2115, 2126, 2145, 2163, 
2175, 2177, 2175, 2159, 2137, 2115, 2095, 2080, 2073, 2079, 
2086, 2094, 2111, 2134, 2158, 2170, 2170, 2162, 2150, 2136, 
2125, 2111, 2090, 2072, 2050, 2034, 2017, 2008, 2006, 2003, 
2003, 2017, 2035, 2067, 2092, 2107, 2102, 2092, 2079, 2067, 
2052, 2032, 2019, 2010, 2004, 2004, 2005, 2011, 2008, 2003, 
2001, 2004, 2015, 2022, 2019, 2004, 1989, 1977, 1967, 1962, 
1959, 1955, 1955, 1959, 1964, 1968, 1970, 1971, 1964, 1958, 
1953, 1964, 1980, 1991, 1992, 1980, 1965, 1952, 1940, 1927, 
1912, 1906, 1901, 1910, 1924, 1940, 1959, 1968, 1969, 1964, 
1953, 1950, 1942, 1928, 1905, 1888, 1880, 1882, 1888, 1894, 
1895, 1904, 1907, 1909, 1908, 1908, 1905, 1896, 1884, 1868, 
1865, 1864, 1856, 1841, 1823, 1814, 1806, 1813, 1830, 1840, 
1854, 1863, 1868, 1869, 1851, 1833, 1807, 1780, 1763, 1757, 
1772, 1798, 1818, 1828, 1829, 1823, 1816, 1804, 1790, 1771, 
1764, 1758, 1759, 1762, 1767, 1776, 1762, 1747, 1726, 1713, 
1716, 1718, 1720, 1724, 1731, 1743, 1756, 1763, 1760, 1749, 
1735, 1720, 1713, 1710, 1714, 1726, 1728, 1736, 1740, 1745, 
1749, 1736, 1713, 1688, 1670, 1664, 1673, 1691, 1709, 1718, 
1731, 1734, 1727, 1711, 1686, 1662, 1632, 1615, 1618, 1638, 
1671, 1700, 1716, 1723, 1718, 1706, 1688, 1673, 1645, 1632, 
1618, 1613, 1612, 1607, 1607, 1595, 1581, 1569, 1564, 1579, 
1595, 1606, 1614, 1618, 1623, 1624, 1625, 1618, 1597, 1580, 
1564, 1550, 1542, 1537, 1543, 1541, 1539, 1543, 1546, 1559, 
1564, 1561, 1553, 1542, 1532, 1532, 1530, 1528, 1521, 1520, 
1513, 1510, 1503, 1497, 1489, 1475, 1466, 1466, 1479, 1496, 
1510, 1513, 1508, 1505, 1500, 1487, 1487, 1476, 1468, 1464, 
1463, 1468, 1470, 1469, 1467, 1458, 1447, 1442, 1446, 1459, 
1466, 1467, 1456, 1445, 1435, 1423, 1415, 1398, 1388, 1386, 
1385, 1396, 1408, 1421, 1427, 1420, 1408, 1396, 1388, 1385, 
1372, 1360, 1349, 1342, 1341, 1350, 1359, 1368, 1367, 1368, 
1360, 1359, 1350, 1334, 1317, 1307, 1303, 1314, 1320, 1322, 
1319, 1314, 1310, 1312, 1315, 1317, 1310, 1307, 1301, 1293, 
1287, 1267, 1248, 1239, 1235, 1243, 1253, 1256, 1253, 1248, 
1242, 1238, 1238, 1241, 1235, 1230, 1229, 1228, 1228, 1223, 
1212, 1201, 1197, 1204, 1219, 1228, 1232, 1232, 1229, 1225, 
1220, 1208, 1193, 1169, 1164, 1163, 1171, 1182, 1190, 1198, 
1208, 1216, 1219, 1216, 1198, 1172, 1149, 1132, 1133, 1139, 
1151, 1154, 1160, 1160, 1152, 1143, 1123, 1101, 1087, 1079, 
1090, 1106, 1116, 1112, 1105, 1100, 1091, 1082, 1077, 1071, 
1070, 1074, 1081, 1088, 1085, 1077, 1063, 1051, 1051, 1052, 
1050, 1040, 1035, 1032, 1030, 1034, 1030, 1022, 1009, 998, 
987, 988, 995, 994, 999, 1005, 1016, 1033, 1036, 1022, 
1004, 985, 970, 962, 958, 959, 956, 956, 948, 940, 
932, 914, 904, 900, 919, 939, 960, 967, 967, 959, 
948, 933, 921, 911, 904, 910, 918, 935, 945, 953, 
948, 928, 904, 873, 856, 844, 843, 846, 850, 859, 
875, 886, 898, 890, 879, 872, 854, 853, 846, 841, 
838, 824, 809, 798, 798, 801, 798, 793, 796, 804, 
816, 831, 829, 822, 812, 795, 779, 761, 749, 737, 
730, 725, 728, 741, 760, 769, 771, 757, 745, 733, 
727, 724, 715, 710, 710, 702, 703, 695, 695, 689, 
684, 678, 679, 696, 711, 714, 706, 690, 671, 657, 
648, 638, 627, 628, 634, 640, 648, 654, 658, 652, 
641, 629, 624, 633, 640, 636, 630, 626, 623, 627, 
631, 632, 626, 625, 621, 614, 610, 603, 597, 581, 
564, 550, 544, 548, 554, 553, 545, 536, 534, 534, 
539, 543, 535, 537, 536, 536, 532, 526, 516, 501, 
485, 476, 473, 482, 494, 501, 504, 503, 497, 492, 
482, 472, 451, 436, 421, 413, 408, 400, 393, 388, 
390, 410, 427, 440, 439, 436, 434, 427, 421, 409, 
393, 377, 364, 355, 356, 352, 351, 350, 352, 366, 
377, 381, 378, 369, 366, 362, 363, 362, 355, 347, 
338, 331, 330, 326, 317, 317, 325, 347, 366, 376, 
373, 359, 336, 315, 296, 280, 265, 265, 270, 280, 
294, 296, 294, 283, 264, 258, 249, 237, 225, 216, 
216, 222, 225, 231, 222, 216, 205, 199, 196, 196, 
200, 202, 200, 198, 194, 200, 198, 185, 166, 144, 
132, 131, 141, 154, 159, 164, 163, 156, 144, 125, 
106, 84, 64, 60, 69, 96, 119, 134, 135, 129, 
119, 108, 100, 93, 82, 76, 76, 73, 70, 53, 
32, 12, 2, 1, 2, 18, 24, 38, 54, 69, 
79, 81, 63, 42, 22, 7, 1, 0, 0, 0, 
1, 11, 17, 25, 28, 23, 6, 0, 0, 0, 
0, 0, 0, 0, 0, 0, 0, 0, 0, 0, 
0, 0, 0, 0, 0, 0, 0, 0, 0, 0, 
0, 0, 0, 0, 0, 0, 0, 0, 0, 0, 
0, 0, 0, 0, 0, 0, 0, 0, 0, 0, 
0, 0, 0, 0, 0, 0, 0, 0, 0, 0, 
0, 0, 0, 0, 0, 0, 0, 0, 0, 0, 
0, 0, 0, 0, 0, 0, 0, 0, 0, 0, 
0, 0, 0, 0, 0, 0, 0, 0, 0, 0, 
0, 0, 0, 0, 0, 0, 0, 0, 0, 0, 
0, 0, 0, 0, 0, 0, 0, 0, 0, 0, 
0, 0, 0, 0, 0, 0, 0, 0, 0, 0, 
0, 0, 0, 0, 0, 0, 0, 0, 0, 0, 
0, 0, 0, 0, 0, 0, 0, 0, 0, 0, 
0, 0, 0, 0, 0, 0, 0, 0, 0, 0, 
0, 0, 0, 0, 0, 0, 0, 0, 0, 0, 
0, 0, 0, 0, 0, 0, 0, 0, 0, 0, 
0, 0, 0, 0, 0, 0, 0, 0, 0, 0, 
0, 0, 0, 0, 0, 0, 0, 0, 0, 0, 
0, 0, 0, 0, 0, 0, 0, 0, 0, 0, 
0, 0, 0, 0, 0, 0, 0, 0, 0, 0, 
0, 0, 0, 0, 0, 0, 0, 0, 0, 0, 
0, 0, 0, 0, 0, 0, 0, 0, 0, 0, 
0, 0, 0, 0, 0, 0, 0, 0, 0, 0, 
0, 0, 0, 0, 0, 0, 0, 0, 0, 0, 
0, 0, 0, 0, 0, 0, 0, 0, 0, 0, 
0, 0, 0, 0, 0, 0, 0, 0, 0, 0, 
0, 0, 0, 0, 0, 0, 0, 0, 0, 0, 
0, 0, 0, 0, 0, 0, 0, 0, 0, 0, 
0, 0, 0, 0, 0, 0, 0, 0, 0, 0, 
0, 0, 0, 0, 0, 0, 0, 0, 0, 0, 
0, 0, 0, 0, 
END
Manual trigger reset! Waiting for next signal...
reset bools done, waiting for next trigger...
Trigger at idx=8200 raw=2335
Capture ready: pre-trigger + post-trigger window complete.
TRIGGER TYPE IS: RISING
Sample threshold is: 2048

----DEBUG INFO----
Core: 0, Trigger: 8200, Size: 16384
START
2259, 2544, 2689, 2656, 2454, 2131, 1783, 1494, 1351, 1392, 
1604, 1928, 2403, 2634, 2703, 2588, 2323, 1974, 1641, 1411, 
1348, 1471, 1744, 2092, 2425, 2646, 2703, 2580, 2172, 1820, 
1523, 1361, 1383, 1581, 1897, 2253, 2543, 2697, 2672, 2473, 
2156, 1803, 1506, 1358, 1452, 1715, 2059, 2398, 2636, 2712, 
2604, 2344, 1996, 1663, 1423, 1350, 1469, 1735, 2082, 2417, 
2694, 2688, 2507, 2196, 1841, 1538, 1370, 1380, 1571, 1887, 
2242, 2540, 2703, 2684, 2491, 2176, 1695, 1443, 1353, 1448, 
1705, 2047, 2391, 2635, 2719, 2620, 2364, 2019, 1679, 1432, 
1352, 1462, 1854, 2208, 2519, 2697, 2700, 2524, 2217, 1862, 
1553, 1376, 1379, 1564, 1875, 2231, 2534, 2704, 2639, 2401, 
2057, 1713, 1455, 1355, 1443, 1693, 2035, 2380, 2631, 2723, 
2632, 2383, 2038, 1697, 1388, 1372, 1540, 1841, 2195, 2511, 
2696, 2707, 2539, 2236, 1879, 1567, 1383, 1378, 1554, 1865, 
2352, 2616, 2727, 2655, 2419, 2078, 1731, 1465, 1357, 1436, 
1683, 2023, 2369, 2627, 2727, 2645, 2275, 1920, 1596, 1394, 
1370, 1529, 1827, 2183, 2501, 2696, 2714, 2553, 2255, 1898, 
1582, 1388, 1422, 1651, 1985, 2339, 2609, 2728, 2664, 2433, 
2097, 1747, 1476, 1360, 1432, 1669, 2006, 2358, 2684, 2721, 
2579, 2292, 1936, 1612, 1403, 1369, 1522, 1815, 2169, 2492, 
2692, 2720, 2566, 2272, 1785, 1500, 1363, 1414, 1642, 1971, 
2325, 2601, 2729, 2672, 2449, 2113, 1762, 1487, 1361, 1424, 
1780, 2131, 2462, 2678, 2727, 2590, 2309, 1955, 1624, 1411, 
1368, 1511, 1800, 2153, 2481, 2687, 2689, 2484, 2159, 1805, 
1513, 1367, 1408, 1623, 1950, 2306, 2588, 2729, 2681, 2467, 
2137, 1784, 1429, 1363, 1483, 1755, 2105, 2443, 2668, 2731, 
2610, 2335, 1982, 1648, 1420, 1364, 1496, 1776, 2266, 2562, 
2720, 2700, 2504, 2182, 1825, 1528, 1371, 1401, 1607, 1930, 
2287, 2576, 2726, 2692, 2368, 2019, 1680, 1437, 1362, 1476, 
1744, 2092, 2432, 2665, 2735, 2620, 2350, 1998, 1663, 1427, 
1390, 1579, 1893, 2249, 2552, 2716, 2703, 2515, 2195, 1840, 
1539, 1375, 1395, 1595, 1914, 2270, 2647, 2735, 2638, 2383, 
2036, 1694, 1440, 1360, 1465, 1728, 2074, 2417, 2658, 2736, 
2627, 2366, 1877, 1566, 1385, 1384, 1569, 1878, 2235, 2544, 
2718, 2710, 2527, 2215, 1856, 1551, 1380, 1392, 1695, 2038, 
2385, 2639, 2736, 2648, 2398, 2054, 1710, 1455, 1363, 1457, 
1714, 2059, 2403, 2649, 2719, 2553, 2251, 1892, 1578, 1388, 
1380, 1556, 1860, 2218, 2531, 2711, 2715, 2540, 2231, 1871, 
1474, 1361, 1439, 1680, 2022, 2371, 2631, 2737, 2656, 2413, 
2068, 1725, 1463, 1361, 1447, 1701, 2183, 2503, 2702, 2722, 
2564, 2268, 1911, 1591, 1394, 1377, 1546, 1849, 2204, 2520, 
2708, 2718, 2446, 2108, 1755, 1484, 1363, 1430, 1668, 2006, 
2358, 2624, 2736, 2663, 2428, 2087, 1738, 1471, 1370, 1521, 
1811, 2168, 2491, 2695, 2726, 2576, 2283, 1927, 1604, 1399, 
1373, 1535, 1833, 2188, 2602, 2734, 2680, 2457, 2127, 1772, 
1493, 1366, 1424, 1655, 1989, 2344, 2616, 2735, 2674, 2441, 
1964, 1633, 1415, 1368, 1509, 1797, 2150, 2480, 2689, 2729, 
2587, 2298, 1939, 1616, 1406, 1372, 1625, 1953, 2307, 2591, 
2731, 2687, 2473, 2141, 1788, 1504, 1367, 1419, 1641, 1974, 
2328, 2607, 2735, 2610, 2334, 1980, 1647, 1422, 1366, 1500, 
1782, 2135, 2467, 2683, 2732, 2593, 2314, 1959, 1526, 1372, 
1404, 1612, 1936, 2294, 2583, 2728, 2692, 2486, 2158, 1802, 
1512, 1369, 1409, 1627, 2096, 2435, 2670, 2736, 2618, 2350, 
1996, 1660, 1427, 1365, 1490, 1767, 2119, 2454, 2678, 2734, 
2511, 2195, 1839, 1539, 1376, 1399, 1600, 1921, 2277, 2572, 
2726, 2698, 2496, 2174, 1819, 1523, 1364, 1470, 1735, 2083, 
2424, 2661, 2739, 2627, 2363, 1964, 1604, 1391, 1392, 1602, 
1940, 2307, 2700, 2500, 2179, 1817, 1520, 1366, 1418, 1640, 
1972, 2328, 2605, 2733, 2679, 2455, 2120, 1768, 1420, 1365, 
1500, 1780, 2134, 2467, 2683, 2733, 2596, 2313, 1960, 1630, 
1412, 1367, 1512, 1799, 2291, 2580, 2729, 2692, 2484, 2159, 
1804, 1512, 1369, 1412, 1628, 1956, 2312, 2595, 2732, 2684, 
2348, 1995, 1657, 1427, 1365, 1488, 1767, 2117, 2454, 2676, 
2734, 2607, 2329, 1976, 1643, 1419, 1400, 1600, 1918, 2278, 
2569, 2725, 2697, 2498, 2175, 1818, 1523, 1372, 1406, 1615, 
1940, 2298, 2662, 2736, 2626, 2363, 2012, 1676, 1434, 1366, 
1481, 1754, 2102, 2440, 2672, 2736, 2617, 2344, 1854, 1552, 
1381, 1394, 1590, 1904, 2260, 2559, 2723, 2703, 2510, 2190, 
1833, 1537, 1375, 1401, 1719, 2063, 2413, 2656, 2737, 2632, 
2379, 2030, 1687, 1441, 1363, 1471, 1738, 2086, 2428, 2663, 
2716, 2537, 2228, 1869, 1560, 1383, 1390, 1574, 1887, 2244, 
2548, 2718, 2709, 2523, 2207, 1851, 1462, 1362, 1451, 1704, 
2048, 2395, 2646, 2739, 2646, 2393, 2046, 1703, 1450, 1363, 
1462, 1723, 2208, 2522, 2710, 2719, 2547, 2244, 1886, 1575, 
1389, 1384, 1561, 1871, 2230, 2539, 2715, 2713, 2427, 2083, 
1736, 1471, 1363, 1441, 1688, 2031, 2380, 2636, 2737, 2654, 
2407, 2062, 1717, 1459, 1376, 1537, 1835, 2193, 2511, 2704, 
2723, 2562, 2261, 1901, 1585, 1393, 1382, 1551, 1857, 2215, 
2616, 2737, 2672, 2439, 2100, 1753, 1479, 1363, 1436, 1676, 
2014, 2365, 2628, 2737, 2660, 2422, 1939, 1615, 1405, 1372, 
1527, 1820, 2176, 2497, 2700, 2727, 2568, 2275, 1919, 1598, 
1397, 1376, 1644, 1976, 2331, 2608, 2734, 2676, 2454, 2116, 
1765, 1491, 1368, 1428, 1664, 1999, 2351, 2620, 2732, 2595, 
2311, 1956, 1628, 1411, 1370, 1516, 1806, 2161, 2487, 2691, 
2728, 2582, 2291, 1932, 1511, 1369, 1414, 1631, 1961, 2316, 
2598, 2734, 2683, 2467, 2135, 1781, 1500, 1366, 1422, 1649, 
2121, 2458, 2680, 2734, 2606, 2325, 1972, 1640, 1419, 1368, 
1504, 1790, 2143, 2473, 2687, 2731, 2495, 2171, 1814, 1520, 
1372, 1407, 1620, 1945, 2302, 2588, 2732, 2691, 2478, 2147, 
1795, 1507, 1364, 1484, 1756, 2107, 2444, 2672, 2736, 2614, 
2341, 1987, 1652, 1424, 1365, 1493, 1775, 2128, 2563, 2723, 
2703, 2505, 2187, 1830, 1532, 1375, 1401, 1607, 1927, 2287, 
2576, 2726, 2693, 2491, 2024, 1683, 1440, 1362, 1473, 1741, 
2089, 2430, 2667, 2736, 2623, 2356, 2007, 1670, 1431, 1364, 
1577, 1891, 2248, 2552, 2720, 2709, 2520, 2203, 1846, 1544, 
1377, 1396, 1594, 1913, 2270, 2566, 2737, 2643, 2389, 2043, 
1699, 1447, 1363, 1465, 1728, 2073, 2417, 2659, 2739, 2631, 
2371, 2019, 1568, 1386, 1386, 1566, 1875, 2233, 2542, 2716, 
2712, 2531, 2219, 1863, 1555, 1382, 1391, 1582, 2035, 2385, 
2639, 2739, 2652, 2404, 2059, 1713, 1456, 1362, 1456, 1712, 
2055, 2402, 2650, 2736, 2556, 2255, 1897, 1582, 1392, 1380, 
1553, 1861, 2218, 2531, 2711, 2717, 2544, 2236, 1877, 1567, 
1364, 1437, 1678, 2019, 2369, 2631, 2736, 2659, 2419, 2073, 
1727, 1465, 1363, 1447, 1697, 2040, 2502, 2700, 2724, 2568, 
2272, 1914, 1595, 1396, 1377, 1543, 1845, 2201, 2519, 2707, 
2720, 2554, 2113, 1760, 1485, 1362, 1430, 1665, 2001, 2355, 
2623, 2738, 2667, 2433, 2092, 1742, 1474, 1363, 1518, 1807, 
2163, 2489, 2697, 2728, 2579, 2287, 1934, 1608, 1402, 1375, 
1532, 1830, 2185, 2505, 2734, 2683, 2460, 2127, 1776, 1496, 
1367, 1424, 1652, 1986, 2339, 2612, 2736, 2673, 2444, 2108, 
1635, 1416, 1368, 1510, 1795, 2150, 2478, 2689, 2731, 2588, 
2303, 1946, 1620, 1408, 1371, 1522, 1949, 2304, 2590, 2729, 
2687, 2476, 2148, 1792, 1506, 1367, 1417, 1638, 1971, 2324, 
2604, 2734, 2612, 2337, 1984, 1651, 1420, 1365, 1496, 1778, 
2130, 2463, 2681, 2733, 2599, 2316, 2673, 2732, 2516, 2200, 
1844, 1542, 1377, 1393, 1592, 1910, 2265, 2563, 2723, 2697, 
2503, 2181, 1823, 1526, 1361, 1463, 1724, 2071, 2413, 2656, 
2736, 2630, 2369, 2022, 1680, 1438, 1363, 1475, 1744, 2094, 
2538, 2715, 2710, 2531, 2219, 1860, 1553, 1380, 1390, 1579, 
1894, 2252, 2555, 2719, 2704, 2510, 2057, 1712, 1456, 1363, 
1455, 1710, 2054, 2399, 2647, 2736, 2639, 2383, 2036, 1695, 
1447, 1362, 1551, 1857, 2212, 2527, 2711, 2714, 2540, 2236, 
1876, 1565, 1386, 1385, 1568, 1879, 2236, 2543, 2738, 2657, 
2418, 2075, 1727, 1466, 1361, 1446, 1696, 2039, 2386, 2640, 
2736, 2648, 2400, 2055, 1595, 1394, 1375, 1540, 1841, 2200, 
2516, 2704, 2719, 2553, 2251, 1893, 1578, 1390, 1381, 1555, 
1999, 2352, 2622, 2737, 2670, 2432, 2091, 1743, 1475, 1363, 
1439, 1681, 2022, 2371, 2631, 2736, 2579, 2288, 1928, 1607, 
1401, 1375, 1530, 1827, 2183, 2503, 2702, 2723, 2566, 2267, 
1911, 1592, 1366, 1422, 1651, 1984, 2339, 2612, 2733, 2672, 
2446, 2108, 1755, 1484, 1363, 1432, 1668, 2006, 2476, 2687, 
2730, 2588, 2302, 1946, 1623, 1407, 1371, 1520, 1811, 2168, 
2491, 2695, 2727, 2575, 2147, 1793, 1505, 1368, 1417, 1639, 
1968, 2322, 2603, 2734, 2680, 2457, 2124, 1772, 1493, 1365, 
1497, 1776, 2131, 2463, 2683, 2734, 2600, 2318, 1964, 1632, 
1414, 1369, 1509, 1797, 2151, 2481, 2727, 2694, 2488, 2163, 
1807, 1516, 1371, 1409, 1624, 1953, 2308, 2591, 2731, 2686, 
2471, 2140, 1665, 1428, 1364, 1487, 1761, 2113, 2454, 2679, 
2735, 2606, 2335, 1981, 1646, 1422, 1367, 1500, 1916, 2273, 
2567, 2725, 2700, 2500, 2179, 1820, 1525, 1372, 1404, 1611, 
1936, 2294, 2583, 2729, 2630, 2368, 2017, 1678, 1435, 1363, 
1479, 1747, 2099, 2436, 2668, 2736, 2620, 2348, 1995, 1662, 
1380, 1392, 1583, 1899, 2256, 2558, 2721, 2705, 2511, 2191, 
1836, 1539, 1376, 1399, 1600, 1920, 2404, 2654, 2739, 2638, 
2382, 2035, 1692, 1444, 1363, 1467, 1735, 2081, 2424, 2662, 
2738, 2627, 2232, 1873, 1564, 1385, 1388, 1571, 1883, 2241, 
2547, 2718, 2710, 2524, 2210, 1854, 1551, 1380, 1448, 1700, 
2043, 2391, 2642, 2737, 2648, 2396, 2051, 1704, 1454, 1363, 
1459, 1718, 2063, 2409, 2707, 2719, 2552, 2248, 1889, 1575, 
1390, 1383, 1559, 1868, 2225, 2535, 2713, 2716, 2536, 2227, 
1740, 1473, 1363, 1441, 1684, 2027, 2375, 2635, 2739, 2656, 
2409, 2065, 1720, 1460, 1361, 1452, 1832, 2188, 2507, 2704, 
2723, 2563, 2264, 1906, 1588, 1392, 1379, 1548, 1851, 2210, 
2524, 2713, 2673, 2444, 2105, 1752, 1481, 1363, 1434, 1672, 
2009, 2364, 2627, 2739, 2663, 2422, 2083, 1735, 1408, 1372, 
1523, 1816, 2172, 2495, 2697, 2727, 2575, 2279, 1923, 1601, 
1399, 1376, 1539, 1839, 2328, 2606, 2734, 2680, 2456, 2120, 
1769, 1491, 1366, 1426, 1660, 1995, 2348, 2617, 2735, 2667, 
2315, 1960, 1632, 1413, 1369, 1512, 1801, 2156, 2484, 2691, 
2728, 2584, 2295, 1939, 1612, 1408, 1414, 1627, 1957, 2311, 
2595, 2732, 2684, 2469, 2136, 1784, 1501, 1367, 1420, 1646, 
1979, 2332, 2678, 2736, 2608, 2329, 1978, 1642, 1420, 1367, 
1503, 1786, 2140, 2473, 2687, 2733, 2594, 2310, 1816, 1524, 
1372, 1406, 1614, 1940, 2297, 2585, 2731, 2691, 2482, 2156, 
1799, 1511, 1368, 1414, 1752, 2103, 2443, 2673, 2735, 2616, 
2346, 1991, 1657, 1424, 1366, 1492, 1772, 2122, 2457, 2680, 
2704, 2511, 2189, 1834, 1534, 1375, 1401, 1603, 1926, 2282, 
2575, 2727, 2697, 2495, 2171, 1814, 1442, 1363, 1472, 1738, 
2086, 2429, 2664, 2738, 2625, 2360, 2006, 1671, 1431, 1364, 
1484, 1756, 2244, 2551, 2719, 2712, 2522, 2207, 1849, 1548, 
1379, 1394, 1590, 1908, 2265, 2564, 2724, 2703, 2393, 2047, 
1703, 1451, 1361, 1462, 1723, 2070, 2414, 2656, 2739, 2634, 
2370, 1971, 1609, 1393, 1444, 1699, 2052, 2403, 2655, 2738, 
2627, 2336, 1983, 1648, 1422, 1367, 1499, 1782, 2134, 2467, 
2727, 2702, 2503, 2182, 1828, 1530, 1374, 1403, 1612, 1935, 
2291, 2579, 2728, 2693, 2487, 2160, 1679, 1438, 1362, 1478, 
1746, 2094, 2435, 2670, 2735, 2620, 2351, 1999, 1661, 1428, 
1364, 1488, 1897, 2255, 2556, 2721, 2707, 2515, 2199, 1841, 
1539, 1376, 1398, 1599, 1919, 2275, 2571, 2726, 2640, 2383, 
2035, 1693, 1446, 1363, 1463, 1731, 2079, 2422, 2662, 2737, 
2627, 2366, 2015, 1676, 1386, 1388, 1569, 1882, 2239, 2545, 
2718, 2711, 2529, 2214, 1856, 1551, 1380, 1393, 1586, 1902, 
2390, 2642, 2739, 2649, 2399, 2052, 1708, 1455, 1361, 1457, 
1715, 2062, 2407, 2654, 2739, 2636, 2250, 1892, 1577, 1390, 
1383, 1556, 1867, 2224, 2531, 2712, 2716, 2540, 2227, 1870, 
1563, 1385, 1441, 1684, 2025, 2377, 2635, 2738, 2656, 2413, 
2068, 1724, 1464, 1363, 1451, 1704, 2047, 2393, 2703, 2724, 
2566, 2267, 1909, 1591, 1395, 1382, 1545, 1849, 2206, 2523, 
2707, 2719, 2551, 2245, 1756, 1484, 1364, 1433, 1672, 2008, 
2360, 2626, 2737, 2664, 2432, 2087, 1737, 1470, 1363, 1443, 
1815, 2171, 2494, 2696, 2727, 2575, 2281, 1923, 1603, 1400, 
1376, 1537, 1833, 2191, 2510, 2705, 2680, 2456, 2124, 1770, 
1493, 1366, 1426, 1658, 1992, 2344, 2617, 2737, 2673, 2440, 
2103, 1751, 1415, 1370, 1512, 1799, 2155, 2483, 2691, 2731, 
2586, 2297, 1940, 1613, 1408, 1374, 1527, 1819, 2310, 2594, 
2731, 2686, 2471, 2139, 1787, 1503, 1367, 1420, 1644, 1976, 
2330, 2607, 2735, 2678, 2332, 1978, 1645, 1420, 1367, 1502, 
1784, 2138, 2470, 2685, 2732, 2595, 2313, 1956, 1628, 1412, 
1405, 1615, 1939, 2293, 2584, 2729, 2692, 2485, 2156, 1800, 
1512, 1368, 1413, 1628, 1956, 2313, 2670, 2736, 2619, 2348, 
1994, 1658, 1426, 1363, 1490, 1769, 2121, 2456, 2679, 2735, 
2606, 2327, 1836, 1536, 1376, 1400, 1601, 1923, 2280, 2574, 
2728, 2699, 2496, 2173, 1816, 1523, 1370, 1407, 1735, 2083, 
2424, 2663, 2737, 2626, 2363, 2011, 1672, 1433, 1364, 1482, 
1755, 2105, 2442, 2673, 2711, 2525, 2209, 1851, 1550, 1379, 
1394, 1588, 1907, 2264, 2563, 2723, 2704, 2508, 2188, 1832, 
1452, 1362, 1461, 1723, 2067, 2412, 2656, 2739, 2636, 2376, 
2027, 1687, 1441, 1363, 1473, 1740, 2227, 2536, 2713, 2715, 
2535, 2226, 1868, 1560, 1384, 1390, 1576, 1891, 2248, 2551, 
2721, 2708, 2409, 2064, 1720, 1461, 1362, 1454, 1707, 2050, 
2398, 2648, 2739, 2643, 2391, 2043, 1700, 1448, 1380, 1550, 
1855, 2211, 2526, 2711, 2719, 2549, 2241, 1884, 1571, 1388, 
1385, 1565, 1875, 2233, 2627, 2739, 2663, 2425, 2083, 1732, 
1469, 1363, 1444, 1693, 2035, 2382, 2639, 2739, 2652, 2405, 
1920, 1599, 1398, 1376, 1537, 1838, 2197, 2513, 2706, 2722, 
2559, 2256, 1900, 1583, 1392, 1381, 1662, 1997, 2348, 2619, 
2737, 2671, 2438, 2098, 1748, 1478, 1363, 1438, 1678, 2017, 
2368, 2631, 2729, 2584, 2294, 1938, 1609, 1403, 1373, 1528, 
1824, 2179, 2501, 2701, 2727, 2569, 2273, 1916, 1500, 1366, 
1421, 1647, 1980, 2334, 2610, 2735, 2676, 2451, 2114, 1762, 
1486, 1364, 1427, 1665, 2142, 2471, 2687, 2732, 2593, 2308, 
1952, 1624, 1411, 1372, 1516, 1808, 2164, 2488, 2694, 2728, 
2480, 2151, 1798, 1510, 1368, 1415, 1633, 1964, 2319, 2599, 
2732, 2682, 2463, 2129, 1777, 1497, 1364, 1493, 1772, 2124, 
2460, 2680, 2734, 2604, 2323, 1969, 1637, 1416, 1368, 1507, 
1793, 2147, 2576, 2727, 2696, 2493, 2169, 1812, 1519, 1371, 
1408, 1619, 1948, 2303, 2590, 2731, 2689, 2479, 2005, 1668, 
1432, 1365, 1485, 1758, 2110, 2446, 2673, 2736, 2609, 2339, 
1985, 1651, 1423, 1365, 1591, 1911, 2268, 2564, 2726, 2702, 
2504, 2184, 1828, 1530, 1374, 1402, 1608, 1932, 2288, 2579, 
2737, 2632, 2372, 2696, 2723, 2567, 2271, 1914, 1595, 1397, 
1376, 1539, 1841, 2197, 2515, 2703, 2674, 2450, 2113, 1761, 
1486, 1363, 1427, 1663, 1998, 2351, 2618, 2736, 2665, 2431, 
2091, 1743, 1408, 1368, 1515, 1804, 2160, 2486, 2691, 2727, 
2577, 2288, 1931, 1606, 1401, 1374, 1529, 1826, 2317, 2596, 
2731, 2681, 2462, 2131, 1777, 1496, 1367, 1422, 1650, 1984, 
2336, 2611, 2734, 2673, 2322, 1968, 1637, 1416, 1367, 1505, 
1790, 2144, 2475, 2686, 2729, 2588, 2303, 1947, 1620, 1408, 
1407, 1618, 1945, 2300, 2588, 2729, 2687, 2475, 2147, 1792, 
1507, 1367, 1415, 1636, 1967, 2322, 2672, 2735, 2612, 2339, 
1987, 1652, 1423, 1364, 1496, 1777, 2129, 2463, 2681, 2732, 
2599, 2319, 1828, 1531, 1372, 1403, 1607, 1929, 2287, 2577, 
2727, 2693, 2488, 2163, 1808, 1515, 1371, 1408, 1742, 2094, 
2431, 2665, 2736, 2620, 2353, 2000, 1665, 1429, 1364, 1486, 
1761, 2112, 2449, 2675, 2707, 2518, 2200, 1843, 1543, 1377, 
1395, 1595, 1915, 2272, 2568, 2724, 2700, 2499, 2180, 1824, 
1447, 1362, 1466, 1729, 2074, 2417, 2659, 2737, 2630, 2368, 
2017, 1679, 1436, 1362, 1477, 1747, 2235, 2543, 2716, 2712, 
2529, 2216, 1859, 1553, 1380, 1391, 1582, 1898, 2255, 2556, 
2720, 2704, 2402, 2056, 1711, 1456, 1363, 1457, 1713, 2059, 
2403, 2652, 2737, 2638, 2383, 2035, 1692, 1444, 1382, 1554, 
1862, 2220, 2532, 2712, 2716, 2541, 2233, 1875, 1565, 1385, 
1387, 1571, 1883, 2240, 2631, 2737, 2658, 2416, 2072, 1726, 
1464, 1363, 1448, 1699, 2043, 2390, 2643, 2737, 2649, 2397, 
1912, 1593, 1396, 1377, 1543, 1847, 2204, 2520, 2707, 2720, 
2553, 2248, 1891, 1575, 1390, 1382, 1668, 2003, 2355, 2623, 
2737, 2665, 2430, 2089, 1739, 1474, 1363, 1440, 1686, 2024, 
2376, 2633, 2727, 2576, 2287, 1927, 1606, 1401, 1374, 1532, 
1831, 2187, 2507, 2703, 2723, 2563, 2264, 1907, 1495, 1366, 
1424, 1653, 1987, 2342, 2615, 2736, 2673, 2444, 2105, 1755, 
1483, 1363, 1432, 1671, 2150, 2480, 2689, 2729, 2587, 2300, 
1944, 1617, 1408, 1372, 1523, 1816, 2172, 2496, 2697, 2727, 
2473, 2144, 1790, 1505, 1367, 1419, 1639, 1972, 2326, 2605, 
2735, 2679, 2456, 2122, 1770, 1492, 1366, 1499, 1782, 2134, 
2466, 2684, 2732, 2598, 2316, 1960, 1631, 1413, 1369, 1511, 
1800, 2155, 2580, 2729, 2695, 2488, 2160, 1805, 1514, 1369, 
1411, 1628, 1955, 2311, 2594, 2732, 2684, 2470, 1998, 1662, 
1427, 1364, 1489, 1766, 2118, 2452, 2676, 2735, 2607, 2330, 
1977, 1644, 1420, 1368, 1599, 1920, 2278, 2571, 2727, 2700, 
2499, 2176, 1819, 1525, 1373, 1406, 1615, 1940, 2300, 2585, 
2739, 2628, 2366, 2014, 1676, 1435, 1363, 1481, 1752, 2101, 
2440, 2671, 2736, 2617, 2347, 1993, 1551, 1379, 1392, 1585, 
1902, 2259, 2559, 2723, 2704, 2511, 2191, 1836, 1536, 1375, 
1400, 1603, 2062, 2407, 2653, 2738, 2637, 2380, 2031, 1688, 
1443, 1363, 1470, 1737, 2084, 2425, 2664, 2738, 2540, 2230, 
1872, 1561, 1384, 1387, 1574, 1886, 2243, 2550, 2719, 2711, 
2521, 2208, 1852, 1549, 1363, 1450, 1703, 2047, 2395, 2645, 
2738, 2646, 2395, 2047, 1703, 1451, 1363, 1463, 1723, 2067, 
2523, 2711, 2719, 2551, 2246, 1887, 1573, 1389, 1384, 1561, 
1871, 2230, 2540, 2716, 2715, 2535, 2084, 1738, 1473, 1363, 
1443, 1689, 2031, 2380, 2637, 2739, 2655, 2408, 2063, 1716, 
1459, 1363, 1537, 1835, 2191, 2510, 2704, 2723, 2561, 2259, 
1903, 1586, 1392, 1380, 1551, 1855, 2213, 2527, 2736, 2672, 
2440, 2102, 1751, 1481, 1364, 1436, 1676, 2014, 2366, 2628, 
2739, 2661, 2423, 2079, 1615, 1406, 1373, 1526, 1820, 2175, 
2499, 2699, 2727, 2571, 2276, 1920, 1598, 1399, 1377, 1540, 
1976, 2331, 2608, 2735, 2678, 2452, 2118, 1766, 1489, 1364, 
1428, 1662, 1996, 2350, 2620, 2737, 2595, 2302, 1907, 1569, 
1377, 1421, 1657, 2003, 2364, 2630, 2737, 2656, 2384, 2037, 
1695, 1445, 1381, 1553, 1860, 2217, 2531, 2711, 2716, 2544, 
2234, 1876, 1566, 1386, 1387, 1569, 1881, 2239, 2630, 2738, 
2659, 2418, 2075, 1727, 1465, 1362, 1448, 1698, 2040, 2389, 
2643, 2739, 2649, 2400, 1914, 1594, 1395, 1376, 1542, 1845, 
2201, 2518, 2707, 2720, 2556, 2251, 1893, 1577, 1390, 1382, 
1665, 2001, 2355, 2623, 2737, 2668, 2432, 2091, 1742, 1473, 
1363, 1439, 1683, 2023, 2372, 2632, 2728, 2579, 2288, 1930, 
1608, 1402, 1375, 1532, 1829, 2185, 2505, 2703, 2724, 2566, 
2266, 1909, 1496, 1366, 1423, 1651, 1985, 2339, 2613, 2735, 
2673, 2446, 2108, 1755, 1484, 1363, 1432, 1668, 2147, 2479, 
2688, 2729, 2588, 2303, 1945, 1619, 1407, 1372, 1521, 1814, 
2169, 2494, 2696, 2727, 2475, 2145, 1792, 1506, 1367, 1417, 
1638, 1971, 2324, 2604, 2735, 2680, 2460, 2125, 1771, 1492, 
1364, 1497, 1779, 2131, 2463, 2683, 2734, 2598, 2318, 1963, 
1632, 1415, 1369, 1510, 1798, 2153, 2579, 2729, 2695, 2488, 
2163, 1807, 1514, 1369, 1413, 1625, 1953, 2309, 2593, 2732, 
2686, 2471, 1999, 1663, 1428, 1365, 1488, 1764, 2115, 2451, 
2677, 2736, 2609, 2332, 1978, 1646, 1422, 1367, 1597, 1916, 
2273, 2569, 2726, 2700, 2500, 2179, 1822, 1527, 1373, 1406, 
1612, 1937, 2295, 2583, 2738, 2630, 2367, 2016, 1678, 1435, 
1363, 1478, 1750, 2097, 2438, 2670, 2736, 2619, 2349, 1995, 
1553, 1380, 1392, 1582, 1901, 2257, 2559, 2723, 2705, 2513, 
2194, 1837, 1537, 1376, 1399, 1600, 2061, 2407, 2652, 2737, 
2638, 2381, 2033, 1692, 1443, 1363, 1470, 1735, 2082, 2424, 
2663, 2739, 2540, 2231, 1872, 1563, 1385, 1388, 1572, 1884, 
2242, 2547, 2719, 2710, 2524, 2211, 1853, 1549, 1362, 1449, 
1702, 2044, 2392, 2644, 2738, 2647, 2396, 2049, 1705, 1452, 
1363, 1462, 1720, 2067, 2521, 2708, 2720, 2552, 2248, 1888, 
1575, 1390, 1384, 1559, 1869, 2226, 2537, 2714, 2716, 2537, 
2087, 1739, 1472, 1363, 1442, 1687, 2028, 2378, 2636, 2738, 
2655, 2411, 2066, 1719, 1461, 1363, 1536, 1833, 2190, 2509, 
2704, 2723, 2563, 2262, 1905, 1588, 1394, 1380, 1550, 1854, 
2212, 2525, 2736, 2672, 2441, 2104, 1752, 1482, 1363, 1435, 
1672, 2011, 2363, 2627, 2737, 2663, 2424, 2082, 1616, 1407, 
1372, 1525, 1817, 2172, 2497, 2699, 2727, 2574, 2278, 1921, 
1599, 1400, 1376, 1539, 1974, 2328, 2604, 2735, 2679, 2455, 
2119, 1766, 1490, 1364, 1427, 1660, 1994, 2348, 2619, 2736, 
2596, 2313, 1958, 1628, 1414, 1370, 1513, 1803, 2157, 2484, 
2692, 2729, 2584, 2295, 1936, 1611, 1369, 1413, 1628, 1957, 
2313, 2598, 2732, 2684, 2468, 2136, 1784, 1501, 1367, 1421, 
1646, 1980, 2455, 2679, 2735, 2606, 2328, 1975, 1643, 1419, 
1367, 1503, 1787, 2140, 2473, 2686, 2732, 2593, 2175, 1817, 
1523, 1372, 1406, 1615, 1941, 2298, 2585, 2731, 2691, 2482, 
2153, 1799, 1511, 1369, 1482, 1753, 2103, 2441, 2672, 2737, 
2616, 2344, 1991, 1656, 1426, 1365, 1493, 1772, 2124, 2459, 
2721, 2705, 2511, 2190, 1833, 1536, 1376, 1401, 1603, 1925, 
2282, 2576, 2727, 2697, 2494, 2169, 1688, 1441, 1363, 1472, 
1739, 2087, 2429, 2663, 2736, 2625, 2359, 2007, 1670, 1432, 
1366, 1485, 1888, 2246, 2550, 2719, 2708, 2522, 2206, 1849, 
1547, 1379, 1394, 1590, 1910, 2266, 2566, 2724, 2644, 2392, 
2045, 1702, 1451, 1362, 1463, 1724, 2070, 2414, 2657, 2739, 
2634, 2374, 2024, 1683, 1387, 1384, 1564, 1873, 2231, 2540, 
2716, 2713, 2535, 2223, 1865, 1558, 1383, 1390, 1579, 1893, 
2382, 2640, 2739, 2652, 2407, 2060, 1717, 1459, 1361, 1454, 
1711, 2055, 2400, 2649, 2738, 2643, 2259, 1902, 1585, 1393, 
1380, 1552, 1857, 2216, 2528, 2711, 2718, 2546, 2239, 1880, 
1568, 1388, 1436, 1676, 2015, 2366, 2628, 2737, 2662, 2422, 
2615, 2733, 2668, 2437, 2099, 1747, 1478, 1363, 1511, 1800, 
2154, 2480, 2689, 2727, 2583, 2292, 1936, 1612, 1406, 1372, 
1527, 1819, 2176, 2497, 2730, 2683, 2467, 2134, 1783, 1500, 
1366, 1419, 1644, 1976, 2330, 2607, 2732, 2675, 2451, 2114, 
1642, 1417, 1366, 1502, 1785, 2140, 2471, 2684, 2731, 2592, 
2309, 1953, 1626, 1410, 1370, 1515, 1939, 2296, 2584, 2728, 
2690, 2481, 2153, 1798, 1511, 1370, 1414, 1630, 1961, 2316, 
2598, 2732, 2616, 2344, 1992, 1656, 1426, 1364, 1495, 1771, 
2124, 2456, 2678, 2732, 2604, 2324, 1970, 1639, 1374, 1399, 
1601, 1923, 2280, 2574, 2726, 2695, 2494, 2170, 1814, 1524, 
1372, 1407, 1617, 1945, 2428, 2663, 2736, 2625, 2360, 2007, 
1671, 1432, 1364, 1484, 1756, 2105, 2444, 2673, 2736, 2615, 
2207, 1850, 1547, 1379, 1394, 1589, 1907, 2265, 2566, 2723, 
2702, 2505, 2186, 1828, 1532, 1372, 1460, 1723, 2069, 2412, 
2656, 2737, 2632, 2373, 2024, 1684, 1439, 1362, 1474, 1742, 
2090, 2431, 2715, 2713, 2535, 2223, 1866, 1556, 1382, 1388, 
1577, 1891, 2249, 2553, 2719, 2707, 2517, 2201, 1718, 1459, 
1363, 1454, 1708, 2054, 2398, 2648, 2737, 2642, 2389, 2041, 
1698, 1448, 1363, 1465, 1856, 2214, 2525, 2711, 2718, 2547, 
2239, 1881, 1568, 1387, 1385, 1567, 1879, 2234, 2542, 2716, 
2662, 2422, 2079, 1732, 1468, 1362, 1445, 1694, 2036, 2384, 
2640, 2739, 2652, 2403, 2058, 1712, 1398, 1376, 1541, 1841, 
2199, 2515, 2707, 2721, 2557, 2255, 1899, 1582, 1392, 1381, 
1553, 1862, 2351, 2620, 2737, 2669, 2436, 2096, 1745, 1476, 
1363, 1438, 1679, 2019, 2370, 2630, 2738, 2660, 2291, 1933, 
1609, 1402, 1372, 1530, 1826, 2182, 2503, 2701, 2726, 2567, 
2271, 1913, 1595, 1396, 1422, 1648, 1982, 2335, 2612, 2735, 
2675, 2449, 2112, 1761, 1485, 1363, 1430, 1666, 2003, 2355, 
2687, 2731, 2591, 2305, 1949, 1621, 1409, 1371, 1519, 1809, 
2165, 2491, 2695, 2728, 2579, 2287, 1795, 1509, 1368, 1416, 
1634, 1965, 2321, 2600, 2734, 2683, 2462, 2128, 1776, 1496, 
1366, 1423, 1775, 2128, 2462, 2683, 2734, 2603, 2321, 1967, 
1636, 1415, 1368, 1507, 1795, 2150, 2479, 2689, 2695, 2492, 
2167, 1811, 1521, 1371, 1409, 1621, 1950, 2305, 2591, 2732, 
2688, 2476, 2145, 1795, 1431, 1364, 1486, 1759, 2111, 2447, 
2675, 2736, 2612, 2336, 1983, 1649, 1422, 1365, 1497, 1780, 
2270, 2567, 2724, 2700, 2503, 2184, 1826, 1529, 1374, 1403, 
1608, 1932, 2291, 2583, 2728, 2694, 2371, 2019, 1681, 1438, 
1362, 1477, 1744, 2094, 2434, 2668, 2736, 2622, 2352, 1999, 
1663, 1427, 1392, 1580, 1897, 2253, 2555, 2720, 2705, 2515, 
2199, 1841, 1540, 1377, 1398, 1596, 1917, 2275, 2649, 2737, 
2640, 2384, 2037, 1695, 1446, 1361, 1467, 1731, 2078, 2422, 
2660, 2737, 2630, 2367, 1878, 1566, 1386, 1387, 1568, 1880, 
2239, 2545, 2718, 2711, 2528, 2215, 1856, 1553, 1380, 1392, 
1697, 2040, 2387, 2640, 2738, 2649, 2400, 2054, 1709, 1455, 
1362, 1459, 1715, 2062, 2406, 2653, 2720, 2555, 2251, 1892, 
1579, 1392, 1383, 1556, 1864, 2224, 2534, 2712, 2715, 2540, 
2231, 1873, 1474, 1363, 1439, 1683, 2023, 2374, 2631, 2737, 
2657, 2414, 2069, 1724, 1463, 1363, 1450, 1702, 2185, 2505, 
2704, 2725, 2566, 2265, 1910, 1591, 1395, 1378, 1546, 1849, 
2207, 2521, 2709, 2719, 2444, 2110, 1756, 1484, 1363, 1432, 
1670, 2007, 2359, 2625, 2739, 2665, 2428, 2087, 1739, 1472, 
1371, 1522, 1814, 2168, 2492, 2697, 2727, 2575, 2284, 1926, 
1604, 1400, 1375, 1535, 1833, 2190, 2603, 2735, 2680, 2459, 
2124, 1773, 1493, 1366, 1425, 1656, 1990, 2343, 2616, 2736, 
2671, 2444, 1963, 1632, 1415, 1370, 1511, 1799, 2153, 2481, 
2691, 2730, 2585, 2299, 1943, 1616, 1408, 1373, 1625, 1953, 
2310, 2593, 2732, 2686, 2467, 2110, 1742, 1462, 1366, 1539, 
1855, 2227, 2542, 2718, 2657, 2396, 2048, 1705, 1452, 1363, 
1461, 1720, 2067, 2411, 2655, 2737, 2635, 2376, 2027, 1688, 
1390, 1384, 1560, 1870, 2227, 2537, 2715, 2713, 2536, 2227, 
1870, 1560, 1384, 1390, 1575, 1889, 2379, 2636, 2739, 2655, 
2409, 2065, 1718, 1459, 1363, 1452, 1707, 2051, 2396, 2646, 
2737, 2644, 2262, 1907, 1587, 1394, 1382, 1548, 1853, 2209, 
2526, 2710, 2716, 2548, 2241, 1884, 1571, 1388, 1433, 1672, 
2012, 2363, 2625, 2737, 2663, 2424, 2081, 1734, 1470, 1363, 
1444, 1691, 2033, 2383, 2699, 2724, 2572, 2279, 1921, 1600, 
1400, 1376, 1539, 1839, 2195, 2512, 2705, 2721, 2558, 2256, 
1767, 1489, 1364, 1426, 1660, 1995, 2348, 2620, 2736, 2670, 
2433, 2097, 1747, 1477, 1363, 1436, 1803, 2157, 2484, 2692, 
2728, 2583, 2294, 1937, 1612, 1404, 1373, 1528, 1823, 2179, 
2499, 2700, 2684, 2467, 2136, 1783, 1500, 1367, 1420, 1647, 
1979, 2334, 2609, 2734, 2676, 2450, 2115, 1761, 1419, 1368, 
1503, 1788, 2141, 2471, 2686, 2732, 2593, 2308, 1952, 1624, 
1410, 1370, 1516, 1807, 2297, 2585, 2729, 2691, 2480, 2152, 
1798, 1511, 1369, 1414, 1631, 1962, 2319, 2599, 2734, 2683, 
2343, 1992, 1656, 1425, 1365, 1493, 1772, 2124, 2460, 2680, 
2734, 2604, 2324, 1969, 1638, 1416, 1401, 1604, 1926, 2282, 
2575, 2728, 2697, 2492, 2168, 1812, 1520, 1371, 1407, 1620, 
1947, 2303, 2665, 2736, 2624, 2359, 2007, 1670, 1431, 1363, 
1485, 1757, 2108, 2446, 2674, 2736, 2613, 2339, 1848, 1544, 
1379, 1395, 1591, 1911, 2267, 2564, 2724, 2702, 2504, 2185, 
1828, 1532, 1374, 1403, 1724, 2071, 2415, 2657, 2739, 2632, 
2373, 2023, 1683, 1439, 1363, 1475, 1743, 2093, 2432, 2668, 
2713, 2535, 2224, 1864, 1557, 1383, 1390, 1579, 1893, 2252, 
2553, 2721, 2707, 2518, 2200, 1844, 1459, 1363, 1454, 1710, 
2053, 2400, 2650, 2736, 2642, 2387, 2040, 1697, 1448, 1363, 
1467, 1729, 2214, 2528, 2712, 2718, 2546, 2238, 1879, 1568, 
1387, 1385, 1566, 1878, 2236, 2544, 2718, 2712, 2420, 2078, 
1731, 1468, 1363, 1446, 1695, 2038, 2386, 2640, 2737, 2650, 
2402, 2057, 1712, 1455, 1376, 1540, 1840, 2199, 2515, 2707, 
2721, 2555, 2255, 1896, 1580, 1392, 1381, 1555, 1863, 2220, 
2620, 2737, 2668, 2434, 2094, 1743, 1476, 1363, 1438, 1681, 
2020, 2371, 2632, 2737, 2659, 2416, 1933, 1609, 1401, 1374, 
1529, 1827, 2183, 2507, 2703, 2727, 2567, 2269, 1912, 1593, 
1396, 1378, 1650, 1982, 2336, 2612, 2735, 2675, 2447, 2111, 
1759, 1484, 1365, 1431, 1668, 2004, 2357, 2624, 2732, 2590, 
2304, 1948, 1621, 1408, 1371, 1519, 1811, 2168, 2491, 2696, 
2727, 2577, 2285, 1928, 1508, 1368, 1416, 1635, 1967, 2322, 
2603, 2735, 2681, 2460, 2127, 1774, 1494, 1367, 1424, 1654, 
2129, 2463, 2682, 2734, 2600, 2320, 1966, 1635, 1416, 1368, 
1508, 1796, 2148, 2479, 2690, 2731, 2491, 2164, 1808, 1518, 
1370, 1409, 1623, 1951, 2307, 2592, 2731, 2688, 2475, 2144, 
1790, 1504, 1366, 1487, 1761, 2112, 2448, 2675, 2736, 2611, 
2335, 1982, 1648, 1422, 1366, 1498, 1781, 2134, 2567, 2724, 
2700, 2502, 2180, 1823, 1529, 1374, 1404, 1611, 1935, 2292, 
2584, 2728, 2694, 2487, 2020, 1681, 1436, 1363, 1478, 1747, 
2096, 2435, 2670, 2736, 2620, 2351, 1998, 1662, 1428, 1365, 
1582, 1897, 2255, 2556, 2721, 2705, 2515, 2198, 1839, 1539, 
1375, 1396, 1598, 1919, 2275, 2571, 2737, 2639, 2383, 2035, 
1694, 1446, 1363, 1468, 1733, 2080, 2423, 2662, 2739, 2628, 
2365, 2015, 1565, 1386, 1388, 1569, 1887, 2240, 2545, 2718, 
2711, 2528, 2214, 1856, 1551, 1379, 1392, 1586, 2041, 2390, 
2641, 2738, 2648, 2398, 2052, 1708, 1454, 1363, 1460, 1718, 
2063, 2407, 2654, 2738, 2553, 2248, 1891, 1577, 1391, 1383, 
1558, 1867, 2224, 2535, 2713, 2716, 2539, 2230, 2704, 2716, 
2444, 2108, 1758, 1486, 1362, 1428, 1665, 2000, 2352, 2619, 
2736, 2663, 2428, 2088, 1740, 1472, 1369, 1516, 1808, 2164, 
2488, 2692, 2725, 2576, 2284, 1927, 1605, 1400, 1373, 1532, 
1828, 2183, 2599, 2732, 2680, 2459, 2126, 1774, 1495, 1364, 
1422, 1651, 1985, 2339, 2612, 2734, 2672, 2443, 1965, 1634, 
1415, 1366, 1504, 1793, 2147, 2476, 2687, 2729, 2586, 2300, 
1943, 1618, 1407, 1371, 1621, 1949, 2303, 2590, 2731, 2685, 
2473, 2144, 1790, 1505, 1367, 1416, 1638, 1971, 2324, 2603, 
2735, 2609, 2335, 1983, 1648, 1420, 1366, 1499, 1779, 2132, 
2464, 2682, 2732, 2597, 2316, 1961, 1527, 1372, 1404, 1608, 
1932, 2289, 2579, 2726, 2692, 2485, 2166, 1806, 1515, 1368, 
1409, 1625, 2094, 2432, 2667, 2734, 2618, 2351, 1999, 1662, 
1428, 1364, 1489, 1763, 2115, 2451, 2679, 2735, 2515, 2196, 
1840, 1541, 1377, 1398, 1597, 1918, 2274, 2569, 2726, 2699, 
2499, 2175, 1820, 1526, 1362, 1465, 1731, 2079, 2422, 2660, 
2736, 2627, 2366, 2015, 1679, 1435, 1363, 1479, 1749, 2099, 
2545, 2718, 2711, 2528, 2214, 1856, 1551, 1380, 1392, 1583, 
1901, 2257, 2559, 2721, 2707, 2513, 2053, 1708, 1454, 1363, 
1459, 1716, 2061, 2406, 2654, 2737, 2636, 2380, 2032, 1690, 
1443, 1363, 1558, 1864, 2223, 2534, 2712, 2715, 2539, 2230, 
1871, 1563, 1384, 1388, 1571, 1885, 2243, 2548, 2737, 2657, 
2414, 2070, 1723, 1463, 1363, 1451, 1701, 2047, 2393, 2645, 
2739, 2646, 2395, 2049, 1591, 1395, 1379, 1548, 1850, 2206, 
2522, 2710, 2719, 2549, 2244, 1888, 1575, 1388, 1383, 1560, 
2008, 2360, 2625, 2736, 2664, 2428, 2087, 1737, 1472, 1363, 
1441, 1687, 2028, 2378, 2636, 2739, 2575, 2282, 1925, 1604, 
1400, 1375, 1535, 1835, 2191, 2511, 2703, 2723, 2561, 2262, 
1904, 1589, 1366, 1426, 1657, 1991, 2343, 2616, 2736, 2672, 
2440, 2103, 1752, 1481, 1363, 1435, 1673, 2013, 2483, 2689, 
2731, 2585, 2300, 1940, 1615, 1407, 1373, 1524, 1819, 2175, 
2499, 2698, 2727, 2574, 2140, 1787, 1504, 1367, 1419, 1643, 
1976, 2329, 2607, 2735, 2680, 2455, 2119, 1767, 1491, 1365, 
1501, 1786, 2137, 2469, 2685, 2732, 2596, 2312, 1959, 1629, 
1414, 1369, 1514, 1804, 2159, 2486, 2729, 2692, 2486, 2156, 
1803, 1513, 1369, 1413, 1630, 1959, 2315, 2599, 2733, 2685, 
2467, 2136, 1657, 1427, 1365, 1491, 1768, 2120, 2455, 2678, 
2735, 2607, 2328, 1974, 1643, 1418, 1368, 1503, 1922, 2279, 
2573, 2727, 2697, 2497, 2175, 1818, 1523, 1372, 1407, 1616, 
1945, 2299, 2587, 2729, 2627, 2364, 2012, 1673, 1433, 1364, 
1483, 1753, 2105, 2443, 2672, 2736, 2616, 2344, 1991, 1655, 
1381, 1395, 1583, 1905, 2264, 2562, 2723, 2703, 2509, 2190, 
1833, 1535, 1375, 1401, 1604, 1927, 2412, 2655, 2737, 2635, 
2377, 2028, 1687, 1441, 1363, 1472, 1739, 2087, 2430, 2665, 
2737, 2623, 2227, 1868, 1560, 1384, 1389, 1576, 1891, 2247, 
2551, 2720, 2708, 2521, 2206, 1848, 1544, 1377, 1452, 1707, 
2049, 2396, 2647, 2736, 2644, 2392, 2045, 1700, 1451, 1362, 
1464, 1726, 2071, 2416, 2711, 2718, 2548, 2242, 1887, 1571, 
1387, 1385, 1563, 1873, 2232, 2540, 2716, 2713, 2534, 2222, 
1734, 1470, 1364, 1444, 1691, 2032, 2383, 2639, 2739, 2652, 
2407, 2060, 1715, 1458, 1363, 1455, 1838, 2195, 2515, 2705, 
2721, 2559, 2257, 1900, 1584, 1393, 1380, 1553, 1858, 2215, 
2529, 2712, 2672, 2439, 2099, 1748, 1478, 1364, 1437, 1677, 
2016, 2367, 2630, 2737, 2660, 2421, 2077, 1729, 1405, 1372, 
1528, 1823, 2179, 2499, 2700, 2726, 2571, 2273, 1913, 1596, 
1398, 1377, 1541, 1843, 2332, 2610, 2735, 2676, 2451, 2115, 
1763, 1488, 1364, 1428, 1664, 2000, 2352, 2620, 2736, 2668, 
2308, 1952, 1625, 1411, 1369, 1515, 1807, 2162, 2488, 2694, 
2727, 2579, 2268, 1869, 1543, 1367, 1512, 1833, 2203, 2521, 
2710, 2716, 2531, 2216, 1859, 1555, 1381, 1393, 1582, 1899, 
2256, 2556, 2737, 2651, 2401, 2055, 1710, 1456, 1362, 1456, 
1715, 2059, 2403, 2652, 2739, 2639, 2383, 2035, 1580, 1391, 
1382, 1555, 1862, 2220, 2532, 2712, 2716, 2540, 2232, 1875, 
1565, 1385, 1388, 1571, 2020, 2371, 2631, 2737, 2657, 2416, 
2072, 1725, 1465, 1363, 1448, 1699, 2044, 2392, 2643, 2739, 
2567, 2269, 1912, 1592, 1396, 1378, 1547, 1848, 2206, 2520, 
2707, 2720, 2552, 2249, 1890, 1575, 1363, 1431, 1667, 2006, 
2358, 2624, 2737, 2666, 2430, 2089, 1740, 1472, 1363, 1440, 
1684, 2026, 2492, 2696, 2727, 2577, 2284, 1927, 1605, 1401, 
1375, 1534, 1832, 2188, 2508, 2703, 2723, 2563, 2127, 1774, 
1495, 1366, 1424, 1654, 1990, 2343, 2615, 2735, 2672, 2443, 
2104, 1754, 1483, 1364, 1509, 1796, 2151, 2480, 2691, 2732, 
2585, 2300, 1944, 1617, 1406, 1372, 1523, 1816, 2172, 2495, 
2732, 2687, 2474, 2142, 1789, 1504, 1368, 1419, 1639, 1973, 
2327, 2605, 2735, 2680, 2456, 2121, 1647, 1421, 1365, 1500, 
1782, 2134, 2467, 2684, 2733, 2598, 2316, 1959, 1631, 1413, 
1369, 1512, 1935, 2292, 2582, 2729, 2695, 2487, 2160, 1805, 
1515, 1369, 1411, 1628, 1958, 2313, 2596, 2732, 2620, 2351, 
1998, 1662, 1429, 1366, 1490, 1767, 2119, 2455, 2679, 2735, 
2608, 2329, 1977, 1643, 1376, 1398, 1599, 1920, 2275, 2572, 
2726, 2698, 2499, 2175, 1819, 1521, 1372, 1407, 1615, 1940, 
2423, 2661, 2738, 2628, 2366, 2014, 1676, 1434, 1363, 1481, 
1750, 2101, 2441, 2672, 2737, 2619, 2214, 1855, 1551, 1380, 
1393, 1586, 1903, 2260, 2561, 2721, 2705, 2510, 2191, 1835, 
1536, 1375, 1458, 1718, 2064, 2407, 2654, 2740, 2635, 2377, 
2028, 1688, 1443, 1363, 1470, 1736, 2086, 2428, 2712, 2715, 
2538, 2230, 1872, 1561, 1383, 1390, 1575, 1888, 2246, 2551, 
2719, 2710, 2521, 2208, 1721, 1462, 1362, 1451, 1704, 2047, 
2395, 2646, 2738, 2646, 2394, 2048, 1703, 1452, 1362, 1462, 
1851, 2207, 2522, 2711, 2719, 2552, 2244, 1886, 1573, 1388, 
1384, 1560, 1872, 2230, 2538, 2716, 2663, 2428, 2084, 1737, 
1472, 1363, 1443, 1689, 2031, 2380, 2638, 2739, 2653, 2408, 
2063, 1717, 1400, 1376, 1537, 1836, 2193, 2511, 2707, 2723, 
2560, 2259, 1902, 1586, 1393, 1380, 1551, 1855, 2345, 2617, 
2736, 2672, 2440, 2100, 1750, 1480, 1363, 1436, 1674, 2014, 
2365, 2627, 2739, 2662, 2296, 1939, 1614, 1406, 1373, 1526, 
1819, 2176, 2499, 2700, 2726, 2571, 2275, 1919, 1598, 1397, 
1419, 1644, 1976, 2331, 2608, 2735, 2677, 2452, 2116, 1766, 
1489, 1363, 1427, 1662, 1996, 2351, 2686, 2732, 2593, 2311, 
1956, 1628, 1412, 1369, 1515, 1805, 2160, 2487, 2694, 2728, 
2581, 2291, 1800, 1512, 1372, 1413, 1630, 1960, 2316, 2597, 
2734, 2684, 2467, 2133, 1782, 1499, 1366, 1422, 1771, 2121, 
2456, 2680, 2735, 2606, 2326, 1973, 1640, 1418, 1368, 1503, 
1788, 2144, 2474, 2687, 2697, 2496, 2174, 1816, 1526, 1372, 
1407, 1616, 1944, 2300, 2588, 2731, 2689, 2478, 2150, 1795, 
1433, 1363, 1484, 1754, 2105, 2443, 2673, 2737, 2615, 2342, 
1990, 1654, 1424, 1365, 1496, 1774, 2264, 2565, 2724, 2703, 
2508, 2186, 1831, 1534, 1374, 1401, 1606, 1929, 2285, 2577, 
2727, 2696, 2375, 2027, 1684, 1440, 1363, 1473, 1740, 2088, 
2431, 2666, 2737, 2624, 2358, 2007, 1666, 1430, 1390, 1578, 
1891, 2248, 2552, 2720, 2708, 2521, 2204, 1847, 1544, 1378, 
1395, 1593, 1912, 2269, 2648, 2737, 2643, 2391, 2043, 1699, 
1449, 1363, 1464, 1727, 2073, 2417, 2659, 2738, 2635, 2369, 
1883, 1570, 1387, 1385, 1564, 1876, 2235, 2543, 2716, 2712, 
2531, 2220, 1863, 1555, 1381, 1391, 1692, 2035, 2384, 2640, 
2739, 2652, 2404, 2060, 1712, 1455, 1364, 1456, 1710, 2057, 
2403, 2651, 2722, 2559, 2256, 2696, 2723, 2569, 2275, 1918, 
1598, 1398, 1376, 1538, 1838, 2195, 2513, 2703, 2676, 2452, 
2116, 1764, 1489, 1364, 1425, 1660, 1995, 2348, 2617, 2735, 
2668, 2435, 2096, 1746, 1411, 1368, 1513, 1802, 2158, 2483, 
2691, 2727, 2580, 2291, 1934, 1612, 1402, 1372, 1528, 1824, 
2314, 2595, 2731, 2683, 2464, 2132, 1782, 1499, 1366, 1420, 
1647, 1980, 2332, 2608, 2734, 2675, 2326, 1972, 1640, 1419, 
1367, 1502, 1788, 2141, 2472, 2686, 2728, 2591, 2307, 1951, 
1623, 1409, 1406, 1617, 1942, 2297, 2585, 2728, 2689, 2479, 
2151, 1795, 1510, 1368, 1414, 1633, 1964, 2318, 2672, 2735, 
2618, 2343, 1991, 1655, 1425, 1364, 1492, 1773, 2124, 2459, 
2680, 2734, 2601, 2321, 1832, 1534, 1375, 1400, 1604, 1926, 
2283, 2575, 2727, 2695, 2492, 2167, 1811, 1520, 1371, 1408, 
1739, 2088, 2430, 2664, 2735, 2622, 2358, 2006, 1668, 1430, 
1364, 1485, 1758, 2108, 2445, 2675, 2707, 2520, 2204, 1847, 
1545, 1378, 1395, 1592, 1912, 2269, 2566, 2723, 2700, 2504, 
2183, 1826, 1449, 1362, 1463, 1726, 2070, 2415, 2656, 2737, 
2631, 2372, 2022, 1681, 1439, 1363, 1475, 1744, 2232, 2539, 
2715, 2713, 2531, 2222, 1863, 1557, 1382, 1391, 1580, 1895, 
2252, 2553, 2719, 2706, 2403, 2058, 1712, 1457, 1363, 1455, 
1710, 2055, 2400, 2648, 2737, 2640, 2385, 2040, 1695, 1446, 
1381, 1551, 1857, 2215, 2528, 2712, 2716, 2544, 2236, 1877, 
1567, 1387, 1386, 1568, 1878, 2238, 2628, 2738, 2660, 2418, 
2076, 1730, 1467, 1360, 1446, 1696, 2039, 2387, 2641, 2739, 
2649, 2400, 1915, 1596, 1397, 1377, 1542, 1843, 2200, 2519, 
2707, 2720, 2555, 2252, 1893, 1579, 1391, 1382, 1664, 2001, 
2352, 2620, 2736, 2667, 2432, 2092, 1743, 1476, 1362, 1438, 
1682, 2022, 2372, 2631, 2727, 2579, 2288, 1932, 1611, 1400, 
1373, 1531, 1827, 2187, 2504, 2701, 2723, 2567, 2268, 1910, 
1497, 1366, 1423, 1650, 1984, 2337, 2613, 2736, 2675, 2447, 
2110, 1758, 1485, 1364, 1431, 1668, 2145, 2479, 2688, 2732, 
2590, 2303, 1948, 1621, 1408, 1371, 1519, 1812, 2168, 2492, 
2695, 2727, 2476, 2147, 1792, 1507, 1368, 1416, 1636, 1968, 
2323, 2603, 2734, 2680, 2459, 2126, 1774, 1493, 1366, 1496, 
1777, 2129, 2463, 2683, 2732, 2600, 2319, 1964, 1632, 1414, 
1368, 1509, 1798, 2151, 2579, 2727, 2695, 2490, 2164, 1808, 
1518, 1371, 1410, 1623, 1952, 2307, 2592, 2731, 2687, 2473, 
2003, 1665, 1430, 1366, 1487, 1763, 2115, 2449, 2676, 2735, 
2609, 2334, 1980, 1647, 1422, 1367, 1595, 1915, 2272, 2568, 
2724, 2700, 2501, 2179, 1822, 1526, 1371, 1406, 1611, 1937, 
2292, 2583, 2737, 2630, 2368, 2017, 1679, 1437, 1362, 1479, 
1748, 2097, 2436, 2669, 2736, 2620, 2349, 1997, 1553, 1381, 
1392, 1583, 1899, 2256, 2558, 2720, 2705, 2514, 2195, 1839, 
1540, 1378, 1398, 1600, 2060, 2404, 2652, 2737, 2638, 2382, 
2035, 1693, 1444, 1363, 1469, 1733, 2080, 2423, 2663, 2737, 
2542, 2233, 1874, 1565, 1385, 1388, 1571, 1882, 2240, 2548, 
2719, 2710, 2525, 2212, 1855, 1550, 1363, 1448, 1700, 2043, 
2390, 2643, 2737, 2648, 2396, 2051, 1706, 1452, 1362, 1459, 
1719, 2064, 2520, 2707, 2719, 2552, 2249, 1889, 1577, 1388, 
1383, 1559, 1867, 2225, 2535, 2715, 2715, 2537, 2089, 1740, 
1472, 1362, 1441, 1685, 2027, 2376, 2635, 2739, 2656, 2412, 
2068, 1721, 1461, 1362, 1535, 1831, 2187, 2508, 2701, 2726, 
2563, 2264, 1908, 1589, 1395, 1379, 1548, 1852, 2209, 2524, 
2735, 2673, 2443, 2105, 1753, 1483, 1363, 1433, 1671, 2010, 
2361, 2627, 2739, 2663, 2427, 2084, 1617, 1408, 1372, 1523, 
1816, 2172, 2496, 2697, 2727, 2574, 2280, 1923, 1601, 1399, 
1375, 1536, 1973, 2327, 2606, 2735, 2680, 2456, 2122, 1769, 
1490, 1364, 1425, 1657, 1993, 2347, 2617, 2736, 2598, 2305, 
1923, 1582, 1379, 1416, 1644, 1987, 2352, 2623, 2736, 2663, 
2398, 2051, 1707, 1453, 1378, 1544, 1847, 2204, 2518, 2707, 
2720, 2554, 2251, 1892, 1577, 1389, 1383, 1559, 1865, 2224, 
2623, 2737, 2668, 2431, 2089, 1740, 1474, 1363, 1440, 1684, 
2025, 2375, 2635, 2739, 2656, 2412, 1927, 1606, 1402, 1374, 
1534, 1831, 2188, 2507, 2702, 2724, 2564, 2264, 1908, 1589, 
1394, 1379, 1654, 1987, 2340, 2614, 2735, 2673, 2443, 2106, 
1754, 1483, 1363, 1433, 1671, 2009, 2361, 2625, 2729, 2590, 
2301, 1944, 1617, 1407, 1374, 1522, 1816, 2172, 2495, 2697, 
2727, 2574, 2280, 1924, 1505, 1368, 1417, 1639, 1972, 2327, 
2606, 2735, 2680, 2456, 2123, 1770, 1496, 1366, 1426, 1657, 
2134, 2465, 2683, 2732, 2596, 2316, 1961, 1632, 1414, 1368, 
1512, 1801, 2156, 2483, 2691, 2729, 2487, 2160, 1805, 1516, 
1369, 1412, 1627, 1955, 2312, 2593, 2731, 2684, 2471, 2139, 
1786, 1500, 1364, 1491, 1768, 2116, 2453, 2678, 2735, 2608, 
2332, 1977, 1645, 1420, 1367, 1501, 1787, 2139, 2571, 2727, 
2700, 2499, 2176, 1820, 1526, 1373, 1408, 1614, 1939, 2297, 
2584, 2729, 2693, 2484, 2015, 1676, 1435, 1364, 1481, 1751, 
2100, 2440, 2671, 2736, 2618, 2347, 1995, 1657, 1427, 1365, 
1585, 1902, 2259, 2559, 2720, 2704, 2511, 2191, 1836, 1536, 
1376, 1399, 1601, 1923, 2280, 2574, 2737, 2636, 2380, 2032, 
1689, 1443, 1363, 1471, 1735, 2084, 2426, 2663, 2738, 2625, 
2360, 2011, 1563, 1386, 1388, 1573, 1886, 2243, 2550, 2719, 
2711, 2520, 2207, 1852, 1548, 1379, 1395, 1589, 2046, 2394, 
2644, 2737, 2647, 2395, 2047, 1703, 1452, 1363, 1461, 1722, 
2067, 2412, 2656, 2738, 2552, 2246, 1887, 1574, 1389, 1384, 
1561, 1871, 2229, 2539, 2714, 2715, 2536, 2225, 1867, 1559, 
1363, 1443, 1689, 2031, 2379, 2636, 2738, 2655, 2408, 2064, 
1719, 1461, 1364, 1451, 1707, 2052, 2510, 2705, 2723, 2560, 
2264, 1903, 1587, 1393, 1380, 1550, 1856, 2213, 2526, 2712, 
2719, 2547, 2103, 1751, 1480, 1363, 1436, 1675, 2014, 2364, 
2625, 2737, 2662, 2422, 2080, 1732, 1468, 1363, 1524, 1816, 
2175, 2496, 2699, 2726, 2571, 2275, 1919, 1599, 1397, 1376, 
1539, 1840, 2195, 2513, 2734, 2678, 2454, 2118, 1766, 1491, 
1365, 1426, 1663, 1996, 2349, 2620, 2737, 2670, 2437, 2099, 
1628, 1412, 1369, 1515, 1804, 2159, 2487, 2693, 2728, 2582, 
2292, 1935, 1611, 1404, 1373, 1528, 1959, 2315, 2595, 2732, 
2684, 2465, 2133, 1783, 1499, 1366, 1420, 1648, 1980, 2334, 
2611, 2736, 2606, 2326, 1972, 1641, 1418, 1367, 1503, 1789, 
2143, 2473, 2687, 2732, 2591, 2307, 1951, 1623, 1372, 1406, 
1617, 1944, 2300, 2587, 2731, 2689, 2480, 2150, 1795, 1508, 
1369, 1415, 1634, 1966, 2442, 2672, 2736, 2615, 2342, 1989, 
1654, 1424, 1364, 1495, 1773, 2126, 2460, 2681, 2732, 2605, 
2190, 1832, 1534, 1374, 1400, 1604, 1927, 2284, 2576, 2727, 
2695, 2492, 2168, 1811, 1520, 1371, 1473, 1740, 2087, 2430, 
2665, 2737, 2624, 2358, 2006, 1668, 1431, 1365, 1486, 1759, 
2108, 2447, 2720, 2708, 2521, 2204, 1850, 1546, 1379, 1395, 
1592, 1912, 2270, 2566, 2724, 2701, 2503, 2184, 1700, 1449, 
1362, 1464, 1725, 2071, 2415, 2661, 2738, 2632, 2372, 2022, 
1681, 1439, 1363, 1475, 1875, 2232, 2540, 2715, 2712, 2532, 
2220, 1863, 1555, 1382, 1390, 1580, 1895, 2253, 2556, 2721, 
2652, 2407, 2060, 1714, 1457, 1362, 1456, 1712, 2057, 2401, 
2651, 2738, 2642, 2387, 2039, 1695, 1393, 1381, 1554, 1859, 
2216, 2528, 2712, 2717, 2544, 2237, 1878, 1567, 1387, 1387, 
1567, 1879, 2368, 2630, 2738, 2660, 2420, 2076, 1728, 1466, 
1363, 1447, 1695, 2039, 2388, 2641, 2739, 2650, 2272, 1916, 
1596, 1396, 1377, 1543, 1844, 2200, 2518, 2707, 2720, 2556, 
2252, 1895, 1579, 1390, 1430, 1663, 1999, 2353, 2622, 2737, 
2668, 2432, 2607, 2732, 2673, 2448, 2113, 1760, 1487, 1363, 
1501, 1787, 2139, 2470, 2683, 2729, 2590, 2304, 1951, 1624, 
1408, 1369, 1515, 1807, 2162, 2486, 2727, 2687, 2480, 2150, 
1796, 1510, 1368, 1413, 1631, 1962, 2318, 2598, 2731, 2680, 
2462, 2128, 1654, 1425, 1366, 1491, 1771, 2124, 2456, 2678, 
2732, 2601, 2321, 1969, 1638, 1415, 1367, 1505, 1924, 2281, 
2574, 2726, 2695, 2492, 2167, 1811, 1520, 1370, 1407, 1618, 
1946, 2303, 2584, 2728, 2623, 2357, 2005, 1669, 1432, 1364, 
1484, 1758, 2107, 2443, 2673, 2736, 2614, 2337, 1985, 1651, 
1378, 1395, 1591, 1909, 2268, 2564, 2723, 2702, 2503, 2183, 
1827, 1531, 1375, 1403, 1607, 1928, 2414, 2656, 2737, 2631, 
2371, 2021, 1680, 1438, 1364, 1474, 1743, 2091, 2432, 2667, 
2736, 2622, 2222, 1864, 1556, 1382, 1390, 1579, 1894, 2251, 
2555, 2721, 2707, 2518, 2200, 1843, 1543, 1377, 1455, 1710, 
2053, 2402, 2649, 2737, 2641, 2387, 2038, 1697, 1447, 1363, 
1465, 1730, 2075, 2419, 2711, 2716, 2544, 2236, 1880, 1565, 
1386, 1386, 1567, 1877, 2236, 2543, 2716, 2711, 2529, 2216, 
1732, 1468, 1361, 1447, 1696, 2038, 2385, 2640, 2737, 2649, 
2401, 2056, 1711, 1456, 1363, 1457, 1843, 2200, 2516, 2704, 
2721, 2556, 2254, 1895, 1580, 1392, 1381, 1555, 1858, 2220, 
2531, 2712, 2668, 2432, 2094, 1743, 1475, 1361, 1438, 1680, 
2020, 2371, 2632, 2737, 2659, 2415, 2072, 1726, 1402, 1374, 
1531, 1827, 2183, 2503, 2700, 2724, 2567, 2268, 1912, 1592, 
1395, 1379, 1543, 1847, 2336, 2612, 2734, 2674, 2447, 2110, 
1758, 1486, 1363, 1431, 1668, 2004, 2356, 2624, 2736, 2664, 
2304, 1948, 1621, 1409, 1371, 1519, 1811, 2167, 2491, 2696, 
2727, 2576, 2285, 1926, 1605, 1401, 1415, 1636, 1968, 2322, 
2601, 2732, 2681, 2460, 2126, 1774, 1500, 1368, 1425, 1653, 
1988, 2343, 2681, 2732, 2599, 2319, 1966, 1634, 1414, 1367, 
1508, 1798, 2151, 2480, 2688, 2730, 2587, 2299, 1809, 1518, 
1370, 1411, 1623, 1947, 2307, 2591, 2731, 2687, 2471, 2142, 
1790, 1504, 1367, 1416, 1760, 2111, 2448, 2675, 2735, 2610, 
2334, 1980, 1648, 1420, 1367, 1498, 1782, 2131, 2467, 2683, 
2700, 2502, 2180, 1824, 1529, 1370, 1402, 1609, 1936, 2292, 
2581, 2728, 2692, 2487, 2159, 1804, 1438, 1362, 1477, 1743, 
2096, 2433, 2668, 2736, 2620, 2351, 1999, 1661, 1427, 1366, 
1490, 1766, 2255, 2557, 2723, 2705, 2513, 2195, 1838, 1540, 
1376, 1398, 1598, 1920, 2276, 2572, 2727, 2698, 2380, 2034, 
1693, 1444, 1363, 1467, 1733, 2079, 2423, 2662, 2737, 2627, 
2365, 2013, 1675, 1433, 1387, 1569, 1882, 2239, 2547, 2716, 
2710, 2527, 2214, 1855, 1553, 1380, 1392, 1586, 1904, 2261, 
2643, 2737, 2648, 2398, 2052, 1707, 1453, 1363, 1459, 1719, 
2063, 2408, 2654, 2737, 2637, 2380, 1894, 1576, 1389, 1381, 
1558, 1866, 2224, 2535, 2713, 2714, 2539, 2229, 1870, 1562, 
1385, 1388, 1684, 2025, 2375, 2635, 2737, 2656, 2412, 2067, 
1723, 1462, 1363, 1451, 1703, 2047, 2395, 2646, 2724, 2563, 
2265, 1908, 1588, 1394, 1378, 1547, 1852, 2207, 2524, 2709, 
2719, 2548, 2245, 1888, 1481, 1363, 1432, 1670, 2009, 2363, 
2627, 2735, 2664, 2424, 2084, 1737, 1470, 1363, 1443, 1689, 
2172, 2493, 2697, 2727, 2573, 2281, 1923, 1603, 1399, 1376, 
1537, 1836, 2193, 2511, 2705, 2723, 2457, 2123, 1771, 1492, 
1368, 1426, 1661, 1992, 2346, 2617, 2738, 2672, 2440, 2102, 
1750, 1480, 1368, 1511, 1801, 2154, 2483, 2691, 2731, 2584, 
2296, 1939, 1615, 1405, 1373, 1524, 1820, 2176, 2595, 2732, 
2687, 2471, 2140, 1784, 1504, 1367, 1420, 1644, 1977, 2332, 
2608, 2735, 2678, 2452, 1979, 1644, 1422, 1367, 1502, 1784, 
2138, 2470, 2687, 2732, 2595, 2311, 1956, 1627, 1411, 1368, 
1614, 1939, 2296, 2585, 2731, 2692, 2479, 2128, 1761, 1471, 
1363, 1524, 1832, 2207, 2528, 2715, 2668, 2412, 2068, 1721, 
1463, 1361, 1450, 1703, 2047, 2394, 2644, 2736, 2646, 2393, 
2048, 1703, 1395, 1379, 1547, 1851, 2207, 2523, 2711, 2719, 
2551, 2245, 1888, 1575, 1390, 1383, 1561, 1871, 2360, 2625, 
2737, 2665, 2427, 2084, 1738, 1471, 1361, 1441, 1688, 2030, 
2379, 2636, 2739, 2656, 2281, 1923, 1602, 1400, 1375, 1536, 
1833, 2192, 2510, 2705, 2723, 2561, 2260, 1904, 1586, 1393, 
1425, 1657, 1991, 2345, 2617, 2739, 2673, 2441, 2104, 1752, 
1481, 1363, 1436, 1675, 2012, 2364, 2691, 2730, 2585, 2300, 
1942, 1615, 1404, 1370, 1526, 1819, 2175, 2497, 2699, 2727, 
2572, 2276, 1786, 1503, 1368, 1419, 1642, 1975, 2329, 2608, 
2735, 2678, 2454, 2119, 1767, 1490, 1364, 1427, 1784, 2138, 
2469, 2684, 2732, 2593, 2311, 1956, 1627, 1411, 1370, 1514, 
1804, 2159, 2487, 2693, 2695, 2484, 2155, 1802, 1513, 1369, 
1414, 1630, 1960, 2315, 2598, 2732, 2684, 2468, 2135, 1782, 
1427, 1364, 1491, 1769, 2121, 2456, 2680, 2735, 2607, 2328, 
1972, 1641, 1418, 1366, 1502, 1790, 2280, 2572, 2727, 2698, 
2496, 2172, 1817, 1523, 1372, 1408, 1617, 1942, 2299, 2587, 
2730, 2688, 2363, 2011, 1673, 1433, 1364, 1483, 1753, 2105, 
2443, 2672, 2735, 2616, 2342, 1991, 1655, 1424, 1395, 1592, 
1907, 2264, 2563, 2724, 2703, 2508, 2187, 1831, 1534, 1376, 
1401, 1605, 1927, 2284, 2656, 2738, 2636, 2375, 2027, 1686, 
1441, 1361, 1472, 1736, 2087, 2428, 2667, 2738, 2623, 2358, 
1868, 1560, 1383, 1390, 1577, 1890, 2247, 2552, 2719, 2708, 
2522, 2204, 1847, 1544, 1377, 1398, 1706, 2051, 2398, 2647, 
2736, 2643, 2390, 2041, 1699, 1449, 1363, 1464, 1726, 2071, 
2416, 2658, 2719, 2547, 2242, 1883, 1569, 1387, 1384, 1564, 
1873, 2233, 2540, 2716, 2713, 2533, 2221, 1864, 1470, 1362, 
1445, 1692, 2033, 2383, 2639, 2737, 2652, 2404, 2060, 1714, 
1459, 1363, 1456, 1711, 2195, 2512, 2707, 2723, 2558, 2256, 
1900, 1583, 1391, 1380, 1552, 1859, 2217, 2529, 2712, 2716, 
2435, 2096, 1747, 1478, 1363, 1437, 1678, 2017, 2369, 2631, 
2736, 2660, 2419, 2076, 1728, 1466, 1371, 1526, 1824, 2179, 
2502, 2700, 2727, 2569, 2273, 1916, 1596, 1398, 1380, 1543, 
1844, 2199, 2611, 2736, 2677, 2451, 2112, 1763, 1488, 1364, 
1428, 1664, 2000, 2353, 2623, 2739, 2668, 2432, 1952, 1624, 
1409, 1369, 1515, 1806, 2163, 2489, 2694, 2727, 2579, 2288, 
1935, 1608, 1402, 1375, 1631, 1963, 2319, 2600, 2734, 2683, 
2463, 2130, 1777, 1496, 1366, 1422, 1652, 1986, 2337, 2614, 
2734, 2603, 2323, 1968, 1637, 1416, 1370, 1506, 1792, 2147, 
2477, 2688, 2732, 2589, 2304, 1948, 1521, 1371, 1408, 1620, 
1948, 2303, 2590, 2731, 2687, 2477, 2146, 1792, 1507, 1365, 
1417, 1637, 2108, 2446, 2673, 2735, 2614, 2337, 1985, 1651, 
1423, 1367, 1495, 1778, 2128, 2463, 2681, 2733, 2507, 2183, 
1828, 1531, 1372, 1403, 1608, 1932, 2288, 2579, 2727, 2694, 
2489, 2163, 1808, 1519, 1363, 1474, 1743, 2094, 2432, 2668, 
2736, 2623, 2353, 2002, 1665, 1429, 1365, 1487, 1762, 2113, 
2555, 2721, 2705, 2518, 2199, 1840, 1542, 1376, 1396, 1596, 
1915, 2272, 2568, 2726, 2700, 2500, 2038, 1695, 1449, 1361, 
1468, 1729, 2075, 2419, 2660, 2738, 2631, 2368, 2016, 1678, 
1438, 1363, 1567, 1878, 2236, 2544, 2716, 2711, 2528, 2216, 
1858, 1553, 1386, 1393, 1583, 1900, 2257, 2558, 2738, 2650, 
2401, 2055, 1711, 1455, 1362, 1457, 1714, 2059, 2406, 2652, 
2738, 2639, 2382, 2035, 1580, 1392, 1381, 1555, 1863, 2220, 
2531, 2712, 2719, 2540, 2233, 1873, 1564, 1386, 1385, 1571, 
2022, 2372, 2632, 2739, 2658, 2416, 2071, 1725, 1463, 1362, 
1448, 1700, 2043, 2392, 2643, 2737, 2566, 2269, 1912, 1592, 
1396, 1377, 1547, 1848, 2204, 2521, 2707, 2719, 2552, 2248, 
2699, 2723, 2460, 2128, 1776, 1495, 1364, 1420, 1648, 1982, 
2334, 2611, 2731, 2671, 2446, 2106, 1756, 1483, 1366, 1503, 
1788, 2145, 2473, 2687, 2728, 2588, 2303, 1947, 1620, 1408, 
1370, 1518, 1811, 2166, 2588, 2730, 2687, 2476, 2148, 1793, 
1507, 1367, 1416, 1636, 1968, 2320, 2600, 2732, 2682, 2460, 
1985, 1652, 1422, 1364, 1496, 1775, 2127, 2459, 2680, 2732, 
2599, 2320, 1963, 1633, 1413, 1368, 1606, 1928, 2285, 2576, 
2727, 2694, 2489, 2163, 1807, 1518, 1370, 1409, 1623, 1950, 
2306, 2590, 2736, 2622, 2355, 2001, 1665, 1429, 1364, 1487, 
1759, 2111, 2447, 2675, 2735, 2576, 2238, 1833, 1427, 1370, 
1558, 1921, 2335, 2640, 2545, 2178, 1803, 1500, 1358, 1426, 
END
1680, 2041, 2406, 2655, 2691, 2485, 2143, 1769, 1478, 1356, 
1443, 1713, 2079, 2435, 2670, 2716, 2556, 2243, 1865, 1543, 
1357, 1462, 1747, 2119, 2467, 2684, 2710, 2534, 2208, 1831, 
1521, 1363, 1415, 1660, 2016, 2383, 2697, 2702, 2508, 2171, 
1796, 1496, 1358, 1432, 1692, 2054, 2416, 2663, 2721, 2578, 
2271, 1895, 1474, 1359, 1453, 1725, 2093, 2447, 2676, 2719, 
2554, 2237, 1860, 1539, 1369, 1408, 1639, 1991, 2479, 2691, 
2711, 2531, 2200, 1826, 1514, 1362, 1419, 1671, 2029, 2396, 
2654, 2726, 2595, 2300, 1788, 1490, 1359, 1439, 1702, 2065, 
2427, 2668, 2724, 2572, 2264, 1887, 1559, 1374, 1399, 1617, 
2105, 2459, 2684, 2719, 2551, 2228, 1852, 1532, 1369, 1411, 
1649, 2004, 2375, 2641, 2731, 2614, 2191, 1815, 1508, 1363, 
1427, 1679, 2041, 2407, 2659, 2729, 2591, 2290, 1913, 1581, 
1382, 1389, 1713, 2080, 2439, 2675, 2724, 2567, 2254, 1880, 
1552, 1372, 1403, 1627, 1977, 2351, 2629, 2734, 2544, 2220, 
1842, 1527, 1368, 1417, 1659, 2015, 2385, 2648, 2733, 2611, 
2319, 1939, 1600, 1391, 1433, 1695, 2054, 2416, 2663, 2729, 
2586, 2281, 1904, 1571, 1380, 1393, 1607, 1951, 2326, 2615, 
2724, 2563, 2247, 1445, 1715, 2080, 2439, 2676, 2727, 2567, 
2256, 1875, 1553, 1374, 1403, 1628, 2118, 2468, 2689, 2719, 
2545, 2220, 1843, 1527, 1367, 1417, 1659, 2015, 2384, 2649, 
2732, 2610, 2182, 1808, 1503, 1362, 1431, 1688, 2054, 2418, 
2666, 2729, 2587, 2282, 1906, 1571, 1379, 1393, 1724, 2092, 
2448, 2680, 2723, 2564, 2247, 1870, 1545, 1375, 1405, 1636, 
1988, 2361, 2635, 2734, 2540, 2211, 1833, 1520, 1366, 1422, 
1667, 2027, 2395, 2655, 2732, 2604, 2309, 1932, 1592, 1388, 
1437, 1699, 2063, 2428, 2672, 2728, 2581, 2275, 1896, 1563, 
1379, 1397, 1615, 1962, 2338, 2623, 2725, 2559, 2240, 1860, 
1539, 1371, 1412, 1646, 2000, 2371, 2640, 2735, 2620, 2334, 
1959, 1614, 1366, 1425, 1678, 2040, 2404, 2659, 2736, 2598, 
2300, 1923, 1583, 1387, 1390, 1595, 1936, 2312, 2675, 2727, 
2575, 2263, 1886, 1556, 1375, 1401, 1623, 1973, 2347, 2627, 
2736, 2636, 2359, 1989, 1534, 1368, 1415, 1655, 2011, 2382, 
2648, 2735, 2615, 2325, 1950, 1606, 1394, 1381, 1575, 1911, 
2412, 2665, 2732, 2591, 2291, 1912, 1576, 1383, 1392, 1601, 
1945, 2321, 2614, 2735, 2649, 2383, 1875, 1548, 1375, 1404, 
1632, 1983, 2357, 2634, 2736, 2631, 2351, 1977, 1626, 1404, 
1376, 1556, 2021, 2390, 2653, 2734, 2611, 2315, 1939, 1598, 
1391, 1386, 1584, 1920, 2297, 2599, 2732, 2660, 2264, 1876, 
1528, 1361, 1497, 1807, 2192, 2531, 2716, 2699, 2472, 2122, 
1750, 1468, 1363, 1465, 1876, 2256, 2572, 2727, 2679, 2446, 
2084, 1716, 1449, 1362, 1487, 1782, 2157, 2499, 2705, 2713, 
2413, 2047, 1685, 1430, 1365, 1507, 1818, 2194, 2527, 2715, 
2703, 2494, 2148, 1776, 1484, 1363, 1531, 1852, 2232, 2554, 
2721, 2689, 2463, 2111, 1741, 1460, 1362, 1471, 1757, 2128, 
2479, 2695, 2676, 2435, 2073, 1708, 1443, 1363, 1492, 1792, 
2167, 2508, 2708, 2710, 2513, 2178, 1800, 1497, 1367, 1515, 
1827, 2202, 2535, 2717, 2700, 2487, 2138, 1766, 1477, 1361, 
1456, 1733, 2103, 2458, 2726, 2686, 2456, 2102, 1732, 1456, 
1360, 1478, 1764, 2139, 2488, 2697, 2716, 2534, 2204, 1827, 
1438, 1363, 1498, 1800, 2177, 2515, 2711, 2707, 2507, 2167, 
1791, 1492, 1362, 1443, 1710, 2072, 2543, 2720, 2695, 2482, 
2128, 1755, 1470, 1362, 1461, 1742, 2113, 2465, 2689, 2723, 
2553, 2229, 1723, 1451, 1361, 1483, 1776, 2150, 2494, 2702, 
2712, 2528, 2194, 1816, 1510, 1364, 1429, 1684, 2192, 2524, 
2713, 2704, 2497, 2155, 1782, 1487, 1361, 1447, 1719, 2086, 
2444, 2680, 2727, 2571, 2118, 1747, 1465, 1360, 1468, 1751, 
2120, 2475, 2695, 2727, 2547, 2221, 1840, 1526, 1369, 1419, 
1786, 2160, 2502, 2706, 2712, 2520, 2182, 1806, 1502, 1363, 
1436, 1695, 2058, 2421, 2671, 2732, 2492, 2144, 1772, 1480, 
1360, 1453, 1729, 2096, 2451, 2686, 2726, 2564, 2246, 1868, 
1543, 1374, 1474, 1760, 2134, 2481, 2697, 2718, 2539, 2208, 
1832, 1520, 1366, 1423, 1671, 2030, 2400, 2657, 2708, 2510, 
2172, 1795, 1496, 1363, 1439, 1704, 2067, 2431, 2674, 2729, 
2580, 2271, 1893, 1562, 1361, 1460, 1735, 2107, 2460, 2686, 
2723, 2557, 2235, 1857, 1538, 1371, 1412, 1648, 2006, 2374, 
2702, 2715, 2532, 2199, 1823, 1513, 1365, 1428, 1680, 2041, 
2407, 2663, 2735, 2597, 2298, 1920, 1491, 1363, 1447, 1713, 
2079, 2439, 2680, 2728, 2572, 2262, 1884, 1555, 1375, 1404, 
1627, 1976, 2468, 2691, 2721, 2550, 2223, 1848, 1531, 1368, 
1416, 1658, 2014, 2383, 2649, 2736, 2614, 2321, 1812, 1507, 
1364, 1433, 1690, 2051, 2415, 2667, 2734, 2591, 2287, 1910, 
1575, 1384, 1393, 1604, 2090, 2447, 2681, 2727, 2567, 2251, 
1872, 1548, 1374, 1407, 1635, 1987, 2361, 2636, 2736, 2628, 
2215, 1838, 1522, 1367, 1421, 1667, 2024, 2393, 2656, 2734, 
2609, 2312, 1937, 1596, 1390, 1386, 1699, 2063, 2424, 2672, 
2731, 2585, 2277, 1900, 1567, 1379, 1397, 1615, 1961, 2335, 
2616, 2735, 2560, 2240, 1864, 1542, 1372, 1411, 1643, 1997, 
2369, 2639, 2735, 2622, 2339, 1961, 1615, 1399, 1424, 1676, 
2035, 2403, 2660, 2732, 2600, 2307, 1924, 1587, 1386, 1389, 
1593, 1934, 2310, 2607, 2729, 2577, 2268, 1888, 1559, 1377, 
1401, 1622, 1971, 2345, 2626, 2736, 2637, 2363, 1991, 1638, 
1369, 1421, 1655, 2008, 2377, 2647, 2736, 2617, 2328, 1952, 
1607, 1395, 1382, 1573, 1908, 2284, 2664, 2734, 2594, 2293, 
1916, 1580, 1384, 1392, 1601, 1944, 2319, 2612, 2736, 2649, 
2386, 2017, 1552, 1373, 1404, 1630, 1981, 2352, 2632, 2735, 
2631, 2353, 1980, 1628, 1403, 1375, 1554, 1880, 2388, 2652, 
2736, 2611, 2319, 1942, 1600, 1392, 1383, 1580, 1916, 2296, 
2599, 2732, 2663, 2410, 1904, 1571, 1381, 1395, 1608, 1954, 
2329, 2616, 2734, 2647, 2377, 2006, 1652, 1412, 1369, 1536, 
1990, 2363, 2637, 2735, 2625, 2343, 1969, 1622, 1398, 1378, 
1560, 1891, 2268, 2579, 2729, 2676, 2308, 1932, 1593, 1388, 
1386, 1588, 1928, 2304, 2603, 2734, 2657, 2401, 2033, 1674, 
1425, 1367, 1617, 1965, 2337, 2623, 2737, 2641, 2368, 2655, 
2731, 2603, 2307, 1929, 1590, 1387, 1386, 1587, 2065, 2428, 
2672, 2728, 2579, 2274, 1896, 1561, 1376, 1398, 1615, 1964, 
2337, 2622, 2734, 2640, 2236, 1859, 1536, 1370, 1411, 1647, 
2000, 2371, 2641, 2734, 2619, 2332, 1957, 1612, 1395, 1379, 
1679, 2036, 2404, 2659, 2734, 2598, 2299, 1921, 1583, 1385, 
1388, 1596, 1937, 2312, 2608, 2734, 2574, 2263, 1884, 1556, 
1376, 1403, 1624, 1975, 2348, 2627, 2735, 2634, 2358, 1986, 
1632, 1407, 1416, 1654, 2011, 2381, 2647, 2734, 2614, 2323, 
1948, 1604, 1393, 1381, 1577, 1911, 2287, 2591, 2732, 2591, 
2289, 1912, 1575, 1383, 1392, 1602, 1949, 2327, 2612, 2735, 
2652, 2382, 2012, 1657, 1375, 1406, 1633, 1984, 2357, 2633, 
2736, 2628, 2349, 1976, 1625, 1403, 1376, 1555, 1884, 2262, 
2651, 2734, 2607, 2313, 1935, 1596, 1388, 1384, 1584, 1921, 
2298, 2599, 2732, 2659, 2406, 2040, 1567, 1379, 1395, 1612, 
1958, 2332, 2620, 2734, 2643, 2371, 2001, 1648, 1411, 1370, 
1538, 1857, 2366, 2639, 2735, 2624, 2339, 1963, 1617, 1397, 
1379, 1564, 1895, 2272, 2581, 2729, 2673, 2428, 1927, 1588, 
1387, 1389, 1592, 1931, 2307, 2606, 2734, 2656, 2396, 2032, 
1671, 1422, 1364, 1518, 1968, 2342, 2625, 2734, 2638, 2363, 
1992, 1638, 1408, 1373, 1545, 1870, 2247, 2564, 2725, 2683, 
2329, 1955, 1609, 1395, 1381, 1571, 1906, 2280, 2588, 2732, 
2670, 2420, 2056, 1692, 1434, 1363, 1598, 1942, 2318, 2611, 
2735, 2652, 2388, 2019, 1663, 1418, 1368, 1526, 1842, 2220, 
2546, 2719, 2632, 2355, 1978, 1632, 1404, 1373, 1552, 1879, 
2257, 2572, 2721, 2680, 2443, 2084, 1717, 1448, 1383, 1580, 
1916, 2292, 2595, 2732, 2664, 2412, 2047, 1684, 1430, 1366, 
1507, 1818, 2192, 2526, 2736, 2651, 2379, 2007, 1654, 1415, 
1371, 1534, 1853, 2231, 2553, 2724, 2689, 2464, 2111, 1740, 
1400, 1377, 1559, 1888, 2268, 2577, 2729, 2676, 2435, 2073, 
1709, 1442, 1360, 1491, 1792, 2168, 2603, 2734, 2659, 2403, 
2035, 1676, 1426, 1367, 1515, 1827, 2204, 2536, 2717, 2700, 
2486, 2139, 1644, 1411, 1371, 1543, 1863, 2241, 2558, 2726, 
2688, 2457, 2100, 1731, 1455, 1361, 1479, 1767, 2277, 2587, 
2731, 2671, 2427, 2063, 1698, 1438, 1364, 1498, 1803, 2179, 
2515, 2715, 2707, 2505, 2024, 1668, 1420, 1368, 1520, 1837, 
2216, 2543, 2719, 2695, 2478, 2127, 1755, 1471, 1360, 1463, 
1872, 2252, 2567, 2727, 2684, 2448, 2090, 1723, 1450, 1362, 
1484, 1777, 2151, 2495, 2702, 2716, 2419, 2055, 1689, 1432, 
1365, 1506, 1812, 2189, 2524, 2713, 2705, 2499, 2155, 1781, 
1487, 1361, 1531, 1847, 2225, 2550, 2721, 2691, 2470, 2116, 
1750, 1464, 1358, 1467, 1752, 2124, 2475, 2692, 2679, 2439, 
2079, 1714, 1444, 1362, 1490, 1788, 2162, 2504, 2707, 2711, 
2520, 2183, 1807, 1502, 1366, 1511, 1823, 2199, 2531, 2715, 
2705, 2492, 2144, 1770, 1480, 1362, 1452, 1729, 2096, 2452, 
2723, 2688, 2460, 2106, 1738, 1459, 1360, 1474, 1761, 2133, 
2483, 2697, 2717, 2537, 2208, 1831, 1441, 1359, 1495, 1797, 
2173, 2511, 2711, 2710, 2511, 2172, 1796, 1496, 1364, 1440, 
1704, 2070, 2539, 2719, 2699, 2483, 2134, 1761, 1474, 1361, 
1460, 1737, 2108, 2461, 2688, 2723, 2558, 2235, 1726, 1453, 
1360, 1481, 1771, 2144, 2491, 2702, 2716, 2531, 2198, 1821, 
1512, 1365, 1427, 1681, 2182, 2519, 2712, 2707, 2503, 2161, 
1790, 1489, 1363, 1446, 1714, 2080, 2439, 2679, 2729, 2575, 
2124, 1752, 1468, 1362, 1465, 1746, 2118, 2471, 2694, 2723, 
2552, 2225, 1848, 1531, 1369, 1416, 1783, 2156, 2496, 2705, 
2713, 2524, 2167, 1780, 1469, 1365, 1564, 1916, 2300, 2608, 
2735, 2644, 2236, 1858, 1538, 1371, 1413, 1649, 2003, 2374, 
2644, 2736, 2620, 2332, 1958, 1612, 1396, 1373, 1681, 2041, 
2409, 2663, 2734, 2599, 2297, 1921, 1583, 1385, 1391, 1598, 
1940, 2316, 2611, 2735, 2573, 2262, 1884, 1554, 1376, 1404, 
1627, 1977, 2349, 2629, 2736, 2633, 2355, 1985, 1633, 1407, 
1417, 1657, 2015, 2384, 2649, 2736, 2614, 2323, 1945, 1603, 
1393, 1383, 1577, 1915, 2291, 2593, 2732, 2591, 2288, 1911, 
1574, 1383, 1396, 1607, 1951, 2324, 2617, 2736, 2649, 2381, 
2011, 1656, 1375, 1408, 1635, 1987, 2361, 2636, 2736, 2628, 
2347, 1974, 1624, 1401, 1375, 1557, 1887, 2265, 2656, 2735, 
2607, 2312, 1935, 1594, 1389, 1386, 1584, 1924, 2300, 2601, 
2735, 2661, 2403, 2038, 1567, 1379, 1398, 1614, 1961, 2336, 
2624, 2736, 2641, 2371, 2001, 1645, 1411, 1371, 1542, 1859, 
2370, 2641, 2736, 2622, 2337, 1964, 1616, 1398, 1379, 1566, 
1896, 2276, 2584, 2729, 2673, 2428, 1925, 1587, 1387, 1389, 
1593, 1934, 2310, 2610, 2735, 2656, 2396, 2030, 1670, 1422, 
1366, 1521, 1972, 2344, 2627, 2734, 2638, 2363, 1991, 1637, 
1408, 1373, 1547, 1871, 2248, 2567, 2727, 2683, 2329, 1951, 
1606, 1395, 1383, 1573, 1907, 2284, 2590, 2731, 2668, 2419, 
2055, 1691, 1433, 1364, 1600, 1944, 2320, 2614, 2736, 2651, 
2386, 2018, 1660, 1417, 1368, 1528, 1845, 2224, 2552, 2723, 
2631, 2352, 1980, 1628, 1403, 1376, 1554, 1880, 2259, 2574, 
2728, 2679, 2441, 2081, 1715, 1446, 1383, 1580, 1918, 2295, 
2596, 2731, 2663, 2409, 2045, 1684, 1427, 1363, 1510, 1819, 
2196, 2529, 2736, 2645, 2377, 2007, 1651, 1415, 1370, 1536, 
1855, 2233, 2556, 2726, 2690, 2465, 2109, 1740, 1401, 1378, 
1561, 1891, 2270, 2580, 2731, 2674, 2432, 2071, 1706, 1441, 
1363, 1494, 1793, 2169, 2604, 2734, 2660, 2401, 2034, 1675, 
1424, 1367, 1517, 1829, 2207, 2540, 2718, 2699, 2485, 2136, 
1646, 1411, 1372, 1543, 1865, 2243, 2563, 2726, 2686, 2456, 
2099, 1729, 1454, 1362, 1479, 1770, 2280, 2585, 2736, 2672, 
2424, 2061, 1696, 1436, 1363, 1498, 1803, 2179, 2517, 2712, 
2707, 2503, 2023, 1665, 1421, 1367, 1523, 1840, 2218, 2545, 
2721, 2695, 2478, 2120, 1753, 1471, 1363, 1464, 1875, 2252, 
2568, 2727, 2681, 2447, 2088, 1721, 1451, 1363, 1486, 1780, 
2153, 2497, 2703, 2715, 2416, 2051, 1688, 1431, 1363, 1506, 
1814, 2189, 2524, 2712, 2704, 2496, 2152, 1779, 1484, 1361, 
1531, 1849, 2227, 2551, 2723, 2691, 2466, 2115, 1746, 1463, 
1362, 1468, 1753, 2126, 2478, 2696, 2678, 2438, 2076, 1712, 
1443, 1363, 1490, 1790, 2164, 2504, 2707, 2712, 2516, 2179, 
1804, 1502, 1365, 1512, 1823, 2201, 2531, 2718, 2700, 2489, 
2140, 1768, 1478, 1361, 1455, 1730, 2099, 2455, 2725, 2688, 
2459, 2105, 1735, 1458, 1361, 1477, 1763, 2137, 2486, 2699, 
2719, 2540, 2206, 1828, 1439, 1362, 1496, 1800, 2175, 2513, 
2710, 2710, 2510, 2170, 1795, 1493, 1363, 1443, 1707, 2071, 
2540, 2719, 2697, 2481, 2131, 1759, 1472, 1363, 1459, 1739, 
2111, 2463, 2691, 2724, 2553, 2233, 1728, 1451, 1362, 1481, 
1774, 2147, 2493, 2703, 2716, 2528, 2196, 1819, 1512, 1366, 
1430, 1682, 2184, 2520, 2712, 2705, 2503, 2160, 1785, 1489, 
1360, 1446, 1716, 2084, 2442, 2679, 2727, 2574, 2123, 1748, 
1467, 1361, 1465, 1749, 2120, 2471, 2694, 2721, 2548, 2224, 
1844, 1533, 1369, 1417, 1783, 2158, 2500, 2704, 2713, 2521, 
2185, 1811, 1504, 1364, 1432, 1692, 2055, 2419, 2668, 2732, 
2495, 2148, 1775, 1483, 1362, 1452, 1726, 2092, 2449, 2683, 
2727, 2566, 2249, 2703, 2712, 2518, 2044, 1683, 1428, 1364, 
1507, 1816, 2192, 2526, 2712, 2702, 2492, 2147, 1773, 1480, 
1361, 1451, 1854, 2230, 2552, 2721, 2689, 2463, 2110, 1739, 
1459, 1360, 1472, 1757, 2128, 2479, 2695, 2719, 2433, 2070, 
1706, 1441, 1361, 1492, 1792, 2166, 2508, 2707, 2708, 2511, 
2175, 1799, 1497, 1362, 1514, 1825, 2203, 2534, 2716, 2697, 
2485, 2136, 1764, 1475, 1361, 1456, 1734, 2103, 2457, 2686, 
2685, 2455, 2099, 1731, 1452, 1359, 1479, 1768, 2139, 2486, 
2699, 2716, 2532, 2201, 1820, 1513, 1362, 1499, 1800, 2177, 
2515, 2710, 2707, 2505, 2165, 1789, 1491, 1361, 1443, 1711, 
2074, 2436, 2720, 2695, 2476, 2127, 1755, 1471, 1361, 1463, 
1743, 2113, 2467, 2691, 2723, 2551, 2229, 1851, 1450, 1361, 
1484, 1776, 2151, 2495, 2703, 2713, 2526, 2191, 1815, 1509, 
1364, 1431, 1687, 2047, 2523, 2713, 2704, 2497, 2153, 1780, 
1487, 1362, 1447, 1719, 2086, 2446, 2680, 2728, 2569, 2255, 
1746, 1465, 1361, 1468, 1752, 2123, 2475, 2695, 2719, 2544, 
2218, 1840, 1526, 1368, 1419, 1663, 2161, 2503, 2707, 2712, 
2519, 2180, 1806, 1502, 1363, 1436, 1695, 2058, 2422, 2670, 
2731, 2585, 2144, 1771, 1479, 1363, 1453, 1728, 2097, 2452, 
2686, 2726, 2563, 2246, 1868, 1544, 1373, 1409, 1763, 2134, 
2483, 2697, 2718, 2537, 2208, 1831, 1519, 1367, 1423, 1671, 
2032, 2400, 2659, 2732, 2510, 2174, 1795, 1495, 1360, 1440, 
1704, 2068, 2431, 2675, 2729, 2580, 2271, 1891, 1562, 1378, 
1459, 1737, 2108, 2461, 2688, 2723, 2556, 2233, 1859, 1537, 
1370, 1413, 1648, 2005, 2376, 2646, 2716, 2531, 2198, 1820, 
1512, 1365, 1428, 1680, 2044, 2408, 2663, 2732, 2597, 2296, 
1920, 1582, 1361, 1445, 1715, 2080, 2439, 2678, 2728, 2574, 
2260, 1880, 1555, 1375, 1403, 1627, 1979, 2352, 2691, 2720, 
2551, 2224, 1846, 1529, 1368, 1417, 1660, 2016, 2384, 2649, 
2736, 2613, 2321, 1945, 1505, 1364, 1434, 1689, 2053, 2417, 
2668, 2733, 2590, 2287, 1910, 1575, 1382, 1393, 1605, 1951, 
2449, 2681, 2727, 2569, 2250, 1872, 1548, 1374, 1408, 1636, 
1988, 2360, 2638, 2734, 2627, 2348, 1838, 1523, 1367, 1421, 
1667, 2027, 2393, 2656, 2736, 2609, 2312, 1935, 1595, 1391, 
1388, 1586, 2064, 2425, 2672, 2732, 2584, 2276, 1899, 1567, 
1381, 1397, 1613, 1961, 2337, 2623, 2735, 2642, 2241, 1863, 
1539, 1372, 1411, 1643, 1999, 2371, 2640, 2735, 2622, 2336, 
1963, 1616, 1398, 1379, 1676, 2037, 2404, 2662, 2734, 2602, 
2303, 1925, 1586, 1387, 1389, 1594, 1935, 2311, 2607, 2732, 
2579, 2268, 1887, 1558, 1378, 1401, 1623, 1971, 2346, 2627, 
2735, 2637, 2362, 1991, 1637, 1407, 1416, 1657, 2008, 2379, 
2647, 2736, 2616, 2327, 1952, 1607, 1394, 1382, 1574, 1910, 
2286, 2590, 2734, 2595, 2291, 1916, 1579, 1385, 1392, 1601, 
1944, 2321, 2612, 2736, 2652, 2385, 2016, 1660, 1376, 1406, 
1631, 1982, 2355, 2632, 2736, 2630, 2353, 1979, 1628, 1403, 
1376, 1555, 1881, 2261, 2650, 2735, 2611, 2317, 1943, 1599, 
1391, 1385, 1580, 1919, 2294, 2597, 2732, 2663, 2407, 2044, 
1571, 1380, 1396, 1609, 1956, 2330, 2619, 2735, 2646, 2376, 
2007, 1651, 1415, 1374, 1536, 1856, 2364, 2639, 2737, 2624, 
2343, 1967, 1620, 1401, 1379, 1561, 1890, 2272, 2580, 2730, 
2676, 2432, 1929, 1592, 1388, 1388, 1590, 1928, 2305, 2603, 
2734, 2659, 2399, 2033, 1675, 1424, 1365, 1517, 1965, 2339, 
2621, 2736, 2639, 2367, 1996, 1641, 1409, 1373, 1544, 1865, 
2244, 2563, 2727, 2687, 2332, 1958, 1614, 1397, 1380, 1569, 
1903, 2280, 2588, 2732, 2671, 2424, 2024, 1628, 1385, 1415, 
1805, 2196, 2529, 2716, 2702, 2472, 2120, 1747, 1467, 1362, 
1467, 1750, 2121, 2473, 2695, 2721, 2439, 2081, 1715, 1446, 
1363, 1488, 1785, 2159, 2503, 2706, 2716, 2519, 2184, 1810, 
1504, 1364, 1511, 1820, 2197, 2531, 2716, 2703, 2493, 2147, 
1773, 1481, 1364, 1452, 1728, 2095, 2452, 2684, 2689, 2463, 
2110, 1738, 1460, 1361, 1473, 1759, 2131, 2481, 2697, 2718, 
2539, 2211, 1833, 1521, 1364, 1494, 1795, 2172, 2509, 2710, 
2710, 2512, 2175, 1799, 1494, 1363, 1438, 1701, 2067, 2428, 
2719, 2697, 2484, 2136, 1763, 1475, 1362, 1457, 1735, 2108, 
2460, 2687, 2724, 2559, 2236, 1859, 1455, 1361, 1479, 1770, 
2142, 2489, 2701, 2716, 2534, 2200, 1823, 1514, 1367, 1426, 
1679, 2040, 2516, 2711, 2708, 2503, 2163, 1789, 1491, 1362, 
1447, 1710, 2078, 2438, 2678, 2729, 2574, 2263, 1753, 1469, 
1361, 1463, 1745, 2115, 2467, 2692, 2723, 2552, 2227, 1851, 
1532, 1369, 1416, 1659, 2154, 2496, 2703, 2714, 2524, 2190, 
1814, 1507, 1364, 1434, 1686, 2052, 2414, 2670, 2734, 2592, 
2152, 1778, 1485, 1362, 1450, 1721, 2088, 2444, 2683, 2727, 
2566, 2252, 1875, 1550, 1374, 1407, 1754, 2125, 2477, 2696, 
2720, 2544, 2216, 1835, 1526, 1368, 1421, 1665, 2024, 2392, 
2653, 2736, 2517, 2179, 1804, 1500, 1365, 1436, 1696, 2060, 
2422, 2671, 2731, 2585, 2279, 1900, 1567, 1380, 1455, 1730, 
2099, 2455, 2684, 2726, 2562, 2245, 1864, 1543, 1372, 1411, 
1642, 1996, 2367, 2639, 2719, 2536, 2207, 1828, 1519, 1367, 
1428, 1672, 2034, 2400, 2660, 2735, 2603, 2305, 1928, 1588, 
1364, 1442, 1707, 2072, 2432, 2673, 2731, 2579, 2269, 1888, 
1560, 1378, 1400, 1620, 1970, 2343, 2688, 2724, 2556, 2233, 
1855, 1534, 1372, 1415, 1648, 2008, 2377, 2646, 2736, 2618, 
2329, 1955, 1511, 1366, 1429, 1683, 2045, 2407, 2665, 2734, 
2596, 2295, 1919, 1580, 1385, 1394, 1600, 1943, 2441, 2680, 
2727, 2571, 2259, 1879, 1551, 1378, 1404, 1628, 1979, 2354, 
2632, 2736, 2632, 2355, 1844, 1528, 1369, 1419, 1660, 2019, 
2385, 2648, 2736, 2614, 2319, 1944, 1601, 1393, 1384, 1580, 
2055, 2419, 2668, 2732, 2593, 2283, 1908, 1573, 1382, 1395, 
1607, 1953, 2326, 2617, 2735, 2647, 2249, 1872, 1546, 1374, 
1409, 1636, 1991, 2361, 2636, 2736, 2627, 2345, 1971, 1622, 
1401, 1377, 1670, 2027, 2396, 2657, 2734, 2608, 2307, 1934, 
1592, 1389, 1388, 1587, 1927, 2303, 2603, 2736, 2583, 2275, 
1896, 1563, 1380, 1398, 1616, 1964, 2337, 2622, 2736, 2641, 
2369, 2000, 1644, 1411, 1412, 1647, 2001, 2375, 2641, 2736, 
2622, 2334, 1959, 1615, 1398, 1379, 1567, 1900, 2277, 2585, 
2734, 2599, 2300, 1923, 1586, 1388, 1388, 1595, 1936, 2313, 
2609, 2735, 2655, 2393, 2025, 1666, 1377, 1403, 1622, 1976, 
2348, 2627, 2736, 2635, 2360, 1989, 1635, 1407, 1375, 1548, 
1873, 2253, 2646, 2734, 2614, 2326, 1950, 1606, 1396, 1381, 
1574, 1909, 2288, 2591, 2732, 2667, 2416, 2053, 1577, 1384, 
1395, 1603, 1949, 2322, 2615, 2736, 2650, 2383, 2015, 1659, 
1417, 1368, 1531, 1848, 2358, 2635, 2732, 2630, 2351, 1976, 
1628, 1403, 1375, 1557, 1884, 2263, 2574, 2729, 2679, 2439, 
1940, 1594, 1392, 1385, 1583, 1922, 2297, 2599, 2733, 2663, 
2408, 2042, 1681, 1428, 1366, 1511, 1958, 2332, 2619, 2735, 
2645, 2375, 2005, 1649, 1415, 1371, 1537, 1859, 2236, 2558, 
2723, 2689, 2341, 1959, 1619, 1402, 1378, 1564, 1894, 2272, 
2582, 2729, 2673, 2431, 2068, 1703, 1439, 1364, 1589, 1932, 
2307, 2605, 2732, 2657, 2399, 2032, 1672, 1424, 1367, 1520, 
1833, 2209, 2537, 2718, 2638, 2364, 2655, 2732, 2601, 2304, 
1927, 1588, 1387, 1387, 1590, 1931, 2307, 2603, 2732, 2655, 
2269, 1889, 1560, 1377, 1399, 1617, 1965, 2339, 2625, 2732, 
2637, 2363, 1992, 1639, 1408, 1372, 1649, 2003, 2373, 2643, 
2734, 2617, 2329, 1955, 1612, 1395, 1380, 1569, 1903, 2280, 
2587, 2729, 2596, 2297, 1920, 1582, 1384, 1390, 1598, 1939, 
2316, 2609, 2732, 2652, 2387, 2019, 1662, 1419, 1403, 1625, 
1976, 2350, 2628, 2735, 2631, 2357, 1982, 1630, 1403, 1375, 
1550, 1877, 2255, 2569, 2735, 2612, 2320, 1945, 1602, 1392, 
1383, 1575, 1916, 2291, 2593, 2732, 2664, 2411, 2048, 1686, 
1381, 1394, 1605, 1950, 2325, 2615, 2735, 2647, 2376, 2008, 
1653, 1415, 1369, 1533, 1851, 2228, 2635, 2735, 2627, 2345, 
1972, 1623, 1400, 1376, 1558, 1890, 2267, 2576, 2729, 2675, 
2435, 2075, 1595, 1389, 1386, 1586, 1926, 2303, 2598, 2736, 
2662, 2404, 2038, 1678, 1426, 1366, 1515, 1826, 2336, 2622, 
2736, 2641, 2371, 2000, 1648, 1412, 1372, 1539, 1861, 2240, 
2559, 2726, 2687, 2457, 1961, 1616, 1399, 1379, 1566, 1897, 
2276, 2585, 2732, 2674, 2428, 2063, 1699, 1438, 1363, 1496, 
1934, 2311, 2607, 2735, 2655, 2396, 2026, 1668, 1420, 1368, 
1522, 1836, 2214, 2542, 2719, 2696, 2361, 1990, 1636, 1409, 
1374, 1546, 1872, 2251, 2566, 2724, 2681, 2449, 2092, 1724, 
1452, 1361, 1573, 1909, 2285, 2590, 2732, 2669, 2416, 2056, 
1692, 1433, 1364, 1503, 1811, 2187, 2523, 2713, 2649, 2386, 
2016, 1660, 1417, 1368, 1529, 1842, 2224, 2548, 2720, 2693, 
2472, 2118, 1748, 1466, 1376, 1554, 1881, 2259, 2574, 2729, 
2680, 2440, 2080, 1713, 1446, 1361, 1487, 1785, 2159, 2502, 
2732, 2663, 2408, 2043, 1683, 1427, 1364, 1511, 1820, 2195, 
2528, 2716, 2702, 2492, 2145, 1774, 1414, 1371, 1536, 1856, 
2234, 2553, 2723, 2690, 2463, 2108, 1739, 1461, 1363, 1474, 
1761, 2133, 2581, 2731, 2675, 2432, 2067, 1705, 1439, 1362, 
1493, 1795, 2171, 2509, 2708, 2710, 2511, 2173, 1673, 1424, 
1365, 1515, 1829, 2207, 2537, 2719, 2697, 2484, 2135, 1763, 
1475, 1360, 1459, 1736, 2243, 2563, 2726, 2687, 2455, 2097, 
1731, 1456, 1362, 1479, 1771, 2144, 2491, 2700, 2716, 2531, 
2060, 1695, 1437, 1365, 1500, 1803, 2182, 2518, 2712, 2707, 
2503, 2161, 1788, 1491, 1361, 1445, 1839, 2217, 2547, 2718, 
2695, 2476, 2125, 1753, 1470, 1362, 1464, 1745, 2115, 2470, 
2692, 2723, 2446, 2088, 1719, 1449, 1361, 1486, 1779, 2152, 
2499, 2705, 2716, 2524, 2188, 1814, 1507, 1364, 1507, 1815, 
2191, 2525, 2713, 2704, 2497, 2152, 1779, 1484, 1362, 1449, 
1722, 2088, 2447, 2682, 2691, 2466, 2116, 1745, 1466, 1362, 
1470, 1754, 2126, 2478, 2694, 2720, 2545, 2216, 1840, 1524, 
1363, 1494, 1788, 2165, 2506, 2708, 2712, 2516, 2179, 1803, 
1500, 1364, 1438, 1697, 2061, 2424, 2716, 2699, 2488, 2142, 
1766, 1478, 1363, 1455, 1731, 2101, 2456, 2685, 2726, 2561, 
2241, 1864, 1459, 1362, 1475, 1763, 2137, 2484, 2697, 2719, 
2535, 2205, 1828, 1518, 1367, 1426, 1673, 2036, 2512, 2712, 
2708, 2510, 2170, 1793, 1494, 1363, 1443, 1707, 2072, 2433, 
2676, 2729, 2579, 2266, 1761, 1473, 1361, 1461, 1740, 2109, 
2463, 2690, 2723, 2556, 2232, 1854, 1535, 1371, 1415, 1651, 
2147, 2490, 2702, 2715, 2528, 2195, 1818, 1511, 1366, 1431, 
1683, 2046, 2411, 2664, 2734, 2595, 2157, 1785, 1488, 1363, 
1446, 1716, 2082, 2442, 2679, 2729, 2572, 2259, 1880, 1553, 
1376, 1404, 1748, 2120, 2473, 2692, 2721, 2548, 2223, 1844, 
1528, 1369, 1419, 1660, 2017, 2387, 2652, 2736, 2524, 2169, 
1779, 1471, 1366, 1561, 1914, 2300, 2606, 2736, 2647, 2343, 
1972, 1622, 1402, 1377, 1670, 2028, 2396, 2656, 2735, 2606, 
2308, 1932, 1592, 1390, 1387, 1586, 1927, 2304, 2601, 2736, 
2580, 2275, 1896, 1564, 1379, 1399, 1617, 1964, 2339, 2622, 
2736, 2639, 2369, 1997, 1644, 1411, 1413, 1647, 1999, 2372, 
2642, 2736, 2621, 2335, 1959, 1613, 1397, 1379, 1567, 1900, 
2279, 2585, 2733, 2600, 2299, 1923, 1584, 1385, 1390, 1596, 
1936, 2313, 2608, 2732, 2655, 2395, 2022, 1666, 1376, 1401, 
1624, 1975, 2348, 2628, 2735, 2635, 2360, 1987, 1634, 1406, 
1374, 1547, 1873, 2252, 2648, 2736, 2616, 2323, 1949, 1606, 
1395, 1383, 1575, 1911, 2288, 2592, 2732, 2666, 2416, 2053, 
1576, 1383, 1393, 1604, 1947, 2323, 2614, 2734, 2649, 2383, 
2014, 1656, 1419, 1368, 1531, 1850, 2357, 2633, 2736, 2628, 
2351, 1976, 1625, 1401, 1376, 1558, 1884, 2261, 2572, 2729, 
2679, 2439, 1939, 1598, 1390, 1386, 1583, 1921, 2298, 2599, 
2734, 2663, 2407, 2040, 1680, 1428, 1365, 1512, 1959, 2332, 
2620, 2734, 2643, 2374, 2003, 1648, 1412, 1372, 1538, 1859, 
2236, 2556, 2724, 2687, 2340, 1965, 1619, 1398, 1379, 1565, 
1895, 2273, 2582, 2731, 2673, 2430, 2068, 1703, 1438, 1363, 
1592, 1931, 2308, 2606, 2735, 2657, 2398, 2030, 1671, 1423, 
1367, 1523, 1831, 2211, 2540, 2720, 2639, 2365, 1993, 1639, 
1408, 1373, 1546, 1866, 2247, 2566, 2727, 2683, 2452, 2096, 
1728, 1452, 1380, 1571, 1905, 2283, 2588, 2732, 2670, 2420, 
2057, 1693, 1434, 1363, 1502, 1804, 2183, 2519, 2736, 2652, 
2389, 2019, 1663, 1418, 1368, 1526, 1842, 2220, 2549, 2719, 
2694, 2473, 2120, 1752, 1405, 1375, 1552, 1878, 2256, 2572, 
2727, 2680, 2444, 2084, 1713, 1448, 1360, 1484, 1781, 2156, 
2593, 2732, 2665, 2412, 2047, 1685, 1430, 1364, 1508, 1817, 
2194, 2528, 2716, 2704, 2496, 2150, 1654, 1415, 1369, 1534, 
1852, 2231, 2555, 2723, 2691, 2464, 2112, 1741, 1464, 1360, 
1472, 1756, 2267, 2577, 2729, 2675, 2435, 2074, 1708, 1442, 
1363, 1493, 1792, 2167, 2505, 2710, 2710, 2514, 2036, 1676, 
1425, 1366, 1515, 1827, 2204, 2535, 2718, 2702, 2486, 2140, 
1764, 1476, 1361, 1458, 1862, 2240, 2561, 2726, 2687, 2456, 
2100, 1732, 1457, 1361, 1479, 1765, 2139, 2487, 2699, 2716, 
2425, 2062, 1698, 1437, 1364, 1496, 1801, 2176, 2515, 2707, 
2708, 2504, 2166, 1792, 1491, 1362, 1522, 1836, 2215, 2542, 
2720, 2695, 2478, 2128, 1755, 1472, 1361, 1462, 1741, 2113, 
2467, 2691, 2683, 2448, 2090, 1724, 1451, 1360, 1484, 1776, 
2148, 2496, 2703, 2713, 2527, 2192, 1816, 1509, 1363, 1504, 
1811, 2187, 2523, 2713, 2704, 2498, 2155, 1781, 1487, 1361, 
1447, 1719, 2084, 2444, 2721, 2692, 2470, 2118, 1748, 1465, 
1361, 1470, 1753, 2120, 2478, 2695, 2721, 2546, 2220, 1841, 
1446, 1361, 1488, 1785, 2161, 2502, 2707, 2714, 2520, 2183, 
1807, 1503, 1364, 1435, 1695, 2059, 2531, 2716, 2703, 2492, 
2144, 1772, 1481, 1360, 1452, 1728, 2096, 2452, 2686, 2727, 
2563, 2247, 1737, 1460, 1362, 1474, 1760, 2131, 2483, 2697, 
2719, 2534, 2209, 1832, 1520, 1367, 1424, 1672, 2172, 2511, 
2710, 2710, 2511, 2172, 1796, 1494, 1363, 1439, 1703, 2068, 
2430, 2675, 2732, 2579, 2136, 1761, 1475, 1362, 1459, 1738, 
2105, 2460, 2688, 2724, 2556, 2236, 1859, 1537, 1371, 1413, 
1771, 2144, 2490, 2700, 2716, 2531, 2198, 1822, 1513, 1366, 
1427, 1680, 2041, 2408, 2663, 2735, 2502, 2164, 1787, 1490, 
1362, 1446, 1712, 2079, 2441, 2677, 2727, 2574, 2261, 1883, 
1556, 1376, 1464, 1747, 2116, 2470, 2692, 2723, 2549, 2224, 
2711, 2702, 2496, 2155, 1780, 1488, 1358, 1446, 1843, 2222, 
2547, 2719, 2691, 2473, 2118, 1747, 1465, 1360, 1466, 1749, 
2119, 2471, 2691, 2721, 2440, 2080, 1712, 1445, 1361, 1487, 
1784, 2159, 2499, 2703, 2711, 2518, 2183, 1807, 1502, 1363, 
1509, 1820, 2195, 2528, 2713, 2700, 2491, 2144, 1771, 1480, 
1361, 1452, 1727, 2091, 2451, 2683, 2687, 2460, 2107, 1737, 
1459, 1361, 1472, 1758, 2131, 2480, 2695, 2718, 2537, 2209, 
1832, 1518, 1362, 1492, 1795, 2172, 2508, 2706, 2707, 2510, 
2172, 1796, 1495, 1363, 1439, 1703, 2066, 2430, 2718, 2699, 
2483, 2134, 1762, 1475, 1361, 1458, 1735, 2105, 2459, 2687, 
2720, 2559, 2236, 1857, 1454, 1362, 1478, 1769, 2143, 2488, 
2699, 2716, 2531, 2199, 1823, 1512, 1367, 1428, 1679, 2041, 
2517, 2711, 2707, 2503, 2163, 1788, 1491, 1361, 1445, 1712, 
2079, 2439, 2675, 2726, 2576, 2263, 1753, 1468, 1363, 1464, 
1746, 2115, 2468, 2691, 2720, 2550, 2226, 1848, 1532, 1371, 
1414, 1657, 2153, 2496, 2704, 2713, 2525, 2189, 1811, 1507, 
1364, 1432, 1688, 2054, 2413, 2667, 2733, 2593, 2151, 1778, 
1484, 1361, 1450, 1721, 2088, 2447, 2680, 2727, 2567, 2255, 
1872, 1550, 1374, 1405, 1754, 2126, 2476, 2695, 2721, 2544, 
2215, 1838, 1524, 1368, 1421, 1664, 2025, 2391, 2656, 2735, 
2516, 2179, 1803, 1497, 1364, 1436, 1698, 2062, 2424, 2672, 
2731, 2583, 2279, 1897, 1568, 1382, 1454, 1731, 2099, 2455, 
2684, 2726, 2561, 2242, 1864, 1542, 1372, 1408, 1643, 1996, 
2367, 2640, 2716, 2535, 2205, 1828, 1517, 1367, 1425, 1674, 
2035, 2401, 2655, 2735, 2603, 2303, 1926, 1587, 1363, 1439, 
1708, 2072, 2433, 2675, 2729, 2578, 2268, 1889, 1560, 1378, 
1398, 1620, 1969, 2344, 2689, 2723, 2554, 2232, 1855, 1536, 
1372, 1415, 1652, 2007, 2375, 2647, 2738, 2617, 2328, 1954, 
1510, 1365, 1429, 1683, 2047, 2412, 2664, 2733, 2595, 2291, 
1919, 1580, 1384, 1391, 1599, 1943, 2443, 2679, 2728, 2572, 
2259, 1879, 1553, 1375, 1403, 1629, 1982, 2354, 2632, 2736, 
2631, 2355, 1844, 1528, 1369, 1418, 1660, 2018, 2387, 2651, 
2736, 2612, 2318, 1946, 1600, 1392, 1384, 1580, 2055, 2419, 
2668, 2732, 2588, 2284, 1907, 1573, 1380, 1396, 1609, 1953, 
2328, 2619, 2735, 2646, 2248, 1871, 1546, 1374, 1408, 1638, 
1991, 2363, 2642, 2734, 2625, 2344, 1969, 1622, 1402, 1379, 
1670, 2028, 2398, 2656, 2736, 2606, 2310, 1932, 1593, 1388, 
1389, 1588, 1926, 2304, 2604, 2735, 2583, 2275, 1895, 1564, 
1380, 1399, 1616, 1964, 2337, 2624, 2735, 2639, 2370, 1996, 
1643, 1411, 1411, 1647, 2001, 2374, 2642, 2736, 2621, 2336, 
1958, 1614, 1399, 1382, 1566, 1901, 2279, 2587, 2735, 2599, 
2300, 1923, 1585, 1386, 1390, 1593, 1939, 2314, 2611, 2736, 
2655, 2392, 2024, 1665, 1377, 1401, 1624, 1975, 2348, 2628, 
2735, 2634, 2363, 1985, 1635, 1407, 1375, 1550, 1873, 2252, 
2648, 2736, 2616, 2321, 1949, 1604, 1395, 1383, 1575, 1914, 
2288, 2592, 2732, 2667, 2416, 2051, 1577, 1383, 1393, 1605, 
1948, 2323, 2616, 2736, 2648, 2385, 2014, 1659, 1417, 1369, 
1531, 1849, 2359, 2634, 2737, 2629, 2351, 1976, 1627, 1403, 
1376, 1556, 1885, 2263, 2575, 2729, 2678, 2439, 1939, 1598, 
1390, 1386, 1583, 1920, 2300, 2599, 2732, 2663, 2407, 2040, 
1680, 1428, 1366, 1511, 1957, 2333, 2619, 2736, 2643, 2374, 
2004, 1648, 1408, 1372, 1537, 1858, 2234, 2557, 2723, 2687, 
2339, 1966, 1617, 1399, 1378, 1560, 1895, 2272, 2581, 2727, 
2673, 2430, 2067, 1703, 1439, 1363, 1592, 1935, 2310, 2606, 
2735, 2660, 2393, 1993, 1615, 1385, 1415, 1656, 2022, 2406, 
2663, 2732, 2474, 2121, 1751, 1468, 1363, 1465, 1748, 2117, 
2470, 2692, 2721, 2549, 2224, 1846, 1529, 1369, 1486, 1782, 
2156, 2499, 2703, 2715, 2520, 2186, 1811, 1504, 1364, 1433, 
1691, 2054, 2418, 2668, 2703, 2493, 2150, 1775, 1482, 1362, 
1449, 1726, 2092, 2448, 2683, 2727, 2566, 2249, 1874, 1547, 
1361, 1471, 1758, 2127, 2483, 2695, 2718, 2542, 2214, 1836, 
1522, 1367, 1422, 1668, 2027, 2396, 2708, 2712, 2514, 2174, 
1802, 1498, 1363, 1438, 1700, 2063, 2428, 2673, 2732, 2584, 
2275, 1897, 1478, 1363, 1459, 1734, 2100, 2459, 2685, 2724, 
2559, 2240, 1862, 1539, 1371, 1411, 1645, 1999, 2486, 2699, 
2718, 2535, 2201, 1829, 1515, 1365, 1427, 1678, 2038, 2404, 
2662, 2734, 2600, 2302, 1791, 1492, 1361, 1443, 1710, 2075, 
2436, 2675, 2730, 2577, 2266, 1887, 1558, 1376, 1401, 1623, 
2112, 2466, 2695, 2723, 2552, 2228, 1853, 1533, 1371, 1415, 
1655, 2011, 2380, 2648, 2735, 2617, 2192, 1817, 1507, 1364, 
1432, 1687, 2048, 2414, 2665, 2734, 2595, 2292, 1916, 1580, 
1384, 1393, 1720, 2086, 2443, 2681, 2724, 2571, 2255, 1878, 
1551, 1375, 1405, 1632, 1984, 2358, 2635, 2736, 2544, 2224, 
1840, 1526, 1368, 1419, 1664, 2020, 2390, 2652, 2735, 2611, 
2315, 1940, 1599, 1391, 1435, 1695, 2057, 2422, 2670, 2731, 
2588, 2280, 1903, 1570, 1380, 1396, 1612, 1956, 2332, 2620, 
2727, 2563, 2247, 1863, 1543, 1374, 1408, 1640, 1993, 2365, 
2639, 2735, 2624, 2343, 1967, 1619, 1366, 1423, 1671, 2031, 
2398, 2657, 2735, 2603, 2307, 1929, 1590, 1388, 1388, 1590, 
1930, 2307, 2673, 2732, 2582, 2271, 1892, 1562, 1378, 1400, 
1619, 1968, 2341, 2625, 2735, 2639, 2366, 1996, 1536, 1372, 
1412, 1649, 2003, 2374, 2643, 2735, 2618, 2332, 1955, 1611, 
1396, 1381, 1570, 1903, 2408, 2661, 2735, 2597, 2297, 1920, 
1583, 1387, 1391, 1598, 1940, 2317, 2611, 2736, 2654, 2390, 
1883, 1556, 1375, 1403, 1628, 1977, 2351, 2630, 2736, 2634, 
2358, 1984, 1633, 1406, 1375, 1550, 2014, 2383, 2650, 2736, 
2614, 2322, 1946, 1603, 1393, 1383, 1578, 1913, 2291, 2592, 
2732, 2666, 2288, 1910, 1575, 1384, 1394, 1606, 1951, 2326, 
2616, 2736, 2648, 2380, 2011, 1655, 1415, 1369, 1635, 1988, 
2360, 2636, 2736, 2628, 2348, 1972, 1624, 1401, 1376, 1558, 
1887, 2265, 2577, 2729, 2608, 2311, 1935, 1595, 1390, 1386, 
1584, 1924, 2300, 2601, 2735, 2661, 2404, 2038, 1678, 1426, 
1398, 1614, 1960, 2336, 2622, 2736, 2641, 2371, 2001, 1647, 
1411, 1372, 1539, 1860, 2239, 2559, 2735, 2622, 2337, 1963, 
1616, 1398, 1380, 1565, 1896, 2276, 2584, 2732, 2672, 2428, 
2064, 1700, 1388, 1389, 1592, 1934, 2311, 2607, 2735, 2656, 
2395, 2028, 1669, 1422, 1367, 1520, 1836, 2212, 2627, 2736, 
2636, 2363, 1991, 1638, 1408, 1375, 1546, 1869, 2248, 2567, 
2727, 2683, 2450, 2091, 1607, 1395, 1382, 1574, 1907, 2284, 
2590, 2731, 2669, 2419, 2054, 1691, 1433, 1364, 1503, 1810, 
2319, 2614, 2735, 2652, 2387, 2018, 1660, 1419, 1369, 1529, 
1846, 2223, 2550, 2720, 2692, 2471, 1982, 1628, 1404, 1376, 
1554, 1881, 2259, 2574, 2728, 2679, 2440, 2080, 1715, 1446, 
1360, 1487, 1917, 2295, 2596, 2732, 2663, 2409, 2044, 1683, 
1428, 1364, 1510, 1820, 2195, 2529, 2715, 2702, 2377, 2006, 
1651, 1414, 1371, 1535, 1855, 2233, 2556, 2723, 2688, 2463, 
2110, 1740, 1460, 1361, 1563, 1890, 2268, 2580, 2731, 2675, 
2432, 2072, 1707, 1441, 1362, 1492, 1794, 2171, 2509, 2708, 
2659, 2399, 2034, 1675, 1425, 1366, 1518, 1831, 2207, 2535, 
2718, 2696, 2484, 2577, 2727, 2672, 2306, 1929, 1591, 1388, 
1387, 1587, 1927, 2303, 2601, 2732, 2656, 2398, 2032, 1672, 
1423, 1366, 1615, 1964, 2335, 2620, 2733, 2638, 2366, 1995, 
1641, 1410, 1371, 1543, 1863, 2241, 2561, 2724, 2619, 2332, 
1957, 1612, 1398, 1380, 1567, 1900, 2278, 2584, 2729, 2670, 
2423, 2059, 1695, 1436, 1388, 1596, 1936, 2313, 2608, 2732, 
2652, 2390, 2022, 1664, 1419, 1368, 1523, 1838, 2215, 2543, 
2735, 2633, 2358, 1984, 1633, 1406, 1373, 1548, 1875, 2252, 
2568, 2726, 2680, 2445, 2086, 1721, 1392, 1383, 1575, 1911, 
2287, 2592, 2731, 2665, 2414, 2050, 1686, 1430, 1364, 1505, 
1812, 2189, 2615, 2734, 2648, 2383, 2012, 1654, 1416, 1368, 
1531, 1848, 2226, 2552, 2721, 2691, 2467, 2116, 1625, 1402, 
1375, 1555, 1885, 2262, 2575, 2728, 2676, 2438, 2078, 1710, 
1444, 1361, 1488, 1788, 2299, 2599, 2733, 2662, 2407, 2040, 
1679, 1427, 1366, 1512, 1823, 2200, 2531, 2716, 2700, 2489, 
2002, 1647, 1412, 1372, 1538, 1859, 2236, 2558, 2724, 2687, 
2459, 2105, 1735, 1459, 1359, 1475, 1895, 2272, 2582, 2731, 
2672, 2428, 2063, 1701, 1438, 1362, 1495, 1798, 2174, 2511, 
2710, 2708, 2397, 2028, 1671, 1423, 1366, 1519, 1833, 2210, 
2540, 2719, 2697, 2482, 2131, 1758, 1471, 1361, 1542, 1867, 
2247, 2566, 2726, 2683, 2451, 2094, 1727, 1452, 1362, 1480, 
1773, 2147, 2492, 2702, 2668, 2420, 2056, 1692, 1434, 1364, 
1502, 1807, 2183, 2520, 2712, 2707, 2500, 2159, 1784, 1488, 
1368, 1526, 1842, 2222, 2546, 2721, 2692, 2473, 2121, 1750, 
1468, 1362, 1465, 1747, 2119, 2471, 2728, 2680, 2442, 2084, 
1717, 1448, 1361, 1486, 1782, 2158, 2500, 2705, 2713, 2523, 
2185, 1810, 1430, 1365, 1510, 1817, 2193, 2527, 2716, 2704, 
2495, 2148, 1775, 1483, 1361, 1452, 1725, 2092, 2556, 2723, 
2689, 2463, 2111, 1741, 1462, 1361, 1472, 1759, 2131, 2480, 
2697, 2719, 2542, 2211, 1708, 1442, 1363, 1492, 1793, 2171, 
2507, 2709, 2710, 2515, 2177, 1800, 1497, 1363, 1439, 1700, 
2204, 2535, 2717, 2700, 2487, 2137, 1764, 1476, 1361, 1457, 
1734, 2104, 2457, 2687, 2724, 2559, 2099, 1732, 1455, 1361, 
1478, 1766, 2140, 2488, 2699, 2716, 2534, 2203, 1825, 1513, 
1367, 1427, 1803, 2178, 2516, 2711, 2710, 2506, 2166, 1791, 
1491, 1363, 1443, 1710, 2076, 2436, 2677, 2729, 2478, 2127, 
1755, 1471, 1361, 1463, 1743, 2112, 2466, 2691, 2723, 2552, 
2228, 1851, 1532, 1369, 1482, 1777, 2151, 2495, 2703, 2713, 
2527, 2191, 1816, 1508, 1364, 1431, 1686, 2048, 2414, 2666, 
2703, 2499, 2155, 1781, 1486, 1360, 1448, 1720, 2086, 2445, 
2681, 2728, 2571, 2254, 1877, 1550, 1362, 1468, 1752, 2124, 
2475, 2695, 2721, 2544, 2219, 1841, 1526, 1368, 1420, 1664, 
2021, 2391, 2708, 2712, 2519, 2183, 1806, 1502, 1364, 1436, 
1695, 2059, 2423, 2672, 2732, 2588, 2281, 1904, 1479, 1362, 
1454, 1728, 2096, 2454, 2684, 2727, 2563, 2244, 1868, 1543, 
1372, 1409, 1641, 1995, 2483, 2697, 2719, 2539, 2207, 1831, 
1519, 1366, 1424, 1672, 2032, 2400, 2659, 2734, 2604, 2305, 
1795, 1495, 1362, 1440, 1704, 2070, 2432, 2675, 2729, 2581, 
2271, 1892, 1562, 1378, 1400, 1619, 2107, 2462, 2688, 2724, 
2556, 2235, 1856, 1537, 1371, 1414, 1650, 2005, 2375, 2644, 
2736, 2620, 2198, 1821, 1512, 1366, 1428, 1681, 2042, 2408, 
2663, 2734, 2596, 2299, 1919, 1581, 1385, 1391, 1715, 2080, 
2439, 2678, 2728, 2574, 2260, 1883, 1555, 1376, 1404, 1627, 
1979, 2352, 2630, 2736, 2548, 2225, 1847, 1529, 1369, 1417, 
1659, 2016, 2384, 2652, 2736, 2614, 2302, 1910, 1552, 1363, 
1557, 1898, 2281, 2595, 2734, 2658, 2371, 1999, 1646, 1411, 
1372, 1540, 1862, 2240, 2559, 2724, 2622, 2334, 1962, 1615, 
1398, 1380, 1567, 1899, 2276, 2584, 2731, 2672, 2427, 2063, 
1699, 1437, 1390, 1594, 1935, 2311, 2608, 2735, 2656, 2395, 
2027, 1667, 1422, 1367, 1521, 1836, 2215, 2543, 2736, 2638, 
2363, 1988, 1637, 1407, 1374, 1547, 1871, 2249, 2568, 2727, 
2683, 2449, 2091, 1724, 1395, 1383, 1573, 1909, 2287, 2591, 
2732, 2668, 2419, 2055, 1690, 1433, 1364, 1505, 1811, 2187, 
2615, 2736, 2651, 2386, 2016, 1659, 1418, 1369, 1528, 1846, 
2224, 2550, 2723, 2694, 2471, 2119, 1628, 1403, 1376, 1554, 
1882, 2260, 2573, 2728, 2680, 2440, 2080, 1713, 1444, 1361, 
1487, 1785, 2295, 2598, 2732, 2663, 2408, 2043, 1683, 1427, 
1365, 1510, 1821, 2196, 2530, 2716, 2701, 2492, 2005, 1651, 
1414, 1371, 1537, 1856, 2234, 2558, 2724, 2689, 2462, 2108, 
1739, 1460, 1362, 1474, 1892, 2271, 2580, 2729, 2673, 2432, 
2070, 1705, 1440, 1363, 1492, 1794, 2172, 2509, 2710, 2710, 
2400, 2032, 1674, 1425, 1366, 1518, 1830, 2207, 2537, 2719, 
2700, 2483, 2135, 1763, 1475, 1361, 1543, 1866, 2244, 2563, 
2727, 2686, 2454, 2098, 1730, 1455, 1361, 1479, 1771, 2144, 
2489, 2702, 2673, 2427, 2064, 1700, 1438, 1363, 1496, 1800, 
2177, 2514, 2710, 2708, 2508, 2169, 1792, 1492, 1367, 1521, 
1836, 2212, 2542, 2719, 2697, 2481, 2129, 1758, 1472, 1361, 
1460, 1742, 2111, 2464, 2727, 2683, 2449, 2092, 1725, 1452, 
1362, 1481, 1775, 2150, 2494, 2703, 2716, 2528, 2193, 1819, 
1433, 1364, 1504, 1810, 2187, 2522, 2715, 2705, 2500, 2157, 
1784, 1487, 1363, 1447, 1716, 2085, 2548, 2721, 2692, 2471, 
2120, 1749, 1465, 1361, 1468, 1751, 2121, 2473, 2695, 2723, 
2547, 2222, 1716, 1446, 1362, 1487, 1785, 2160, 2503, 2707, 
2713, 2522, 2184, 1809, 1504, 1364, 1435, 1694, 2195, 2531, 
2716, 2703, 2494, 2147, 1774, 1482, 1362, 1452, 1727, 2096, 
2452, 2684, 2727, 2568, 2109, 1740, 1461, 1362, 1472, 1758, 
2132, 2481, 2697, 2719, 2540, 2211, 1833, 1520, 1367, 1423, 
1794, 2170, 2510, 2710, 2710, 2512, 2174, 1799, 1495, 1364, 
1439, 1703, 2067, 2428, 2674, 2732, 2485, 2136, 1763, 1475, 
1362, 1458, 1735, 2104, 2460, 2687, 2726, 2558, 2236, 1859, 
1538, 1371, 1478, 1771, 2143, 2488, 2702, 2717, 2534, 2201, 
1823, 1514, 1366, 1427, 1679, 2041, 2407, 2663, 2708, 2505, 
2164, 1789, 1491, 1363, 1445, 1711, 2079, 2438, 2676, 2727, 
2575, 2263, 1884, 1555, 1361, 1464, 1745, 2114, 2468, 2692, 
2723, 2551, 2227, 1849, 1531, 1369, 1416, 1656, 2014, 2382, 
2703, 2713, 2525, 2190, 1814, 1508, 1365, 1432, 1688, 2051, 
2416, 2668, 2734, 2595, 2289, 1913, 1484, 1361, 1447, 1721, 
2089, 2447, 2683, 2728, 2570, 2254, 1875, 1550, 1375, 1405, 
1633, 1987, 2478, 2695, 2720, 2544, 2217, 1840, 1524, 1368, 
1420, 1665, 2023, 2392, 2654, 2736, 2609, 2315, 1804, 1500, 
1363, 1436, 1697, 2061, 2424, 2672, 2732, 2587, 2279, 1902, 
1567, 1381, 1396, 1612, 2101, 2456, 2686, 2726, 2562, 2243, 
1865, 1542, 1372, 1410, 1642, 1996, 2368, 2640, 2736, 2624, 
2207, 1830, 1519, 1365, 1426, 1675, 2033, 2401, 2659, 2735, 
2603, 2305, 1927, 1587, 1387, 1389, 1707, 2072, 2433, 2676, 
2731, 2580, 2268, 1891, 1560, 1377, 1400, 1620, 1971, 2343, 
2627, 2737, 2556, 2232, 1855, 1536, 1371, 1414, 1652, 2008, 
2378, 2647, 2737, 2618, 2331, 1955, 1609, 1396, 1429, 1682, 
2044, 2409, 2663, 2734, 2596, 2296, 1917, 1580, 1385, 1392, 
1600, 1943, 2319, 2614, 2729, 2573, 2258, 2701, 2712, 2524, 
2189, 1814, 1507, 1363, 1430, 1686, 2045, 2412, 2664, 2732, 
2496, 2152, 1779, 1484, 1360, 1448, 1719, 2086, 2443, 2678, 
2726, 2567, 2252, 1873, 1548, 1374, 1468, 1751, 2123, 2475, 
2694, 2719, 2543, 2215, 1839, 1524, 1367, 1420, 1664, 2021, 
2390, 2651, 2710, 2516, 2178, 1804, 1500, 1363, 1434, 1695, 
2059, 2422, 2668, 2731, 2584, 2279, 1901, 1567, 1361, 1455, 
1729, 2097, 2453, 2683, 2724, 2561, 2243, 1865, 1541, 1371, 
1409, 1640, 1995, 2367, 2697, 2716, 2537, 2207, 1829, 1518, 
1368, 1424, 1672, 2032, 2400, 2657, 2734, 2601, 2304, 1927, 
1494, 1362, 1440, 1704, 2070, 2432, 2673, 2730, 2580, 2269, 
1890, 1559, 1378, 1400, 1619, 1968, 2462, 2688, 2723, 2556, 
2233, 1855, 1537, 1369, 1413, 1651, 2006, 2376, 2646, 2736, 
2619, 2330, 1820, 1511, 1366, 1428, 1682, 2043, 2409, 2664, 
2733, 2595, 2296, 1919, 1584, 1384, 1391, 1599, 2081, 2439, 
2678, 2728, 2572, 2259, 1881, 1553, 1375, 1404, 1626, 1978, 
2352, 2631, 2735, 2632, 2223, 1845, 1527, 1368, 1417, 1659, 
2016, 2385, 2651, 2736, 2612, 2321, 1944, 1601, 1392, 1383, 
1690, 2053, 2417, 2668, 2732, 2590, 2284, 1908, 1575, 1383, 
1395, 1606, 1953, 2327, 2616, 2736, 2565, 2249, 1871, 1547, 
1374, 1404, 1638, 1990, 2363, 2636, 2736, 2627, 2347, 1973, 
1623, 1402, 1423, 1669, 2028, 2393, 2656, 2735, 2607, 2311, 
1935, 1593, 1390, 1385, 1586, 1924, 2302, 2601, 2732, 2583, 
2275, 1897, 1564, 1379, 1397, 1615, 1964, 2336, 2623, 2736, 
2640, 2368, 1999, 1643, 1371, 1410, 1644, 1999, 2371, 2639, 
2736, 2623, 2337, 1961, 1615, 1398, 1380, 1567, 1899, 2278, 
2662, 2734, 2600, 2303, 1924, 1587, 1388, 1391, 1595, 1935, 
2311, 2609, 2735, 2656, 2395, 2026, 1559, 1376, 1400, 1622, 
1974, 2348, 2627, 2735, 2636, 2360, 1988, 1635, 1408, 1374, 
1547, 1871, 2380, 2647, 2736, 2617, 2326, 1951, 1606, 1395, 
1383, 1575, 1910, 2287, 2592, 2732, 2668, 2417, 1914, 1579, 
1384, 1394, 1604, 1947, 2322, 2615, 2736, 2651, 2385, 2016, 
1658, 1418, 1370, 1529, 1983, 2355, 2633, 2736, 2631, 2352, 
1977, 1628, 1402, 1376, 1554, 1882, 2260, 2574, 2728, 2679, 
2316, 1939, 1598, 1391, 1383, 1582, 1920, 2296, 2598, 2732, 
2663, 2408, 2044, 1683, 1427, 1364, 1609, 1956, 2331, 2620, 
2737, 2644, 2375, 2004, 1649, 1414, 1372, 1536, 1857, 2233, 
2556, 2724, 2625, 2343, 1967, 1619, 1400, 1378, 1563, 1892, 
2270, 2580, 2729, 2675, 2432, 2068, 1705, 1440, 1388, 1589, 
1929, 2305, 2605, 2734, 2657, 2400, 2032, 1673, 1423, 1366, 
1518, 1831, 2208, 2538, 2736, 2639, 2367, 1993, 1640, 1409, 
1372, 1543, 1867, 2244, 2564, 2726, 2684, 2453, 2097, 1729, 
1397, 1380, 1571, 1903, 2283, 2587, 2731, 2670, 2422, 2058, 
1695, 1436, 1363, 1500, 1806, 2182, 2611, 2736, 2656, 2390, 
2020, 1663, 1421, 1368, 1523, 1841, 2218, 2546, 2720, 2695, 
2476, 2124, 1632, 1405, 1375, 1551, 1875, 2256, 2572, 2727, 
2680, 2444, 2086, 1720, 1447, 1363, 1484, 1780, 2291, 2595, 
2732, 2665, 2414, 2048, 1687, 1431, 1364, 1506, 1816, 2192, 
2527, 2715, 2704, 2497, 2011, 1656, 1416, 1370, 1532, 1851, 
2230, 2556, 2726, 2690, 2467, 2113, 1744, 1463, 1361, 1471, 
1887, 2265, 2576, 2729, 2676, 2436, 2076, 1710, 1444, 1362, 
1491, 1791, 2166, 2505, 2708, 2712, 2404, 2040, 1679, 1427, 
1366, 1515, 1826, 2202, 2535, 2716, 2700, 2488, 2140, 1767, 
1479, 1361, 1540, 1862, 2240, 2559, 2726, 2687, 2457, 2103, 
1735, 1457, 1360, 1476, 1766, 2137, 2486, 2699, 2672, 2427, 
2038, 1641, 1390, 1409, 1652, 2019, 2397, 2657, 2734, 2591, 
2287, 1910, 1575, 1383, 1450, 1721, 2089, 2448, 2681, 2728, 
2569, 2252, 1873, 1549, 1374, 1407, 1635, 1987, 2360, 2636, 
2720, 2543, 2216, 1839, 1523, 1368, 1421, 1667, 2025, 2393, 
2655, 2735, 2607, 2311, 1937, 1596, 1363, 1438, 1699, 2062, 
2425, 2672, 2731, 2585, 2279, 1899, 1566, 1380, 1397, 1612, 
1960, 2335, 2685, 2726, 2561, 2243, 1863, 1542, 1372, 1411, 
1644, 1999, 2370, 2642, 2736, 2623, 2339, 1966, 1517, 1367, 
1424, 1674, 2036, 2402, 2659, 2735, 2601, 2303, 1926, 1587, 
1387, 1389, 1593, 1933, 2434, 2675, 2729, 2579, 2268, 1888, 
1559, 1378, 1400, 1622, 1972, 2345, 2627, 2736, 2638, 2364, 
1853, 1534, 1372, 1415, 1652, 2009, 2377, 2648, 2736, 2619, 
2328, 1953, 1608, 1396, 1382, 1573, 2046, 2412, 2663, 2734, 
2596, 2294, 1916, 1579, 1384, 1392, 1600, 1943, 2319, 2612, 
2734, 2651, 2257, 1879, 1552, 1375, 1404, 1629, 1982, 2353, 
2632, 2735, 2630, 2354, 1980, 1633, 1404, 1376, 1661, 2018, 
2388, 2652, 2736, 2612, 2319, 1944, 1602, 1392, 1384, 1580, 
1916, 2296, 2597, 2732, 2589, 2284, 1907, 1570, 1382, 1395, 
1608, 1954, 2329, 2617, 2736, 2646, 2378, 2007, 1651, 1414, 
1408, 1638, 1991, 2364, 2637, 2736, 2624, 2344, 1969, 1621, 
1401, 1378, 1561, 1891, 2268, 2579, 2735, 2605, 2307, 1932, 
1593, 1389, 1387, 1588, 1928, 2305, 2604, 2735, 2659, 2401, 
2035, 1675, 1379, 1399, 1617, 1966, 2340, 2623, 2737, 2641, 
2371, 1996, 1644, 1411, 1373, 1543, 1865, 2243, 2640, 2735, 
2623, 2339, 1965, 1617, 1400, 1379, 1563, 1895, 2273, 2583, 
2731, 2673, 2430, 2067, 1592, 1389, 1387, 1587, 1927, 2304, 
2604, 2734, 2660, 2402, 2035, 1676, 1426, 1367, 1516, 1829, 
2334, 2620, 2736, 2643, 2372, 2003, 1649, 1412, 1372, 1539, 
1859, 2236, 2559, 2724, 2688, 2459, 1970, 1623, 1401, 1379, 
1560, 1890, 2268, 2579, 2729, 2675, 2435, 2072, 1707, 1442, 
1363, 1494, 1927, 2304, 2604, 2735, 2659, 2403, 2036, 1675, 
1425, 1367, 1516, 1828, 2206, 2536, 2718, 2700, 2369, 1998, 
1643, 1411, 1373, 1542, 1863, 2241, 2561, 2724, 2684, 2456, 
2099, 1731, 1454, 1360, 1567, 1900, 2279, 2585, 2732, 2672, 
2425, 2062, 1698, 1437, 1363, 1499, 1801, 2180, 2516, 2711, 
2655, 2393, 2024, 1665, 1422, 1367, 1523, 1837, 2215, 2547, 
2719, 2695, 2478, 2126, 1755, 1470, 1374, 1550, 1873, 2252, 
2570, 2727, 2680, 2447, 2088, 1721, 1449, 1361, 1484, 1777, 
2152, 2496, 2732, 2668, 2415, 2052, 1689, 1432, 1363, 1505, 
1813, 2191, 2523, 2714, 2705, 2499, 2154, 1779, 1417, 1369, 
1531, 1849, 2227, 2551, 2721, 2691, 2468, 2118, 1746, 1464, 
1362, 1468, 1752, 2126, 2575, 2728, 2679, 2439, 2078, 1712, 
1446, 1361, 1489, 1789, 2163, 2504, 2709, 2713, 2519, 2182, 
1681, 1428, 1366, 1512, 1823, 2200, 2531, 2717, 2701, 2491, 
2144, 1771, 1481, 1363, 1455, 1730, 2236, 2559, 2726, 2687, 
2462, 2108, 1737, 1459, 1361, 1475, 1762, 2134, 2483, 2697, 
2721, 2539, 2067, 1702, 1440, 1363, 1495, 1798, 2173, 2511, 
2708, 2710, 2513, 2170, 1795, 1494, 1363, 1441, 1832, 2210, 
2540, 2718, 2699, 2483, 2132, 1760, 1473, 1363, 1460, 1739, 
2108, 2463, 2690, 2724, 2453, 2096, 1726, 1453, 1363, 1480, 
1773, 2147, 2492, 2702, 2715, 2531, 2198, 1820, 1511, 1366, 
1503, 1807, 2183, 2520, 2712, 2706, 2503, 2160, 1785, 1489, 
1362, 1446, 1714, 2082, 2440, 2680, 2694, 2475, 2123, 1750, 
1469, 1363, 1466, 1747, 2119, 2471, 2694, 2723, 2550, 2224, 
1847, 1529, 1362, 1485, 1783, 2157, 2499, 2705, 2714, 2523, 
2547, 2719, 2690, 2467, 2115, 1745, 1464, 1359, 1555, 1881, 
2259, 2572, 2727, 2676, 2436, 2078, 1712, 1444, 1360, 1487, 
1787, 2160, 2503, 2704, 2662, 2407, 2041, 1680, 1427, 1365, 
1511, 1820, 2196, 2529, 2715, 2700, 2489, 2143, 1769, 1479, 
1370, 1536, 1856, 2235, 2555, 2723, 2687, 2458, 2105, 1737, 
1459, 1360, 1472, 1760, 2132, 2483, 2729, 2672, 2430, 2067, 
1703, 1439, 1361, 1494, 1795, 2171, 2510, 2707, 2708, 2510, 
2172, 1795, 1424, 1366, 1518, 1831, 2208, 2538, 2719, 2697, 
2483, 2133, 1760, 1474, 1361, 1459, 1736, 2107, 2563, 2726, 
2684, 2451, 2095, 1727, 1454, 1361, 1479, 1771, 2145, 2489, 
2701, 2715, 2532, 2197, 1694, 1435, 1363, 1500, 1807, 2183, 
2520, 2708, 2705, 2503, 2160, 1785, 1488, 1361, 1446, 1713, 
2219, 2545, 2719, 2695, 2473, 2124, 1751, 1468, 1361, 1464, 
1747, 2117, 2470, 2693, 2722, 2547, 2086, 1719, 1449, 1360, 
1484, 1782, 2156, 2498, 2704, 2713, 2522, 2188, 1811, 1504, 
1366, 1432, 1816, 2193, 2527, 2715, 2703, 2495, 2150, 1776, 
1482, 1361, 1451, 1723, 2092, 2448, 2683, 2727, 2465, 2112, 
1743, 1461, 1362, 1470, 1756, 2128, 2479, 2696, 2719, 2543, 
2216, 1837, 1523, 1367, 1491, 1791, 2166, 2507, 2707, 2710, 
2515, 2177, 1803, 1497, 1363, 1437, 1699, 2062, 2425, 2672, 
2700, 2488, 2140, 1767, 1478, 1361, 1456, 1732, 2102, 2456, 
2686, 2724, 2560, 2241, 1865, 1540, 1362, 1476, 1767, 2137, 
2486, 2700, 2717, 2535, 2204, 1826, 1516, 1365, 1424, 1675, 
2036, 2403, 2711, 2708, 2507, 2167, 1792, 1492, 1361, 1441, 
1708, 2074, 2435, 2675, 2729, 2580, 2268, 1888, 1473, 1360, 
1457, 1737, 2106, 2460, 2688, 2724, 2556, 2236, 1858, 1537, 
1371, 1412, 1648, 2003, 2489, 2700, 2716, 2533, 2199, 1822, 
1512, 1366, 1427, 1680, 2042, 2407, 2662, 2734, 2599, 2298, 
1786, 1488, 1361, 1443, 1713, 2079, 2439, 2678, 2729, 2575, 
2263, 1883, 1555, 1376, 1403, 1626, 2116, 2470, 2692, 2722, 
2551, 2224, 1848, 1531, 1369, 1417, 1657, 2014, 2383, 2649, 
2736, 2615, 2189, 1812, 1506, 1364, 1432, 1689, 2052, 2416, 
2668, 2732, 2592, 2288, 1911, 1575, 1383, 1393, 1721, 2088, 
2447, 2681, 2726, 2567, 2251, 1874, 1548, 1374, 1407, 1635, 
1987, 2360, 2636, 2736, 2543, 2215, 1838, 1523, 1368, 1421, 
1667, 2025, 2394, 2656, 2735, 2609, 2313, 1937, 1597, 1390, 
1437, 1699, 2062, 2425, 2672, 2732, 2586, 2278, 1900, 1567, 
1380, 1397, 1614, 1960, 2335, 2621, 2724, 2560, 2242, 1864, 
1540, 1372, 1411, 1644, 1997, 2368, 2641, 2735, 2622, 2339, 
1964, 1615, 1367, 1424, 1675, 2035, 2403, 2659, 2735, 2600, 
2303, 1926, 1588, 1387, 1389, 1593, 1933, 2311, 2675, 2729, 
2579, 2268, 1888, 1560, 1376, 1400, 1622, 1971, 2345, 2627, 
2736, 2636, 2365, 1990, 1535, 1371, 1414, 1651, 2008, 2377, 
2646, 2735, 2617, 2328, 1952, 1608, 1395, 1383, 1572, 1907, 
2411, 2663, 2734, 2595, 2294, 1917, 1580, 1383, 1392, 1601, 
1944, 2319, 2614, 2736, 2651, 2388, 1880, 1551, 1374, 1404, 
1630, 1980, 2355, 2631, 2736, 2632, 2355, 1980, 1631, 1404, 
1375, 1554, 2018, 2387, 2652, 2737, 2611, 2319, 1942, 1600, 
1392, 1384, 1580, 1917, 2294, 2596, 2733, 2664, 2284, 1905, 
1572, 1383, 1395, 1609, 1953, 2329, 2619, 2736, 2646, 2377, 
2007, 1652, 1415, 1370, 1638, 1991, 2363, 2638, 2736, 2625, 
2344, 1969, 1620, 1400, 1377, 1559, 1891, 2269, 2577, 2729, 
2605, 2309, 1932, 1592, 1389, 1386, 1587, 1926, 2303, 2604, 
2735, 2659, 2402, 2034, 1675, 1425, 1399, 1617, 1965, 2339, 
2623, 2736, 2640, 2364, 1975, 1603, 1377, 1424, 1674, 2035, 
2411, 2667, 2703, 2480, 2131, 1759, 1472, 1361, 1460, 1740, 
2110, 2463, 2687, 2723, 2555, 2232, 1855, 1535, 1362, 1481, 
1774, 2148, 2492, 2702, 2715, 2528, 2195, 1818, 1510, 1365, 
1430, 1683, 2045, 2411, 2712, 2707, 2500, 2159, 1784, 1486, 
1361, 1446, 1716, 2086, 2441, 2680, 2728, 2572, 2259, 1881, 
1467, 1361, 1467, 1749, 2120, 2472, 2694, 2722, 2547, 2222, 
1844, 1528, 1368, 1419, 1660, 2016, 2502, 2705, 2713, 2521, 
2185, 1809, 1504, 1364, 1433, 1692, 2055, 2419, 2670, 2731, 
2590, 2284, 1774, 1481, 1362, 1452, 1724, 2093, 2450, 2683, 
2727, 2564, 2249, 1871, 1545, 1374, 1408, 1638, 2124, 2476, 
2695, 2720, 2544, 2216, 1839, 1524, 1367, 1420, 1664, 2023, 
2392, 2654, 2736, 2609, 2179, 1804, 1499, 1363, 1437, 1696, 
2060, 2424, 2671, 2732, 2587, 2279, 1902, 1569, 1363, 1496, 
1799, 2174, 2511, 2711, 
END
Manual trigger reset! Waiting for next signal...
reset bools done, waiting for next trigger...
Trigger at idx=8195 raw=2384
Capture ready: pre-trigger + post-trigger window complete.
TRIGGER TYPE IS: RISING
Sample threshold is: 2048

----DEBUG INFO----
Core: 0, Trigger: 8195, Size: 16384
START
2318, 2653, 2702, 2614, 2350, 1961, 1641, 1348, 1212, 1229, 
1463, 1927, 2320, 2626, 2835, 2852, 2623, 2072, 1779, 1512, 
1370, 1512, 1727, 2012, 2366, 2601, 2695, 2580, 2308, 2019, 
1656, 1454, 1419, 1631, 1928, 2270, 2579, 2734, 2731, 2520, 
2210, 1774, 1447, 1431, 1325, 1588, 1849, 2262, 2573, 2720, 
2675, 2431, 2020, 1751, 1547, 1391, 1544, 1778, 2142, 2465, 
2695, 2780, 2634, 2374, 1977, 1496, 1246, 1255, 1421, 1803, 
2207, 2599, 2820, 2855, 2654, 2350, 1988, 1609, 1381, 1337, 
1479, 1926, 2226, 2558, 2686, 2599, 2462, 2130, 1856, 1576, 
1470, 1556, 1770, 2043, 2357, 2584, 2663, 2523, 2232, 1888, 
1586, 1385, 1394, 1541, 1803, 2228, 2507, 2720, 2726, 2570, 
2275, 1889, 1554, 1350, 1412, 1707, 2015, 2392, 2633, 2736, 
2636, 2395, 2076, 1731, 1480, 1351, 1445, 1712, 2028, 2495, 
2679, 2752, 2600, 2329, 1972, 1619, 1396, 1361, 1516, 1814, 
2144, 2475, 2663, 2659, 2505, 2101, 1799, 1531, 1407, 1473, 
1692, 2069, 2380, 2669, 2757, 2705, 2428, 2111, 1720, 1428, 
1306, 1475, 1768, 2095, 2529, 2780, 2807, 2706, 2375, 2003, 
1652, 1431, 1376, 1465, 1733, 2118, 2403, 2673, 2660, 2472, 
2185, 1866, 1596, 1481, 1516, 1724, 2010, 2359, 2625, 2699, 
2648, 2407, 2063, 1606, 1372, 1315, 1510, 1824, 2184, 2534, 
2767, 2749, 2581, 2328, 1935, 1597, 1391, 1352, 1512, 1940, 
2313, 2625, 2776, 2743, 2508, 2169, 1771, 1494, 1337, 1385, 
1593, 1920, 2277, 2626, 2774, 2679, 2387, 2044, 1699, 1443, 
1368, 1492, 1785, 2084, 2432, 2708, 2740, 2614, 2321, 1964, 
1607, 1353, 1384, 1588, 1959, 2320, 2638, 2776, 2780, 2515, 
2177, 1792, 1457, 1288, 1292, 1519, 1870, 2398, 2672, 2792, 
2729, 2451, 2116, 1765, 1472, 1379, 1426, 1660, 1986, 2314, 
2590, 2687, 2599, 2257, 1923, 1651, 1479, 1468, 1659, 1947, 
2280, 2567, 2689, 2687, 2483, 2168, 1818, 1526, 1356, 1448, 
1704, 2067, 2406, 2668, 2752, 2657, 2383, 2070, 1729, 1484, 
1398, 1472, 1741, 2107, 2416, 2707, 2675, 2499, 2207, 1832, 
1539, 1374, 1380, 1574, 1893, 2276, 2604, 2763, 2742, 2520, 
2207, 1724, 1470, 1344, 1441, 1683, 2029, 2372, 2628, 2727, 
2648, 2407, 2062, 1708, 1473, 1359, 1475, 1870, 2203, 2538, 
2725, 2748, 2572, 2268, 1875, 1547, 1382, 1356, 1529, 1839, 
2222, 2582, 2745, 2690, 2467, 2128, 1779, 1492, 1376, 1430, 
1654, 1992, 2343, 2599, 2703, 2656, 2388, 2079, 1764, 1449, 
1401, 1561, 1860, 2215, 2539, 2721, 2746, 2568, 2243, 1896, 
1552, 1337, 1321, 1504, 1816, 2363, 2663, 2767, 2707, 2495, 
2146, 1798, 1512, 1377, 1425, 1703, 1984, 2363, 2646, 2742, 
2660, 2307, 1960, 1607, 1399, 1353, 1514, 1808, 2155, 2520, 
2729, 2758, 2612, 2309, 1952, 1604, 1386, 1393, 1610, 1944, 
2260, 2609, 2744, 2720, 2500, 2115, 1783, 1493, 1344, 1403, 
1630, 1968, 2334, 2696, 2745, 2628, 2339, 1980, 1650, 1419, 
1367, 1488, 1787, 2140, 2478, 2689, 2736, 2609, 2339, 1868, 
1574, 1399, 1410, 1640, 1931, 2269, 2568, 2721, 2697, 2473, 
2171, 1835, 1572, 1399, 1460, 1771, 2114, 2478, 2680, 2723, 
2620, 2323, 1995, 1651, 1435, 1378, 1501, 1775, 2137, 2459, 
2659, 2695, 2491, 2173, 1855, 1553, 1414, 1439, 1639, 1965, 
2302, 2599, 2737, 2684, 2476, 2099, 1776, 1460, 1356, 1490, 
1767, 2115, 2470, 2723, 2780, 2641, 2371, 2000, 1652, 1403, 
1336, 1431, 1752, 2247, 2563, 2731, 2731, 2555, 2207, 1862, 
1540, 1371, 1394, 1594, 1907, 2273, 2547, 2716, 2678, 2387, 
2005, 1672, 1455, 1355, 1493, 1729, 2107, 2451, 2688, 2768, 
2673, 2414, 2034, 1715, 1436, 1381, 1559, 1865, 2243, 2557, 
2717, 2731, 2535, 2235, 1859, 1564, 1417, 1394, 1611, 1912, 
2279, 2655, 2755, 2663, 2407, 2043, 1698, 1439, 1355, 1483, 
1734, 2172, 2527, 2728, 2744, 2539, 2217, 1713, 1459, 1377, 
1484, 1748, 2128, 2471, 2700, 2768, 2628, 2348, 1967, 1623, 
1385, 1316, 1451, 1899, 2275, 2599, 2768, 2763, 2540, 2220, 
1881, 1553, 1385, 1393, 1590, 1924, 2267, 2571, 2694, 2635, 
2370, 2025, 1676, 1441, 1335, 1467, 1721, 2084, 2411, 2652, 
2755, 2647, 2363, 2013, 1672, 1356, 1381, 1524, 1860, 2251, 
2535, 2756, 2759, 2572, 2235, 1888, 1583, 1412, 1414, 1598, 
1911, 2371, 2654, 2731, 2669, 2451, 2059, 1689, 1408, 1359, 
1476, 1716, 2100, 2403, 2656, 2763, 2645, 2244, 1865, 1545, 
1356, 1347, 1532, 1843, 2226, 2546, 2724, 2748, 2604, 2278, 
1908, 1617, 1440, 1462, 1706, 2030, 2363, 2620, 2736, 2605, 
2371, 2025, 1684, 1471, 1310, 1449, 1719, 2066, 2456, 2750, 
2763, 2601, 2275, 1934, 1609, 1413, 1387, 1537, 1860, 2201, 
2487, 2695, 2688, 2542, 2262, 1787, 1526, 1402, 1472, 1688, 
2019, 2334, 2596, 2700, 2616, 2344, 2009, 1693, 1438, 1369, 
1460, 1916, 2264, 2567, 2760, 2748, 2560, 2278, 1903, 1577, 
1401, 1396, 1565, 1855, 2214, 2555, 2735, 2698, 2446, 2087, 
1742, 1457, 1328, 1424, 1643, 2040, 2400, 2678, 2825, 2707, 
2446, 2084, 1728, 1382, 1315, 1467, 1779, 2147, 2464, 2755, 
2783, 2633, 2332, 1975, 1622, 1410, 1376, 1537, 1847, 2358, 
2618, 2755, 2673, 2454, 2098, 1736, 1455, 1318, 1395, 1636, 
1984, 2380, 2647, 2777, 2735, 2362, 1983, 1643, 1409, 1350, 
1472, 1786, 2159, 2500, 2742, 2791, 2640, 2387, 1998, 1624, 
1415, 1347, 1555, 1894, 2268, 2559, 2703, 2665, 2464, 2131, 
1803, 1522, 1399, 1441, 1664, 1976, 2334, 2664, 2769, 2643, 
2386, 2014, 1640, 1423, 1353, 1519, 1828, 2191, 2538, 2753, 
2739, 2612, 2311, 1760, 1449, 1277, 1318, 1570, 1931, 2295, 
2628, 2817, 2783, 2592, 2255, 1868, 1546, 1340, 1378, 1659, 
2014, 2412, 2640, 2753, 2677, 2435, 2096, 1761, 1502, 1447, 
1527, 1788, 2134, 2375, 2616, 2648, 2448, 2160, 1752, 1451, 
1318, 1326, 1580, 1915, 2270, 2606, 2774, 2769, 2578, 2220, 
1860, 1436, 1355, 1445, 1715, 2059, 2390, 2625, 2727, 2633, 
2418, 2100, 1780, 1548, 1433, 1516, 1724, 2175, 2440, 2590, 
2579, 2364, 2115, 1767, 1503, 1435, 1542, 1737, 1985, 2371, 
2676, 2798, 2740, 2326, 1920, 1633, 1395, 1345, 1468, 1822, 
2211, 2559, 2845, 2881, 2759, 2439, 1997, 1599, 1301, 1231, 
1413, 1765, 2176, 2560, 2792, 2837, 2670, 2345, 1881, 1592, 
1336, 1364, 1537, 1790, 2169, 2711, 2779, 2703, 2501, 2120, 
1816, 1605, 1502, 1599, 1835, 2185, 2503, 2723, 2766, 2580, 
2276, 1724, 1386, 1180, 1201, 1400, 1783, 2236, 2641, 2875, 
2965, 2803, 2467, 2063, 1663, 1369, 1396, 1590, 1904, 2188, 
2460, 2558, 2617, 2453, 2171, 1882, 1649, 1556, 1580, 1767, 
2057, 2382, 2588, 2601, 2411, 2092, 1743, 1444, 1301, 1347, 
1616, 1990, 2386, 2672, 2895, 2857, 2662, 2291, 1815, 1379, 
1263, 1366, 1675, 2090, 2479, 2764, 2899, 2908, 2607, 2210, 
1792, 1449, 1233, 1272, 1515, 2069, 2496, 2800, 2884, 2743, 
2444, 2032, 1621, 1332, 1258, 1388, 1698, 2088, 2423, 2674, 
2867, 2702, 2374, 2071, 1763, 1566, 1540, 1710, 1979, 2224, 
2512, 2589, 2537, 2294, 1912, 1625, 1331, 1288, 1448, 1776, 
2202, 2512, 2783, 2783, 2800, 2536, 2147, 1819, 1564, 1472, 
1488, 1716, 2029, 2471, 2672, 2698, 2532, 2288, 1968, 1668, 
1571, 1560, 1721, 1944, 2190, 2374, 2460, 2412, 2115, 1708, 
1464, 1399, 1512, 1724, 2016, 2433, 2697, 2880, 2812, 2535, 
2224, 1791, 1459, 1266, 1340, 1729, 2150, 2550, 2839, 2985, 
2911, 2563, 2092, 1670, 1300, 1218, 1231, 1445, 1855, 2271, 
2568, 2819, 2647, 2444, 2097, 1740, 1469, 1359, 1473, 1712, 
2081, 2420, 2691, 2877, 2702, 2460, 2100, 1605, 1386, 1438, 
1707, 2047, 2405, 2708, 2831, 2763, 2428, 2089, 1721, 1329, 
1217, 1507, 1507, 1641, 1505, 1478, 1663, 2008, 2390, 2603, 
2702, 2623, 2382, 2016, 1720, 1558, 1481, 1564, 1841, 2272, 
2500, 2540, 2497, 2321, 1977, 1654, 1324, 1286, 1432, 1710, 
2087, 2455, 2732, 2876, 2828, 2449, 2004, 1616, 1346, 1245, 
1396, 1764, 2164, 2586, 2902, 3044, 2927, 2554, 2042, 1554, 
1176, 1098, 1279, 1736, 2239, 2617, 2867, 2930, 2803, 2522, 
2054, 1592, 1316, 1191, 1304, 1643, 2027, 2615, 2843, 2849, 
2680, 2375, 2009, 1725, 1526, 1551, 1753, 2099, 2451, 2680, 
2755, 2599, 2234, 1793, 1532, 1317, 1303, 1491, 1773, 2109, 
2443, 2684, 2748, 2659, 2371, 2052, 1711, 1551, 1511, 1751, 
2040, 2383, 2656, 2774, 2740, 2502, 2223, 1807, 1523, 1480, 
1524, 1771, 2044, 2332, 2514, 2502, 2383, 2067, 1724, 1392, 
1234, 1380, 1651, 1982, 2364, 2668, 2915, 2873, 2640, 2268, 
1858, 1394, 1273, 1375, 1718, 2168, 2580, 2895, 3012, 2923, 
2540, 2019, 1546, 1176, 1023, 1082, 1369, 2062, 2596, 2934, 
3027, 2902, 2617, 2217, 1783, 1363, 1220, 1258, 1565, 1859, 
2297, 2631, 2847, 2760, 2495, 2127, 1756, 1596, 1569, 1676, 
1973, 2185, 2439, 2515, 2507, 2297, 1981, 1638, 1393, 1355, 
1568, 1875, 2272, 2607, 2796, 2819, 2759, 2488, 2144, 1753, 
1564, 1405, 1447, 1633, 1881, 2409, 2601, 2616, 2524, 2278, 
2075, 1740, 1601, 1627, 1799, 2012, 2230, 2392, 2471, 2318, 
2147, 1715, 1471, 1395, 1526, 1720, 2023, 2366, 2672, 2866, 
2844, 2582, 2199, 1821, 1460, 1222, 1237, 1667, 2134, 2530, 
2851, 3000, 2991, 2735, 2276, 1663, 1247, 1055, 1116, 1333, 
1729, 2232, 2683, 2921, 2867, 2600, 2225, 1815, 1452, 1280, 
1332, 1576, 1994, 2348, 2703, 2835, 2815, 2564, 2222, 1796, 
1476, 1488, 1649, 1951, 2295, 2620, 2744, 2707, 2471, 1985, 
1639, 1276, 1110, 1167, 1410, 2014, 2532, 2812, 3008, 2919, 
2672, 2283, 1891, 1528, 1380, 1394, 1523, 1863, 2255, 2576, 
2763, 2699, 2416, 2099, 1746, 1554, 1520, 1552, 1808, 2092, 
2348, 2452, 2420, 2261, 1930, 1628, 1382, 1411, 1663, 1947, 
2296, 2644, 2864, 2870, 2719, 2430, 1987, 1594, 1308, 1231, 
1340, 1688, 2147, 2689, 2911, 2917, 2740, 2375, 1904, 1470, 
1213, 1197, 1374, 1757, 2224, 2617, 2852, 2913, 2700, 2204, 
1845, 1500, 1327, 1318, 1523, 1836, 2198, 2524, 2669, 2718, 
2559, 2239, 1934, 1619, 1532, 1678, 1991, 2325, 2588, 2771, 
2771, 2543, 2207, 1768, 1374, 1194, 1200, 1437, 1813, 2247, 
2616, 2886, 2833, 2630, 2236, 1904, 1607, 1412, 1379, 1655, 
1983, 2241, 2575, 2695, 2637, 2511, 2198, 1747, 1595, 1497, 
1562, 1835, 2189, 2448, 2576, 2534, 2355, 2012, 1684, 1404, 
1235, 1358, 1593, 2160, 2558, 2854, 2951, 2868, 2592, 2163, 
1732, 1407, 1292, 1475, 1648, 2058, 2567, 2815, 2993, 2803, 
2460, 1984, 1503, 1178, 1110, 1136, 1536, 1924, 2404, 2799, 
2923, 2812, 2575, 2160, 1755, 1360, 1317, 1475, 1802, 2169, 
2473, 2661, 2773, 2654, 2410, 2063, 1792, 1611, 1649, 1729, 
2019, 2339, 2563, 2530, 2424, 2125, 1794, 1398, 1164, 1145, 
1305, 1660, 2152, 2534, 2876, 2978, 2831, 2404, 2080, 1780, 
1583, 1566, 1704, 1968, 2161, 2412, 2573, 2534, 2382, 2130, 
1861, 1619, 1479, 1631, 1843, 2081, 2387, 2490, 2518, 2466, 
2190, 1812, 1436, 1236, 1340, 1652, 1954, 2365, 2712, 3012, 
2927, 2687, 2190, 1743, 1384, 1167, 1259, 1491, 1875, 2307, 
2702, 2934, 2920, 2684, 2329, 1736, 1455, 1192, 1336, 1648, 
2031, 2548, 2840, 2939, 2851, 2569, 2062, 1528, 1138, 1041, 
1190, 1652, 2108, 2526, 2864, 2924, 2812, 2543, 2168, 1823, 
1627, 1543, 1636, 1841, 2095, 2379, 2553, 2548, 2332, 2001, 
1648, 1372, 1273, 1361, 1625, 2009, 2420, 2747, 2843, 2766, 
2520, 2138, 1782, 1442, 1457, 1574, 1859, 2254, 2576, 2725, 
2727, 2630, 2400, 2061, 1780, 1555, 1566, 1663, 1829, 2196, 
2372, 2406, 2224, 1959, 1659, 1434, 1413, 1575, 1823, 2176, 
2520, 2805, 2929, 2828, 2471, 1878, 1581, 1411, 1416, 1552, 
1912, 2255, 2640, 2795, 2867, 2644, 2311, 1901, 1498, 1281, 
1187, 1424, 1862, 2271, 2606, 2817, 2823, 2644, 2323, 1923, 
1543, 1315, 1409, 1608, 2028, 2385, 2736, 2870, 2727, 2396, 
2015, 1659, 1416, 1412, 1519, 1822, 2177, 2484, 2695, 2774, 
2611, 2265, 1884, 1409, 1246, 1281, 1427, 1767, 2276, 2617, 
2912, 2924, 2752, 2424, 1988, 1628, 1368, 1317, 1452, 1884, 
2259, 2541, 2592, 2614, 2376, 2096, 1786, 1568, 1491, 1555, 
1817, 2128, 2300, 2476, 2636, 2499, 2171, 1839, 1539, 1369, 
1317, 1572, 1848, 2211, 2573, 2748, 2676, 2580, 2304, 1905, 
1640, 1440, 1543, 1801, 2147, 2528, 2724, 2784, 2662, 2439, 
2083, 1766, 1532, 1428, 1512, 1770, 2109, 2540, 2716, 2763, 
2569, 2266, 1939, 1521, 1280, 1219, 1406, 1731, 2102, 2524, 
2773, 2855, 2716, 2303, 1909, 1672, 1571, 1609, 1860, 2138, 
2478, 2668, 2625, 2528, 2245, 1889, 1517, 1287, 1200, 1439, 
1810, 2182, 2599, 2831, 2883, 2752, 2423, 2092, 1650, 1318, 
1299, 1506, 1897, 2286, 2644, 2877, 2783, 2517, 2124, 1691, 
1382, 1274, 1311, 1548, 1837, 2241, 2526, 2687, 2643, 2393, 
2075, 1628, 1410, 1361, 1424, 1724, 2115, 2566, 2827, 2900, 
2787, 2487, 2093, 1756, 1444, 1402, 1543, 1793, 2201, 2523, 
2663, 2698, 2468, 2188, 1785, 1493, 1395, 1436, 1724, 2027, 
2392, 2681, 2847, 2792, 2508, 2165, 1686, 1412, 1156, 1289, 
1505, 1861, 2269, 2545, 2729, 2707, 2505, 2204, 1855, 1620, 
1630, 1779, 2044, 2390, 2672, 2726, 2608, 2345, 2061, 1739, 
1449, 1322, 1432, 1654, 1939, 2517, 2718, 2811, 2727, 2366, 
2022, 1654, 1340, 1273, 1342, 1667, 2047, 2446, 2756, 2887, 
2784, 2347, 1919, 1589, 1398, 1363, 1546, 1858, 2200, 2468, 
2655, 2641, 2480, 2247, 1892, 1573, 1434, 1461, 1749, 2083, 
2407, 2609, 2718, 2612, 2438, 2170, 1820, 1468, 1372, 1526, 
1808, 2144, 2515, 2812, 2795, 2567, 2212, 1859, 1523, 1387, 
1393, 1608, 1951, 2292, 2571, 2759, 2844, 2703, 2378, 1738, 
1434, 1305, 1361, 1528, 1857, 2228, 2559, 2681, 2715, 2541, 
2212, 1898, 1691, 1569, 1655, 2040, 2296, 2552, 2636, 2540, 
2337, 2001, 1670, 1353, 1215, 1265, 1563, 1955, 2412, 2703, 
2900, 2836, 2616, 2332, 1975, 1661, 1476, 1431, 1595, 1919, 
2193, 2452, 2559, 2591, 2307, 2027, 1771, 1493, 1524, 1607, 
1878, 2216, 2527, 2683, 2639, 2430, 2066, 1767, 1534, 1423, 
1493, 1705, 2033, 2504, 2776, 2862, 2759, 2485, 2127, 1721, 
1412, 1179, 1282, 1562, 1913, 2279, 2568, 2721, 2687, 2402, 
1976, 1699, 1536, 1507, 1732, 2052, 2385, 2673, 2828, 2659, 
2458, 2100, 1720, 1406, 1213, 1314, 1603, 2017, 2419, 2712, 
2843, 2767, 2517, 2185, 1795, 1568, 1440, 1501, 1678, 2048, 
2452, 2870, 2867, 2665, 2303, 1825, 1469, 1225, 1227, 1363, 
1727, 2179, 2511, 2700, 2863, 2712, 2460, 1902, 1590, 1360, 
1412, 1638, 1913, 2198, 2514, 2716, 2718, 2540, 2232, 1852, 
1527, 1379, 1392, 1758, 2136, 2520, 2744, 2792, 2620, 2329, 
1925, 1540, 1287, 1199, 1332, 1628, 2036, 2442, 2657, 2776, 
2744, 2409, 2071, 1776, 1614, 1591, 1657, 1824, 2111, 2332, 
2505, 2481, 2300, 2041, 1828, 1586, 1564, 1712, 1972, 2313, 
2617, 2767, 2798, 2616, 2160, 1767, 1464, 1326, 1407, 1629, 
1946, 2451, 2691, 2792, 2724, 2439, 2135, 1695, 1560, 1450, 
1536, 1774, 2094, 2481, 2717, 2784, 2623, 2191, 1836, 1468, 
1211, 1197, 1514, 1888, 2343, 2725, 2944, 2977, 2804, 2369, 
1890, 1442, 1217, 1192, 1406, 1772, 2206, 2564, 2779, 2751, 
2555, 2218, 1806, 1498, 1286, 1373, 1475, 1835, 2292, 2823, 
2952, 2878, 2595, 2160, 1703, 1309, 1171, 1210, 1502, 1866, 
2291, 2691, 2851, 2808, 2575, 2083, 1739, 1477, 1430, 1462, 
1840, 1663, 1639, 1758, 2106, 2367, 2619, 2700, 2593, 2416, 
2092, 1609, 1331, 1234, 1351, 1624, 1984, 2329, 2675, 2723, 
2651, 2349, 2075, 1783, 1549, 1460, 1518, 1991, 2334, 2568, 
2758, 2697, 2511, 2200, 1827, 1535, 1344, 1384, 1575, 1904, 
2246, 2587, 2673, 2737, 2539, 2204, 1801, 1456, 1328, 1367, 
1601, 1940, 2264, 2564, 2648, 2572, 2415, 2075, 1733, 1468, 
1398, 1545, 1742, 2111, 2433, 2639, 2723, 2575, 2312, 1976, 
1648, 1451, 1295, 1433, 1656, 2236, 2591, 2816, 2827, 2743, 
2335, 1958, 1665, 1449, 1368, 1500, 1714, 2035, 2300, 2431, 
2446, 2272, 2137, 1871, 1681, 1695, 1809, 2060, 2297, 2542, 
2620, 2598, 2377, 2145, 1803, 1520, 1371, 1377, 1651, 1967, 
2268, 2511, 2617, 2559, 2319, 1974, 1605, 1397, 1342, 1471, 
1731, 2143, 2520, 2881, 2849, 2699, 2334, 2001, 1623, 1430, 
1352, 1470, 1772, 2106, 2449, 2686, 2798, 2694, 2420, 1873, 
1582, 1401, 1402, 1543, 1832, 2137, 2394, 2536, 2501, 2312, 
2006, 1608, 1383, 1298, 1440, 1945, 2360, 2721, 2919, 2919, 
2692, 2243, 1751, 1375, 1081, 1042, 1188, 1551, 2092, 2617, 
2919, 2999, 2823, 2508, 2062, 1686, 1356, 1187, 1293, 1574, 
1980, 2294, 2521, 2595, 2540, 2328, 2034, 1722, 1636, 1732, 
1974, 2308, 2559, 2708, 2677, 2432, 2130, 1744, 1415, 1220, 
1187, 1430, 1854, 2408, 2731, 2897, 2911, 2678, 2272, 1816, 
1396, 1161, 1168, 1443, 1785, 2206, 2574, 2742, 2767, 2432, 
2084, 1697, 1441, 1360, 1431, 1735, 2011, 2374, 2624, 2764, 
2474, 2240, 1957, 1761, 1611, 1599, 1773, 2061, 2303, 2479, 
2507, 2424, 2227, 1891, 1567, 1305, 1235, 1457, 1827, 2211, 
2579, 2915, 2963, 2794, 2388, 1870, 1437, 1167, 1062, 1214, 
1537, 1996, 2456, 2776, 2880, 2823, 2580, 2102, 1749, 1529, 
1472, 1551, 1766, 2015, 2259, 2414, 2401, 2252, 1980, 1730, 
1633, 1572, 1681, 2046, 2352, 2724, 2928, 2955, 2663, 2176, 
1732, 1360, 1064, 967, 1081, 1380, 1820, 2304, 2716, 2882, 
2787, 2504, 2156, 1822, 1593, 1587, 1691, 1942, 2150, 2350, 
2508, 2499, 2366, 2122, 1808, 1499, 1416, 1526, 1817, 2156, 
2499, 2655, 2743, 2612, 2340, 1953, 1560, 1280, 1148, 1206, 
1462, 1988, 2366, 2624, 2687, 2579, 2430, 2166, 1825, 1663, 
1590, 1747, 2078, 2219, 2461, 2521, 2519, 2198, 1881, 1545, 
1292, 1207, 1354, 1645, 2101, 2519, 2789, 2939, 2847, 2575, 
2143, 1710, 1354, 1205, 1292, 1553, 1894, 2234, 2464, 2520, 
2494, 2303, 2063, 1827, 1656, 1617, 1742, 1987, 2338, 2588, 
2724, 2608, 2355, 1937, 1581, 1324, 1221, 1258, 1536, 1973, 
2445, 2768, 2904, 2836, 2580, 1913, 1484, 1216, 1108, 1262, 
1543, 1977, 2388, 2681, 2838, 2731, 2479, 2127, 1762, 1541, 
1436, 1639, 1934, 2215, 2518, 2740, 2777, 2672, 2265, 1891, 
1544, 1331, 1264, 1422, 1713, 2076, 2363, 2520, 2431, 2219, 
1928, 1644, 1457, 1410, 1608, 1917, 2283, 2639, 2861, 2827, 
2651, 2249, 1852, 1329, 1106, 1112, 1315, 1683, 2076, 2483, 
2833, 2892, 2766, 2435, 2092, 1642, 1405, 1265, 1363, 1768, 
2111, 2360, 2503, 2471, 2353, 2103, 1854, 1626, 1601, 1685, 
1980, 2340, 2666, 2838, 2824, 2424, 2023, 1595, 1244, 1037, 
1047, 1243, 1612, 2079, 2535, 2895, 2975, 2812, 2537, 2158, 
1808, 1435, 1302, 1410, 1711, 2046, 2336, 2483, 2504, 2419, 
2201, 1907, 1696, 1589, 1662, 1855, 2055, 2499, 2575, 2574, 
2399, 2116, 1784, 1499, 1328, 1324, 1493, 1743, 2054, 2312, 
2502, 2547, 2494, 2250, 1980, 1722, 1602, 1618, 1793, 1966, 
2150, 2389, 2439, 2411, 2218, 1957, 1687, 1526, 1489, 1608, 
1866, 2180, 2430, 2525, 2535, 2339, 2086, 1872, 1635, 1512, 
1511, 1684, 1908, 2201, 2376, 2508, 2428, 2203, 1897, 1622, 
1464, 1450, 1608, 1884, 2247, 2598, 2836, 2828, 2741, 2412, 
1939, 1395, 1147, 1166, 1404, 1784, 2275, 2713, 2839, 2788, 
2432, 2005, 1557, 1235, 1144, 1270, 1621, 2196, 2577, 2808, 
2816, 2606, 2279, 1884, 1574, 1388, 1381, 1588, 1937, 2383, 
2760, 2928, 2880, 2483, 1943, 1511, 1181, 1056, 1120, 1396, 
1777, 2163, 2475, 2654, 2658, 2435, 2067, 1701, 1475, 1499, 
1681, 1997, 2307, 2640, 2786, 2854, 2649, 2286, 1870, 1453, 
1247, 1169, 1321, 1662, 2047, 2549, 2703, 2636, 2401, 2032, 
1699, 1334, 1295, 1375, 1667, 2048, 2411, 2715, 2799, 2688, 
2372, 1864, 1519, 1385, 1392, 1555, 1924, 2312, 2659, 2872, 
2873, 2715, 2359, 1911, 1557, 1247, 1207, 1449, 1803, 2145, 
2465, 2643, 2660, 2460, 2178, 1820, 1534, 1436, 1475, 1717, 
2108, 2435, 2668, 2686, 2459, 2134, 1738, 1447, 1324, 1332, 
1523, 1848, 2278, 2616, 2771, 2787, 2566, 2215, 1861, 1446, 
1305, 1272, 1494, 1758, 2096, 2363, 2502, 2448, 2279, 2041, 
1816, 1637, 1585, 1683, 1921, 2319, 2511, 2648, 2539, 2342, 
2006, 1692, 1426, 1297, 1392, 1635, 1955, 2253, 2431, 2572, 
2514, 2292, 1971, 1686, 1508, 1467, 1605, 1828, 2153, 2452, 
2579, 2606, 2457, 2183, 1850, 1536, 1313, 1359, 1640, 1998, 
2373, 2704, 2895, 2855, 2684, 2302, 1863, 1521, 1318, 1356, 
1568, 1860, 2213, 2579, 2617, 2480, 2223, 1895, 1566, 1336, 
1287, 1484, 1766, 2143, 2469, 2741, 2787, 2647, 2344, 1800, 
1510, 1316, 1316, 1531, 1934, 2335, 2705, 2924, 2964, 2781, 
2406, 1959, 1424, 1136, 1032, 1258, 1567, 1976, 2329, 2588, 
2777, 2630, 2382, 2023, 1725, 1572, 1563, 1773, 2035, 2327, 
2548, 2724, 2638, 2353, 2026, 1619, 1298, 1202, 1255, 1514, 
1873, 2230, 2542, 2679, 2683, 2459, 2136, 1665, 1505, 1385, 
1496, 1741, 2093, 2414, 2643, 2623, 2511, 2201, 1928, 1618, 
1459, 1409, 1536, 1950, 2312, 2560, 2772, 2718, 2548, 2223, 
1866, 1596, 1391, 1376, 1551, 1843, 2177, 2436, 2578, 2559, 
2363, 2059, 1744, 1476, 1433, 1551, 1810, 2094, 2403, 2568, 
2606, 2460, 2134, 1803, 1529, 1376, 1501, 1693, 2023, 2403, 
2739, 2880, 2849, 2619, 2260, 1881, 1507, 1223, 1214, 1392, 
1694, 2142, 2415, 2496, 2532, 2388, 2127, 1859, 1631, 1610, 
1710, 1906, 2179, 2347, 2539, 2580, 2375, 2004, 1681, 1451, 
1355, 1399, 1595, 1944, 2275, 2550, 2654, 2607, 2415, 2152, 
1837, 1588, 1415, 1472, 1680, 1951, 2258, 2429, 2469, 2347, 
2107, 1875, 1672, 1571, 1596, 1804, 2129, 2471, 2767, 2904, 
2791, 2392, 1944, 1486, 1207, 1079, 1219, 1511, 1927, 2355, 
2657, 2779, 2675, 2452, 2097, 1668, 1474, 1473, 1635, 1948, 
2255, 2531, 2671, 2617, 2399, 2107, 1733, 1446, 1284, 1310, 
1522, 2099, 2480, 2795, 2896, 2787, 2478, 2071, 1735, 1285, 
1146, 1177, 1455, 1824, 2200, 2549, 2780, 2649, 2399, 2044, 
1683, 1484, 1428, 1584, 1831, 2155, 2412, 2590, 2647, 2498, 
2243, 1903, 1592, 1379, 1418, 1612, 1969, 2329, 2585, 2721, 
2623, 2406, 2025, 1654, 1351, 1256, 1300, 1571, 1963, 2447, 
2707, 2764, 2662, 2352, 1947, 1573, 1363, 1407, 1591, 1934, 
2324, 2654, 2840, 2831, 2643, 2081, 1702, 1352, 1192, 1251, 
1475, 1834, 2166, 2476, 2675, 2619, 2441, 2121, 1843, 1593, 
1464, 1635, 1900, 2125, 2489, 2715, 2742, 2543, 2260, 1799, 
1411, 1204, 1193, 1333, 1649, 2095, 2486, 2879, 2857, 2695, 
2371, 1976, 1646, 1350, 1306, 1429, 1696, 2027, 2308, 2444, 
2441, 2247, 2004, 1612, 1531, 1542, 1718, 2019, 2332, 2667, 
2762, 2840, 2594, 2259, 1799, 1444, 1182, 1118, 1297, 1825, 
2319, 2656, 2844, 2846, 2631, 2243, 1856, 1462, 1233, 1246, 
1351, 1668, 2081, 2406, 2625, 2588, 2373, 2065, 1695, 1491, 
1436, 1600, 1911, 2288, 2688, 2879, 2944, 2743, 2312, 1892, 
1470, 1114, 1088, 1276, 1585, 1991, 2399, 2655, 2681, 2544, 
2279, 2000, 1729, 1555, 1573, 1732, 2003, 2380, 2576, 2588, 
2488, 2198, 1916, 1581, 1347, 1330, 1455, 1596, 1288, 1180, 
1223, 1515, 1919, 2382, 2675, 2703, 2574, 2275, 1951, 1608, 
1394, 1382, 1551, 1851, 2198, 2507, 2676, 2695, 2525, 2032, 
1703, 1427, 1310, 1395, 1643, 1971, 2332, 2542, 2654, 2599, 
2390, 2097, 1769, 1524, 1394, 1533, 1860, 2187, 2435, 2653, 
2679, 2439, 2144, 1780, 1484, 1285, 1387, 1558, 1932, 2356, 
2720, 2931, 2855, 2601, 2223, 1804, 1424, 1251, 1267, 1528, 
1855, 2217, 2486, 2606, 2550, 2364, 2091, 1681, 1518, 1500, 
1671, 1958, 2240, 2551, 2653, 2675, 2485, 2185, 1766, 1468, 
1291, 1301, 1522, 2015, 2397, 2755, 2918, 2871, 2665, 2291, 
1906, 1515, 1262, 1240, 1393, 1684, 2031, 2328, 2498, 2454, 
2291, 2111, 1839, 1651, 1619, 1753, 1982, 2299, 2542, 2706, 
2659, 2464, 2105, 1746, 1448, 1254, 1342, 1585, 1960, 2344, 
2623, 2788, 2746, 2513, 2201, 1800, 1507, 1319, 1300, 1495, 
1799, 2255, 2545, 2651, 2582, 2392, 2040, 1732, 1487, 1397, 
1496, 1797, 2160, 2526, 2759, 2816, 2681, 2221, 1859, 1433, 
1239, 1198, 1368, 1690, 2051, 2428, 2644, 2727, 2634, 2362, 
2012, 1725, 1531, 1538, 1699, 1911, 2231, 2475, 2601, 2555, 
2337, 2024, 1735, 1496, 1411, 1486, 1723, 2073, 2380, 2696, 
2747, 2599, 2295, 1983, 1629, 1393, 1308, 1442, 1718, 2060, 
2358, 2595, 2610, 2492, 2311, 1881, 1635, 1530, 1566, 1738, 
1998, 2288, 2501, 2584, 2524, 2345, 2051, 1728, 1500, 1413, 
1508, 1851, 2157, 2451, 2627, 2662, 2523, 2262, 1967, 1672, 
1463, 1490, 1597, 1875, 2228, 2499, 2635, 2553, 2296, 1964, 
1659, 1422, 1349, 1449, 1753, 2096, 2477, 2775, 2890, 2781, 
2517, 2135, 1748, 1347, 1270, 1376, 1651, 2016, 2320, 2574, 
2623, 2528, 2365, 2035, 1759, 1567, 1566, 1708, 1934, 2347, 
2555, 2613, 2495, 2225, 1857, 1552, 1315, 1284, 1433, 1760, 
2163, 2559, 2820, 2916, 2800, 2329, 1874, 1493, 1275, 1187, 
1376, 1647, 2006, 2324, 2584, 2652, 2542, 2311, 1997, 1741, 
1551, 1593, 1835, 2177, 2444, 2575, 2683, 2526, 2268, 1889, 
1538, 1292, 1232, 1358, 1679, 2045, 2511, 2860, 2900, 2677, 
2355, 1923, 1516, 1265, 1207, 1358, 1673, 2079, 2447, 2680, 
2732, 2596, 2316, 1779, 1539, 1390, 1462, 1670, 2039, 2412, 
2688, 2764, 2716, 2523, 2065, 1740, 1425, 1330, 1371, 1725, 
2113, 2473, 2702, 2752, 2633, 2340, 1987, 1641, 1419, 1380, 
1512, 1806, 2151, 2497, 2665, 2650, 2407, 2104, 1716, 1425, 
1316, 1422, 1697, 2077, 2464, 2743, 2842, 2755, 2471, 2102, 
1686, 1280, 1211, 1337, 1639, 2023, 2404, 2697, 2765, 2652, 
2392, 2041, 1718, 1456, 1369, 1465, 1731, 2193, 2552, 2723, 
2708, 2532, 2192, 1866, 1576, 1360, 1382, 1579, 1885, 2239, 
2528, 2702, 2656, 2367, 2019, 1731, 1512, 1415, 1488, 1747, 
2086, 2369, 2573, 2656, 2488, 2214, 1912, 1592, 1428, 1441, 
1655, 1951, 2323, 2648, 2768, 2748, 2555, 2207, 1841, 1527, 
1335, 1324, 1500, 1816, 2169, 2556, 2641, 2595, 2384, 2051, 
1720, 1523, 1480, 1592, 1853, 2223, 2466, 2651, 2672, 2500, 
2206, 1688, 1416, 1272, 1334, 1622, 1969, 2403, 2731, 2900, 
2873, 2641, 2236, 1797, 1420, 1181, 1173, 1467, 1839, 2247, 
2620, 2775, 2787, 2561, 2267, 1891, 1577, 1452, 1459, 1664, 
1993, 2324, 2556, 2636, 2459, 2184, 1869, 1569, 1398, 1385, 
1561, 1867, 2231, 2515, 2715, 2767, 2563, 2246, 1900, 1488, 
1360, 1444, 1579, 1935, 2284, 2558, 2692, 2642, 2433, 2128, 
1799, 1495, 1409, 1456, 1683, 2140, 2469, 2669, 2695, 2596, 
2272, 1928, 1635, 1460, 1437, 1599, 1875, 2217, 2470, 2648, 
2649, 2406, 2086, 1775, 1543, 1451, 1510, 1733, 2087, 2361, 
2579, 2646, 2577, 2311, 1976, 1629, 1405, 1338, 1512, 1886, 
2247, 2615, 2779, 2844, 2643, 2303, 1912, 1581, 1346, 1274, 
1416, 1718, 2099, 2572, 2715, 2696, 2494, 2227, 1866, 1562, 
1410, 1456, 1679, 2007, 2396, 2647, 2686, 2511, 2228, 1743, 
1466, 1366, 1431, 1703, 2020, 2369, 2613, 2692, 2567, 2403, 
2027, 1760, 1528, 1420, 1553, 1907, 2278, 2503, 2620, 2599, 
2453, 2130, 1796, 1553, 1418, 1463, 1659, 1978, 2310, 2591, 
2744, 2628, 2373, 2015, 1670, 1409, 1352, 1438, 1694, 2001, 
2366, 2623, 2691, 2604, 2377, 2001, 1660, 1502, 1510, 1688, 
1965, 2300, 2536, 2646, 2561, 2337, 2025, 1697, 1423, 1309, 
1377, 1678, 2035, 2558, 2819, 2886, 2720, 2428, 2015, 1576, 
1235, 1135, 1217, 1536, 1895, 2341, 2687, 2847, 2777, 2406, 
2058, 1711, 1496, 1404, 1516, 1763, 2119, 2413, 2568, 2661, 
2501, 2214, 1867, 1569, 1377, 1427, 1645, 1992, 2382, 2615, 
2787, 2731, 2519, 2140, 1768, 1474, 1290, 1379, 1580, 1904, 
2267, 2637, 2727, 2616, 2349, 2009, 1681, 1472, 1383, 1496, 
1735, 2091, 2410, 2604, 2647, 2559, 2273, 1804, 1562, 1411, 
1432, 1630, 1920, 2272, 2550, 2683, 2627, 2435, 2122, 1806, 
1555, 1439, 1483, 1819, 2122, 2420, 2613, 2624, 2499, 2195, 
1906, 1591, 1415, 1412, 1568, 1863, 2216, 2539, 2718, 2641, 
2409, 2090, 1741, 1428, 1328, 1379, 1602, 1938, 2303, 2585, 
2727, 2687, 2484, 2173, 1831, 1455, 1421, 1540, 1815, 2147, 
2435, 2631, 2657, 2513, 2235, 1860, 1565, 1405, 1395, 1542, 
1857, 2321, 2616, 2740, 2687, 2477, 2144, 1796, 1522, 1353, 
1429, 1619, 1984, 2291, 2550, 2672, 2606, 2266, 1916, 1614, 
1428, 1401, 1557, 1878, 2213, 2523, 2712, 2713, 2526, 2219, 
1871, 1560, 1380, 1447, 1668, 2014, 2360, 2640, 2741, 2695, 
2464, 2124, 1759, 1497, 1375, 1444, 1688, 1985, 2360, 2680, 
2680, 2527, 2175, 1832, 1526, 1368, 1355, 1557, 1873, 2217, 
2576, 2785, 2751, 2559, 2207, 1694, 1369, 1235, 1307, 1562, 
1940, 2321, 2638, 2787, 2742, 2508, 2141, 1801, 1482, 1331, 
1363, 1716, 2081, 2444, 2663, 2735, 2616, 2335, 1927, 1586, 
1343, 1321, 1434, 1763, 2137, 2521, 2734, 2736, 2529, 2188, 
1813, 1515, 1321, 1340, 1556, 1897, 2271, 2602, 2765, 2739, 
2529, 2211, 1792, 1359, 1262, 1355, 1613, 2039, 2398, 2704, 
2822, 2769, 2456, 2054, 1680, 1376, 1283, 1368, 1644, 2169, 
2520, 2752, 2788, 2629, 2330, 1961, 1607, 1369, 1348, 1479, 
1747, 2143, 2474, 2648, 2712, 2454, 2116, 1769, 1495, 1416, 
1448, 1634, 1982, 2343, 2631, 2740, 2684, 2464, 2128, 1763, 
1466, 1318, 1448, 1755, 2095, 2439, 2680, 2744, 2638, 2355, 
1999, 1655, 1417, 1367, 1503, 1775, 2107, 2540, 2654, 2654, 
2447, 2146, 1811, 1523, 1389, 1415, 1635, 1931, 2275, 2541, 
2669, 2633, 2427, 1992, 1687, 1489, 1443, 1535, 1799, 2133, 
2427, 2642, 2671, 2556, 2243, 1911, 1591, 1393, 1377, 1599, 
1921, 2286, 2580, 2712, 2681, 2484, 2183, 1842, 1571, 1423, 
1457, 1646, 1981, 2288, 2529, 2648, 2516, 2255, 1932, 1649, 
1489, 1449, 1592, 1816, 2184, 2454, 2643, 2643, 2488, 2193, 
1876, 1477, 1348, 1410, 1662, 1996, 2348, 2625, 2748, 2684, 
2447, 2127, 1776, 1474, 1345, 1397, 1639, 2100, 2412, 2616, 
2699, 2558, 2272, 1924, 1631, 1443, 1415, 1563, 1838, 2185, 
2512, 2692, 2695, 2428, 2110, 1732, 1455, 1320, 1362, 1607, 
1956, 2305, 2588, 2756, 2738, 2524, 2187, 1843, 1547, 1366, 
1459, 1728, 2088, 2394, 2620, 2726, 2547, 2317, 1959, 1641, 
1432, 1392, 1538, 1815, 2171, 2590, 2726, 2687, 2471, 2135, 
1764, 1482, 1351, 1381, 1624, 1966, 2327, 2632, 2771, 2728, 
2492, 2051, 1683, 1434, 1343, 1454, 1712, 2055, 2393, 2639, 
2708, 2598, 2311, 1959, 1647, 1410, 1350, 1581, 1884, 2247, 
2552, 2740, 2731, 2531, 2225, 1857, 1511, 1377, 1379, 1584, 
1888, 2246, 2536, 2728, 2640, 2383, 2033, 1708, 1455, 1359, 
1449, 1703, 2046, 2388, 2643, 2720, 2616, 2367, 2016, 1585, 
1383, 1367, 1540, 1844, 2192, 2534, 2716, 2728, 2576, 2241, 
1899, 1607, 1438, 1569, 1569, 1507, 1792, 2141, 2472, 2692, 
2739, 2589, 2307, 1944, 1604, 1397, 1320, 1463, 1772, 2137, 
2496, 2767, 2745, 2533, 2212, 1840, 1536, 1389, 1386, 1577, 
1927, 2278, 2552, 2696, 2656, 2454, 2112, 1640, 1393, 1323, 
1454, 1742, 2092, 2432, 2681, 2763, 2630, 2353, 1997, 1676, 
1414, 1358, 1498, 1852, 2201, 2513, 2675, 2646, 2476, 2187, 
1861, 1588, 1427, 1462, 1652, 1956, 2289, 2559, 2675, 2547, 
2275, 1928, 1605, 1391, 1322, 1474, 1735, 2110, 2472, 2712, 
2754, 2645, 2375, 2009, 1652, 1366, 1369, 1563, 1865, 2253, 
2532, 2703, 2665, 2468, 2159, 1821, 1513, 1380, 1427, 1646, 
1968, 2451, 2661, 2713, 2569, 2292, 1940, 1609, 1349, 1307, 
1444, 1752, 2108, 2475, 2751, 2819, 2699, 2294, 1896, 1557, 
1344, 1316, 1481, 1805, 2163, 2494, 2696, 2680, 2531, 2225, 
1875, 1587, 1396, 1484, 1695, 2026, 2364, 2613, 2716, 2584, 
2358, 2004, 1715, 1479, 1385, 1489, 1739, 2067, 2399, 2668, 
2673, 2499, 2210, 1865, 1575, 1402, 1409, 1583, 1884, 2236, 
2503, 2667, 2687, 2491, 2212, 1697, 1464, 1358, 1437, 1718, 
2060, 2406, 2645, 2747, 2637, 2386, 2035, 1691, 1455, 1375, 
1452, 1825, 2192, 2506, 2688, 2695, 2516, 2215, 1864, 1540, 
1360, 1343, 1528, 1855, 2238, 2543, 2723, 2705, 2468, 2079, 
1744, 1441, 1303, 1388, 1628, 1992, 2369, 2665, 2791, 2723, 
2497, 2142, 1773, 1399, 1330, 1486, 1762, 2110, 2448, 2662, 
2710, 2508, 2243, 1942, 1617, 1360, 1376, 1494, 1788, 2272, 
2558, 2700, 2689, 2471, 2163, 1807, 1487, 1370, 1427, 1633, 
1948, 2299, 2563, 2696, 2636, 2319, 1966, 1658, 1437, 1369, 
1503, 1771, 2156, 2489, 2671, 2697, 2531, 2242, 1864, 1542, 
1328, 1360, 1592, 1964, 2340, 2649, 2816, 2790, 2538, 2205, 
1817, 1478, 1307, 1357, 1553, 1886, 2263, 2638, 2732, 2617, 
2367, 2036, 1686, 1451, 1371, 1479, 1760, 2105, 2440, 2655, 
2694, 2583, 2286, 1783, 1486, 1325, 1367, 1586, 1935, 2330, 
2651, 2813, 2797, 2560, 2214, 1806, 1437, 1297, 1315, 1668, 
2007, 2392, 2658, 2780, 2689, 2438, 2072, 1719, 1451, 1337, 
1420, 1663, 1999, 2335, 2595, 2681, 2531, 2292, 1900, 1622, 
1457, 1452, 1608, 1889, 2224, 2513, 2681, 2654, 2471, 2201, 
1820, 1455, 1361, 1471, 1731, 2095, 2448, 2643, 2727, 2616, 
2361, 2012, 1661, 1433, 1348, 1444, 1713, 2199, 2498, 2684, 
2707, 2561, 2259, 1920, 1638, 1448, 1439, 1606, 1846, 2192, 
2492, 2659, 2604, 2328, 2012, 1700, 1461, 1395, 1516, 1757, 
2088, 2424, 2658, 2716, 2586, 2335, 1970, 1643, 1411, 1366, 
1545, 1872, 2231, 2566, 2755, 2766, 2581, 2255, 1883, 1598, 
1405, 1371, 1501, 1825, 2168, 2563, 2652, 2601, 2400, 2037, 
1736, 1479, 1402, 1489, 1722, 2059, 2367, 2599, 2718, 2591, 
2367, 1905, 1598, 1417, 1405, 1582, 1883, 2216, 2519, 2680, 
2679, 2528, 2217, 1886, 1580, 1406, 1423, 1696, 2022, 2329, 
2587, 2673, 2591, 2341, 2012, 1688, 1441, 1359, 1473, 1739, 
2078, 2428, 2664, 2732, 2578, 2252, 1903, 1593, 1380, 1333, 
1530, 1852, 2199, 2536, 2720, 2742, 2567, 2256, 1887, 1463, 
1350, 1407, 1646, 1981, 2340, 2608, 2700, 2652, 2424, 2069, 
1720, 1452, 1344, 1425, 1685, 2178, 2515, 2724, 2798, 2636, 
2321, 1950, 1612, 1372, 1339, 1472, 1767, 2128, 2467, 2688, 
2732, 2492, 2176, 1822, 1526, 1377, 1405, 1616, 1925, 2274, 
2554, 2668, 2654, 2476, 2115, 1799, 1529, 1427, 1552, 1802, 
2142, 2459, 2659, 2699, 2563, 2279, 1939, 1603, 1421, 1374, 
1525, 1810, 2160, 2573, 2702, 2624, 2435, 2126, 1771, 1500, 
1355, 1429, 1646, 1983, 2355, 2615, 2735, 2675, 2449, 1971, 
1663, 1415, 1353, 1489, 1780, 2127, 2463, 2680, 2731, 2602, 
2311, 1956, 1625, 1404, 1382, 1597, 1916, 2279, 2556, 2705, 
2672, 2464, 2133, 1796, 1487, 1369, 1415, 1660, 2036, 2423, 
2705, 2707, 2487, 2137, 1768, 1477, 1323, 1422, 1660, 2023, 
2380, 2650, 2753, 2669, 2427, 2076, 1728, 1396, 1358, 1501, 
1772, 2120, 2444, 2656, 2706, 2535, 2253, 1906, 1612, 1434, 
1422, 1592, 1883, 2348, 2598, 2708, 2627, 2396, 2067, 1726, 
1468, 1377, 1453, 1710, 2030, 2380, 2631, 2723, 2636, 2254, 
1900, 1591, 1376, 1351, 1536, 1822, 2172, 2511, 2707, 2712, 
2566, 2270, 1913, 1607, 1415, 1451, 1667, 1989, 2332, 2604, 
2705, 2640, 2403, 2072, 1742, 1477, 1353, 1446, 1697, 2023, 
2387, 2702, 2732, 2579, 2291, 1918, 1592, 1377, 1346, 1506, 
1808, 2172, 2508, 2719, 2755, 2600, 2295, 1808, 1508, 1365, 
1405, 1615, 1940, 2288, 2577, 2718, 2664, 2453, 2136, 1776, 
1526, 1368, 1423, 1755, 2096, 2436, 2651, 2712, 2606, 2321, 
1970, 1645, 1436, 1386, 1526, 1808, 2148, 2470, 2672, 2668, 
2460, 2148, 1794, 1506, 1371, 1417, 1637, 1967, 2316, 2587, 
2708, 2655, 2430, 2112, 1769, 1430, 1371, 1504, 1789, 2132, 
2463, 2681, 2725, 2589, 2310, 1947, 1610, 1404, 1363, 1513, 
1803, 2299, 2594, 2739, 2695, 2483, 2148, 1769, 1461, 1328, 
1381, 1606, 1953, 2303, 2608, 2732, 2697, 2355, 1999, 1657, 
1418, 1352, 1478, 1769, 2121, 2473, 2704, 2756, 2635, 2343, 
1976, 1628, 1396, 1371, 1558, 1892, 2272, 2585, 2745, 2732, 
2531, 2183, 1820, 1500, 1331, 1350, 1558, 1899, 2277, 2663, 
2735, 2632, 2368, 2022, 1692, 1459, 1382, 1491, 1758, 2104, 
2439, 2661, 2712, 2596, 2316, 1836, 1541, 1376, 1385, 1592, 
1910, 2273, 2577, 2728, 2707, 2497, 2166, 1803, 1495, 1345, 
1386, 1699, 2040, 2385, 2643, 2727, 2637, 2398, 2040, 1703, 
1482, 1386, 1486, 1758, 2092, 2422, 2652, 2695, 2524, 2209, 
1848, 1538, 1372, 1379, 1574, 1889, 2256, 2556, 2733, 2727, 
2537, 2206, 1840, 1433, 1326, 1409, 1689, 2047, 2388, 2659, 
2766, 2679, 2435, 2076, 1719, 1444, 1371, 1456, 1697, 2168, 
2495, 2698, 2712, 2555, 2257, 1903, 1582, 1385, 1371, 1534, 
1838, 2191, 2511, 2704, 2725, 2449, 2108, 1771, 1487, 1364, 
1433, 1659, 2000, 2343, 2598, 2715, 2643, 2412, 2083, 1744, 
1484, 1387, 1537, 1827, 2169, 2480, 2676, 2703, 2552, 2256, 
1901, 1590, 1393, 1384, 1539, 1839, 2192, 2605, 2725, 2671, 
2452, 2115, 1776, 1496, 1375, 1427, 1652, 1985, 2342, 2599, 
2719, 2649, 2412, 1948, 1628, 1411, 1375, 1519, 1811, 2164, 
2488, 2690, 2721, 2580, 2280, 1924, 1597, 1391, 1368, 1612, 
1947, 2316, 2601, 2733, 2691, 2487, 2151, 1803, 1505, 1380, 
1423, 1642, 1964, 2317, 2597, 2718, 2588, 2315, 1968, 1635, 
1418, 1369, 1496, 1784, 2137, 2459, 2667, 2723, 2587, 2311, 
1944, 1533, 1380, 1420, 1628, 1940, 2292, 2571, 2718, 2673, 
2467, 2145, 1799, 1511, 1376, 1425, 1660, 2111, 2433, 2659, 
2719, 2595, 2332, 1967, 1639, 1414, 1359, 1504, 1775, 2132, 
2449, 2675, 2735, 2508, 2177, 1829, 1550, 1386, 1412, 1611, 
1928, 2279, 2567, 2713, 2676, 2476, 2156, 1801, 1518, 1368, 
1485, 1747, 2102, 2423, 2657, 2731, 2604, 2335, 1991, 1647, 
1424, 1372, 1494, 1765, 2124, 2550, 2723, 2699, 2520, 2196, 
1839, 1540, 1373, 1392, 1596, 1922, 2273, 2567, 2716, 2692, 
2470, 2030, 1689, 1442, 1364, 1472, 1732, 2078, 2416, 2657, 
2718, 2627, 2359, 1991, 1670, 1435, 1380, 1565, 1879, 2244, 
2545, 2719, 2700, 2513, 2199, 1837, 1538, 1371, 1387, 1587, 
1912, 2270, 2574, 2744, 2649, 2383, 2035, 1704, 1444, 1349, 
1452, 1713, 2049, 2397, 2655, 2751, 2640, 2392, 2038, 1584, 
1384, 1370, 1551, 1848, 2207, 2528, 2704, 2709, 2535, 2224, 
1866, 1555, 1377, 1382, 1575, 2013, 2379, 2624, 2740, 2659, 
2415, 2072, 1729, 1462, 1358, 1442, 1699, 2033, 2384, 2648, 
2744, 2577, 2275, 1912, 1593, 1399, 1376, 1536, 1831, 2191, 
2515, 2706, 2712, 2558, 2247, 1881, 1574, 1355, 1426, 1662, 
1427, 1359, 1475, 1752, 2108, 2440, 2672, 2732, 2604, 2332, 
1976, 1647, 1421, 1393, 1586, 1902, 2260, 2576, 2707, 2695, 
2496, 2169, 1818, 1527, 1362, 1383, 1604, 1931, 2287, 2654, 
2732, 2627, 2364, 2019, 1681, 1441, 1368, 1481, 1752, 2103, 
2438, 2668, 2725, 2606, 2339, 1842, 1549, 1373, 1384, 1579, 
1895, 2252, 2561, 2715, 2693, 2503, 2192, 1832, 1533, 1375, 
1395, 1715, 2056, 2399, 2648, 2734, 2632, 2379, 2030, 1683, 
1444, 1366, 1483, 1747, 2085, 2419, 2649, 2700, 2524, 2211, 
1864, 1558, 1379, 1391, 1576, 1887, 2243, 2548, 2713, 2715, 
2510, 2192, 1837, 1457, 1361, 1451, 1703, 2043, 2390, 2636, 
2727, 2641, 2394, 2041, 1705, 1444, 1365, 1464, 1727, 2213, 
2520, 2703, 2710, 2540, 2225, 1874, 1566, 1390, 1380, 1554, 
1874, 2225, 2536, 2708, 2710, 2424, 2081, 1731, 1459, 1355, 
1438, 1693, 2029, 2375, 2627, 2740, 2645, 2396, 2053, 1714, 
1441, 1371, 1534, 1831, 2192, 2512, 2706, 2727, 2559, 2259, 
1905, 1583, 1381, 1370, 1543, 1849, 2212, 2616, 2742, 2679, 
2433, 2102, 1751, 1472, 1351, 1425, 1664, 2007, 2353, 2606, 
2736, 2656, 2428, 1939, 1609, 1400, 1362, 1524, 1823, 2176, 
2499, 2700, 2731, 2568, 2275, 1915, 1591, 1390, 1371, 1636, 
1976, 2334, 2606, 2730, 2673, 2454, 2119, 1771, 1495, 1370, 
1430, 1655, 1987, 2338, 2611, 2727, 2595, 2309, 1958, 1624, 
1408, 1362, 1508, 1801, 2156, 2485, 2691, 2727, 2574, 2286, 
1931, 1510, 1368, 1415, 1625, 1953, 2310, 2591, 2730, 2683, 
2464, 2132, 1776, 1506, 1364, 1416, 1640, 2112, 2448, 2677, 
2732, 2606, 2321, 1971, 1633, 1419, 1366, 1507, 1793, 2140, 
2471, 2676, 2732, 2492, 2172, 1823, 1526, 1371, 1408, 1624, 
1956, 2303, 2587, 2728, 2681, 2465, 2140, 1791, 1505, 1359, 
1482, 1752, 2104, 2444, 2676, 2737, 2623, 2342, 1982, 1639, 
1416, 1364, 1489, 1770, 2119, 2558, 2719, 2700, 2499, 2188, 
1837, 1531, 1368, 1400, 1603, 1921, 2279, 2572, 2728, 2700, 
2495, 2032, 1687, 1435, 1356, 1473, 1736, 2081, 2415, 2664, 
2734, 2616, 2356, 2001, 1665, 1427, 1361, 1571, 1884, 2244, 
2543, 2720, 2704, 2519, 2196, 1845, 1544, 1375, 1388, 1588, 
1912, 2264, 2566, 2736, 2651, 2391, 2040, 1692, 1444, 1360, 
1459, 1718, 2063, 2412, 2652, 2735, 2631, 2366, 2015, 1565, 
1393, 1384, 1565, 1871, 2231, 2535, 2712, 2711, 2532, 2215, 
1857, 1548, 1378, 1389, 1566, 2032, 2383, 2636, 2732, 2644, 
2400, 2057, 1712, 1452, 1356, 1447, 1703, 2053, 2403, 2642, 
2742, 2557, 2255, 1901, 1578, 1391, 1379, 1551, 1859, 2215, 
2521, 2703, 2716, 2542, 2236, 1876, 1567, 1360, 1434, 1674, 
2014, 2363, 2628, 2738, 2659, 2411, 2071, 1728, 1465, 1359, 
1441, 1696, 2036, 2500, 2702, 2723, 2565, 2268, 1910, 1593, 
1395, 1375, 1547, 1839, 2200, 2510, 2708, 2717, 2567, 2118, 
1756, 1481, 1363, 1425, 1664, 2003, 2350, 2615, 2736, 2666, 
2431, 2089, 1742, 1473, 1360, 1516, 1804, 2163, 2484, 2697, 
2728, 2580, 2287, 1930, 1608, 1399, 1376, 1536, 1824, 2183, 
2503, 2729, 2680, 2467, 2127, 1778, 1489, 1365, 1418, 1649, 
1979, 2335, 2615, 2731, 2672, 2445, 2108, 1633, 1415, 1367, 
1511, 1792, 2149, 2468, 2686, 2727, 2584, 2298, 1941, 1619, 
1404, 1367, 1518, 1943, 2308, 2587, 2729, 2689, 2473, 2148, 
1792, 1504, 1365, 1416, 1636, 1969, 2324, 2601, 2715, 2608, 
2335, 1987, 1651, 1419, 1358, 1495, 1776, 2130, 2463, 2681, 
2735, 2598, 2316, 1964, 1633, 1371, 1399, 1608, 1924, 2283, 
2576, 2726, 2691, 2487, 2163, 1807, 1516, 1375, 1403, 1624, 
1947, 2435, 2665, 2737, 2620, 2351, 1999, 1660, 1427, 1363, 
1484, 1761, 2113, 2452, 2678, 2736, 2604, 2195, 1838, 1535, 
1377, 1392, 1592, 1912, 2277, 2572, 2724, 2695, 2495, 2175, 
1825, 1529, 1366, 1466, 1752, 2147, 2524, 2723, 2694, 2480, 
2137, 1778, 1494, 1368, 1438, 1675, 2016, 2363, 2625, 2724, 
2580, 2295, 1934, 1610, 1402, 1372, 1513, 1818, 2177, 2503, 
2697, 2723, 2567, 2272, 1915, 1499, 1363, 1417, 1646, 1979, 
2334, 2606, 2731, 2675, 2450, 2112, 1747, 1482, 1363, 1429, 
1665, 2138, 2470, 2684, 2729, 2596, 2304, 1955, 1628, 1409, 
1371, 1518, 1804, 2161, 2484, 2694, 2722, 2480, 2148, 1785, 
1510, 1369, 1415, 1628, 1963, 2315, 2600, 2735, 2683, 2460, 
2129, 1776, 1494, 1363, 1494, 1774, 2121, 2451, 2682, 2732, 
2599, 2323, 1967, 1637, 1414, 1366, 1504, 1792, 2142, 2576, 
2728, 2696, 2495, 2168, 1814, 1511, 1365, 1408, 1617, 1946, 
2307, 2591, 2727, 2695, 2481, 2005, 1670, 1427, 1366, 1486, 
1755, 2108, 2443, 2672, 2735, 2610, 2339, 1984, 1654, 1425, 
1369, 1593, 1907, 2265, 2560, 2723, 2704, 2501, 2184, 1827, 
1530, 1373, 1400, 1598, 1924, 2283, 2579, 2735, 2632, 2371, 
2022, 1684, 1440, 1362, 1475, 1744, 2091, 2430, 2672, 2735, 
2604, 2352, 1999, 1552, 1381, 1387, 1578, 1894, 2250, 2551, 
2720, 2709, 2513, 2198, 1846, 1541, 1377, 1394, 1589, 2058, 
2399, 2646, 2735, 2639, 2388, 2043, 1696, 1451, 1361, 1463, 
1717, 2073, 2419, 2652, 2737, 2545, 2236, 1879, 1567, 1387, 
1382, 1566, 1872, 2223, 2539, 2719, 2713, 2531, 2217, 1859, 
1550, 1360, 1445, 1692, 2040, 2385, 2636, 2735, 2652, 2406, 
2059, 1708, 1454, 1362, 1456, 1712, 2061, 2517, 2705, 2721, 
2555, 2255, 1905, 1569, 1391, 1379, 1555, 1860, 2217, 2532, 
2711, 2715, 2542, 2094, 1747, 1475, 1358, 1438, 1690, 2019, 
2369, 2633, 2740, 2657, 2412, 2072, 1728, 1468, 1363, 1536, 
1826, 2178, 2494, 2703, 2721, 2565, 2268, 1907, 1594, 1391, 
1376, 1540, 1842, 2201, 2515, 2739, 2675, 2444, 2105, 1760, 
1485, 1364, 1425, 1663, 2007, 2354, 2622, 2736, 2660, 2426, 
2090, 1619, 1404, 1368, 1516, 1807, 2166, 2491, 2697, 2726, 
2576, 2283, 1924, 1603, 1400, 1371, 1531, 1964, 2323, 2599, 
2730, 2674, 2460, 2127, 1772, 1491, 1364, 1423, 1651, 1991, 
2349, 2617, 2738, 2601, 2319, 1963, 1634, 1414, 1366, 1503, 
1792, 2148, 2478, 2688, 2723, 2585, 2305, 1945, 1620, 1371, 
1411, 1622, 1951, 2303, 2592, 2732, 2684, 2473, 2136, 1795, 
1501, 1365, 1416, 1642, 1976, 2448, 2679, 2735, 2609, 2334, 
1980, 1648, 1418, 1363, 1498, 1777, 2131, 2462, 2684, 2729, 
2598, 2183, 1825, 1530, 1374, 1404, 1615, 1935, 2284, 2579, 
2732, 2690, 2484, 2160, 1803, 1515, 1369, 1476, 1744, 2100, 
2437, 2665, 2734, 2620, 2350, 1998, 1664, 1426, 1364, 1487, 
1764, 2116, 2451, 2720, 2714, 2516, 2197, 1833, 1542, 1376, 
1396, 1595, 1916, 2278, 2569, 2729, 2699, 2497, 2175, 1692, 
1444, 1360, 1466, 1726, 2079, 2428, 2662, 2736, 2630, 2367, 
2012, 1675, 1436, 1357, 1476, 1884, 2240, 2548, 2711, 2709, 
2528, 2214, 1856, 1548, 1376, 1390, 1582, 1902, 2261, 2559, 
2723, 2639, 2397, 2055, 1709, 1456, 1364, 1457, 1713, 2063, 
2404, 2651, 2739, 2634, 2374, 2038, 1694, 1390, 1383, 1556, 
1867, 2224, 2532, 2715, 2715, 2537, 2227, 1869, 1560, 1382, 
1385, 1571, 1891, 2374, 2630, 2741, 2652, 2412, 2067, 1720, 
1460, 1360, 1452, 1707, 2040, 2390, 2644, 2740, 2640, 2265, 
1907, 1588, 1395, 1379, 1546, 1851, 2207, 2524, 2710, 2719, 
2546, 2240, 1884, 1579, 1387, 1426, 1668, 2007, 2363, 2623, 
2736, 2667, 2427, 2084, 1731, 1476, 1361, 1439, 1691, 2027, 
2379, 2696, 2726, 2575, 2281, 1923, 1601, 1400, 1375, 1538, 
1831, 2188, 2518, 2710, 2722, 2563, 2264, 1771, 1489, 1363, 
1419, 1657, 1992, 2350, 2616, 2736, 2668, 2442, 2102, 1752, 
1479, 1363, 1436, 1798, 2156, 2482, 2688, 2731, 2584, 2298, 
1940, 1612, 1400, 1368, 1525, 1817, 2175, 2496, 2697, 2681, 
2466, 2142, 1785, 1502, 1361, 1418, 1690, 1441, 1361, 1468, 
1732, 2083, 2424, 2668, 2732, 2533, 2225, 1868, 1562, 1379, 
1386, 1569, 1888, 2232, 2547, 2713, 2707, 2518, 2207, 1848, 
1545, 1361, 1448, 1700, 2043, 2390, 2641, 2737, 2643, 2389, 
2048, 1705, 1448, 1356, 1459, 1718, 2059, 2520, 2707, 2708, 
2543, 2243, 1889, 1582, 1384, 1384, 1559, 1868, 2225, 2535, 
2713, 2713, 2534, 2085, 1740, 1471, 1361, 1441, 1688, 2038, 
2375, 2635, 2734, 2655, 2404, 2063, 1716, 1457, 1361, 1531, 
1831, 2199, 2511, 2703, 2721, 2560, 2263, 1901, 1587, 1391, 
1381, 1547, 1852, 2212, 2524, 2735, 2668, 2440, 2095, 1749, 
1480, 1372, 1437, 1672, 2012, 2364, 2624, 2735, 2663, 2422, 
2078, 1613, 1401, 1371, 1527, 1818, 2172, 2496, 2697, 2723, 
2569, 2276, 1918, 1598, 1399, 1376, 1536, 1974, 2326, 2604, 
2740, 2678, 2452, 2118, 1766, 1486, 1367, 1430, 1660, 1997, 
2343, 2616, 2736, 2597, 2311, 1954, 1627, 1413, 1369, 1512, 
1801, 2158, 2483, 2691, 2728, 2584, 2291, 1935, 1607, 1368, 
1411, 1635, 1955, 2315, 2595, 2732, 2681, 2462, 2136, 1788, 
1500, 1362, 1422, 1644, 1978, 2457, 2678, 2732, 2606, 2327, 
1971, 1639, 1418, 1364, 1501, 1787, 2140, 2471, 2680, 2732, 
2599, 2170, 1815, 1521, 1376, 1405, 1612, 1955, 2304, 2589, 
2732, 2694, 2478, 2153, 1797, 1507, 1368, 1480, 1751, 2103, 
2442, 2672, 2736, 2611, 2343, 1988, 1647, 1427, 1364, 1490, 
1769, 2128, 2456, 2719, 2697, 2508, 2186, 1835, 1531, 1375, 
1400, 1604, 1928, 2279, 2576, 2726, 2696, 2492, 2168, 1684, 
1440, 1361, 1470, 1736, 2087, 2430, 2664, 2736, 2616, 2352, 
2008, 1668, 1431, 1361, 1487, 1888, 2235, 2547, 2721, 2703, 
2519, 2204, 1843, 1543, 1379, 1394, 1588, 1909, 2268, 2563, 
2720, 2641, 2389, 2041, 1699, 1448, 1360, 1462, 1727, 2071, 
2410, 2656, 2736, 2630, 2368, 2031, 1688, 1387, 1384, 1560, 
1873, 2232, 2540, 2716, 2713, 2534, 2220, 1863, 1555, 1379, 
1387, 1579, 1894, 2380, 2638, 2735, 2652, 2408, 2057, 1715, 
1456, 1358, 1451, 1712, 2059, 2392, 2651, 2732, 2645, 2259, 
1899, 1583, 1392, 1381, 1551, 1859, 2215, 2531, 2712, 2716, 
2544, 2234, 1878, 1565, 1391, 1434, 1667, 2015, 2365, 2630, 
2735, 2663, 2417, 2075, 1730, 1463, 1364, 1447, 1695, 2038, 
2386, 2700, 2727, 2569, 2271, 1916, 1595, 1398, 1376, 1540, 
1843, 2199, 2516, 2710, 2724, 2552, 2255, 1764, 1484, 1361, 
1436, 1663, 2003, 2346, 2620, 2734, 2667, 2429, 2092, 1746, 
1475, 1362, 1436, 1805, 2163, 2492, 2692, 2724, 2580, 2285, 
1930, 1607, 1401, 1373, 1530, 1822, 2177, 2502, 2703, 2680, 
2462, 2128, 1784, 1498, 1361, 1424, 1651, 1985, 2336, 2612, 
2734, 2673, 2447, 2109, 1756, 1415, 1364, 1505, 1790, 2144, 
2476, 2688, 2736, 2592, 2304, 1946, 1620, 1404, 1369, 1515, 
1807, 2303, 2584, 2732, 2691, 2477, 2146, 1792, 1507, 1370, 
1416, 1636, 1968, 2320, 2603, 2734, 2680, 2339, 1984, 1649, 
1420, 1359, 1492, 1776, 2135, 2465, 2680, 2731, 2608, 2318, 
1959, 1631, 1418, 1399, 1604, 1929, 2287, 2579, 2728, 2695, 
2488, 2164, 1808, 1516, 1372, 1411, 1624, 1951, 2310, 2669, 
2736, 2617, 2352, 2004, 1665, 1429, 1363, 1484, 1757, 2113, 
2451, 2679, 2732, 2610, 2334, 1844, 1538, 1377, 1395, 1595, 
1914, 2271, 2569, 2723, 2702, 2499, 2180, 1823, 1528, 1369, 
1404, 1728, 2079, 2422, 2668, 2736, 2625, 2363, 2028, 1683, 
1437, 1363, 1480, 1744, 2096, 2435, 2668, 2707, 2525, 2217, 
1861, 1553, 1380, 1391, 1584, 1899, 2255, 2556, 2722, 2705, 
2511, 2191, 1838, 1458, 1363, 1459, 1713, 2060, 2398, 2655, 
2736, 2639, 2382, 2033, 1692, 1444, 1362, 1467, 1731, 2216, 
2528, 2707, 2713, 2542, 2233, 1877, 1566, 1385, 1387, 1570, 
1887, 2240, 2540, 2712, 2718, 2420, 2068, 1721, 1459, 1363, 
1449, 1739, 2134, 2520, 2723, 2697, 2491, 2152, 1796, 1505, 
1369, 1495, 1779, 2131, 2462, 2681, 2731, 2600, 2318, 1963, 
1631, 1411, 1364, 1511, 1797, 2144, 2471, 2732, 2693, 2491, 
2162, 1811, 1516, 1368, 1408, 1620, 1950, 2306, 2591, 2731, 
2684, 2476, 2143, 1664, 1430, 1364, 1484, 1760, 2112, 2449, 
2680, 2740, 2604, 2339, 1985, 1651, 1418, 1366, 1498, 1915, 
2274, 2566, 2723, 2702, 2502, 2182, 1825, 1527, 1371, 1399, 
1608, 1937, 2291, 2580, 2727, 2630, 2368, 2014, 1680, 1449, 
1367, 1474, 1746, 2107, 2434, 2668, 2735, 2623, 2348, 1996, 
1663, 1380, 1392, 1580, 1896, 2254, 2556, 2721, 2707, 2512, 
2195, 1840, 1541, 1377, 1399, 1596, 1923, 2398, 2648, 2732, 
2633, 2380, 2043, 1697, 1443, 1365, 1471, 1731, 2079, 2419, 
2664, 2737, 2627, 2232, 1875, 1566, 1382, 1384, 1576, 1881, 
2239, 2543, 2716, 2711, 2524, 2214, 1855, 1551, 1381, 1455, 
1705, 2045, 2381, 2639, 2742, 2645, 2393, 2049, 1707, 1452, 
1363, 1459, 1719, 2062, 2408, 2707, 2715, 2551, 2252, 1895, 
1580, 1392, 1383, 1556, 1861, 2219, 2531, 2711, 2711, 2531, 
2232, 1752, 1479, 1367, 1446, 1690, 2038, 2379, 2639, 2737, 
2652, 2407, 2060, 1718, 1463, 1364, 1451, 1820, 2183, 2506, 
2706, 2722, 2561, 2264, 1911, 1592, 1396, 1375, 1548, 1856, 
2215, 2528, 2720, 2680, 2444, 2104, 1748, 1478, 1357, 1424, 
1671, 2009, 2360, 2625, 2735, 2663, 2425, 2083, 1736, 1410, 
1377, 1527, 1824, 2175, 2494, 2695, 2723, 2573, 2273, 1924, 
1596, 1405, 1376, 1542, 1836, 2328, 2611, 2739, 2681, 2455, 
2117, 1763, 1486, 1360, 1427, 1657, 1990, 2347, 2620, 2740, 
2675, 2328, 1971, 1633, 1414, 1370, 1506, 1787, 2145, 2472, 
2692, 2728, 2583, 2299, 1941, 1619, 1410, 1415, 1628, 1957, 
2310, 2591, 2724, 2680, 2463, 2138, 1784, 1504, 1374, 1428, 
1649, 1983, 2334, 2676, 2727, 2583, 2323, 1984, 1652, 1420, 
1375, 1508, 1793, 2144, 2471, 2686, 2728, 2590, 2308, 1817, 
1526, 1376, 1407, 1617, 1944, 2302, 2588, 2726, 2693, 2484, 
2156, 1802, 1514, 1369, 1417, 1752, 2103, 2424, 2663, 2727, 
2611, 2343, 1990, 1656, 1424, 1363, 1490, 1769, 2121, 2462, 
2684, 2716, 2519, 2195, 1837, 1531, 1370, 1388, 1595, 1921, 
2284, 2577, 2732, 2712, 2494, 2179, 1809, 1439, 1362, 1467, 
1723, 2076, 2423, 2663, 2739, 2624, 2360, 2004, 1677, 1440, 
1374, 1494, 1765, 2252, 2553, 2719, 2704, 2515, 2194, 1838, 
1540, 1376, 1392, 1584, 1896, 2272, 2567, 2719, 2707, 2394, 
2054, 1712, 1459, 1372, 1468, 1727, 2067, 2408, 2647, 2729, 
2627, 2370, 2023, 1684, 1447, 1385, 1564, 1874, 2232, 2537, 
2717, 2712, 2539, 2224, 1857, 1553, 1385, 1392, 1580, 1898, 
2255, 2643, 2744, 2656, 2407, 2055, 1708, 1448, 1354, 1451, 
1705, 2052, 2396, 2641, 2735, 2640, 2392, 1907, 1589, 1400, 
1374, 1546, 1851, 2200, 2524, 2712, 2721, 2551, 2249, 1897, 
1582, 1391, 1385, 1665, 2003, 2352, 2620, 2736, 2663, 2425, 
2086, 1740, 1474, 1374, 1445, 1704, 2040, 2392, 2639, 2721, 
2556, 2265, 1900, 1593, 1391, 1372, 1537, 1840, 2196, 2515, 
2712, 2724, 2563, 2258, 1899, 1488, 1362, 1424, 1660, 1993, 
2347, 2622, 2740, 2667, 2435, 2097, 1746, 1478, 1361, 1433, 
1679, 2160, 2495, 2692, 2732, 2591, 2299, 1942, 1617, 1406, 
1377, 1527, 1816, 2169, 2492, 2694, 2719, 2464, 2133, 1780, 
1499, 1366, 1427, 1648, 1985, 2340, 2620, 2740, 2687, 2449, 
2108, 1743, 1477, 1361, 1496, 1787, 2142, 2480, 2689, 2736, 
2598, 2311, 1955, 1619, 1408, 1366, 1510, 1804, 2160, 2583, 
2735, 2693, 2484, 2155, 1801, 1514, 1377, 1417, 1639, 1966, 
2319, 2599, 2724, 2676, 2455, 1984, 1651, 1421, 1362, 1492, 
1772, 2124, 2455, 2683, 2734, 2608, 2328, 1971, 1643, 1424, 
1375, 1608, 1926, 2284, 2575, 2724, 2695, 2491, 2161, 1822, 
1525, 1360, 1411, 1831, 1536, 1382, 1411, 1730, 2075, 2416, 
2650, 2723, 2620, 2353, 2008, 1674, 1435, 1363, 1482, 1743, 
2092, 2431, 2675, 2707, 2528, 2214, 1856, 1548, 1376, 1385, 
1576, 1895, 2254, 2553, 2724, 2710, 2520, 2203, 1842, 1452, 
1355, 1449, 1699, 2043, 2396, 2649, 2735, 2649, 2396, 2050, 
1697, 1443, 1367, 1468, 1728, 2215, 2528, 2711, 2717, 2543, 
2238, 1879, 1567, 1384, 1382, 1559, 1874, 2230, 2536, 2712, 
2708, 2417, 2079, 1727, 1471, 1366, 1454, 1698, 2044, 2380, 
2635, 2732, 2642, 2392, 2043, 1712, 1453, 1377, 1543, 1845, 
2200, 2515, 2705, 2718, 2552, 2249, 1890, 1575, 1391, 1383, 
END
1600, 1978, 2384, 2715, 2656, 2398, 2033, 1676, 1427, 1362, 
1510, 1815, 2188, 2523, 2703, 2691, 2487, 2136, 1767, 1408, 
1365, 1528, 1855, 2220, 2543, 2711, 2686, 2452, 2110, 1749, 
1431, 1356, 1495, 1793, 2170, 2595, 2723, 2648, 2384, 2023, 
1663, 1419, 1365, 1520, 1831, 2212, 2531, 2712, 2687, 2457, 
2112, 1631, 1400, 1368, 1540, 1864, 2243, 2559, 2720, 2675, 
2442, 2086, 1720, 1448, 1358, 1479, 1772, 2283, 2584, 2723, 
2662, 2411, 2040, 1672, 1427, 1353, 1502, 1811, 2180, 2516, 
2707, 2693, 2495, 2011, 1655, 1418, 1369, 1529, 1849, 2225, 
2547, 2718, 2687, 2460, 2107, 1738, 1454, 1351, 1458, 1878, 
2255, 2588, 2724, 2682, 2443, 2089, 1718, 1445, 1358, 1482, 
1782, 2153, 2497, 2700, 2708, 2399, 2034, 1679, 1423, 1362, 
1507, 1820, 2192, 2526, 2712, 2699, 2494, 2143, 1759, 1470, 
1360, 1532, 1861, 2236, 2559, 2724, 2687, 2458, 2104, 1733, 
1452, 1349, 1463, 1751, 2128, 2476, 2692, 2671, 2428, 2065, 
1707, 1436, 1363, 1495, 1792, 2179, 2516, 2708, 2705, 2501, 
2160, 1796, 1493, 1369, 1521, 1832, 2211, 2540, 2718, 2694, 
2474, 2124, 1751, 1463, 1357, 1455, 1743, 2111, 2466, 2731, 
2688, 2445, 2091, 1727, 1451, 1347, 1478, 1772, 2140, 2490, 
2700, 2716, 2534, 2201, 1823, 1433, 1359, 1499, 1801, 2179, 
2515, 2707, 2707, 2500, 2160, 1784, 1484, 1361, 1443, 1713, 
2084, 2543, 2718, 2695, 2468, 2121, 1756, 1469, 1357, 1456, 
1746, 2115, 2468, 2692, 2727, 2552, 2227, 1719, 1447, 1359, 
1479, 1772, 2150, 2495, 2700, 2711, 2524, 2188, 1815, 1505, 
1363, 1433, 1691, 2191, 2523, 2713, 2697, 2491, 2142, 1772, 
1479, 1363, 1451, 1728, 2097, 2453, 2687, 2732, 2572, 2113, 
1742, 1458, 1355, 1464, 1750, 2123, 2482, 2691, 2724, 2544, 
2208, 1835, 1527, 1368, 1417, 1784, 2159, 2505, 2707, 2720, 
2521, 2187, 1811, 1502, 1364, 1433, 1692, 2055, 2418, 2668, 
2719, 2484, 2139, 1785, 1486, 1356, 1454, 1727, 2097, 2447, 
2675, 2716, 2558, 2244, 1870, 1548, 1385, 1488, 1775, 2143, 
2488, 2690, 2704, 2520, 2194, 1820, 1513, 1371, 1427, 1684, 
2037, 2396, 2643, 2697, 2501, 2164, 1796, 1496, 1373, 1449, 
1715, 2078, 2432, 2667, 2727, 2572, 2264, 1889, 1563, 1368, 
1471, 1747, 2118, 2465, 2687, 2715, 2535, 2215, 1841, 1531, 
1368, 1409, 1654, 2019, 2393, 2710, 2722, 2534, 2193, 1816, 
1504, 1351, 1415, 1676, 2043, 2411, 2667, 2736, 2601, 2300, 
1922, 1494, 1367, 1451, 1726, 2078, 2429, 2667, 2721, 2561, 
2247, 1878, 1552, 1379, 1414, 1637, 1987, 2474, 2692, 2713, 
2540, 2215, 1839, 1526, 1373, 1423, 1662, 2019, 2387, 2651, 
2735, 2610, 2313, 1811, 1512, 1364, 1445, 1729, 2126, 2510, 
2716, 2678, 2439, 2068, 1703, 1436, 1377, 1528, 1847, 2351, 
2632, 2736, 2633, 2357, 1983, 1623, 1403, 1372, 1548, 1878, 
2258, 2575, 2739, 2695, 2455, 1946, 1599, 1380, 1361, 1556, 
1895, 2283, 2595, 2745, 2684, 2438, 2065, 1694, 1428, 1353, 
1491, 1932, 2312, 2611, 2744, 2661, 2396, 2028, 1679, 1422, 
1362, 1521, 1840, 2215, 2547, 2720, 2686, 2355, 1980, 1628, 
1403, 1373, 1551, 1881, 2259, 2575, 2734, 2686, 2447, 2086, 
1720, 1448, 1363, 1578, 1915, 2282, 2584, 2731, 2667, 2411, 
2044, 1688, 1439, 1370, 1505, 1812, 2191, 2521, 2711, 2648, 
2380, 2012, 1655, 1421, 1377, 1539, 1859, 2235, 2553, 2719, 
2687, 2466, 2108, 1735, 1454, 1388, 1564, 1898, 2276, 2584, 
2711, 2678, 2428, 2071, 1704, 1436, 1356, 1492, 1793, 2168, 
2519, 2737, 2665, 2413, 2034, 1673, 1421, 1359, 1505, 1810, 
2193, 2543, 2721, 2705, 2492, 2144, 1776, 1423, 1374, 1535, 
1859, 2240, 2558, 2723, 2683, 2455, 2096, 1731, 1453, 1356, 
1473, 1763, 2136, 2584, 2731, 2678, 2436, 2072, 1702, 1436, 
1362, 1490, 1799, 2179, 2508, 2704, 2701, 2515, 2174, 1676, 
1430, 1372, 1520, 1829, 2203, 2528, 2707, 2681, 2468, 2124, 
1756, 1475, 1368, 1471, 1743, 2260, 2579, 2732, 2678, 2441, 
2088, 1723, 1447, 1361, 1487, 1786, 2155, 2508, 2713, 2718, 
2524, 2039, 1675, 1417, 1348, 1495, 1811, 2191, 2534, 2730, 
2723, 2513, 2160, 1779, 1475, 1350, 1425, 1830, 2212, 2548, 
2734, 2710, 2494, 2132, 1756, 1467, 1359, 1457, 1737, 2105, 
2467, 2689, 2723, 2443, 2086, 1720, 1450, 1363, 1489, 1780, 
2160, 2505, 2713, 2716, 2527, 2188, 1810, 1507, 1358, 1496, 
1813, 2186, 2525, 2713, 2702, 2499, 2155, 1784, 1489, 1368, 
1453, 1721, 2081, 2436, 2671, 2680, 2460, 2113, 1743, 1468, 
1373, 1479, 1772, 2140, 2485, 2695, 2716, 2531, 2203, 1823, 
1512, 1363, 1494, 1801, 2175, 2516, 2716, 2716, 2514, 2172, 
1793, 1491, 1357, 1435, 1700, 2060, 2439, 2713, 2705, 2485, 
2136, 1768, 1478, 1366, 1452, 1726, 2106, 2462, 2688, 2728, 
2566, 2246, 1868, 1464, 1366, 1481, 1765, 2134, 2475, 2686, 
2702, 2524, 2196, 1819, 1517, 1382, 1435, 1690, 2047, 2513, 
2703, 2703, 2502, 2175, 1776, 1488, 1366, 1449, 1719, 2086, 
2444, 2684, 2729, 2575, 2260, 1750, 1470, 1361, 1461, 1739, 
2108, 2460, 2675, 2707, 2545, 2220, 1851, 1536, 1383, 1426, 
1662, 2171, 2503, 2707, 2708, 2512, 2176, 1796, 1497, 1362, 
1441, 1701, 2065, 2434, 2681, 2744, 2592, 2139, 1760, 1472, 
1349, 1435, 1721, 2087, 2455, 2694, 2742, 2582, 2265, 1882, 
1542, 1368, 1393, 1745, 2125, 2480, 2699, 2729, 2556, 2223, 
1844, 1522, 1366, 1409, 1657, 2022, 2391, 2662, 2744, 2519, 
2181, 1804, 1492, 1356, 1423, 1692, 2056, 2430, 2676, 2744, 
2595, 2287, 1906, 1567, 1374, 1445, 1719, 2089, 2448, 2684, 
2734, 2571, 2249, 1878, 1555, 1379, 1404, 1637, 1990, 2361, 
2635, 2704, 2531, 2208, 1833, 1512, 1369, 1431, 1681, 2040, 
2404, 2660, 2735, 2604, 2302, 1920, 1589, 1359, 1446, 1712, 
2082, 2441, 2681, 2724, 2583, 2272, 1881, 1551, 1369, 1392, 
1617, 1967, 2343, 2695, 2732, 2556, 2235, 1855, 1527, 1360, 
1409, 1643, 2009, 2382, 2655, 2752, 2634, 2344, 1964, 1514, 
1364, 1415, 1670, 2035, 2401, 2655, 2732, 2599, 2294, 1929, 
1588, 1385, 1395, 1600, 1941, 2440, 2679, 2727, 2567, 2260, 
1887, 1557, 1380, 1408, 1632, 2726, 2582, 2272, 1892, 1558, 
1376, 1457, 1733, 2099, 2443, 2679, 2716, 2552, 2235, 1858, 
1542, 1376, 1423, 1661, 2016, 2380, 2647, 2705, 2518, 2183, 
1796, 1508, 1368, 1428, 1752, 1456, 1334, 1435, 1724, 2099, 
2462, 2700, 2743, 2472, 2116, 1739, 1451, 1350, 1462, 1748, 
2124, 2472, 2700, 2719, 2532, 2212, 1829, 1520, 1373, 1503, 
1802, 2180, 2516, 2715, 2699, 2494, 2151, 1776, 1480, 1354, 
1439, 1708, 2076, 2440, 2681, 2707, 2484, 2135, 1756, 1463, 
1358, 1449, 1728, 2103, 2457, 2682, 2719, 2556, 2231, 1863, 
1553, 1368, 1489, 1776, 2142, 2485, 2689, 2697, 2512, 2174, 
1806, 1504, 1368, 1439, 1697, 2066, 2423, 2716, 2707, 2497, 
2147, 1773, 1479, 1359, 1445, 1721, 2080, 2444, 2681, 2736, 
2569, 2255, 1876, 1469, 1363, 1470, 1755, 2119, 2473, 2687, 
2716, 2534, 2222, 1840, 1521, 1361, 1426, 1672, 2031, 2511, 
2711, 2711, 2519, 2184, 1803, 1491, 1360, 1435, 1697, 2062, 
2423, 2663, 2724, 2579, 2271, 1767, 1478, 1367, 1460, 1734, 
2096, 2454, 2692, 2728, 2561, 2241, 1860, 1539, 1376, 1411, 
1641, 2136, 2489, 2705, 2724, 2532, 2207, 1828, 1511, 1361, 
1418, 1668, 2027, 2394, 2652, 2734, 2601, 2179, 1798, 1493, 
1358, 1443, 1709, 2075, 2432, 2675, 2732, 2576, 2258, 1892, 
1561, 1377, 1399, 1743, 2119, 2468, 2695, 2727, 2555, 2227, 
1850, 1524, 1360, 1403, 1643, 2003, 2377, 2659, 2748, 2537, 
2203, 1820, 1504, 1352, 1414, 1664, 2030, 2412, 2667, 2735, 
2607, 2316, 1931, 1590, 1392, 1439, 1708, 2072, 2432, 2670, 
2729, 2575, 2255, 1883, 1552, 1369, 1399, 1619, 1972, 2352, 
2631, 2734, 2564, 2235, 1851, 1528, 1364, 1411, 1641, 1996, 
2374, 2646, 2739, 2623, 2338, 1963, 1619, 1368, 1436, 1681, 
2030, 2404, 2651, 2716, 2577, 2280, 1902, 1581, 1391, 1408, 
1619, 1964, 2339, 2687, 2730, 2569, 2245, 1868, 1541, 1365, 
1401, 1633, 1987, 2364, 2640, 2743, 2635, 2349, 1979, 1520, 
1364, 1423, 1657, 2023, 2394, 2656, 2736, 2607, 2314, 1932, 
1583, 1387, 1388, 1596, 1927, 2432, 2686, 2739, 2591, 2281, 
1897, 1563, 1374, 1392, 1609, 1958, 2335, 2622, 2739, 2636, 
2368, 1864, 1538, 1369, 1406, 1639, 1995, 2367, 2639, 2737, 
2625, 2348, 1959, 1615, 1398, 1378, 1564, 2033, 2399, 2660, 
2734, 2601, 2303, 1921, 1579, 1395, 1395, 1589, 1934, 2310, 
2609, 2735, 2659, 2263, 1885, 1557, 1377, 1397, 1616, 1967, 
2351, 2631, 2741, 2644, 2367, 1992, 1639, 1406, 1372, 1646, 
2002, 2371, 2651, 2734, 2617, 2339, 1958, 1614, 1394, 1380, 
1566, 1904, 2283, 2588, 2728, 2599, 2305, 1913, 1581, 1380, 
1388, 1598, 1936, 2317, 2603, 2737, 2652, 2396, 2024, 1669, 
1430, 1421, 1625, 1973, 2343, 2620, 2721, 2625, 2348, 1980, 
1637, 1412, 1385, 1559, 1887, 2259, 2575, 2734, 2607, 2317, 
1939, 1596, 1398, 1387, 1580, 1927, 2303, 2596, 2721, 2660, 
2407, 2045, 1687, 1389, 1403, 1613, 1955, 2324, 2611, 2720, 
2631, 2363, 2006, 1643, 1416, 1384, 1547, 1868, 2247, 2648, 
2741, 2627, 2339, 1965, 1611, 1379, 1364, 1561, 1893, 2271, 
2587, 2737, 2680, 2436, 2073, 1592, 1388, 1388, 1591, 1923, 
2304, 2608, 2729, 2651, 2395, 2028, 1671, 1426, 1369, 1525, 
1843, 2350, 2633, 2734, 2636, 2361, 1987, 1635, 1401, 1369, 
1535, 1871, 2252, 2569, 2735, 2692, 2458, 1944, 1596, 1390, 
1372, 1567, 1905, 2283, 2599, 2743, 2678, 2429, 2051, 1691, 
1440, 1366, 1497, 1932, 2310, 2611, 2738, 2654, 2392, 2023, 
1662, 1416, 1362, 1520, 1832, 2203, 2540, 2727, 2704, 2364, 
1988, 1636, 1406, 1367, 1538, 1871, 2245, 2562, 2718, 2694, 
2458, 2099, 1734, 1456, 1366, 1572, 1900, 2275, 2579, 2723, 
2662, 2416, 2059, 1695, 1442, 1379, 1519, 1820, 2187, 2520, 
2704, 2640, 2375, 2015, 1656, 1406, 1374, 1537, 1881, 2279, 
2631, 2729, 2574, 2257, 1871, 1538, 1374, 1489, 1799, 2167, 
2520, 2708, 2707, 2509, 2171, 1800, 1488, 1360, 1438, 1702, 
2057, 2428, 2680, 2705, 2478, 2140, 1767, 1473, 1360, 1454, 
1734, 2099, 2451, 2683, 2723, 2566, 2238, 1865, 1538, 1352, 
1472, 1763, 2139, 2486, 2700, 2716, 2537, 2198, 1831, 1508, 
1359, 1416, 1676, 2041, 2411, 2716, 2719, 2513, 2171, 1789, 
1491, 1360, 1436, 1702, 2072, 2430, 2684, 2724, 2573, 2264, 
1887, 1473, 1361, 1467, 1744, 2115, 2471, 2696, 2724, 2555, 
2220, 1847, 1525, 1360, 1407, 1649, 2004, 2504, 2714, 2726, 
2539, 2191, 1809, 1504, 1361, 1417, 1674, 2041, 2409, 2668, 
2739, 2601, 2295, 1776, 1484, 1370, 1443, 1715, 2078, 2436, 
2685, 2732, 2577, 2259, 1884, 1554, 1376, 1403, 1628, 2123, 
2467, 2687, 2712, 2545, 2216, 1840, 1526, 1368, 1420, 1665, 
2024, 2392, 2657, 2731, 2622, 2183, 1803, 1497, 1362, 1432, 
1689, 2055, 2416, 2662, 2724, 2587, 2288, 1905, 1583, 1396, 
1410, 1732, 2094, 2446, 2673, 2714, 2555, 2237, 1869, 1546, 
1380, 1418, 1660, 2011, 2375, 2638, 2731, 2526, 2195, 1818, 
1510, 1367, 1427, 1677, 2040, 2412, 2658, 2728, 2598, 2312, 
1932, 1590, 1392, 1451, 1716, 2076, 2435, 2684, 2732, 2566, 
2252, 1877, 1551, 1372, 1402, 1625, 1980, 2356, 2635, 2729, 
2554, 2224, 1849, 1526, 1362, 1410, 1648, 2003, 2383, 2652, 
2741, 2622, 2331, 1956, 1603, 1354, 1426, 1674, 2046, 2409, 
2667, 2735, 2596, 2289, 1914, 1572, 1376, 1383, 1594, 1946, 
2324, 2688, 2739, 2584, 2276, 1895, 1554, 1370, 1388, 1607, 
1958, 2331, 2623, 2736, 2634, 2367, 1991, 1548, 1384, 1419, 
1662, 2013, 2382, 2644, 2727, 2605, 2317, 1944, 1607, 1397, 
1392, 1584, 1913, 2419, 2665, 2737, 2595, 2284, 1908, 1568, 
1384, 1384, 1603, 1951, 2324, 2619, 2739, 2655, 2367, 1871, 
1544, 1369, 1401, 1636, 1987, 2360, 2636, 2732, 2620, 2343, 
1979, 1630, 1402, 1376, 1560, 2019, 2392, 2657, 2734, 2604, 
2304, 1934, 1588, 1383, 1379, 1585, 1928, 2312, 2613, 2748, 
2670, 2279, 1896, 1559, 1368, 1376, 1591, 1943, 2334, 2624, 
2747, 2652, 2387, 2008, 1655, 1426, 1378, 1638, 1984, 2356, 
2631, 2723, 2622, 2340, 1972, 1625, 1414, 1387, 1577, 1903, 
2279, 2583, 2720, 2598, 2298, 1916, 1577, 1380, 1385, 1595, 
1937, 2319, 2615, 2726, 2648, 2407, 2026, 1667, 1427, 1408, 
1625, 1975, 2345, 2623, 2731, 2630, 2352, 1980, 1632, 1411, 
1375, 1552, 1873, 2263, 2579, 2742, 2622, 2324, 1937, 1594, 
1387, 1382, 1569, 1907, 2286, 2591, 2734, 2667, 2420, 2050, 
1684, 1380, 1392, 1601, 1942, 2322, 2615, 2734, 2648, 2387, 
2015, 1656, 1406, 1372, 1522, 1843, 2231, 2634, 2739, 2632, 
2361, 1982, 1630, 1398, 1368, 1543, 1871, 2248, 2566, 2726, 
2680, 2447, 2091, 1610, 1409, 1391, 1586, 1927, 2295, 2595, 
2731, 2652, 2399, 2025, 1667, 1430, 1371, 1516, 1828, 2343, 
2625, 2744, 2648, 2375, 1998, 1643, 1405, 1363, 1531, 1857, 
2235, 2558, 2728, 2694, 2468, 1982, 1623, 1395, 1375, 1546, 
1887, 2277, 2578, 2726, 2663, 2432, 2080, 1707, 1446, 1367, 
1497, 1929, 2304, 2600, 2729, 2648, 2395, 2031, 1671, 1428, 
1368, 1523, 1836, 2214, 2543, 2719, 2697, 2361, 1985, 1632, 
1405, 1376, 1535, 1860, 2239, 2558, 2729, 2689, 2462, 2104, 
1736, 1463, 1368, 1569, 1901, 2273, 2576, 2718, 2652, 2416, 
2055, 1710, 1442, 1378, 1523, 1819, 2201, 2530, 2699, 2640, 
2375, 2006, 1646, 1408, 1366, 1529, 1852, 2235, 2558, 2730, 
2695, 2475, 2120, 1745, 1460, 1371, 1550, 1881, 2268, 2583, 
2727, 2675, 2440, 2083, 1719, 1448, 1358, 1479, 1649, 1409, 
1358, 1620, 1974, 2350, 2631, 2735, 2634, 2352, 1987, 1627, 
1407, 1373, 1542, 1871, 2252, 2564, 2729, 2615, 2312, 1935, 
1599, 1388, 1380, 1575, 1915, 2288, 2599, 2737, 2673, 2408, 
2049, 1685, 1426, 1388, 1606, 1945, 2315, 2600, 2735, 2648, 
2384, 2018, 1664, 1412, 1370, 1542, 1849, 2233, 2547, 2728, 
2623, 2340, 1972, 1617, 1397, 1375, 1556, 1885, 2267, 2580, 
2727, 2677, 2435, 2076, 1706, 1391, 1383, 1580, 1915, 2292, 
2596, 2739, 2665, 2411, 2044, 1683, 1430, 1368, 1510, 1814, 
2191, 2614, 2734, 2648, 2380, 2009, 1659, 1420, 1376, 1533, 
1851, 2223, 2537, 2697, 2678, 2458, 2104, 1621, 1417, 1411, 
1571, 1897, 2273, 2575, 2726, 2663, 2423, 2063, 1705, 1434, 
1358, 1492, 1792, 2307, 2604, 2732, 2657, 2407, 2033, 1683, 
1441, 1376, 1515, 1822, 2198, 2524, 2699, 2675, 2476, 2001, 
1654, 1426, 1390, 1560, 1874, 2250, 2563, 2718, 2672, 2438, 
2081, 1720, 1446, 1362, 1479, 1905, 2283, 2596, 2731, 2676, 
2424, 2057, 1688, 1438, 1368, 1511, 1799, 2177, 2513, 2708, 
2704, 2387, 2019, 1664, 1421, 1376, 1532, 1848, 2223, 2547, 
2715, 2687, 2466, 2112, 1742, 1462, 1365, 1547, 1875, 2263, 
2575, 2718, 2675, 2434, 2086, 1713, 1449, 1368, 1490, 1791, 
2162, 2504, 2708, 2659, 2408, 2033, 1673, 1420, 1355, 1502, 
1815, 2194, 2535, 2727, 2724, 2497, 2160, 1784, 1482, 1361, 
1524, 1851, 2230, 2551, 2721, 2689, 2466, 2112, 1740, 1467, 
1359, 1470, 1760, 2136, 2489, 2739, 2686, 2439, 2068, 1699, 
1420, 1341, 1475, 1784, 2168, 2503, 2711, 2727, 2524, 2182, 
1803, 1418, 1363, 1508, 1816, 2199, 2531, 2718, 2696, 2488, 
2142, 1770, 1479, 1367, 1451, 1734, 2108, 2575, 2733, 2690, 
2460, 2105, 1733, 1455, 1342, 1461, 1756, 2127, 2473, 2694, 
2714, 2535, 2209, 1715, 1458, 1382, 1516, 1808, 2183, 2512, 
2702, 2698, 2496, 2156, 1782, 1490, 1356, 1438, 1712, 2215, 
2550, 2729, 2705, 2473, 2124, 1755, 1470, 1358, 1459, 1739, 
2107, 2461, 2681, 2719, 2550, 2094, 1731, 1456, 1371, 1495, 
1785, 2158, 2496, 2709, 2714, 2510, 2182, 1796, 1495, 1360, 
1429, 1814, 2190, 2536, 2726, 2711, 2505, 2157, 1782, 1486, 
1358, 1447, 1713, 2083, 2438, 2677, 2724, 2468, 2116, 1747, 
1461, 1368, 1478, 1759, 2121, 2479, 2703, 2712, 2544, 2224, 
1840, 1519, 1367, 1486, 1784, 2154, 2496, 2701, 2711, 2516, 
2187, 1814, 1508, 1375, 1444, 1700, 2065, 2419, 2664, 2695, 
2487, 2136, 1746, 1473, 1363, 1459, 1724, 2100, 2456, 2695, 
2727, 2568, 2248, 1869, 1540, 1364, 1471, 1758, 2133, 2478, 
2692, 2712, 2532, 2209, 1821, 1521, 1368, 1428, 1687, 2044, 
2412, 2716, 2712, 2524, 2179, 1792, 1488, 1351, 1428, 1695, 
2060, 2428, 2673, 2736, 2581, 2279, 1899, 1479, 1367, 1452, 
1735, 2102, 2453, 2683, 2717, 2556, 2244, 1872, 1542, 1375, 
1420, 1654, 2012, 2495, 2709, 2719, 2531, 2193, 1814, 1499, 
1352, 1412, 1669, 2031, 2395, 2656, 2732, 2606, 2313, 1805, 
1505, 1379, 1457, 1716, 2070, 2432, 2670, 2719, 2572, 2248, 
1876, 1550, 1374, 1404, 1624, 2121, 2468, 2689, 2718, 2550, 
2224, 1855, 1536, 1375, 1423, 1663, 2015, 2380, 2644, 2731, 
2608, 2185, 1815, 1508, 1359, 1430, 1700, 2060, 2422, 2673, 
2734, 2590, 2284, 1904, 1569, 1374, 1392, 1724, 2094, 2456, 
2681, 2729, 2568, 2249, 1871, 1547, 1373, 1407, 1636, 1987, 
2344, 2631, 2738, 2532, 2210, 1825, 1517, 1366, 1422, 1676, 
2038, 2406, 2668, 2745, 2612, 2311, 1930, 1586, 1379, 1423, 
1686, 2050, 2419, 2671, 2736, 2587, 2286, 1911, 1571, 1390, 
1410, 1643, 2027, 2439, 2695, 2668, 2415, 2041, 1679, 1418, 
1361, 1526, 1848, 2230, 2553, 2729, 2699, 2473, 2122, 1744, 
1460, 1365, 1543, 1872, 2256, 2568, 2727, 2680, 2438, 2088, 
1718, 1455, 1371, 1498, 1795, 2172, 2507, 2732, 2662, 2399, 
2032, 1668, 1421, 1355, 1505, 1820, 2200, 2532, 2717, 2700, 
2495, 2148, 1772, 1423, 1382, 1544, 1859, 2241, 2552, 2716, 
2676, 2451, 2096, 1734, 1457, 1366, 1479, 1770, 2142, 2585, 
2731, 2668, 2423, 2055, 1691, 1436, 1358, 1496, 1800, 2175, 
2515, 2712, 2712, 2507, 2168, 1676, 1430, 1375, 1526, 1836, 
2211, 2535, 2713, 2690, 2468, 2127, 1755, 1468, 1362, 1467, 
1754, 2259, 2574, 2727, 2675, 2447, 2083, 1715, 1439, 1368, 
1481, 1772, 2144, 2496, 2706, 2718, 2526, 2056, 1687, 1434, 
1363, 1502, 1815, 2188, 2531, 2720, 2711, 2502, 2154, 1779, 
1478, 1351, 1436, 1843, 2225, 2540, 2721, 2704, 2469, 2126, 
1759, 1468, 1356, 1468, 1754, 2119, 2470, 2695, 2720, 2447, 
2080, 1715, 1442, 1357, 1484, 1785, 2158, 2507, 2712, 2720, 
2527, 2191, 1800, 1507, 1367, 1513, 1808, 2180, 2512, 2703, 
2695, 2488, 2147, 1781, 1495, 1373, 1467, 1736, 2103, 2455, 
2672, 2687, 2459, 2099, 1735, 1459, 1359, 1474, 1763, 2142, 
2484, 2697, 2712, 2543, 2209, 1832, 1515, 1359, 1487, 1790, 
2168, 2512, 2702, 2707, 2511, 2168, 1806, 1502, 1369, 1450, 
1713, 2075, 2438, 2726, 2703, 2479, 2130, 1760, 1459, 1347, 
1439, 1735, 2102, 2462, 2691, 2730, 2564, 2252, 1866, 1456, 
1368, 1482, 1769, 2145, 2491, 2700, 2711, 2524, 2191, 1816, 
1509, 1358, 1424, 1681, 2049, 2524, 2723, 2716, 2508, 2165, 
1782, 1487, 1356, 1438, 1708, 2072, 2435, 2678, 2732, 2580, 
2269, 1758, 1470, 1363, 1464, 1740, 2108, 2462, 2687, 2720, 
2553, 2224, 1864, 1532, 1368, 1404, 1660, 2153, 2496, 2702, 
2715, 2524, 2190, 1816, 1512, 1368, 1434, 1690, 2039, 2407, 
2660, 2724, 2587, 2151, 1781, 1487, 1365, 1452, 1725, 2096, 
2457, 2683, 2736, 2576, 2256, 1869, 1548, 1375, 1392, 1743, 
2121, 2473, 2692, 2719, 2547, 2224, 1848, 1537, 1380, 1431, 
1671, 2024, 2387, 2650, 2723, 2508, 2172, 1790, 1498, 1365, 
1452, 1707, 2066, 2438, 2679, 2738, 2588, 2280, 1892, 1557, 
1375, 1443, 1720, 2089, 2447, 2678, 2727, 2567, 2249, 1877, 
1553, 1383, 1421, 1654, 2003, 2371, 2640, 2707, 2526, 2201, 
1827, 1513, 1366, 1431, 1680, 2041, 2407, 2659, 2732, 2595, 
2297, 1920, 1588, 1359, 1439, 1710, 2075, 2429, 2681, 2734, 
2580, 2271, 1895, 1564, 1381, 1405, 1630, 1976, 2347, 2697, 
2731, 2555, 2233, 1854, 1528, 1360, 1407, 1647, 2001, 2376, 
2645, 2736, 2625, 2336, 1959, 1519, 1373, 1435, 1683, 2046, 
2403, 2663, 2731, 2595, 2287, 1910, 1574, 1383, 1395, 1598, 
1947, 2450, 2690, 2736, 2582, 2263, 1880, 1550, 1368, 1396, 
1618, 1972, 2339, 2622, 2737, 2637, 2361, 1857, 1534, 1376, 
1418, 1663, 2011, 2379, 2644, 2732, 2616, 2322, 1947, 1608, 
1393, 1387, 1584, 2052, 2415, 2660, 2723, 2586, 2286, 1915, 
1582, 1391, 1406, 1603, 1950, 2314, 2609, 2721, 2638, 2246, 
1872, 1550, 1382, 1415, 1648, 1999, 2369, 2646, 2736, 2625, 
2342, 1968, 1617, 1398, 1380, 1665, 2024, 2387, 2644, 2724, 
2608, 2311, 1939, 1606, 1395, 1403, 1602, 1927, 2307, 2596, 
2723, 2567, 2260, 1884, 1553, 1378, 1411, 1625, 1983, 2364, 
2638, 2745, 2643, 2364, 1986, 1626, 1395, 1396, 1636, 1986, 
2372, 2651, 2722, 2623, 2351, 1974, 1625, 1399, 1383, 1568, 
1899, 2272, 2583, 2729, 2599, 2299, 1920, 1584, 1383, 1392, 
1596, 1934, 2316, 2604, 2732, 2655, 2392, 2025, 1671, 1380, 
1397, 1695, 1434, 1357, 1487, 1788, 2164, 2503, 2710, 2712, 
2516, 2179, 1801, 1499, 1369, 1513, 1820, 2200, 2524, 2703, 
2701, 2491, 2142, 1763, 1492, 1373, 1463, 1733, 2095, 2449, 
2680, 2670, 2445, 2087, 1729, 1461, 1368, 1483, 1776, 2152, 
2496, 2705, 2718, 2531, 2199, 1823, 1502, 1352, 1492, 1796, 
2172, 2505, 2705, 2706, 2510, 2174, 1800, 1497, 1369, 1447, 
1712, 2064, 2438, 2715, 2689, 2475, 2119, 1748, 1470, 1360, 
1466, 1742, 2111, 2467, 2689, 2727, 2547, 2220, 1854, 1447, 
1364, 1482, 1769, 2144, 2484, 2696, 2707, 2520, 2191, 1816, 
1509, 1368, 1438, 1697, 2053, 2527, 2719, 2707, 2496, 2155, 
1762, 1480, 1352, 1447, 1711, 2080, 2430, 2672, 2736, 2575, 
2259, 1756, 1475, 1371, 1471, 1752, 2123, 2468, 2687, 2712, 
2536, 2210, 1831, 1522, 1370, 1423, 1675, 2170, 2512, 2713, 
2718, 2512, 2175, 1798, 1491, 1344, 1420, 1679, 2044, 2414, 
2677, 2740, 2599, 2160, 1785, 1491, 1364, 1452, 1719, 2083, 
2437, 2672, 2719, 2563, 2244, 1870, 1558, 1380, 1415, 1763, 
2131, 2482, 2692, 2708, 2538, 2207, 1831, 1522, 1374, 1430, 
1679, 2035, 2395, 2651, 2732, 2505, 2172, 1795, 1494, 1364, 
1442, 1706, 2071, 2429, 2676, 2736, 2585, 2268, 1900, 1567, 
1391, 1465, 1742, 2111, 2460, 2680, 2712, 2547, 2224, 1852, 
1535, 1372, 1420, 1657, 2016, 2387, 2644, 2713, 2521, 2187, 
1814, 1499, 1355, 1427, 1683, 2057, 2422, 2676, 2752, 2604, 
2299, 1909, 1568, 1345, 1432, 1703, 2071, 2435, 2679, 2732, 
2581, 2268, 1888, 1562, 1383, 1403, 1627, 1976, 2352, 2694, 
2723, 2543, 2231, 1848, 1527, 1365, 1398, 1652, 2011, 2379, 
2643, 2740, 2620, 2327, 1951, 1512, 1369, 1438, 1688, 2049, 
2407, 2656, 2724, 2590, 2290, 1910, 1586, 1390, 1410, 1615, 
1951, 2444, 2674, 2720, 2564, 2247, 1872, 1546, 1377, 1412, 
1641, 1990, 2359, 2633, 2736, 2621, 2348, 1840, 1530, 1374, 
1433, 1671, 2028, 2393, 2647, 2721, 2595, 2304, 1929, 1593, 
1393, 1384, 1592, 2073, 2429, 2673, 2728, 2582, 2268, 1888, 
1561, 1377, 1392, 1616, 1968, 2347, 2616, 2736, 2641, 2240, 
1861, 1543, 1366, 1400, 1641, 1998, 2371, 2639, 2727, 2623, 
2341, 1964, 1615, 1392, 1377, 1675, 2037, 2407, 2662, 2736, 
2603, 2305, 1927, 1591, 1393, 1392, 1599, 1935, 2310, 2604, 
2732, 2569, 2247, 1872, 1549, 1371, 1404, 1620, 1977, 2353, 
2635, 2753, 2656, 2367, 1996, 1637, 1400, 1407, 1645, 2003, 
2374, 2646, 2736, 2618, 2332, 1961, 1613, 1400, 1374, 1572, 
1912, 2284, 2585, 2731, 2586, 2296, 1908, 1572, 1379, 1391, 
1606, 1955, 2331, 2620, 2744, 2658, 2389, 2016, 1656, 1366, 
1395, 1620, 1975, 2345, 2631, 2737, 2639, 2359, 1988, 1639, 
1414, 1383, 1561, 1880, 2253, 2643, 2724, 2602, 2312, 1939, 
1594, 1387, 1386, 1588, 1924, 2300, 2596, 2732, 2665, 2407, 
2044, 1572, 1384, 1399, 1617, 1959, 2331, 2617, 2732, 2649, 
2376, 2006, 1652, 1415, 1371, 1536, 1854, 2361, 2635, 2733, 
2620, 2339, 1970, 1617, 1399, 1371, 1567, 1894, 2275, 2587, 
2730, 2665, 2429, 1927, 1592, 1391, 1390, 1588, 1931, 2313, 
2603, 2733, 2659, 2396, 2028, 1670, 1418, 1356, 1512, 1963, 
2343, 2633, 2743, 2646, 2372, 1995, 1646, 1407, 1368, 1536, 
1862, 2242, 2569, 2726, 2687, 2338, 1968, 1615, 1400, 1382, 
1572, 1907, 2273, 2586, 2729, 2667, 2422, 2062, 1695, 1436, 
1363, 1596, 1935, 2305, 2608, 2734, 2661, 2395, 2032, 1676, 
1419, 1371, 1523, 1834, 2211, 2554, 2716, 2633, 2353, 1983, 
1624, 1403, 1382, 1558, 1880, 2257, 2572, 2727, 2683, 2440, 
2083, 1715, 1449, 1390, 1612, 1969, 2415, 2694, 2719, 2544, 
2211, 1827, 1507, 1359, 1439, 1716, 2081, 2446, 2684, 2691, 
2480, 2124, 1747, 1475, 1351, 1455, 1749, 2111, 2473, 2694, 
2721, 2540, 2231, 1849, 1528, 1359, 1487, 1780, 2156, 2489, 
2703, 2704, 2511, 2184, 1812, 1512, 1370, 1445, 1698, 2056, 
2422, 2711, 2698, 2487, 2148, 1752, 1473, 1352, 1452, 1719, 
2095, 2458, 2681, 2739, 2572, 2255, 1874, 1465, 1369, 1478, 
1751, 2137, 2483, 2688, 2708, 2535, 2199, 1831, 1512, 1368, 
1423, 1676, 2031, 2511, 2708, 2710, 2517, 2168, 1792, 1492, 
1360, 1431, 1703, 2062, 2439, 2680, 2742, 2588, 2287, 1772, 
1476, 1360, 1455, 1732, 2102, 2446, 2683, 2721, 2559, 2239, 
1864, 1540, 1374, 1401, 1643, 2141, 2484, 2702, 2703, 2528, 
2199, 1830, 1527, 1376, 1433, 1694, 2040, 2405, 2654, 2726, 
2588, 2160, 1790, 1488, 1368, 1444, 1720, 2076, 2441, 2683, 
2727, 2579, 2259, 1876, 1551, 1376, 1402, 1745, 2116, 2469, 
2689, 2725, 2554, 2235, 1855, 1532, 1375, 1419, 1656, 2017, 
2368, 2640, 2727, 2520, 2184, 1811, 1504, 1356, 1437, 1699, 
2051, 2419, 2675, 2739, 2598, 2296, 1912, 1573, 1382, 1443, 
1727, 2080, 2444, 2683, 2734, 2576, 2260, 1881, 1555, 1375, 
1403, 1634, 1979, 2353, 2632, 2700, 2529, 2230, 1845, 1530, 
1376, 1427, 1670, 2020, 2386, 2641, 2729, 2604, 2314, 1937, 
1596, 1366, 1439, 1701, 2060, 2428, 2671, 2731, 2588, 2276, 
1900, 1569, 1386, 1403, 1617, 1967, 2339, 2682, 2727, 2555, 
2243, 1851, 1529, 1360, 1405, 1643, 1990, 2370, 2646, 2746, 
2623, 2345, 1971, 1515, 1375, 1423, 1670, 2031, 2400, 2662, 
2739, 2615, 2307, 1928, 1583, 1386, 1383, 1591, 1928, 2424, 
2672, 2732, 2577, 2266, 1893, 1557, 1376, 1397, 1618, 1970, 
2348, 2628, 2740, 2640, 2373, 1860, 1551, 1376, 1406, 1644, 
2001, 2367, 2632, 2726, 2616, 2327, 1953, 1614, 1398, 1385, 
1575, 2047, 2407, 2664, 2732, 2599, 2296, 1922, 1591, 1383, 
1384, 1602, 1948, 2320, 2611, 2744, 2649, 2256, 1873, 1551, 
1370, 1404, 1639, 1984, 2357, 2635, 2740, 2636, 2355, 1980, 
1631, 1405, 1378, 1657, 2005, 2380, 2652, 2739, 2620, 2324, 
1949, 1603, 1392, 1389, 1569, 1905, 2288, 2590, 2736, 2590, 
2295, 1907, 1579, 1383, 1401, 1604, 1953, 2334, 2615, 2736, 
2649, 2375, 2001, 1648, 1407, 1407, 1645, 1998, 2369, 2639, 
2739, 2630, 2350, 1971, 1621, 1396, 1375, 1557, 1884, 2276, 
2579, 2729, 2607, 2316, 1944, 1592, 1384, 1377, 1577, 1912, 
2294, 2596, 2732, 2661, 2407, 2035, 1694, 1386, 1411, 1616, 
1963, 2331, 2614, 2724, 2632, 2363, 1997, 1651, 1418, 1383, 
1551, 1875, 2237, 2643, 2726, 2604, 2324, 1954, 1607, 1392, 
1372, 1562, 1899, 2275, 2588, 2739, 2687, 2451, 2084, 1600, 
1402, 1390, 1591, 1929, 2301, 2595, 2723, 2635, 2379, 2020, 
1674, 1423, 1371, 1528, 1843, 2353, 2631, 2732, 2618, 2347, 
1988, 1631, 1401, 1375, 1548, 1878, 2262, 2582, 2734, 2694, 
2463, 1958, 1600, 1392, 1368, 1550, 1887, 2276, 2590, 2734, 
2672, 2426, 2060, 1695, 1432, 1368, 1501, 1936, 2307, 2610, 
2728, 2648, 2384, 2029, 1661, 1432, 1385, 1536, 1847, 2221, 
2535, 2702, 2686, 2347, 1975, 1635, 1418, 1388, 1563, 1883, 
2255, 2568, 2724, 2668, 2432, 2068, 1712, 1444, 1358, 1586, 
1919, 2297, 2599, 2732, 2658, 2404, 2041, 1682, 1426, 1374, 
1516, 1820, 2206, 2529, 2715, 2638, 2367, 1999, 1648, 1413, 
1372, 1542, 1863, 2252, 2563, 2726, 2680, 2460, 2100, 1724, 
1451, 1366, 1562, 1888, 2271, 2590, 2755, 2699, 2459, 2092, 
1713, 1440, 1352, 1485, 1772, 2150, 2494, 2731, 2660, 2412, 
2039, 1683, 1430, 1355, 1507, 1635, 1424, 1408, 1587, 1907, 
2274, 2571, 2712, 2580, 2284, 1913, 1580, 1393, 1395, 1615, 
1942, 2322, 2608, 2722, 2631, 2371, 2009, 1653, 1408, 1392, 
1625, 1981, 2342, 2652, 2752, 2644, 2363, 1996, 1644, 1405, 
1364, 1544, 1867, 2243, 2559, 2723, 2609, 2319, 1955, 1599, 
1395, 1392, 1583, 1907, 2288, 2595, 2745, 2672, 2422, 2051, 
1686, 1382, 1385, 1600, 1938, 2315, 2620, 2753, 2659, 2403, 
2032, 1663, 1423, 1364, 1514, 1823, 2203, 2619, 2727, 2630, 
2361, 1995, 1641, 1417, 1383, 1552, 1865, 2240, 2545, 2703, 
2660, 2427, 2082, 1619, 1412, 1415, 1595, 1925, 2299, 2591, 
2715, 2646, 2392, 2035, 1678, 1432, 1342, 1520, 1844, 2337, 
2631, 2744, 2642, 2376, 1999, 1637, 1397, 1355, 1518, 1840, 
2231, 2544, 2721, 2697, 2469, 1986, 1639, 1424, 1391, 1571, 
1892, 2270, 2563, 2716, 2657, 2417, 2060, 1699, 1439, 1364, 
1493, 1935, 2316, 2593, 2740, 2668, 2396, 2027, 1671, 1414, 
1356, 1507, 1825, 2207, 2544, 2736, 2732, 2402, 2004, 1661, 
1420, 1374, 1519, 1848, 2224, 2540, 2702, 2668, 2444, 2096, 
1737, 1465, 1374, 1573, 1900, 2278, 2573, 2712, 2659, 2422, 
2072, 1711, 1454, 1386, 1518, 1817, 2178, 2510, 2703, 2639, 
2385, 2015, 1659, 1423, 1374, 1528, 1846, 2215, 2532, 2711, 
2683, 2465, 2118, 1744, 1464, 1366, 1560, 1878, 2252, 2568, 
2735, 2687, 2447, 2092, 1730, 1447, 1375, 1500, 1791, 2148, 
2495, 2720, 2657, 2404, 2044, 1679, 1431, 1361, 1505, 1816, 
2195, 2534, 2734, 2714, 2495, 2151, 1772, 1408, 1348, 1528, 
1841, 2232, 2556, 2740, 2726, 2493, 2127, 1753, 1465, 1368, 
1464, 1742, 2111, 2576, 2727, 2700, 2449, 2078, 1719, 1448, 
1362, 1474, 1775, 2137, 2476, 2678, 2709, 2524, 2204, 1700, 
1456, 1387, 1531, 1825, 2192, 2508, 2692, 2680, 2475, 2142, 
1774, 1496, 1390, 1476, 1763, 2233, 2561, 2694, 2665, 2435, 
2071, 1709, 1446, 1356, 1481, 1777, 2156, 2500, 2707, 2734, 
2529, 2078, 1696, 1451, 1369, 1500, 1802, 2179, 2508, 2704, 
2703, 2503, 2164, 1790, 1492, 1361, 1440, 1830, 2201, 2548, 
2720, 2707, 2484, 2131, 1759, 1471, 1363, 1456, 1735, 2108, 
2478, 2710, 2736, 2468, 2104, 1728, 1452, 1352, 1467, 1752, 
2129, 2481, 2696, 2718, 2532, 2213, 1837, 1534, 1374, 1504, 
1790, 2160, 2491, 2687, 2686, 2499, 2164, 1800, 1515, 1395, 
1472, 1735, 2087, 2413, 2665, 2657, 2452, 2100, 1745, 1467, 
1363, 1483, 1776, 2139, 2488, 2700, 2724, 2536, 2204, 1825, 
1509, 1335, 1470, 1777, 2161, 2499, 2710, 2727, 2531, 2184, 
1815, 1514, 1375, 1438, 1696, 2061, 2414, 2725, 2695, 2488, 
2147, 1768, 1484, 1361, 1459, 1724, 2094, 2446, 2665, 2729, 
2544, 2252, 1863, 1457, 1360, 1467, 1755, 2136, 2495, 2713, 
2743, 2569, 2235, 1843, 1536, 1380, 1435, 1652, 2027, 2492, 
2700, 2704, 2506, 2177, 1806, 1502, 1375, 1444, 1689, 2049, 
2415, 2649, 2726, 2575, 2291, 1773, 1496, 1381, 1468, 1741, 
2102, 2451, 2672, 2713, 2548, 2233, 1853, 1548, 1377, 1423, 
1654, 2144, 2503, 2696, 2695, 2520, 2192, 1811, 1491, 1351, 
1417, 1673, 2038, 2423, 2659, 2744, 2604, 2184, 1813, 1507, 
1383, 1462, 1707, 2068, 2424, 2667, 2712, 2564, 2255, 1872, 
1559, 1373, 1424, 1760, 2119, 2458, 2705, 2736, 2552, 2222, 
1839, 1517, 1356, 1409, 1659, 2018, 2408, 2674, 2755, 2538, 
2200, 1807, 1491, 1350, 1416, 1667, 2031, 2406, 2672, 2743, 
2603, 2307, 1931, 1592, 1390, 1448, 1695, 2063, 2403, 2649, 
2724, 2572, 2268, 1895, 1582, 1402, 1411, 1651, 1984, 2332, 
2601, 2687, 2525, 2209, 1842, 1538, 1400, 1436, 1716, 2111, 
2490, 2703, 2640, 2417, 2028, 1676, 1429, 1383, 1594, 1943, 
2325, 2623, 2759, 2676, 2419, 2055, 1684, 1459, 1367, 1516, 
1823, 2204, 2526, 2718, 2631, 2357, 1990, 1642, 1408, 1382, 
1541, 1811, 2236, 2561, 2715, 2704, 2457, 2108, 1733, 1399, 
1379, 1569, 1901, 2289, 2604, 2759, 2687, 2444, 2080, 1713, 
1432, 1342, 1478, 1774, 2156, 2585, 2719, 2644, 2390, 2026, 
1671, 1441, 1385, 1537, 1849, 2206, 2521, 2687, 2668, 2459, 
2127, 1646, 1425, 1405, 1580, 1884, 2259, 2558, 2708, 2652, 
2447, 2064, 1720, 1443, 1374, 1489, 1779, 2310, 2600, 2759, 
2681, 2417, 2046, 1674, 1407, 1339, 1475, 1795, 2158, 2523, 
2718, 2742, 2519, 2038, 1684, 1427, 1374, 1522, 1837, 2208, 
2532, 2693, 2665, 2459, 2097, 1760, 1483, 1391, 1495, 1888, 
2262, 2567, 2727, 2657, 2422, 2075, 1700, 1444, 1346, 1484, 
1774, 2169, 2503, 2709, 2731, 2423, 2051, 1703, 1451, 1385, 
1523, 1819, 2200, 2513, 2706, 2699, 2484, 2136, 1767, 1472, 
1348, 1523, 1833, 2229, 2558, 2718, 2660, 2465, 2109, 1731, 
1475, 1339, 1484, 1772, 2147, 2485, 2692, 2654, 2420, 2032, 
1695, 1463, 1387, 1524, 1814, 2168, 2508, 2687, 2690, 2483, 
2147, 1765, 1479, 1366, 1520, 1841, 2232, 2559, 2737, 2727, 
2478, 2151, 1801, 1493, 1360, 1462, 1728, 2095, 2451, 2716, 
2667, 2439, 2080, 1710, 1437, 1345, 1461, 1803, 2168, 2529, 
2734, 2736, 2545, 2204, 1818, 1420, 1353, 1493, 1795, 2173, 
2531, 2715, 2723, 2519, 2201, 1807, 1507, 1381, 1445, 1708, 
2076, 2528, 2710, 2673, 2456, 2115, 1752, 1479, 1359, 1473, 
1784, 2132, 2469, 2708, 2725, 2547, 2217, 1693, 1414, 1311, 
1436, 1753, 2150, 2480, 2739, 2742, 2552, 2224, 1825, 1520, 
1378, 1426, 1695, 2199, 2524, 2704, 2718, 2500, 2150, 1757, 
1477, 1328, 1415, 1699, 2066, 2417, 2671, 2736, 2577, 2152, 
1783, 1501, 1388, 1473, 1740, 2114, 2432, 2686, 2696, 2537, 
2227, 1855, 1550, 1388, 1443, 1802, 2158, 2499, 2711, 2716, 
2492, 2182, 1813, 1511, 1350, 1436, 1691, 2052, 2415, 2663, 
2752, 2521, 2184, 1804, 1509, 1387, 1460, 1738, 2079, 2431, 
2638, 2673, 2520, 2211, 1844, 1528, 1380, 1507, 1799, 2172, 
2511, 2719, 2736, 2531, 2173, 1831, 1495, 1348, 1399, 1658, 
2000, 2368, 2642, 2717, 2518, 2227, 1848, 1532, 1392, 1457, 
1694, 2043, 2398, 2627, 2659, 2534, 2252, 1890, 1564, 1376, 
1502, 1778, 2144, 2494, 2702, 2729, 2556, 2212, 1830, 1511, 
1358, 1395, 1624, 1990, 2370, 2707, 2714, 2536, 2207, 1863, 
1492, 1390, 1452, 1681, 2055, 2419, 2656, 2742, 2588, 2300, 
1931, 1516, 1397, 1470, 1727, 2079, 2417, 2654, 2703, 2536, 
2212, 1863, 1552, 1374, 1419, 1644, 2035, 2489, 2707, 2716, 
2534, 2203, 1808, 1502, 1322, 1409, 1687, 2063, 2419, 2686, 
2755, 2622, 2303, 1781, 1463, 1321, 1411, 1646, 2036, 2419, 
2679, 2753, 2619, 2305, 1931, 1608, 1411, 1403, 1624, 2095, 
2430, 2679, 2691, 2568, 2243, 1870, 1535, 1357, 1383, 1632, 
1974, 2339, 2623, 2739, 2640, 2251, 1870, 1566, 1392, 1457, 
1670, 2017, 2369, 2625, 2708, 2577, 2288, 1921, 1590, 1400, 
1417, 1732, 2088, 2437, 2668, 2712, 2585, 2236, 1877, 1575, 
1391, 1415, 1647, 1993, 2360, 2646, 2754, 2536, 2233, 1841, 
1559, 1384, 1438, 1664, 2009, 2355, 2617, 2706, 2593, 2297, 
1927, 1592, 1398, 1448, 1711, 2111, 2449, 2694, 2742, 2594, 
2283, 1913, 1560, 1351, 1370, 1575, 1916, 2305, 2611, 2736, 
2591, 2300, 1876, 1558, 1365, 1407, 1634, 1987, 2351, 2623, 
2719, 2622, 2341, 1980, 1628, 1357, 1426, 1679, 2028, 2383, 
2658, 2736, 2608, 2326, 1950, 1599, 1391, 1361, 1879, 1554, 
1381, 1472, 1752, 2111, 2467, 2700, 2732, 2555, 2248, 1868, 
1542, 1389, 1401, 1635, 1985, 2336, 2615, 2659, 2476, 2173, 
1807, 1529, 1398, 1492, 1751, 2124, 2443, 2705, 2728, 2583, 
2242, 1875, 1502, 1342, 1422, 1712, 2099, 2470, 2712, 2759, 
2601, 2264, 1865, 1514, 1336, 1360, 1568, 1937, 2339, 2720, 
2759, 2595, 2273, 1890, 1553, 1383, 1403, 1639, 2008, 2364, 
2625, 2719, 2612, 2307, 1936, 1494, 1348, 1425, 1675, 2045, 
2417, 2641, 2720, 2629, 2333, 1964, 1621, 1415, 1408, 1587, 
1923, 2396, 2641, 2688, 2544, 2240, 1881, 1569, 1391, 1427, 
1651, 1987, 2360, 2627, 2727, 2625, 2365, 1839, 1547, 1361, 
1423, 1676, 2006, 2402, 2664, 2747, 2612, 2318, 1935, 1591, 
1398, 1389, 1594, 2068, 2422, 2656, 2714, 2561, 2252, 1871, 
1547, 1368, 1406, 1632, 1986, 2366, 2658, 2790, 2679, 2246, 
1859, 1543, 1330, 1366, 1606, 1958, 2300, 2601, 2743, 2628, 
2355, 1996, 1648, 1432, 1398, 1686, 2034, 2382, 2634, 2711, 
2584, 2291, 1927, 1606, 1406, 1427, 1628, 1955, 2296, 2578, 
2692, 2531, 2224, 1875, 1558, 1393, 1431, 1660, 1970, 2354, 
2617, 2713, 2619, 2325, 1968, 1641, 1436, 1452, 1687, 2043, 
2408, 2660, 2724, 2599, 2304, 1908, 1572, 1365, 1368, 1571, 
1904, 2291, 2596, 2729, 2590, 2292, 1916, 1595, 1408, 1422, 
1637, 1964, 2307, 2595, 2699, 2590, 2339, 2002, 1640, 1393, 
1443, 1691, 2035, 2390, 2663, 2734, 2606, 2326, 1941, 1583, 
1371, 1355, 1548, 1884, 2257, 2657, 2728, 2599, 2310, 1941, 
1607, 1397, 1405, 1607, 1955, 2323, 2602, 2721, 2639, 2364, 
1984, 1564, 1383, 1399, 1640, 1991, 2367, 2633, 2738, 2631, 
2342, 1977, 1623, 1395, 1366, 1548, 1879, 2377, 2672, 2739, 
2618, 2323, 1944, 1596, 1375, 1368, 1582, 1931, 2316, 2631, 
2777, 2703, 2434, 1935, 1560, 1333, 1337, 1530, 1912, 2317, 
2609, 2761, 2694, 2419, 2043, 1688, 1439, 1385, 1536, 1981, 
2347, 2620, 2721, 2608, 2336, 1959, 1611, 1384, 1368, 1561, 
1902, 2294, 2620, 2777, 2732, 2352, 1939, 1574, 1340, 1298, 
1502, 1851, 2244, 2584, 2745, 2709, 2471, 2103, 1728, 1447, 
1379, 1599, 1929, 2307, 2587, 2731, 2643, 2380, 2022, 1668, 
1419, 1369, 1529, 1844, 2225, 2549, 2723, 2627, 2366, 1990, 
1636, 1416, 1363, 1527, 1868, 2227, 2540, 2715, 2695, 2454, 
2100, 1743, 1481, 1404, 1592, 1927, 2297, 2595, 2723, 2660, 
2401, 2040, 1667, 1409, 1359, 1498, 1807, 2185, 2520, 2724, 
2641, 2387, 2030, 1684, 1449, 1392, 1555, 1859, 2217, 2531, 
2701, 2627, 2439, 2103, 1748, 1422, 1411, 1596, 1916, 2276, 
2588, 2724, 2667, 2419, 2058, 1688, 1417, 1348, 1478, 1777, 
2153, 2591, 2735, 2667, 2415, 2050, 1688, 1443, 1378, 1518, 
1814, 2198, 2514, 2692, 2675, 2476, 2143, 1659, 1447, 1417, 
1584, 1898, 2257, 2558, 2699, 2652, 2417, 2062, 1704, 1435, 
1375, 1481, 1779, 2295, 2598, 2737, 2672, 2419, 2047, 1682, 
1423, 1342, 1493, 1809, 2211, 2555, 2764, 2755, 2531, 2035, 
1662, 1401, 1340, 1487, 1804, 2182, 2517, 2712, 2689, 2483, 
2149, 1771, 1496, 1376, 1475, 1883, 2246, 2563, 2726, 2689, 
2456, 2096, 1718, 1440, 1337, 1454, 1752, 2132, 2488, 2727, 
2749, 2460, 2097, 1717, 1432, 1355, 1473, 1753, 2126, 2471, 
2686, 2688, 2508, 2169, 1812, 1533, 1411, 1569, 1874, 2239, 
2544, 2705, 2668, 2446, 2094, 1728, 1447, 1350, 1460, 1748, 
2132, 2486, 2707, 2710, 2460, 2099, 1721, 1443, 1317, 1463, 
1756, 2151, 2476, 2687, 2699, 2518, 2183, 1811, 1507, 1384, 
1535, 1852, 2234, 2564, 2745, 2716, 2491, 2119, 1737, 1439, 
1318, 1423, 1761, 2179, 2601, 2755, 2608, 2291, 1892, 1550, 
1374, 1420, 1676, 2033, 2394, 2680, 2707, 2578, 2281, 1913, 
1588, 1383, 1468, 1740, 2104, 2452, 2680, 2718, 2558, 2223, 
1841, 1511, 1348, 1398, 1644, 2001, 2380, 2712, 2729, 2540, 
2204, 1816, 1516, 1363, 1425, 1667, 2034, 2408, 2675, 2734, 
2628, 2324, 1940, 1505, 1353, 1430, 1686, 2038, 2404, 2667, 
2727, 2576, 2276, 1892, 1572, 1392, 1409, 1629, 1973, 2462, 
2683, 2707, 2535, 2213, 1833, 1519, 1366, 1428, 1679, 2030, 
2416, 2687, 2779, 2636, 2362, 1828, 1504, 1337, 1404, 1646, 
1996, 2362, 2622, 2710, 2588, 2307, 1948, 1625, 1435, 1447, 
1644, 2106, 2437, 2652, 2689, 2524, 2215, 1843, 1526, 1371, 
1420, 1660, 2015, 2403, 2672, 2761, 2640, 2221, 1832, 1524, 
1359, 1395, 1635, 1977, 2358, 2615, 2700, 2584, 2303, 1945, 
1627, 1439, 1437, 1743, 2084, 2424, 2663, 2694, 2550, 2249, 
1887, 1561, 1383, 1411, 1631, 1981, 2352, 2631, 2721, 2554, 
2224, 1847, 1528, 1361, 1421, 1624, 1966, 2350, 2631, 2715, 
2600, 2320, 1964, 1635, 1437, 1484, 1733, 2083, 2437, 2681, 
2722, 2575, 2257, 1877, 1538, 1348, 1364, 1584, 1948, 2332, 
2633, 2755, 2596, 2275, 1886, 1543, 1357, 1377, 1609, 1980, 
2371, 2659, 2767, 2668, 2390, 1985, 1616, 1337, 1372, 1622, 
1992, 2369, 2661, 2769, 2656, 2360, 1973, 1618, 1387, 1355, 
1546, 1878, 2263, 2644, 2742, 2607, 2316, 1927, 1583, 1364, 
1359, 1568, 1917, 2296, 2621, 2766, 2691, 2427, 2080, 1559, 
1359, 1366, 1574, 1922, 2309, 2608, 2743, 2663, 2396, 2028, 
1676, 1436, 1388, 1547, 1854, 2345, 2610, 2715, 2587, 2317, 
1931, 1603, 1395, 1384, 1571, 1915, 2305, 2630, 2783, 2739, 
2464, 1958, 1599, 1363, 1340, 1523, 1868, 2261, 2577, 2739, 
2678, 2438, 2078, 1710, 1450, 1387, 1520, 1947, 2315, 2590, 
2708, 2620, 2362, 2007, 1659, 1436, 1401, 1570, 1896, 2261, 
2545, 2723, 2681, 2339, 1940, 1615, 1398, 1363, 1547, 1870, 
2227, 2542, 2684, 2652, 2428, 2090, 1748, 1497, 1423, 1642, 
1961, 2320, 2585, 2692, 2608, 2347, 1987, 1646, 1418, 1392, 
1556, 1868, 2236, 2547, 2707, 2595, 2316, 1964, 1641, 1410, 
1394, 1591, 1907, 2260, 2580, 2732, 2660, 2412, 2059, 1691, 
1432, 1388, 1593, 1931, 2318, 2619, 2751, 2678, 2412, 2041, 
1663, 1421, 1353, 1507, 1820, 2195, 2529, 2737, 2632, 2356, 
1987, 1651, 1414, 1390, 1559, 1881, 2255, 2571, 2708, 2668, 
2454, 2087, 1721, 1397, 1381, 1569, 1901, 2285, 2592, 2749, 
2687, 2440, 2060, 1697, 1429, 1342, 1482, 1779, 2150, 2577, 
2707, 2638, 2388, 2015, 1661, 1425, 1387, 1551, 1868, 2264, 
2586, 2738, 2703, 2475, 2098, 1614, 1368, 1340, 1522, 1859, 
2243, 2570, 2753, 2707, 2468, 2112, 1734, 1450, 1347, 1471, 
1763, 2262, 2579, 2737, 2678, 2432, 2064, 1698, 1425, 1355, 
1497, 1811, 2199, 2566, 2752, 2740, 2528, 2039, 1666, 1417, 
1329, 1489, 1794, 2186, 2524, 2721, 2700, 2480, 2146, 1781, 
1494, 1385, 1480, 1881, 2248, 2559, 2717, 2675, 2439, 2084, 
1722, 1453, 1376, 1495, 1781, 2151, 2506, 2700, 2727, 2419, 
2047, 1671, 1412, 1336, 1467, 1808, 2179, 2505, 2703, 2689, 
2488, 2148, 1783, 1496, 1384, 1565, 1880, 2252, 2566, 2724, 
2686, 2448, 2091, 1715, 1438, 1325, 1454, 1746, 2129, 2467, 
2703, 2698, 2466, 2105, 1713, 1453, 1362, 1486, 1782, 2143, 
2500, 2701, 2695, 2496, 2163, 1795, 1499, 1379, 1538, 1861, 
2233, 2561, 2747, 2704, 2480, 2123, 1747, 1473, 1364, 1463, 
1735, 2103, 2447, 2712, 2663, 2439, 2089, 1736, 1472, 1385, 
1498, 1790, 2164, 2503, 2707, 2708, 2511, 2182, 1803, 1435, 
1363, 1486, 1638, 1401, 1361, 1516, 1829, 2202, 2515, 2678, 
2641, 2427, 2087, 1747, 1484, 1442, 1646, 1976, 2324, 2612, 
2734, 2657, 2385, 2015, 1648, 1383, 1327, 1491, 1803, 2193, 
2540, 2753, 2672, 2403, 2031, 1665, 1420, 1363, 1521, 1827, 
2212, 2516, 2692, 2665, 2451, 2103, 1767, 1401, 1419, 1600, 
1937, 2307, 2610, 2743, 2672, 2406, 2028, 1655, 1397, 1319, 
1475, 1793, 2173, 2627, 2767, 2691, 2427, 2049, 1680, 1414, 
1319, 1478, 1800, 2199, 2547, 2753, 2735, 2511, 2159, 1647, 
1388, 1336, 1504, 1828, 2228, 2555, 2727, 2715, 2490, 2139, 
1760, 1465, 1347, 1460, 1721, 2242, 2544, 2696, 2670, 2446, 
2092, 1735, 1484, 1380, 1487, 1783, 2169, 2508, 2711, 2719, 
2543, 2050, 1672, 1414, 1332, 1468, 1776, 2152, 2526, 2748, 
2747, 2544, 2177, 1811, 1497, 1368, 1439, 1812, 2187, 2488, 
2676, 2669, 2447, 2119, 1749, 1487, 1388, 1501, 1792, 2156, 
2508, 2719, 2744, 2451, 2080, 1699, 1408, 1317, 1428, 1732, 
2107, 2477, 2719, 2742, 2580, 2228, 1847, 1544, 1380, 1518, 
1801, 2163, 2500, 2683, 2680, 2475, 2142, 1785, 1507, 1377, 
1472, 1740, 2099, 2457, 2670, 2691, 2483, 2128, 1761, 1479, 
1368, 1455, 1720, 2068, 2406, 2635, 2662, 2516, 2212, 1885, 
1604, 1441, 1575, 1849, 2201, 2505, 2675, 2656, 2443, 2108, 
1742, 1458, 1349, 1447, 1739, 2107, 2466, 2739, 2703, 2480, 
2134, 1760, 1481, 1379, 1450, 1730, 2092, 2432, 2657, 2681, 
2528, 2206, 1854, 1501, 1423, 1550, 1827, 2184, 2513, 2700, 
2670, 2463, 2122, 1747, 1462, 1330, 1439, 1735, 2097, 2577, 
2719, 2696, 2498, 2129, 1740, 1455, 1341, 1437, 1737, 2096, 
2463, 2687, 2732, 2545, 2223, 1729, 1451, 1374, 1502, 1827, 
2182, 2503, 2702, 2703, 2502, 2172, 1797, 1487, 1371, 1429, 
1688, 2217, 2538, 2716, 2697, 2481, 2139, 1754, 1433, 1321, 
1437, 1743, 2127, 2511, 2744, 2782, 2601, 2119, 1713, 1421, 
1303, 1404, 1700, 2116, 2491, 2720, 2776, 2592, 2273, 1888, 
1534, 1360, 1397, 1737, 2122, 2467, 2667, 2700, 2528, 2207, 
1827, 1523, 1386, 1448, 1699, 2079, 2447, 2696, 2761, 2515, 
2140, 1751, 1439, 1298, 1390, 1676, 2055, 2437, 2675, 2760, 
2607, 2293, 1939, 1592, 1399, 1483, 1751, 2100, 2440, 2667, 
2680, 2543, 2230, 1835, 1535, 1381, 1417, 1663, 2027, 2401, 
2663, 2726, 2544, 2193, 1820, 1508, 1329, 1404, 1654, 2024, 
2402, 2676, 2731, 2606, 2318, 1948, 1606, 1365, 1459, 1725, 
2103, 2439, 2671, 2718, 2553, 2220, 1863, 1537, 1361, 1387, 
1611, 1972, 2347, 2700, 2750, 2591, 2261, 1886, 1535, 1374, 
1394, 1616, 1971, 2335, 2608, 2707, 2608, 2343, 1991, 1571, 
1419, 1483, 1727, 2061, 2406, 2612, 2679, 2538, 2232, 1887, 
1546, 1383, 1420, 1646, 2003, 2472, 2688, 2726, 2552, 2216, 
1843, 1514, 1360, 1416, 1642, 2012, 2380, 2656, 2753, 2619, 
2327, 1820, 1511, 1326, 1402, 1682, 2054, 2424, 2688, 2759, 
2615, 2299, 1913, 1557, 1357, 1373, 1613, 2058, 2444, 2677, 
2717, 2563, 2241, 1850, 1526, 1360, 1397, 1642, 2003, 2396, 
2681, 2799, 2672, 2234, 1843, 1491, 1292, 1347, 1606, 1979, 
2381, 2632, 2741, 2652, 2367, 1985, 1621, 1407, 1384, 1671, 
2015, 2364, 2635, 2707, 2556, 2268, 1922, 1603, 1416, 1453, 
1661, 2011, 2366, 2639, 2748, 2554, 2213, 1817, 1498, 1329, 
1365, 1610, 1998, 2388, 2661, 2764, 2648, 2371, 1998, 1624, 
1403, 1422, 1678, 2040, 2407, 2689, 2723, 2603, 2307, 1912, 
1566, 1358, 1361, 1580, 1918, 2322, 2631, 2782, 2616, 2307, 
1910, 1556, 1353, 1362, 1574, 1912, 2278, 2600, 2743, 2696, 
2425, 2056, 1683, 1398, 1402, 1645, 2033, 2451, 2689, 2691, 
2463, 2124, 1750, 1452, 1353, 1475, 1786, 2137, 2503, 2754, 
2681, 2451, 2103, 1726, 1444, 1356, 1462, 1752, 2113, 2443, 
2655, 2679, 2518, 2204, 1849, 1496, 1441, 1577, 1867, 2216, 
2516, 2677, 2640, 2430, 2083, 1727, 1494, 1369, 1487, 1798, 
2161, 2598, 2732, 2671, 2428, 2059, 1690, 1405, 1341, 1494, 
1791, 2173, 2513, 2712, 2727, 2535, 2180, 1703, 1440, 1369, 
1499, 1795, 2183, 2524, 2711, 2711, 2504, 2152, 1784, 1485, 
1362, 1427, 1711, 2229, 2559, 2726, 2680, 2460, 2111, 1731, 
1456, 1356, 1463, 1760, 2126, 2476, 2728, 2711, 2548, 2079, 
1715, 1456, 1352, 1468, 1759, 2127, 2483, 2699, 2726, 2537, 
2206, 1838, 1546, 1398, 1433, 1806, 2167, 2499, 2683, 2659, 
2448, 2126, 1788, 1520, 1421, 1520, 1803, 2139, 2472, 2674, 
2680, 2387, 2036, 1679, 1399, 1348, 1511, 1812, 2186, 2530, 
2727, 2709, 2519, 2194, 1798, 1488, 1376, 1520, 1811, 2216, 
2535, 2724, 2694, 2459, 2137, 1744, 1454, 1347, 1443, 1726, 
2116, 2470, 2700, 2692, 2484, 2115, 1735, 1472, 1360, 1465, 
1760, 2136, 2484, 2702, 2732, 2551, 2228, 1833, 1496, 1343, 
1473, 1780, 2163, 2493, 2719, 2704, 2515, 2169, 1788, 1497, 
1360, 1432, 1699, 2072, 2439, 2731, 2704, 2506, 2156, 1785, 
1491, 1374, 1455, 1721, 2107, 2447, 2669, 2712, 2563, 2242, 
1868, 1481, 1387, 1506, 1795, 2160, 2494, 2694, 2683, 2499, 
2169, 1775, 1471, 1360, 1436, 1719, 2091, 2551, 2739, 2727, 
2489, 2137, 1749, 1457, 1331, 1436, 1724, 2097, 2477, 2726, 
2769, 2588, 2267, 1756, 1446, 1316, 1449, 1723, 2109, 2483, 
2703, 2715, 2563, 2215, 1831, 1512, 1358, 1405, 1661, 2166, 
2536, 2743, 2764, 2567, 2223, 1820, 1471, 1295, 1363, 1612, 
2004, 2405, 2696, 2803, 2679, 2246, 1846, 1507, 1359, 1400, 
1642, 2015, 2387, 2660, 2736, 2598, 2314, 1936, 1592, 1411, 
1401, 1712, 2083, 2430, 2676, 2723, 2575, 2260, 1888, 1556, 
1373, 1402, 1622, 1976, 2344, 2616, 2726, 2540, 2232, 1863, 
1548, 1383, 1422, 1661, 2006, 2369, 2623, 2710, 2581, 2296, 
1941, 1631, 1441, 1481, 1751, 2087, 2424, 2654, 2708, 2516, 
2223, 1852, 1532, 1346, 1402, 1637, 1995, 2367, 2654, 2752, 
2576, 2259, 1844, 1563, 1358, 1410, 1657, 1999, 2357, 2624, 
2719, 2596, 2303, 1952, 1599, 1376, 1441, 1695, 2071, 2409, 
2680, 2729, 2561, 2252, 1887, 1561, 1353, 1383, 1616, 1979, 
2376, 2733, 2769, 2596, 2273, 1840, 1516, 1357, 1391, 1603, 
1958, 2357, 2631, 2744, 2637, 2355, 1977, 1535, 1375, 1417, 
1659, 2026, 2367, 2647, 2720, 2591, 2299, 1908, 1581, 1376, 
1374, 1595, 1947, 2491, 2716, 2767, 2616, 2287, 1897, 1555, 
1368, 1372, 1606, 1953, 2318, 2627, 2756, 2671, 2398, 1879, 
1543, 1357, 1387, 1618, 1958, 2349, 2632, 2736, 2631, 2347, 
1973, 1625, 1408, 1381, 1546, 2049, 2416, 2685, 2747, 2635, 
2329, 1927, 1583, 1384, 1364, 1550, 1900, 2276, 2616, 2767, 
2694, 2303, 1915, 1582, 1365, 1382, 1583, 1924, 2311, 2612, 
2727, 2648, 2391, 2023, 1686, 1448, 1409, 1663, 2015, 2363, 
2621, 2748, 2617, 2323, 1959, 1593, 1383, 1361, 1547, 1880, 
2266, 2596, 2751, 2646, 2363, 1972, 1613, 1363, 1364, 1548, 
1902, 2271, 2592, 2735, 2661, 2428, 2067, 1728, 1475, 1440, 
1638, 1973, 2328, 2598, 2695, 2603, 2323, 1951, 1622, 1393, 
1362, 1537, 1875, 2279, 2599, 2808, 2662, 2369, 1983, 1600, 
1388, 1337, 1530, 1864, 2238, 2576, 2740, 2673, 2447, 2099, 
1732, 1405, 1407, 1590, 1901, 2272, 2561, 2694, 2616, 2353, 
1992, 1650, 1409, 1368, 1560, 1879, 2259, 2668, 2779, 2659, 
2391, 2007, 1604, 1407, 1338, 1944, 1594, 1401, 1394, 1598, 
1948, 2323, 2607, 2711, 2550, 2223, 1856, 1536, 1345, 1390, 
1639, 2012, 2397, 2683, 2773, 2643, 2358, 1971, 1618, 1360, 
1414, 1648, 2005, 2380, 2659, 2739, 2612, 2319, 1946, 1607, 
1416, 1392, 1566, 1911, 2296, 2659, 2702, 2559, 2226, 1880, 
1568, 1364, 1419, 1676, 1999, 2371, 2652, 2752, 2633, 2351, 
1975, 1512, 1351, 1400, 1630, 1977, 2367, 2636, 2701, 2614, 
2320, 1939, 1591, 1399, 1393, 1591, 1928, 2419, 2664, 2721, 
2571, 2259, 1902, 1579, 1393, 1422, 1651, 2007, 2367, 2627, 
2755, 2651, 2356, 1817, 1499, 1319, 1364, 1575, 1983, 2387, 
2673, 2787, 2675, 2383, 2001, 1627, 1409, 1353, 1522, 1994, 
2364, 2623, 2734, 2610, 2335, 1988, 1654, 1459, 1450, 1602, 
1918, 2273, 2559, 2695, 2607, 2239, 1871, 1539, 1382, 1397, 
1638, 1990, 2339, 2644, 2732, 2657, 2391, 2010, 1660, 1426, 
1371, 1625, 1969, 2311, 2614, 2703, 2612, 2366, 2010, 1686, 
1452, 1429, 1561, 1889, 2232, 2510, 2643, 2527, 2256, 1909, 
1598, 1445, 1448, 1667, 2009, 2350, 2595, 2708, 2662, 2368, 
2003, 1650, 1409, 1413, 1637, 1984, 2364, 2646, 2753, 2661, 
2380, 1999, 1632, 1407, 1392, 1540, 1865, 2246, 2559, 2717, 
2580, 2299, 1931, 1580, 1381, 1395, 1591, 1929, 2311, 2623, 
2759, 2695, 2433, 2065, 1692, 1360, 1367, 1601, 1932, 2321, 
2627, 2759, 2694, 2406, 2030, 1643, 1400, 1330, 1480, 1796, 
2206, 2630, 2758, 2652, 2376, 2003, 1612, 1403, 1350, 1521, 
1869, 2267, 2585, 2766, 2729, 2506, 2151, 1595, 1356, 1322, 
1532, 1880, 2275, 2589, 2723, 2679, 2440, 2065, 1675, 1404, 
1334, 1469, 1787, 2311, 2623, 2768, 2699, 2440, 2051, 1686, 
1423, 1357, 1496, 1827, 2236, 2567, 2759, 2737, 2513, 1971, 
1593, 1337, 1271, 1456, 1810, 2241, 2599, 2788, 2771, 2537, 
2155, 1751, 1445, 1310, 1405, 1844, 2230, 2558, 2748, 2727, 
2468, 2135, 1789, 1490, 1347, 1484, 1740, 2116, 2425, 2608, 
2647, 2367, 2024, 1672, 1442, 1408, 1564, 1868, 2254, 2575, 
2742, 2684, 2475, 2131, 1761, 1472, 1372, 1548, 1858, 2228, 
2558, 2702, 2676, 2460, 2103, 1735, 1484, 1398, 1493, 1776, 
2111, 2432, 2619, 2588, 2364, 2017, 1697, 1480, 1430, 1603, 
1904, 2246, 2563, 2712, 2666, 2438, 2056, 1700, 1447, 1382, 
1564, 1914, 2297, 2619, 2784, 2699, 2460, 2079, 1710, 1446, 
1351, 1468, 1753, 2120, 2464, 2711, 2631, 2392, 2030, 1678, 
1412, 1359, 1509, 1833, 2232, 2562, 2755, 2751, 2515, 2156, 
1787, 1424, 1375, 1532, 1854, 2230, 2562, 2726, 2708, 2459, 
2112, 1720, 1429, 1319, 1421, 1712, 2091, 2556, 2727, 2678, 
2434, 2086, 1722, 1431, 1355, 1531, 1825, 2206, 2523, 2727, 
2764, 2549, 2173, 1646, 1395, 1327, 1478, 1784, 2173, 2520, 
2707, 2695, 2473, 2100, 1746, 1455, 1368, 1463, 1757, 2285, 
2606, 2730, 2710, 2442, 2054, 1685, 1399, 1321, 1486, 1809, 
2204, 2566, 2800, 2806, 2593, 2051, 1644, 1315, 1227, 1404, 
1733, 2147, 2545, 2784, 2792, 2615, 2230, 1859, 1502, 1308, 
1372, 1772, 2170, 2519, 2755, 2723, 2526, 2195, 1799, 1484, 
1354, 1446, 1696, 2063, 2446, 2695, 2775, 2511, 2145, 1734, 
1430, 1313, 1407, 1705, 2076, 2485, 2728, 2752, 2602, 2276, 
1906, 1526, 1368, 1457, 1749, 2108, 2448, 2647, 2670, 2521, 
2211, 1872, 1578, 1436, 1464, 1703, 2047, 2353, 2609, 2647, 
2439, 2101, 1803, 1490, 1400, 1507, 1766, 2118, 2470, 2678, 
2681, 2507, 2202, 1854, 1562, 1406, 1544, 1831, 2191, 2520, 
2718, 2721, 2521, 2185, 1792, 1487, 1351, 1408, 1645, 2016, 
2379, 2697, 2702, 2497, 2185, 1804, 1531, 1397, 1473, 1743, 
2119, 2526, 2712, 2680, 2460, 2104, 1745, 1441, 1448, 1632, 
1964, 2314, 2587, 2696, 2600, 2342, 1995, 1647, 1380, 1356, 
1541, 1833, 2227, 2588, 2712, 2627, 2354, 1980, 1651, 1452, 
1425, 1574, 1916, 2281, 2567, 2720, 2652, 2429, 2065, 1619, 
1406, 1406, 1550, 1903, 2279, 2559, 2705, 2623, 2383, 2043, 
1682, 1487, 1400, 1543, 1844, 2343, 2623, 2716, 2603, 2339, 
1967, 1622, 1404, 1399, 1588, 1926, 2308, 2607, 2764, 2707, 
2462, 1922, 1539, 1308, 1299, 1489, 1867, 2254, 2595, 2787, 
2737, 2512, 2129, 1740, 1447, 1352, 1467, 1875, 2252, 2566, 
2705, 2636, 2384, 2035, 1699, 1466, 1411, 1564, 1891, 2256, 
2576, 2712, 2697, 2367, 1953, 1580, 1315, 1296, 1488, 1827, 
2236, 2582, 2773, 2752, 2528, 2147, 1760, 1460, 1350, 1545, 
1870, 2249, 2547, 2695, 2656, 2401, 2049, 1706, 1450, 1388, 
1518, 1855, 2233, 2646, 
END
Manual trigger reset! Waiting for next signal...
reset bools done, waiting for next trigger...
Trigger at idx=8194 raw=2063
Capture ready: pre-trigger + post-trigger window complete.
TRIGGER TYPE IS: RISING
Sample threshold is: 2048

----DEBUG INFO----
Core: 0, Trigger: 8194, Size: 16384
START
2283, 2561, 2696, 2575, 2308, 1960, 1630, 1404, 1345, 1473, 
1750, 2096, 2426, 2645, 2697, 2568, 2291, 1941, 1513, 1357, 
1384, 1585, 1904, 2257, 2547, 2695, 2664, 2462, 2142, 1790, 
1503, 1354, 1388, 1602, 2064, 2402, 2636, 2707, 2595, 2334, 
1985, 1651, 1417, 1351, 1469, 1742, 2089, 2422, 2648, 2708, 
2496, 2182, 1828, 1529, 1366, 1384, 1580, 1895, 2248, 2544, 
2700, 2678, 2481, 2163, 1811, 1516, 1350, 1451, 1710, 2054, 
2396, 2637, 2718, 2612, 2355, 2007, 1671, 1428, 1352, 1464, 
1731, 2078, 2521, 2695, 2694, 2515, 2206, 1849, 1545, 1374, 
1383, 1569, 1884, 2239, 2540, 2703, 2689, 2500, 2046, 1703, 
1448, 1354, 1446, 1702, 2041, 2388, 2635, 2723, 2627, 2372, 
2026, 1687, 1439, 1355, 1545, 1849, 2204, 2516, 2696, 2702, 
2531, 2224, 1868, 1560, 1380, 1379, 1561, 1872, 2227, 2534, 
2724, 2648, 2406, 2066, 1720, 1459, 1357, 1440, 1689, 2031, 
2378, 2631, 2726, 2639, 2391, 2046, 1589, 1392, 1372, 1536, 
1836, 2193, 2508, 2696, 2710, 2545, 2243, 1886, 1574, 1386, 
1377, 1551, 1995, 2346, 2614, 2729, 2659, 2425, 2086, 1738, 
1470, 1358, 1434, 1678, 2017, 2367, 2625, 2731, 2575, 2282, 
1926, 1604, 1399, 1371, 1525, 1822, 2179, 2499, 2695, 2717, 
2559, 2262, 1906, 1589, 1364, 1421, 1648, 1980, 2334, 2608, 
2728, 2668, 2439, 2103, 1754, 1480, 1361, 1429, 1666, 2003, 
2471, 2683, 2724, 2583, 2300, 1942, 1618, 1405, 1369, 1517, 
1808, 2164, 2488, 2691, 2721, 2571, 2141, 1790, 1504, 1367, 
1414, 1634, 1967, 2319, 2599, 2728, 2675, 2454, 2119, 1770, 
1492, 1364, 1491, 1773, 2123, 2457, 2676, 2729, 2599, 2319, 
1964, 1632, 1415, 1366, 1504, 1792, 2144, 2475, 2723, 2695, 
2494, 2172, 1815, 1522, 1369, 1404, 1614, 1938, 2295, 2584, 
2727, 2687, 2479, 2150, 1671, 1432, 1362, 1479, 1751, 2103, 
2439, 2671, 2734, 2612, 2342, 1988, 1653, 1422, 1362, 1490, 
1902, 2259, 2560, 2720, 2702, 2507, 2187, 1832, 1533, 1372, 
1400, 1603, 1923, 2281, 2574, 2724, 2633, 2375, 2026, 1688, 
1441, 1360, 1472, 1736, 2086, 2425, 2663, 2735, 2622, 2357, 
2005, 1667, 1383, 1388, 1573, 1888, 2244, 2550, 2716, 2707, 
2520, 2204, 1848, 1544, 1377, 1395, 1591, 1908, 2395, 2647, 
2736, 2643, 2390, 2044, 1700, 1449, 1362, 1462, 1724, 2070, 
2415, 2656, 2736, 2631, 2240, 1883, 1571, 1386, 1383, 1563, 
1871, 2228, 2540, 2713, 2712, 2532, 2221, 1863, 1555, 1382, 
1443, 1690, 2032, 2382, 2638, 2737, 2652, 2406, 2059, 1715, 
1457, 1363, 1454, 1708, 2053, 2400, 2704, 2721, 2559, 2259, 
1900, 1585, 1391, 1380, 1551, 1857, 2215, 2529, 2713, 2716, 
2544, 2235, 1748, 1478, 1363, 1436, 1677, 2015, 2366, 2628, 
2736, 2660, 2419, 2077, 1731, 1467, 1363, 1446, 1822, 2176, 
2499, 2699, 2724, 2568, 2273, 1916, 1597, 1398, 1377, 1540, 
1841, 2199, 2516, 2707, 2676, 2449, 2115, 1762, 1487, 1364, 
1428, 1663, 2000, 2353, 2622, 2736, 2668, 2432, 2094, 1745, 
1411, 1370, 1515, 1806, 2161, 2487, 2692, 2728, 2580, 2289, 
1932, 1608, 1403, 1373, 1529, 1827, 2316, 2599, 2732, 2680, 
2463, 2127, 1778, 1496, 1366, 1423, 1649, 1983, 2336, 2611, 
2734, 2673, 2323, 1969, 1638, 1418, 1368, 1505, 1792, 2144, 
2475, 2687, 2731, 2591, 2305, 1948, 1622, 1409, 1409, 1620, 
1946, 2302, 2590, 2730, 2688, 2476, 2147, 1792, 1504, 1368, 
1416, 1635, 1967, 2323, 2674, 2736, 2612, 2339, 1986, 1652, 
1424, 1365, 1494, 1777, 2128, 2463, 2681, 2734, 2599, 2320, 
1829, 1532, 1373, 1401, 1607, 1931, 2286, 2580, 2729, 2696, 
2491, 2164, 1809, 1518, 1372, 1409, 1741, 2090, 2431, 2666, 
2739, 2623, 2356, 2004, 1666, 1430, 1363, 1485, 1761, 2111, 
2448, 2676, 2707, 2518, 2202, 1846, 1543, 1377, 1396, 1594, 
1914, 2316, 2620, 2739, 2630, 2351, 1982, 1640, 1482, 1755, 
2105, 2448, 2677, 2731, 2591, 2307, 1949, 1622, 1409, 1371, 
1519, 1810, 2166, 2490, 2729, 2684, 2478, 2147, 1795, 1508, 
1369, 1416, 1635, 1967, 2321, 2603, 2732, 2681, 2459, 2126, 
1652, 1423, 1364, 1494, 1776, 2128, 2462, 2682, 2734, 2599, 
2323, 1963, 1635, 1415, 1369, 1507, 1929, 2287, 2579, 2728, 
2695, 2492, 2165, 1809, 1518, 1372, 1410, 1624, 1951, 2306, 
2592, 2732, 2622, 2355, 2002, 1666, 1430, 1363, 1484, 1760, 
2111, 2449, 2678, 2736, 2611, 2336, 1981, 1648, 1376, 1395, 
1592, 1912, 2270, 2567, 2723, 2700, 2503, 2180, 1825, 1528, 
1374, 1404, 1611, 1935, 2416, 2659, 2739, 2629, 2369, 2019, 
1680, 1438, 1362, 1476, 1746, 2096, 2434, 2668, 2737, 2621, 
2217, 1860, 1553, 1380, 1391, 1582, 1897, 2256, 2558, 2720, 
2705, 2514, 2196, 1840, 1538, 1376, 1455, 1714, 2057, 2403, 
2649, 2737, 2639, 2384, 2035, 1693, 1447, 1363, 1470, 1734, 
2079, 2422, 2712, 2715, 2542, 2234, 1875, 1566, 1385, 1387, 
1571, 1882, 2240, 2546, 2716, 2711, 2527, 2211, 1727, 1464, 
1362, 1447, 1699, 2041, 2390, 2641, 2737, 2647, 2396, 2051, 
1708, 1453, 1363, 1459, 1846, 2202, 2519, 2708, 2719, 2553, 
2248, 1891, 1577, 1390, 1383, 1558, 1867, 2224, 2535, 2715, 
2667, 2431, 2088, 1743, 1475, 1363, 1440, 1686, 2026, 2375, 
2636, 2739, 2656, 2413, 2068, 1723, 1400, 1374, 1532, 1830, 
2186, 2507, 2703, 2723, 2564, 2265, 1907, 1589, 1395, 1379, 
1547, 1851, 2342, 2616, 2736, 2675, 2445, 2108, 1756, 1482, 
1364, 1432, 1671, 2009, 2360, 2626, 2739, 2665, 2303, 1945, 
1619, 1408, 1372, 1521, 1816, 2171, 2496, 2699, 2727, 2575, 
2281, 1923, 1601, 1400, 1417, 1639, 1970, 2324, 2606, 2735, 
2680, 2459, 2121, 1771, 1491, 1365, 1425, 1657, 1992, 2346, 
2684, 2734, 2599, 2318, 1963, 1633, 1415, 1369, 1511, 1800, 
2155, 2483, 2691, 2732, 2588, 2298, 1807, 1515, 1370, 1411, 
1625, 1955, 2310, 2596, 2732, 2687, 2471, 2139, 1785, 1500, 
1366, 1418, 1764, 2115, 2452, 2677, 2736, 2609, 2334, 1978, 
1646, 1421, 1367, 1500, 1786, 2137, 2468, 2686, 2700, 2502, 
2177, 1823, 1527, 1374, 1405, 1614, 1937, 2296, 2585, 2731, 
2692, 2483, 2156, 1801, 1436, 1363, 1479, 1750, 2100, 2439, 
2672, 2737, 2619, 2348, 1995, 1658, 1427, 1366, 1491, 1770, 
2259, 2559, 2720, 2705, 2511, 2193, 1838, 1539, 1376, 1399, 
1602, 1923, 2280, 2574, 2726, 2697, 2380, 2031, 1689, 1443, 
1363, 1471, 1735, 2083, 2425, 2664, 2739, 2627, 2364, 2009, 
1672, 1433, 1388, 1572, 1886, 2242, 2548, 2718, 2711, 2524, 
2210, 1852, 1547, 1379, 1395, 1588, 1907, 2264, 2646, 2738, 
2647, 2397, 2051, 1705, 1451, 1364, 1461, 1721, 2067, 2411, 
2656, 2738, 2636, 2377, 1889, 1575, 1388, 1384, 1560, 1869, 
2227, 2536, 2713, 2715, 2536, 2224, 1868, 1560, 1385, 1391, 
1688, 2029, 2377, 2636, 2738, 2654, 2409, 2063, 1719, 1460, 
1363, 1452, 1708, 2051, 2398, 2648, 2723, 2563, 2262, 1904, 
1587, 1393, 1380, 1548, 1856, 2212, 2526, 2712, 2719, 2548, 
2241, 1883, 1479, 1364, 1435, 1675, 2012, 2364, 2627, 2739, 
2663, 2423, 2080, 1734, 1468, 1362, 1443, 1691, 2174, 2499, 
2700, 2727, 2574, 2279, 1921, 1599, 1398, 1376, 1536, 1838, 
2195, 2513, 2705, 2723, 2456, 2121, 1767, 1491, 1364, 1426, 
1661, 1996, 2348, 2620, 2738, 2670, 2438, 2099, 1750, 1479, 
1369, 1513, 1804, 2158, 2484, 2691, 2729, 2584, 2293, 1936, 
1613, 1404, 1373, 1528, 1823, 2181, 2599, 2733, 2684, 2467, 
2135, 1783, 1500, 1367, 1420, 1647, 1980, 2334, 2612, 2734, 
2676, 2451, 1973, 1640, 1419, 1367, 1502, 1788, 2140, 2474, 
2687, 2732, 2592, 2309, 1951, 1624, 1410, 1371, 1616, 1942, 
2299, 2588, 2731, 2691, 2482, 2151, 1797, 1510, 1368, 1414, 
1633, 1961, 1371, 1405, 1731, 2079, 2422, 2657, 2735, 2624, 
2361, 2009, 1674, 1433, 1363, 1480, 1751, 2102, 2439, 2670, 
2707, 2524, 2209, 1852, 1548, 1379, 1393, 1586, 1903, 2259, 
2559, 2719, 2700, 2508, 2186, 1835, 1453, 1361, 1460, 1720, 
2064, 2409, 2652, 2735, 2632, 2376, 2024, 1685, 1440, 1362, 
1473, 1739, 2226, 2535, 2712, 2715, 2536, 2225, 1868, 1559, 
1382, 1387, 1574, 1888, 2245, 2550, 2718, 2707, 2409, 2063, 
1720, 1459, 1363, 1452, 1707, 2049, 2396, 2647, 2736, 2642, 
2391, 2044, 1700, 1449, 1379, 1548, 1854, 2212, 2526, 2711, 
2719, 2548, 2241, 1884, 1571, 1386, 1383, 1562, 1871, 2231, 
2626, 2736, 2663, 2424, 2083, 1735, 1469, 1363, 1443, 1691, 
2032, 2381, 2636, 2736, 2651, 2406, 1921, 1600, 1401, 1376, 
1538, 1838, 2194, 2512, 2704, 2720, 2558, 2256, 1900, 1583, 
1393, 1380, 1660, 1996, 2348, 2618, 2736, 2670, 2436, 2098, 
1749, 1478, 1364, 1438, 1678, 2016, 2367, 2630, 2728, 2583, 
2294, 1935, 1615, 1406, 1371, 1527, 1822, 2177, 2500, 2699, 
2724, 2568, 2271, 1916, 1500, 1366, 1419, 1645, 1979, 2332, 
2609, 2734, 2676, 2451, 2115, 1764, 1488, 1364, 1429, 1664, 
2140, 2472, 2686, 2731, 2594, 2310, 1953, 1624, 1411, 1370, 
1515, 1807, 2166, 2489, 2694, 2728, 2481, 2153, 1799, 1511, 
1368, 1415, 1632, 1961, 2318, 2599, 2733, 2683, 2463, 2132, 
1779, 1497, 1367, 1491, 1772, 2122, 2457, 2680, 2733, 2603, 
2324, 1969, 1639, 1417, 1368, 1505, 1793, 2144, 2575, 2727, 
2696, 2493, 2168, 1813, 1521, 1371, 1408, 1619, 1947, 2303, 
2591, 2732, 2689, 2478, 2008, 1671, 1432, 1363, 1481, 1756, 
2108, 2444, 2673, 2735, 2612, 2339, 1985, 1651, 1425, 1366, 
1590, 1910, 2267, 2565, 2723, 2702, 2505, 2187, 1828, 1528, 
1374, 1401, 1607, 1930, 2288, 2580, 2739, 2633, 2374, 2024, 
1683, 1439, 1361, 1473, 1740, 2091, 2431, 2667, 2739, 2623, 
2355, 2003, 1557, 1383, 1391, 1579, 1894, 2250, 2552, 2720, 
2708, 2519, 2200, 1844, 1542, 1375, 1397, 1595, 2054, 2400, 
2648, 2739, 2642, 2388, 2040, 1697, 1447, 1363, 1465, 1728, 
2075, 2420, 2659, 2737, 2544, 2238, 1880, 1568, 1384, 1386, 
1568, 1877, 2236, 2544, 2718, 2713, 2533, 2216, 1859, 1553, 
1362, 1446, 1695, 2038, 2385, 2640, 2739, 2651, 2403, 2056, 
1712, 1456, 1363, 1457, 1714, 2059, 2517, 2706, 2722, 2557, 
2255, 1896, 1582, 1391, 1382, 1553, 1862, 2219, 2532, 2713, 
2718, 2542, 2094, 1745, 1475, 1364, 1436, 1680, 2020, 2371, 
2632, 2739, 2659, 2417, 2074, 1728, 1464, 1362, 1529, 1826, 
2183, 2504, 2703, 2724, 2568, 2271, 1913, 1595, 1398, 1379, 
1543, 1846, 2202, 2519, 2735, 2675, 2447, 2111, 1760, 1485, 
1365, 1432, 1668, 2005, 2357, 2624, 2737, 2665, 2429, 2088, 
1624, 1409, 1372, 1519, 1812, 2168, 2492, 2697, 2728, 2579, 
2284, 1927, 1605, 1401, 1375, 1532, 1967, 2321, 2603, 2734, 
2681, 2460, 2127, 1775, 1494, 1369, 1423, 1654, 1989, 2340, 
2616, 2736, 2601, 2319, 1966, 1635, 1416, 1368, 1508, 1797, 
2151, 2480, 2689, 2731, 2590, 2300, 1945, 1617, 1369, 1409, 
1623, 1950, 2305, 2592, 2732, 2688, 2475, 2144, 1791, 1504, 
1368, 1419, 1641, 1975, 2447, 2676, 2736, 2609, 2336, 1984, 
1650, 1423, 1368, 1499, 1782, 2134, 2467, 2684, 2732, 2599, 
2182, 1825, 1529, 1375, 1404, 1611, 1934, 2291, 2582, 2728, 
2694, 2488, 2160, 1805, 1516, 1370, 1477, 1746, 2095, 2433, 
2667, 2736, 2620, 2351, 1999, 1662, 1428, 1365, 1488, 1765, 
2115, 2452, 2719, 2707, 2515, 2197, 1841, 1540, 1376, 1399, 
1598, 1920, 2275, 2572, 2727, 2700, 2500, 2176, 1692, 1446, 
1363, 1468, 1731, 2078, 2420, 2659, 2739, 2630, 2366, 2015, 
1677, 1434, 1363, 1478, 1880, 2239, 2544, 2716, 2708, 2527, 
2212, 1855, 1551, 1380, 1393, 1585, 1906, 2311, 2619, 2737, 
2553, 2240, 1873, 1559, 1382, 1393, 1592, 1943, 2300, 2588, 
2731, 2689, 2479, 2151, 1798, 1509, 1366, 1483, 1755, 2104, 
2441, 2671, 2736, 2612, 2339, 1988, 1654, 1424, 1365, 1494, 
1775, 2126, 2563, 2723, 2703, 2507, 2186, 1831, 1534, 1375, 
1401, 1604, 1927, 2284, 2577, 2727, 2695, 2495, 2027, 1686, 
1442, 1363, 1473, 1740, 2089, 2430, 2665, 2736, 2623, 2356, 
2004, 1668, 1431, 1364, 1576, 1891, 2249, 2552, 2720, 2708, 
2520, 2203, 1846, 1541, 1376, 1395, 1592, 1912, 2268, 2567, 
2737, 2643, 2390, 2043, 1700, 1448, 1362, 1464, 1726, 2073, 
2416, 2659, 2739, 2631, 2372, 2020, 1571, 1387, 1385, 1566, 
1875, 2234, 2542, 2718, 2712, 2531, 2220, 1862, 1555, 1381, 
1390, 1581, 2035, 2383, 2639, 2737, 2652, 2404, 2058, 1713, 
1456, 1362, 1456, 1711, 2056, 2403, 2651, 2742, 2559, 2255, 
1897, 1583, 1392, 1382, 1554, 1860, 2217, 2529, 2712, 2716, 
2543, 2235, 1879, 1566, 1364, 1438, 1680, 2019, 2369, 2631, 
2738, 2659, 2417, 2075, 1728, 1465, 1362, 1446, 1696, 2041, 
2503, 2700, 2724, 2568, 2271, 1914, 1594, 1396, 1378, 1543, 
1844, 2201, 2519, 2708, 2720, 2555, 2113, 1762, 1487, 1363, 
1430, 1667, 2003, 2356, 2623, 2739, 2668, 2432, 2092, 1743, 
1476, 1364, 1517, 1809, 2164, 2489, 2697, 2728, 2581, 2289, 
1931, 1608, 1403, 1374, 1531, 1829, 2185, 2505, 2734, 2683, 
2462, 2129, 1777, 1496, 1365, 1423, 1652, 1986, 2342, 2615, 
2737, 2673, 2444, 2108, 1636, 1415, 1367, 1507, 1794, 2147, 
2478, 2689, 2733, 2591, 2303, 1946, 1620, 1409, 1372, 1521, 
1949, 2306, 2591, 2731, 2687, 2475, 2144, 1791, 1505, 1368, 
1417, 1638, 1971, 2324, 2606, 2735, 2611, 2338, 1984, 1649, 
1423, 1366, 1496, 1779, 2131, 2463, 2683, 2734, 2600, 2319, 
1963, 1633, 1373, 1404, 1609, 1933, 2291, 2582, 2728, 2695, 
2490, 2163, 1807, 1516, 1370, 1411, 1625, 1954, 2433, 2667, 
2738, 2622, 2354, 2001, 1665, 1429, 1364, 1487, 1763, 2115, 
2451, 2676, 2737, 2611, 2200, 1844, 1539, 1376, 1397, 1599, 
1918, 2273, 2571, 2726, 2702, 2502, 2179, 1822, 1527, 1366, 
1467, 1730, 2077, 2419, 2660, 2738, 2631, 2368, 2016, 1678, 
1436, 1363, 1478, 1748, 2099, 2436, 2716, 2712, 2528, 2215, 
1856, 1552, 1380, 1392, 1584, 1900, 2259, 2559, 2723, 2705, 
2511, 2193, 1709, 1454, 1362, 1457, 1715, 2060, 2406, 2652, 
2739, 2639, 2383, 2033, 1692, 1444, 1360, 1470, 1864, 2222, 
2534, 2713, 2716, 2541, 2232, 1873, 1563, 1384, 1388, 1572, 
1886, 2243, 2550, 2719, 2658, 2416, 2072, 1725, 1464, 1361, 
1449, 1700, 2045, 2392, 2644, 2737, 2647, 2397, 2051, 1706, 
1396, 1379, 1545, 1849, 2205, 2521, 2707, 2720, 2551, 2247, 
1889, 1575, 1389, 1384, 1560, 1868, 2358, 2624, 2738, 2665, 
2430, 2087, 1740, 1472, 1363, 1443, 1688, 2028, 2376, 2636, 
2744, 2656, 2283, 1927, 1605, 1401, 1376, 1534, 1832, 2188, 
2508, 2703, 2723, 2563, 2263, 1905, 1589, 1395, 1425, 1655, 
1989, 2343, 2616, 2736, 2673, 2441, 2104, 1753, 1483, 1363, 
1435, 1673, 2012, 2362, 2689, 2731, 2588, 2299, 1942, 1617, 
1406, 1372, 1523, 1817, 2174, 2497, 2700, 2727, 2574, 2280, 
1789, 1504, 1368, 1419, 1642, 1974, 2328, 2608, 2735, 2679, 
2456, 2121, 1768, 1491, 1365, 1427, 1783, 2136, 2467, 2684, 
2733, 2596, 2313, 1959, 1629, 1413, 1369, 1513, 1802, 2158, 
2486, 2693, 2695, 2486, 2159, 1802, 1514, 1368, 1413, 1629, 
1959, 2312, 2596, 2732, 2684, 2467, 2136, 1784, 1427, 1364, 
1490, 1768, 2119, 2449, 2679, 2734, 2608, 2329, 1976, 1644, 
1419, 1367, 1502, 1788, 2276, 2573, 2724, 2697, 2497, 2173, 
1818, 1524, 1372, 1407, 1615, 1941, 2298, 2587, 2731, 2691, 
2364, 2012, 1674, 1433, 1363, 1481, 1751, 2103, 2441, 2670, 
2737, 2617, 2345, 1993, 1657, 1425, 1393, 1587, 1906, 1363, 
1432, 1671, 2009, 2359, 2625, 2734, 2662, 2422, 2081, 1734, 
1470, 1360, 1520, 1815, 2169, 2494, 2695, 2726, 2572, 2278, 
1922, 1599, 1399, 1375, 1536, 1836, 2191, 2510, 2732, 2677, 
2455, 2119, 1768, 1490, 1365, 1425, 1659, 1993, 2345, 2616, 
2735, 2668, 2439, 2099, 1628, 1412, 1369, 1511, 1801, 2155, 
2481, 2689, 2728, 2582, 2293, 1936, 1612, 1403, 1372, 1525, 
1955, 2311, 2595, 2731, 2684, 2467, 2135, 1781, 1498, 1364, 
1419, 1645, 1977, 2332, 2609, 2735, 2607, 2330, 1976, 1643, 
1419, 1366, 1500, 1786, 2140, 2471, 2687, 2732, 2593, 2311, 
1953, 1625, 1372, 1405, 1614, 1940, 2296, 2585, 2728, 2691, 
2481, 2152, 1798, 1510, 1367, 1412, 1631, 1961, 2438, 2670, 
2735, 2616, 2344, 1991, 1656, 1424, 1364, 1491, 1770, 2121, 
2457, 2680, 2734, 2604, 2191, 1833, 1536, 1374, 1401, 1602, 
1925, 2281, 2575, 2727, 2696, 2495, 2172, 1814, 1521, 1372, 
1471, 1737, 2085, 2426, 2663, 2736, 2624, 2360, 2008, 1670, 
1432, 1364, 1484, 1756, 2106, 2446, 2719, 2710, 2521, 2204, 
1849, 1544, 1377, 1394, 1590, 1908, 2265, 2563, 2723, 2703, 
2507, 2187, 1703, 1451, 1363, 1462, 1721, 2064, 2412, 2656, 
2738, 2633, 2375, 2024, 1687, 1440, 1363, 1475, 1871, 2229, 
2539, 2715, 2713, 2535, 2224, 1866, 1556, 1383, 1390, 1578, 
1889, 2250, 2553, 2720, 2654, 2407, 2062, 1717, 1458, 1362, 
1454, 1709, 2054, 2398, 2649, 2739, 2643, 2389, 2041, 1697, 
1393, 1380, 1548, 1857, 2215, 2528, 2711, 2718, 2545, 2239, 
1880, 1570, 1388, 1386, 1567, 1876, 2366, 2628, 2737, 2662, 
2422, 2079, 1733, 1471, 1364, 1444, 1693, 2037, 2384, 2639, 
2739, 2652, 2276, 1918, 1598, 1398, 1376, 1540, 1840, 2198, 
2515, 2706, 2721, 2557, 2255, 1897, 1582, 1392, 1428, 1662, 
1999, 2351, 2623, 2736, 2669, 2435, 2096, 1745, 1476, 1363, 
1438, 1680, 2020, 2369, 2694, 2729, 2583, 2291, 1935, 1611, 
1406, 1372, 1529, 1824, 2181, 2503, 2702, 2724, 2568, 2271, 
1779, 1497, 1366, 1422, 1650, 1982, 2337, 2611, 2735, 2675, 
2448, 2111, 1760, 1485, 1364, 1430, 1790, 2144, 2475, 2688, 
2732, 2592, 2307, 1950, 1623, 1410, 1371, 1518, 1809, 2166, 
2490, 2694, 2689, 2479, 2147, 1795, 1508, 1368, 1415, 1634, 
1967, 2320, 2603, 2734, 2682, 2462, 2128, 1776, 1424, 1365, 
1494, 1775, 2127, 2461, 2681, 2735, 2601, 2322, 1967, 1638, 
1416, 1368, 1506, 1797, 2287, 2577, 2727, 2696, 2492, 2168, 
1810, 1519, 1370, 1409, 1621, 1950, 2305, 2592, 2732, 2687, 
2356, 2004, 1667, 1431, 1363, 1484, 1760, 2111, 2449, 2676, 
2739, 2611, 2337, 1980, 1649, 1423, 1397, 1594, 1913, 2271, 
2567, 2724, 2703, 2503, 2183, 1827, 1529, 1374, 1402, 1609, 
1934, 2291, 2658, 2737, 2631, 2371, 2020, 1679, 1438, 1363, 
1475, 1746, 2095, 2433, 2668, 2736, 2620, 2351, 1862, 1554, 
1382, 1392, 1581, 1897, 2255, 2555, 2720, 2707, 2515, 2198, 
1842, 1542, 1377, 1398, 1713, 2057, 2404, 2650, 2739, 2639, 
2385, 2038, 1695, 1447, 1363, 1468, 1731, 2079, 2420, 2660, 
2717, 2543, 2236, 1878, 1567, 1386, 1387, 1568, 1881, 2239, 
2547, 2717, 2711, 2528, 2215, 1858, 1465, 1364, 1448, 1698, 
2040, 2388, 2643, 2739, 2649, 2400, 2054, 1709, 1454, 1364, 
1459, 1718, 2201, 2518, 2708, 2720, 2555, 2251, 1894, 1579, 
1391, 1383, 1558, 1866, 2223, 2534, 2713, 2716, 2432, 2091, 
1743, 1476, 1364, 1439, 1685, 2025, 2374, 2633, 2739, 2657, 
2415, 2070, 1724, 1463, 1376, 1531, 1829, 2187, 2507, 2703, 
2725, 2566, 2268, 1910, 1592, 1396, 1377, 1547, 1850, 2207, 
2615, 2735, 2673, 2446, 2108, 1756, 1484, 1363, 1432, 1671, 
2008, 2360, 2624, 2737, 2665, 2428, 1947, 1620, 1408, 1372, 
1521, 1814, 2167, 2495, 2698, 2727, 2577, 2283, 1926, 1600, 
1401, 1376, 1639, 1981, 2369, 2644, 2738, 2587, 2288, 1921, 
1591, 1393, 1380, 1552, 1891, 2248, 2552, 2719, 2655, 2407, 
2062, 1719, 1459, 1363, 1454, 1707, 2051, 2396, 2647, 2738, 
2643, 2391, 2043, 1699, 1394, 1380, 1548, 1855, 2212, 2526, 
2711, 2719, 2547, 2241, 1884, 1571, 1388, 1385, 1565, 1875, 
2363, 2628, 2736, 2662, 2422, 2081, 1735, 1468, 1364, 1444, 
1692, 2032, 2382, 2638, 2738, 2651, 2276, 1921, 1599, 1399, 
1376, 1537, 1839, 2195, 2511, 2705, 2720, 2558, 2256, 1900, 
1582, 1391, 1427, 1661, 1994, 2349, 2621, 2738, 2670, 2437, 
2098, 1748, 1479, 1363, 1437, 1679, 2019, 2368, 2693, 2729, 
2585, 2294, 1937, 1613, 1404, 1374, 1527, 1823, 2179, 2502, 
2700, 2724, 2568, 2273, 1784, 1499, 1368, 1422, 1646, 1980, 
2334, 2610, 2734, 2675, 2449, 2113, 1762, 1487, 1364, 1428, 
1788, 2142, 2471, 2686, 2732, 2593, 2307, 1951, 1624, 1411, 
1370, 1518, 1808, 2163, 2488, 2695, 2691, 2479, 2151, 1797, 
1509, 1369, 1415, 1633, 1964, 2319, 2601, 2734, 2683, 2463, 
2131, 1777, 1425, 1364, 1491, 1772, 2123, 2459, 2680, 2734, 
2604, 2323, 1968, 1636, 1416, 1366, 1504, 1793, 2284, 2576, 
2727, 2697, 2494, 2168, 1814, 1520, 1371, 1408, 1620, 1947, 
2304, 2591, 2731, 2689, 2359, 2007, 1667, 1431, 1367, 1484, 
1759, 2109, 2448, 2675, 2734, 2612, 2339, 1985, 1651, 1423, 
1395, 1592, 1910, 2268, 2566, 2723, 2702, 2504, 2183, 1827, 
1529, 1373, 1403, 1608, 1931, 2288, 2658, 2739, 2631, 2372, 
2022, 1683, 1439, 1363, 1476, 1744, 2092, 2432, 2668, 2738, 
2622, 2355, 1864, 1555, 1383, 1391, 1580, 1895, 2252, 2557, 
2721, 2708, 2517, 2200, 1846, 1541, 1375, 1397, 1711, 2055, 
2400, 2648, 2739, 2643, 2387, 2039, 1696, 1447, 1362, 1465, 
1729, 2076, 2419, 2660, 2716, 2544, 2237, 1880, 1568, 1380, 
1386, 1567, 1879, 2240, 2545, 2718, 2712, 2531, 2217, 1859, 
1467, 1363, 1445, 1695, 2039, 2385, 2640, 2739, 2651, 2402, 
2056, 1712, 1455, 1363, 1457, 1716, 2199, 2518, 2707, 2721, 
2556, 2253, 1896, 1579, 1391, 1382, 1556, 1863, 2221, 2531, 
2713, 2716, 2434, 2094, 1744, 1475, 1363, 1438, 1682, 2016, 
2372, 2633, 2737, 2658, 2416, 2072, 1726, 1462, 1374, 1529, 
1827, 2183, 2505, 2702, 2725, 2568, 2268, 1912, 1593, 1396, 
1378, 1543, 1847, 2204, 2614, 2735, 2672, 2447, 2110, 1759, 
1484, 1363, 1431, 1668, 2006, 2358, 2624, 2737, 2665, 2430, 
1949, 1623, 1408, 1370, 1519, 1811, 2168, 2491, 2696, 2728, 
2579, 2283, 1927, 1604, 1401, 1375, 1636, 1970, 2323, 2604, 
2734, 2682, 2460, 2126, 1774, 1493, 1366, 1424, 1655, 1990, 
2343, 2616, 2734, 2601, 2321, 1965, 1635, 1417, 1368, 1508, 
1797, 2152, 2480, 2690, 2732, 2589, 2300, 1944, 1518, 1370, 
1410, 1624, 1951, 2307, 2594, 2732, 2687, 2474, 2143, 1788, 
1503, 1368, 1419, 1640, 2113, 2448, 2678, 2735, 2609, 2335, 
1981, 1648, 1422, 1369, 1497, 1781, 2135, 2467, 2684, 2732, 
2502, 2180, 1823, 1528, 1373, 1404, 1612, 1935, 2291, 2582, 
2729, 2695, 2488, 2159, 1804, 1515, 1361, 1477, 1747, 2097, 
2437, 2668, 2737, 2620, 2351, 1998, 1663, 1428, 1366, 1490, 
1767, 2118, 2558, 2722, 2707, 2515, 2195, 1839, 1539, 1376, 
1398, 1599, 1920, 2277, 2572, 2727, 2699, 2498, 2038, 1693, 
1445, 1362, 1468, 1732, 2080, 2420, 2662, 2737, 2627, 2366, 
2013, 1675, 1435, 1361, 1571, 1882, 2240, 2547, 2718, 2711, 
2526, 2213, 1856, 1549, 1380, 1393, 1587, 1904, 2259, 2560, 
2739, 2648, 2399, 2052, 1710, 1454, 1363, 1459, 1718, 2063, 
2407, 2654, 2737, 2636, 2379, 2030, 1579, 1390, 1380, 1557, 
1867, 2224, 2535, 2714, 2716, 2539, 2228, 1868, 1560, 1383, 
1388, 1574, 2025, 2375, 2633, 2737, 2656, 2412, 2068, 1724, 
1462, 1363, 1452, 1705, 2046, 2394, 2646, 2739, 2564, 2264, 
1908, 1590, 1395, 1378, 1547, 1852, 1400, 1373, 1531, 1828, 
2185, 2504, 2700, 2720, 2459, 2127, 1774, 1493, 1363, 1423, 
1652, 1987, 2339, 2614, 2735, 2672, 2439, 2104, 1753, 1481, 
1366, 1507, 1795, 2150, 2478, 2688, 2729, 2588, 2300, 1944, 
1617, 1407, 1372, 1521, 1814, 2168, 2590, 2727, 2684, 2471, 
2143, 1788, 1503, 1366, 1417, 1638, 1970, 2324, 2604, 2732, 
2680, 2455, 1980, 1647, 1420, 1364, 1497, 1779, 2131, 2464, 
2682, 2732, 2598, 2315, 1961, 1631, 1413, 1369, 1609, 1933, 
2291, 2580, 2726, 2692, 2487, 2160, 1804, 1513, 1369, 1411, 
1626, 1955, 2311, 2595, 2736, 2620, 2350, 1999, 1663, 1428, 
1364, 1488, 1766, 2117, 2452, 2676, 2734, 2606, 2331, 1976, 
1539, 1376, 1399, 1598, 1918, 2275, 2571, 2725, 2700, 2498, 
2176, 1820, 1525, 1372, 1405, 1614, 2078, 2420, 2660, 2737, 
2627, 2366, 2013, 1676, 1436, 1363, 1480, 1751, 2100, 2439, 
2670, 2735, 2525, 2211, 1855, 1550, 1382, 1391, 1585, 1902, 
2260, 2559, 2722, 2705, 2512, 2191, 1835, 1535, 1361, 1457, 
1716, 2067, 2408, 2654, 2736, 2636, 2380, 2031, 1688, 1443, 
1363, 1471, 1735, 2083, 2535, 2712, 2715, 2537, 2229, 1871, 
1561, 1385, 1388, 1573, 1887, 2242, 2550, 2719, 2711, 2524, 
2068, 1723, 1461, 1362, 1449, 1703, 2046, 2395, 2646, 2737, 
2646, 2395, 2045, 1704, 1451, 1363, 1546, 1850, 2207, 2523, 
2710, 2719, 2551, 2246, 1887, 1575, 1389, 1384, 1561, 1871, 
2232, 2539, 2736, 2665, 2428, 2087, 1739, 1471, 1363, 1443, 
1689, 2031, 2378, 2637, 2737, 2654, 2408, 2063, 1601, 1400, 
1375, 1536, 1836, 2192, 2511, 2706, 2723, 2561, 2262, 1904, 
1586, 1392, 1379, 1548, 1992, 2345, 2617, 2736, 2672, 2440, 
2103, 1752, 1480, 1363, 1432, 1672, 2014, 2364, 2627, 2738, 
2586, 2296, 1940, 1615, 1406, 1373, 1524, 1819, 2178, 2497, 
2700, 2727, 2574, 2276, 1920, 1599, 1368, 1419, 1643, 1975, 
2328, 2608, 2735, 2679, 2455, 2118, 1767, 1490, 1366, 1427, 
1662, 1998, 2470, 2685, 2731, 2595, 2311, 1956, 1627, 1411, 
1370, 1514, 1803, 2159, 2487, 2693, 2729, 2584, 2156, 1801, 
1513, 1370, 1417, 1632, 1959, 2314, 2598, 2733, 2684, 2465, 
2134, 1780, 1499, 1367, 1491, 1769, 2122, 2458, 2680, 2736, 
2606, 2329, 1973, 1637, 1418, 1367, 1503, 1788, 2142, 2473, 
2728, 2699, 2497, 2173, 1819, 1524, 1372, 1407, 1616, 1942, 
2300, 2588, 2730, 2689, 2480, 2149, 1674, 1433, 1362, 1483, 
1753, 2104, 2443, 2673, 2738, 2616, 2343, 1991, 1656, 1424, 
1366, 1494, 1907, 2264, 2563, 2723, 2704, 2508, 2189, 1832, 
1532, 1376, 1401, 1605, 1927, 2282, 2578, 2728, 2636, 2376, 
2027, 1687, 1441, 1363, 1473, 1740, 2089, 2429, 2663, 2737, 
2623, 2358, 2005, 1667, 1384, 1391, 1577, 1891, 2249, 2551, 
2720, 2708, 2520, 2203, 1847, 1545, 1379, 1398, 1594, 1912, 
2398, 2648, 2739, 2645, 2392, 2044, 1700, 1448, 1361, 1463, 
1726, 2072, 2416, 2659, 2739, 2633, 2242, 1885, 1572, 1387, 
1386, 1564, 1875, 2231, 2540, 2716, 2710, 2534, 2220, 1863, 
1556, 1383, 1445, 1693, 2036, 2383, 2639, 2739, 2652, 2406, 
2060, 1715, 1457, 1363, 1455, 1711, 2055, 2403, 2707, 2721, 
2559, 2257, 1900, 1583, 1392, 1381, 1553, 1859, 2216, 2531, 
2713, 2717, 2544, 2236, 1747, 1477, 1363, 1438, 1677, 2017, 
2369, 2630, 2739, 2660, 2419, 2078, 1731, 1467, 1363, 1447, 
1824, 2182, 2503, 2700, 2727, 2570, 2273, 1916, 1595, 1396, 
1376, 1539, 1843, 2200, 2518, 2709, 2676, 2452, 2116, 1761, 
1487, 1365, 1429, 1664, 2002, 2353, 2622, 2738, 2668, 2435, 
2095, 1745, 1412, 1371, 1516, 1806, 2162, 2488, 2692, 2729, 
2582, 2290, 1932, 1609, 1404, 1374, 1532, 1828, 2320, 2601, 
2735, 2684, 2465, 2131, 1779, 1496, 1366, 1422, 1649, 1984, 
2339, 2612, 2734, 2675, 2323, 1969, 1639, 1417, 1369, 1506, 
1798, 2179, 2511, 2713, 2694, 2428, 2072, 1712, 1454, 1363, 
1551, 1879, 2237, 2542, 2716, 2712, 2528, 2216, 1857, 1552, 
1381, 1393, 1584, 1900, 2258, 2559, 2739, 2649, 2403, 2055, 
1708, 1454, 1362, 1459, 1715, 2060, 2404, 2652, 2739, 2639, 
2383, 2034, 1580, 1392, 1382, 1554, 1863, 2220, 2533, 2713, 
2718, 2542, 2232, 1876, 1565, 1386, 1388, 1572, 2022, 2371, 
2631, 2737, 2656, 2415, 2071, 1727, 1464, 1363, 1449, 1702, 
2044, 2392, 2643, 2739, 2566, 2268, 1912, 1592, 1396, 1379, 
1544, 1846, 2204, 2521, 2709, 2720, 2552, 2249, 1891, 1577, 
1364, 1431, 1668, 2005, 2357, 2624, 2736, 2665, 2431, 2088, 
1742, 1472, 1363, 1441, 1686, 2028, 2492, 2694, 2727, 2577, 
2284, 1928, 1605, 1403, 1375, 1534, 1832, 2190, 2508, 2703, 
2723, 2563, 2125, 1773, 1491, 1366, 1423, 1654, 1990, 2343, 
2616, 2736, 2674, 2443, 2105, 1753, 1480, 1365, 1508, 1796, 
2151, 2480, 2691, 2732, 2589, 2300, 1942, 1617, 1407, 1372, 
1521, 1816, 2172, 2495, 2730, 2688, 2473, 2143, 1790, 1504, 
1368, 1420, 1641, 1974, 2329, 2608, 2735, 2680, 2456, 2119, 
1648, 1420, 1367, 1499, 1782, 2135, 2465, 2683, 2732, 2598, 
2316, 1958, 1629, 1413, 1369, 1513, 1935, 2294, 2583, 2729, 
2694, 2486, 2160, 1801, 1514, 1370, 1411, 1628, 1959, 2312, 
2597, 2732, 2620, 2348, 1997, 1660, 1428, 1365, 1488, 1768, 
2119, 2452, 2676, 2735, 2608, 2331, 1975, 1644, 1377, 1399, 
1599, 1920, 2276, 2572, 2727, 2700, 2499, 2174, 1819, 1525, 
1372, 1406, 1615, 1940, 2423, 2663, 2739, 2628, 2366, 2014, 
1676, 1435, 1364, 1480, 1751, 2102, 2439, 2671, 2735, 2616, 
2211, 1855, 1550, 1382, 1394, 1587, 1905, 2262, 2561, 2722, 
2703, 2510, 2191, 1833, 1536, 1375, 1459, 1719, 2064, 2411, 
2655, 2739, 2635, 2379, 2029, 1689, 1443, 1363, 1472, 1737, 
2087, 2425, 2714, 2718, 2539, 2228, 1871, 1561, 1384, 1389, 
1575, 1888, 2247, 2551, 2720, 2710, 2518, 2207, 1725, 1461, 
1362, 1451, 1703, 2049, 2395, 2647, 2739, 2647, 2393, 2047, 
1700, 1450, 1363, 1462, 1852, 2208, 2524, 2710, 2719, 2549, 
2244, 1886, 1572, 1388, 1383, 1563, 1872, 2231, 2541, 2716, 
2664, 2425, 2084, 1737, 1471, 1362, 1443, 1689, 2031, 2380, 
2636, 2737, 2654, 2407, 2063, 1719, 1400, 1376, 1537, 1836, 
2193, 2511, 2704, 2723, 2562, 2259, 1903, 1583, 1392, 1380, 
1551, 1855, 2346, 2617, 2735, 2671, 2439, 2102, 1751, 1478, 
1363, 1435, 1676, 2014, 2364, 2628, 2736, 2660, 2297, 1940, 
1615, 1405, 1372, 1525, 1820, 2176, 2499, 2700, 2727, 2571, 
2276, 1919, 1598, 1399, 1419, 1646, 1977, 2334, 2609, 2736, 
2679, 2454, 2118, 1767, 1489, 1365, 1428, 1663, 1999, 2350, 
2684, 2732, 2595, 2311, 1955, 1625, 1412, 1371, 1516, 1806, 
2161, 2488, 2694, 2729, 2583, 2291, 1798, 1511, 1370, 1413, 
1628, 1959, 2316, 2599, 2734, 2683, 2463, 2134, 1781, 1497, 
1367, 1423, 1771, 2121, 2457, 2678, 2734, 2604, 2324, 1970, 
1640, 1417, 1368, 1504, 1792, 2145, 2475, 2688, 2699, 2496, 
2172, 1816, 1523, 1372, 1407, 1619, 1944, 2302, 2588, 2731, 
2689, 2480, 2149, 1795, 1433, 1366, 1483, 1756, 2105, 2443, 
2672, 2737, 2614, 2340, 1987, 1654, 1425, 1364, 1495, 1776, 
2266, 2563, 2723, 2702, 2506, 2186, 1829, 1532, 1376, 1403, 
1606, 1927, 2284, 2577, 2727, 2695, 2375, 2024, 1684, 1440, 
1363, 1472, 1740, 2090, 2431, 2667, 2737, 2623, 2355, 2002, 
1667, 1430, 1390, 1577, 1893, 2251, 2555, 2721, 2708, 2520, 
2203, 1847, 1543, 1379, 1396, 1593, 1915, 2272, 2647, 2739, 
2643, 2388, 2042, 1699, 1447, 1361, 1466, 1726, 2073, 2416, 
2659, 2739, 2632, 2371, 1883, 1569, 1387, 1386, 1565, 1875, 
2234, 2542, 2718, 2713, 2534, 2220, 1863, 1557, 1383, 1392, 
1694, 2036, 2387, 2639, 2737, 2651, 2406, 2060, 1715, 1458, 
1363, 1456, 1711, 2056, 1360, 1444, 1817, 2174, 2496, 2696, 
2723, 2569, 2275, 1920, 1599, 1398, 1377, 1537, 1838, 2194, 
2512, 2703, 2675, 2452, 2117, 1764, 1487, 1364, 1427, 1661, 
1996, 2348, 2617, 2736, 2667, 2435, 2095, 1744, 1411, 1368, 
1512, 1804, 2159, 2484, 2691, 2731, 2582, 2291, 1934, 1612, 
1403, 1372, 1527, 1822, 2311, 2596, 2730, 2681, 2464, 2132, 
1781, 1497, 1366, 1421, 1646, 1980, 2336, 2609, 2732, 2674, 
2327, 1971, 1638, 1415, 1367, 1503, 1787, 2141, 2471, 2686, 
2731, 2591, 2306, 1951, 1622, 1409, 1407, 1616, 1943, 2299, 
2587, 2728, 2689, 2479, 2150, 1796, 1510, 1369, 1415, 1633, 
1964, 2316, 2673, 2734, 2614, 2340, 1985, 1654, 1424, 1364, 
1494, 1774, 2124, 2460, 2680, 2732, 2601, 2322, 1831, 1532, 
1375, 1400, 1607, 1927, 2284, 2577, 2727, 2696, 2492, 2164, 
1807, 1517, 1369, 1406, 1740, 2089, 2430, 2665, 2737, 2624, 
2357, 2006, 1667, 1431, 1363, 1484, 1759, 2110, 2446, 2675, 
2709, 2520, 2204, 1847, 1548, 1379, 1398, 1594, 1912, 2270, 
2567, 2723, 2700, 2503, 2183, 1827, 1448, 1363, 1464, 1725, 
2072, 2415, 2657, 2739, 2633, 2372, 2021, 1681, 1439, 1361, 
1475, 1744, 2231, 2540, 2712, 2715, 2534, 2220, 1863, 1558, 
1384, 1394, 1580, 1895, 2252, 2555, 2719, 2707, 2403, 2058, 
1715, 1456, 1362, 1454, 1711, 2056, 2401, 2652, 2738, 2641, 
2384, 2035, 1694, 1444, 1380, 1552, 1860, 2216, 2532, 2712, 
2718, 2543, 2236, 1878, 1567, 1385, 1387, 1567, 1879, 2237, 
2631, 2737, 2660, 2419, 2075, 1729, 1464, 1361, 1446, 1694, 
2035, 2387, 2641, 2736, 2649, 2402, 1918, 1595, 1396, 1377, 
1541, 1843, 2200, 2516, 2708, 2721, 2555, 2252, 1895, 1580, 
1388, 1381, 1664, 2001, 2355, 2620, 2737, 2668, 2433, 2093, 
1745, 1475, 1362, 1439, 1683, 2023, 2372, 2633, 2725, 2581, 
2288, 1932, 1608, 1403, 1374, 1531, 1828, 2183, 2504, 2703, 
2721, 2567, 2267, 1911, 1496, 1367, 1423, 1651, 1985, 2340, 
2614, 2734, 2673, 2446, 2107, 1758, 1484, 1364, 1432, 1669, 
2148, 2478, 2689, 2732, 2590, 2304, 1948, 1620, 1407, 1371, 
1520, 1813, 2171, 2494, 2697, 2727, 2477, 2147, 1794, 1506, 
1368, 1414, 1635, 1969, 2323, 2603, 2734, 2680, 2460, 2125, 
1773, 1491, 1367, 1495, 1777, 2129, 2463, 2684, 2734, 2601, 
2319, 1964, 1633, 1415, 1369, 1509, 1796, 2152, 2582, 2728, 
2694, 2491, 2163, 1811, 1519, 1370, 1412, 1627, 1952, 2308, 
2593, 2732, 2686, 2472, 2003, 1665, 1431, 1365, 1487, 1763, 
2113, 2449, 2676, 2735, 2609, 2333, 1980, 1647, 1420, 1368, 
1595, 1917, 2273, 2572, 2727, 2700, 2499, 2178, 1823, 1527, 
1373, 1405, 1612, 1937, 2296, 2586, 2739, 2630, 2369, 2016, 
1679, 1435, 1363, 1478, 1747, 2099, 2438, 2672, 2737, 2619, 
2351, 1997, 1553, 1379, 1392, 1582, 1899, 2257, 2558, 2722, 
2705, 2513, 2195, 1839, 1538, 1376, 1399, 1600, 2060, 2407, 
2652, 2737, 2639, 2383, 2033, 1692, 1442, 1362, 1467, 1732, 
2082, 2422, 2663, 2739, 2543, 2232, 1873, 1564, 1385, 1388, 
1571, 1883, 2241, 2547, 2719, 2712, 2524, 2211, 1855, 1549, 
1363, 1449, 1700, 2044, 2391, 2644, 2739, 2647, 2400, 2050, 
1703, 1452, 1362, 1459, 1719, 2067, 2522, 2708, 2721, 2552, 
2247, 1888, 1576, 1388, 1383, 1559, 1868, 2227, 2537, 2715, 
2716, 2539, 2088, 1740, 1473, 1364, 1442, 1687, 2028, 2377, 
2635, 2739, 2655, 2412, 2067, 1722, 1461, 1363, 1532, 1831, 
2187, 2510, 2704, 2725, 2564, 2265, 1907, 1589, 1395, 1380, 
1547, 1852, 2210, 2524, 2734, 2672, 2444, 2104, 1754, 1481, 
1363, 1433, 1673, 2011, 2361, 2627, 2737, 2664, 2427, 2084, 
1619, 1407, 1373, 1523, 1816, 2171, 2496, 2697, 2727, 2575, 
2280, 1924, 1603, 1400, 1378, 1536, 1972, 2328, 2604, 2735, 
2678, 2456, 2121, 1768, 1493, 1366, 1427, 1660, 2016, 2405, 
2664, 2731, 2460, 2095, 1731, 1467, 1363, 1456, 1725, 2071, 
2417, 2659, 2739, 2636, 2374, 2023, 1683, 1440, 1381, 1562, 
1871, 2231, 2537, 2716, 2717, 2535, 2224, 1866, 1557, 1383, 
1391, 1579, 1895, 2250, 2637, 2736, 2654, 2407, 2062, 1717, 
1460, 1364, 1456, 1710, 2055, 2400, 2648, 2739, 2641, 2389, 
1899, 1585, 1392, 1380, 1550, 1857, 2215, 2529, 2712, 2717, 
2545, 2239, 1880, 1569, 1388, 1386, 1677, 2016, 2366, 2630, 
2737, 2662, 2423, 2080, 1734, 1467, 1362, 1448, 1695, 2039, 
2387, 2641, 2727, 2571, 2273, 1917, 1597, 1398, 1376, 1539, 
1840, 2199, 2516, 2707, 2723, 2557, 2255, 1897, 1487, 1364, 
1427, 1662, 1999, 2353, 2623, 2739, 2668, 2435, 2095, 1745, 
1475, 1363, 1437, 1680, 2161, 2488, 2695, 2729, 2584, 2291, 
1935, 1609, 1403, 1374, 1527, 1823, 2181, 2503, 2700, 2728, 
2467, 2135, 1781, 1497, 1368, 1423, 1648, 1983, 2337, 2611, 
2735, 2675, 2449, 2112, 1760, 1486, 1368, 1504, 1791, 2145, 
2476, 2687, 2732, 2592, 2306, 1951, 1624, 1410, 1371, 1518, 
1811, 2166, 2591, 2731, 2690, 2480, 2150, 1796, 1509, 1369, 
1416, 1637, 1967, 2321, 2603, 2732, 2680, 2462, 1987, 1653, 
1424, 1367, 1495, 1776, 2128, 2461, 2680, 2732, 2600, 2320, 
1964, 1634, 1415, 1369, 1607, 1929, 2288, 2580, 2723, 2696, 
2489, 2164, 1809, 1517, 1370, 1408, 1622, 1950, 2307, 2594, 
2737, 2623, 2355, 2003, 1667, 1430, 1366, 1485, 1760, 2112, 
2448, 2675, 2736, 2614, 2335, 1984, 1544, 1379, 1398, 1595, 
1915, 2271, 2567, 2726, 2701, 2501, 2179, 1824, 1528, 1372, 
1404, 1611, 2075, 2417, 2659, 2739, 2631, 2371, 2019, 1678, 
1436, 1362, 1475, 1744, 2096, 2433, 2668, 2735, 2531, 2218, 
1860, 1554, 1382, 1392, 1583, 1899, 2256, 2556, 2720, 2707, 
2514, 2195, 1840, 1539, 1361, 1455, 1713, 2057, 2404, 2652, 
2737, 2638, 2385, 2035, 1693, 1444, 1361, 1466, 1731, 2079, 
2531, 2712, 2717, 2543, 2234, 1876, 1565, 1385, 1386, 1572, 
1881, 2240, 2544, 2719, 2713, 2528, 2074, 1730, 1465, 1361, 
1444, 1700, 2040, 2387, 2643, 2739, 2651, 2401, 2055, 1710, 
1456, 1363, 1543, 1844, 2201, 2519, 2707, 2719, 2553, 2251, 
1892, 1577, 1391, 1383, 1556, 1865, 2223, 2535, 2735, 2665, 
2432, 2091, 1745, 1473, 1361, 1440, 1683, 2023, 2375, 2632, 
2736, 2656, 2414, 2071, 1608, 1404, 1376, 1532, 1830, 2185, 
2506, 2702, 2723, 2564, 2266, 1908, 1593, 1397, 1380, 1546, 
1987, 2342, 2611, 2734, 2672, 2444, 2107, 1756, 1483, 1364, 
1434, 1671, 2008, 2360, 2625, 2737, 2590, 2301, 1947, 1618, 
1407, 1371, 1521, 1814, 2169, 2495, 2695, 2728, 2576, 2281, 
1926, 1603, 1368, 1417, 1638, 1970, 2324, 2604, 2734, 2680, 
2457, 2123, 1772, 1493, 1367, 1426, 1657, 1993, 2464, 2683, 
2732, 2598, 2316, 1960, 1632, 1413, 1368, 1511, 1799, 2154, 
2483, 2691, 2730, 2587, 2161, 1806, 1514, 1370, 1412, 1625, 
1955, 2310, 2595, 2732, 2686, 2471, 2140, 1787, 1503, 1368, 
1489, 1765, 2115, 2452, 2680, 2736, 2608, 2331, 1976, 1645, 
1418, 1367, 1499, 1784, 2137, 2470, 2727, 2701, 2500, 2178, 
1820, 1524, 1372, 1404, 1612, 1938, 2296, 2585, 2732, 2691, 
2484, 2156, 1678, 1435, 1364, 1483, 1748, 2102, 2439, 2672, 
2737, 2619, 2348, 1995, 1659, 1427, 1364, 1491, 1902, 2259, 
2559, 2723, 2707, 2512, 2194, 1838, 1536, 1376, 1400, 1600, 
1922, 2279, 2572, 2726, 2639, 2380, 2033, 1691, 1443, 1363, 
1471, 1735, 2083, 2426, 2663, 2738, 2627, 2363, 2011, 1673, 
1385, 1389, 1572, 1886, 2241, 2549, 2719, 2711, 2524, 2211, 
1852, 1548, 1380, 1395, 1591, 1910, 2392, 2645, 2739, 2648, 
2397, 2049, 1705, 1452, 1362, 1460, 1721, 2067, 2412, 2656, 
2739, 2635, 2246, 1888, 1575, 1390, 1383, 1561, 1870, 2228, 
2538, 2712, 2712, 2537, 2225, 1868, 1559, 1382, 1441, 1687, 
2028, 1361, 1430, 1666, 2004, 2356, 2622, 2735, 2663, 2426, 
2086, 1738, 1475, 1363, 1522, 1811, 2171, 2492, 2697, 2723, 
2574, 2280, 1924, 1602, 1399, 1373, 1534, 1831, 2188, 2508, 
2732, 2680, 2459, 2125, 1775, 1492, 1364, 1423, 1654, 1988, 
2342, 2612, 2732, 2670, 2436, 2100, 1632, 1414, 1370, 1509, 
1798, 2151, 2480, 2687, 2728, 2585, 2297, 1939, 1615, 1406, 
1370, 1523, 1952, 2307, 2593, 2731, 2684, 2471, 2136, 1785, 
1502, 1369, 1419, 1643, 1975, 2328, 2607, 2734, 2608, 2332, 
1979, 1646, 1422, 1367, 1499, 1782, 2134, 2468, 2684, 2731, 
2595, 2313, 1958, 1628, 1373, 1403, 1612, 1936, 2292, 2583, 
2728, 2692, 2486, 2156, 1803, 1512, 1369, 1412, 1628, 1959, 
2438, 2669, 2736, 2618, 2348, 1996, 1660, 1426, 1365, 1489, 
1767, 2119, 2455, 2678, 2735, 2608, 2194, 1838, 1538, 1376, 
1398, 1599, 1922, 2280, 2574, 2727, 2696, 2499, 2174, 1817, 
1523, 1369, 1469, 1734, 2081, 2424, 2663, 2739, 2627, 2361, 
2011, 1673, 1433, 1362, 1479, 1751, 2102, 2440, 2716, 2711, 
2523, 2211, 1855, 1548, 1379, 1397, 1586, 1904, 2262, 2561, 
2723, 2703, 2508, 2190, 1705, 1452, 1362, 1460, 1719, 2065, 
2411, 2655, 2739, 2638, 2379, 2030, 1688, 1441, 1361, 1471, 
1868, 2224, 2535, 2712, 2716, 2538, 2227, 1870, 1561, 1384, 
1389, 1575, 1888, 2247, 2551, 2719, 2656, 2411, 2067, 1721, 
1461, 1363, 1452, 1705, 2048, 2394, 2647, 2738, 2646, 2393, 
2047, 1703, 1395, 1380, 1548, 1853, 2209, 2524, 2710, 2716, 
2548, 2243, 1884, 1572, 1389, 1385, 1564, 1873, 2363, 2628, 
2739, 2662, 2425, 2084, 1735, 1474, 1364, 1444, 1691, 2033, 
2380, 2637, 2736, 2654, 2280, 1923, 1600, 1400, 1378, 1538, 
1837, 2193, 2512, 2704, 2720, 2559, 2258, 1900, 1585, 1393, 
1428, 1660, 1996, 2349, 2619, 2735, 2670, 2438, 2097, 1750, 
1478, 1363, 1436, 1680, 2017, 2367, 2692, 2728, 2584, 2294, 
1937, 1613, 1405, 1374, 1528, 1823, 2179, 2501, 2700, 2723, 
2569, 2272, 1783, 1499, 1363, 1419, 1646, 1978, 2334, 2611, 
2736, 2676, 2452, 2116, 1762, 1487, 1364, 1428, 1788, 2140, 
2472, 2687, 2732, 2595, 2310, 1952, 1623, 1409, 1369, 1516, 
1805, 2162, 2489, 2692, 2695, 2486, 2154, 1800, 1509, 1367, 
1412, 1631, 1961, 2317, 2600, 2735, 2684, 2465, 2133, 1780, 
1426, 1366, 1491, 1771, 2123, 2458, 2680, 2735, 2606, 2325, 
1971, 1639, 1418, 1369, 1505, 1791, 2283, 2577, 2728, 2699, 
2495, 2171, 1815, 1520, 1371, 1406, 1617, 1944, 2301, 2590, 
2731, 2689, 2360, 2008, 1672, 1433, 1363, 1484, 1756, 2107, 
2444, 2673, 2736, 2615, 2342, 1987, 1652, 1423, 1395, 1589, 
1908, 2265, 2564, 2724, 2703, 2507, 2188, 1830, 1532, 1375, 
1403, 1607, 1929, 2286, 2658, 2738, 2634, 2374, 2023, 1687, 
1441, 1362, 1473, 1743, 2092, 2432, 2670, 2738, 2623, 2356, 
1867, 1558, 1383, 1390, 1578, 1892, 2249, 2552, 2719, 2707, 
2519, 2203, 1847, 1543, 1379, 1397, 1709, 2052, 2397, 2647, 
2736, 2641, 2386, 2040, 1698, 1449, 1364, 1468, 1728, 2075, 
2419, 2659, 2718, 2545, 2240, 1880, 1568, 1387, 1388, 1567, 
1878, 2236, 2543, 2717, 2712, 2531, 2217, 1859, 1468, 1363, 
1446, 1696, 2040, 2385, 2640, 2740, 2652, 2403, 2057, 1713, 
1456, 1363, 1457, 1713, 2198, 2516, 2707, 2723, 2559, 2255, 
1898, 1581, 1392, 1383, 1555, 1863, 2220, 2533, 2712, 2716, 
2436, 2096, 1747, 1475, 1362, 1436, 1680, 2022, 2371, 2633, 
2739, 2660, 2417, 2075, 1728, 1465, 1374, 1528, 1824, 2180, 
2503, 2700, 2724, 2564, 2271, 1915, 1595, 1396, 1377, 1541, 
1843, 2200, 2611, 2734, 2675, 2447, 2110, 1762, 1484, 1365, 
1432, 1668, 2005, 2358, 2623, 2737, 2667, 2433, 1950, 1622, 
1410, 1371, 1519, 1811, 2166, 2492, 2695, 2727, 2580, 2288, 
1932, 1607, 1404, 1375, 1635, 1977, 2355, 2636, 2739, 2595, 
2300, 1934, 1603, 1398, 1377, 1542, 1876, 2235, 2542, 2717, 
2660, 2422, 2079, 1733, 1469, 1363, 1447, 1695, 2035, 2383, 
2639, 2738, 2651, 2403, 2060, 1713, 1400, 1377, 1540, 1840, 
2196, 2515, 2707, 2720, 2558, 2254, 1896, 1581, 1391, 1381, 
1553, 1862, 2351, 2620, 2737, 2668, 2436, 2096, 1750, 1476, 
1362, 1438, 1680, 2019, 2371, 2631, 2736, 2658, 2290, 1934, 
1610, 1404, 1375, 1530, 1827, 2180, 2504, 2701, 2726, 2567, 
2270, 1913, 1595, 1395, 1421, 1649, 1983, 2335, 2612, 2736, 
2675, 2451, 2111, 1761, 1484, 1364, 1430, 1667, 2003, 2355, 
2687, 2732, 2592, 2305, 1950, 1622, 1409, 1369, 1518, 1807, 
2165, 2491, 2694, 2728, 2579, 2286, 1795, 1507, 1369, 1414, 
1633, 1964, 2320, 2600, 2732, 2681, 2460, 2126, 1775, 1493, 
1364, 1423, 1776, 2127, 2461, 2684, 2735, 2604, 2323, 1968, 
1636, 1411, 1368, 1507, 1792, 2147, 2477, 2688, 2697, 2492, 
2166, 1810, 1520, 1372, 1408, 1622, 1949, 2305, 2591, 2731, 
2687, 2474, 2143, 1790, 1431, 1364, 1486, 1760, 2111, 2447, 
2675, 2736, 2612, 2335, 1984, 1649, 1417, 1366, 1497, 1779, 
2270, 2566, 2723, 2702, 2503, 2183, 1827, 1530, 1373, 1404, 
1610, 1934, 2291, 2580, 2728, 2694, 2370, 2020, 1681, 1437, 
1363, 1475, 1744, 2096, 2433, 2667, 2737, 2620, 2352, 2000, 
1663, 1432, 1392, 1580, 1897, 2252, 2555, 2723, 2707, 2515, 
2201, 1842, 1542, 1378, 1399, 1598, 1919, 2275, 2651, 2736, 
2640, 2385, 2038, 1695, 1447, 1362, 1468, 1731, 2077, 2420, 
2662, 2739, 2630, 2367, 1878, 1569, 1387, 1387, 1568, 1880, 
2236, 2544, 2716, 2710, 2527, 2215, 1858, 1552, 1380, 1393, 
1697, 2041, 2387, 2640, 2738, 2648, 2399, 2052, 1708, 1454, 
1363, 1458, 1715, 2062, 2406, 2654, 2720, 2553, 2251, 1894, 
1579, 1391, 1383, 1555, 1865, 2224, 2534, 2713, 2715, 2540, 
2231, 1873, 1475, 1361, 1439, 1683, 2024, 2372, 2632, 2737, 
2659, 2414, 2072, 1725, 1464, 1363, 1451, 1702, 2184, 2505, 
2702, 2723, 2566, 2267, 1910, 1592, 1395, 1377, 1545, 1850, 
2209, 2523, 2712, 2720, 2447, 2108, 1760, 1482, 1363, 1430, 
1668, 2007, 2358, 2624, 2739, 2665, 2430, 2087, 1739, 1472, 
1371, 1521, 1815, 2169, 2492, 2697, 2727, 2576, 2283, 1924, 
1604, 1400, 1375, 1535, 1834, 2191, 2607, 2735, 2686, 2459, 
2124, 1769, 1491, 1364, 1424, 1655, 1990, 2344, 2617, 2736, 
2674, 2443, 1963, 1633, 1416, 1368, 1509, 1798, 2152, 2481, 
2688, 2729, 2587, 2297, 1941, 1616, 1406, 1372, 1624, 1954, 
2309, 2595, 2734, 2688, 2472, 2142, 1788, 1503, 1367, 1418, 
1640, 1976, 2328, 2606, 2735, 2609, 2332, 1980, 1646, 1421, 
1368, 1500, 1784, 2135, 2468, 2683, 2734, 2599, 2312, 1958, 
1527, 1372, 1404, 1613, 1935, 2294, 2583, 2729, 2692, 2486, 
2158, 1804, 1514, 1370, 1412, 1628, 2099, 2436, 2668, 2736, 
2617, 2348, 1996, 1661, 1428, 1365, 1489, 1770, 2121, 2456, 
2679, 2735, 2512, 2194, 1837, 1537, 1376, 1400, 1601, 1921, 
2279, 2573, 2723, 2697, 2499, 2172, 1817, 1522, 1363, 1470, 
1735, 2081, 2423, 2663, 2737, 2627, 2361, 2009, 1674, 1434, 
1363, 1481, 1753, 2104, 2549, 2719, 2712, 2526, 2212, 1855, 
1548, 1379, 1394, 1587, 1904, 2263, 2560, 2721, 2703, 2508, 
2051, 1705, 1453, 1363, 1462, 1721, 2066, 2411, 2656, 2737, 
2636, 2379, 2028, 1687, 1441, 1363, 1558, 1868, 2225, 2536, 
2715, 2714, 2537, 2227, 1871, 1560, 1384, 1388, 1576, 1888, 
2246, 2551, 2738, 2654, 2411, 2065, 1720, 1460, 1362, 1451, 
1703, 2049, 2397, 2648, 2740, 2644, 2392, 2044, 1588, 1392, 
1379, 1548, 1854, 2211, 2526, 2712, 2719, 2550, 2244, 1886, 
1572, 1388, 1387, 1562, 2012, 2361, 2627, 2738, 2663, 2424, 
2083, 1735, 1470, 1363, 1443, 1691, 2032, 2381, 2639, 2736, 
2575, 2279, 1920, 1602, 1399, 1375, 1536, 1836, 1404, 1372, 
1521, 1815, 2170, 2494, 2696, 2721, 2470, 2140, 1787, 1502, 
1365, 1416, 1639, 1972, 2326, 2603, 2732, 2677, 2454, 2119, 
1768, 1489, 1367, 1496, 1781, 2133, 2464, 2681, 2729, 2595, 
2312, 1956, 1628, 1411, 1366, 1511, 1800, 2155, 2582, 2723, 
2691, 2487, 2157, 1801, 1512, 1368, 1411, 1626, 1955, 2311, 
2595, 2731, 2684, 2467, 1996, 1660, 1427, 1364, 1486, 1766, 
2118, 2453, 2677, 2732, 2607, 2328, 1975, 1642, 1417, 1365, 
1597, 1916, 2275, 2570, 2726, 2699, 2497, 2175, 1820, 1520, 
1372, 1404, 1614, 1939, 2295, 2583, 2736, 2625, 2364, 2012, 
1674, 1435, 1363, 1480, 1752, 2101, 2439, 2671, 2737, 2616, 
2344, 1995, 1549, 1379, 1392, 1586, 1904, 2260, 2560, 2721, 
2703, 2507, 2190, 1834, 1534, 1375, 1400, 1601, 2062, 2407, 
2652, 2736, 2633, 2376, 2028, 1688, 1441, 1363, 1471, 1739, 
2084, 2428, 2663, 2737, 2537, 2227, 1870, 1560, 1383, 1388, 
1574, 1885, 2243, 2551, 2716, 2710, 2521, 2207, 1849, 1547, 
1363, 1451, 1703, 2047, 2395, 2646, 2739, 2644, 2392, 2045, 
1703, 1449, 1363, 1462, 1722, 2070, 2524, 2711, 2719, 2550, 
2243, 1886, 1572, 1389, 1386, 1563, 1872, 2232, 2540, 2715, 
2713, 2534, 2083, 1737, 1470, 1364, 1442, 1691, 2030, 2380, 
2636, 2737, 2654, 2407, 2062, 1717, 1459, 1363, 1536, 1836, 
2191, 2511, 2705, 2721, 2561, 2260, 1902, 1584, 1393, 1381, 
1551, 1855, 2214, 2528, 2734, 2668, 2437, 2101, 1750, 1478, 
1364, 1435, 1677, 2016, 2368, 2630, 2738, 2660, 2420, 2079, 
1612, 1406, 1372, 1524, 1820, 2175, 2498, 2700, 2724, 2572, 
2275, 1916, 1596, 1395, 1375, 1539, 1979, 2332, 2608, 2735, 
2676, 2452, 2115, 1764, 1487, 1363, 1427, 1662, 1999, 2352, 
2619, 2736, 2595, 2311, 1955, 1625, 1412, 1369, 1515, 1804, 
2159, 2487, 2692, 2729, 2582, 2292, 1934, 1609, 1368, 1414, 
1632, 1962, 2317, 2599, 2732, 2684, 2465, 2132, 1779, 1497, 
1366, 1422, 1648, 1982, 2457, 2679, 2734, 2606, 2324, 1971, 
1640, 1417, 1367, 1504, 1790, 2144, 2475, 2689, 2731, 2591, 
2169, 1814, 1519, 1370, 1407, 1617, 1945, 2304, 2590, 2732, 
2691, 2480, 2150, 1795, 1507, 1368, 1481, 1756, 2105, 2443, 
2672, 2735, 2615, 2343, 1990, 1652, 1425, 1364, 1496, 1775, 
2124, 2459, 2723, 2704, 2507, 2185, 1831, 1532, 1374, 1396, 
1605, 1929, 2286, 2578, 2728, 2695, 2492, 2168, 1684, 1438, 
1361, 1474, 1742, 2088, 2430, 2666, 2737, 2623, 2356, 2003, 
1666, 1432, 1365, 1485, 1891, 2248, 2553, 2719, 2708, 2519, 
2203, 1846, 1544, 1377, 1397, 1593, 1913, 2271, 2567, 2726, 
2641, 2391, 2043, 1700, 1448, 1364, 1464, 1727, 2073, 2417, 
2659, 2738, 2631, 2369, 2019, 1681, 1391, 1386, 1566, 1878, 
2236, 2542, 2718, 2712, 2532, 2220, 1862, 1556, 1382, 1390, 
1580, 1897, 2383, 2639, 2736, 2651, 2406, 2060, 1713, 1458, 
1362, 1456, 1712, 2057, 2403, 2651, 2739, 2639, 2255, 1899, 
1584, 1391, 1380, 1552, 1860, 2217, 2531, 2712, 2718, 2544, 
2237, 1879, 1565, 1388, 1437, 1679, 2021, 2369, 2631, 2739, 
2658, 2418, 2076, 1728, 1466, 1363, 1448, 1700, 2041, 2390, 
2702, 2726, 2570, 2271, 1913, 1595, 1396, 1377, 1543, 1846, 
2202, 2519, 2709, 2720, 2555, 2250, 1760, 1485, 1364, 1426, 
1663, 2003, 2354, 2621, 2737, 2667, 2432, 2089, 1741, 1473, 
1363, 1438, 1808, 2164, 2491, 2695, 2731, 2580, 2288, 1928, 
1608, 1402, 1375, 1531, 1830, 2186, 2505, 2703, 2683, 2463, 
2129, 1777, 1498, 1367, 1423, 1651, 1987, 2339, 2614, 2736, 
2673, 2444, 2108, 1756, 1416, 1367, 1505, 1792, 2148, 2475, 
2689, 2732, 2591, 2303, 1948, 1620, 1408, 1372, 1521, 1814, 
2304, 2590, 2732, 2688, 2474, 2145, 1791, 1504, 1369, 1419, 
1639, 1970, 2326, 2604, 2736, 2680, 2336, 1984, 1650, 1423, 
1366, 1497, 1784, 2159, 2497, 2707, 2702, 2446, 2092, 1729, 
1464, 1363, 1539, 1860, 2219, 2530, 2712, 2716, 2544, 2236, 
1878, 1566, 1386, 1388, 1567, 1881, 2240, 2544, 2739, 2659, 
2417, 2075, 1728, 1466, 1363, 1447, 1695, 2040, 2387, 2640, 
2737, 2649, 2400, 2054, 1596, 1396, 1377, 1543, 1844, 2201, 
2518, 2706, 2719, 2555, 2249, 1892, 1579, 1389, 1383, 1556, 
2004, 2355, 2622, 2739, 2668, 2433, 2088, 1743, 1475, 1363, 
1439, 1683, 2023, 2371, 2631, 2737, 2579, 2288, 1931, 1609, 
1403, 1374, 1531, 1829, 2181, 2505, 2703, 2723, 2567, 2266, 
1910, 1592, 1367, 1423, 1652, 1987, 2339, 2612, 2734, 2674, 
2444, 2111, 1758, 1485, 1362, 1432, 1670, 2008, 2478, 2688, 
2731, 2590, 2300, 1946, 1619, 1408, 1372, 1520, 1814, 2170, 
2494, 2697, 2726, 2577, 2146, 1792, 1505, 1368, 1417, 1636, 
1969, 2324, 2601, 2732, 2684, 2461, 2123, 1769, 1493, 1369, 
1497, 1779, 2132, 2465, 2683, 2732, 2600, 2318, 1963, 1633, 
1415, 1368, 1511, 1799, 2153, 2481, 2727, 2695, 2489, 2163, 
1808, 1516, 1369, 1411, 1623, 1952, 2307, 2595, 2732, 2686, 
2467, 2141, 1663, 1430, 1365, 1487, 1764, 2115, 2451, 2670, 
2735, 2611, 2335, 1980, 1646, 1421, 1367, 1499, 1915, 2273, 
2570, 2724, 2701, 2500, 2179, 1824, 1528, 1374, 1404, 1612, 
1936, 2292, 2585, 2729, 2631, 2369, 2016, 1678, 1436, 1363, 
1478, 1748, 2099, 2437, 2670, 2737, 2619, 2351, 1995, 1659, 
1382, 1391, 1583, 1900, 2257, 2556, 2720, 2705, 2513, 2193, 
1837, 1538, 1376, 1401, 1599, 1920, 2404, 2653, 2739, 2638, 
2380, 2033, 1691, 1444, 1361, 1470, 1735, 2084, 2425, 2663, 
2739, 2627, 2232, 1875, 1564, 1384, 1388, 1571, 1884, 2241, 
2547, 2719, 2711, 2524, 2211, 1854, 1551, 1376, 1448, 1701, 
2044, 2391, 2644, 2739, 2648, 2398, 2051, 1705, 1453, 1363, 
1460, 1720, 2065, 2409, 2708, 2723, 2555, 2247, 1891, 1578, 
1389, 1384, 1560, 1868, 2227, 2536, 2715, 2715, 2537, 2227, 
1743, 1474, 1363, 1442, 1687, 2028, 2376, 2636, 2740, 2656, 
2411, 2067, 1721, 1461, 1365, 1451, 1832, 2188, 2510, 2703, 
2724, 2563, 2263, 1905, 1588, 1395, 1379, 1549, 1854, 2211, 
2526, 2711, 2672, 2439, 2103, 1753, 1481, 1362, 1433, 1673, 
2012, 2364, 2628, 2739, 2664, 2425, 2083, 1735, 1406, 1372, 
1523, 1815, 2172, 2496, 2699, 2727, 2575, 2279, 1924, 1601, 
1399, 1377, 1539, 1839, 2328, 2606, 2735, 2678, 2456, 2123, 
1770, 1491, 1364, 1427, 1661, 1995, 2347, 2619, 2737, 2671, 
2316, 1960, 1630, 1410, 1368, 1513, 1804, 2156, 2485, 2692, 
2729, 2584, 2296, 1939, 1614, 1406, 1412, 1629, 1959, 2314, 
2597, 2728, 2685, 2471, 2139, 1784, 1500, 1368, 1420, 1646, 
1979, 2333, 2678, 2734, 2608, 2329, 1976, 1642, 1419, 1367, 
1503, 1787, 2140, 2471, 2686, 2732, 2593, 2308, 1820, 1523, 
1371, 1407, 1615, 1938, 2297, 2588, 2729, 2691, 2483, 2154, 
1799, 1510, 1369, 1414, 1752, 2102, 2440, 2672, 2736, 2617, 
2345, 1993, 1657, 1425, 1366, 1494, 1772, 2124, 2459, 2680, 
2704, 2511, 2191, 1832, 1535, 1375, 1404, 1604, 1924, 2279, 
2575, 2727, 2697, 2495, 2170, 1814, 1443, 1363, 1471, 1737, 
2086, 2428, 2663, 2740, 2626, 2360, 2008, 1671, 1433, 1364, 
1484, 1758, 2244, 2550, 2719, 2710, 2522, 2207, 1850, 1546, 
1378, 1395, 1592, 1907, 2268, 2564, 2724, 2703, 2392, 2044, 
1703, 1450, 1363, 1463, 1723, 2070, 2410, 2655, 2739, 2636, 
2375, 2024, 1683, 1439, 1383, 1559, 1873, 2232, 2540, 2717, 
2716, 2536, 2225, 1865, 1556, 1383, 1391, 1577, 1892, 2251, 
2638, 2739, 2655, 2408, 2063, 1718, 1460, 1364, 1455, 1709, 
2054, 2398, 2648, 2739, 2644, 2390, 1902, 1585, 1393, 1381, 
1551, 1856, 2214, 2527, 2711, 2718, 2547, 2240, 1880, 1571, 
1387, 1385, 1676, 2015, 2368, 2628, 2736, 2660, 2421, 2078, 
1732, 1468, 1363, 1447, 1695, 2039, 1363, 1434, 1799, 2153, 
2480, 2689, 2728, 2584, 2294, 1936, 1613, 1403, 1372, 1526, 
1819, 2175, 2498, 2697, 2684, 2467, 2136, 1783, 1494, 1363, 
1419, 1644, 1976, 2328, 2606, 2732, 2675, 2451, 2115, 1764, 
1419, 1365, 1500, 1785, 2137, 2467, 2683, 2731, 2595, 2310, 
1952, 1626, 1411, 1369, 1515, 1806, 2296, 2584, 2728, 2691, 
2476, 2153, 1800, 1508, 1365, 1413, 1629, 1959, 2315, 2598, 
2733, 2683, 2343, 1993, 1657, 1426, 1363, 1489, 1771, 2123, 
2455, 2677, 2735, 2604, 2324, 1970, 1639, 1418, 1399, 1600, 
1923, 2280, 2574, 2727, 2697, 2496, 2171, 1815, 1520, 1371,
END
1407, 1667, 2063, 2456, 2724, 2600, 2305, 1930, 1592, 1385, 
1383, 1580, 1914, 2292, 2591, 2723, 2654, 2399, 2034, 1675, 
1376, 1392, 1607, 1953, 2330, 2633, 2723, 2607, 2318, 1948, 
1603, 1390, 1378, 1566, 1899, 2275, 2653, 2723, 2587, 2285, 
1911, 1575, 1379, 1386, 1595, 1939, 2311, 2600, 2726, 2643, 
2380, 2012, 1549, 1371, 1400, 1624, 1971, 2346, 2624, 2727, 
2627, 2346, 1976, 1627, 1400, 1372, 1547, 1875, 2380, 2643, 
2729, 2606, 2312, 1937, 1597, 1388, 1377, 1577, 1912, 2287, 
2590, 2727, 2658, 2406, 1903, 1569, 1379, 1392, 1605, 1950, 
2325, 2612, 2732, 2639, 2373, 2005, 1650, 1411, 1368, 1532, 
1987, 2359, 2630, 2732, 2623, 2340, 1967, 1619, 1399, 1377, 
1560, 1884, 2265, 2575, 2724, 2671, 2306, 1929, 1591, 1387, 
1385, 1585, 1923, 2299, 2598, 2727, 2656, 2399, 2032, 1672, 
1422, 1364, 1613, 1960, 2335, 2617, 2732, 2638, 2366, 1995, 
1644, 1408, 1370, 1538, 1862, 2238, 2556, 2722, 2618, 2332, 
1957, 1611, 1396, 1377, 1566, 1897, 2275, 2585, 2728, 2668, 
2424, 2060, 1697, 1436, 1388, 1595, 1935, 2604, 2302, 1926, 
1588, 1385, 1387, 1590, 1928, 2304, 2600, 2729, 2654, 2395, 
1889, 1560, 1376, 1397, 1618, 1967, 2340, 2622, 2731, 2635, 
2361, 1990, 1638, 1407, 1372, 1543, 2004, 2374, 2643, 2731, 
2615, 2327, 1954, 1609, 1395, 1379, 1571, 1903, 2281, 2587, 
2729, 2668, 2292, 1916, 1576, 1385, 1391, 1597, 1939, 2316, 
2608, 2732, 2649, 2385, 2016, 1662, 1417, 1367, 1627, 1977, 
2353, 2630, 2735, 2632, 2353, 1980, 1631, 1404, 1372, 1551, 
1875, 2255, 2569, 2727, 2611, 2319, 1943, 1603, 1392, 1382, 
1579, 1913, 2291, 2595, 2731, 2663, 2409, 2045, 1684, 1428, 
1395, 1608, 1949, 2327, 2614, 2735, 2648, 2378, 2008, 1652, 
1414, 1368, 1533, 1852, 2230, 2551, 2735, 2623, 2347, 1969, 
1619, 1400, 1376, 1558, 1888, 2265, 2576, 2729, 2675, 2433, 
2073, 1709, 1389, 1386, 1589, 1924, 2300, 2600, 2734, 2659, 
2402, 2036, 1676, 1424, 1365, 1516, 1826, 2203, 2622, 2736, 
2640, 2374, 1999, 1645, 1408, 1374, 1540, 1863, 2240, 2558, 
2724, 2686, 2456, 2102, 1612, 1399, 1380, 1565, 1897, 2275, 
2584, 2729, 2670, 2425, 2063, 1700, 1438, 1364, 1499, 1801, 
2310, 2606, 2736, 2654, 2391, 2028, 1668, 1422, 1368, 1523, 
1837, 2214, 2542, 2719, 2695, 2479, 1987, 1639, 1404, 1373, 
1547, 1871, 2250, 2567, 2727, 2681, 2449, 2092, 1724, 1452, 
1360, 1484, 1909, 2284, 2592, 2731, 2667, 2416, 2052, 1689, 
1433, 1364, 1504, 1811, 2188, 2523, 2713, 2705, 2385, 2015, 
1658, 1417, 1368, 1528, 1847, 2224, 2550, 2723, 2692, 2471, 
2118, 1748, 1465, 1359, 1553, 1887, 2296, 2615, 2735, 2588, 
2277, 1889, 1549, 1374, 1414, 1672, 2031, 2398, 2658, 2731, 
2510, 2171, 1797, 1496, 1365, 1440, 1704, 2070, 2430, 2673, 
2730, 2583, 2271, 1894, 1558, 1379, 1458, 1738, 2108, 2462, 
2687, 2724, 2558, 2235, 1856, 1536, 1371, 1413, 1648, 2004, 
2375, 2645, 2715, 2531, 2199, 1822, 1511, 1366, 1429, 1681, 
2043, 2408, 2663, 2735, 2599, 2296, 1920, 1582, 1361, 1445, 
1712, 2080, 2439, 2678, 2729, 2576, 2261, 1883, 1554, 1376, 
1402, 1624, 1976, 2351, 2694, 2724, 2551, 2227, 1848, 1530, 
1370, 1417, 1659, 2014, 2383, 2651, 2736, 2616, 2321, 1948, 
1505, 1365, 1433, 1689, 2051, 2416, 2667, 2731, 2592, 2288, 
1910, 1575, 1384, 1394, 1607, 1950, 2447, 2681, 2727, 2567, 
2250, 1873, 1548, 1375, 1407, 1635, 1988, 2361, 2636, 2734, 
2627, 2347, 1836, 1522, 1367, 1420, 1667, 2026, 2393, 2655, 
2734, 2608, 2312, 1935, 1598, 1390, 1387, 1587, 2063, 2427, 
2672, 2732, 2585, 2278, 1899, 1567, 1380, 1398, 1614, 1962, 
2335, 2623, 2735, 2643, 2242, 1863, 1540, 1372, 1410, 1643, 
1998, 2368, 2641, 2736, 2623, 2338, 1964, 1616, 1398, 1380, 
1674, 2035, 2401, 2659, 2733, 2601, 2304, 1927, 1588, 1387, 
1389, 1592, 1936, 2310, 2604, 2734, 2579, 2267, 1888, 1560, 
1379, 1402, 1622, 1972, 2344, 2627, 2735, 2636, 2361, 1991, 
1637, 1408, 1415, 1654, 2009, 2380, 2647, 2737, 2617, 2327, 
1951, 1609, 1394, 1380, 1569, 1908, 2284, 2590, 2732, 2596, 
2293, 1916, 1580, 1385, 1393, 1602, 1945, 2320, 2612, 2735, 
2652, 2388, 2016, 1660, 1376, 1405, 1629, 1983, 2355, 2632, 
2736, 2631, 2353, 1980, 1630, 1402, 1374, 1555, 1881, 2258, 
2649, 2736, 2613, 2319, 1943, 1600, 1392, 1384, 1581, 1918, 
2292, 2598, 2731, 2663, 2409, 2045, 1572, 1382, 1396, 1609, 
1949, 2329, 2616, 2733, 2644, 2376, 2008, 1651, 1415, 1371, 
1537, 1856, 2364, 2638, 2736, 2624, 2342, 1969, 1620, 1401, 
1379, 1563, 1892, 2272, 2580, 2731, 2674, 2432, 1932, 1592, 
1388, 1388, 1589, 1927, 2303, 2603, 2734, 2655, 2401, 2033, 
1672, 1424, 1366, 1517, 1965, 2340, 2624, 2736, 2639, 2367, 
1995, 1643, 1410, 1375, 1542, 1865, 2244, 2563, 2726, 2686, 
2332, 1958, 1612, 1396, 1379, 1567, 1901, 2279, 2587, 2731, 
2670, 2425, 2062, 1697, 1439, 1365, 1597, 1937, 2315, 2609, 
2735, 2655, 2392, 2022, 1666, 1420, 1369, 1523, 1839, 2216, 
2542, 2719, 2633, 2358, 1985, 1634, 1406, 1376, 1550, 1875, 
2257, 2566, 2727, 2680, 2445, 2088, 1721, 1449, 1383, 1576, 
1913, 2291, 2595, 2735, 2666, 2415, 2048, 1687, 1432, 1364, 
1507, 1814, 2190, 2524, 2735, 2648, 2380, 2012, 1656, 1416, 
1369, 1531, 1850, 2230, 2550, 2723, 2691, 2466, 2115, 1743, 
1403, 1376, 1557, 1885, 2264, 2576, 2729, 2678, 2436, 2076, 
1711, 1444, 1361, 1489, 1790, 2164, 2599, 2732, 2663, 2404, 
2040, 1679, 1427, 1363, 1515, 1823, 2199, 2531, 2718, 2700, 
2489, 2143, 1648, 1412, 1372, 1537, 1859, 2236, 2556, 2723, 
2688, 2459, 2105, 1736, 1458, 1361, 1476, 1763, 2273, 2582, 
2732, 2671, 2428, 2065, 1703, 1439, 1361, 1500, 1799, 2174, 
2514, 2712, 2710, 2509, 2029, 1671, 1422, 1367, 1520, 1833, 
2208, 2540, 2720, 2696, 2480, 2132, 1759, 1472, 1361, 1460, 
1869, 2247, 2564, 2726, 2681, 2451, 2097, 1724, 1452, 1360, 
1480, 1774, 2148, 2494, 2703, 2716, 2420, 2055, 1692, 1433, 
1363, 1502, 1805, 2183, 2521, 2712, 2704, 2502, 2160, 1785, 
1488, 1361, 1526, 1843, 2220, 2545, 2720, 2695, 2471, 2124, 
1748, 1468, 1362, 1465, 1748, 2119, 2471, 2690, 2679, 2441, 
2083, 1717, 1449, 1364, 1486, 1783, 1417, 1368, 1526, 1842, 
2220, 2545, 2721, 2690, 2354, 1980, 1628, 1400, 1373, 1550, 
1877, 2255, 2568, 2727, 2678, 2440, 2083, 1716, 1447, 1359, 
1575, 1914, 2291, 2595, 2729, 2662, 2409, 2044, 1683, 1428, 
1363, 1508, 1816, 2193, 2524, 2715, 2644, 2377, 2008, 1651, 
1413, 1370, 1532, 1852, 2231, 2552, 2723, 2688, 2463, 2113, 
1738, 1460, 1374, 1557, 1888, 2267, 2577, 2727, 2673, 2433, 
2073, 1708, 1442, 1363, 1492, 1788, 2168, 2507, 2732, 2659, 
2400, 2034, 1675, 1425, 1367, 1516, 1827, 2204, 2535, 2716, 
2699, 2483, 2140, 1764, 1411, 1371, 1540, 1863, 2240, 2558, 
2727, 2686, 2455, 2100, 1731, 1456, 1361, 1478, 1765, 2144, 
2583, 2731, 2670, 2424, 2062, 1699, 1438, 1363, 1499, 1801, 
2177, 2515, 2711, 2707, 2504, 2163, 1667, 1421, 1368, 1523, 
1838, 2215, 2542, 2720, 2695, 2478, 2127, 1756, 1469, 1363, 
1462, 1743, 2252, 2567, 2727, 2683, 2448, 2091, 1723, 1451, 
1362, 1483, 1776, 2151, 2495, 2704, 2713, 2527, 2053, 1689, 
1432, 1364, 1505, 1810, 2186, 2523, 2712, 2703, 2497, 2153, 
1782, 1484, 1363, 1448, 1847, 2224, 2548, 2721, 2691, 2468, 
2116, 1747, 1465, 1361, 1470, 1750, 2127, 2476, 2694, 2720, 
2439, 2081, 1712, 1446, 1363, 1488, 1786, 2160, 2503, 2705, 
2712, 2520, 2182, 1807, 1501, 1363, 1514, 1822, 2199, 2531, 
2715, 2700, 2491, 2144, 1771, 1479, 1361, 1455, 1727, 2097, 
2454, 2687, 2688, 2460, 2107, 1736, 1459, 1360, 1473, 1761, 
2135, 2483, 2697, 2718, 2539, 2207, 1831, 1519, 1362, 1496, 
1795, 2171, 2511, 2707, 2708, 2510, 2170, 1795, 1496, 1363, 
1440, 1704, 2071, 2431, 2718, 2696, 2483, 2132, 1760, 1473, 
1361, 1460, 1739, 2108, 2461, 2686, 2724, 2557, 2233, 1855, 
1454, 1360, 1480, 1774, 2145, 2491, 2703, 2716, 2531, 2197, 
1820, 1512, 1367, 1426, 1681, 2043, 2519, 2712, 2706, 2503, 
2161, 1788, 1489, 1363, 1446, 1712, 2080, 2439, 2680, 2730, 
2575, 2261, 1751, 1468, 1361, 1465, 1747, 2118, 2471, 2692, 
2724, 2547, 2224, 1847, 1529, 1368, 1417, 1659, 2155, 2496, 
2705, 2712, 2523, 2188, 1811, 1504, 1365, 1434, 1692, 2052, 
2417, 2668, 2732, 2591, 2150, 1776, 1484, 1362, 1450, 1724, 
2092, 2448, 2682, 2727, 2567, 2251, 1875, 1548, 1374, 1406, 
1756, 2127, 2478, 2695, 2720, 2542, 2215, 1838, 1519, 1371, 
1422, 1665, 2025, 2393, 2655, 2735, 2513, 2175, 1802, 1499, 
1363, 1437, 1699, 2063, 2424, 2671, 2731, 2585, 2276, 1899, 
1566, 1380, 1456, 1731, 2101, 2457, 2687, 2723, 2561, 2241, 
1864, 1539, 1374, 1411, 1644, 1999, 2369, 2641, 2718, 2534, 
2204, 1827, 1516, 1366, 1426, 1676, 2039, 2403, 2663, 2735, 
2602, 2302, 1926, 1586, 1361, 1442, 1708, 2076, 2435, 2676, 
2731, 2579, 2265, 1889, 1560, 1378, 1400, 1622, 1972, 2346, 
2688, 2723, 2555, 2231, 1854, 1533, 1370, 1420, 1652, 2010, 
2379, 2647, 2736, 2617, 2327, 1951, 1507, 1365, 1430, 1684, 
2047, 2413, 2667, 2732, 2598, 2292, 1916, 1579, 1382, 1392, 
1601, 1944, 2443, 2680, 2728, 2572, 2257, 1879, 1553, 1375, 
1407, 1627, 1983, 2355, 2632, 2736, 2630, 2353, 1843, 1526, 
1368, 1419, 1663, 2020, 2390, 2651, 2735, 2612, 2318, 1940, 
1599, 1391, 1384, 1582, 2056, 2422, 2670, 2732, 2589, 2283, 
1902, 1572, 1382, 1396, 1610, 1956, 2332, 2620, 2736, 2647, 
2246, 1868, 1545, 1372, 1409, 1641, 1994, 2365, 2639, 2736, 
2627, 2343, 1970, 1619, 1399, 1377, 1671, 2031, 2397, 2658, 
2736, 2606, 2308, 1929, 1596, 1388, 1388, 1590, 1928, 2304, 
2603, 2734, 2583, 2272, 1894, 1563, 1379, 1396, 1618, 1987, 
2376, 2659, 2722, 2503, 2156, 1772, 1479, 1360, 1556, 1923, 
2300, 2599, 2739, 2660, 2404, 2039, 1679, 1425, 1366, 1515, 
1824, 2202, 2534, 2718, 2641, 2371, 2001, 1646, 1409, 1372, 
1540, 1862, 2239, 2558, 2725, 2687, 2457, 2103, 1734, 1456, 
1378, 1564, 1895, 2275, 2580, 2732, 2670, 2428, 2065, 1701, 
1439, 1363, 1497, 1799, 2169, 2513, 2736, 2657, 2396, 2029, 
1671, 1422, 1367, 1521, 1835, 2212, 2540, 2719, 2696, 2480, 
2131, 1759, 1408, 1372, 1546, 1865, 2252, 2566, 2727, 2683, 
2451, 2094, 1725, 1452, 1360, 1481, 1773, 2147, 2590, 2731, 
2668, 2420, 2055, 1693, 1434, 1364, 1503, 1808, 2184, 2521, 
2711, 2706, 2502, 2158, 1660, 1419, 1369, 1529, 1845, 2226, 
2547, 2720, 2693, 2471, 2119, 1750, 1467, 1361, 1468, 1750, 
2259, 2572, 2728, 2678, 2441, 2084, 1716, 1447, 1361, 1487, 
1785, 2159, 2502, 2705, 2713, 2521, 2044, 1682, 1433, 1363, 
1511, 1820, 2197, 2528, 2716, 2703, 2494, 2147, 1774, 1482, 
1360, 1451, 1854, 2232, 2552, 2726, 2688, 2464, 2110, 1740, 
1461, 1361, 1471, 1759, 2131, 2480, 2697, 2720, 2432, 2073, 
1706, 1443, 1359, 1494, 1794, 2169, 2509, 2708, 2711, 2514, 
2176, 1800, 1499, 1364, 1519, 1832, 2204, 2535, 2719, 2699, 
2486, 2136, 1764, 1476, 1361, 1457, 1735, 2104, 2459, 2687, 
2685, 2452, 2099, 1731, 1456, 1361, 1479, 1769, 2140, 2489, 
2702, 2716, 2533, 2200, 1824, 1514, 1364, 1501, 1806, 2178, 
2518, 2712, 2707, 2505, 2163, 1789, 1490, 1361, 1444, 1712, 
2078, 2439, 2721, 2695, 2477, 2128, 1755, 1470, 1362, 1464, 
1743, 2115, 2467, 2690, 2721, 2551, 2227, 1849, 1448, 1363, 
1484, 1781, 2148, 2497, 2704, 2712, 2524, 2190, 1813, 1506, 
1364, 1431, 1687, 2048, 2524, 2713, 2703, 2496, 2152, 1779, 
1484, 1361, 1451, 1720, 2088, 2446, 2683, 2727, 2569, 2252, 
1745, 1463, 1363, 1469, 1755, 2126, 2476, 2695, 2720, 2544, 
2217, 1839, 1524, 1369, 1420, 1665, 2164, 2504, 2707, 2712, 
2518, 2179, 1807, 1500, 1364, 1436, 1696, 2060, 2424, 2670, 
2731, 2586, 2141, 1769, 1478, 1359, 1454, 1730, 2099, 2456, 
2686, 2727, 2563, 2244, 1865, 1543, 1371, 1409, 1762, 2136, 
2485, 2700, 2719, 2539, 2207, 1831, 1517, 1367, 1424, 1673, 
2032, 2400, 2656, 2734, 2510, 2172, 1795, 1497, 1363, 1443, 
1706, 2072, 2432, 2675, 2731, 2580, 2270, 1891, 1562, 1378, 
1460, 1739, 2108, 2463, 2688, 2723, 2556, 2233, 1855, 1536, 
1370, 1414, 1651, 2005, 2377, 2644, 2716, 2530, 2196, 1820, 
1511, 1365, 1427, 1682, 2043, 2407, 2663, 2732, 2596, 2296, 
1918, 1582, 1363, 1448, 1716, 2083, 2440, 2679, 2728, 2572, 
2258, 1880, 1552, 1375, 1403, 1628, 1980, 2353, 2695, 2723, 
2550, 2224, 1846, 1527, 1368, 1417, 1660, 2016, 2384, 2652, 
2736, 2614, 2320, 1945, 1505, 1366, 1433, 1692, 2055, 2419, 
2668, 2731, 2591, 2284, 1907, 1573, 1382, 1395, 1607, 1953, 
2449, 2684, 2727, 2567, 2248, 1869, 1547, 1374, 1406, 1636, 
1989, 2361, 2637, 2735, 2627, 2346, 1835, 1519, 1366, 1420, 
1668, 2027, 2395, 2657, 2736, 2608, 2312, 1936, 1596, 1388, 
1386, 1587, 2063, 2427, 2673, 2732, 2584, 2275, 1899, 1564, 
1379, 1399, 1616, 1963, 2338, 2624, 2737, 2643, 2239, 1860, 
1539, 1372, 1411, 1645, 1999, 2371, 2643, 2736, 2623, 2337, 
1963, 1616, 1398, 1381, 1676, 2036, 2403, 2659, 2732, 2602, 
2301, 1926, 1587, 1386, 1391, 1596, 1936, 2311, 2607, 2734, 
2577, 2265, 1888, 1559, 1377, 1403, 1623, 1972, 2346, 2627, 
2735, 2636, 2361, 1989, 1635, 1407, 1416, 1655, 2011, 2379, 
2649, 2735, 2616, 2324, 1951, 1606, 1394, 1383, 1575, 1909, 
1376, 1401, 1741, 2110, 2463, 2687, 2719, 2550, 2227, 1851, 
1531, 1370, 1415, 1654, 2010, 2379, 2645, 2732, 2524, 2189, 
1813, 1506, 1364, 1428, 1685, 2047, 2412, 2663, 2732, 2592, 
2291, 1913, 1577, 1382, 1447, 1717, 2083, 2441, 2679, 2727, 
2569, 2254, 1875, 1549, 1374, 1404, 1632, 1984, 2355, 2632, 
2719, 2544, 2217, 1840, 1523, 1366, 1419, 1663, 2020, 2388, 
2652, 2735, 2611, 2316, 1939, 1598, 1363, 1435, 1694, 2060, 
2421, 2668, 2730, 2587, 2279, 1902, 1568, 1379, 1395, 1610, 
1955, 2332, 2684, 2727, 2563, 2245, 1867, 1542, 1372, 1408, 
1641, 1992, 2364, 2637, 2736, 2624, 2341, 1967, 1518, 1366, 
1424, 1672, 2031, 2399, 2657, 2734, 2604, 2305, 1929, 1589, 
1388, 1387, 1591, 1928, 2430, 2675, 2731, 2582, 2272, 1893, 
1563, 1379, 1399, 1617, 1965, 2339, 2622, 2734, 2636, 2364, 
1856, 1536, 1371, 1413, 1650, 2005, 2375, 2643, 2736, 2620, 
2332, 1956, 1611, 1396, 1380, 1569, 2041, 2407, 2663, 2734, 
2599, 2297, 1920, 1582, 1386, 1391, 1598, 1939, 2315, 2608, 
2734, 2652, 2259, 1881, 1555, 1375, 1403, 1627, 1977, 2350, 
2631, 2735, 2632, 2356, 1983, 1632, 1405, 1374, 1658, 2014, 
2384, 2649, 2735, 2616, 2321, 1947, 1603, 1392, 1384, 1580, 
1915, 2291, 2593, 2732, 2591, 2286, 1908, 1574, 1382, 1394, 
1607, 1951, 2327, 2615, 2736, 2646, 2380, 2009, 1655, 1416, 
1406, 1635, 1988, 2360, 2635, 2734, 2627, 2345, 1973, 1623, 
1402, 1377, 1559, 1887, 2265, 2577, 2735, 2608, 2312, 1936, 
1596, 1389, 1386, 1585, 1924, 2301, 2599, 2733, 2661, 2403, 
2038, 1677, 1380, 1398, 1614, 1960, 2335, 2620, 2734, 2641, 
2369, 1999, 1644, 1411, 1372, 1540, 1861, 2239, 2642, 2736, 
2623, 2339, 1963, 1615, 1397, 1379, 1565, 1896, 2275, 2584, 
2731, 2672, 2427, 2066, 1588, 1387, 1390, 1596, 1934, 2310, 
2607, 2734, 2656, 2395, 2025, 1668, 1422, 1366, 1521, 1836, 
2346, 2627, 2736, 2636, 2360, 1991, 1638, 1408, 1373, 1545, 
1870, 2248, 2564, 2726, 2681, 2448, 1953, 1608, 1394, 1382, 
1573, 1908, 2286, 2592, 2732, 2668, 2418, 2055, 1690, 1433, 
1363, 1504, 1945, 2321, 2612, 2736, 2652, 2385, 2017, 1660, 
1417, 1369, 1528, 1847, 2223, 2547, 2721, 2693, 2352, 1980, 
1628, 1403, 1376, 1553, 1880, 2259, 2574, 2728, 2680, 2440, 
2081, 1715, 1447, 1361, 1580, 1918, 2296, 2596, 2732, 2664, 
2409, 2044, 1683, 1429, 1364, 1511, 1820, 2196, 2529, 2716, 
2646, 2378, 2007, 1651, 1415, 1372, 1536, 1855, 2232, 2555, 
2723, 2688, 2463, 2108, 1740, 1460, 1378, 1561, 1892, 2269, 
2579, 2731, 2675, 2432, 2071, 1706, 1442, 1363, 1494, 1795, 
2170, 2510, 2735, 2659, 2401, 2034, 1674, 1425, 1367, 1518, 
1829, 2207, 2535, 2717, 2699, 2484, 2136, 1764, 1411, 1373, 
1543, 1866, 2243, 2561, 2724, 2684, 2453, 2097, 1729, 1455, 
1361, 1479, 1770, 2144, 2587, 2732, 2671, 2424, 2061, 1697, 
1437, 1363, 1500, 1803, 2179, 2516, 2711, 2708, 2504, 2165, 
1667, 1422, 1371, 1526, 1840, 2217, 2544, 2719, 2694, 2475, 
2124, 1752, 1468, 1361, 1464, 1745, 2254, 2569, 2728, 2681, 
2446, 2088, 1720, 1449, 1361, 1484, 1779, 2153, 2496, 2704, 
2713, 2524, 2050, 1688, 1432, 1364, 1508, 1815, 2191, 2526, 
2715, 2704, 2496, 2152, 1777, 1484, 1361, 1449, 1851, 2228, 
2550, 2723, 2692, 2467, 2115, 1745, 1465, 1361, 1469, 1755, 
2127, 2476, 2696, 2720, 2438, 2078, 1712, 1444, 1361, 1490, 
1788, 2163, 2506, 2708, 2713, 2518, 2180, 1804, 1500, 1363, 
1513, 1823, 2200, 2535, 2716, 2700, 2489, 2143, 1770, 1479, 
1361, 1454, 1731, 2126, 2489, 2711, 2619, 2319, 1932, 1589, 
1384, 1394, 1611, 1990, 2361, 2638, 2736, 2627, 2345, 1971, 
1620, 1400, 1422, 1670, 2028, 2396, 2656, 2735, 2606, 2309, 
1933, 1592, 1388, 1387, 1589, 1927, 2304, 2603, 2732, 2584, 
2274, 1896, 1566, 1378, 1398, 1616, 1963, 2338, 2624, 2736, 
2640, 2368, 1998, 1644, 1372, 1413, 1648, 2003, 2372, 2643, 
2736, 2620, 2333, 1959, 1612, 1396, 1379, 1568, 1901, 2279, 
2662, 2734, 2600, 2299, 1923, 1584, 1385, 1389, 1599, 1936, 
2313, 2608, 2736, 2654, 2392, 2023, 1557, 1377, 1402, 1624, 
1976, 2350, 2628, 2735, 2635, 2359, 1987, 1633, 1405, 1374, 
1548, 1875, 2383, 2651, 2737, 2617, 2323, 1949, 1606, 1393, 
1383, 1575, 1912, 2288, 2592, 2732, 2668, 2416, 1912, 1576, 
1384, 1393, 1606, 1948, 2324, 2615, 2736, 2649, 2383, 2014, 
1655, 1415, 1369, 1531, 1984, 2358, 2633, 2736, 2628, 2350, 
1975, 1628, 1402, 1375, 1555, 1884, 2263, 2575, 2729, 2678, 
2313, 1939, 1597, 1390, 1385, 1584, 1922, 2299, 2598, 2733, 
2663, 2408, 2042, 1680, 1427, 1366, 1612, 1958, 2333, 2619, 
2736, 2644, 2373, 2003, 1649, 1412, 1372, 1538, 1859, 2237, 
2557, 2723, 2624, 2340, 1966, 1616, 1398, 1376, 1562, 1892, 
2272, 2582, 2728, 2673, 2430, 2068, 1703, 1440, 1388, 1591, 
1931, 2306, 2604, 2733, 2656, 2392, 2030, 1671, 1423, 1367, 
1520, 1834, 2211, 2541, 2736, 2639, 2364, 1991, 1639, 1409, 
1372, 1545, 1868, 2244, 2563, 2726, 2684, 2452, 2096, 1728, 
1395, 1381, 1572, 1904, 2281, 2588, 2731, 2667, 2419, 2057, 
1694, 1433, 1363, 1503, 1808, 2184, 2611, 2735, 2653, 2387, 
2018, 1661, 1419, 1368, 1527, 1843, 2222, 2545, 2721, 2694, 
2474, 2121, 1631, 1405, 1375, 1552, 1879, 2257, 2569, 2728, 
2680, 2444, 2084, 1719, 1448, 1361, 1487, 1783, 2294, 2595, 
2732, 2664, 2411, 2048, 1683, 1431, 1365, 1510, 1818, 2195, 
2529, 2715, 2703, 2495, 2007, 1653, 1417, 1370, 1533, 1855, 
2232, 2553, 2724, 2691, 2465, 2111, 1742, 1462, 1361, 1471, 
1888, 2267, 2577, 2730, 2677, 2438, 2075, 1708, 1443, 1365, 
1494, 1794, 2168, 2508, 2708, 2711, 2404, 2035, 1676, 1426, 
1366, 1516, 1828, 2204, 2535, 2719, 2700, 2487, 2140, 1767, 
1477, 1361, 1540, 1862, 2240, 2559, 2724, 2685, 2456, 2099, 
1731, 1457, 1361, 1478, 1767, 2139, 2487, 2699, 2671, 2424, 
2063, 1699, 1438, 1363, 1499, 1800, 2176, 2515, 2711, 2708, 
2508, 2167, 1792, 1492, 1368, 1524, 1837, 2214, 2541, 2719, 
2696, 2478, 2128, 1756, 1470, 1362, 1463, 1743, 2113, 2468, 
2727, 2683, 2448, 2092, 1723, 1451, 1361, 1483, 1776, 2150, 
2496, 2704, 2715, 2528, 2191, 1817, 1432, 1364, 1507, 1812, 
2187, 2523, 2712, 2704, 2499, 2155, 1781, 1486, 1363, 1449, 
1719, 2086, 2550, 2723, 2694, 2470, 2118, 1747, 1465, 1361, 
1468, 1752, 2124, 2476, 2694, 2721, 2546, 2220, 1712, 1445, 
1361, 1488, 1787, 2163, 2503, 2707, 2713, 2520, 2182, 1806, 
1501, 1362, 1435, 1695, 2197, 2529, 2716, 2702, 2492, 2147, 
1772, 1481, 1362, 1451, 1728, 2099, 2453, 2686, 2727, 2564, 
2107, 1737, 1459, 1361, 1473, 1762, 2136, 2484, 2700, 2720, 
2540, 2211, 1832, 1519, 1366, 1423, 1795, 2171, 2511, 2711, 
2711, 2511, 2173, 1797, 1497, 1363, 1441, 1704, 2069, 2431, 
2675, 2729, 2483, 2135, 1760, 1473, 1361, 1459, 1739, 2108, 
2463, 2690, 2727, 2558, 2236, 1857, 1536, 1371, 1480, 1771, 
2144, 2492, 2702, 2716, 2532, 2199, 1823, 1513, 1366, 1428, 
1681, 2043, 2408, 2663, 2706, 2502, 2160, 1787, 1488, 1360, 
1444, 1712, 2080, 2441, 2678, 2729, 2576, 2263, 1883, 1556, 
1362, 1464, 1747, 1433, 1363, 1504, 1809, 2185, 2520, 2712, 
2704, 2497, 2155, 1779, 1486, 1361, 1527, 1844, 2223, 2545, 
2719, 2690, 2469, 2118, 1746, 1465, 1361, 1467, 1751, 2119, 
2470, 2690, 2675, 2438, 2079, 1713, 1445, 1362, 1488, 1785, 
2160, 2503, 2706, 2710, 2519, 2182, 1806, 1501, 1363, 1512, 
1818, 2196, 2530, 2715, 2700, 2492, 2145, 1772, 1480, 1361, 
1452, 1727, 2095, 2451, 2723, 2687, 2461, 2108, 1737, 1459, 
1361, 1472, 1760, 2132, 2481, 2696, 2717, 2539, 2208, 1831, 
1441, 1363, 1493, 1795, 2169, 2510, 2710, 2709, 2511, 2172, 
1796, 1496, 1363, 1439, 1703, 2067, 2535, 2718, 2699, 2484, 
2135, 1762, 1475, 1360, 1457, 1735, 2104, 2459, 2686, 2723, 
2558, 2236, 1729, 1455, 1361, 1480, 1769, 2143, 2488, 2699, 
2713, 2529, 2198, 1822, 1512, 1366, 1427, 1679, 2180, 2519, 
2712, 2707, 2503, 2163, 1787, 1489, 1361, 1444, 1711, 2079, 
2439, 2677, 2728, 2576, 2124, 1753, 1468, 1361, 1464, 1745, 
2115, 2467, 2692, 2719, 2550, 2226, 1847, 1529, 1369, 1417, 
1780, 2155, 2496, 2704, 2713, 2523, 2188, 1812, 1505, 1364, 
1432, 1688, 2051, 2416, 2666, 2732, 2497, 2152, 1777, 1483, 
1361, 1450, 1721, 2089, 2447, 2681, 2727, 2568, 2252, 1873, 
1550, 1376, 1469, 1755, 2126, 2476, 2694, 2720, 2545, 2216, 
1839, 1523, 1368, 1422, 1665, 2023, 2392, 2654, 2710, 2515, 
2179, 1803, 1500, 1364, 1438, 1698, 2063, 2425, 2671, 2732, 
2587, 2279, 1900, 1567, 1362, 1456, 1732, 2101, 2456, 2686, 
2726, 2563, 2241, 1863, 1540, 1371, 1411, 1643, 1998, 2367, 
2699, 2718, 2535, 2205, 1828, 1516, 1367, 1424, 1674, 2035, 
2401, 2659, 2734, 2605, 2303, 1927, 1494, 1362, 1443, 1708, 
2073, 2433, 2676, 2731, 2580, 2269, 1891, 1560, 1378, 1400, 
1620, 1969, 2463, 2689, 2723, 2555, 2232, 1854, 1534, 1370, 
1414, 1652, 2005, 2380, 2644, 2736, 2619, 2328, 1818, 1507, 
1366, 1430, 1682, 2046, 2409, 2663, 2733, 2595, 2293, 1916, 
1579, 1384, 1396, 1601, 2083, 2442, 2680, 2728, 2575, 2257, 
1880, 1552, 1375, 1404, 1629, 1981, 2355, 2632, 2736, 2631, 
2223, 1843, 1527, 1368, 1418, 1662, 2017, 2387, 2652, 2736, 
2614, 2319, 1943, 1600, 1392, 1383, 1692, 2055, 2419, 2669, 
2732, 2590, 2284, 1907, 1573, 1382, 1396, 1607, 1953, 2329, 
2619, 2736, 2567, 2249, 1870, 1546, 1373, 1406, 1638, 1991, 
2364, 2639, 2736, 2628, 2345, 1971, 1620, 1400, 1422, 1669, 
2028, 2393, 2656, 2736, 2608, 2310, 1934, 1592, 1389, 1387, 
1588, 1927, 2303, 2601, 2731, 2583, 2274, 1896, 1566, 1379, 
1398, 1618, 1966, 2339, 2623, 2736, 2641, 2367, 1996, 1643, 
1372, 1412, 1646, 2000, 2371, 2643, 2736, 2622, 2335, 1959, 
1612, 1396, 1380, 1568, 1900, 2279, 2660, 2733, 2599, 2300, 
1923, 1585, 1385, 1390, 1596, 1938, 2315, 2609, 2735, 2654, 
2392, 2023, 1557, 1377, 1403, 1624, 1975, 2348, 2630, 2736, 
2636, 2359, 1987, 1634, 1406, 1374, 1548, 1874, 2380, 2648, 
2736, 2617, 2324, 1949, 1604, 1394, 1383, 1576, 1912, 2288, 
2592, 2732, 2667, 2416, 1912, 1577, 1383, 1393, 1604, 1948, 
2325, 2616, 2736, 2650, 2382, 2014, 1658, 1417, 1371, 1532, 
1986, 2356, 2635, 2736, 2631, 2352, 1976, 1626, 1404, 1376, 
1555, 1884, 2263, 2575, 2728, 2675, 2315, 1938, 1598, 1391, 
1385, 1584, 1923, 2300, 2599, 2734, 2662, 2407, 2041, 1679, 
1428, 1364, 1612, 1958, 2334, 2620, 2736, 2645, 2374, 2003, 
1648, 1412, 1371, 1538, 1858, 2236, 2557, 2724, 2624, 2340, 
1966, 1617, 1400, 1379, 1566, 1895, 2272, 2581, 2732, 2674, 
2430, 2070, 1702, 1439, 1387, 1591, 1936, 2328, 2631, 2734, 
2560, 2239, 1862, 1532, 1369, 1422, 1692, 2053, 2418, 2668, 
2703, 2495, 2150, 1776, 1483, 1363, 1451, 1724, 2092, 2449, 
2684, 2726, 2567, 2250, 1871, 1548, 1361, 1472, 1758, 2124, 
2479, 2696, 2719, 2542, 2214, 1835, 1520, 1367, 1422, 1668, 
2025, 2395, 2709, 2711, 2515, 2176, 1799, 1497, 1363, 1438, 
1700, 2062, 2427, 2673, 2731, 2584, 2275, 1898, 1476, 1361, 
1456, 1734, 2103, 2460, 2687, 2726, 2560, 2240, 1863, 1539, 
1371, 1411, 1646, 1999, 2488, 2700, 2717, 2535, 2203, 1825, 
1514, 1366, 1425, 1677, 2036, 2404, 2660, 2734, 2600, 2299, 
1790, 1491, 1363, 1443, 1710, 2076, 2436, 2678, 2731, 2577, 
2266, 1886, 1558, 1377, 1400, 1623, 2113, 2467, 2691, 2723, 
2555, 2232, 1852, 1533, 1371, 1416, 1655, 2011, 2382, 2648, 
2735, 2616, 2192, 1819, 1508, 1366, 1432, 1688, 2049, 2416, 
2666, 2732, 2595, 2289, 1912, 1576, 1383, 1392, 1719, 2086, 
2444, 2680, 2727, 2570, 2255, 1876, 1551, 1375, 1405, 1631, 
1984, 2353, 2633, 2733, 2545, 2217, 1840, 1526, 1369, 1421, 
1664, 2023, 2391, 2654, 2736, 2611, 2316, 1939, 1599, 1391, 
1436, 1696, 2059, 2424, 2672, 2734, 2588, 2281, 1904, 1568, 
1381, 1395, 1612, 1958, 2332, 2620, 2726, 2565, 2243, 1868, 
1543, 1373, 1408, 1640, 1994, 2364, 2640, 2736, 2624, 2342, 
1967, 1619, 1366, 1423, 1670, 2032, 2399, 2659, 2735, 2606, 
2307, 1929, 1591, 1389, 1388, 1590, 1930, 2307, 2675, 2731, 
2582, 2272, 1894, 1562, 1377, 1400, 1619, 1967, 2342, 2624, 
2736, 2639, 2366, 1994, 1538, 1372, 1414, 1648, 2004, 2374, 
2643, 2736, 2620, 2332, 1958, 1611, 1396, 1381, 1570, 1903, 
2408, 2663, 2734, 2599, 2297, 1920, 1582, 1385, 1391, 1599, 
1939, 2318, 2611, 2734, 2652, 2390, 1882, 1555, 1376, 1404, 
1628, 1977, 2352, 2631, 2737, 2633, 2356, 1984, 1632, 1404, 
1374, 1550, 2014, 2385, 2650, 2736, 2616, 2323, 1948, 1603, 
1392, 1385, 1577, 1913, 2291, 2592, 2731, 2664, 2287, 1910, 
1575, 1384, 1395, 1607, 1951, 2327, 2616, 2736, 2648, 2380, 
2009, 1656, 1415, 1369, 1635, 1987, 2360, 2635, 2736, 2627, 
2348, 1974, 1625, 1403, 1376, 1557, 1885, 2265, 2576, 2728, 
2608, 2311, 1935, 1596, 1390, 1388, 1587, 1925, 2300, 2599, 
2732, 2659, 2403, 2037, 1676, 1427, 1398, 1614, 1961, 2335, 
2621, 2736, 2643, 2371, 2000, 1646, 1412, 1372, 1540, 1861, 
2240, 2559, 2735, 2623, 2337, 1964, 1616, 1399, 1379, 1566, 
1898, 2275, 2584, 2732, 2673, 2428, 2065, 1700, 1386, 1387, 
1594, 1934, 2310, 2607, 2734, 2656, 2395, 2027, 1668, 1422, 
1368, 1522, 1835, 2214, 2627, 2736, 2636, 2361, 1990, 1638, 
1408, 1374, 1546, 1871, 2249, 2567, 2727, 2683, 2451, 2093, 
1607, 1395, 1383, 1574, 1907, 2286, 2590, 2734, 2669, 2419, 
2055, 1692, 1434, 1364, 1504, 1811, 2323, 2612, 2735, 2652, 
2384, 2016, 1659, 1417, 1368, 1528, 1844, 2224, 2548, 2723, 
2694, 2471, 1979, 1628, 1402, 1375, 1551, 1880, 2259, 2575, 
2730, 2680, 2441, 2083, 1713, 1446, 1359, 1487, 1920, 2296, 
2596, 2734, 2664, 2412, 2046, 1682, 1427, 1364, 1511, 1819, 
2195, 2529, 2716, 2702, 2376, 2006, 1651, 1415, 1369, 1535, 
1855, 2232, 2555, 2723, 2689, 2463, 2110, 1739, 1459, 1360, 
1560, 1889, 2268, 2579, 2729, 2675, 2432, 2071, 1706, 1438, 
1364, 1495, 1793, 2168, 2510, 2708, 2659, 2400, 2033, 1674, 
1424, 1366, 1519, 1831, 2208, 2537, 2717, 2696, 2484, 2136, 
1763, 1476, 1372, 1543, 1867, 2244, 2562, 2727, 2685, 2454, 
2097, 1728, 1454, 1361, 1479, 1769, 2144, 2490, 2732, 2671, 
2424, 2060, 1695, 1436, 1363, 1500, 1802, 1371, 1406, 1636, 
1989, 2362, 2636, 2734, 2538, 2209, 1833, 1518, 1366, 1423, 
1666, 2028, 2396, 2655, 2732, 2604, 2306, 1930, 1591, 1387, 
1438, 1701, 2065, 2428, 2672, 2729, 2582, 2272, 1893, 1564, 
1378, 1398, 1618, 1964, 2336, 2623, 2724, 2558, 2236, 1858, 
1537, 1371, 1412, 1647, 2001, 2372, 2641, 2735, 2620, 2333, 
1958, 1612, 1364, 1428, 1678, 2039, 2406, 2660, 2732, 2598, 
2297, 1920, 1581, 1383, 1390, 1596, 1938, 2315, 2677, 2728, 
2575, 2262, 1886, 1556, 1375, 1401, 1624, 1975, 2348, 2628, 
2736, 2634, 2359, 1985, 1529, 1369, 1415, 1656, 2012, 2379, 
2648, 2734, 2615, 2321, 1948, 1604, 1393, 1383, 1576, 1912, 
2416, 2667, 2732, 2592, 2289, 1911, 1575, 1381, 1392, 1603, 
1947, 2324, 2614, 2736, 2648, 2382, 1874, 1551, 1380, 1406, 
1632, 1984, 2358, 2633, 2735, 2628, 2348, 1976, 1625, 1402, 
1377, 1558, 2024, 2392, 2654, 2735, 2609, 2313, 1937, 1596, 
1391, 1385, 1584, 1923, 2297, 2599, 2733, 2662, 2279, 1900, 
1567, 1379, 1396, 1612, 1959, 2332, 2621, 2736, 2643, 2371, 
2001, 1647, 1411, 1371, 1643, 1996, 2368, 2640, 2736, 2623, 
2339, 1964, 1616, 1396, 1377, 1563, 1895, 2272, 2583, 2730, 
2604, 2304, 1928, 1587, 1388, 1388, 1592, 1933, 2308, 2605, 
2735, 2656, 2396, 2028, 1670, 1423, 1400, 1620, 1968, 2342, 
2626, 2735, 2638, 2363, 1991, 1639, 1408, 1373, 1545, 1870, 
2247, 2565, 2735, 2619, 2329, 1953, 1609, 1395, 1381, 1572, 
1905, 2284, 2590, 2732, 2668, 2420, 2057, 1691, 1383, 1392, 
1600, 1943, 2319, 2612, 2735, 2652, 2386, 2017, 1660, 1418, 
1368, 1528, 1843, 2222, 2631, 2736, 2633, 2355, 1981, 1630, 
1404, 1374, 1551, 1880, 2256, 2571, 2728, 2680, 2443, 2084, 
1603, 1392, 1384, 1579, 1916, 2293, 2593, 2730, 2663, 2411, 
2046, 1684, 1429, 1365, 1511, 1817, 2328, 2616, 2736, 2647, 
2378, 2008, 1655, 1414, 1371, 1533, 1853, 2231, 2552, 2723, 
2691, 2465, 1972, 1622, 1399, 1377, 1559, 1887, 2268, 2577, 
2729, 2675, 2435, 2073, 1708, 1443, 1364, 1493, 1928, 2304, 
2602, 2734, 2660, 2403, 2033, 1675, 1425, 1366, 1517, 1827, 
2205, 2535, 2718, 2699, 2367, 1997, 1644, 1411, 1372, 1542, 
1863, 2241, 2561, 2726, 2687, 2456, 2102, 1732, 1456, 1361, 
1567, 1899, 2278, 2585, 2732, 2672, 2427, 2063, 1699, 1438, 
1362, 1498, 1801, 2177, 2515, 2712, 2655, 2393, 2025, 1667, 
1422, 1368, 1524, 1838, 2215, 2543, 2720, 2696, 2479, 2127, 
1755, 1471, 1373, 1548, 1873, 2251, 2567, 2727, 2683, 2447, 
2091, 1724, 1451, 1362, 1484, 1777, 2151, 2495, 2732, 2667, 
2416, 2054, 1688, 1433, 1365, 1507, 1814, 2188, 2524, 2713, 
2703, 2497, 2155, 1780, 1417, 1370, 1529, 1847, 2226, 2548, 
2723, 2690, 2468, 2117, 1745, 1464, 1362, 1468, 1753, 2126, 
2575, 2729, 2679, 2439, 2079, 1712, 1447, 1363, 1491, 1788, 
2163, 2505, 2708, 2715, 2519, 2184, 1681, 1428, 1366, 1512, 
1822, 2199, 2531, 2716, 2701, 2492, 2145, 1772, 1481, 1363, 
1455, 1729, 2236, 2556, 2723, 2688, 2460, 2105, 1736, 1458, 
1360, 1473, 1763, 2136, 2483, 2700, 2719, 2539, 2068, 1704, 
1440, 1362, 1495, 1796, 2175, 2511, 2710, 2711, 2511, 2171, 
1796, 1496, 1363, 1441, 1832, 2209, 2540, 2719, 2697, 2481, 
2133, 1760, 1472, 1360, 1460, 1737, 2108, 2463, 2688, 2726, 
2452, 2096, 1726, 1452, 1360, 1481, 1771, 2145, 2492, 2703, 
2716, 2531, 2198, 1822, 1510, 1365, 1503, 1807, 2181, 2520, 
2712, 2707, 2500, 2163, 1786, 1490, 1362, 1446, 1713, 2080, 
2443, 2678, 2695, 2476, 2124, 1752, 1468, 1363, 1465, 1752, 
2150, 2523, 2723, 2670, 2403, 2027, 1659, 1416, 1409, 1660, 
2020, 2383, 2650, 2737, 2615, 2321, 1948, 1604, 1392, 1383, 
1577, 1915, 2292, 2594, 2732, 2592, 2287, 1910, 1574, 1382, 
1395, 1608, 1954, 2327, 2615, 2736, 2648, 2380, 2009, 1655, 
1373, 1407, 1636, 1987, 2359, 2636, 2737, 2628, 2347, 1974, 
1624, 1401, 1377, 1558, 1887, 2265, 2656, 2735, 2608, 2312, 
1935, 1596, 1388, 1386, 1587, 1925, 2300, 2600, 2734, 2662, 
2403, 2038, 1564, 1379, 1398, 1614, 1962, 2335, 2620, 2734, 
2643, 2369, 1999, 1646, 1412, 1372, 1540, 1862, 2369, 2641, 
2735, 2622, 2336, 1963, 1615, 1398, 1380, 1566, 1899, 2276, 
2584, 2731, 2675, 2427, 1926, 1587, 1387, 1390, 1594, 1935, 
2311, 2608, 2735, 2656, 2393, 2027, 1668, 1422, 1368, 1523, 
1975, 2346, 2627, 2736, 2636, 2362, 1991, 1635, 1406, 1374, 
1547, 1871, 2249, 2566, 2727, 2682, 2327, 1952, 1608, 1394, 
1382, 1572, 1908, 2287, 2591, 2734, 2669, 2419, 2055, 1692, 
1434, 1364, 1602, 1945, 2322, 2614, 2736, 2650, 2384, 2016, 
1658, 1418, 1368, 1529, 1846, 2223, 2547, 2722, 2631, 2352, 
1977, 1630, 1403, 1376, 1553, 1880, 2259, 2572, 2729, 2679, 
2440, 2080, 1713, 1446, 1384, 1581, 1920, 2296, 2596, 2732, 
2663, 2408, 2044, 1682, 1428, 1364, 1511, 1819, 2198, 2529, 
2736, 2646, 2375, 2007, 1652, 1415, 1372, 1536, 1856, 2233, 
2555, 2723, 2690, 2462, 2108, 1738, 1400, 1378, 1561, 1892, 
2271, 2580, 2731, 2675, 2432, 2070, 1704, 1441, 1363, 1495, 
1795, 2170, 2603, 2735, 2657, 2400, 2031, 1673, 1423, 1366, 
1519, 1831, 2207, 2537, 2718, 2699, 2483, 2136, 1641, 1410, 
1372, 1542, 1865, 2243, 2563, 2725, 2684, 2453, 2097, 1728, 
1453, 1360, 1479, 1770, 2280, 2587, 2731, 2671, 2424, 2060, 
1695, 1436, 1363, 1500, 1804, 2180, 2518, 2712, 2706, 2504, 
2022, 1664, 1420, 1367, 1525, 1839, 2218, 2544, 2721, 2695, 
2475, 2124, 1753, 1468, 1360, 1463, 1876, 2254, 2569, 2727, 
2681, 2446, 2087, 1721, 1449, 1360, 1485, 1781, 2153, 2497, 
2705, 2713, 2414, 2051, 1687, 1431, 1363, 1507, 1814, 2190, 
2527, 2715, 2704, 2495, 2151, 1777, 1484, 1361, 1533, 1851, 
2227, 2552, 2723, 2691, 2467, 2115, 1743, 1464, 1361, 1470, 
1755, 2128, 2478, 2695, 2677, 2435, 2076, 1710, 1443, 1361, 
1491, 1791, 2164, 2505, 2709, 2712, 2517, 2179, 1803, 1501, 
1365, 1513, 1824, 2200, 2533, 2716, 2699, 2492, 2142, 1769, 
1479, 1363, 1454, 1731, 2102, 2455, 2722, 2687, 2459, 2104, 
1735, 1457, 1362, 1477, 1763, 2137, 2486, 2700, 2719, 2536, 
2206, 1828, 1439, 1364, 1497, 1799, 2175, 2513, 2711, 2710, 
2509, 2169, 1795, 1494, 1363, 1442, 1707, 2072, 2540, 2719, 
2697, 2481, 2132, 1759, 1472, 1362, 1461, 1740, 2109, 2464, 
2689, 2724, 2556, 2232, 1724, 1453, 1361, 1482, 1773, 2149, 
2492, 2702, 2716, 2528, 2195, 1818, 1509, 1366, 1428, 1684, 
2184, 2521, 2712, 2705, 2500, 2159, 1784, 1487, 1361, 1447, 
1716, 2084, 2443, 2680, 2729, 2573, 2120, 1750, 1467, 1361, 
1468, 1750, 2121, 2473, 2694, 2723, 2547, 2223, 1844, 1528, 
1368, 1420, 1784, 2158, 2500, 2707, 2712, 2520, 2184, 1808, 
1503, 1363, 1433, 1692, 2055, 2417, 2670, 2732, 2494, 2147, 
1775, 1481, 1362, 1452, 1726, 2094, 2451, 2684, 2727, 2567, 
2249, 1871, 1547, 1372, 1473, 1759, 2129, 2480, 2697, 2720, 
2540, 2213, 1833, 1520, 1367, 1423, 1670, 2028, 2396, 2656, 
2711, 2513, 2175, 1799, 1498, 1363, 1439, 1701, 2067, 2428, 
2673, 2731, 2583, 2275, 1896, 1566, 1361, 1457, 1735, 2104, 
2459, 2687, 2724, 2559, 2239, 1860, 1539, 1371, 1413, 1647, 
2003, 1363, 1516, 1826, 2204, 2535, 2716, 2697, 2483, 2135, 
1763, 1475, 1359, 1456, 1734, 2103, 2456, 2684, 2684, 2454, 
2099, 1730, 1453, 1360, 1476, 1767, 2142, 2487, 2700, 2716, 
2532, 2200, 1823, 1511, 1363, 1499, 1801, 2175, 2515, 2707, 
2707, 2504, 2165, 1788, 1491, 1360, 1443, 1708, 2076, 2435, 
2719, 2694, 2476, 2126, 1753, 1468, 1361, 1463, 1742, 2113, 
2465, 2688, 2723, 2551, 2227, 1851, 1449, 1361, 1484, 1776, 
2150, 2495, 2703, 2713, 2524, 2190, 1815, 1507, 1364, 1430, 
1687, 2049, 2523, 2712, 2703, 2497, 2155, 1777, 1486, 1360, 
1447, 1719, 2088, 2444, 2679, 2727, 2569, 2254, 1744, 1464, 
1360, 1468, 1752, 2124, 2475, 2694, 2719, 2544, 2218, 1839, 
1524, 1367, 1421, 1663, 2163, 2503, 2706, 2712, 2517, 2180, 
1805, 1501, 1362, 1436, 1695, 2060, 2424, 2670, 2731, 2587, 
2144, 1770, 1479, 1361, 1455, 1729, 2097, 2454, 2684, 2725, 
2563, 2243, 1866, 1544, 1372, 1409, 1762, 2136, 2483, 2697, 
2718, 2539, 2207, 1831, 1517, 1363, 1424, 1672, 2032, 2400, 
2656, 2735, 2509, 2171, 1795, 1495, 1362, 1440, 1706, 2072, 
2432, 2675, 2729, 2580, 2270, 1892, 1561, 1377, 1460, 1738, 
2107, 2462, 2688, 2723, 2556, 2234, 1856, 1536, 1369, 1414, 
1651, 2004, 2375, 2643, 2716, 2529, 2196, 1819, 1511, 1366, 
1428, 1683, 2043, 2409, 2663, 2732, 2597, 2297, 1919, 1582, 
1362, 1447, 1715, 2081, 2440, 2679, 2728, 2575, 2261, 1882, 
1554, 1376, 1404, 1628, 1976, 2352, 2691, 2723, 2549, 2224, 
1846, 1528, 1369, 1419, 1660, 2017, 2385, 2651, 2736, 2615, 
2321, 1945, 1505, 1364, 1432, 1691, 2054, 2416, 2668, 2732, 
2591, 2287, 1907, 1575, 1383, 1395, 1608, 1951, 2448, 2683, 
2726, 2567, 2250, 1871, 1548, 1373, 1407, 1636, 1990, 2360, 
2635, 2735, 2628, 2347, 1835, 1520, 1367, 1421, 1665, 2025, 
2393, 2655, 2735, 2606, 2311, 1935, 1595, 1390, 1388, 1587, 
2064, 2425, 2672, 2731, 2584, 2276, 1899, 1567, 1379, 1398, 
1616, 1961, 2336, 2622, 2736, 2643, 2240, 1862, 1539, 1372, 
1411, 1646, 1998, 2369, 2642, 2735, 2622, 2336, 1962, 1615, 
1397, 1378, 1676, 2037, 2404, 2660, 2735, 2601, 2302, 1924, 
1587, 1386, 1390, 1595, 1935, 2311, 2608, 2736, 2579, 2269, 
1887, 1559, 1379, 1402, 1623, 1972, 2346, 2627, 2736, 2636, 
2361, 1990, 1636, 1406, 1414, 1654, 2009, 2379, 2647, 2736, 
2617, 2327, 1951, 1607, 1393, 1382, 1574, 1906, 2288, 2590, 
2734, 2594, 2292, 1915, 1579, 1384, 1392, 1603, 1945, 2320, 
2614, 2736, 2651, 2384, 2015, 1660, 1376, 1405, 1631, 1984, 
2355, 2632, 2736, 2631, 2353, 1977, 1628, 1404, 1374, 1554, 
1882, 2260, 2652, 2736, 2612, 2316, 1939, 1599, 1390, 1385, 
1582, 1919, 2296, 2596, 2732, 2663, 2408, 2043, 1570, 1383, 
1395, 1611, 1955, 2330, 2620, 2736, 2646, 2375, 2005, 1650, 
1415, 1371, 1536, 1856, 2365, 2639, 2736, 2625, 2343, 1968, 
1619, 1399, 1379, 1562, 1892, 2271, 2579, 2729, 2675, 2432, 
1932, 1591, 1387, 1388, 1589, 1929, 2305, 2604, 2735, 2658, 
2400, 2033, 1673, 1424, 1367, 1520, 1966, 2340, 2623, 2735, 
2639, 2366, 1996, 1640, 1415, 1375, 1544, 1867, 2244, 2563, 
2727, 2684, 2332, 1958, 1612, 1395, 1382, 1569, 1903, 2280, 
2587, 2732, 2671, 2423, 2059, 1696, 1436, 1363, 1598, 1939, 
2316, 2611, 2735, 2655, 2390, 2022, 1663, 1420, 1368, 1526, 
1840, 2219, 2544, 2721, 2634, 2356, 1984, 1633, 1406, 1375, 
1550, 1876, 2255, 2569, 2727, 2681, 2446, 2087, 1720, 1448, 
1383, 1577, 1912, 2294, 2593, 2734, 2667, 2412, 2049, 1687, 
1431, 1363, 1509, 1815, 2233, 2584, 2727, 2524, 2184, 1798, 
1493, 1361, 1452, 1745, 2116, 2470, 2691, 2723, 2551, 2225, 
1849, 1531, 1361, 1486, 1779, 2152, 2497, 2705, 2715, 2524, 
2190, 1812, 1506, 1365, 1433, 1689, 2052, 2416, 2715, 2704, 
2496, 2152, 1779, 1485, 1363, 1452, 1723, 2091, 2447, 2680, 
2727, 2568, 2252, 1873, 1463, 1362, 1470, 1755, 2127, 2478, 
2695, 2720, 2544, 2216, 1838, 1521, 1368, 1421, 1666, 2024, 
2506, 2707, 2711, 2515, 2179, 1802, 1500, 1363, 1437, 1699, 
2062, 2425, 2672, 2731, 2585, 2279, 1768, 1478, 1362, 1456, 
1732, 2101, 2456, 2685, 2726, 2562, 2243, 1864, 1542, 1372, 
1411, 1644, 2136, 2486, 2696, 2717, 2536, 2204, 1828, 1516, 
1367, 1425, 1675, 2035, 2403, 2659, 2734, 2603, 2168, 1793, 
1493, 1363, 1443, 1708, 2073, 2433, 2675, 2730, 2580, 2272, 
1890, 1559, 1379, 1401, 1740, 2111, 2465, 2690, 2724, 2555, 
2232, 1854, 1534, 1369, 1414, 1652, 2008, 2379, 2647, 2736, 
2528, 2195, 1812, 1509, 1365, 1429, 1683, 2047, 2412, 2664, 
2736, 2596, 2295, 1917, 1580, 1385, 1447, 1717, 2084, 2443, 
2680, 2728, 2573, 2259, 1881, 1554, 1375, 1404, 1630, 1982, 
2355, 2632, 2721, 2547, 2221, 1843, 1529, 1368, 1419, 1662, 
2019, 2387, 2652, 2736, 2614, 2319, 1944, 1601, 1366, 1432, 
1689, 2051, 2416, 2667, 2733, 2593, 2289, 1912, 1577, 1383, 
1394, 1606, 1951, 2326, 2679, 2728, 2568, 2255, 1874, 1549, 
1374, 1405, 1634, 1985, 2359, 2635, 2736, 2630, 2350, 1975, 
1523, 1367, 1420, 1665, 2023, 2392, 2655, 2735, 2609, 2313, 
1937, 1597, 1390, 1386, 1584, 1923, 2424, 2672, 2732, 2585, 
2279, 1902, 1568, 1380, 1396, 1614, 1959, 2335, 2620, 2737, 
2643, 2373, 1865, 1543, 1372, 1410, 1643, 1998, 2367, 2639, 
2736, 2624, 2340, 1965, 1616, 1398, 1379, 1564, 2034, 2400, 
2659, 2735, 2603, 2305, 1927, 1589, 1387, 1390, 1592, 1932, 
2309, 2607, 2735, 2656, 2269, 1891, 1562, 1376, 1400, 1621, 
1970, 2344, 2627, 2736, 2639, 2364, 1991, 1638, 1408, 1373, 
1652, 2006, 2377, 2646, 2736, 2619, 2329, 1955, 1609, 1395, 
1382, 1571, 1908, 2284, 2588, 2732, 2596, 2295, 1918, 1580, 
1384, 1392, 1601, 1943, 2318, 2612, 2736, 2652, 2387, 2019, 
1661, 1420, 1404, 1628, 1980, 2353, 2631, 2735, 2633, 2355, 
1982, 1631, 1404, 1376, 1553, 1879, 2257, 2572, 2736, 2614, 
2320, 1944, 1602, 1392, 1384, 1580, 1918, 2294, 2595, 2732, 
2665, 2411, 2047, 1684, 1383, 1395, 1608, 1954, 2329, 2617, 
2737, 2647, 2377, 2010, 1653, 1415, 1370, 1536, 1862, 2232, 
2636, 2736, 2627, 2345, 1971, 1621, 1400, 1376, 1560, 1888, 
2268, 2579, 2729, 2675, 2434, 2076, 1594, 1387, 1388, 1588, 
1926, 2303, 2602, 2735, 2660, 2403, 2036, 1676, 1425, 1366, 
1518, 1827, 2337, 2623, 2736, 2640, 2368, 1998, 1643, 1410, 
1371, 1542, 1863, 2240, 2560, 2726, 2684, 2456, 1962, 1614, 
1396, 1380, 1567, 1900, 2278, 2584, 2732, 2671, 2425, 2062, 
1699, 1437, 1364, 1500, 1936, 2312, 2609, 2735, 2655, 2392, 
2027, 1667, 1425, 1366, 1524, 1836, 2215, 2542, 2719, 2696, 
2360, 1987, 1635, 1407, 1374, 1548, 1873, 2251, 2567, 2727, 
2682, 2448, 2088, 1721, 1450, 1361, 1575, 1910, 2288, 2591, 
2731, 2667, 2417, 2053, 1688, 1431, 1364, 1507, 1811, 2190, 
2524, 2713, 2651, 2383, 2014, 1657, 1417, 1369, 1530, 1848, 
2225, 2550, 2722, 2691, 2470, 2118, 1747, 1464, 1375, 1554, 
1884, 2263, 2574, 2729, 2679, 2439, 2079, 1712, 1444, 1362, 
1490, 1787, 2161, 2504, 2733, 2663, 2407, 2042, 1681, 1427, 
1365, 1513, 1822, 2200, 2531, 2717, 2700, 2492, 2145, 1772, 
1413, 1371, 1538, 1859, 1390, 1384, 1581, 1918, 2295, 2595, 
2730, 2660, 2407, 2040, 1680, 1424, 1394, 1610, 1955, 2330, 
2616, 2732, 2646, 2373, 2003, 1648, 1412, 1369, 1536, 1855, 
2232, 2554, 2734, 2623, 2340, 1966, 1617, 1397, 1377, 1561, 
1889, 2270, 2579, 2727, 2672, 2428, 2068, 1703, 1387, 1388, 
1591, 1930, 2306, 2604, 2734, 2656, 2398, 2031, 1671, 1423, 
1366, 1520, 1831, 2208, 2623, 2735, 2638, 2364, 1995, 1639, 
1408, 1372, 1543, 1867, 2243, 2560, 2724, 2682, 2451, 2095, 
1609, 1394, 1380, 1570, 1903, 2280, 2586, 2732, 2668, 2421, 
2057, 1695, 1434, 1363, 1502, 1807, 2318, 2609, 2734, 2655, 
2387, 2020, 1663, 1420, 1368, 1526, 1841, 2219, 2544, 2720, 
2692, 2472, 1983, 1631, 1403, 1375, 1550, 1876, 2255, 2569, 
2727, 2680, 2444, 2086, 1716, 1447, 1361, 1487, 1913, 2291, 
2592, 2731, 2664, 2411, 2047, 1686, 1431, 1364, 1509, 1816, 
2192, 2527, 2713, 2703, 2380, 2011, 1652, 1415, 1370, 1532, 
1852, 2228, 2551, 2723, 2690, 2464, 2112, 1748, 1464, 1361, 
1557, 1886, 2264, 2575, 2728, 2675, 2434, 2074, 1708, 1443, 
1362, 1492, 1791, 2166, 2505, 2707, 2660, 2403, 2036, 1678, 
1425, 1366, 1515, 1825, 2203, 2535, 2716, 2698, 2487, 2138, 
1766, 1477, 1372, 1540, 1862, 2239, 2559, 2724, 2686, 2457, 
2103, 1728, 1457, 1361, 1476, 1766, 2137, 2487, 2731, 2671, 
2428, 2063, 1699, 1439, 1364, 1497, 1799, 2176, 2513, 2711, 
2707, 2506, 2167, 1793, 1422, 1367, 1523, 1836, 2214, 2543, 
2719, 2695, 2480, 2131, 1757, 1471, 1362, 1463, 1742, 2112, 
2567, 2727, 2683, 2451, 2092, 1726, 1452, 1362, 1483, 1776, 
2149, 2494, 2703, 2715, 2527, 2195, 1691, 1432, 1363, 1504, 
1809, 2184, 2521, 2712, 2703, 2499, 2157, 1779, 1486, 1360, 
1448, 1716, 2223, 2547, 2721, 2691, 2470, 2119, 1747, 1467, 
1361, 1468, 1751, 2122, 2473, 2693, 2721, 2547, 2082, 1715, 
1447, 1361, 1487, 1786, 2160, 2502, 2706, 2713, 2520, 2183, 
1808, 1504, 1363, 1435, 1820, 2196, 2529, 2716, 2697, 2492, 
2146, 1774, 1482, 1362, 1454, 1727, 2098, 2451, 2683, 2727, 
2462, 2109, 1737, 1459, 1360, 1472, 1760, 2133, 2481, 2696, 
2719, 2539, 2209, 1832, 1519, 1367, 1495, 1795, 2171, 2510, 
2708, 2710, 2511, 2171, 1797, 1496, 1362, 1440, 1705, 2068, 
2428, 2675, 2696, 2483, 2136, 1762, 1475, 1362, 1459, 1736, 
2105, 2460, 2687, 2723, 2559, 2236, 1859, 1539, 1361, 1480, 
1770, 2143, 2488, 2700, 2716, 2531, 2199, 1822, 1512, 1365, 
1428, 1680, 2040, 2407, 2712, 2707, 2504, 2164, 1788, 1491, 
1362, 1444, 1712, 2079, 2439, 2679, 2728, 2575, 2263, 1888, 
1468, 1363, 1466, 1745, 2117, 2470, 2691, 2722, 2551, 2226, 
1848, 1531, 1369, 1417, 1657, 2012, 2497, 2703, 2713, 2524, 
2187, 1813, 1507, 1364, 1432, 1689, 2053, 2416, 2667, 2732, 
2591, 2288, 1778, 1486, 1362, 1451, 1722, 2088, 2447, 2681, 
2727, 2569, 2255, 1875, 1550, 1375, 1407, 1633, 2126, 2476, 
2695, 2719, 2544, 2212, 1840, 1523, 1369, 1422, 1666, 2024, 
2392, 2657, 2735, 2608, 2179, 1803, 1500, 1363, 1436, 1698, 
2062, 2425, 2672, 2732, 2585, 2279, 1902, 1565, 1380, 1397, 
1731, 2103, 2456, 2687, 2728, 2562, 2241, 1864, 1542, 1372, 
1411, 1643, 1996, 2368, 2639, 2736, 2537, 2206, 1827, 1515, 
1366, 1425, 1673, 2035, 2402, 2659, 2735, 2603, 2305, 1929, 
1588, 1388, 1441, 1707, 2072, 2432, 2676, 2729, 2579, 2268, 
1891, 1561, 1378, 1400, 1623, 1971, 2343, 2625, 2723, 2556, 
2232, 1855, 1536, 1371, 1415, 1652, 2009, 2377, 2644, 2737, 
2617, 2329, 1953, 1608, 1364, 1429, 1683, 2055, 2447, 2691, 
2700, 2433, 2052, 1680, 1423, 1368, 1536, 1890, 2270, 2579, 
2734, 2607, 2310, 1934, 1593, 1390, 1389, 1587, 1927, 2303, 
2603, 2734, 2659, 2403, 2035, 1676, 1379, 1399, 1617, 1965, 
2339, 2623, 2736, 2640, 2367, 1996, 1642, 1410, 1372, 1542, 
1863, 2241, 2641, 2738, 2618, 2335, 1959, 1613, 1397, 1380, 
1568, 1902, 2279, 2584, 2731, 2672, 2425, 2061, 1584, 1386, 
1390, 1596, 1937, 2314, 2610, 2735, 2656, 2392, 2023, 1666, 
1421, 1366, 1524, 1838, 2348, 2627, 2736, 2635, 2358, 1987, 
1635, 1406, 1375, 1549, 1875, 2252, 2567, 2726, 2680, 2447, 
1948, 1606, 1394, 1382, 1576, 1911, 2289, 2591, 2732, 2668, 
2416, 2051, 1688, 1432, 1364, 1506, 1948, 2323, 2614, 2736, 
2649, 2383, 2013, 1657, 1416, 1370, 1532, 1848, 2226, 2550, 
2723, 2691, 2350, 1976, 1625, 1401, 1374, 1555, 1884, 2262, 
2574, 2729, 2677, 2439, 2079, 1713, 1445, 1362, 1584, 1921, 
2300, 2599, 2733, 2660, 2407, 2040, 1680, 1427, 1365, 1513, 
1822, 2200, 2533, 2716, 2644, 2376, 2004, 1649, 1412, 1371, 
1538, 1857, 2237, 2556, 2724, 2687, 2460, 2106, 1736, 1460, 
1379, 1563, 1894, 2272, 2582, 2730, 2672, 2430, 2068, 1703, 
1440, 1363, 1499, 1798, 2172, 2512, 2735, 2657, 2396, 2031, 
1670, 1423, 1366, 1520, 1834, 2211, 2539, 2719, 2696, 2481, 
2133, 1759, 1408, 1372, 1546, 1868, 2247, 2564, 2724, 2683, 
2452, 2096, 1727, 1454, 1360, 1481, 1772, 2145, 2588, 2732, 
2670, 2419, 2057, 1693, 1435, 1364, 1504, 1807, 2184, 2521, 
2713, 2706, 2503, 2158, 1665, 1421, 1368, 1523, 1836, 2215, 
2542, 2719, 2695, 2479, 2127, 1755, 1471, 1361, 1464, 1743, 
2247, 2564, 2727, 2683, 2452, 2096, 1727, 1454, 1362, 1480, 
1772, 2144, 2492, 2701, 2715, 2531, 2064, 1698, 1436, 1363, 
1500, 1800, 2179, 2515, 2711, 2707, 2506, 2165, 1790, 1492, 
1362, 1443, 1832, 2209, 2541, 2719, 2697, 2483, 2131, 1760, 
1475, 1365, 1460, 1739, 2108, 2462, 2688, 2724, 2452, 2096, 
1728, 1455, 1361, 1482, 1772, 2145, 2492, 2703, 2716, 2530, 
2192, 1820, 1511, 1365, 1503, 1806, 2179, 2519, 2712, 2704, 
2503, 2161, 1786, 1488, 1362, 1447, 1715, 2080, 2440, 2678, 
2694, 2473, 2123, 1753, 1467, 1362, 1467, 1748, 2119, 2471, 
2692, 2723, 2549, 2223, 1847, 1528, 1363, 1487, 1784, 2156, 
2499, 2703, 2712, 2523, 2187, 1808, 1504, 1364, 1434, 1691, 
2054, 2419, 2714, 2702, 2494, 2148, 1776, 1483, 1362, 1452, 
1725, 2089, 2449, 2682, 2728, 2567, 2248, 1871, 1462, 1361, 
1471, 1757, 2131, 2480, 2697, 2719, 2543, 2215, 1835, 1521, 
1367, 1422, 1667, 2027, 2507, 2708, 2712, 2515, 2177, 1805, 
1500, 1363, 1436, 1699, 2064, 2428, 2672, 2731, 2583, 2275, 
1764, 1478, 1361, 1458, 1734, 2103, 2457, 2686, 2726, 2559, 
2240, 1860, 1541, 1371, 1411, 1645, 2140, 2486, 2700, 2719, 
2535, 2203, 1827, 1515, 1365, 1425, 1676, 2036, 2407, 2659, 
2734, 2600, 2168, 1792, 1492, 1363, 1443, 1710, 2074, 2436, 
2676, 2730, 2578, 2266, 1886, 1560, 1379, 1401, 1743, 2112, 
2465, 2689, 2727, 2555, 2231, 1852, 1534, 1370, 1415, 1652, 
2009, 2380, 2646, 2736, 2528, 2194, 1817, 1509, 1366, 1430, 
1686, 2047, 2411, 2665, 2733, 2596, 2292, 1915, 1579, 1385, 
1447, 1719, 2086, 2444, 2679, 2727, 2572, 2255, 1878, 1552, 
1375, 1404, 1632, 1983, 2355, 2632, 2718, 2547, 2220, 1843, 
1528, 1368, 1419, 1663, 2021, 2390, 2653, 2736, 2611, 2316, 
1942, 1600, 1364, 1436, 1694, 2057, 2422, 2670, 2729, 2588, 
2283, 1905, 1569, 1382, 1396, 1612, 1956, 2328, 2684, 2726, 
2566, 2247, 1868, 1545, 1373, 1409, 1640, 1995, 1363, 1433, 
1693, 2055, 2419, 2666, 2699, 2488, 2144, 1768, 1479, 1363, 
1454, 1727, 2094, 2451, 2681, 2724, 2563, 2244, 1867, 1544, 
1359, 1472, 1759, 2134, 2480, 2695, 2718, 2539, 2208, 1831, 
1518, 1366, 1423, 1669, 2028, 2396, 2706, 2707, 2511, 2171, 
1795, 1495, 1362, 1439, 1703, 2067, 2430, 2672, 2728, 2582, 
2273, 1894, 1473, 1359, 1459, 1735, 2104, 2459, 2687, 2723, 
2557, 2236, 1859, 1540, 1371, 1411, 1647, 2001, 2487, 2699, 
2713, 2531, 2198, 1821, 1511, 1365, 1426, 1678, 2041, 2407, 
2659, 2732, 2597, 2297, 1787, 1489, 1363, 1445, 1712, 2078, 
2438, 2677, 2729, 2575, 2262, 1883, 1556, 1376, 1403, 1625, 
2116, 2467, 2689, 2720, 2550, 2225, 1847, 1529, 1369, 1417, 
1658, 2012, 2382, 2648, 2735, 2614, 2188, 1812, 1505, 1363, 
1429, 1688, 2050, 2415, 2666, 2731, 2590, 2288, 1911, 1575, 
1383, 1393, 1722, 2088, 2447, 2680, 2727, 2567, 2251, 1873, 
1550, 1374, 1406, 1635, 1987, 2356, 2635, 2735, 2543, 2216, 
1840, 1523, 1368, 1420, 1666, 2023, 2391, 2652, 2734, 2608, 
2313, 1936, 1595, 1391, 1437, 1701, 2062, 2424, 2671, 2729, 
2584, 2277, 1900, 1568, 1381, 1400, 1616, 1959, 2335, 2620, 
2725, 2561, 2241, 1863, 1540, 1371, 1410, 1647, 1997, 2371, 
2639, 2736, 2623, 2339, 1964, 1615, 1366, 1425, 1674, 2035, 
2400, 2659, 2734, 2604, 2303, 1924, 1587, 1385, 1389, 1587, 
1934, 2308, 2675, 2729, 2579, 2268, 1889, 1557, 1376, 1401, 
1620, 1970, 2344, 2626, 2736, 2638, 2363, 1991, 1534, 1370, 
1411, 1652, 2007, 2379, 2646, 2736, 2617, 2329, 1954, 1609, 
1395, 1381, 1572, 1905, 2407, 2662, 2732, 2600, 2299, 1923, 
1584, 1387, 1390, 1597, 1939, 2317, 2608, 2735, 2652, 2392, 
1886, 1558, 1376, 1403, 1626, 1975, 2348, 2628, 2735, 2633, 
2358, 1985, 1633, 1404, 1375, 1549, 2011, 2383, 2648, 2737, 
2616, 2325, 1948, 1601, 1392, 1384, 1577, 1912, 2287, 2592, 
2732, 2668, 2289, 1912, 1575, 1384, 1393, 1602, 1950, 2323, 
2614, 2736, 2648, 2382, 2012, 1656, 1416, 1368, 1633, 1986, 
2358, 2634, 2736, 2627, 2350, 1975, 1626, 1401, 1376, 1555, 
1884, 2264, 2575, 2730, 2611, 2316, 1937, 1598, 1391, 1385, 
1585, 1921, 2296, 2599, 2732, 2662, 2407, 2040, 1678, 1429, 
1399, 1614, 1958, 2334, 2620, 2735, 2643, 2372, 2002, 1648, 
1413, 1372, 1540, 1860, 2238, 2557, 2736, 2621, 2340, 1966, 
1616, 1397, 1379, 1564, 1895, 2275, 2582, 2730, 2674, 2428, 
2067, 1703, 1389, 1388, 1592, 1932, 2308, 2606, 2735, 2657, 
2398, 2028, 1670, 1423, 1367, 1521, 1832, 2211, 2625, 2736, 
2638, 2364, 1990, 1636, 1408, 1374, 1546, 1869, 2247, 2566, 
2727, 2684, 2453, 2095, 1611, 1393, 1380, 1571, 1905, 2282, 
2587, 2732, 2670, 2422, 2057, 1693, 1434, 1364, 1503, 1807, 
2320, 2612, 2735, 2651, 2388, 2018, 1663, 1420, 1368, 1528, 
1843, 2222, 2545, 2721, 2694, 2472, 1982, 1628, 1405, 1376, 
1554, 1879, 2258, 2572, 2728, 2680, 2443, 2083, 1715, 1447, 
1363, 1489, 1915, 2292, 2595, 2734, 2663, 2412, 2046, 1684, 
1430, 1364, 1511, 1818, 2194, 2527, 2716, 2703, 2377, 2008, 
1652, 1413, 1371, 1536, 1854, 2232, 2555, 2723, 2691, 2464, 
2111, 1740, 1462, 1360, 1559, 1888, 2268, 2578, 2730, 2676, 
2435, 2073, 1708, 1442, 1363, 1495, 1792, 2167, 2507, 2708, 
2660, 2403, 2035, 1672, 1427, 1366, 1516, 1826, 2205, 2535, 
2718, 2697, 2486, 2138, 1764, 1476, 1373, 1543, 1864, 2241, 
2559, 2723, 2684, 2459, 2101, 1730, 1456, 1361, 1479, 1768, 
2142, 2487, 2731, 2671, 2425, 2060, 1697, 1437, 1363, 1499, 
1803, 2223, 2576, 2736, 2617, 2311, 1923, 1576, 1362, 1452, 
1747, 2119, 2472, 2694, 2723, 2550, 2224, 1839, 1529, 1368, 
1419, 1659, 2016, 2387, 2706, 2713, 2523, 2186, 1808, 1503, 
1363, 1432, 1691, 2055, 2420, 2670, 2735, 2592, 2288, 1911, 
1482, 1360, 1451, 1724, 2092, 2449, 2684, 2727, 2568, 2251, 
1873, 1550, 1374, 1407, 1635, 1988, 2479, 2695, 2719, 2542, 
2214, 1836, 1522, 1369, 1421, 1668, 2027, 2396, 2656, 2735, 
2607, 2309, 1799, 1497, 1363, 1440, 1700, 2064, 2428, 2673, 
2732, 2584, 2278, 1897, 1565, 1379, 1397, 1614, 2102, 2456, 
2686, 2723, 2560, 2240, 1863, 1540, 1372, 1413, 1647, 2000, 
2373, 2641, 2735, 2622, 2209, 1831, 1517, 1368, 1422, 1672, 
2033, 2400, 2659, 2734, 2604, 2305, 1927, 1589, 1387, 1387, 
1704, 2068, 2429, 2675, 2732, 2582, 2271, 1894, 1564, 1377, 
1399, 1617, 1967, 2342, 1967, 1617, 
END
