Printing Task started
starting ADC Task on core: 1
Trigger at idx=8198 raw=2075
Capture ready: pre-trigger + post-trigger window complete.
TRIGGER TYPE IS: RISING
Sample threshold is: 2048

----DEBUG INFO----
Core: 0, Trigger: 8198, Size: 16384
START
1447, 1720, 2062, 2386, 2609, 2656, 2540, 2267, 1922, 1598, 
1382, 1335, 1465, 1742, 2228, 2508, 2662, 2638, 2444, 2124, 
1778, 1488, 1346, 1373, 1577, 1891, 2239, 2518, 2656, 2623, 
2307, 1966, 1641, 1416, 1339, 1465, 1735, 2067, 2392, 2610, 
2672, 2550, 2283, 1940, 1616, 1398, 1376, 1574, 1888, 2236, 
2527, 2685, 2655, 2463, 2142, 1792, 1501, 1350, 2396, 2626, 
2687, 2577, 2179, 1827, 1527, 1356, 1368, 1559, 1871, 2227, 
2528, 2691, 2677, 2488, 2172, 1815, 1507, 1359, 1428, 1683, 
2027, 2372, 2617, 2706, 2612, 2351, 2007, 1671, 1419, 1340, 
1447, 1706, 2050, 2392, 2687, 2689, 2519, 2209, 1858, 1545, 
1365, 1367, 1549, 1859, 2218, 2525, 2689, 2691, 2512, 2199, 
1710, 1444, 1339, 1419, 1668, 2009, 2358, 2608, 2714, 2630, 
2387, 2044, 1703, 1451, 1351, 1447, 1827, 2179, 2494, 2681, 
2693, 2539, 2231, 1872, 1560, 1375, 1365, 1539, 1848, 2204, 
2516, 2700, 2659, 2427, 2089, 1738, 1465, 1358, 1421, 1660, 
2002, 2350, 2613, 2721, 2647, 2407, 2064, 1724, 1397, 1366, 
1523, 1814, 2166, 2495, 2686, 2713, 2555, 2264, 1905, 1592, 
1387, 1368, 1532, 1823, 2320, 2595, 2719, 2666, 2441, 2105, 
1756, 1481, 1361, 1420, 1654, 1989, 2339, 2606, 2723, 2656, 
2300, 1946, 1625, 1413, 1372, 1510, 1806, 2156, 2474, 2680, 
2711, 2566, 2268, 1920, 1601, 1400, 1408, 1630, 1960, 2311, 
2589, 2721, 2665, 2446, 2119, 1769, 1489, 1362, 1421, 1649, 
1982, 2332, 2672, 2724, 2593, 2311, 1958, 1626, 1410, 1360, 
1501, 1789, 2143, 2471, 2680, 2731, 2584, 2302, 1807, 1511, 
1364, 1401, 1614, 1939, 2294, 2582, 2724, 2678, 2467, 2137, 
1786, 1504, 1369, 1420, 1763, 2112, 2450, 2677, 2736, 2608, 
2334, 1983, 1648, 1419, 1356, 1489, 1770, 2123, 2454, 2676, 
2703, 2505, 2188, 1830, 1535, 1375, 1402, 1604, 1924, 2281, 
2567, 2718, 2687, 2487, 2163, 1807, 1442, 1363, 1475, 1742, 
2092, 2431, 2656, 2736, 2619, 2351, 1998, 1658, 1424, 1360, 
1483, 1756, 2248, 2551, 2721, 2708, 2520, 2206, 1848, 1542, 
1377, 1391, 1595, 1916, 2268, 2572, 2727, 2705, 2393, 2047, 
1695, 1445, 1359, 1454, 1723, 2068, 2416, 2657, 2742, 2638, 
2372, 2020, 1681, 1439, 1383, 1564, 1872, 2236, 2543, 2715, 
2712, 2528, 2209, 1857, 1551, 1371, 1386, 1576, 1904, 2257, 
2649, 2750, 2659, 2413, 2066, 1713, 1459, 1352, 1446, 1707, 
2054, 2400, 2647, 2735, 2639, 2382, 1895, 1584, 1389, 1384, 
1559, 1858, 2218, 2532, 2708, 2712, 2536, 2230, 1863, 1560, 
1379, 1395, 1695, 2025, 2379, 2638, 2744, 2659, 2415, 2069, 
1719, 1457, 1356, 1451, 1700, 2041, 2387, 2639, 2727, 2564, 
2267, 1907, 1593, 1397, 1382, 1551, 1855, 2211, 2526, 2719, 
2723, 2552, 2246, 1889, 1483, 1363, 1435, 1670, 2008, 2361, 
2624, 2740, 2670, 2435, 2092, 1747, 1479, 1366, 1441, 1685, 
2161, 2487, 2690, 2719, 2574, 2272, 1924, 1607, 1399, 1377, 
1539, 1835, 2199, 2514, 2711, 2728, 2464, 2129, 1776, 1497, 
1367, 1422, 1651, 1987, 2340, 2612, 2731, 2668, 2439, 2105, 
1759, 1487, 1381, 1517, 1808, 2160, 2484, 2690, 2720, 2582, 
2286, 1927, 1607, 1402, 1372, 1528, 1825, 2186, 2606, 2739, 
2693, 2472, 2136, 1788, 1499, 1364, 1415, 1639, 1974, 2334, 
2608, 2732, 2684, 2453, 1976, 1644, 1419, 1370, 1525, 1848, 
2249, 2595, 2737, 2684, 2454, 2108, 1758, 1474, 1359, 1444, 
1825, 2186, 2511, 2710, 2737, 2577, 2278, 1920, 1593, 1399, 
1379, 1537, 1839, 2196, 2512, 2704, 2672, 2447, 2112, 1760, 
1490, 1369, 1440, 1676, 2016, 2366, 2630, 2740, 2668, 2424, 
2081, 1733, 1401, 1362, 1510, 1807, 2167, 2495, 2700, 2737, 
2589, 2287, 1927, 1607, 1395, 1366, 1532, 1826, 2316, 2596, 
2729, 2678, 2460, 2128, 1779, 1491, 1372, 1432, 1663, 2001, 
2357, 2628, 2747, 2680, 2323, 1953, 1625, 1399, 1359, 1500, 
1795, 2152, 2488, 2695, 2751, 2599, 2310, 1944, 1615, 1395, 
1392, 1614, 1943, 2308, 2600, 2745, 2705, 2488, 2155, 1793, 
1503, 1362, 1411, 1627, 1963, 2323, 2675, 2747, 2623, 2348, 
1999, 1654, 1426, 1370, 1496, 1777, 2134, 2464, 2691, 2732, 
2600, 2319, 1824, 1527, 1372, 1403, 1612, 1939, 2297, 2590, 
2739, 2705, 2494, 2168, 1807, 1506, 1365, 1402, 1743, 2094, 
2433, 2673, 2736, 2627, 2363, 2007, 1668, 1430, 1370, 1487, 
1763, 2118, 2451, 2673, 2702, 2506, 2192, 1838, 1540, 1380, 
1406, 1609, 1940, 2291, 2585, 2737, 2707, 2500, 2177, 1812, 
1428, 1351, 1456, 1728, 2079, 2429, 2665, 2748, 2639, 2372, 
2023, 1684, 1437, 1362, 1474, 1744, 2236, 2543, 2716, 2712, 
2528, 2214, 1857, 1555, 1380, 1395, 1587, 1904, 2264, 2560, 
2726, 2711, 2400, 2059, 1713, 1459, 1366, 1460, 1715, 2059, 
2400, 2646, 2732, 2628, 2378, 2032, 1694, 1451, 1392, 1567, 
1875, 2227, 2532, 2707, 2715, 2534, 2229, 1868, 1563, 1395, 
1393, 1583, 1893, 2248, 2630, 2731, 2651, 2403, 2062, 1718, 
1463, 1366, 1458, 1708, 2056, 2401, 2648, 2740, 2648, 2395, 
1902, 1587, 1398, 1376, 1551, 1860, 2209, 2532, 2707, 2732, 
2547, 2240, 1879, 1569, 1383, 1379, 1671, 2015, 2364, 2632, 
2745, 2671, 2428, 2084, 1735, 1464, 1355, 1440, 1687, 2036, 
2379, 2651, 2734, 2589, 2284, 1933, 1599, 1393, 1367, 1519, 
1827, 2188, 2512, 2711, 2735, 2576, 2274, 1916, 1498, 1368, 
1421, 1650, 1984, 2335, 2608, 2727, 2666, 2438, 2100, 1762, 
1484, 1372, 1447, 1690, 2172, 2496, 2708, 2740, 2590, 2298, 
1935, 1606, 1402, 1360, 1518, 1816, 2174, 2503, 2708, 2739, 
2481, 2148, 1785, 1504, 1366, 1422, 1641, 1971, 2327, 2603, 
2732, 2675, 2451, 2122, 1760, 1492, 1370, 1508, 1799, 2151, 
2484, 2695, 2741, 2595, 2304, 1948, 1615, 1400, 1357, 1508, 
1799, 2163, 2596, 2744, 2707, 2498, 2162, 1800, 1505, 1359, 
1396, 1622, 1951, 2312, 2597, 2743, 2707, 2476, 2011, 1676, 
1436, 1376, 1491, 1767, 2115, 2451, 2675, 2732, 2604, 2327, 
1975, 1644, 1420, 1369, 1605, 1921, 2275, 2574, 2724, 2699, 
2502, 2182, 1824, 1531, 1378, 1410, 1622, 1947, 2303, 2584, 
2735, 2627, 2363, 2011, 1679, 1438, 1372, 1490, 1760, 2107, 
2446, 2671, 2732, 2608, 2335, 1983, 1543, 1377, 1395, 1593, 
1920, 2267, 2572, 2732, 2702, 2511, 2179, 1827, 1524, 1369, 
1402, 1608, 2079, 2428, 2668, 2749, 2640, 2375, 2023, 1682, 
1436, 1356, 1475, 1742, 2094, 2435, 2672, 2744, 2535, 2230, 
1855, 1544, 1370, 1385, 1577, 1894, 2260, 2571, 2739, 2727, 
2535, 2207, 1847, 1536, 1345, 1436, 1694, 2043, 2400, 2656, 
2748, 2657, 2408, 2058, 1707, 1452, 1353, 1464, 1721, 2065, 
2519, 2713, 2715, 2544, 2238, 1882, 1571, 1392, 1389, 1570, 
1888, 2246, 2555, 2727, 2720, 2537, 2074, 1729, 1463, 1350, 
1437, 1686, 2036, 2389, 2645, 2751, 2663, 2412, 2055, 1716, 
1451, 1354, 1534, 1832, 2194, 2515, 2707, 2724, 2559, 2256, 
1902, 1586, 1405, 1383, 1562, 1870, 2228, 2542, 2744, 2675, 
2437, 2096, 1740, 1467, 1358, 1426, 1676, 2023, 2372, 2641, 
2744, 2680, 2430, 2084, 1608, 1395, 1362, 1515, 1814, 2173, 
2500, 2709, 2740, 2589, 2291, 1933, 1607, 1399, 1372, 1532, 
1971, 2316, 2599, 2728, 2680, 2457, 2131, 1774, 1503, 1387, 
2128, 1781, 1501, 1373, 1427, 1655, 2126, 2456, 2678, 2729, 
2604, 2326, 1977, 1644, 1422, 1372, 1502, 1788, 2144, 2468, 
2680, 2724, 2481, 2168, 1812, 1530, 1385, 1422, 1634, 1960, 
2307, 2590, 2723, 2682, 2467, 2137, 1787, 1505, 1370, 1494, 
1768, 2120, 2455, 2680, 2739, 2613, 2336, 1983, 1643, 1426, 
1361, 1499, 1776, 2135, 2564, 2723, 2704, 2504, 2180, 1824, 
1532, 1374, 1407, 1611, 1935, 2295, 2586, 2736, 2700, 2489, 
2020, 1679, 1433, 1357, 1468, 1740, 2082, 2432, 2662, 2742, 
2627, 2365, 2003, 1674, 1436, 1367, 1575, 1891, 2243, 2547, 
2711, 2697, 2510, 2195, 1841, 1548, 1387, 1406, 1607, 1930, 
2284, 2576, 2740, 2636, 2382, 2032, 1688, 1432, 1349, 1465, 
1727, 2080, 2420, 2667, 2743, 2632, 2371, 2017, 1567, 1388, 
1386, 1571, 1882, 2240, 2544, 2718, 2711, 2531, 2215, 1858, 
1552, 1381, 1396, 1596, 2050, 2401, 2659, 2752, 2656, 2400, 
2052, 1699, 1443, 1352, 1451, 1712, 2063, 2412, 2663, 2752, 
2569, 2259, 1893, 1571, 1379, 1369, 1543, 1855, 2219, 2535, 
2721, 2728, 2555, 2242, 1882, 1568, 1351, 1432, 1676, 2008, 
2361, 2630, 2744, 2666, 2424, 2075, 1728, 1465, 1359, 1443, 
1697, 2040, 2503, 2704, 2726, 2570, 2272, 1912, 1591, 1395, 
1377, 1542, 1848, 2208, 2528, 2720, 2732, 2556, 2111, 1759, 
1484, 1357, 1431, 1668, 2003, 2358, 2623, 2737, 2666, 2428, 
2088, 1738, 1469, 1360, 1520, 1816, 2172, 2503, 2704, 2736, 
2583, 2284, 1930, 1601, 1401, 1380, 1531, 1837, 2192, 2515, 
2740, 2687, 2463, 2129, 1775, 1496, 1371, 1427, 1659, 1999, 
2347, 2616, 2735, 2669, 2435, 2096, 1630, 1409, 1367, 1508, 
1802, 2159, 2481, 2704, 2734, 2599, 2313, 1948, 1615, 1404, 
1368, 1515, 1943, 2300, 2587, 2727, 2687, 2479, 2152, 1800, 
1516, 1380, 1424, 1644, 1969, 2317, 2593, 2727, 2600, 2328, 
1981, 1656, 1430, 1388, 1517, 1790, 2148, 2477, 2691, 2736, 
2599, 2312, 1959, 1627, 1371, 1398, 1608, 1932, 2284, 2584, 
2731, 2698, 2498, 2168, 1814, 1521, 1377, 1417, 1632, 1954, 
2437, 2660, 2732, 2614, 2345, 2000, 1663, 1435, 1373, 1503, 
1779, 2134, 2466, 2685, 2737, 2609, 2192, 1835, 1531, 1369, 
1396, 1599, 1920, 2281, 2577, 2736, 2708, 2502, 2183, 1816, 
1520, 1369, 1461, 1726, 2080, 2424, 2656, 2740, 2634, 2370, 
2019, 1682, 1440, 1366, 1484, 1750, 2103, 2440, 2718, 2716, 
2527, 2215, 1855, 1551, 1377, 1393, 1587, 1905, 2265, 2563, 
2725, 2719, 2513, 2187, 1704, 1448, 1354, 1457, 1713, 2063, 
2415, 2660, 2751, 2647, 2391, 2043, 1692, 1445, 1360, 1468, 
1863, 2220, 2532, 2713, 2716, 2536, 2227, 1875, 1558, 1389, 
1395, 1575, 1895, 2250, 2558, 2727, 2663, 2417, 2070, 1718, 
1457, 1356, 1444, 1699, 2046, 2399, 2651, 2747, 2656, 2401, 
2057, 1707, 1399, 1380, 1548, 1852, 2211, 2524, 2713, 2719, 
2555, 2247, 1888, 1573, 1398, 1390, 1567, 1877, 2367, 2633, 
2743, 2668, 2427, 2087, 1738, 1468, 1360, 1439, 1686, 2027, 
2375, 2638, 2738, 2659, 2289, 1935, 1611, 1403, 1371, 1543, 
1826, 2182, 2502, 2686, 2717, 2553, 2259, 1903, 1594, 1397, 
1439, 1670, 2000, 2354, 2620, 2736, 2675, 2435, 2098, 1748, 
1477, 1363, 1438, 1680, 2019, 2380, 2699, 2740, 2596, 2297, 
1944, 1616, 1408, 1377, 1528, 1823, 2174, 2498, 2698, 2726, 
2571, 2276, 1784, 1505, 1373, 1427, 1656, 1992, 2339, 2617, 
2737, 2676, 2448, 2108, 1756, 1480, 1356, 1421, 1796, 2151, 
2488, 2693, 2738, 2595, 2297, 1946, 1614, 1400, 1365, 1516, 
1808, 2168, 2499, 2707, 2703, 2487, 2153, 1797, 1508, 1366, 
1412, 1632, 1964, 2317, 2603, 2735, 2680, 2457, 2123, 1773, 
1412, 1357, 1487, 1774, 2136, 2472, 2698, 2749, 2613, 2326, 
1964, 1630, 1403, 1351, 1492, 1785, 2286, 2588, 2745, 2717, 
2513, 2183, 1823, 1521, 1367, 1406, 1644, 2007, 2423, 2697, 
2731, 2566, 2118, 1754, 1489, 1361, 1444, 1695, 2034, 2388, 
2645, 2751, 2664, 2412, 2063, 1713, 1453, 1353, 1525, 1826, 
2191, 2516, 2713, 2740, 2580, 2272, 1923, 1596, 1401, 1383, 
1545, 1844, 2201, 2515, 2732, 2671, 2444, 2109, 1760, 1493, 
1376, 1447, 1690, 2015, 2367, 2624, 2734, 2654, 2417, 2076, 
1615, 1408, 1371, 1524, 1822, 2176, 2495, 2693, 2729, 2579, 
2286, 1931, 1614, 1411, 1384, 1543, 1972, 2323, 2593, 2721, 
2667, 2446, 2115, 1768, 1499, 1376, 1442, 1673, 2006, 2346, 
2612, 2732, 2590, 2315, 1954, 1635, 1423, 1373, 1523, 1808, 
2163, 2486, 2689, 2726, 2579, 2291, 1939, 1615, 1375, 1420, 
1632, 1962, 2316, 2588, 2731, 2681, 2471, 2138, 1790, 1512, 
1378, 1434, 1663, 1984, 2456, 2675, 2731, 2604, 2325, 1967, 
1646, 1426, 1376, 1515, 1800, 2148, 2480, 2683, 2727, 2585, 
2165, 1814, 1521, 1375, 1415, 1629, 1953, 2314, 2596, 2739, 
2694, 2480, 2147, 1792, 1510, 1370, 1480, 1760, 2108, 2452, 
2681, 2740, 2617, 2343, 1987, 1652, 1415, 1363, 1495, 1776, 
2132, 2467, 2732, 2712, 2510, 2188, 1815, 1521, 1362, 1388, 
1599, 1934, 2285, 2588, 2747, 2718, 2505, 2180, 1688, 1436, 
1352, 1460, 1729, 2081, 2430, 2670, 2745, 2635, 2366, 2016, 
1676, 1433, 1363, 1484, 1891, 2238, 2559, 2727, 2710, 2523, 
2211, 1844, 1536, 1364, 1386, 1582, 1906, 2267, 2567, 2737, 
2659, 2406, 2059, 1711, 1452, 1361, 1452, 1718, 2061, 2407, 
2649, 2735, 2632, 2375, 2029, 1699, 1399, 1401, 1574, 1885, 
2246, 2540, 2712, 2711, 2524, 2219, 1859, 1553, 1383, 1402, 
1592, 1905, 2398, 2652, 2751, 2660, 2407, 2060, 1711, 1449, 
1356, 1449, 1708, 2055, 2399, 2649, 2739, 2637, 2260, 1896, 
1579, 1389, 1382, 1553, 1868, 2221, 2535, 2716, 2721, 2545, 
2236, 1876, 1561, 1382, 1436, 1680, 2021, 2372, 2636, 2739, 
2659, 2419, 2072, 1725, 1464, 1352, 1447, 1700, 2049, 2396, 
2710, 2726, 2570, 2272, 1910, 1591, 1393, 1373, 1544, 1849, 
2205, 2526, 2715, 2727, 2558, 2243, 1764, 1486, 1360, 1432, 
1669, 2004, 2361, 2628, 2737, 2672, 2431, 2087, 1752, 1481, 
1372, 1449, 1821, 2175, 2499, 2700, 2729, 2572, 2279, 1920, 
1594, 1392, 1370, 1536, 1841, 2195, 2523, 2718, 2691, 2470, 
2128, 1774, 1492, 1367, 1426, 1651, 1987, 2348, 2620, 2747, 
2682, 2451, 2113, 1754, 1415, 1365, 1500, 1792, 2145, 2479, 
2694, 2739, 2599, 2313, 1951, 1628, 1410, 1370, 1523, 1813, 
2301, 2585, 2734, 2686, 2480, 2155, 1795, 1518, 1376, 1421, 
1656, 1979, 2324, 2612, 2740, 2688, 2342, 1986, 1650, 1419, 
1357, 1492, 1772, 2126, 2463, 2687, 2740, 2610, 2332, 1977, 
1657, 1424, 1411, 1610, 1928, 2280, 2571, 2720, 2684, 2488, 
2163, 1812, 1523, 1382, 1422, 1635, 1964, 2313, 2668, 2736, 
2614, 2347, 1991, 1656, 1427, 1366, 1492, 1768, 2123, 2464, 
2687, 2745, 2620, 2337, 1843, 1538, 1375, 1393, 1587, 1911, 
2272, 2567, 2724, 2700, 2500, 2179, 1824, 1531, 1379, 1409, 
1735, 2080, 2425, 2670, 2748, 2634, 2371, 2017, 1672, 1428, 
1359, 1472, 1743, 2101, 2433, 2675, 2716, 2531, 2219, 1860, 
1561, 1386, 1399, 1591, 1905, 2265, 2563, 2723, 2703, 2511, 
2193, 1836, 1456, 1360, 1462, 1717, 2062, 2402, 2656, 2737, 
2633, 2385, 2038, 1695, 1450, 1370, 1475, 1738, 2219, 2534, 
2710, 2712, 2537, 2234, 1879, 1567, 1392, 1396, 1582, 1889, 
2245, 2547, 2716, 2703, 2407, 2069, 1727, 1463, 1371, 1459, 
1707, 2052, 2398, 2647, 2740, 2647, 2392, 2049, 1704, 1460, 
1380, 1548, 1853, 2209, 2523, 2705, 2722, 2551, 2248, 1886, 
1571, 1387, 1381, 1558, 1871, 2228, 2627, 2744, 2679, 2437, 
2092, 1747, 1479, 1372, 1443, 1688, 2023, 2384, 2635, 2739, 
2654, 2412, 1924, 1607, 1406, 1380, 1544, 1845, 2204, 2521, 
2712, 2729, 2561, 2259, 1894, 1566, 1378, 1363, 1792, 1507, 
1363, 1407, 1623, 1954, 2312, 2589, 2724, 2673, 2457, 2126, 
1776, 1492, 1377, 1435, 1795, 2147, 2478, 2688, 2741, 2596, 
2311, 1950, 1616, 1395, 1354, 1503, 1793, 2158, 2494, 2713, 
2713, 2505, 2172, 1812, 1510, 1360, 1398, 1612, 1940, 2302, 
2590, 2737, 2696, 2481, 2150, 1786, 1427, 1355, 1476, 1758, 
2108, 2454, 2681, 2740, 2620, 2346, 1987, 1649, 1419, 1359, 
1487, 1773, 2267, 2563, 2727, 2711, 2512, 2193, 1836, 1536, 
1380, 1408, 1610, 1934, 2286, 2575, 2723, 2690, 2367, 2021, 
1681, 1436, 1363, 1471, 1743, 2096, 2433, 2665, 2739, 2628, 
2353, 2006, 1671, 1436, 1403, 1577, 1896, 2251, 2550, 2712, 
2703, 2510, 2199, 1844, 1552, 1388, 1415, 1610, 1925, 2279, 
2641, 2732, 2631, 2377, 2032, 1694, 1449, 1369, 1478, 1739, 
2086, 2424, 2657, 2741, 2628, 2366, 1881, 1569, 1396, 1399, 
1580, 1889, 2241, 2541, 2716, 2707, 2511, 2206, 1846, 1548, 
1379, 1393, 1702, 2044, 2391, 2642, 2739, 2652, 2396, 2052, 
1708, 1456, 1367, 1464, 1720, 2065, 2407, 2648, 2712, 2543, 
2240, 1887, 1574, 1401, 1385, 1574, 1888, 2238, 2543, 2719, 
2711, 2527, 2204, 1852, 1449, 1347, 1436, 1686, 2035, 2388, 
2648, 2755, 2671, 2424, 2072, 1724, 1461, 1360, 1445, 1695, 
2183, 2495, 2695, 2710, 2556, 2264, 1905, 1593, 1404, 1390, 
1565, 1873, 2224, 2531, 2718, 2722, 2436, 2092, 1742, 1470, 
1345, 1427, 1669, 2012, 2369, 2640, 2753, 2682, 2443, 2095, 
1744, 1477, 1362, 1522, 1801, 2159, 2488, 2691, 2727, 2579, 
2288, 1935, 1614, 1407, 1381, 1549, 1836, 2196, 2600, 2727, 
2675, 2452, 2118, 1767, 1494, 1372, 1428, 1659, 1993, 2344, 
2615, 2739, 2672, 2445, 1977, 1646, 1427, 1386, 1525, 1808, 
2156, 2478, 2679, 2726, 2575, 2286, 1933, 1612, 1408, 1378, 
1633, 1963, 2316, 2599, 2736, 2687, 2473, 2142, 1787, 1512, 
1376, 1420, 1649, 1976, 2327, 2604, 2727, 2599, 2326, 1974, 
1643, 1423, 1377, 1515, 1798, 2156, 2476, 2688, 2732, 2598, 
2305, 1951, 1519, 1369, 1403, 1615, 1944, 2291, 2583, 2735, 
2688, 2479, 2159, 1803, 1515, 1370, 1415, 1628, 2102, 2439, 
2667, 2738, 2619, 2352, 1991, 1657, 1423, 1363, 1491, 1768, 
2121, 2463, 2684, 2743, 2515, 2198, 1836, 1535, 1372, 1393, 
1598, 1919, 2279, 2572, 2729, 2707, 2507, 2182, 1819, 1532, 
1369, 1470, 1740, 2085, 2424, 2660, 2733, 2622, 2352, 2003, 
1664, 1427, 1359, 1484, 1750, 2118, 2561, 2734, 2729, 2531, 
2219, 1859, 1553, 1376, 1387, 1582, 1897, 2257, 2559, 2720, 
2705, 2511, 2057, 1710, 1459, 1377, 1467, 1731, 2070, 2416, 
2657, 2739, 2633, 2371, 2023, 1675, 1430, 1345, 1556, 1871, 
2228, 2544, 2719, 2723, 2543, 2232, 1871, 1566, 1383, 1391, 
1574, 1889, 2247, 2550, 2739, 2659, 2412, 2064, 1725, 1463, 
1364, 1459, 1708, 2048, 2396, 2648, 2734, 2636, 2381, 2035, 
1587, 1392, 1380, 1555, 1861, 2215, 2526, 2711, 2721, 2544, 
2244, 1889, 1574, 1398, 1392, 1574, 2017, 2364, 2622, 2728, 
2652, 2409, 2078, 1728, 1472, 1367, 1456, 1707, 2041, 2396, 
2643, 2745, 2575, 2278, 1921, 1600, 1398, 1377, 1540, 1843, 
2195, 2512, 2704, 2716, 2553, 2251, 1899, 1583, 1369, 1432, 
1670, 2006, 2361, 2623, 2739, 2673, 2436, 2092, 1740, 1474, 
1362, 1432, 1680, 2017, 2487, 2703, 2729, 2588, 2300, 1947, 
1620, 1408, 1380, 1529, 1822, 2179, 2496, 2695, 2723, 2567, 
2132, 1780, 1502, 1373, 1418, 1651, 1986, 2336, 2614, 2739, 
2680, 2451, 2110, 1756, 1480, 1356, 1499, 1780, 2137, 2476, 
2689, 2739, 2599, 2319, 1966, 1638, 1422, 1376, 1531, 1812, 
2164, 2494, 2724, 2675, 2469, 2145, 1788, 1502, 1367, 1416, 
1638, 1971, 2324, 2606, 2741, 2687, 2463, 2136, 1649, 1425, 
1370, 1498, 1777, 2128, 2460, 2680, 2731, 2599, 2319, 1964, 
1641, 1417, 1377, 1546, 2023, 2428, 2699, 2728, 2561, 2256, 
1889, 1568, 1378, 1385, 1577, 1888, 2251, 2559, 2719, 2708, 
2406, 2060, 1713, 1459, 1364, 1457, 1715, 2057, 2404, 2650, 
2735, 2643, 2383, 2036, 1695, 1449, 1381, 1552, 1863, 2224, 
2532, 2716, 2723, 2548, 2239, 1885, 1569, 1386, 1386, 1566, 
1875, 2233, 2625, 2734, 2658, 2422, 2083, 1740, 1484, 1382, 
1465, 1707, 2052, 2388, 2639, 2727, 2636, 2387, 1903, 1585, 
1393, 1376, 1546, 1853, 2212, 2524, 2719, 2727, 2566, 2258, 
1896, 1581, 1390, 1380, 1664, 1996, 2354, 2622, 2738, 2681, 
2439, 2095, 1747, 1483, 1370, 1442, 1693, 2031, 2375, 2636, 
2728, 2574, 2279, 1920, 1600, 1391, 1365, 1528, 1828, 2188, 
2512, 2712, 2736, 2575, 2278, 1916, 1497, 1365, 1420, 1646, 
1985, 2332, 2609, 2731, 2672, 2441, 2102, 1752, 1482, 1363, 
1439, 1676, 2152, 2489, 2692, 2734, 2592, 2303, 1948, 1624, 
1408, 1371, 1520, 1812, 2168, 2496, 2698, 2727, 2478, 2147, 
1795, 1510, 1374, 1427, 1642, 1974, 2326, 2601, 2727, 2681, 
2454, 2121, 1770, 1488, 1362, 1500, 1785, 2132, 2470, 2683, 
2736, 2599, 2319, 1965, 1635, 1412, 1374, 1516, 1795, 2156, 
2579, 2736, 2696, 2494, 2168, 1813, 1521, 1382, 1416, 1625, 
1959, 2311, 2590, 2728, 2684, 2467, 1998, 1657, 1427, 1357, 
1480, 1763, 2116, 2456, 2684, 2748, 2623, 2345, 1990, 1654, 
1427, 1366, 1594, 1913, 2269, 2567, 2723, 2699, 2499, 2177, 
1821, 1532, 1371, 1396, 1615, 1942, 2300, 2589, 2744, 2637, 
2372, 2018, 1676, 1433, 1359, 1470, 1743, 2092, 2432, 2670, 
2732, 2620, 2350, 2003, 1564, 1392, 1401, 1592, 1910, 2262, 
2559, 2721, 2696, 2504, 2187, 1831, 1534, 1377, 1400, 1607, 
2070, 2408, 2664, 2740, 2652, 2384, 2034, 1691, 1444, 1367, 
1475, 1739, 2080, 2425, 2660, 2736, 2537, 2224, 1872, 1571, 
1388, 1394, 1577, 1888, 2243, 2545, 2719, 2708, 2524, 2209, 
1856, 1548, 1363, 1452, 1693, 2041, 2391, 2647, 2747, 2656, 
2407, 2062, 1714, 1454, 1363, 1460, 1720, 2065, 2515, 2705, 
2719, 2547, 2250, 1891, 1576, 1390, 1383, 1560, 1871, 2232, 
2547, 2723, 2721, 2543, 2087, 1738, 1484, 1360, 1440, 1685, 
2028, 2378, 2639, 2739, 2657, 2415, 2074, 1726, 1459, 1367, 
1537, 1840, 2194, 2508, 2704, 2719, 2556, 2262, 1904, 1585, 
1390, 1380, 1543, 1849, 2212, 2529, 2737, 2670, 2439, 2100, 
1750, 1481, 1364, 1437, 1676, 2015, 2364, 2631, 2731, 2661, 
2428, 2083, 1624, 1406, 1372, 1531, 1820, 2174, 2495, 2695, 
2716, 2569, 2273, 1913, 1593, 1395, 1376, 1538, 1971, 2323, 
2598, 2735, 2684, 2463, 2131, 1781, 1501, 1372, 1435, 1664, 
1993, 2345, 2611, 2726, 2588, 2310, 1953, 1631, 1408, 1372, 
1517, 1806, 2168, 2491, 2704, 2737, 2591, 2299, 1938, 1610, 
1358, 1404, 1619, 1947, 2307, 2596, 2732, 2695, 2482, 2140, 
1792, 1507, 1376, 1429, 1656, 1982, 2458, 2680, 2729, 2601, 
2320, 1969, 1635, 1420, 1369, 1507, 1795, 2154, 2480, 2689, 
2739, 2595, 2183, 1822, 1519, 1376, 1401, 1613, 1944, 2296, 
2588, 2733, 2689, 2480, 2153, 1799, 1505, 1372, 1490, 1757, 
2104, 2441, 2673, 2734, 2616, 2343, 1988, 1656, 1423, 1363, 
1488, 1771, 2120, 2452, 2723, 2705, 2507, 2197, 1838, 1539, 
1374, 1404, 1607, 1924, 2280, 2572, 2726, 2688, 2494, 2169, 
1686, 1439, 1369, 1475, 1743, 2087, 2433, 2669, 2741, 2629, 
2363, 2005, 1665, 1424, 1353, 1477, 1885, 2246, 2550, 2725, 
2717, 2529, 2211, 1860, 1554, 1382, 1407, 1595, 1911, 2268, 
2563, 2723, 2641, 2387, 2038, 1708, 1458, 1367, 1464, 1728, 
2076, 2416, 2657, 2737, 2630, 2363, 2022, 1683, 1390, 1386, 
1567, 1878, 2230, 2544, 2716, 2719, 2539, 2223, 1868, 1558, 
1388, 1394, 1584, 1895, 2382, 2639, 2736, 2652, 2404, 2055, 
1711, 1455, 1360, 1449, 1707, 2053, 2395, 2651, 2739, 2648, 
2263, 1910, 1588, 1397, 1384, 1913, 1592, 1393, 1371, 1539, 
1837, 2199, 2519, 2715, 2723, 2560, 2113, 1767, 1484, 1355, 
1414, 1647, 1986, 2348, 2622, 2740, 2684, 2448, 2108, 1755, 
1487, 1370, 1514, 1795, 2151, 2478, 2684, 2719, 2577, 2290, 
1933, 1612, 1406, 1379, 1531, 1824, 2180, 2503, 2740, 2685, 
2464, 2144, 1792, 1504, 1373, 1425, 1645, 1979, 2331, 2606, 
2729, 2672, 2447, 2111, 1644, 1424, 1367, 1505, 1793, 2144, 
2471, 2681, 2734, 2592, 2310, 1955, 1630, 1412, 1369, 1514, 
1943, 2303, 2582, 2720, 2685, 2484, 2155, 1803, 1519, 1378, 
1423, 1636, 1968, 2317, 2597, 2729, 2611, 2346, 1991, 1651, 
1419, 1362, 1490, 1774, 2125, 2465, 2687, 2737, 2609, 2329, 
1972, 1633, 1363, 1383, 1596, 1917, 2279, 2573, 2732, 2705, 
2510, 2184, 1824, 1531, 1379, 1411, 1617, 1942, 2418, 2656, 
2739, 2622, 2354, 2001, 1670, 1434, 1371, 1489, 1763, 2111, 
2446, 2678, 2742, 2616, 2205, 1849, 1544, 1381, 1401, 1593, 
1912, 2267, 2563, 2723, 2697, 2505, 2184, 1830, 1531, 1378, 
1474, 1730, 2075, 2415, 2661, 2739, 2636, 2372, 2021, 1684, 
1440, 1366, 1475, 1743, 2089, 2435, 2719, 2715, 2539, 2225, 
1877, 1564, 1390, 1395, 1578, 1891, 2248, 2550, 2716, 2703, 
2512, 2198, 1709, 1456, 1365, 1455, 1713, 2063, 2416, 2659, 
2752, 2650, 2390, 2042, 1695, 1441, 1356, 1459, 1849, 2210, 
2528, 2715, 2727, 2559, 2250, 1890, 1574, 1391, 1389, 1571, 
1878, 2230, 2542, 2712, 2655, 2417, 2079, 1730, 1466, 1366, 
1448, 1703, 2041, 2385, 2643, 2737, 2652, 2402, 2063, 1717, 
1403, 1382, 1546, 1845, 2199, 2511, 2703, 2719, 2553, 2249, 
1892, 1581, 1396, 1388, 1555, 1864, 2350, 2622, 2739, 2667, 
2435, 2095, 1745, 1480, 1367, 1439, 1675, 2019, 2375, 2629, 
2740, 2663, 2291, 1934, 1614, 1406, 1376, 1537, 1823, 2187, 
2510, 2707, 2727, 2563, 2264, 1912, 1591, 1392, 1420, 1647, 
1987, 2340, 2620, 2748, 2680, 2456, 2112, 1758, 1485, 1368, 
1427, 1664, 1999, 2356, 2691, 2736, 2599, 2318, 1959, 1628, 
1419, 1375, 1520, 1812, 2163, 2488, 2687, 2726, 2577, 2279, 
1795, 1510, 1374, 1421, 1644, 1970, 2324, 2601, 2732, 2679, 
2457, 2127, 1779, 1499, 1368, 1425, 1776, 2130, 2463, 2679, 
2732, 2606, 2320, 1968, 1632, 1416, 1366, 1500, 1798, 2151, 
2481, 2687, 2696, 2492, 2165, 1808, 1518, 1371, 1410, 1622, 
1948, 2306, 2591, 2726, 2687, 2473, 2140, 1784, 1424, 1364, 
1486, 1764, 2115, 2451, 2678, 2732, 2609, 2330, 1972, 1644, 
1416, 1355, 1497, 1784, 2278, 2575, 2732, 2707, 2505, 2187, 
1825, 1527, 1369, 1396, 1604, 1929, 2292, 2583, 2729, 2690, 
2376, 2031, 1691, 1443, 1369, 1480, 1743, 2094, 2430, 2664, 
2732, 2616, 2349, 2003, 1668, 1432, 1392, 1585, 1897, 2259, 
2561, 2724, 2712, 2522, 2204, 1848, 1542, 1379, 1398, 1597, 
1914, 2273, 2641, 2732, 2638, 2380, 2035, 1693, 1447, 1361, 
1475, 1740, 2085, 2429, 2665, 2740, 2627, 2362, 1875, 1561, 
1379, 1384, 1570, 1881, 2236, 2545, 2718, 2712, 2528, 2211, 
1859, 1555, 1385, 1395, 1704, 2048, 2393, 2647, 2740, 2646, 
2395, 2048, 1705, 1449, 1359, 1457, 1719, 2065, 2412, 2659, 
2726, 2559, 2259, 1899, 1583, 1390, 1382, 1554, 1855, 2206, 
2528, 2707, 2711, 2540, 2237, 1883, 1484, 1369, 1443, 1684, 
2024, 2375, 2633, 2739, 2656, 2412, 2067, 1723, 1464, 1360, 
1449, 1704, 2191, 2510, 2705, 2732, 2569, 2272, 1904, 1586, 
1393, 1378, 1545, 1848, 2203, 2519, 2705, 2716, 2444, 2115, 
1760, 1487, 1368, 1439, 1679, 2012, 2366, 2625, 2737, 2662, 
2419, 2083, 1736, 1471, 1371, 1527, 1822, 2172, 2494, 2696, 
2726, 2571, 2280, 1920, 1601, 1399, 1376, 1537, 1835, 2188, 
2620, 2738, 2675, 2457, 2128, 1779, 1497, 1366, 1427, 1656, 
1991, 2346, 2620, 2739, 2674, 2442, 1964, 1632, 1415, 1372, 
1539, 1875, 2289, 2620, 2742, 2665, 2417, 2063, 1719, 1451, 
1363, 1479, 1877, 2235, 2543, 2716, 2707, 2527, 2215, 1855, 
1554, 1378, 1395, 1588, 1902, 2266, 2566, 2726, 2655, 2402, 
2059, 1712, 1456, 1362, 1465, 1719, 2059, 2391, 2644, 2729, 
2628, 2372, 2030, 1691, 1395, 1390, 1566, 1872, 2235, 2544, 
2716, 2723, 2540, 2229, 1877, 1563, 1384, 1391, 1571, 1884, 
2368, 2628, 2739, 2660, 2417, 2075, 1731, 1465, 1362, 1451, 
1699, 2040, 2387, 2639, 2735, 2647, 2268, 1911, 1594, 1395, 
1377, 1548, 1852, 2219, 2534, 2716, 2732, 2559, 2248, 1889, 
1575, 1386, 1427, 1665, 2003, 2358, 2631, 2739, 2662, 2426, 
2089, 1740, 1475, 1365, 1447, 1691, 2032, 2381, 2694, 2726, 
2575, 2283, 1926, 1603, 1402, 1376, 1538, 1841, 2189, 2512, 
2705, 2720, 2561, 2264, 1777, 1497, 1368, 1428, 1658, 1993, 
2342, 2613, 2736, 2671, 2439, 2100, 1747, 1483, 1365, 1440, 
1800, 2154, 2484, 2695, 2736, 2592, 2305, 1944, 1615, 1404, 
1372, 1520, 1815, 2172, 2495, 2695, 2686, 2476, 2145, 1793, 
1505, 1368, 1414, 1645, 1980, 2329, 2600, 2729, 2679, 2452, 
2115, 1768, 1418, 1368, 1500, 1783, 2141, 2472, 2691, 2739, 
2602, 2319, 1964, 1633, 1415, 1371, 1516, 1807, 2294, 2582, 
2727, 2692, 2481, 2156, 1801, 1512, 1372, 1415, 1639, 1965, 
2319, 2595, 2730, 2680, 2347, 1998, 1660, 1429, 1364, 1496, 
1774, 2127, 2458, 2686, 2739, 2607, 2328, 1975, 1647, 1421, 
1398, 1596, 1917, 2271, 2570, 2725, 2697, 2499, 2175, 1814, 
1523, 1380, 1406, 1616, 1937, 2298, 2660, 2740, 2628, 2359, 
2009, 1676, 1436, 1361, 1486, 1757, 2109, 2443, 2680, 2739, 
2617, 2347, 1854, 1551, 1377, 1390, 1586, 1900, 2254, 2559, 
2723, 2700, 2504, 2187, 1837, 1539, 1380, 1409, 1729, 2071, 
2415, 2659, 2739, 2632, 2375, 2028, 1686, 1441, 1363, 1475, 
1742, 2091, 2425, 2662, 2718, 2539, 2231, 1871, 1564, 1391, 
1396, 1582, 1895, 2251, 2552, 2720, 2707, 2520, 2200, 1843, 
1459, 1357, 1451, 1708, 2046, 2401, 2657, 2747, 2653, 2400, 
2053, 1704, 1451, 1360, 1460, 1729, 2203, 2527, 2709, 2715, 
2551, 2241, 1884, 1570, 1386, 1390, 1567, 1879, 2239, 2545, 
2719, 2713, 2424, 2080, 1728, 1467, 1360, 1440, 1691, 2032, 
2385, 2644, 2743, 2657, 2412, 2065, 1722, 1458, 1379, 1534, 
1833, 2190, 2503, 2702, 2719, 2556, 2255, 1907, 1587, 1399, 
1387, 1557, 1858, 2214, 2621, 2739, 2670, 2438, 2104, 1756, 
1491, 1376, 1446, 1683, 2018, 2364, 2624, 2729, 2649, 2414, 
1932, 1613, 1398, 1373, 1532, 1828, 2183, 2508, 2708, 2731, 
2576, 2272, 1915, 1590, 1392, 1374, 1646, 1979, 2332, 2612, 
2739, 2684, 2460, 2126, 1768, 1491, 1363, 1431, 1671, 1997, 
2347, 2616, 2728, 2591, 2312, 1954, 1625, 1414, 1373, 1521, 
1812, 2171, 2496, 2700, 2732, 2581, 2291, 1934, 1514, 1369, 
1409, 1636, 1959, 2312, 2598, 2734, 2683, 2468, 2134, 1784, 
1500, 1368, 1422, 1647, 2116, 2447, 2667, 2729, 2601, 2324, 
1979, 1648, 1428, 1379, 1514, 1796, 2146, 2471, 2683, 2724, 
2488, 2167, 1819, 1523, 1378, 1415, 1625, 1950, 2310, 2596, 
2735, 2688, 2477, 2144, 1789, 1504, 1360, 1481, 1758, 2112, 
2448, 2683, 2740, 2615, 2337, 1985, 1648, 1420, 1364, 1499, 
1780, 2131, 2575, 2731, 2709, 2510, 2188, 1829, 1531, 1374, 
1399, 1611, 1927, 2287, 2579, 2728, 2688, 2486, 2025, 1684, 
1443, 1363, 1479, 1747, 2098, 2438, 2671, 2736, 2624, 2356, 
1996, 1665, 1430, 1363, 1579, 1887, 2247, 2551, 2720, 2712, 
2526, 2217, 1857, 1552, 1383, 1397, 1589, 1904, 2259, 2556, 
2723, 2638, 2388, 2044, 1701, 1456, 1368, 1471, 1729, 2075, 
2416, 2656, 2732, 2624, 2371, 2021, 1574, 1394, 1393, 1572, 
1880, 2236, 2540, 2710, 2710, 2522, 2207, 1853, 1555, 1388, 
1402, 1594, 2046, 2396, 2647, 2739, 2647, 2396, 2055, 1703, 
1453, 1363, 1956, 1623, 1408, 1366, 1513, 1800, 2291, 2579, 
2720, 2681, 2464, 2144, 1796, 1508, 1375, 1420, 1643, 1972, 
2328, 2600, 2735, 2680, 2337, 1982, 1656, 1423, 1360, 1488, 
1771, 2124, 2460, 2681, 2734, 2607, 2327, 1976, 1644, 1420, 
1400, 1601, 1920, 2272, 2560, 2712, 2686, 2489, 2163, 1814, 
1529, 1384, 1419, 1630, 1951, 2302, 2662, 2732, 2619, 2355, 
2006, 1667, 1438, 1371, 1500, 1766, 2115, 2451, 2671, 2727, 
2605, 2331, 1838, 1538, 1375, 1400, 1603, 1923, 2275, 2569, 
2731, 2702, 2499, 2177, 1820, 1522, 1368, 1400, 1729, 2073, 
2423, 2664, 2743, 2633, 2371, 2020, 1684, 1437, 1362, 1478, 
1747, 2094, 2432, 2672, 2704, 2526, 2211, 1855, 1549, 1379, 
1396, 1585, 1898, 2259, 2559, 2724, 2710, 2524, 2204, 1845, 
1459, 1363, 1452, 1707, 2051, 2398, 2639, 2732, 2641, 2389, 
2043, 1699, 1448, 1362, 1465, 1727, 2213, 2524, 2703, 2713, 
2539, 2237, 1886, 1571, 1395, 1392, 1575, 1884, 2238, 2540, 
2716, 2705, 2416, 2072, 1728, 1468, 1374, 1459, 1710, 2046, 
2394, 2647, 2732, 2639, 2390, 2044, 1699, 1450, 1380, 1552, 
1849, 2213, 2526, 2713, 2720, 2552, 2236, 1886, 1573, 1391, 
1384, 1560, 1871, 2230, 2631, 2747, 2672, 2435, 2090, 1743, 
1475, 1361, 1437, 1685, 2020, 2368, 2627, 2732, 2657, 2416, 
1934, 1612, 1408, 1378, 1534, 1830, 2185, 2504, 2700, 2721, 
2563, 2268, 1914, 1589, 1387, 1374, 1650, 1987, 2340, 2616, 
2740, 2680, 2451, 2112, 1759, 1488, 1368, 1428, 1660, 2000, 
2352, 2619, 2726, 2587, 2303, 1950, 1624, 1417, 1380, 1531, 
1821, 2173, 2492, 2694, 2721, 2568, 2279, 1928, 1512, 1375, 
1430, 1654, 1980, 2335, 2600, 2732, 2668, 2447, 2111, 1766, 
1496, 1371, 1437, 1670, 2144, 2476, 2688, 2733, 2595, 2310, 
1953, 1622, 1408, 1367, 1513, 1801, 2153, 2484, 2702, 2745, 
2499, 2173, 1815, 1520, 1367, 1409, 1620, 1947, 2302, 2584, 
2721, 2683, 2470, 2137, 1794, 1508, 1372, 1496, 1775, 2122, 
2458, 2679, 2735, 2608, 2329, 1975, 1639, 1415, 1363, 1499, 
1785, 2142, 2572, 2735, 2711, 2501, 2181, 1823, 1523, 1368, 
1405, 1609, 1927, 2286, 2574, 2723, 2678, 2481, 2020, 1688, 
1445, 1374, 1488, 1756, 2100, 2435, 2663, 2728, 2611, 2339, 
1993, 1663, 1438, 1377, 1599, 1910, 2264, 2562, 2718, 2697, 
2502, 2184, 1827, 1531, 1374, 1398, 1603, 1927, 2292, 2583, 
2742, 2643, 2387, 2028, 1684, 1436, 1356, 1464, 1732, 2079, 
2426, 2666, 2747, 2635, 2371, 2018, 1565, 1389, 1387, 1570, 
1881, 2240, 2547, 2715, 2708, 2521, 2204, 1851, 1545, 1379, 
1395, 1590, 2051, 2393, 2652, 2739, 2651, 2396, 2050, 1704, 
1450, 1364, 1463, 1725, 2068, 2412, 2659, 2741, 2553, 2245, 
1889, 1574, 1388, 1377, 1552, 1862, 2219, 2526, 2704, 2712, 
2540, 2235, 1881, 1575, 1379, 1455, 1699, 2032, 2374, 2625, 
2731, 2646, 2402, 2062, 1722, 1470, 1372, 1465, 1716, 2060, 
2515, 2707, 2721, 2553, 2253, 1894, 1582, 1390, 1378, 1551, 
1858, 2216, 2530, 2716, 2724, 2552, 2099, 1746, 1478, 1361, 
1435, 1676, 2019, 2371, 2633, 2744, 2668, 2431, 2086, 1734, 
1468, 1361, 1520, 1817, 2169, 2496, 2692, 2721, 2567, 2284, 
1924, 1602, 1400, 1380, 1544, 1844, 2195, 2519, 2736, 2680, 
2456, 2115, 1767, 1487, 1360, 1429, 1660, 1990, 2346, 2617, 
2739, 2673, 2445, 2105, 1635, 1417, 1373, 1508, 1798, 2147, 
2483, 2686, 2722, 2580, 2294, 1939, 1621, 1414, 1383, 1534, 
1963, 2318, 2595, 2732, 2683, 2465, 2127, 1780, 1503, 1371, 
1424, 1651, 1984, 2336, 2611, 2736, 2605, 2324, 1968, 1637, 
1422, 1370, 1510, 1798, 2154, 2483, 2691, 2734, 2592, 2302, 
1944, 1617, 1365, 1404, 1617, 1947, 2305, 2593, 2736, 2695, 
2479, 2157, 1799, 1515, 1371, 1414, 1629, 1959, 2435, 2664, 
2727, 2611, 2339, 1993, 1657, 1427, 1369, 1523, 1832, 2231, 
2585, 2731, 2691, 2463, 1992, 1651, 1414, 1373, 1520, 1812, 
2166, 2490, 2703, 2734, 2579, 2286, 1930, 1606, 1399, 1370, 
1631, 1966, 2320, 2600, 2734, 2683, 2462, 2128, 1780, 1500, 
1372, 1430, 1662, 1990, 2343, 2614, 2729, 2593, 2313, 1962, 
1635, 1419, 1375, 1520, 1811, 2164, 2487, 2690, 2727, 2581, 
2290, 1931, 1510, 1365, 1415, 1627, 1957, 2312, 2596, 2735, 
2685, 2471, 2143, 1787, 1502, 1365, 1419, 1643, 2118, 2451, 
2679, 2740, 2615, 2339, 1984, 1653, 1425, 1371, 1499, 1781, 
2136, 2462, 2681, 2729, 2503, 2179, 1824, 1526, 1374, 1407, 
1612, 1939, 2296, 2585, 2731, 2689, 2486, 2161, 1809, 1511, 
1359, 1474, 1750, 2100, 2441, 2676, 2743, 2625, 2356, 1996, 
1661, 1426, 1368, 1486, 1761, 2108, 2547, 2715, 2700, 2511, 
2194, 1839, 1545, 1385, 1408, 1607, 1926, 2281, 2575, 2731, 
2698, 2496, 2031, 1691, 1445, 1365, 1474, 1740, 2088, 2426, 
2663, 2736, 2627, 2367, 2015, 1676, 1439, 1365, 1575, 1884, 
2236, 2544, 2718, 2703, 2523, 2214, 1851, 1551, 1382, 1400, 
1592, 1916, 2276, 2572, 2744, 2654, 2398, 2047, 1704, 1450, 
1358, 1458, 1717, 2063, 2411, 2655, 2735, 2636, 2379, 2025, 
1570, 1384, 1384, 1561, 1871, 2232, 2543, 2721, 2719, 2535, 
2226, 1870, 1564, 1378, 1385, 1574, 2030, 2376, 2636, 2736, 
2655, 2407, 2065, 1722, 1464, 1361, 1454, 1706, 2047, 2396, 
2648, 2739, 2558, 2259, 1906, 1589, 1392, 1379, 1550, 1854, 
2207, 2526, 2712, 2723, 2556, 2251, 1894, 1575, 1363, 1431, 
1670, 2006, 2355, 2624, 2741, 2663, 2428, 2089, 1742, 1475, 
1365, 1447, 1695, 2037, 2499, 2692, 2723, 2574, 2281, 1916, 
1592, 1391, 1369, 1532, 1836, 2200, 2519, 2716, 2735, 2571, 
2130, 1772, 1490, 1363, 1423, 1651, 1987, 2339, 2615, 2735, 
2668, 2440, 2102, 1752, 1481, 1365, 1512, 1801, 2156, 2481, 
2689, 2723, 2580, 2301, 1942, 1619, 1411, 1379, 1532, 1825, 
2179, 2503, 2734, 2684, 2471, 2131, 1780, 1500, 1368, 1409, 
1641, 1967, 2324, 2607, 2736, 2676, 2460, 2123, 1648, 1425, 
1369, 1502, 1788, 2142, 2467, 2687, 2735, 2599, 2315, 1963, 
1633, 1414, 1369, 1519, 1939, 2299, 2585, 2731, 2694, 2482, 
2156, 1796, 1515, 1372, 1414, 1631, 1963, 2313, 2599, 2734, 
2615, 2345, 1999, 1657, 1424, 1371, 1502, 1776, 2124, 2462, 
2684, 2737, 2609, 2327, 1974, 1640, 1376, 1400, 1603, 1924, 
2279, 2570, 2723, 2688, 2494, 2174, 1820, 1528, 1377, 1414, 
1627, 1949, 2428, 2665, 2742, 2620, 2358, 2004, 1667, 1432, 
1365, 1479, 1752, 2110, 2445, 2676, 2740, 2620, 2212, 1852, 
1548, 1378, 1392, 1587, 1907, 2261, 2563, 2727, 2707, 2508, 
2187, 1832, 1534, 1375, 1467, 1729, 2073, 2416, 2659, 2739, 
2633, 2380, 2020, 1679, 1436, 1361, 1471, 1739, 2096, 2436, 
2720, 2719, 2539, 2228, 1871, 1566, 1388, 1391, 1579, 1896, 
2254, 2553, 2717, 2702, 2514, 2198, 1716, 1457, 1363, 1456, 
1716, 2054, 2401, 2649, 2743, 2649, 2390, 2044, 1703, 1449, 
1367, 1465, 1854, 2210, 2526, 2705, 2715, 2547, 2240, 1883, 
1573, 1389, 1387, 1568, 1880, 2239, 2545, 2720, 2668, 2428, 
2083, 1734, 1465, 1360, 1444, 1688, 2031, 2383, 2641, 2741, 
2652, 2400, 2057, 1712, 1393, 1373, 1542, 1843, 2193, 2516, 
2706, 2723, 2560, 2254, 1896, 1580, 1388, 1378, 1548, 1864, 
2355, 2627, 2740, 2673, 2444, 2103, 1750, 1479, 1362, 1434, 
1674, 2013, 2367, 2625, 2736, 2659, 2291, 1942, 1617, 1413, 
1380, 1534, 1828, 2182, 2499, 2700, 2726, 2569, 2273, 1912, 
1596, 1395, 1423, 1647, 1979, 2334, 2608, 2734, 2675, 2452, 
2117, 1760, 1491, 1363, 1431, 1671, 2008, 2356, 2684, 2730, 
2590, 2304, 1950, 1624, 1411, 1374, 1522, 1815, 2171, 2496, 
2704, 2731, 2583, 2284, 1790, 1510, 1363, 1413, 1632, 1964, 
2321, 2604, 2735, 2680, 2465, 2134, 1779, 1497, 1370, 2144, 
1668, 1431, 1367, 1485, 1758, 2110, 2446, 2673, 2739, 2623, 
2345, 1988, 1650, 1420, 1359, 1489, 1900, 2267, 2560, 2732, 
2711, 2518, 2198, 1840, 1539, 1376, 1399, 1597, 1923, 2276, 
2566, 2719, 2628, 2372, 2024, 1687, 1442, 1363, 1472, 1740, 
2086, 2435, 2672, 2742, 2627, 2367, 2007, 1668, 1382, 1389, 
1575, 1887, 2244, 2546, 2718, 2705, 2520, 2201, 1843, 1537, 
1372, 1395, 1592, 1916, 2401, 2652, 2742, 2646, 2392, 2044, 
1700, 1447, 1359, 1459, 1729, 2075, 2412, 2656, 2736, 2630, 
2238, 1883, 1569, 1387, 1387, 1567, 1878, 2237, 2547, 2720, 
2713, 2522, 2211, 1855, 1548, 1374, 1439, 1691, 2036, 2388, 
2648, 2748, 2659, 2416, 2065, 1716, 1456, 1352, 1447, 1698, 
2042, 2388, 2699, 2721, 2563, 2264, 1911, 1595, 1403, 1390, 
1557, 1855, 2213, 2521, 2700, 2712, 2541, 2239, 1750, 1476, 
1363, 1435, 1673, 2010, 2359, 2623, 2735, 2661, 2422, 2087, 
1742, 1478, 1371, 1449, 1820, 2176, 2488, 2691, 2719, 2564, 
2273, 1920, 1601, 1404, 1384, 1546, 1847, 2201, 2515, 2703, 
2671, 2443, 2111, 1761, 1485, 1362, 1427, 1657, 1998, 2347, 
2617, 2736, 2670, 2440, 2102, 1754, 1424, 1382, 1522, 1806, 
2157, 2475, 2678, 2712, 2564, 2271, 1930, 1611, 1411, 1385, 
1543, 1838, 2326, 2601, 2735, 2675, 2455, 2123, 1772, 1493, 
1363, 1421, 1651, 1984, 2336, 2614, 2740, 2682, 2336, 1981, 
1652, 1428, 1376, 1510, 1790, 2136, 2463, 2672, 2716, 2577, 
2295, 1945, 1624, 1415, 1418, 1629, 1955, 2308, 2591, 2728, 
2681, 2465, 2141, 1787, 1506, 1371, 1420, 1647, 1980, 2333, 
2679, 2735, 2608, 2323, 1973, 1636, 1415, 1360, 1500, 1782, 
2140, 2478, 2694, 2743, 2606, 2318, 1818, 1520, 1363, 1394, 
1602, 1929, 2285, 2578, 2727, 2695, 2491, 2165, 1805, 1518, 
1374, 1419, 1756, 2104, 2441, 2675, 2737, 2616, 2344, 1987, 
1648, 1409, 1350, 1470, 1763, 2124, 2467, 2698, 2727, 2529, 
2206, 1836, 1530, 1354, 1373, 1572, 1895, 2262, 2566, 2732, 
2716, 2520, 2202, 1842, 1458, 1376, 1467, 1727, 2073, 2416, 
2655, 2734, 2628, 2363, 2012, 1671, 1427, 1358, 1476, 1748, 
2239, 2547, 2723, 2719, 2534, 2216, 1855, 1546, 1374, 1386, 
1579, 1897, 2258, 2561, 2727, 2708, 2405, 2061, 1711, 1456, 
1361, 1456, 1711, 2060, 2405, 2649, 2736, 2632, 2385, 2039, 
1696, 1449, 1386, 1552, 1857, 2219, 2527, 2705, 2708, 2537, 
2234, 1878, 1571, 1395, 1398, 1576, 1891, 2241, 2632, 2736, 
2654, 2412, 2068, 1724, 1463, 1365, 1452, 1703, 2047, 2389, 
2642, 2735, 2648, 2395, 1914, 1593, 1396, 1377, 1547, 1847, 
2204, 2522, 2706, 2718, 2553, 2251, 1895, 1579, 1397, 1391, 
1674, 2008, 2356, 2620, 2731, 2657, 2424, 2079, 1733, 1469, 
1365, 1445, 1692, 2031, 2382, 2636, 2726, 2576, 2286, 1927, 
1607, 1406, 1382, 1542, 1833, 2192, 2505, 2696, 2717, 2550, 
2255, 1902, 1496, 1371, 1431, 1663, 1996, 2349, 2619, 2736, 
2672, 2440, 2100, 1751, 1477, 1358, 1426, 1666, 2143, 2471, 
2686, 2730, 2591, 2305, 1951, 1627, 1415, 1380, 1531, 1822, 
2174, 2496, 2695, 2722, 2466, 2135, 1785, 1497, 1359, 1416, 
1644, 1980, 2337, 2616, 2748, 2690, 2462, 2125, 1766, 1480, 
1351, 1485, 1767, 2124, 2461, 2687, 2739, 2608, 2326, 1975, 
1647, 1425, 1382, 1522, 1804, 2156, 2579, 2725, 2688, 2479, 
2155, 1795, 1507, 1363, 1404, 1623, 1955, 2312, 2598, 2735, 
2691, 2477, 2006, 1670, 1433, 1366, 1490, 1763, 2114, 2449, 
2675, 2732, 2608, 2332, 1979, 1647, 1424, 1366, 1597, 1916, 
2273, 2569, 2729, 2700, 2503, 2179, 1823, 1527, 1368, 1400, 
1606, 1931, 2287, 2576, 2736, 2629, 2371, 2017, 1687, 1444, 
1373, 1488, 1756, 2103, 2439, 2668, 2728, 2609, 2337, 1987, 
1543, 1376, 1392, 1591, 1912, 2267, 2570, 2730, 2711, 2515, 
2195, 1834, 1534, 1369, 1404, 1633, 2156, 2513, 2705, 2705, 
2513, 2191, 1840, 1539, 1384, 1430, 1643, 1971, 2316, 2593, 
2723, 2671, 2332, 1984, 1648, 1421, 1366, 1496, 1776, 2131, 
2465, 2684, 2736, 2606, 2323, 1971, 1639, 1417, 1400, 1601, 
1921, 2279, 2567, 2724, 2695, 2496, 2168, 1820, 1529, 1379, 
1415, 1625, 1947, 2300, 2657, 2728, 2616, 2353, 2001, 1670, 
1427, 1357, 1479, 1751, 2097, 2438, 2675, 2737, 2622, 2351, 
1859, 1556, 1387, 1401, 1592, 1906, 2264, 2559, 2718, 2696, 
2504, 2183, 1828, 1529, 1372, 1397, 1713, 2063, 2412, 2656, 
2741, 2637, 2379, 2031, 1688, 1443, 1360, 1467, 1734, 2081, 
2421, 2659, 2709, 2536, 2224, 1877, 1566, 1397, 1399, 1589, 
1905, 2259, 2556, 2721, 2703, 2512, 2196, 1833, 1449, 1353, 
1451, 1709, 2057, 2407, 2656, 2743, 2648, 2392, 2050, 1699, 
1448, 1361, 1463, 1726, 2211, 2525, 2708, 2713, 2547, 2240, 
1887, 1573, 1395, 1388, 1573, 1881, 2241, 2545, 2716, 2716, 
2416, 2072, 1723, 1455, 1351, 1434, 1684, 2032, 2390, 2643, 
2744, 2659, 2413, 2068, 1720, 1463, 1377, 1538, 1836, 2201, 
2511, 2703, 2719, 2552, 2252, 1895, 1576, 1389, 1380, 1552, 
1863, 2222, 2625, 2744, 2673, 2438, 2096, 1742, 1470, 1355, 
1430, 1672, 2016, 2370, 2632, 2741, 2663, 2421, 1936, 1612, 
1404, 1375, 1532, 1827, 2187, 2507, 2704, 2726, 2566, 2264, 
1900, 1584, 1390, 1374, 1648, 1984, 2342, 2620, 2742, 2679, 
2451, 2110, 1756, 1480, 1355, 1426, 1663, 2003, 2353, 2624, 
2735, 2596, 2307, 1951, 1626, 1412, 1372, 1521, 1815, 2168, 
2491, 2695, 2726, 2574, 2278, 1922, 1499, 1358, 1408, 1629, 
1971, 2319, 2603, 2739, 2684, 2470, 2137, 1784, 1501, 1369, 
1425, 1653, 2125, 2458, 2677, 2727, 2599, 2317, 1963, 1636, 
1415, 1371, 1511, 1796, 2149, 2480, 2689, 2734, 2490, 2169, 
1809, 1517, 1368, 1408, 1624, 1946, 2303, 2592, 2731, 2687, 
2476, 2145, 1793, 1511, 1370, 1491, 1764, 2105, 2451, 2678, 
2732, 2608, 2332, 1979, 1644, 1419, 1362, 1494, 1775, 2131, 
2569, 2727, 2702, 2505, 2187, 1831, 1535, 1377, 1407, 1616, 
1936, 2289, 2579, 2723, 2688, 2478, 2015, 1678, 1434, 1364, 
1481, 1752, 2103, 2440, 2675, 2742, 2625, 2352, 1996, 1659, 
1424, 1356, 1574, 1888, 2249, 2556, 2718, 2708, 2520, 2207, 
1848, 1548, 1384, 1402, 1598, 1915, 2270, 2564, 2729, 2633, 
2380, 2035, 1691, 1451, 1369, 1472, 1737, 2081, 2424, 2662, 
2737, 2627, 2363, 2012, 1561, 1381, 1379, 1561, 1875, 2222, 
2535, 2713, 2715, 2535, 2227, 1874, 1571, 1398, 1407, 1592, 
2038, 2380, 2625, 2720, 2635, 2388, 2046, 1708, 1452, 1369, 
1453, 1720, 2065, 2409, 2659, 2743, 2559, 2256, 1896, 1584, 
1392, 1384, 1556, 1861, 2216, 2526, 2707, 2710, 2537, 2231, 
1879, 1569, 1372, 1444, 1684, 2023, 2366, 2630, 2732, 2654, 
2415, 2072, 1728, 1467, 1364, 1455, 1701, 2044, 2496, 2694, 
2716, 2560, 2264, 1910, 1593, 1399, 1384, 1548, 1856, 2211, 
2524, 2712, 2720, 2548, 2104, 1752, 1481, 1359, 1427, 1671, 
2009, 2361, 2625, 2737, 2665, 2423, 2088, 1739, 1466, 1359, 
1518, 1814, 2171, 2492, 2699, 2727, 2576, 2283, 1927, 1607, 
1407, 1384, 1546, 1846, 2200, 2518, 2736, 2678, 2449, 2112, 
1757, 1480, 1353, 1416, 1654, 1994, 2352, 2622, 2746, 2681, 
2449, 2108, 1635, 1415, 1368, 1507, 1795, 2147, 2473, 2680, 
2723, 2579, 2294, 1942, 1617, 1412, 1383, 1536, 1967, 2319, 
2600, 2738, 2681, 2460, 2127, 1774, 1489, 1355, 1405, 1634, 
1969, 2328, 2613, 2745, 2623, 2347, 1993, 1655, 1425, 1367, 
1500, 1776, 2129, 2460, 2679, 2724, 2595, 2310, 1955, 1631, 
1379, 1410, 1612, 1939, 2303, 2585, 2729, 2695, 2484, 2155, 
1800, 1509, 1363, 1406, 1623, 1951, 2432, 2668, 2737, 2625, 
2356, 2008, 1670, 1438, 1374, 1503, 1770, 2122, 2455, 2676, 
2728, 2605, 2188, 1831, 1537, 1399, 1399, 1877, 1568, 1384, 
1388, 1567, 1878, 2231, 2537, 2709, 2702, 2521, 2074, 1726, 
1471, 1368, 1455, 1702, 2042, 2390, 2641, 2734, 2641, 2388, 
2049, 1703, 1450, 1356, 1540, 1843, 2198, 2516, 2707, 2719, 
2556, 2252, 1894, 1581, 1391, 1381, 1556, 1867, 2220, 2529, 
2724, 2669, 2435, 2094, 1744, 1476, 1361, 1439, 1683, 2019, 
2371, 2631, 2736, 2657, 2412, 2067, 1604, 1399, 1368, 1527, 
1823, 2186, 2502, 2706, 2727, 2569, 2270, 1911, 1594, 1396, 
1381, 1551, 1988, 2343, 2619, 2738, 2675, 2444, 2101, 1744, 
1468, 1347, 1421, 1657, 2000, 2363, 2638, 2755, 2608, 2317, 
1956, 1623, 1403, 1360, 1506, 1799, 2153, 2475, 2691, 2728, 
2579, 2286, 1931, 1615, 1376, 1422, 1641, 1976, 2328, 2607, 
2735, 2679, 2453, 2115, 1758, 1476, 1351, 1410, 1644, 1986, 
2469, 2694, 2750, 2619, 2335, 1972, 1638, 1415, 1360, 1495, 
1784, 2139, 2470, 2680, 2724, 2588, 2171, 1814, 1526, 1376, 
1412, 1623, 1950, 2304, 2588, 2727, 2684, 2468, 2140, 1786, 
1500, 1366, 1486, 1760, 2116, 2448, 2680, 2738, 2610, 2335, 
1982, 1649, 1422, 1367, 1498, 1779, 2132, 2464, 2723, 2698, 
2495, 2174, 1823, 1529, 1374, 1407, 1613, 1939, 2292, 2580, 
2726, 2691, 2485, 2158, 1677, 1440, 1368, 1480, 1747, 2096, 
2432, 2665, 2727, 2611, 2341, 1993, 1660, 1435, 1374, 1504, 
1908, 2263, 2559, 2718, 2697, 2503, 2182, 1827, 1532, 1371, 
1398, 1600, 1920, 2279, 2577, 2726, 2638, 2380, 2036, 1695, 
1452, 1368, 1473, 1738, 2083, 2422, 2656, 2731, 2622, 2356, 
2007, 1671, 1388, 1388, 1577, 1887, 2246, 2545, 2713, 2705, 
2518, 2209, 1851, 1555, 1379, 1393, 1587, 1904, 2390, 2638, 
2735, 2640, 2391, 2047, 1707, 1456, 1368, 1460, 1731, 2075, 
2416, 2655, 2737, 2633, 2241, 1883, 1567, 1384, 1376, 1555, 
1863, 2229, 2535, 2719, 2719, 2538, 2233, 1873, 1561, 1384, 
1439, 1682, 2019, 2369, 2627, 2732, 2655, 2412, 2072, 1725, 
1468, 1370, 1458, 1711, 2055, 2398, 2703, 2719, 2556, 2256, 
1896, 1579, 1382, 1371, 1544, 1849, 2216, 2528, 2723, 2731, 
2566, 2254, 1758, 1480, 1356, 1422, 1659, 1993, 2351, 2618, 
2736, 2667, 2435, 2092, 1744, 1475, 1366, 1440, 1815, 2167, 
2492, 2694, 2727, 2575, 2280, 1926, 1606, 1400, 1372, 1532, 
1829, 2187, 2507, 2700, 2679, 2455, 2125, 1772, 1494, 1365, 
1425, 1656, 1993, 2344, 2622, 2736, 2675, 2444, 2104, 1750, 
1415, 1366, 1507, 1790, 2144, 2479, 2685, 2731, 2585, 2303, 
1946, 1623, 1412, 1377, 1527, 1821, 2307, 2588, 2726, 2679, 
2463, 2133, 1782, 1501, 1371, 1424, 1653, 1987, 2339, 2616, 
2736, 2684, 2323, 1966, 1633, 1407, 1354, 1493, 1785, 2140, 
2476, 2695, 2739, 2606, 2321, 1963, 1630, 1411, 1402, 1608, 
1935, 2291, 2580, 2724, 2687, 2480, 2152, 1799, 1511, 1366, 
1417, 1623, 1966, 2322, 2679, 2744, 2623, 2348, 1987, 1649, 
1419, 1356, 1483, 1761, 2115, 2455, 2681, 2741, 2610, 2332, 
1839, 1542, 1386, 1403, 1603, 1926, 2282, 2574, 2724, 2699, 
2488, 2163, 1808, 1511, 1365, 1403, 1736, 2085, 2432, 2670, 
2744, 2631, 2367, 2025, 1677, 1431, 1362, 1480, 1750, 2102, 
2439, 2668, 2707, 2520, 2207, 1853, 1550, 1383, 1398, 1598, 
1912, 2267, 2568, 2718, 2693, 2496, 2174, 1813, 1436, 1356, 
1459, 1727, 2076, 2424, 2668, 2748, 2647, 2380, 2027, 1680, 
1428, 1351, 1465, 1731, 2224, 2537, 2716, 2719, 2540, 2233, 
1871, 1560, 1383, 1386, 1570, 1886, 2246, 2551, 2721, 2711, 
2414, 2070, 1721, 1462, 1360, 1448, 1703, 2045, 2393, 2643, 
2735, 2641, 2387, 2041, 1703, 1449, 1383, 1559, 1857, 2220, 
2535, 2715, 2723, 2550, 2240, 1883, 1567, 1381, 1373, 1558, 
1870, 2230, 2628, 2743, 2668, 2431, 2083, 1744, 1474, 1364, 
1443, 1689, 2027, 2372, 2625, 2729, 2648, 2402, 1920, 1608, 
1409, 1391, 1572, 1908, 2323, 2651, 2732, 2618, 2340, 1983, 
1645, 1412, 1357, 1499, 1927, 2288, 2584, 2738, 2712, 2508, 
2182, 1820, 1520, 1367, 1397, 1613, 1931, 2292, 2583, 2735, 
2634, 2371, 2020, 1678, 1437, 1362, 1475, 1752, 2099, 2438, 
2672, 2734, 2615, 2343, 1988, 1653, 1377, 1391, 1586, 1902, 
2262, 2564, 2727, 2712, 2519, 2194, 1835, 1534, 1378, 1400, 
1600, 1918, 2405, 2648, 2734, 2633, 2376, 2030, 1692, 1443, 
1367, 1475, 1752, 2091, 2428, 2667, 2737, 2622, 2232, 1873, 
1564, 1387, 1392, 1580, 1884, 2242, 2545, 2710, 2699, 2512, 
2199, 1850, 1549, 1385, 1463, 1712, 2060, 2407, 2647, 2732, 
2636, 2379, 2031, 1691, 1443, 1359, 1465, 1733, 2083, 2425, 
2713, 2719, 2545, 2240, 1880, 1563, 1385, 1374, 1567, 1879, 
2236, 2545, 2719, 2715, 2534, 2220, 1731, 1468, 1363, 1444, 
1692, 2036, 2384, 2635, 2739, 2651, 2404, 2055, 1712, 1458, 
1361, 1460, 1845, 2200, 2515, 2702, 2719, 2553, 2250, 1894, 
1583, 1392, 1382, 1560, 1868, 2223, 2535, 2715, 2668, 2434, 
2091, 1745, 1475, 1362, 1437, 1679, 2019, 2369, 2633, 2740, 
2663, 2422, 2076, 1734, 1404, 1377, 1527, 1820, 2173, 2495, 
2692, 2716, 2562, 2269, 1917, 1596, 1404, 1388, 1560, 1854, 
2339, 2610, 2730, 2668, 2439, 2099, 1748, 1478, 1356, 1428, 
1670, 2004, 2368, 2627, 2745, 2672, 2314, 1958, 1627, 1411, 
1368, 1512, 1803, 2159, 2484, 2690, 2726, 2572, 2285, 1929, 
1605, 1402, 1411, 1638, 1964, 2325, 2603, 2739, 2691, 2467, 
2136, 1784, 1496, 1366, 1418, 1648, 1983, 2337, 2684, 2736, 
2604, 2327, 1971, 1638, 1415, 1365, 1503, 1786, 2140, 2471, 
2686, 2729, 2591, 2307, 1814, 1520, 1372, 1399, 1615, 1947, 
2299, 2591, 2727, 2691, 2481, 2149, 1793, 1510, 1368, 1411, 
1750, 2100, 2446, 2674, 2738, 2618, 2340, 1992, 1655, 1423, 
1365, 1494, 1774, 2128, 2462, 2681, 2698, 2502, 2183, 1820, 
1526, 1370, 1399, 1607, 1932, 2291, 2583, 2731, 2699, 2493, 
2164, 1806, 1435, 1357, 1471, 1740, 2090, 2433, 2672, 2742, 
2623, 2355, 1999, 1658, 1418, 1362, 1481, 1764, 2257, 2566, 
2728, 2712, 2519, 2202, 1838, 1535, 1370, 1389, 1590, 1911, 
2271, 2569, 2728, 2707, 2384, 2040, 1697, 1449, 1363, 1470, 
1738, 2083, 2425, 2664, 2739, 2630, 2364, 2005, 1673, 1427, 
1379, 1564, 1881, 2246, 2552, 2724, 2718, 2535, 2215, 1856, 
1551, 1378, 1388, 1578, 1898, 2256, 2640, 2737, 2648, 2399, 
2052, 1708, 1456, 1365, 1464, 1721, 2065, 2407, 2655, 2737, 
2630, 2368, 1884, 1572, 1383, 1381, 1558, 1868, 2228, 2540, 
2725, 2724, 2545, 2233, 1873, 1559, 1376, 1378, 1674, 2011, 
2365, 2629, 2740, 2661, 2422, 2073, 1725, 1458, 1365, 1445, 
1699, 2041, 2392, 2644, 2727, 2572, 2270, 1910, 1587, 1393, 
1373, 1539, 1841, 2200, 2521, 2712, 2727, 2559, 2256, 1895, 
1485, 1361, 1420, 1657, 1996, 2344, 2623, 2736, 2665, 2433, 
2093, 1747, 1478, 1366, 1444, 1691, 2168, 2493, 2699, 2732, 
2580, 2288, 1928, 1606, 1398, 1368, 1523, 1822, 2180, 2500, 
2700, 2721, 2462, 2131, 1778, 1500, 1372, 1427, 1660, 1987, 
2341, 2609, 2732, 2670, 2439, 2102, 1750, 1480, 1367, 1508, 
1793, 2151, 2479, 2692, 2734, 2590, 2300, 1940, 1619, 1403, 
1368, 1517, 1811, 2169, 2588, 2728, 2687, 2471, 2144, 1791, 
1508, 1370, 1420, 1643, 1975, 2329, 2600, 2728, 2671, 2454, 
1979, 1646, 1422, 1370, 1504, 1787, 2139, 2470, 2686, 2740, 
2598, 2310, 1956, 1628, 1412, 1368, 1611, 1936, 2294, 2577, 
2729, 2692, 2488, 2163, 1807, 1522, 1376, 1420, 1632, 1960, 
2312, 2592, 2730, 2612, 2342, 1992, 1655, 1425, 1363, 1494, 
1770, 2122, 2455, 2681, 2740, 2607, 2326, 1972, 1536, 1370, 
1394, 1596, 1918, 2279, 2574, 2728, 2703, 2502, 2175, 1817, 
1521, 1369, 1404, 1617, 2081, 2423, 2663, 2739, 2633, 2364, 
2012, 1669, 1433, 1363, 2034, 1698, 1454, 1361, 1470, 1731, 
2218, 2531, 2712, 2719, 2548, 2239, 1879, 1561, 1379, 1380, 
1560, 1868, 2230, 2537, 2711, 2711, 2421, 2083, 1734, 1472, 
1363, 1446, 1689, 2030, 2377, 2628, 2730, 2646, 2403, 2057, 
1715, 1462, 1383, 1552, 1844, 2199, 2509, 2707, 2723, 2557, 
2250, 1891, 1576, 1384, 1380, 1548, 1855, 2212, 2617, 2738, 
2675, 2438, 2099, 1748, 1476, 1359, 1432, 1668, 2009, 2361, 
2627, 2735, 2659, 2421, 1936, 1620, 1409, 1382, 1532, 1824, 
2174, 2497, 2699, 2723, 2563, 2268, 1912, 1592, 1390, 1374, 
1646, 1980, 2335, 2611, 2734, 2675, 2450, 2112, 1755, 1485, 
1359, 1425, 1661, 1999, 2352, 2620, 2728, 2583, 2304, 1951, 
1619, 1409, 1372, 1519, 1815, 2172, 2491, 2694, 2719, 2569, 
2277, 1920, 1502, 1364, 1413, 1636, 1970, 2324, 2604, 2731, 
2677, 2459, 2121, 1771, 1491, 1363, 1425, 1657, 2136, 2468, 
2686, 2736, 2598, 2316, 1955, 1626, 1408, 1363, 1503, 1800, 
2153, 2488, 2699, 2735, 2491, 2156, 1797, 1506, 1355, 1400, 
1617, 1952, 2311, 2600, 2743, 2700, 2480, 2091, 1691, 1416, 

2003, 2367, 2630, 2712, 2585, 2291, 1784, 1476, 1340, 1414, 
1673, 2034, 2400, 2654, 2712, 2572, 2266, 1892, 1553, 1363, 
1375, 1587, 2075, 2430, 2663, 2707, 2548, 2235, 1859, 1536, 
1360, 1392, 1625, 1969, 2342, 2612, 2709, 2601, 2188, 1816, 
1507, 1359, 1412, 1664, 2024, 2392, 2648, 2721, 2592, 2288, 
1912, 1571, 1370, 1371, 1688, 2054, 2419, 2663, 2723, 2567, 
2261, 1887, 1554, 1369, 1391, 1603, 1954, 2328, 2607, 2715, 
2537, 2219, 1844, 1528, 1366, 1409, 1653, 2004, 2376, 2641, 
2727, 2612, 2316, 1941, 1591, 1376, 1415, 1671, 2035, 2406, 
2663, 2735, 2595, 2292, 1908, 1563, 1366, 2393, 2657, 2732, 
2602, 2307, 1797, 1491, 1356, 1429, 1693, 2055, 2416, 2662, 
2712, 2568, 2267, 1891, 1557, 1372, 1391, 1601, 2097, 2457, 
2683, 2716, 2552, 2231, 1852, 1530, 1360, 1399, 1633, 1988, 
2361, 2638, 2734, 2620, 2200, 1823, 1515, 1369, 1426, 1672, 
2028, 2390, 2642, 2714, 2582, 2285, 1912, 1577, 1383, 1392, 
1702, 2079, 2431, 2668, 2720, 2563, 2254, 1876, 1552, 1374, 
1403, 1628, 1978, 2348, 2627, 2729, 2544, 2226, 1845, 1527, 
1365, 1411, 1660, 2008, 2379, 2641, 2726, 2611, 2311, 1937, 
1594, 1383, 1423, 1683, 2046, 2415, 2666, 2734, 2591, 2291, 
1916, 1571, 1379, 1393, 1600, 1945, 2316, 2607, 2719, 2561, 
2249, 1868, 1550, 1377, 1407, 1635, 1983, 2353, 2624, 2719, 
2615, 2338, 1963, 1622, 1369, 1425, 1671, 2031, 2399, 2656, 
2731, 2602, 2305, 1928, 1591, 1382, 1390, 1614, 1985, 2432, 
2723, 2659, 2399, 2020, 1660, 1419, 1375, 1555, 1883, 2261, 
2571, 2722, 2672, 2431, 2072, 1705, 1387, 1385, 1587, 1927, 
2308, 2611, 2742, 2668, 2407, 2034, 1669, 1414, 1351, 1499, 
1815, 2195, 2622, 2739, 2650, 2375, 1999, 1639, 1400, 1358, 
1530, 1854, 2236, 2563, 2727, 2695, 2468, 2108, 1614, 1394, 
1368, 1548, 1884, 2264, 2576, 2727, 2673, 2435, 2075, 1704, 
1443, 1364, 1493, 1792, 2300, 2598, 2724, 2647, 2390, 2023, 
1666, 1422, 1370, 1521, 1836, 2213, 2545, 2726, 2702, 2484, 
1992, 1636, 1403, 1369, 1539, 1859, 2241, 2563, 2727, 2687, 
2456, 2098, 1731, 1455, 1361, 1478, 1896, 2269, 2572, 2725, 
2665, 2416, 2057, 1695, 1438, 1368, 1507, 1814, 2191, 2523, 
2712, 2703, 2387, 2015, 1655, 1406, 1359, 1513, 1841, 2220, 
2550, 2727, 2700, 2481, 2127, 1749, 1463, 1351, 1536, 1863, 
2247, 2567, 2724, 2680, 2447, 2091, 1723, 1455, 1369, 1489, 
1785, 2156, 2491, 2698, 2661, 2408, 2046, 1681, 1429, 1364, 
1507, 1816, 2190, 2523, 2703, 2696, 2483, 2149, 1775, 1487, 
1372, 1535, 1852, 2228, 2547, 2717, 2688, 2460, 2111, 1745, 
1467, 1367, 1469, 1759, 2130, 2489, 2721, 2666, 2430, 2071, 
1706, 1442, 1363, 1492, 1792, 2168, 2507, 2707, 2706, 2509, 
2175, 1795, 1428, 1366, 1517, 1831, 2209, 2542, 2723, 2703, 
2485, 2135, 1759, 1467, 1352, 1450, 1729, 2103, 2565, 2729, 
2695, 2461, 2101, 1719, 1451, 1353, 1471, 1763, 2140, 2489, 
2704, 2723, 2535, 2206, 1697, 1435, 1359, 1495, 1793, 2172, 
2513, 2707, 2705, 2505, 2169, 1793, 1493, 1359, 1439, 1707, 
2211, 2540, 2718, 2692, 2474, 2121, 1752, 1469, 1355, 1458, 
1743, 2111, 2466, 2697, 2732, 2562, 2096, 1722, 1446, 1355, 
1475, 1771, 2146, 2489, 2703, 2719, 2529, 2192, 1816, 1505, 
1356, 1424, 1806, 2184, 2524, 2720, 2716, 2511, 2163, 1780, 
1486, 1355, 1443, 1713, 2080, 2444, 2687, 2736, 2479, 2124, 
1747, 1462, 1356, 1459, 1742, 2115, 2473, 2696, 2723, 2550, 
2224, 1836, 1519, 1357, 1481, 1776, 2160, 2504, 2710, 2719, 
2527, 2186, 1811, 1507, 1367, 1430, 1685, 2047, 2414, 2663, 
2707, 2496, 2151, 1779, 1484, 1365, 1452, 1721, 2087, 2443, 
2675, 2721, 2561, 2251, 1870, 1544, 1360, 1471, 1759, 2132, 
2482, 2700, 2723, 2543, 2212, 1838, 1519, 1364, 1417, 1662, 
2025, 2394, 2708, 2712, 2511, 2177, 1803, 1496, 1362, 1438, 
1699, 2066, 2424, 2670, 2726, 2575, 2272, 1891, 1470, 1366, 
1463, 1742, 2112, 2463, 2687, 2726, 2560, 2232, 1855, 1534, 
1367, 1408, 1644, 2001, 2491, 2702, 2716, 2529, 2198, 1823, 
1515, 1361, 1424, 1672, 2035, 2403, 2658, 2732, 2599, 2300, 
1788, 1493, 1358, 1437, 1708, 2074, 2436, 2675, 2728, 2579, 
2263, 1888, 1557, 1374, 1403, 1623, 2113, 2465, 2690, 2718, 
2550, 2219, 1844, 1525, 1364, 1415, 1656, 2011, 2387, 2652, 
2744, 2620, 2189, 1811, 1504, 1361, 1427, 1683, 2047, 2416, 
2665, 2731, 2593, 2286, 1911, 1571, 1379, 1393, 1724, 2094, 
2452, 2686, 2727, 2572, 2249, 1867, 1540, 1361, 1400, 1632, 
1989, 2364, 2638, 2742, 2552, 2220, 1843, 1525, 1367, 1417, 
1664, 2019, 2387, 2648, 2727, 2603, 2308, 1935, 1589, 1388, 
1435, 1696, 2062, 2428, 2670, 2734, 2590, 2273, 1901, 1567, 
1376, 1390, 1607, 1953, 2332, 2623, 2729, 2563, 2243, 1873, 
1545, 1377, 1411, 1644, 1996, 2362, 2633, 2727, 2615, 2328, 
1963, 1615, 1364, 1422, 1664, 2032, 2400, 2663, 2736, 2607, 
2308, 1934, 1591, 1383, 1386, 1588, 1926, 2303, 2672, 2726, 
2579, 2268, 1892, 1560, 1380, 1401, 1617, 1965, 2342, 2620, 
2732, 2630, 2361, 1991, 1537, 1370, 2163, 1789, 1492, 1362, 
1447, 1708, 2071, 2432, 2673, 2725, 2575, 2264, 1887, 1558, 
1363, 1457, 1739, 2108, 2457, 2681, 2718, 2552, 2227, 1855, 
1536, 1372, 1422, 1648, 2005, 2372, 2692, 2707, 2522, 2191, 
1816, 1511, 1368, 1430, 1685, 2044, 2407, 2663, 2725, 2588, 
2288, 1915, 1488, 1359, 1444, 1715, 2080, 2439, 2676, 2727, 
2568, 2260, 1882, 1555, 1372, 1402, 1627, 1974, 2469, 2687, 
2718, 2546, 2220, 1844, 1527, 1364, 1420, 1662, 2015, 2387, 
2652, 2735, 2606, 2316, 1802, 1496, 1358, 1432, 1689, 2055, 
2420, 2668, 2736, 2595, 2288, 1911, 1571, 1380, 1390, 1603, 
2086, 2442, 2681, 2719, 2562, 2243, 1868, 1548, 1369, 1406, 
1635, 1988, 2364, 2639, 2744, 2627, 2211, 1832, 1519, 1365, 
1415, 1660, 2025, 2396, 2655, 2731, 2606, 2308, 1936, 1593, 
1397, 1388, 1704, 2063, 2420, 2664, 2726, 2582, 2272, 1895, 
1563, 1376, 1397, 1613, 1963, 2333, 2624, 2741, 2566, 2247, 
1861, 1539, 1365, 1403, 1638, 1993, 2371, 2637, 2733, 2620, 
2329, 1956, 1613, 1392, 1424, 1676, 2038, 2403, 2662, 2732, 
2598, 2297, 1920, 1578, 1386, 1389, 1592, 1939, 2313, 2608, 
2731, 2579, 2267, 1899, 1560, 1377, 1401, 1613, 1967, 2339, 
2623, 2730, 2632, 2359, 1987, 1631, 1367, 1415, 1656, 2009, 
2380, 2645, 2736, 2610, 2325, 1948, 1603, 1393, 1376, 1575, 
1905, 2285, 2665, 2732, 2592, 2291, 1916, 1579, 1387, 1391, 
1603, 1947, 2323, 2614, 2732, 2645, 2380, 2009, 1547, 1376, 
1404, 1630, 1984, 2358, 2633, 2734, 2630, 2348, 1975, 1623, 
1405, 1375, 1552, 1885, 2388, 2651, 2734, 2608, 2310, 1942, 
1598, 1391, 1384, 1583, 1923, 2300, 2598, 2736, 2662, 2403, 
1899, 1564, 1376, 1395, 1613, 1956, 2331, 2614, 2736, 2645, 
2371, 2006, 1651, 1415, 1371, 1537, 1990, 2359, 2634, 2734, 
2624, 2341, 1967, 1616, 1396, 1378, 1561, 1896, 2267, 2579, 
2726, 2671, 2307, 1926, 1587, 1387, 1392, 1580, 1929, 2302, 
2604, 2733, 2656, 2396, 2030, 1670, 1423, 1364, 1617, 1966, 
2337, 2623, 2733, 2638, 2367, 1992, 1641, 1407, 1370, 1545, 
1868, 2247, 2561, 2726, 2617, 2326, 1955, 1611, 1397, 1380, 
1570, 1905, 2281, 2587, 2735, 2670, 2417, 2054, 1692, 1432, 
1392, 1604, 1942, 2316, 2611, 2737, 2652, 2387, 2019, 1660, 
1422, 1367, 1518, 1843, 2207, 2548, 2735, 2631, 2359, 1987, 
1631, 1404, 1375, 1550, 1877, 2253, 2565, 2728, 2680, 2435, 
2083, 1720, 1391, 1387, 1576, 1916, 2296, 2599, 2729, 2668, 
2407, 2041, 1683, 1427, 1362, 1504, 1815, 2192, 2616, 2736, 
2648, 2380, 2009, 1651, 1414, 1368, 1534, 1851, 2227, 2557, 
2719, 2688, 2462, 2112, 1622, 1400, 1376, 1550, 1887, 2266, 
2576, 2728, 2673, 2434, 2076, 1708, 1442, 1362, 1492, 1792, 
2300, 2600, 2733, 2662, 2400, 2034, 1677, 1421, 1363, 1512, 
1824, 2201, 2534, 2723, 2702, 2491, 1999, 1645, 1410, 1370, 
1540, 1862, 2239, 2559, 2723, 2687, 2455, 2100, 1731, 1454, 
1360, 1475, 1894, 2276, 2582, 2727, 2672, 2423, 2062, 1699, 
1436, 1366, 1492, 1803, 2176, 2513, 2710, 2695, 2393, 2027, 
1662, 1420, 1371, 1516, 1833, 2214, 2542, 2720, 2697, 2479, 
2127, 1756, 1473, 1363, 1548, 1868, 2251, 2561, 2724, 2684, 
2444, 2092, 1723, 1449, 1361, 1483, 1774, 2148, 2493, 2702, 
2668, 2416, 2052, 1689, 1428, 1363, 1504, 1808, 2189, 2524, 
2714, 2707, 2496, 2156, 1784, 1482, 1369, 1521, 1844, 2224, 
2551, 2719, 2691, 2468, 2116, 1739, 1464, 1358, 1463, 1747, 
2122, 2473, 2728, 2680, 2439, 2080, 1712, 1447, 1354, 1486, 
1788, 2161, 2497, 2707, 2712, 2526, 2184, 1807, 1424, 1369, 
1529, 1876, 2328, 2659, 2732, 2591, 2280, 1902, 1566, 1373, 
1404, 1625, 1973, 2350, 2694, 2716, 2548, 2228, 1847, 1534, 
1368, 1413, 1658, 2012, 2381, 2648, 2735, 2614, 2323, 1945, 
1507, 1368, 1431, 1688, 2051, 2416, 2670, 2729, 2591, 2287, 
1909, 1574, 1383, 1397, 1610, 1948, 2444, 2676, 2727, 2563, 
2248, 1873, 1549, 1372, 1406, 1635, 1987, 2360, 2634, 2737, 
2627, 2345, 1834, 1523, 1366, 1420, 1663, 2025, 2394, 2659, 
2734, 2606, 2315, 1935, 1592, 1386, 1388, 1578, 2061, 2424, 
2672, 2728, 2584, 2278, 1900, 1565, 1379, 1395, 1617, 1960, 
2335, 2620, 2732, 2641, 2239, 1860, 1539, 1369, 1410, 1642, 
1999, 2371, 2646, 2734, 2624, 2337, 1964, 1615, 1399, 1379, 
1676, 2035, 2401, 2659, 2735, 2598, 2302, 1926, 1585, 1387, 
1388, 1593, 1932, 2311, 2610, 2738, 2583, 2267, 1886, 1564, 
1380, 1399, 1626, 1968, 2343, 2623, 2736, 2636, 2362, 1991, 
1638, 1406, 1417, 1655, 2009, 2379, 2648, 2735, 2619, 2327, 
1951, 1607, 1392, 1381, 1567, 1903, 2285, 2588, 2736, 2591, 
2293, 1913, 1577, 1384, 1392, 1600, 1943, 2319, 2611, 2734, 
2655, 2388, 2015, 1659, 1375, 1407, 1630, 1982, 2355, 2625, 
2734, 2638, 2351, 1976, 1626, 1398, 1377, 1546, 1880, 2257, 
2649, 2736, 2611, 2318, 1942, 1598, 1392, 1384, 1581, 1918, 
2296, 2598, 2732, 2663, 2407, 2045, 1569, 1385, 1394, 1606, 
1956, 2332, 2621, 2736, 2643, 2378, 2008, 1648, 1415, 1368, 
1538, 1854, 2364, 2636, 2735, 2626, 2343, 1968, 1620, 1400, 
1379, 1561, 1891, 2269, 2580, 2729, 2675, 2430, 1932, 1592, 
1388, 1384, 1589, 1928, 2303, 2606, 2734, 2659, 2402, 2035, 
1671, 1425, 1365, 1516, 1965, 2341, 2623, 2733, 2642, 2368, 
1995, 1641, 1411, 1368, 1543, 1865, 2243, 2560, 2721, 2687, 
2328, 1960, 1612, 1399, 1367, 1572, 1900, 2280, 2586, 2732, 
2672, 2424, 2060, 1695, 1438, 1363, 1595, 1936, 2313, 2610, 
2736, 2649, 2391, 2024, 1670, 1417, 1365, 1524, 1838, 2220, 
2545, 2720, 2633, 2360, 1985, 1633, 1406, 1373, 1548, 1874, 
2254, 2568, 2727, 2681, 2445, 2089, 1723, 1450, 1379, 1576, 
1912, 2287, 2596, 2730, 2666, 2420, 2047, 1686, 1430, 1362, 
1506, 1815, 2193, 2524, 2737, 2655, 2383, 2012, 1655, 1415, 
1369, 1532, 1848, 2225, 2551, 2723, 2684, 2467, 2118, 1740, 
1406, 1377, 1555, 1886, 2262, 2579, 2731, 2674, 2436, 2075, 
1709, 1443, 1362, 1491, 1790, 2165, 2598, 2734, 2662, 2405, 
2031, 1679, 1425, 1366, 1516, 1826, 2203, 2536, 2714, 2702, 
2488, 2144, 1646, 1412, 1369, 1538, 1859, 2236, 2558, 2721, 
2684, 2459, 2103, 1736, 1456, 1360, 1475, 1763, 2273, 2583, 
2728, 2671, 2433, 2067, 1706, 1436, 1360, 1494, 1795, 2177, 
2511, 2712, 2710, 2508, 2027, 1667, 1422, 1367, 1520, 1831, 
2209, 2541, 2719, 2697, 2481, 2131, 1758, 1473, 1358, 1459, 
1867, 2249, 2571, 2726, 2684, 2455, 2095, 1726, 1451, 1359, 
1481, 1770, 2146, 2492, 2701, 2713, 2420, 2052, 1691, 1432, 
1364, 1502, 1807, 2183, 2520, 2712, 2704, 2503, 2156, 1785, 
1488, 1366, 1522, 1843, 2219, 2550, 2720, 2691, 2474, 2120, 
1748, 1465, 1359, 1464, 1748, 2117, 2471, 2691, 2679, 2443, 
2083, 1717, 1448, 1362, 1486, 1787, 2158, 2497, 2700, 2723, 
2524, 2183, 1810, 1503, 1366, 1511, 1817, 2193, 2528, 2715, 
2702, 2494, 2148, 1773, 1479, 1360, 1454, 1722, 2095, 2447, 
2720, 2688, 2462, 2109, 1743, 1454, 1356, 1478, 1759, 2130, 
2480, 2696, 2719, 2540, 2212, 1833, 1446, 1363, 1491, 1793, 
2167, 2507, 2710, 2711, 2513, 2174, 1799, 1496, 1362, 1435, 
1700, 2065, 2531, 2721, 2703, 2487, 2138, 1761, 1476, 1360, 
2070, 1705, 1440, 1361, 1490, 1792, 2163, 2507, 2731, 2656, 
2401, 2032, 1672, 1424, 1371, 1506, 1824, 2206, 2535, 2719, 
2696, 2487, 2137, 1763, 1411, 1372, 1543, 1862, 2238, 2560, 
2722, 2682, 2451, 2097, 1729, 1454, 1358, 1477, 1764, 2139, 
2583, 2727, 2668, 2428, 2062, 1693, 1437, 1363, 1496, 1799, 
2176, 2512, 2707, 2707, 2503, 2164, 1667, 1419, 1367, 1521, 
1836, 2213, 2540, 2719, 2694, 2480, 2124, 1751, 1476, 1351, 
1465, 1748, 2250, 2568, 2723, 2683, 2444, 2090, 1720, 1449, 
1361, 1485, 1767, 2151, 2494, 2699, 2715, 2527, 2052, 1688, 
1432, 1363, 1503, 1809, 2188, 2516, 2715, 2709, 2500, 2151, 
1776, 1482, 1361, 1445, 1848, 2223, 2547, 2720, 2691, 2467, 
2115, 1745, 1463, 1364, 1467, 1752, 2124, 2473, 2693, 2720, 
2440, 2078, 1719, 1446, 1358, 1496, 1786, 2162, 2500, 2706, 
2712, 2518, 2180, 1804, 1500, 1367, 1507, 1821, 2198, 2529, 
2715, 2700, 2496, 2142, 1771, 1480, 1360, 1454, 1728, 2097, 
2451, 2681, 2681, 2454, 2104, 1737, 1455, 1360, 1472, 1760, 
2136, 2480, 2702, 2716, 2537, 2208, 1830, 1519, 1361, 1494, 
1793, 2172, 2512, 2707, 2708, 2508, 2168, 1795, 1491, 1363, 
1443, 1703, 2067, 2428, 2719, 2697, 2483, 2131, 1759, 1472, 
1362, 1458, 1737, 2105, 2461, 2687, 2722, 2555, 2233, 1855, 
1452, 1361, 1479, 1772, 2144, 2483, 2699, 2715, 2526, 2192, 
1820, 1518, 1361, 1425, 1680, 2040, 2519, 2712, 2703, 2504, 
2160, 1786, 1490, 1360, 1444, 1714, 2080, 2439, 2678, 2727, 
2572, 2261, 1751, 1478, 1362, 1470, 1751, 2116, 2467, 2692, 
2723, 2546, 2224, 1846, 1528, 1367, 1415, 1657, 2155, 2500, 
2709, 2712, 2522, 2187, 1811, 1504, 1365, 1433, 1690, 2050, 
2416, 2661, 2729, 2585, 2153, 1779, 1468, 1364, 1450, 1724, 
2091, 2451, 2682, 2726, 2568, 2252, 1872, 1548, 1373, 1405, 
1756, 2127, 2476, 2694, 2719, 2543, 2215, 1837, 1519, 1371, 
1413, 1671, 2029, 2393, 2652, 2732, 2515, 2174, 1800, 1497, 
1362, 1438, 1699, 2061, 2425, 2670, 2729, 2584, 2276, 1900, 
1565, 1379, 1456, 1732, 2100, 2459, 2684, 2720, 2564, 2232, 
1863, 1542, 1372, 1412, 1650, 1998, 2368, 2641, 2716, 2534, 
2204, 1827, 1512, 1364, 1423, 1675, 2035, 2400, 2660, 2731, 
2604, 2303, 1924, 1588, 1357, 1442, 1708, 2071, 2432, 2675, 
2726, 2577, 2268, 1886, 1558, 1376, 1400, 1624, 1971, 2343, 
2688, 2723, 2551, 2231, 1851, 1532, 1372, 1414, 1651, 2008, 
2371, 2644, 2741, 2615, 2323, 1951, 1512, 1368, 1430, 1684, 
2047, 2412, 2662, 2732, 2592, 2300, 1912, 1577, 1383, 1393, 
1601, 1945, 2441, 2679, 2727, 2568, 2257, 1877, 1552, 1372, 
1409, 1633, 1981, 2350, 2635, 2734, 2633, 2352, 1841, 1527, 
1368, 1419, 1662, 2017, 2390, 2652, 2736, 2611, 2317, 1940, 
1600, 1389, 1383, 1579, 2056, 2422, 2676, 2732, 2594, 2284, 
1905, 1574, 1377, 1396, 1606, 1955, 2330, 2619, 2735, 2646, 
2247, 1865, 1544, 1373, 1408, 1639, 1994, 2364, 2637, 2736, 
2626, 2342, 1967, 1611, 1399, 1379, 1667, 2033, 2399, 2655, 
2732, 2608, 2305, 1931, 1591, 1387, 1388, 1588, 1927, 2303, 
2603, 2736, 2581, 2270, 1893, 1562, 1379, 1396, 1615, 1966, 
2348, 2627, 2734, 2641, 2368, 1993, 1638, 1407, 1414, 1650, 
2003, 2372, 2643, 2736, 2619, 2334, 1959, 1612, 1398, 1380, 
1570, 1902, 2278, 2585, 2732, 2599, 2297, 1920, 1587, 1387, 
1389, 1601, 1938, 2312, 2613, 2736, 2654, 2392, 2023, 1667, 
1377, 1401, 1621, 1976, 2349, 2627, 2735, 2636, 2357, 1984, 
1633, 1407, 1375, 1548, 1875, 2255, 2644, 2735, 2606, 2320, 
1948, 1603, 1388, 1388, 1605, 1976, 2425, 2697, 2715, 2518, 
2171, 1783, 1412, 1372, 1539, 1858, 2238, 2559, 2724, 2687, 
2459, 2103, 1740, 1454, 1362, 1478, 1761, 2141, 2583, 2729, 
2675, 2428, 2056, 1701, 1436, 1362, 1497, 1800, 2174, 2511, 
2711, 2709, 2510, 2168, 1668, 1419, 1364, 1520, 1835, 2211, 
2542, 2719, 2700, 2477, 2123, 1759, 1475, 1361, 1458, 1738, 
2250, 2569, 2726, 2681, 2450, 2092, 1727, 1450, 1361, 1484, 
1773, 2147, 2491, 2701, 2712, 2528, 2057, 1691, 1433, 1364, 
1503, 1810, 2184, 2519, 2715, 2711, 2496, 2161, 1782, 1486, 
1361, 1445, 1844, 2224, 2548, 2723, 2692, 2473, 2121, 1749, 
1467, 1361, 1468, 1748, 2120, 2473, 2688, 2719, 2432, 2075, 
1713, 1448, 1360, 1482, 1785, 2157, 2502, 2705, 2715, 2520, 
2183, 1809, 1502, 1363, 1507, 1819, 2195, 2529, 2713, 2702, 
2493, 2147, 1776, 1492, 1363, 1455, 1731, 2089, 2452, 2681, 
2695, 2462, 2112, 1747, 1456, 1364, 1472, 1761, 2131, 2480, 
2696, 2718, 2543, 2211, 1836, 1520, 1362, 1492, 1792, 2168, 
2503, 2710, 2700, 2506, 2173, 1799, 1498, 1358, 1438, 1702, 
2067, 2439, 2720, 2699, 2487, 2135, 1761, 1472, 1361, 1457, 
1734, 2105, 2460, 2686, 2728, 2559, 2243, 1868, 1459, 1369, 
1476, 1769, 2144, 2483, 2691, 2698, 2528, 2206, 1824, 1512, 
1363, 1424, 1678, 2039, 2515, 2712, 2703, 2503, 2164, 1787, 
1495, 1367, 1448, 1716, 2079, 2436, 2679, 2723, 2577, 2268, 
1756, 1476, 1363, 1471, 1751, 2113, 2464, 2688, 2720, 2551, 
2230, 1851, 1538, 1373, 1417, 1656, 2147, 2489, 2700, 2712, 
2526, 2190, 1814, 1504, 1367, 1430, 1683, 2051, 2419, 2662, 
2733, 2581, 2148, 1771, 1484, 1365, 1449, 1725, 2093, 2455, 
2688, 2732, 2572, 2250, 1867, 1534, 1370, 1408, 1755, 2126, 
2480, 2692, 2726, 2549, 2225, 1848, 1537, 1375, 1427, 1670, 
2023, 2390, 2652, 2723, 2514, 2177, 1806, 1505, 1368, 1439, 
1700, 2060, 2420, 2665, 2728, 2582, 2278, 1902, 1577, 1385, 
1462, 1734, 2105, 2455, 2684, 2733, 2568, 2246, 1867, 1546, 
1374, 1414, 1646, 1999, 2367, 2639, 2716, 2530, 2202, 1827, 
1516, 1367, 1424, 1672, 2033, 2404, 2653, 2739, 2607, 2307, 
1932, 1592, 1360, 1440, 1700, 2072, 2435, 2673, 2727, 2575, 
2268, 1886, 1561, 1376, 1399, 1621, 1970, 2348, 2692, 2724, 
2556, 2233, 1855, 1533, 1368, 1418, 1651, 2007, 2377, 2651, 
2740, 2620, 2339, 1968, 1521, 1372, 1431, 1683, 2043, 2406, 
2659, 2731, 2591, 2291, 1916, 1583, 1388, 1393, 1603, 1939, 
2439, 2678, 2723, 2579, 2264, 1886, 1557, 1377, 1408, 1628, 
1975, 2348, 2619, 2727, 2631, 2354, 1846, 1529, 1372, 1418, 
1659, 2015, 2386, 2652, 2739, 2618, 2326, 1949, 1603, 1392, 
1389, 1574, 2044, 2408, 2659, 2727, 2585, 2287, 1889, 1572, 
1379, 1396, 1612, 1959, 2337, 2617, 2740, 2649, 2246, 1867, 
1539, 1371, 1404, 1637, 1993, 2368, 2648, 2743, 2633, 2343, 
1966, 1620, 1397, 1379, 1669, 2030, 2400, 2654, 2739, 2611, 
2316, 1944, 1603, 1400, 1399, 1587, 1923, 2296, 2592, 2720, 
2576, 2277, 1902, 1567, 1380, 1397, 1616, 1965, 2335, 2622, 
2735, 2643, 2377, 1999, 1654, 1417, 1417, 1648, 1995, 2362, 
2632, 2729, 2622, 2336, 1964, 1619, 1401, 1383, 1570, 1899, 
2273, 2585, 2731, 2593, 2302, 1929, 1592, 1391, 1388, 1593, 
1949, 2312, 2610, 2742, 2657, 2398, 2029, 1671, 1379, 1400, 
1622, 1971, 2343, 2625, 2732, 2633, 2358, 1985, 1638, 1409, 
1371, 1553, 1876, 2257, 2655, 2740, 2628, 2332, 1948, 1612, 
1388, 1380, 1568, 1910, 2289, 2593, 2732, 2667, 2420, 2054, 
1577, 1387, 1395, 1605, 1947, 2324, 2611, 2729, 2651, 2385, 
2012, 1656, 1413, 1371, 1946, 1605, 1370, 1436, 1689, 2050, 
2409, 2657, 2723, 2582, 2283, 1910, 1568, 1380, 1396, 1601, 
1952, 2331, 2683, 2727, 2569, 2253, 1877, 1540, 1371, 1398, 
1632, 1981, 2351, 2627, 2729, 2625, 2343, 1972, 1523, 1368, 
1421, 1666, 2023, 2404, 2664, 2735, 2617, 2309, 1934, 1595, 
1387, 1388, 1588, 1932, 2427, 2684, 2734, 2586, 2272, 1889, 
1555, 1372, 1392, 1615, 1965, 2341, 2627, 2743, 2652, 2379, 
1865, 1548, 1369, 1408, 1639, 1988, 2356, 2634, 2731, 2619, 
2332, 1963, 1618, 1403, 1388, 1567, 2038, 2404, 2663, 2734, 
2607, 2300, 1929, 1591, 1391, 1393, 1596, 1932, 2308, 2600, 
2726, 2647, 2263, 1884, 1564, 1381, 1403, 1628, 1980, 2348, 
2622, 2729, 2631, 2358, 1988, 1636, 1411, 1377, 1659, 2012, 
2379, 2646, 2732, 2615, 2326, 1957, 1611, 1398, 1380, 1582, 
1906, 2282, 2585, 2727, 2590, 2288, 1919, 1586, 1393, 1392, 
1607, 1948, 2326, 2619, 2740, 2655, 2384, 2009, 1655, 1412, 
1396, 1624, 1978, 2358, 2627, 2739, 2628, 2363, 1986, 1636, 
1408, 1377, 1565, 1884, 2260, 2572, 2725, 2605, 2311, 1938, 
1596, 1390, 1388, 1584, 1923, 2300, 2600, 2731, 2665, 2407, 
2040, 1678, 1378, 1395, 1607, 1961, 2334, 2617, 2732, 2641, 
2369, 2003, 1651, 1412, 1381, 1545, 1865, 2242, 2642, 2730, 
2617, 2333, 1963, 1619, 1400, 1383, 1571, 1900, 2279, 2574, 
2727, 2670, 2436, 2060, 1584, 1387, 1384, 1592, 1929, 2299, 
2599, 2727, 2656, 2404, 2035, 1676, 1428, 1370, 1523, 1839, 
2337, 2624, 2732, 2636, 2363, 1991, 1642, 1403, 1371, 1536, 
1871, 2247, 2574, 2732, 2692, 2463, 1961, 1612, 1394, 1376, 
1554, 1895, 2273, 2579, 2724, 2668, 2423, 2062, 1700, 1439, 
1364, 1504, 1945, 2314, 2619, 2743, 2659, 2394, 2028, 1662, 
1423, 1364, 1520, 1834, 2211, 2543, 2717, 2697, 2355, 1989, 
1632, 1415, 1383, 1556, 1881, 2260, 2569, 2727, 2678, 2441, 
2080, 1718, 1446, 1360, 1580, 1913, 2292, 2599, 2735, 2667, 
2416, 2056, 1689, 1427, 1360, 1502, 1806, 2180, 2518, 2711, 
2652, 2390, 2023, 1664, 1425, 1373, 1532, 1846, 2223, 2547, 
2712, 2689, 2467, 2118, 1744, 1469, 1373, 1551, 1880, 2259, 
2575, 2736, 2684, 2455, 2085, 1719, 1446, 1359, 1482, 1775, 
2155, 2498, 2734, 2668, 2416, 2051, 1689, 1430, 1368, 1516, 
1822, 2191, 2524, 2715, 2700, 2494, 2148, 1773, 1420, 1370, 
1536, 1857, 2233, 2558, 2728, 2691, 2467, 2104, 1740, 1459, 
1359, 1471, 1759, 2129, 2584, 2732, 2673, 2435, 2082, 1711, 
1438, 1361, 1492, 1795, 2172, 2511, 2700, 2706, 2505, 2174, 
1669, 1426, 1360, 1513, 1823, 2204, 2537, 2718, 2702, 2486, 
2137, 1765, 1483, 1366, 1451, 1736, 2244, 2567, 2727, 2686, 
2456, 2100, 1731, 1457, 1366, 1479, 1763, 2137, 2487, 2699, 
2716, 2524, 2063, 1699, 1445, 1373, 1504, 1810, 2183, 2515, 
2701, 2702, 2503, 2161, 1785, 1487, 1366, 1443, 1851, 2223, 
2551, 2721, 2697, 2475, 2128, 1751, 1474, 1359, 1465, 1747, 
2117, 2468, 2691, 2721, 2448, 2087, 1721, 1451, 1359, 1480, 
1774, 2153, 2496, 2695, 2706, 2518, 2183, 1817, 1512, 1376, 
1518, 1824, 2202, 2529, 2715, 2699, 2488, 2144, 1769, 1478, 
1356, 1449, 1723, 2091, 2449, 2683, 2704, 2479, 2119, 1748, 
1467, 1361, 1469, 1753, 2117, 2467, 2687, 2718, 2542, 2217, 
1843, 1537, 1373, 1501, 1795, 2166, 2508, 2705, 2704, 2508, 
2169, 1797, 1492, 1363, 1445, 1712, 2073, 2433, 2724, 2704, 
2488, 2140, 1760, 1470, 1353, 1451, 1725, 2099, 2456, 2688, 
2735, 2575, 2254, 1876, 1463, 1363, 1472, 1758, 2127, 2473, 
2691, 2713, 2517, 2206, 1834, 1523, 1379, 1446, 1745, 2183, 
2647, 2743, 2606, 2306, 1918, 1568, 1371, 1389, 1605, 1953, 
2329, 2622, 2740, 2651, 2383, 2014, 1548, 1369, 1408, 1640, 
1988, 2357, 2627, 2728, 2623, 2342, 1972, 1627, 1408, 1384, 
1569, 1900, 2399, 2654, 2731, 2599, 2299, 1923, 1586, 1387, 
1383, 1598, 1934, 2313, 2615, 2739, 2656, 2402, 1897, 1565, 
1377, 1403, 1620, 1967, 2339, 2620, 2729, 2633, 2359, 1992, 
1642, 1414, 1374, 1555, 2015, 2384, 2648, 2739, 2616, 2328, 
1950, 1606, 1391, 1377, 1565, 1904, 2286, 2590, 2737, 2671, 
2295, 1916, 1576, 1387, 1385, 1600, 1939, 2321, 2615, 2743, 
2654, 2394, 2020, 1663, 1420, 1371, 1628, 1976, 2348, 2633, 
2730, 2632, 2355, 1985, 1635, 1401, 1372, 1553, 1880, 2257, 
2572, 2727, 2612, 2324, 1943, 1602, 1399, 1384, 1585, 1917, 
2297, 2597, 2733, 2663, 2410, 2043, 1684, 1440, 1403, 1611, 
1955, 2335, 2616, 2727, 2635, 2366, 1999, 1651, 1417, 1379, 
1548, 1860, 2240, 2561, 2736, 2614, 2328, 1952, 1612, 1400, 
1384, 1574, 1903, 2285, 2584, 2736, 2680, 2436, 2067, 1694, 
1378, 1376, 1580, 1924, 2303, 2605, 2744, 2663, 2406, 2049, 
1681, 1426, 1372, 1521, 1831, 2211, 2620, 2733, 2637, 2367, 
1995, 1643, 1408, 1372, 1550, 1871, 2242, 2566, 2724, 2684, 
2451, 2102, 1610, 1391, 1374, 1559, 1891, 2272, 2580, 2734, 
2678, 2438, 2067, 1712, 1448, 1367, 1500, 1791, 2296, 2599, 
2732, 2654, 2392, 2035, 1685, 1444, 1388, 1535, 1844, 2209, 
2531, 2702, 2680, 2460, 1980, 1638, 1412, 1369, 1552, 1879, 
2260, 2575, 2730, 2683, 2450, 2089, 1722, 1439, 1352, 1483, 
1916, 2284, 2589, 2737, 2679, 2424, 2064, 1699, 1439, 1366, 
1501, 1809, 2182, 2518, 2703, 2692, 2381, 2012, 1660, 1420, 
1369, 1529, 1854, 2228, 2560, 2728, 2695, 2460, 2121, 1745, 
1460, 1359, 1552, 1879, 2256, 2572, 2732, 2684, 2449, 2087, 
1716, 1448, 1362, 1484, 1779, 2147, 2486, 2695, 2657, 2409, 
2045, 1688, 1440, 1379, 1528, 1826, 2201, 2534, 2707, 2690, 
2480, 2140, 1769, 1483, 1378, 1543, 1868, 2235, 2556, 2716, 
2672, 2446, 2102, 1735, 1468, 1373, 1491, 1775, 2145, 2487, 
2729, 2660, 2408, 2049, 1695, 1440, 1372, 1506, 1816, 2189, 
2524, 2716, 2704, 2501, 2168, 1787, 1416, 1366, 1526, 1843, 
2211, 2546, 2720, 2695, 2477, 2127, 1756, 1475, 1366, 1453, 
1740, 2115, 2569, 2727, 2681, 2447, 2088, 1727, 1452, 1365, 
1489, 1781, 2154, 2496, 2707, 2713, 2524, 2186, 1683, 1428, 
1359, 1496, 1803, 2183, 2504, 2713, 2715, 2506, 2161, 1788, 
1492, 1367, 1448, 1715, 2215, 2540, 2715, 2688, 2472, 2127, 
1760, 1473, 1378, 1479, 1761, 2121, 2467, 2680, 2705, 2530, 
2074, 1716, 1451, 1368, 1506, 1799, 2166, 2510, 2705, 2711, 
2516, 2180, 1796, 1499, 1363, 1434, 1820, 2198, 2532, 2713, 
2706, 2502, 2160, 1782, 1486, 1361, 1448, 1718, 2083, 2438, 
2674, 2720, 2456, 2111, 1747, 1463, 1371, 1477, 1762, 2127, 
2483, 2697, 2723, 2547, 2222, 1842, 1526, 1358, 1488, 1788, 
2163, 2499, 2705, 2716, 2521, 2190, 1810, 1504, 1364, 1435, 
1690, 2053, 2415, 2658, 2692, 2491, 2150, 1780, 1495, 1374, 
1464, 1732, 2096, 2447, 2674, 2711, 2552, 2241, 1872, 1550, 
1374, 1491, 1776, 2140, 2487, 2684, 2700, 2518, 2192, 1826, 
1525, 1379, 1440, 1691, 2047, 2409, 2708, 2700, 2496, 2155, 
1783, 1487, 1365, 1449, 1713, 2078, 2441, 2683, 2732, 2579, 
2262, 1891, 1473, 1368, 1465, 1734, 2100, 2460, 2689, 2719, 
2553, 2230, 1855, 1537, 1372, 1413, 1653, 2008, 2493, 2704, 
2716, 2531, 2199, 1823, 1511, 1364, 1427, 1676, 2041, 2408, 
2667, 2739, 2596, 2296, 1785, 1493, 1357, 2100, 1742, 1464, 
1370, 1484, 1768, 2139, 2478, 2691, 2707, 2524, 2198, 1827, 
1451, 1375, 1500, 1806, 2182, 2512, 2695, 2689, 2487, 2150, 
1782, 1492, 1368, 1458, 1723, 2092, 2550, 2719, 2688, 2463, 
2111, 1731, 1455, 1361, 1464, 1745, 2121, 2470, 2691, 2727, 
2553, 2232, 1721, 1453, 1359, 1488, 1776, 2148, 2488, 2695, 
2703, 2517, 2183, 1810, 1507, 1365, 1438, 1691, 2198, 2537, 
2714, 2700, 2493, 2153, 1776, 1487, 1364, 1443, 1715, 2089, 
2447, 2677, 2727, 2567, 2120, 1751, 1465, 1363, 1470, 1746, 
2116, 2467, 2684, 2713, 2544, 2215, 1843, 1530, 1378, 1426, 
1789, 2166, 2503, 2699, 2708, 2515, 2181, 1801, 1496, 1364, 
1445, 1703, 2068, 2427, 2667, 2727, 2481, 2134, 1764, 1475, 
1368, 1464, 1738, 2111, 2465, 2696, 2723, 2555, 2231, 1851, 
1528, 1365, 1474, 1769, 2156, 2503, 2712, 2729, 2544, 2209, 
1824, 1516, 1356, 1416, 1668, 2027, 2396, 2655, 2704, 2504, 
2160, 1788, 1491, 1369, 1450, 1720, 2076, 2439, 2675, 2735, 
2578, 2265, 1885, 1556, 1359, 1459, 1742, 2109, 2465, 2689, 
2723, 2553, 2231, 1856, 1537, 1373, 1419, 1652, 2008, 2378, 
2690, 2704, 2524, 2193, 1822, 1518, 1376, 1439, 1703, 2047, 
2411, 2658, 2723, 2585, 2291, 1918, 1496, 1375, 1458, 1727, 
2088, 2441, 2670, 2714, 2555, 2243, 1868, 1551, 1385, 1417, 
1641, 1992, 2487, 2702, 2723, 2540, 2211, 1839, 1521, 1358, 
1417, 1656, 2022, 2391, 2660, 2742, 2620, 2323, 1815, 1507, 
1366, 1430, 1688, 2066, 2418, 2662, 2724, 2583, 2284, 1907, 
1575, 1384, 1400, 1617, 2096, 2458, 2687, 2731, 2559, 2245, 
1870, 1537, 1362, 1396, 1632, 1989, 2367, 2644, 2751, 2640, 
2224, 1841, 1525, 1361, 1415, 1651, 2014, 2387, 2652, 2729, 
2599, 2300, 1939, 1599, 1395, 1396, 1705, 2069, 2432, 2676, 
2737, 2588, 2278, 1895, 1558, 1376, 1386, 1603, 1953, 2329, 
2619, 2736, 2566, 2255, 1884, 1550, 1382, 1408, 1629, 1980, 
2360, 2633, 2733, 2623, 2344, 1971, 1623, 1404, 1424, 1671, 
2031, 2400, 2659, 2736, 2607, 2316, 1936, 1599, 1394, 1384, 
1586, 1918, 2291, 2595, 2723, 2582, 2283, 1907, 1571, 1388, 
1400, 1622, 1963, 2335, 2611, 2728, 2632, 2367, 2001, 1652, 
1383, 1423, 1654, 2003, 2368, 2636, 2723, 2603, 2320, 1959, 
1615, 1403, 1389, 1571, 1910, 2275, 2663, 2727, 2593, 2299, 
1925, 1589, 1395, 1401, 1607, 1939, 2312, 2604, 2725, 2643, 
2383, 2020, 1565, 1390, 1416, 1630, 1980, 2350, 2628, 2724, 
2623, 2350, 1977, 1633, 1408, 1380, 1563, 1886, 2392, 2648, 
2736, 2608, 2310, 1940, 1598, 1385, 1381, 1579, 1918, 2303, 
2600, 2740, 2676, 2424, 1913, 1576, 1383, 1392, 1607, 1940, 
2319, 2610, 2720, 2636, 2367, 2004, 1649, 1414, 1374, 1546, 
2006, 2377, 2649, 2742, 2633, 2344, 1966, 1612, 1391, 1365, 
1546, 1875, 2271, 2587, 2736, 2687, 2318, 1932, 1600, 1386, 
1386, 1580, 1916, 2292, 2595, 2729, 2659, 2403, 2039, 1680, 
1428, 1370, 1618, 1967, 2343, 2628, 2741, 2643, 2379, 2006, 
1640, 1405, 1364, 1529, 1851, 2237, 2563, 2731, 2633, 2348, 
1976, 1625, 1403, 1376, 1558, 1886, 2265, 2573, 2719, 2676, 
2438, 2079, 1713, 1450, 1388, 1590, 1928, 2307, 2588, 2735, 
2652, 2407, 2032, 1673, 1432, 1372, 1519, 1837, 2207, 2535, 
2739, 2641, 2367, 1998, 1643, 1415, 1372, 1543, 1864, 2239, 
2559, 2719, 2684, 2454, 2100, 1731, 1407, 1384, 1588, 1907, 
2277, 2577, 2727, 2662, 2418, 2055, 1695, 1439, 1370, 1511, 
1811, 2187, 2604, 2727, 2643, 2383, 2017, 1664, 1423, 1366, 
1529, 1848, 2227, 2552, 2726, 2697, 2470, 2116, 1636, 1409, 
1376, 1587, 1944, 2404, 2687, 2717, 2531, 2200, 1825, 1514, 
1371, 1440, 1717, 2079, 2543, 2716, 2692, 2470, 2118, 1743, 
1469, 1359, 1465, 1745, 2119, 2480, 2703, 2734, 2558, 2233, 
1720, 1447, 1358, 1481, 1772, 2148, 2489, 2697, 2707, 2521, 
2188, 1815, 1514, 1372, 1441, 1697, 2197, 2526, 2718, 2702, 
2503, 2155, 1768, 1479, 1348, 1439, 1710, 2081, 2443, 2681, 
2739, 2584, 2128, 1756, 1470, 1360, 1460, 1742, 2113, 2465, 
2687, 2719, 2547, 2224, 1855, 1538, 1375, 1421, 1785, 2163, 
2506, 2712, 2715, 2521, 2185, 1803, 1497, 1357, 1425, 1680, 
2051, 2419, 2669, 2739, 2505, 2162, 1782, 1488, 1363, 1448, 
1720, 2087, 2445, 2678, 2721, 2567, 2255, 1880, 1551, 1375, 
1475, 1758, 2131, 2478, 2691, 2714, 2535, 2213, 1837, 1527, 
1376, 1428, 1678, 2035, 2399, 2655, 2703, 2506, 2166, 1793, 
1496, 1364, 1444, 1699, 2064, 2434, 2672, 2727, 2577, 2265, 
1895, 1567, 1368, 1466, 1740, 2108, 2459, 2683, 2717, 2550, 
2227, 1853, 1536, 1375, 1418, 1657, 2008, 2380, 2704, 2707, 
2528, 2189, 1809, 1504, 1364, 1431, 1689, 2054, 2418, 2675, 
2745, 2604, 2300, 1918, 1481, 1353, 1437, 1705, 2073, 2438, 
2668, 2731, 2579, 2272, 1891, 1561, 1379, 1409, 1639, 1988, 
2471, 2688, 2712, 2540, 2212, 1836, 1521, 1368, 1419, 1665, 
2024, 2396, 2665, 2748, 2620, 2326, 1808, 1500, 1357, 1421, 
1681, 2047, 2408, 2672, 2737, 2588, 2275, 1906, 1579, 1390, 
1399, 1615, 2099, 2456, 2692, 2728, 2560, 2244, 1863, 1538, 
1363, 1400, 1634, 1987, 2364, 2639, 2744, 2631, 2219, 1844, 
1524, 1351, 1416, 1677, 2032, 2395, 2655, 2734, 2604, 2311, 
1931, 1593, 1391, 1383, 1703, 2072, 2432, 2677, 2735, 2590, 
2273, 1895, 1563, 1368, 1384, 1606, 1956, 2338, 2627, 2756, 
2572, 2251, 1875, 1555, 1378, 1408, 1634, 1987, 2354, 2627, 
2721, 2615, 2334, 1963, 1621, 1405, 1432, 1685, 2041, 2409, 
2659, 2731, 2599, 2300, 1925, 1589, 1387, 1387, 1595, 1924, 
2309, 2611, 2721, 2577, 2267, 1887, 1553, 1379, 1406, 1627, 
1976, 2348, 2628, 2738, 2636, 2359, 1987, 1632, 1368, 1412, 
1651, 2008, 2385, 2652, 2728, 2616, 2332, 1961, 1612, 1399, 
1385, 1573, 1904, 2282, 2663, 2728, 2590, 2291, 1914, 1579, 
1379, 1392, 1601, 1948, 2326, 2619, 2744, 2659, 2395, 2020, 
1548, 1375, 1398, 1611, 1967, 2343, 2627, 2737, 2641, 2367, 
1997, 1645, 1416, 1387, 1559, 1877, 2372, 2638, 2720, 2604, 
2315, 1946, 1608, 1402, 1392, 1591, 1923, 2294, 2601, 2726, 
2656, 2408, 1911, 1574, 1380, 1393, 1609, 1951, 2321, 2611, 
2731, 2644, 2384, 2014, 1667, 1427, 1382, 1542, 1993, 2360, 
2628, 2732, 2616, 2339, 1965, 1619, 1400, 1379, 1565, 1891, 
2272, 2571, 2727, 2673, 2311, 1939, 1600, 1396, 1395, 1594, 
1928, 2303, 2595, 2723, 2645, 2387, 2028, 1671, 1427, 1374, 
1628, 1980, 2354, 2631, 2732, 2638, 2356, 1987, 1628, 1400, 
1363, 1537, 1867, 2247, 2571, 2739, 2633, 2344, 1964, 1618, 
1400, 1388, 1572, 1905, 2280, 2580, 2726, 2659, 2411, 2047, 
1689, 1432, 1391, 1609, 1961, 2336, 2623, 2743, 2649, 2378, 
2011, 1656, 1411, 1359, 1523, 1844, 2225, 2554, 2742, 2640, 
2359, 1982, 1627, 1396, 1371, 1546, 1873, 2256, 2572, 2727, 
2688, 2463, 2099, 1724, 1388, 1379, 1568, 1907, 2284, 2591, 
2732, 2670, 2419, 2055, 1691, 1431, 1362, 1500, 1811, 2191, 
2620, 2739, 2652, 2384, 2011, 1651, 1409, 1358, 1529, 1850, 
2236, 2559, 2730, 2711, 2478, 2124, 1623, 1396, 1366, 1546, 
1873, 2253, 2571, 2729, 2683, 2446, 2089, 1724, 1457, 1371, 
1493, 1791, 2288, 2593, 2725, 2652, 2400, 2044, 1689, 1430, 
1374, 1979, 1631, 1407, 1378, 1553, 1877, 2251, 2642, 2723, 
2612, 2315, 1947, 1609, 1402, 1399, 1592, 1922, 2284, 2598, 
2727, 2659, 2400, 2032, 1564, 1375, 1394, 1606, 1951, 2327, 
2617, 2743, 2651, 2384, 2017, 1661, 1422, 1378, 1539, 1852, 
2356, 2624, 2713, 2612, 2339, 1966, 1608, 1400, 1384, 1569, 
1906, 2284, 2591, 2737, 2680, 2423, 1915, 1574, 1370, 1372, 
1579, 1924, 2311, 2614, 2748, 2675, 2412, 2041, 1677, 1427, 
1368, 1513, 1960, 2344, 2617, 2727, 2627, 2360, 1991, 1639, 
1409, 1376, 1550, 1871, 2252, 2567, 2727, 2683, 2335, 1955, 
1609, 1399, 1382, 1571, 1903, 2283, 2587, 2731, 2663, 2419, 
2060, 1693, 1439, 1359, 1593, 1935, 2310, 2611, 2736, 2659, 
2397, 2031, 1671, 1423, 1368, 1519, 1827, 2204, 2535, 2711, 
2631, 2365, 1996, 1648, 1421, 1390, 1551, 1869, 2244, 2569, 
2725, 2668, 2438, 2080, 1720, 1449, 1383, 1579, 1907, 2292, 
2598, 2736, 2671, 2422, 2052, 1689, 1429, 1365, 1499, 1808, 
2180, 2515, 2732, 2646, 2379, 2017, 1671, 1434, 1388, 1549, 
1849, 2229, 2547, 2708, 2679, 2460, 2103, 1743, 1404, 1384, 
1563, 1891, 2268, 2574, 2727, 2680, 2438, 2076, 1713, 1447, 
1364, 1485, 1800, 2167, 2591, 2723, 2665, 2411, 2045, 1684, 
1436, 1376, 1520, 1828, 2203, 2528, 2707, 2694, 2480, 2131, 
1637, 1404, 1367, 1537, 1861, 2241, 2567, 2731, 2700, 2467, 
2106, 1730, 1467, 1368, 1467, 1755, 2268, 2579, 2724, 2669, 
2429, 2067, 1703, 1439, 1362, 1500, 1798, 2179, 2515, 2711, 
2713, 2510, 2027, 1663, 1409, 1357, 1510, 1828, 2217, 2548, 
2723, 2712, 2503, 2146, 1759, 1478, 1359, 1453, 1860, 2240, 
2563, 2727, 2681, 2452, 2095, 1726, 1456, 1364, 1482, 1777, 
2150, 2499, 2705, 2718, 2427, 2063, 1696, 1436, 1357, 1491, 
1804, 2179, 2520, 2716, 2715, 2508, 2166, 1788, 1487, 1356, 
1523, 1834, 2215, 2545, 2725, 2703, 2484, 2132, 1756, 1465, 
1360, 1459, 1732, 2096, 2463, 2696, 2687, 2447, 2096, 1728, 
1454, 1367, 1486, 1779, 2153, 2496, 2702, 2710, 2515, 2181, 
1804, 1504, 1364, 1511, 1822, 2196, 2531, 2723, 2713, 2502, 
2148, 1778, 1481, 1353, 1439, 1718, 2087, 2438, 2711, 2684, 
2460, 2115, 1752, 1478, 1379, 1492, 1772, 2139, 2484, 2694, 
2712, 2528, 2200, 1823, 1434, 1351, 1490, 1798, 2176, 2515, 
2719, 2726, 2520, 2176, 1798, 1497, 1360, 1433, 1695, 2060, 
2531, 2715, 2700, 2487, 2142, 1767, 1479, 1369, 1469, 1744, 
2112, 2463, 2686, 2723, 2546, 2220, 1718, 1439, 1347, 1476, 
1766, 2147, 2492, 2713, 2729, 2548, 2216, 1833, 1526, 1368, 
1424, 1673, 2168, 2507, 2700, 2700, 2499, 2162, 1790, 1489, 
1358, 1444, 1708, 2079, 2440, 2683, 2742, 2579, 2133, 1757, 
1467, 1358, 1458, 1740, 2110, 2464, 2691, 2723, 2553, 2230, 
1853, 1537, 1376, 1422, 1785, 2156, 2495, 2697, 2705, 2518, 
2186, 1811, 1501, 1363, 1431, 1695, 2055, 2424, 2676, 2737, 
2498, 2153, 1783, 1488, 1362, 1446, 1716, 2084, 2441, 2675, 
2727, 2567, 2255, 1882, 1551, 1378, 1476, 1753, 2118, 2485, 
2696, 2724, 2547, 2212, 1835, 1519, 1356, 1409, 1652, 2015, 
2387, 2656, 2723, 2534, 2200, 1820, 1507, 1365, 1430, 1687, 
2047, 2415, 2663, 2729, 2588, 2289, 1915, 1575, 1366, 1451, 
1719, 2087, 2452, 2681, 2726, 2566, 2253, 1870, 1548, 1371, 
1403, 1631, 1984, 2358, 2697, 2724, 2555, 2224, 1851, 1534, 
1382, 1413, 1666, 2020, 2391, 2649, 2726, 2607, 2312, 1937, 
1499, 1361, 1436, 1696, 2057, 2423, 2673, 2732, 2588, 2284, 
1905, 1568, 1384, 1401, 1615, 1962, 2457, 2684, 2732, 2563, 
2236, 1855, 1540, 1374, 1420, 1697, 2108, 2505, 2713, 2700, 
2489, 2136, 1636, 1401, 1375, 1556, 1888, 2268, 2577, 2732, 
2676, 2433, 2073, 1711, 1446, 1364, 1489, 1799, 2311, 2604, 
2732, 2657, 2399, 2031, 1675, 1421, 1362, 1516, 1831, 2212, 
2543, 2719, 2698, 2485, 1995, 1639, 1400, 1369, 1539, 1864, 
2243, 2565, 2732, 2690, 2459, 2096, 1735, 1465, 1366, 1483, 
1900, 2279, 2585, 2719, 2659, 2414, 2056, 1695, 1439, 1369, 
1506, 1810, 2187, 2521, 2712, 2708, 2396, 2028, 1668, 1423, 
1370, 1521, 1825, 2209, 2544, 2719, 2699, 2480, 2129, 1760, 
1476, 1364, 1549, 1874, 2254, 2572, 2729, 2683, 2448, 2086, 
1719, 1449, 1358, 1481, 1772, 2148, 2492, 2702, 2667, 2419, 
2064, 1694, 1436, 1365, 1507, 1808, 2183, 2523, 2712, 2704, 
2503, 2161, 1789, 1494, 1368, 1533, 1845, 2223, 2547, 2718, 
2687, 2464, 2115, 1745, 1459, 1359, 1464, 1751, 2126, 2480, 
2736, 2685, 2451, 2091, 1718, 1447, 1368, 1491, 1788, 2161, 
2504, 2699, 2707, 2510, 2179, 1800, 1427, 1363, 1512, 1824, 
2203, 2537, 2717, 2705, 2496, 2153, 1775, 1486, 1361, 1449, 
1722, 2092, 2560, 2720, 2690, 2463, 2108, 1738, 1459, 1363, 
1476, 1757, 2131, 2489, 2700, 2723, 2540, 2211, 1703, 1436, 
1356, 1491, 1799, 2178, 2511, 2711, 2716, 2518, 2172, 1800, 
1492, 1363, 1431, 1701, 2199, 2531, 2713, 2699, 2487, 2140, 
1765, 1476, 1364, 1460, 1735, 2106, 2460, 2689, 2729, 2555, 
2094, 1721, 1452, 1357, 1471, 1776, 2142, 2488, 2697, 2724, 
2536, 2204, 1821, 1524, 1369, 1431, 1811, 2183, 2522, 2708, 
2699, 2496, 2157, 1780, 1489, 1356, 1442, 1718, 2086, 2447, 
2683, 2723, 2481, 2120, 1753, 1467, 1359, 1459, 1743, 2110, 
2467, 2691, 2727, 2556, 2228, 1858, 1537, 1374, 1488, 1784, 
2156, 2497, 2704, 2716, 2511, 2177, 1807, 1496, 1360, 1433, 
1688, 2055, 2422, 2670, 2707, 2503, 2158, 1779, 1488, 1359, 
1445, 1721, 2083, 2441, 2678, 2724, 2567, 2255, 1883, 1551, 
1372, 1468, 1746, 2112, 2471, 2691, 2716, 2543, 2220, 1839, 
1534, 1368, 1417, 1661, 2020, 2396, 2713, 2719, 2526, 2185, 
1809, 1503, 1361, 1431, 1692, 2060, 2427, 2672, 2729, 2582, 
2280, 1908, 1473, 1354, 1451, 1726, 2095, 2451, 2691, 2736, 
2571, 2253, 1873, 1546, 1372, 1416, 1633, 1985, 2475, 2694, 
2720, 2542, 2216, 1838, 1526, 1369, 1430, 1659, 2028, 2400, 
2659, 2740, 2607, 2304, 1805, 1489, 1359, 1434, 1699, 2063, 
2428, 2675, 2736, 2591, 2280, 1909, 1570, 1380, 1395, 1612, 
2097, 2448, 2682, 2719, 2563, 2249, 1876, 1547, 1373, 1419, 
1644, 1999, 2355, 2638, 2736, 2627, 2203, 1821, 1518, 1365, 
1423, 1671, 2035, 2401, 2656, 2737, 2601, 2310, 1932, 1591, 
1392, 1394, 1713, 2084, 2440, 2675, 2729, 2572, 2260, 1883, 
1552, 1375, 1392, 1617, 1971, 2351, 2627, 2742, 2556, 2236, 
1859, 1539, 1372, 1412, 1647, 2003, 2376, 2645, 2737, 2623, 
2331, 1953, 1612, 1402, 1434, 1687, 2047, 2412, 2663, 2733, 
2586, 2285, 1910, 1568, 1377, 1388, 1600, 1949, 2328, 2622, 
2736, 2579, 2262, 1886, 1548, 1369, 1393, 1624, 1982, 2353, 
2631, 2734, 2639, 2360, 1987, 1632, 1370, 1415, 1660, 2016, 
2382, 2648, 2735, 2611, 2323, 1945, 1607, 1395, 1384, 1576, 
1918, 2295, 2668, 2732, 2591, 2288, 1905, 1575, 1377, 1403, 
1607, 1951, 2331, 2624, 2736, 2648, 2376, 2014, 1545, 1374, 
1405, 1636, 1987, 2360, 2632, 2740, 2631, 2348, 1977, 1628, 
1404, 1382, 1558, 1871, 2383, 2648, 2729, 2601, 2307, 1935, 
1601, 1400, 1404, 1601, 1932, 2311, 2601, 2734, 2656, 2396, 
1884, 1553, 1364, 1396, 1615, 1964, 2347, 2631, 2743, 2648, 
2377, 2001, 1644, 1409, 1367, 1936, 1502, 1364, 1437, 1702, 
2065, 2425, 2672, 2728, 2579, 2272, 1894, 1560, 1376, 1393, 
1607, 1962, 2455, 2685, 2732, 2567, 2246, 1870, 1545, 1377, 
1411, 1645, 1991, 2369, 2635, 2731, 2616, 2331, 1825, 1511, 
1363, 1426, 1678, 2038, 2407, 2661, 2736, 2604, 2307, 1927, 
1584, 1383, 1389, 1587, 2068, 2432, 2671, 2724, 2571, 2263, 
1881, 1560, 1385, 1412, 1632, 1982, 2352, 2635, 2732, 2631, 
2219, 1838, 1520, 1358, 1407, 1652, 2009, 2385, 2649, 2740, 
2627, 2325, 1952, 1616, 1395, 1377, 1682, 2044, 2411, 2662, 
2728, 2593, 2293, 1912, 1580, 1385, 1391, 1596, 1945, 2312, 
2616, 2739, 2577, 2257, 1881, 1552, 1372, 1404, 1630, 1979, 
2351, 2628, 2734, 2626, 2352, 1969, 1633, 1406, 1423, 1668, 
2024, 2393, 2658, 2738, 2611, 2314, 1935, 1593, 1384, 1375, 
1570, 1919, 2297, 2598, 2737, 2592, 2296, 1917, 1583, 1387, 
1399, 1606, 1946, 2323, 2608, 2713, 2640, 2372, 2007, 1656, 
1383, 1413, 1641, 1994, 2366, 2641, 2736, 2627, 2338, 1964, 
1619, 1398, 1364, 1555, 1884, 2267, 2663, 2744, 2619, 2319, 
1939, 1599, 1387, 1383, 1580, 1920, 2302, 2595, 2732, 2663, 
2404, 2038, 1563, 1377, 1395, 1608, 1953, 2327, 2623, 2739, 
2652, 2381, 2008, 1654, 1413, 1368, 1536, 1851, 2355, 2631, 
2739, 2626, 2344, 1970, 1623, 1401, 1379, 1561, 1889, 2280, 
2585, 2735, 2679, 2435, 1932, 1587, 1385, 1380, 1584, 1927, 
2305, 2603, 2738, 2662, 2404, 2038, 1689, 1433, 1369, 1517, 
1966, 2335, 2616, 2727, 2632, 2362, 1992, 1643, 1415, 1388, 
1545, 1868, 2247, 2565, 2736, 2678, 2323, 1949, 1604, 1392, 
1382, 1566, 1909, 2288, 2588, 2732, 2683, 2429, 2060, 1694, 
1433, 1359, 1600, 1939, 2321, 2616, 2740, 2660, 2396, 2023, 
1658, 1415, 1364, 1515, 1836, 2218, 2544, 2720, 2638, 2358, 
1984, 1637, 1405, 1376, 1552, 1871, 2256, 2567, 2727, 2676, 
2444, 2087, 1719, 1447, 1383, 1581, 1918, 2294, 2592, 2735, 
2667, 2419, 2055, 1685, 1433, 1365, 1504, 1809, 2190, 2527, 
2741, 2651, 2385, 2020, 1660, 1420, 1372, 1531, 1847, 2228, 
2543, 2716, 2687, 2464, 2108, 1740, 1409, 1376, 1564, 1891, 
2268, 2577, 2726, 2668, 2435, 2069, 1703, 1441, 1364, 1491, 
1798, 2172, 2606, 2737, 2665, 2405, 2036, 1673, 1422, 1368, 
1505, 1824, 2200, 2533, 2716, 2705, 2493, 2141, 1648, 1412, 
1371, 1540, 1859, 2240, 2559, 2728, 2691, 2460, 2099, 1731, 
1453, 1358, 1477, 1767, 2279, 2585, 2732, 2674, 2425, 2067, 
1695, 1438, 1359, 1489, 1799, 2175, 2515, 2707, 2712, 2515, 
2033, 1671, 1427, 1373, 1522, 1836, 2203, 2537, 2716, 2691, 
2476, 2129, 1760, 1476, 1364, 1462, 1871, 2247, 2566, 2726, 
2682, 2449, 2096, 1728, 1454, 1363, 1484, 1776, 2151, 2494, 
2703, 2710, 2412, 2047, 1681, 1436, 1363, 1504, 1815, 2194, 
2531, 2716, 2713, 2499, 2155, 1780, 1489, 1360, 1527, 1844, 
2222, 2548, 2719, 2699, 2468, 2119, 1749, 1463, 1360, 1469, 
1751, 2124, 2476, 2698, 2681, 2443, 2083, 1713, 1443, 1361, 
1481, 1787, 2163, 2505, 2712, 2713, 2515, 2183, 1808, 1505, 
1363, 1507, 1817, 2195, 2528, 2716, 2700, 2487, 2156, 1774, 
1484, 1365, 1458, 1735, 2099, 2455, 2726, 2691, 2462, 2101, 
1743, 1458, 1351, 1465, 1753, 2129, 2478, 2695, 2719, 2546, 
2217, 1831, 1444, 1362, 1491, 1792, 2167, 2511, 2706, 2707, 
2512, 2173, 1796, 1493, 1367, 1441, 1708, 2063, 2540, 2723, 
2695, 2484, 2133, 1756, 1472, 1359, 1456, 1736, 2104, 2460, 
2687, 2732, 2560, 2241, 1727, 1453, 1369, 1480, 1763, 2147, 
2492, 2702, 2718, 2532, 2200, 1826, 1507, 1359, 1435, 1732, 
2299, 2638, 2736, 2622, 2333, 1944, 1596, 1382, 1395, 1604, 
1949, 2325, 2616, 2735, 2644, 2379, 1879, 1551, 1383, 1400, 
1644, 1987, 2363, 2638, 2740, 2630, 2348, 1972, 1623, 1400, 
1376, 1556, 2022, 2390, 2650, 2736, 2604, 2319, 1939, 1599, 
1393, 1388, 1587, 1924, 2300, 2599, 2736, 2660, 2273, 1895, 
1568, 1376, 1392, 1614, 1958, 2335, 2631, 2743, 2649, 2380, 
2008, 1648, 1414, 1372, 1637, 1997, 2359, 2639, 2731, 2620, 
2337, 1963, 1612, 1398, 1381, 1569, 1904, 2283, 2591, 2736, 
2606, 2305, 1926, 1584, 1385, 1385, 1588, 1932, 2304, 2604, 
2737, 2656, 2400, 2031, 1672, 1424, 1403, 1623, 1971, 2342, 
2625, 2736, 2632, 2363, 1991, 1639, 1409, 1375, 1543, 1876, 
2257, 2575, 2743, 2624, 2331, 1958, 1604, 1391, 1376, 1568, 
1902, 2280, 2585, 2728, 2667, 2419, 2054, 1695, 1390, 1395, 
1605, 1945, 2321, 2612, 2734, 2649, 2384, 2016, 1656, 1419, 
1366, 1523, 1844, 2220, 2631, 2744, 2633, 2359, 1980, 1633, 
1406, 1376, 1549, 1875, 2255, 2567, 2726, 2680, 2441, 2083, 
1605, 1390, 1390, 1580, 1920, 2302, 2604, 2735, 2665, 2412, 
2047, 1680, 1426, 1361, 1506, 1818, 2321, 2617, 2738, 2647, 
2380, 2012, 1657, 1417, 1374, 1536, 1858, 2232, 2553, 2719, 
2688, 2460, 1971, 1621, 1400, 1374, 1564, 1899, 2275, 2585, 
2738, 2679, 2437, 2074, 1707, 1432, 1359, 1479, 1927, 2300, 
2601, 2732, 2657, 2399, 2027, 1671, 1424, 1368, 1518, 1832, 
2211, 2539, 2721, 2707, 2368, 2003, 1641, 1408, 1372, 1540, 
1854, 2238, 2566, 2728, 2692, 2463, 2105, 1735, 1458, 1358, 
1566, 1893, 2271, 2579, 2724, 2665, 2423, 2060, 1694, 1437, 
1365, 1503, 1811, 2187, 2530, 2721, 2660, 2395, 2024, 1667, 
1411, 1361, 1515, 1834, 2214, 2547, 2719, 2696, 2476, 2127, 
1747, 1473, 1381, 1553, 1876, 2255, 2571, 2726, 2679, 2445, 
2084, 1720, 1454, 1364, 1488, 1782, 2161, 2499, 2736, 2670, 
2417, 2055, 1689, 1432, 1360, 1500, 1813, 2184, 2516, 2713, 
2707, 2499, 2153, 1782, 1408, 1364, 1527, 1848, 2231, 2559, 
2732, 2699, 2475, 2120, 1745, 1459, 1357, 1464, 1746, 2119, 
2569, 2726, 2684, 2444, 2087, 1724, 1459, 1368, 1492, 1785, 
2156, 2494, 2700, 2698, 2512, 2176, 1680, 1427, 1364, 1504, 
1814, 2196, 2535, 2722, 2715, 2509, 2158, 1782, 1482, 1359, 
1443, 1708, 2225, 2544, 2721, 2695, 2476, 2120, 1750, 1467, 
1367, 1473, 1756, 2126, 2475, 2695, 2716, 2544, 2068, 1707, 
1442, 1368, 1495, 1798, 2172, 2513, 2715, 2715, 2521, 2180, 
1810, 1500, 1359, 1431, 1818, 2197, 2529, 2719, 2705, 2494, 
2147, 1772, 1477, 1356, 1448, 1721, 2095, 2451, 2689, 2732, 
2464, 2111, 1740, 1457, 1358, 1469, 1753, 2125, 2479, 2698, 
2717, 2542, 2208, 1835, 1519, 1371, 1499, 1799, 2172, 2512, 
2706, 2707, 2508, 2168, 1793, 1493, 1361, 1444, 1712, 2072, 
2439, 2681, 2700, 2481, 2136, 1763, 1475, 1359, 1457, 1737, 
2106, 2463, 2689, 2727, 2555, 2236, 1857, 1538, 1363, 1481, 
1773, 2144, 2490, 2704, 2718, 2530, 2193, 1820, 1511, 1368, 
1428, 1688, 2047, 2415, 2719, 2711, 2499, 2155, 1778, 1481, 
1354, 1443, 1715, 2083, 2446, 2688, 2734, 2571, 2267, 1880, 
1462, 1354, 1455, 1739, 2113, 2470, 2697, 2727, 2553, 2227, 
1857, 1532, 1377, 1419, 1657, 2014, 2496, 2700, 2708, 2521, 
2187, 1813, 1508, 1368, 1436, 1693, 2043, 2420, 2663, 2729, 
2588, 2285, 1774, 1484, 1363, 1452, 1727, 2096, 2448, 2684, 
2732, 2572, 2256, 1879, 1551, 1379, 1408, 1633, 2118, 2473, 
2692, 2723, 2547, 2222, 1843, 1526, 1367, 1423, 1663, 2020, 
2399, 2651, 2729, 2608, 2188, 1800, 1498, 1362, 2127, 1747, 
1461, 1350, 1452, 1734, 2110, 2463, 2691, 2728, 2554, 2232, 
1727, 1449, 1359, 1481, 1761, 2147, 2494, 2706, 2713, 2525, 
2193, 1816, 1507, 1366, 1427, 1678, 2187, 2524, 2707, 2698, 
2508, 2162, 1785, 1492, 1364, 1445, 1718, 2079, 2436, 2672, 
2720, 2564, 2115, 1738, 1468, 1366, 1470, 1752, 2123, 2480, 
2695, 2726, 2550, 2220, 1843, 1526, 1365, 1417, 1777, 2148, 
2496, 2700, 2713, 2520, 2188, 1815, 1510, 1361, 1432, 1696, 
2062, 2423, 2672, 2736, 2497, 2151, 1776, 1485, 1356, 1445, 
1720, 2091, 2451, 2687, 2737, 2577, 2254, 1873, 1545, 1367, 
1463, 1740, 2113, 2476, 2696, 2723, 2550, 2221, 1840, 1522, 
1363, 1409, 1652, 2010, 2387, 2654, 2716, 2535, 2196, 1822, 
1512, 1366, 1427, 1683, 2046, 2412, 2663, 2732, 2592, 2291, 
1917, 1579, 1368, 1448, 1720, 2084, 2437, 2672, 2718, 2566, 
2252, 1878, 1551, 1382, 1413, 1641, 1993, 2360, 2701, 2716, 
2539, 2209, 1833, 1519, 1367, 1417, 1665, 2025, 2397, 2657, 
2739, 2611, 2315, 1937, 1500, 1359, 1435, 1695, 2061, 2424, 
2674, 2727, 2577, 2284, 1895, 1567, 1386, 1405, 1625, 1977, 
2463, 2695, 2727, 2553, 2239, 1855, 1529, 1359, 1402, 1636, 
1999, 2372, 2647, 2747, 2633, 2350, 1829, 1517, 1353, 1411, 
1664, 2027, 2396, 2660, 2739, 2612, 2317, 1936, 1592, 1392, 
1384, 1586, 2072, 2434, 2678, 2728, 2579, 2266, 1888, 1566, 
1382, 1401, 1622, 1969, 2343, 2621, 2727, 2625, 2227, 1850, 
1536, 1375, 1419, 1659, 2016, 2382, 2654, 2739, 2619, 2330, 
1950, 1606, 1384, 1388, 1681, 2044, 2414, 2664, 2737, 2601, 
2297, 1918, 1583, 1380, 1390, 1602, 1940, 2316, 2610, 2737, 
2571, 2255, 1879, 1551, 1376, 1406, 1636, 1991, 2373, 2645, 
2744, 2637, 2350, 1976, 1623, 1390, 1407, 1651, 2020, 2393, 
2657, 2743, 2616, 2324, 1941, 1600, 1389, 1377, 1575, 1912, 
2292, 2596, 2735, 2595, 2289, 1911, 1576, 1383, 1395, 1603, 
1944, 2323, 2617, 2731, 2644, 2380, 2011, 1659, 1387, 1415, 
1641, 1992, 2362, 2631, 2728, 2622, 2337, 1964, 1617, 1403, 
1375, 1560, 1892, 2272, 2668, 2744, 2613, 2315, 1935, 1592, 
1383, 1383, 1584, 1924, 2302, 2601, 2734, 2656, 2405, 2035, 
1563, 1382, 1399, 1619, 1970, 2344, 2625, 2736, 2633, 2357, 
1989, 1639, 1408, 1371, 1544, 1879, 2387, 2660, 2747, 2624, 
2334, 1954, 1608, 1390, 1374, 1567, 1900, 2283, 2590, 2742, 
2678, 2428, 1921, 1576, 1379, 1380, 1587, 1927, 2308, 2611, 
2743, 2666, 2403, 2027, 1676, 1425, 1369, 1519, 1969, 2343, 
2623, 2732, 2635, 2362, 1990, 1640, 1408, 1375, 1548, 1870, 
2250, 2568, 2723, 2681, 2323, 1947, 1604, 1392, 1384, 1579, 
1916, 2295, 2598, 2736, 2671, 2411, 2051, 1686, 1432, 1360, 
1599, 1943, 2318, 2612, 2734, 2651, 2387, 2015, 1659, 1418, 
1370, 1538, 1844, 2227, 2553, 2723, 2628, 2347, 1977, 1627, 
1407, 1381, 1561, 1893, 2269, 2584, 2736, 2683, 2435, 2080, 
1703, 1437, 1377, 1576, 1912, 2294, 2599, 2742, 2675, 2420, 
2052, 1683, 1427, 1358, 1504, 1803, 2184, 2527, 2734, 2651, 
2384, 2015, 1658, 1417, 1369, 1528, 1851, 2231, 2559, 2722, 
2694, 2471, 2117, 1745, 1402, 1376, 1556, 1880, 2261, 2579, 
2727, 2673, 2432, 2071, 1699, 1441, 1366, 1496, 1801, 2175, 
2609, 2742, 2663, 2406, 2031, 1675, 1422, 1362, 1516, 1829, 
2204, 2542, 2719, 2700, 2484, 2140, 1648, 1409, 1376, 1545, 
1867, 2240, 2561, 2723, 2682, 2452, 2094, 1727, 1459, 1363, 
1486, 1777, 2291, 2593, 2737, 2676, 2428, 2065, 1695, 1434, 
1358, 1497, 1794, 2178, 2518, 2713, 2707, 2511, 2025, 1664, 
1418, 1356, 1530, 1881, 2343, 2665, 2739, 2590, 2268, 1880, 
1540, 1368, 1426, 1676, 2176, 2512, 2707, 2705, 2500, 2163, 
1783, 1492, 1363, 1439, 1710, 2083, 2443, 2681, 2731, 2574, 
2122, 1750, 1465, 1359, 1465, 1747, 2119, 2474, 2694, 2729, 
2548, 2227, 1843, 1521, 1372, 1419, 1782, 2156, 2503, 2703, 
2712, 2524, 2183, 1811, 1497, 1367, 1440, 1695, 2059, 2424, 
2671, 2734, 2492, 2148, 1771, 1481, 1363, 1456, 1729, 2092, 
2457, 2689, 2731, 2568, 2246, 1868, 1543, 1368, 1472, 1759, 
2129, 2478, 2696, 2718, 2544, 2212, 1841, 1520, 1369, 1420, 
1667, 2027, 2393, 2656, 2707, 2515, 2179, 1802, 1499, 1363, 
1435, 1698, 2059, 2427, 2676, 2736, 2590, 2280, 1904, 1568, 
1362, 1456, 1728, 2099, 2451, 2679, 2716, 2560, 2238, 1859, 
1536, 1373, 1410, 1644, 2003, 2375, 2708, 2726, 2543, 2208, 
1827, 1516, 1372, 1420, 1675, 2031, 2403, 2659, 2734, 2599, 
2302, 1920, 1486, 1361, 1443, 1711, 2079, 2439, 2678, 2726, 
2579, 2264, 1890, 1561, 1379, 1406, 1628, 1980, 2470, 2695, 
2721, 2554, 2231, 1848, 1529, 1375, 1414, 1656, 2013, 2381, 
2647, 2735, 2612, 2321, 1811, 1504, 1363, 1429, 1689, 2051, 
2416, 2668, 2734, 2599, 2294, 1916, 1579, 1383, 1392, 1600, 
2086, 2441, 2676, 2726, 2570, 2260, 1880, 1553, 1377, 1407, 
1632, 1983, 2352, 2623, 2732, 2628, 2219, 1840, 1528, 1367, 
1420, 1664, 2023, 2393, 2654, 2738, 2611, 2319, 1939, 1596, 
1390, 1379, 1690, 2057, 2423, 2675, 2740, 2592, 2289, 1911, 
1570, 1381, 1395, 1609, 1958, 2328, 2615, 2734, 2563, 2246, 
1868, 1542, 1378, 1403, 1644, 2004, 2371, 2647, 2744, 2631, 
2343, 1969, 1619, 1398, 1419, 1673, 2033, 2403, 2656, 2742, 
2604, 2303, 1927, 1581, 1382, 1382, 1592, 1933, 2312, 2611, 
2735, 2581, 2272, 1888, 1550, 1376, 1388, 1620, 1968, 2345, 
2633, 2747, 2644, 2371, 1990, 1643, 1374, 1408, 1651, 2004, 
2377, 2643, 2737, 2616, 2332, 1952, 1606, 1392, 1377, 1570, 
2118, 2480, 2697, 2727, 
END
Manual trigger reset! Waiting for next signal...
reset bools done, waiting for next trigger...
Trigger at idx=8195 raw=2082
Capture ready: pre-trigger + post-trigger window complete.
TRIGGER TYPE IS: RISING
Sample threshold is: 2048

----DEBUG INFO----
Core: 0, Trigger: 8195, Size: 16384
1908, 2384, 2622, 2696, 2590, 2332, 1984, 1652, 1415, 1343, 
1457, 1727, 2070, 2404, 2635, 2700, 2582, 2185, 1833, 1529, 
1363, 1374, 1565, 1879, 2231, 2529, 2690, 2675, 2483, 2167, 
1816, 1520, 1360, 1443, 1697, 2039, 2382, 2623, 2708, 2608, 
2355, 2011, 1673, 1428, 1350, 1455, 1719, 2063, 2403, 2687, 
2689, 2515, 2211, 1859, 1548, 1374, 1376, 1560, 1868, 2224, 
2528, 2695, 2686, 2502, 2190, 1710, 1451, 1351, 1439, 1687, 
2028, 2376, 2623, 2716, 2625, 2376, 2033, 1694, 1440, 1352, 
1451, 1836, 2189, 2503, 2691, 2700, 2532, 2232, 1873, 1564, 
1379, 1375, 1551, 1856, 2214, 2522, 2701, 2648, 2412, 2072, 
1728, 1463, 1355, 1433, 1678, 2017, 2364, 2623, 2723, 2639, 
2396, 2052, 1712, 1393, 1367, 1526, 1824, 2179, 2496, 2690, 
2710, 2548, 2252, 1894, 1577, 1388, 1372, 1541, 1846, 2334, 
2604, 2724, 2661, 2430, 2095, 1743, 1474, 1359, 1427, 1667, 
2004, 2353, 2616, 2727, 2651, 2290, 1934, 1611, 1400, 1367, 
1518, 1811, 2167, 2488, 2688, 2716, 2563, 2270, 1913, 1593, 
1395, 1413, 1636, 1968, 2321, 2599, 2724, 2670, 2446, 2112, 
1760, 1486, 1358, 1422, 1656, 1991, 2342, 2676, 2723, 2588, 
2305, 1951, 1624, 1408, 1366, 1507, 1798, 2152, 2480, 2686, 
2723, 2576, 2287, 1798, 1508, 1364, 1408, 1624, 1954, 2305, 
2590, 2726, 2679, 2462, 2128, 1777, 1495, 1362, 1416, 1763, 
2115, 2449, 2673, 2727, 2599, 2323, 1969, 1638, 1415, 1364, 
1498, 1785, 2136, 2465, 2681, 2691, 2494, 2170, 1814, 1521, 
1369, 1406, 1612, 1939, 2297, 2583, 2726, 2685, 2476, 2148, 
1793, 1431, 1361, 1479, 1749, 2100, 2438, 2668, 2732, 2611, 
2339, 1988, 1653, 1423, 1362, 1489, 1770, 2260, 2553, 2718, 
2700, 2503, 2187, 1830, 1532, 1373, 1399, 1601, 1924, 2281, 
2575, 2724, 2694, 2375, 2025, 1686, 1440, 1361, 1471, 1737, 
2083, 2428, 2662, 2739, 2623, 2356, 2003, 1666, 1430, 1388, 
1574, 1887, 2246, 2550, 2716, 2705, 2519, 2203, 1847, 1542, 
1376, 1393, 1590, 1908, 2265, 2643, 2735, 2640, 2390, 2041, 
1699, 1449, 1360, 1463, 1723, 2069, 2417, 2656, 2739, 2632, 
2371, 1883, 1570, 1385, 1384, 1563, 1873, 2230, 2540, 2714, 
2712, 2531, 2220, 1863, 1555, 1381, 1389, 1689, 2032, 2380, 
2635, 2736, 2650, 2404, 2057, 1715, 1456, 1362, 1453, 1708, 
2052, 2400, 2647, 2720, 2557, 2255, 1898, 1583, 1392, 1378, 
1551, 1856, 2215, 2528, 2712, 2716, 2544, 2236, 1879, 1479, 
1363, 1435, 1678, 2016, 2370, 2630, 2737, 2659, 2419, 2076, 
1730, 1466, 1363, 1446, 1694, 2176, 2499, 2699, 2724, 2568, 
2272, 1916, 1596, 1397, 1376, 1541, 1841, 2197, 2518, 2705, 
2719, 2450, 2114, 1762, 1487, 1364, 1423, 1664, 2001, 2352, 
2620, 2737, 2668, 2432, 2093, 1743, 1475, 1370, 1515, 1807, 
2163, 2488, 2694, 2727, 2579, 2290, 1931, 1609, 1401, 1374, 
1528, 1827, 2183, 2599, 2732, 2680, 2462, 2131, 1777, 1496, 
1365, 1423, 1648, 1984, 2336, 2612, 2734, 2673, 2446, 1969, 
1637, 1416, 1367, 1504, 1792, 2147, 2472, 2688, 2731, 2590, 
2303, 1948, 1618, 1408, 1371, 1620, 1946, 2302, 2589, 2731, 
2687, 2476, 2147, 1793, 1507, 1368, 1416, 1635, 1968, 2322, 
2602, 2735, 2612, 2340, 1985, 1651, 1424, 1365, 1493, 1775, 
2128, 2461, 2681, 2732, 2598, 2318, 1966, 1534, 1373, 1401, 
1606, 1929, 2288, 2578, 2727, 2695, 2489, 2164, 1808, 1516, 
1369, 1408, 1623, 2092, 2432, 2665, 2737, 2622, 2354, 2003, 
1664, 1429, 1363, 1486, 1761, 2112, 2448, 2678, 2736, 2519, 
2200, 1843, 1543, 1376, 1396, 1595, 1915, 2272, 2568, 2724, 
2700, 2503, 2181, 1823, 1528, 1361, 1465, 1729, 2076, 2422, 
2660, 2739, 2631, 2371, 2019, 1679, 1438, 1362, 1475, 1747, 
2097, 2544, 2716, 2712, 2531, 2216, 1860, 1553, 1383, 1393, 
1607, 1968, 2348, 2643, 2738, 2626, 2355, 1860, 1551, 1378, 
1406, 1612, 1941, 2299, 2585, 2729, 2691, 2483, 2154, 1799, 
1511, 1370, 1414, 1752, 2103, 2440, 2672, 2736, 2617, 2345, 
1992, 1657, 1426, 1368, 1490, 1771, 2123, 2460, 2680, 2701, 
2509, 2191, 1834, 1535, 1375, 1400, 1603, 1923, 2280, 2576, 
2726, 2695, 2495, 2168, 1814, 1441, 1362, 1471, 1736, 2085, 
2425, 2663, 2737, 2625, 2361, 2009, 1673, 1432, 1364, 1483, 
1757, 2243, 2552, 2719, 2711, 2524, 2207, 1851, 1547, 1378, 
1396, 1590, 1908, 2265, 2564, 2723, 2703, 2393, 2046, 1702, 
1451, 1362, 1462, 1722, 2067, 2412, 2656, 2737, 2634, 2373, 
2025, 1684, 1440, 1383, 1563, 1871, 2230, 2539, 2715, 2714, 
2535, 2223, 1867, 1557, 1383, 1390, 1577, 1892, 2250, 2638, 
2739, 2655, 2407, 2063, 1717, 1457, 1363, 1451, 1708, 2053, 
2400, 2648, 2737, 2641, 2390, 1902, 1585, 1393, 1379, 1552, 
1855, 2215, 2528, 2712, 2718, 2544, 2236, 1881, 1568, 1387, 
1386, 1675, 2014, 2366, 2628, 2736, 2664, 2419, 2079, 1732, 
1468, 1362, 1446, 1695, 2036, 2383, 2641, 2727, 2571, 2276, 
1918, 1598, 1399, 1377, 1541, 1841, 2198, 2515, 2707, 2720, 
2557, 2254, 1897, 1487, 1366, 1427, 1663, 1999, 2353, 2620, 
2737, 2669, 2435, 2095, 1745, 1477, 1363, 1436, 1680, 2160, 
2487, 2694, 2729, 2580, 2291, 1935, 1610, 1404, 1375, 1528, 
1823, 2180, 2505, 2700, 2723, 2465, 2132, 1780, 1497, 1367, 
1422, 1650, 1982, 2336, 2612, 2735, 2675, 2448, 2111, 1760, 
1486, 1367, 1504, 1792, 2144, 2475, 2688, 2732, 2592, 2307, 
1950, 1623, 1407, 1370, 1520, 1807, 2167, 2588, 2731, 2691, 
2480, 2149, 1796, 1509, 1368, 1415, 1633, 1968, 2320, 2601, 
2734, 2681, 2462, 1989, 1654, 1424, 1364, 1494, 1775, 2126, 
2460, 2681, 2734, 2601, 2321, 1967, 1638, 1415, 1369, 1605, 
1927, 2286, 2576, 2728, 2695, 2494, 2167, 1811, 1519, 1370, 
1409, 1623, 1950, 2306, 2593, 2738, 2623, 2358, 2004, 1671, 
1432, 1364, 1485, 1760, 2111, 2449, 2676, 2736, 2611, 2336, 
1984, 1544, 1378, 1396, 1593, 1913, 2270, 2568, 2724, 2700, 
2504, 2183, 1824, 1529, 1374, 1402, 1609, 2072, 2417, 2657, 
2741, 2635, 2371, 2020, 1682, 1439, 1362, 1475, 1745, 2095, 
2435, 2668, 2736, 2531, 2219, 1862, 1555, 1382, 1391, 1582, 
1896, 2252, 2556, 2720, 2705, 2515, 2198, 1842, 1539, 1360, 
1455, 1710, 2056, 2403, 2649, 2736, 2639, 2385, 2035, 1694, 
1446, 1362, 1467, 1731, 2078, 2531, 2712, 2718, 2543, 2236, 
1877, 1565, 1385, 1386, 1568, 1880, 2238, 2547, 2718, 2712, 
2529, 2074, 1728, 1464, 1363, 1447, 1697, 2041, 2388, 2643, 
2739, 2651, 2400, 2055, 1707, 1454, 1363, 1542, 1843, 2200, 
2519, 2707, 2720, 2553, 2251, 1892, 1575, 1389, 1382, 1557, 
1865, 2224, 2533, 2737, 2668, 2432, 2092, 1743, 1474, 1363, 
1439, 1684, 2023, 2374, 2635, 2739, 2656, 2414, 2069, 1606, 
1402, 1375, 1532, 1828, 2187, 2508, 2700, 2724, 2562, 2264, 
1910, 1590, 1396, 1378, 1545, 1986, 2339, 2614, 2736, 2673, 
2445, 2107, 1756, 1484, 1364, 1432, 1670, 2008, 2359, 2624, 
2737, 2590, 2302, 1947, 1619, 1413, 1373, 1523, 1816, 2172, 
2492, 2698, 2727, 2576, 2283, 1925, 1603, 1367, 1416, 1637, 
1971, 2327, 2605, 2735, 2682, 2459, 2124, 1772, 1494, 1367, 
1424, 1657, 1991, 2464, 2684, 2734, 2603, 2318, 1964, 1633, 
1415, 1369, 1510, 1799, 2153, 2481, 2691, 2731, 2585, 2163, 
1807, 1516, 1369, 1410, 1625, 1954, 2308, 2595, 2731, 2686, 
2471, 2140, 1787, 1504, 1368, 1486, 1761, 2115, 2451, 2678, 
2732, 2609, 2332, 1980, 1644, 1422, 1367, 1500, 1783, 2137, 
2468, 2725, 2700, 2500, 2178, 1822, 1528, 1373, 1405, 1612, 
1937, 2295, 2583, 2729, 2692, 2484, 2156, 1678, 1436, 1363, 
1478, 1748, 2099, 2438, 2671, 2736, 2619, 2348, 1996, 1660, 
1427, 1490, 1490, 1578, 1389, 1383, 1555, 1863, 2221, 2531, 
2710, 2714, 2537, 2229, 1871, 1561, 1383, 1386, 1571, 2020, 
2371, 2631, 2736, 2655, 2412, 2068, 1723, 1463, 1361, 1447, 
1699, 2044, 2391, 2640, 2736, 2567, 2266, 1911, 1589, 1396, 
1378, 1545, 1848, 2205, 2520, 2708, 2718, 2550, 2246, 1888, 
1574, 1363, 1430, 1668, 2006, 2358, 2623, 2736, 2663, 2427, 
2087, 1739, 1472, 1361, 1436, 1685, 2025, 2491, 2696, 2726, 
2575, 2282, 1923, 1604, 1400, 1374, 1533, 1833, 2189, 2507, 
2703, 2723, 2560, 2124, 1772, 1492, 1365, 1424, 1655, 1990, 
2343, 2615, 2735, 2671, 2440, 2103, 1753, 1481, 1363, 1508, 
1797, 2151, 2480, 2690, 2729, 2586, 2299, 1942, 1616, 1407, 
1371, 1522, 1817, 2174, 2496, 2732, 2686, 2471, 2140, 1787, 
1503, 1366, 1418, 1643, 1973, 2328, 2606, 2735, 2678, 2454, 
2119, 1646, 1422, 1366, 1498, 1783, 2136, 2467, 2684, 2734, 
2596, 2313, 1959, 1629, 1413, 1369, 1512, 1935, 2293, 2582, 
2727, 2692, 2481, 2156, 1803, 1511, 1367, 1412, 1628, 1957, 
2313, 2597, 2732, 2618, 2350, 1996, 1660, 1427, 1364, 1489, 
1767, 2119, 2456, 2678, 2736, 2606, 2328, 1975, 1643, 1376, 
1399, 1601, 1921, 2278, 2575, 2727, 2698, 2498, 2175, 1818, 
1526, 1372, 1406, 1616, 1943, 2424, 2663, 2736, 2627, 2364, 
2012, 1674, 1434, 1363, 1479, 1752, 2102, 2439, 2669, 2735, 
2615, 2211, 1852, 1550, 1380, 1393, 1585, 1904, 2263, 2563, 
2723, 2704, 2510, 2188, 1834, 1535, 1376, 1462, 1720, 2065, 
2411, 2656, 2739, 2636, 2378, 2029, 1688, 1443, 1363, 1472, 
1737, 2085, 2428, 2713, 2715, 2538, 2227, 1868, 1560, 1383, 
1388, 1574, 1888, 2245, 2552, 2719, 2708, 2522, 2206, 1721, 
1460, 1363, 1451, 1705, 2049, 2392, 2646, 2738, 2645, 2396, 
2048, 1703, 1452, 1363, 1464, 1854, 2209, 2525, 2711, 2719, 
2548, 2243, 1886, 1572, 1388, 1384, 1564, 1872, 2232, 2540, 
2716, 2664, 2424, 2083, 1735, 1470, 1362, 1444, 1691, 2033, 
2382, 2639, 2737, 2652, 2406, 2061, 1718, 1400, 1376, 1536, 
1837, 2193, 2510, 2705, 2723, 2559, 2259, 1902, 1584, 1393, 
1381, 1552, 1857, 2348, 2622, 2739, 2671, 2439, 2100, 1750, 
1478, 1361, 1437, 1676, 2016, 2367, 2630, 2739, 2661, 2296, 
1939, 1614, 1406, 1372, 1525, 1822, 2178, 2499, 2700, 2727, 
2569, 2275, 1918, 1597, 1397, 1420, 1643, 1980, 2331, 2609, 
2735, 2680, 2451, 2116, 1764, 1488, 1364, 1427, 1663, 1999, 
2354, 2686, 2733, 2596, 2310, 1954, 1627, 1412, 1371, 1515, 
1807, 2163, 2488, 2696, 2728, 2582, 2291, 1798, 1511, 1370, 
1415, 1631, 1963, 2316, 2599, 2734, 2684, 2465, 2131, 1780, 
1497, 1367, 1422, 1771, 2124, 2459, 2680, 2734, 2604, 2326, 
1971, 1639, 1415, 1367, 1506, 1792, 2147, 2473, 2688, 2697, 
2496, 2169, 1814, 1520, 1372, 1407, 1619, 1945, 2303, 2589, 
2732, 2691, 2478, 2147, 1795, 1432, 1364, 1482, 1756, 2108, 
2444, 2673, 2737, 2614, 2339, 1987, 1654, 1424, 1364, 1492, 
1777, 2265, 2566, 2723, 2703, 2507, 2187, 1830, 1532, 1376, 
1401, 1607, 1929, 2287, 2579, 2728, 2696, 2375, 2025, 1686, 
1441, 1363, 1474, 1743, 2094, 2431, 2668, 2738, 2623, 2356, 
2003, 1667, 1429, 1390, 1576, 1891, 2248, 2555, 2719, 2709, 
2519, 2201, 1846, 1543, 1377, 1396, 1593, 1913, 2271, 2649, 
2739, 2643, 2390, 2043, 1697, 1448, 1362, 1467, 1728, 2074, 
2418, 2659, 2739, 2631, 2372, 1881, 1569, 1387, 1386, 1567, 
1876, 2235, 2544, 2717, 2712, 2532, 2220, 1861, 1555, 1382, 
1391, 1692, 2036, 2384, 2640, 2739, 2651, 2404, 2059, 1711, 
1456, 1363, 1456, 1712, 2057, 2404, 2652, 2722, 2556, 2255, 
1897, 1582, 1392, 1381, 1555, 1860, 2219, 2531, 2713, 2716, 
2542, 2236, 1875, 1477, 1363, 1438, 1681, 2022, 2371, 2632, 
2740, 2660, 2416, 2075, 1728, 1464, 1363, 1447, 1723, 2265, 
2596, 2735, 2672, 2432, 2080, 1732, 1462, 1362, 1462, 1724, 
2067, 2413, 2656, 2739, 2635, 2247, 1888, 1575, 1387, 1384, 
1562, 1871, 2228, 2540, 2716, 2715, 2536, 2224, 1866, 1558, 
1384, 1443, 1688, 2032, 2379, 2636, 2736, 2655, 2408, 2062, 
1718, 1459, 1363, 1454, 1708, 2052, 2399, 2705, 2724, 2561, 
2261, 1903, 1585, 1393, 1380, 1549, 1857, 2213, 2528, 2712, 
2716, 2546, 2240, 1751, 1479, 1362, 1435, 1675, 2014, 2365, 
2628, 2738, 2660, 2423, 2079, 1732, 1468, 1361, 1446, 1820, 
2176, 2497, 2700, 2726, 2571, 2276, 1920, 1599, 1399, 1377, 
1539, 1840, 2197, 2515, 2709, 2678, 2452, 2119, 1766, 1492, 
1365, 1428, 1663, 1997, 2352, 2620, 2738, 2668, 2435, 2096, 
1747, 1411, 1369, 1513, 1804, 2159, 2487, 2693, 2730, 2584, 
2292, 1934, 1611, 1403, 1374, 1528, 1823, 2316, 2599, 2735, 
2684, 2467, 2134, 1783, 1498, 1368, 1422, 1648, 1982, 2335, 
2615, 2734, 2675, 2328, 1972, 1641, 1419, 1368, 1502, 1790, 
2143, 2473, 2687, 2732, 2592, 2306, 1951, 1624, 1409, 1406, 
1615, 1944, 2300, 2588, 2731, 2689, 2480, 2151, 1797, 1509, 
1368, 1415, 1634, 1966, 2320, 2672, 2736, 2615, 2343, 1990, 
1654, 1426, 1365, 1494, 1775, 2126, 2462, 2680, 2735, 2601, 
2321, 1832, 1533, 1375, 1401, 1609, 1927, 2284, 2579, 2728, 
2696, 2492, 2167, 1811, 1518, 1370, 1410, 1740, 2088, 2430, 
2668, 2738, 2624, 2360, 2005, 1667, 1431, 1365, 1484, 1758, 
2110, 2448, 2676, 2710, 2520, 2203, 1848, 1544, 1377, 1396, 
1593, 1912, 2270, 2568, 2725, 2702, 2503, 2183, 1827, 1449, 
1361, 1462, 1727, 2072, 2416, 2657, 2739, 2632, 2374, 2022, 
1682, 1438, 1361, 1475, 1745, 2232, 2542, 2716, 2713, 2533, 
2220, 1863, 1554, 1383, 1391, 1580, 1895, 2252, 2556, 2720, 
2707, 2405, 2059, 1714, 1456, 1361, 1455, 1711, 2054, 2400, 
2651, 2737, 2640, 2387, 2039, 1695, 1447, 1380, 1553, 1860, 
2217, 2529, 2712, 2716, 2544, 2235, 1879, 1567, 1388, 1387, 
1567, 1880, 2236, 2631, 2739, 2660, 2419, 2076, 1730, 1467, 
1363, 1446, 1699, 2040, 2387, 2643, 2739, 2649, 2401, 1916, 
1596, 1398, 1377, 1543, 1844, 2199, 2517, 2707, 2721, 2555, 
2252, 1895, 1579, 1391, 1382, 1665, 2003, 2355, 2623, 2736, 
2669, 2435, 2094, 1744, 1476, 1363, 1439, 1683, 2023, 2373, 
2634, 2729, 2580, 2288, 1931, 1607, 1401, 1373, 1531, 1829, 
2184, 2505, 2703, 2726, 2566, 2268, 1910, 1495, 1365, 1423, 
1651, 1985, 2340, 2614, 2734, 2672, 2445, 2111, 1757, 1484, 
1363, 1432, 1670, 2147, 2476, 2687, 2732, 2588, 2304, 1946, 
1620, 1411, 1372, 1521, 1813, 2170, 2492, 2697, 2727, 2476, 
2146, 1792, 1507, 1368, 1416, 1639, 1969, 2323, 2604, 2733, 
2680, 2461, 2124, 1772, 1490, 1366, 1496, 1779, 2130, 2464, 
2683, 2735, 2599, 2318, 1960, 1632, 1416, 1369, 1507, 1798, 
2151, 2580, 2729, 2695, 2490, 2163, 1808, 1516, 1370, 1409, 
1624, 1954, 2311, 2595, 2732, 2686, 2476, 2002, 1663, 1430, 
1364, 1487, 1762, 2113, 2452, 2676, 2735, 2611, 2335, 1979, 
1648, 1422, 1368, 1596, 1916, 2271, 2570, 2726, 2700, 2502, 
2179, 1823, 1527, 1372, 1405, 1609, 1935, 2295, 2584, 2739, 
2628, 2368, 2017, 1679, 1439, 1363, 1479, 1749, 2099, 2438, 
2671, 2739, 2620, 2350, 1996, 1553, 1382, 1392, 1583, 1900, 
2257, 2559, 2723, 2705, 2515, 2195, 1838, 1537, 1375, 1398, 
1599, 2058, 2404, 2652, 2738, 2639, 2383, 2035, 1692, 1443, 
1363, 1470, 1734, 2083, 2422, 2660, 2737, 2540, 2232, 1875, 
1564, 1384, 1388, 1575, 1884, 2243, 2548, 2719, 2711, 2527, 
2211, 1856, 1550, 1361, 1449, 1700, 2044, 2390, 2643, 2737, 
2647, 2397, 2049, 1705, 1452, 1361, 1459, 1719, 2065, 2521, 
2712, 2719, 2552, 2247, 1890, 1575, 1389, 1383, 1559, 1868, 
2225, 2535, 2713, 2715, 2535, 2086, 1740, 1473, 1363, 1441, 
1752, 1480, 1360, 1432, 1671, 2010, 2359, 2623, 2736, 2659, 
2422, 1941, 1615, 1406, 1370, 1520, 1814, 2171, 2493, 2695, 
2727, 2571, 2276, 1920, 1599, 1398, 1375, 1640, 1971, 2325, 
2605, 2732, 2678, 2454, 2119, 1770, 1491, 1364, 1427, 1658, 
1993, 2347, 2617, 2730, 2596, 2311, 1958, 1628, 1412, 1368, 
1511, 1800, 2153, 2481, 2691, 2728, 2583, 2294, 1937, 1514, 
1368, 1411, 1627, 1955, 2311, 2595, 2729, 2684, 2467, 2135, 
1782, 1500, 1366, 1420, 1644, 2118, 2452, 2677, 2734, 2604, 
2330, 1975, 1644, 1418, 1367, 1499, 1784, 2139, 2471, 2684, 
2731, 2499, 2175, 1818, 1525, 1372, 1406, 1615, 1939, 2296, 
2585, 2728, 2691, 2481, 2154, 1799, 1511, 1363, 1481, 1751, 
2103, 2440, 2672, 2736, 2616, 2344, 1991, 1656, 1428, 1366, 
1491, 1775, 2122, 2561, 2721, 2703, 2510, 2189, 1834, 1536, 
1375, 1400, 1603, 1924, 2281, 2576, 2728, 2696, 2492, 2028, 
1688, 1443, 1363, 1471, 1737, 2085, 2427, 2663, 2736, 2625, 
2360, 2007, 1671, 1430, 1363, 1571, 1888, 2246, 2550, 2719, 
2708, 2523, 2206, 1848, 1547, 1379, 1395, 1590, 1907, 2265, 
2564, 2738, 2643, 2392, 2046, 1701, 1449, 1362, 1462, 1724, 
2068, 2412, 2657, 2737, 2633, 2372, 2023, 1571, 1388, 1385, 
1562, 1871, 2231, 2539, 2715, 2713, 2535, 2223, 1865, 1557, 
1382, 1389, 1576, 2031, 2380, 2636, 2739, 2654, 2407, 2063, 
1719, 1459, 1361, 1452, 1708, 2052, 2399, 2649, 2736, 2559, 
2260, 1902, 1585, 1392, 1379, 1551, 1856, 2214, 2528, 2712, 
2718, 2545, 2240, 1880, 1568, 1362, 1437, 1680, 2016, 2366, 
2630, 2737, 2663, 2421, 2079, 1732, 1468, 1362, 1445, 1695, 
2038, 2500, 2700, 2726, 2571, 2275, 1918, 1597, 1398, 1377, 
1540, 1840, 2198, 2515, 2705, 2720, 2556, 2116, 1766, 1489, 
1366, 1428, 1662, 1998, 2351, 2620, 2737, 2668, 2435, 2095, 
1746, 1478, 1363, 1515, 1808, 2163, 2489, 2691, 2729, 2583, 
2291, 1934, 1609, 1403, 1375, 1528, 1825, 2182, 2503, 2733, 
2683, 2466, 2135, 1780, 1497, 1367, 1421, 1648, 1982, 2336, 
2614, 2736, 2675, 2448, 2112, 1640, 1418, 1370, 1505, 1791, 
2140, 2473, 2687, 2732, 2591, 2307, 1950, 1622, 1410, 1370, 
1517, 1945, 2303, 2588, 2733, 2691, 2479, 2149, 1795, 1507, 
1368, 1415, 1635, 1966, 2320, 2600, 2735, 2614, 2341, 1988, 
1653, 1426, 1366, 1491, 1775, 2128, 2460, 2683, 2734, 2602, 
2322, 1971, 1635, 1374, 1401, 1605, 1929, 2289, 2580, 2728, 
2694, 2491, 2166, 1811, 1519, 1371, 1409, 1623, 1950, 2431, 
2667, 2737, 2623, 2356, 2004, 1669, 1431, 1364, 1483, 1760, 
2111, 2447, 2675, 2736, 2611, 2203, 1847, 1543, 1379, 1396, 
1593, 1915, 2271, 2569, 2724, 2703, 2507, 2182, 1826, 1528, 
1374, 1464, 1728, 2072, 2416, 2659, 2738, 2634, 2372, 2019, 
1682, 1437, 1363, 1476, 1745, 2095, 2435, 2715, 2712, 2531, 
2219, 1863, 1553, 1381, 1393, 1582, 1896, 2255, 2556, 2720, 
2707, 2515, 2198, 1714, 1456, 1363, 1456, 1712, 2056, 2403, 
2651, 2740, 2641, 2382, 2037, 1693, 1445, 1362, 1468, 1861, 
2219, 2531, 2712, 2716, 2543, 2236, 1876, 1566, 1385, 1387, 
1568, 1882, 2238, 2547, 2718, 2660, 2418, 2074, 1729, 1465, 
1363, 1447, 1697, 2041, 2391, 2643, 2739, 2648, 2400, 2052, 
1709, 1397, 1378, 1543, 1844, 2201, 2519, 2707, 2719, 2555, 
2247, 1890, 1579, 1393, 1383, 1556, 1865, 2355, 2622, 2737, 
2668, 2433, 2091, 1743, 1475, 1363, 1439, 1683, 2023, 2372, 
2636, 2739, 2657, 2288, 1930, 1607, 1402, 1376, 1532, 1828, 
2185, 2508, 2704, 2725, 2564, 2265, 1907, 1591, 1395, 1423, 
1652, 1987, 2339, 2615, 2736, 2675, 2447, 2107, 1756, 1483, 
1364, 1434, 1671, 2008, 2360, 2688, 2732, 2589, 2303, 1946, 
1620, 1408, 1371, 1520, 1814, 2170, 2494, 2699, 2728, 2577, 
2283, 1791, 1507, 1368, 1428, 1683, 2051, 2447, 2696, 2723, 
2558, 2251, 1888, 1568, 1385, 1398, 1596, 2054, 2401, 2649, 
2737, 2640, 2385, 2037, 1694, 1446, 1363, 1467, 1731, 2080, 
2422, 2660, 2735, 2542, 2236, 1879, 1566, 1386, 1387, 1567, 
1879, 2238, 2545, 2716, 2712, 2528, 2219, 1860, 1552, 1363, 
1446, 1696, 2040, 2387, 2641, 2738, 2649, 2398, 2054, 1709, 
1455, 1363, 1457, 1715, 2060, 2516, 2707, 2720, 2555, 2251, 
1894, 1578, 1391, 1382, 1557, 1864, 2222, 2534, 2713, 2712, 
2540, 2092, 1744, 1474, 1363, 1440, 1683, 2024, 2372, 2633, 
2739, 2657, 2415, 2070, 1725, 1463, 1361, 1528, 1827, 2187, 
2506, 2703, 2724, 2565, 2267, 1911, 1592, 1395, 1379, 1545, 
1849, 2206, 2524, 2735, 2674, 2445, 2110, 1759, 1484, 1364, 
1432, 1671, 2008, 2359, 2623, 2740, 2665, 2431, 2087, 1622, 
1412, 1372, 1521, 1814, 2170, 2494, 2697, 2727, 2577, 2284, 
1925, 1604, 1401, 1375, 1534, 1969, 2326, 2605, 2732, 2680, 
2458, 2124, 1772, 1493, 1364, 1423, 1655, 1990, 2343, 2617, 
2736, 2599, 2316, 1961, 1632, 1414, 1369, 1510, 1799, 2154, 
2482, 2691, 2731, 2588, 2299, 1943, 1616, 1370, 1410, 1624, 
1951, 2308, 2595, 2731, 2687, 2473, 2140, 1788, 1503, 1368, 
1419, 1643, 1975, 2451, 2677, 2737, 2611, 2334, 1980, 1646, 
1421, 1368, 1499, 1783, 2135, 2468, 2684, 2732, 2597, 2180, 
1823, 1527, 1375, 1405, 1612, 1936, 2294, 2584, 2729, 2694, 
2486, 2158, 1804, 1513, 1370, 1479, 1747, 2099, 2438, 2672, 
2739, 2619, 2350, 1996, 1660, 1426, 1367, 1489, 1768, 2119, 
2456, 2721, 2705, 2513, 2195, 1836, 1536, 1376, 1396, 1599, 
1920, 2279, 2568, 2726, 2700, 2499, 2174, 1692, 1444, 1363, 
1469, 1734, 2076, 2423, 2664, 2737, 2627, 2366, 2012, 1673, 
1433, 1363, 1480, 1884, 2241, 2548, 2719, 2712, 2527, 2208, 
1852, 1550, 1380, 1394, 1587, 1905, 2263, 2564, 2723, 2648, 
2397, 2050, 1707, 1452, 1363, 1460, 1721, 2066, 2408, 2656, 
2739, 2636, 2378, 2029, 1688, 1389, 1383, 1560, 1868, 2226, 
2536, 2716, 2716, 2537, 2228, 1869, 1559, 1383, 1388, 1575, 
1889, 2377, 2635, 2737, 2656, 2412, 2067, 1723, 1460, 1363, 
1450, 1704, 2050, 2395, 2648, 2739, 2645, 2265, 1905, 1589, 
1394, 1379, 1548, 1854, 2211, 2528, 2708, 2719, 2548, 2244, 
1884, 1572, 1388, 1433, 1673, 2011, 2362, 2626, 2739, 2663, 
2425, 2083, 1739, 1471, 1364, 1443, 1689, 2032, 2382, 2697, 
2727, 2575, 2280, 1923, 1601, 1400, 1376, 1537, 1836, 2194, 
2512, 2704, 2721, 2561, 2259, 1768, 1491, 1364, 1425, 1659, 
1995, 2348, 2620, 2737, 2670, 2439, 2099, 1749, 1480, 1363, 
1436, 1802, 2156, 2484, 2692, 2729, 2585, 2295, 1939, 1614, 
1404, 1373, 1528, 1826, 2179, 2503, 2703, 2685, 2470, 2137, 
1782, 1500, 1367, 1420, 1647, 1980, 2333, 2611, 2735, 2677, 
2451, 2116, 1763, 1419, 1368, 1501, 1788, 2140, 2471, 2687, 
2732, 2595, 2311, 1953, 1625, 1411, 1368, 1514, 1804, 2296, 
2585, 2731, 2690, 2483, 2154, 1799, 1511, 1369, 1415, 1631, 
1963, 2318, 2603, 2736, 2683, 2347, 1992, 1656, 1425, 1365, 
1491, 1772, 2123, 2459, 2681, 2736, 2604, 2326, 1969, 1640, 
1419, 1401, 1603, 1923, 2281, 2575, 2728, 2697, 2495, 2171, 
1814, 1522, 1371, 1407, 1621, 1944, 2302, 2664, 2738, 2623, 
2360, 2008, 1671, 1432, 1364, 1482, 1757, 2108, 2444, 2675, 
2736, 2613, 2340, 1848, 1547, 1379, 1395, 1590, 1910, 2267, 
2566, 2724, 2703, 2507, 2185, 1831, 1532, 1373, 1402, 1724, 
2068, 2415, 2657, 2739, 2635, 2375, 2023, 1685, 1439, 1363, 
1475, 1742, 2092, 2432, 2667, 2715, 2534, 2223, 1865, 1557, 
1383, 1390, 1578, 1893, 2251, 2554, 2720, 2708, 2520, 2201, 
1845, 1460, 1364, 1455, 1709, 2053, 2400, 2650, 2740, 2643, 
2391, 2041, 1698, 1449, 1363, 1465, 1728, 2215, 2531, 2715, 
2719, 2547, 2240, 1881, 1569, 1387, 1386, 1776, 1495, 1364, 
1419, 1648, 1980, 2454, 2678, 2732, 2603, 2323, 1969, 1639, 
1415, 1366, 1503, 1790, 2144, 2475, 2686, 2731, 2590, 2169, 
1815, 1520, 1371, 1408, 1618, 1944, 2300, 2588, 2729, 2687, 
2476, 2145, 1792, 1504, 1369, 1481, 1755, 2105, 2442, 2672, 
2734, 2612, 2337, 1986, 1651, 1423, 1363, 1490, 1773, 2126, 
2460, 2721, 2703, 2505, 2185, 1829, 1531, 1373, 1401, 1599, 
1928, 2286, 2578, 2727, 2696, 2492, 2166, 1685, 1439, 1361, 
1473, 1741, 2089, 2429, 2665, 2735, 2622, 2355, 2003, 1667, 
1428, 1364, 1485, 1891, 2251, 2552, 2719, 2707, 2518, 2201, 
1844, 1543, 1377, 1396, 1593, 1912, 2270, 2566, 2723, 2642, 
2388, 2040, 1698, 1448, 1363, 1465, 1728, 2073, 2416, 2660, 
2737, 2630, 2371, 2019, 1682, 1386, 1385, 1567, 1874, 2234, 
2542, 2716, 2713, 2531, 2219, 1860, 1554, 1382, 1391, 1581, 
1896, 2383, 2639, 2739, 2651, 2403, 2058, 1713, 1457, 1363, 
1456, 1714, 2056, 2403, 2651, 2737, 2640, 2254, 1894, 1580, 
1391, 1382, 1553, 1860, 2217, 2533, 2712, 2716, 2544, 2233, 
1877, 1566, 1384, 1436, 1681, 2020, 2372, 2632, 2739, 2660, 
2416, 2074, 1728, 1464, 1363, 1448, 1699, 2041, 2390, 2702, 
2723, 2566, 2271, 1913, 1592, 1397, 1377, 1543, 1846, 2202, 
2519, 2707, 2721, 2555, 2252, 1761, 1486, 1365, 1432, 1667, 
2003, 2355, 2624, 2737, 2668, 2432, 2091, 1743, 1474, 1362, 
1440, 1811, 2165, 2488, 2693, 2729, 2583, 2288, 1929, 1607, 
1404, 1375, 1532, 1830, 2187, 2507, 2703, 2682, 2464, 2127, 
1778, 1495, 1367, 1422, 1654, 1987, 2341, 2615, 2736, 2673, 
2444, 2107, 1756, 1417, 1367, 1507, 1795, 2150, 2480, 2691, 
2732, 2588, 2302, 1946, 1619, 1408, 1374, 1520, 1814, 2305, 
2591, 2736, 2688, 2475, 2144, 1794, 1502, 1368, 1418, 1639, 
1971, 2327, 2605, 2735, 2680, 2338, 1983, 1650, 1423, 1366, 
1496, 1780, 2133, 2465, 2684, 2734, 2600, 2319, 1960, 1631, 
1415, 1403, 1609, 1932, 2289, 2581, 2728, 2694, 2488, 2160, 
1806, 1516, 1372, 1410, 1625, 1954, 2308, 2669, 2737, 2620, 
2352, 1999, 1663, 1430, 1363, 1487, 1761, 2115, 2452, 2678, 
2735, 2608, 2334, 1841, 1540, 1376, 1397, 1596, 1916, 2274, 
2574, 2726, 2700, 2499, 2176, 1821, 1525, 1372, 1404, 1729, 
2077, 2419, 2662, 2740, 2628, 2367, 2016, 1676, 1435, 1362, 
1479, 1748, 2099, 2439, 2671, 2713, 2528, 2215, 1857, 1551, 
1381, 1392, 1584, 1902, 2260, 2559, 2726, 2706, 2511, 2193, 
1838, 1454, 1363, 1457, 1716, 2062, 2407, 2653, 2737, 2638, 
2382, 2032, 1691, 1443, 1363, 1470, 1735, 2222, 2532, 2713, 
2716, 2540, 2230, 1872, 1563, 1384, 1388, 1571, 1884, 2243, 
2551, 2718, 2711, 2414, 2070, 1725, 1462, 1362, 1451, 1703, 
2044, 2393, 2644, 2739, 2651, 2396, 2049, 1706, 1452, 1379, 
1545, 1849, 2207, 2521, 2710, 2719, 2551, 2246, 1888, 1576, 
1384, 1382, 1560, 1871, 2227, 2625, 2739, 2664, 2428, 2087, 
1739, 1472, 1363, 1441, 1688, 2029, 2376, 2635, 2739, 2656, 
2411, 1926, 1605, 1400, 1374, 1535, 1833, 2190, 2510, 2704, 
2723, 2563, 2263, 1904, 1587, 1395, 1379, 1657, 1991, 2345, 
2617, 2737, 2672, 2436, 2103, 1752, 1481, 1363, 1435, 1674, 
2008, 2361, 2627, 2730, 2588, 2298, 1942, 1615, 1406, 1373, 
1523, 1819, 2175, 2497, 2699, 2727, 2574, 2280, 1923, 1506, 
1369, 1417, 1643, 1976, 2329, 2608, 2736, 2679, 2456, 2120, 
1768, 1490, 1366, 1427, 1659, 2136, 2468, 2684, 2732, 2597, 
2313, 1958, 1628, 1412, 1371, 1514, 1803, 2159, 2486, 2690, 
2734, 2487, 2157, 1803, 1513, 1370, 1412, 1629, 1959, 2314, 
2598, 2734, 2685, 2467, 2135, 1783, 1500, 1366, 1491, 1772, 
2119, 2455, 2678, 2732, 2608, 2329, 1975, 1644, 1419, 1367, 
1503, 1788, 2143, 2575, 2727, 2699, 2497, 2174, 1817, 1523, 
1372, 1412, 1646, 2006, 2396, 2676, 2733, 2598, 2305, 1809, 
1514, 1365, 1423, 1651, 1984, 2339, 2612, 2735, 2673, 2447, 
2108, 1758, 1483, 1363, 1432, 1794, 2148, 2477, 2688, 2732, 
2592, 2304, 1948, 1619, 1409, 1371, 1519, 1812, 2168, 2493, 
2697, 2689, 2476, 2144, 1792, 1504, 1367, 1417, 1638, 1968, 
2323, 2604, 2734, 2680, 2460, 2126, 1773, 1423, 1366, 1498, 
1780, 2130, 2467, 2683, 2734, 2600, 2318, 1962, 1633, 1415, 
1369, 1508, 1798, 2288, 2580, 2728, 2694, 2487, 2163, 1808, 
1519, 1372, 1411, 1624, 1951, 2308, 2593, 2732, 2686, 2355, 
2001, 1664, 1430, 1367, 1487, 1765, 2115, 2449, 2677, 2736, 
2608, 2335, 1982, 1646, 1421, 1397, 1596, 1916, 2273, 2569, 
2724, 2702, 2502, 2180, 1823, 1528, 1373, 1404, 1611, 1936, 
2294, 2660, 2737, 2631, 2368, 2017, 1678, 1439, 1363, 1476, 
1747, 2098, 2436, 2671, 2737, 2620, 2350, 1859, 1552, 1383, 
1391, 1583, 1899, 2258, 2559, 2725, 2707, 2513, 2195, 1839, 
1538, 1376, 1398, 1713, 2059, 2405, 2653, 2738, 2639, 2383, 
2033, 1691, 1443, 1361, 1470, 1733, 2080, 2423, 2663, 2716, 
2543, 2232, 1875, 1565, 1385, 1388, 1572, 1884, 2241, 2547, 
2719, 2710, 2526, 2211, 1855, 1465, 1363, 1447, 1699, 2044, 
2391, 2643, 2739, 2647, 2396, 2050, 1707, 1453, 1363, 1459, 
1719, 2204, 2521, 2709, 2720, 2552, 2247, 1891, 1576, 1393, 
1385, 1559, 1867, 2225, 2535, 2714, 2715, 2428, 2091, 1740, 
1472, 1363, 1440, 1686, 2027, 2376, 2632, 2737, 2656, 2412, 
2066, 1722, 1461, 1375, 1534, 1831, 2187, 2508, 2703, 2723, 
2564, 2264, 1906, 1588, 1395, 1379, 1547, 1854, 2207, 2616, 
2736, 2673, 2443, 2105, 1753, 1482, 1364, 1433, 1672, 2008, 
2361, 2627, 2741, 2665, 2424, 1944, 1618, 1407, 1372, 1522, 
1816, 2172, 2496, 2699, 2728, 2576, 2277, 1924, 1602, 1400, 
1376, 1640, 1973, 2328, 2607, 2734, 2680, 2456, 2121, 1769, 
1491, 1364, 1425, 1660, 1996, 2348, 2618, 2734, 2600, 2320, 
1966, 1635, 1416, 1369, 1507, 1795, 2151, 2480, 2690, 2732, 
2587, 2300, 1943, 1521, 1372, 1408, 1619, 1945, 2303, 2588, 
2730, 2689, 2478, 2148, 1795, 1508, 1368, 1415, 1635, 2106, 
2444, 2675, 2735, 2611, 2340, 1988, 1652, 1423, 1366, 1495, 
1776, 2128, 2463, 2680, 2734, 2506, 2187, 1831, 1531, 1374, 
1402, 1607, 1929, 2288, 2579, 2728, 2695, 2492, 2165, 1808, 
1518, 1364, 1473, 1743, 2091, 2432, 2667, 2737, 2623, 2356, 
2004, 1665, 1430, 1364, 1486, 1761, 2110, 2552, 2719, 2707, 
2520, 2201, 1844, 1542, 1377, 1396, 1594, 1913, 2270, 2567, 
2726, 2701, 2503, 2042, 1700, 1451, 1363, 1467, 1727, 2074, 
2419, 2660, 2736, 2632, 2371, 2019, 1680, 1439, 1361, 1563, 
1875, 2235, 2543, 2715, 2712, 2531, 2219, 1860, 1554, 1381, 
1392, 1580, 1898, 2255, 2558, 2738, 2653, 2405, 2058, 1712, 
1457, 1363, 1456, 1712, 2059, 2403, 2651, 2737, 2640, 2384, 
2036, 1583, 1391, 1379, 1552, 1860, 2219, 2533, 2712, 2718, 
2544, 2235, 1876, 1566, 1384, 1386, 1569, 2019, 2370, 2636, 
2739, 2659, 2416, 2075, 1729, 1465, 1362, 1448, 1697, 2041, 
2390, 2643, 2739, 2568, 2272, 1913, 1593, 1395, 1377, 1540, 
1846, 2204, 2520, 2710, 2719, 2553, 2249, 1891, 1577, 1363, 
1431, 1667, 2003, 2358, 2624, 2740, 2668, 2431, 2090, 1743, 
1473, 1363, 1439, 1684, 2026, 2492, 2696, 2732, 2577, 2286, 
1929, 1608, 1402, 1375, 1532, 1831, 2187, 2507, 2703, 2724, 
2565, 2128, 1776, 1495, 1366, 1423, 1651, 1988, 2342, 2615, 
2735, 2673, 2445, 2107, 1756, 1482, 1363, 1508, 1795, 2147, 
2478, 2688, 2732, 2591, 2304, 1946, 1620, 1407, 1371, 1522, 
1816, 2172, 2495, 2732, 2687, 2475, 2144, 1792, 1505, 1367, 
1416, 1639, 1971, 2325, 2607, 2736, 2680, 2458, 2124, 1650, 
1422, 1367, 1497, 1780, 2132, 2465, 2686, 2736, 2599, 2316, 
1960, 1631, 1415, 1368, 1376, 1447, 1700, 2044, 2391, 2642, 
2734, 2643, 2393, 2045, 1703, 1449, 1362, 1459, 1720, 2067, 
2412, 2707, 2718, 2547, 2243, 1886, 1573, 1387, 1383, 1560, 
1867, 2227, 2535, 2713, 2712, 2534, 2220, 1735, 1468, 1361, 
1442, 1688, 2028, 2377, 2633, 2736, 2653, 2408, 2063, 1718, 
1459, 1362, 1452, 1833, 2189, 2507, 2703, 2721, 2561, 2259, 
1903, 1585, 1393, 1380, 1548, 1855, 2211, 2527, 2710, 2673, 
2439, 2101, 1751, 1480, 1362, 1432, 1674, 2012, 2363, 2627, 
2737, 2660, 2422, 2079, 1733, 1404, 1371, 1521, 1817, 2175, 
2496, 2697, 2724, 2572, 2275, 1920, 1599, 1399, 1376, 1538, 
1839, 2328, 2606, 2735, 2678, 2456, 2118, 1766, 1488, 1364, 
1427, 1660, 1996, 2350, 2619, 2736, 2670, 2312, 1955, 1625, 
1407, 1369, 1511, 1802, 2158, 2484, 2692, 2728, 2583, 2291, 
1935, 1611, 1404, 1412, 1628, 1959, 2311, 2598, 2732, 2684, 
2468, 2134, 1782, 1499, 1366, 1422, 1647, 1980, 2335, 2679, 
2735, 2604, 2328, 1974, 1641, 1416, 1367, 1502, 1788, 2143, 
2473, 2687, 2731, 2593, 2308, 1816, 1523, 1371, 1406, 1612, 
1940, 2300, 2588, 2728, 2689, 2480, 2153, 1795, 1507, 1369, 
1416, 1753, 2103, 2441, 2672, 2736, 2615, 2343, 1990, 1656, 
1425, 1367, 1492, 1775, 2125, 2460, 2681, 2703, 2508, 2188, 
1831, 1534, 1374, 1400, 1605, 1925, 2284, 2577, 2728, 2697, 
2494, 2168, 1812, 1443, 1361, 1473, 1740, 2088, 2428, 2663, 
2739, 2623, 2359, 2006, 1667, 1431, 1364, 1484, 1758, 2246, 
2552, 2719, 2708, 2520, 2205, 1847, 1544, 1376, 1395, 1591, 
1912, 2272, 2567, 2724, 2702, 2391, 2044, 1699, 1448, 1363, 
1462, 1724, 2072, 2414, 2657, 2735, 2631, 2372, 2021, 1683, 
1439, 1385, 1563, 1873, 2232, 2540, 2716, 2713, 2534, 2222, 
1864, 1555, 1382, 1390, 1580, 1895, 2252, 2639, 2737, 2652, 
2405, 2060, 1715, 1457, 1362, 1456, 1710, 2054, 2403, 2649, 
2739, 2642, 2387, 1900, 1584, 1392, 1380, 1551, 1859, 2215, 
2529, 2712, 2718, 2545, 2239, 1879, 1568, 1385, 1385, 1679, 
2017, 2368, 2630, 2739, 2660, 2420, 2076, 1729, 1466, 1362, 
1447, 1696, 2040, 2387, 2643, 2725, 2568, 2273, 1917, 1596, 
1397, 1378, 1542, 1843, 2200, 2518, 2708, 2723, 2555, 2252, 
1894, 1487, 1366, 1430, 1664, 2000, 2354, 2623, 2737, 2668, 
2432, 2093, 1745, 1475, 1364, 1440, 1682, 2163, 2489, 2695, 
2731, 2581, 2289, 1932, 1609, 1403, 1375, 1530, 1827, 2183, 
2504, 2702, 2726, 2464, 2131, 1777, 1496, 1366, 1423, 1651, 
1984, 2339, 2614, 2736, 2672, 2444, 2109, 1759, 1484, 1367, 
1504, 1793, 2147, 2476, 2688, 2731, 2591, 2307, 1950, 1621, 
1408, 1372, 1519, 1812, 2168, 2591, 2731, 2688, 2476, 2147, 
1794, 1507, 1368, 1416, 1638, 1969, 2324, 2604, 2735, 2680, 
2459, 1987, 1651, 1423, 1366, 1495, 1777, 2129, 2461, 2681, 
2734, 2601, 2319, 1964, 1633, 1413, 1369, 1608, 1931, 2287, 
2579, 2727, 2695, 2491, 2163, 1808, 1517, 1370, 1410, 1624, 
1953, 2308, 2593, 2739, 2623, 2354, 2003, 1665, 1430, 1364, 
1487, 1762, 2114, 2449, 2677, 2736, 2609, 2335, 1984, 1542, 
1376, 1398, 1595, 1915, 2272, 2569, 2725, 2702, 2501, 2180, 
1823, 1527, 1373, 1404, 1611, 2076, 2419, 2660, 2739, 2630, 
2369, 2018, 1679, 1437, 1363, 1477, 1748, 2097, 2437, 2670, 
2737, 2531, 2217, 1859, 1553, 1382, 1392, 1583, 1899, 2256, 
2557, 2722, 2706, 2515, 2196, 1843, 1539, 1363, 1457, 1715, 
2059, 2405, 2652, 2739, 2641, 2383, 2035, 1692, 1444, 1363, 
1470, 1733, 2080, 2532, 2712, 2716, 2540, 2233, 1875, 1564, 
1384, 1387, 1571, 1884, 2241, 2547, 2716, 2712, 2526, 2072, 
1727, 1464, 1363, 1449, 1700, 2043, 2392, 2643, 2738, 2648, 
2398, 2051, 1707, 1453, 1363, 1544, 1848, 2206, 2520, 2710, 
2719, 2552, 2247, 1889, 1576, 1390, 1384, 1583, 1934, 2318, 
2627, 2728, 2566, 2260, 1889, 1571, 1386, 1397, 1595, 1915, 
2272, 2569, 2725, 2701, 2503, 2182, 1824, 1448, 1363, 1464, 
1729, 2075, 2418, 2659, 2738, 2631, 2371, 2019, 1679, 1437, 
1362, 1478, 1747, 2236, 2545, 2716, 2713, 2531, 2218, 1862, 
1553, 1382, 1392, 1582, 1899, 2255, 2559, 2721, 2707, 2403, 
2056, 1712, 1456, 1362, 1456, 1713, 2059, 2406, 2651, 2737, 
2639, 2383, 2035, 1693, 1444, 1383, 1555, 1862, 2220, 2531, 
2713, 2716, 2543, 2233, 1876, 1564, 1385, 1386, 1569, 1881, 
2241, 2631, 2739, 2659, 2416, 2072, 1727, 1464, 1363, 1448, 
1699, 2043, 2389, 2643, 2739, 2648, 2399, 1912, 1595, 1396, 
1378, 1543, 1846, 2203, 2519, 2708, 2719, 2553, 2249, 1891, 
1577, 1390, 1382, 1667, 2005, 2358, 2624, 2739, 2668, 2431, 
2089, 1742, 1472, 1362, 1441, 1686, 2026, 2375, 2635, 2732, 
2580, 2286, 1928, 1606, 1402, 1375, 1532, 1831, 2188, 2508, 
2703, 2723, 2564, 2265, 1907, 1495, 1366, 1423, 1654, 1987, 
2342, 2615, 2737, 2673, 2444, 2106, 1755, 1482, 1364, 1432, 
1672, 2150, 2480, 2689, 2731, 2589, 2301, 1945, 1618, 1407, 
1372, 1522, 1816, 2171, 2495, 2697, 2727, 2475, 2144, 1790, 
1505, 1367, 1419, 1639, 1972, 2328, 2606, 2735, 2680, 2456, 
2120, 1769, 1491, 1367, 1497, 1779, 2134, 2467, 2684, 2734, 
2599, 2317, 1960, 1632, 1415, 1369, 1511, 1800, 2156, 2583, 
2728, 2695, 2488, 2160, 1805, 1516, 1370, 1412, 1628, 1957, 
2311, 2596, 2732, 2686, 2471, 1999, 1663, 1428, 1365, 1488, 
1766, 2116, 2452, 2679, 2735, 2607, 2332, 1977, 1646, 1420, 
1367, 1598, 1919, 2275, 2571, 2726, 2700, 2499, 2176, 1820, 
1526, 1372, 1405, 1614, 1939, 2296, 2584, 2737, 2628, 2367, 
2015, 1676, 1435, 1363, 1479, 1750, 2101, 2439, 2671, 2736, 
2616, 2345, 1993, 1550, 1381, 1393, 1585, 1904, 2259, 2558, 
2722, 2705, 2511, 2192, 1836, 1536, 1374, 1400, 1603, 2062, 
2408, 2654, 2738, 2638, 2380, 2032, 1689, 1442, 1363, 1469, 
1736, 2084, 2425, 2663, 2739, 2540, 2230, 1871, 1561, 1384, 
1388, 1572, 1886, 2245, 2550, 2719, 2711, 2524, 2208, 1852, 
1547, 1363, 1450, 1703, 2047, 2392, 2646, 2739, 2647, 2395, 
2047, 1704, 1451, 1363, 1460, 1721, 2067, 2522, 2710, 2719, 
2550, 2246, 1888, 1574, 1388, 1384, 1561, 1871, 2228, 2539, 
2716, 2715, 2536, 2087, 1738, 1471, 1362, 1443, 1689, 2031, 
2379, 2638, 2739, 2656, 2409, 2064, 1720, 1460, 1363, 1536, 
1835, 2194, 2510, 2705, 2723, 2561, 2261, 1904, 1586, 1393, 
1380, 1549, 1855, 2213, 2527, 2736, 2671, 2439, 2102, 1751, 
1480, 1362, 1433, 1674, 2012, 2364, 2627, 2739, 2663, 2422, 
2081, 1616, 1407, 1373, 1524, 1820, 2176, 2497, 2702, 2727, 
2574, 2279, 1921, 1599, 1400, 1376, 1539, 1976, 2331, 2608, 
2734, 2681, 2454, 2119, 1767, 1489, 1364, 1426, 1660, 1998, 
2349, 2620, 2737, 2596, 2312, 1956, 1627, 1411, 1369, 1513, 
1804, 2159, 2485, 2691, 2728, 2584, 2291, 1935, 1611, 1369, 
1412, 1630, 1960, 2315, 2599, 2732, 2684, 2467, 2134, 1782, 
1499, 1367, 1422, 1647, 1982, 2456, 2679, 2733, 2607, 2328, 
1974, 1641, 1418, 1368, 1504, 1790, 2143, 2473, 2687, 2732, 
2592, 2172, 1816, 1521, 1372, 1406, 1616, 1943, 2300, 2587, 
2730, 2687, 2479, 2151, 1796, 1509, 1369, 1482, 1754, 2104, 
2443, 2673, 2736, 2615, 2343, 1990, 1655, 1424, 1365, 1494, 
1774, 2126, 2460, 2723, 2704, 2508, 2188, 1833, 1532, 1375, 
1401, 1607, 1927, 2284, 2577, 2727, 2696, 2492, 2168, 1686, 
1441, 1361, 1472, 1739, 2088, 2429, 2665, 2737, 2623, 2358, 
2004, 1668, 1431, 1364, 1484, 1889, 2247, 2552, 2719, 2710, 
2521, 2204, 1847, 1544, 1378, 1397, 1592, 1911, 2268, 2565, 
2726, 2643, 2391, 2044, 1699, 1450, 1363, 1464, 1726, 2072, 
2416, 2659, 2739, 2632, 2372, 2022, 1682, 1387, 1384, 1836, 
1538, 1375, 1395, 1595, 1916, 2272, 2567, 2723, 2698, 2499, 
2176, 1820, 1525, 1361, 1466, 1729, 2076, 2416, 2659, 2736, 
2627, 2367, 2015, 1677, 1436, 1362, 1478, 1747, 2097, 2543, 
2715, 2710, 2527, 2214, 1856, 1551, 1380, 1391, 1583, 1899, 
2257, 2557, 2720, 2704, 2510, 2053, 1708, 1456, 1361, 1456, 
1714, 2059, 2403, 2651, 2736, 2636, 2381, 2031, 1691, 1443, 
1362, 1555, 1863, 2221, 2532, 2712, 2716, 2540, 2231, 1873, 
1563, 1384, 1388, 1571, 1884, 2241, 2547, 2737, 2656, 2416, 
2071, 1726, 1462, 1362, 1448, 1699, 2044, 2390, 2643, 2737, 
2645, 2396, 2049, 1592, 1395, 1379, 1543, 1848, 2205, 2520, 
2707, 2719, 2550, 2247, 1888, 1575, 1388, 1383, 1560, 2006, 
2359, 2623, 2737, 2665, 2428, 2087, 1740, 1472, 1362, 1441, 
1686, 2027, 2375, 2635, 2737, 2577, 2283, 1927, 1603, 1400, 
1375, 1533, 1831, 2189, 2509, 2703, 2723, 2561, 2263, 1905, 
1588, 1366, 1423, 1651, 1989, 2343, 2616, 2736, 2672, 2441, 
2103, 1753, 1481, 1363, 1433, 1672, 2012, 2480, 2688, 2731, 
2587, 2299, 1943, 1616, 1406, 1372, 1523, 1817, 2172, 2496, 
2698, 2727, 2574, 2140, 1788, 1503, 1367, 1419, 1641, 1975, 
2328, 2606, 2734, 2678, 2455, 2119, 1769, 1489, 1364, 1499, 
1783, 2135, 2467, 2684, 2732, 2598, 2313, 1958, 1628, 1413, 
1370, 1512, 1800, 2158, 2483, 2729, 2694, 2486, 2158, 1803, 
1513, 1370, 1412, 1628, 1958, 2313, 2596, 2732, 2684, 2467, 
2137, 1661, 1429, 1364, 1489, 1767, 2118, 2455, 2678, 2735, 
2608, 2329, 1975, 1644, 1419, 1367, 1502, 1921, 2276, 2575, 
2727, 2698, 2497, 2175, 1819, 1523, 1372, 1406, 1616, 1943, 
2299, 2588, 2729, 2627, 2364, 2012, 1675, 1435, 1363, 1480, 
1753, 2103, 2440, 2672, 2736, 2616, 2347, 1991, 1656, 1379, 
1394, 1587, 1904, 2262, 2562, 2723, 2704, 2510, 2191, 1836, 
1536, 1375, 1400, 1604, 1927, 2409, 2655, 2739, 2636, 2379, 
2031, 1688, 1443, 1363, 1473, 1738, 2087, 2427, 2665, 2739, 
2625, 2227, 1871, 1561, 1383, 1389, 1575, 1888, 2247, 2552, 
2719, 2709, 2523, 2207, 1849, 1545, 1379, 1452, 1705, 2049, 
2395, 2646, 2739, 2644, 2393, 2047, 1702, 1451, 1361, 1462, 
1723, 2070, 2414, 2710, 2719, 2548, 2243, 1887, 1573, 1388, 
1384, 1564, 1873, 2231, 2540, 2716, 2713, 2535, 2223, 1737, 
1471, 1363, 1443, 1690, 2033, 2380, 2638, 2739, 2654, 2407, 
2062, 1715, 1459, 1366, 1455, 1836, 2193, 2511, 2706, 2723, 
2561, 2259, 1902, 1584, 1393, 1382, 1550, 1857, 2215, 2528, 
2712, 2671, 2438, 2099, 1749, 1478, 1363, 1437, 1676, 2015, 
2366, 2631, 2737, 2662, 2420, 2078, 1732, 1405, 1372, 1524, 
1821, 2177, 2499, 2699, 2726, 2571, 2275, 1918, 1598, 1396, 
1377, 1539, 1842, 2333, 2609, 2735, 2678, 2452, 2116, 1764, 
1488, 1365, 1428, 1663, 1999, 2353, 2620, 2737, 2668, 2310, 
1954, 1626, 1411, 1371, 1515, 1804, 2161, 2488, 2694, 2729, 
2582, 2291, 1934, 1609, 1403, 1414, 1631, 1961, 2319, 2599, 
2734, 2683, 2465, 2132, 1780, 1497, 1367, 1422, 1649, 1986, 
2338, 2680, 2734, 2605, 2325, 1971, 1639, 1417, 1368, 1505, 
1792, 2145, 2476, 2689, 2732, 2592, 2307, 1815, 1523, 1371, 
1408, 1619, 1947, 2302, 2591, 2732, 2690, 2478, 2147, 1796, 
1507, 1368, 1416, 1756, 2107, 2444, 2672, 2736, 2614, 2341, 
1988, 1653, 1423, 1366, 1495, 1776, 2128, 2462, 2681, 2703, 
2505, 2187, 1831, 1532, 1374, 1401, 1607, 1929, 2286, 2579, 
2731, 2694, 2490, 2166, 1808, 1439, 1363, 1474, 1742, 2091, 
2431, 2666, 2737, 2623, 2355, 2003, 1666, 1430, 1363, 1486, 
1760, 2251, 2553, 2720, 2708, 2519, 2203, 1845, 1542, 1377, 
1396, 1594, 1916, 2271, 2567, 2724, 2702, 2391, 2040, 1698, 
1447, 1363, 1465, 1728, 2074, 2417, 2660, 2739, 2631, 2371, 
2020, 1680, 1438, 1386, 1595, 1956, 2375, 2667, 2736, 2611, 
2327, 1966, 1635, 1414, 1372, 1532, 1831, 2188, 2508, 2735, 
2681, 2461, 2128, 1774, 1496, 1366, 1424, 1653, 1987, 2343, 
2615, 2736, 2673, 2443, 2107, 1635, 1416, 1369, 1507, 1795, 
2149, 2479, 2689, 2730, 2590, 2301, 1945, 1617, 1408, 1372, 
1521, 1951, 2306, 2592, 2732, 2684, 2473, 2144, 1791, 1504, 
1367, 1416, 1640, 1971, 2327, 2607, 2735, 2611, 2337, 1983, 
1649, 1422, 1366, 1497, 1779, 2132, 2465, 2683, 2734, 2598, 
2316, 1961, 1631, 1374, 1403, 1609, 1934, 2291, 2582, 2728, 
2694, 2488, 2160, 1807, 1516, 1369, 1412, 1625, 1955, 2436, 
2668, 2736, 2621, 2352, 1999, 1663, 1428, 1364, 1488, 1766, 
2116, 2452, 2678, 2736, 2609, 2198, 1840, 1540, 1377, 1399, 
1598, 1919, 2275, 2571, 2725, 2701, 2499, 2180, 1821, 1526, 
1372, 1467, 1731, 2078, 2420, 2663, 2739, 2628, 2366, 2014, 
1676, 1436, 1363, 1479, 1750, 2100, 2439, 2718, 2712, 2528, 
2214, 1857, 1550, 1379, 1392, 1584, 1902, 2260, 2559, 2723, 
2705, 2511, 2193, 1708, 1453, 1363, 1459, 1715, 2062, 2407, 
2652, 2738, 2636, 2382, 2030, 1693, 1444, 1361, 1471, 1865, 
2223, 2535, 2715, 2715, 2540, 2230, 1871, 1563, 1384, 1388, 
1573, 1886, 2243, 2550, 2719, 2656, 2414, 2070, 1724, 1462, 
1363, 1450, 1702, 2046, 2393, 2645, 2737, 2647, 2396, 2047, 
1704, 1395, 1379, 1545, 1849, 2207, 2523, 2709, 2719, 2551, 
2244, 1888, 1575, 1388, 1384, 1561, 1870, 2360, 2625, 2737, 
2664, 2427, 2087, 1739, 1472, 1363, 1443, 1687, 2029, 2378, 
2635, 2738, 2655, 2280, 1927, 1601, 1400, 1376, 1535, 1833, 
2190, 2510, 2704, 2723, 2562, 2262, 1904, 1587, 1393, 1425, 
1657, 1991, 2345, 2617, 2736, 2672, 2440, 2104, 1752, 1480, 
1363, 1435, 1675, 2013, 2364, 2691, 2731, 2585, 2298, 1941, 
1616, 1404, 1372, 1523, 1818, 2175, 2498, 2699, 2727, 2574, 
2278, 1787, 1502, 1367, 1419, 1644, 1976, 2331, 2608, 2734, 
2678, 2454, 2118, 1767, 1489, 1365, 1427, 1784, 2137, 2468, 
2686, 2732, 2596, 2313, 1958, 1628, 1412, 1372, 1513, 1804, 
2160, 2487, 2694, 2692, 2484, 2156, 1803, 1513, 1369, 1412, 
1629, 1959, 2313, 2598, 2734, 2683, 2467, 2134, 1782, 1427, 
1365, 1491, 1769, 2120, 2456, 2679, 2736, 2607, 2328, 1974, 
1641, 1419, 1367, 1503, 1790, 2281, 2575, 2727, 2699, 2498, 
2175, 1819, 1523, 1372, 1408, 1616, 1943, 2300, 2588, 2731, 
2691, 2363, 2010, 1673, 1433, 1364, 1483, 1754, 2105, 2443, 
2672, 2737, 2616, 2344, 1990, 1656, 1425, 1395, 1588, 1907, 
2265, 2566, 2723, 2703, 2508, 2188, 1832, 1534, 1376, 1401, 
1605, 1926, 2283, 2655, 2739, 2635, 2377, 2027, 1687, 1441, 
1363, 1472, 1739, 2089, 2428, 2665, 2736, 2623, 2359, 1870, 
1559, 1382, 1389, 1575, 1889, 2249, 2552, 2719, 2708, 2520, 
2205, 1847, 1545, 1378, 1395, 1708, 2049, 2397, 2647, 2740, 
2644, 2392, 2044, 1701, 1450, 1362, 1463, 1725, 2071, 2416, 
2659, 2717, 2548, 2241, 1884, 1572, 1389, 1385, 1564, 1875, 
2233, 2543, 2716, 2715, 2535, 2221, 1863, 1469, 1363, 1444, 
1692, 2035, 2381, 2639, 2737, 2656, 2408, 2060, 1715, 1458, 
1363, 1456, 1711, 2195, 2512, 2707, 2723, 2560, 2258, 1902, 
1584, 1392, 1380, 1551, 1859, 2215, 2529, 2712, 2718, 2438, 
2099, 1749, 1478, 1362, 1436, 1679, 2019, 2368, 2631, 2737, 
2662, 2420, 2078, 1731, 1467, 1373, 1527, 1823, 2179, 2502, 
2702, 2726, 2571, 2274, 1918, 1597, 1398, 1376, 1541, 1843, 
2200, 2609, 2735, 2677, 2449, 2115, 1763, 1488, 1364, 1427, 
1664, 2001, 2353, 2623, 2737, 2668, 2433, 1954, 1625, 1410, 
1371, 1517, 1807, 2163, 2489, 2695, 2730, 2582, 2289, 1932, 
1608, 1403, 1374, 1632, 1964, 2318, 2601, 2732, 2682, 2463, 
2131, 1779, 1497, 1367, 1423, 1650, 1987, 2339, 2614, 2734, 
2605, 2324, 1968, 1638, 1417, 1369, 1989, 1655, 1425, 1363, 
1491, 1771, 2123, 2456, 2678, 2702, 2508, 2188, 1835, 1532, 
1375, 1400, 1601, 1923, 2281, 2572, 2724, 2695, 2492, 2167, 
1811, 1441, 1361, 1470, 1736, 2084, 2425, 2663, 2736, 2623, 
2357, 2006, 1668, 1431, 1363, 1484, 1756, 2244, 2550, 2718, 
2707, 2520, 2205, 1848, 1545, 1378, 1395, 1590, 1910, 2266, 
2563, 2723, 2701, 2392, 2044, 1701, 1449, 1363, 1462, 1722, 
2068, 2413, 2655, 2738, 2632, 2373, 2023, 1681, 1439, 1384, 
1563, 1872, 2229, 2539, 2714, 2713, 2534, 2225, 1865, 1556, 
1383, 1391, 1578, 1894, 2251, 2638, 2738, 2654, 2407, 2062, 
1717, 1459, 1363, 1453, 1709, 2052, 2399, 2648, 2739, 2641, 
2387, 1900, 1584, 1393, 1380, 1551, 1856, 2214, 2528, 2711, 
2716, 2544, 2238, 1881, 1568, 1387, 1384, 1676, 2016, 2366, 
2628, 2737, 2662, 2419, 2078, 1732, 1466, 1364, 1447, 1695, 
2037, 2385, 2639, 2726, 2570, 2273, 1918, 1596, 1398, 1376, 
1540, 1841, 2199, 2515, 2707, 2720, 2555, 2253, 1895, 1487, 
1364, 1427, 1663, 1999, 2352, 2620, 2737, 2668, 2433, 2094, 
1745, 1473, 1363, 1439, 1680, 2161, 2488, 2695, 2729, 2581, 
2289, 1935, 1609, 1404, 1375, 1529, 1826, 2183, 2503, 2701, 
2724, 2464, 2132, 1778, 1497, 1367, 1422, 1649, 1983, 2337, 
2612, 2735, 2675, 2447, 2111, 1760, 1485, 1368, 1503, 1791, 
2144, 2475, 2686, 2732, 2591, 2305, 1949, 1621, 1409, 1370, 
1519, 1811, 2166, 2588, 2732, 2689, 2480, 2148, 1795, 1507, 
1368, 1415, 1636, 1968, 2321, 2603, 2735, 2683, 2461, 1987, 
1652, 1424, 1364, 1494, 1777, 2127, 2462, 2683, 2734, 2604, 
2321, 1966, 1635, 1416, 1368, 1607, 1930, 2287, 2580, 2728, 
2697, 2492, 2166, 1811, 1518, 1371, 1411, 1622, 1950, 2307, 
2593, 2737, 2623, 2355, 2003, 1665, 1430, 1363, 1486, 1760, 
2111, 2447, 2675, 2736, 2611, 2336, 1982, 1543, 1377, 1396, 
1595, 1913, 2271, 2567, 2724, 2701, 2503, 2181, 1825, 1528, 
1374, 1403, 1611, 2075, 2419, 2659, 2739, 2631, 2371, 2019, 
1680, 1438, 1363, 1478, 1746, 2096, 2435, 2668, 2739, 2531, 
2219, 1860, 1554, 1382, 1392, 1580, 1897, 2255, 2556, 2720, 
2706, 2515, 2195, 1841, 1540, 1362, 1455, 1712, 2057, 2403, 
2651, 2737, 2640, 2384, 2035, 1694, 1445, 1363, 1468, 1732, 
2080, 2531, 2712, 2718, 2542, 2235, 1876, 1566, 1385, 1386, 
1568, 1882, 2240, 2547, 2718, 2712, 2528, 2075, 1728, 1464, 
1363, 1449, 1697, 2043, 2387, 2643, 2737, 2648, 2399, 2052, 
1708, 1453, 1363, 1543, 1847, 2202, 2519, 2708, 2722, 2552, 
2251, 1891, 1577, 1390, 1383, 1559, 1867, 2224, 2535, 2739, 
2667, 2432, 2091, 1742, 1475, 1363, 1439, 1684, 2025, 2375, 
2633, 2739, 2657, 2414, 2068, 1606, 1402, 1376, 1532, 1830, 
2185, 2507, 2697, 2723, 2565, 2265, 1909, 1590, 1395, 1380, 
1546, 1987, 2340, 2615, 2735, 2672, 2444, 2107, 1756, 1482, 
1363, 1432, 1671, 2009, 2361, 2624, 2737, 2589, 2304, 1947, 
1619, 1408, 1372, 1521, 1813, 2171, 2495, 2698, 2728, 2576, 
2282, 1925, 1601, 1367, 1415, 1640, 1971, 2326, 2606, 2735, 
2680, 2457, 2124, 1769, 1493, 1366, 1424, 1658, 1993, 2465, 
2684, 2732, 2600, 2316, 1961, 1632, 1414, 1368, 1511, 1799, 
2154, 2483, 2691, 2729, 2588, 2160, 1804, 1515, 1370, 1411, 
1625, 1955, 2310, 2597, 2731, 2687, 2471, 2140, 1787, 1502, 
1367, 1487, 1765, 2115, 2452, 2678, 2735, 2609, 2332, 1979, 
1645, 1420, 1368, 1500, 1784, 2137, 2470, 2726, 2700, 2499, 
2177, 1820, 1527, 1372, 1405, 1612, 1937, 2296, 2585, 2729, 
2692, 2485, 2156, 1678, 1436, 1364, 1479, 1750, 2100, 2439, 
2671, 2737, 2618, 2347, 1995, 1659, 1427, 1363, 1491, 1902, 
2259, 2559, 2723, 2706, 2512, 2193, 1836, 1537, 1375, 1400, 
1601, 1923, 2279, 2571, 2728, 2637, 2381, 2032, 1690, 1444, 
1363, 1484, 1774, 2153, 2534, 2732, 2687, 2459, 2119, 1761, 
1479, 1372, 1524, 1819, 2175, 2496, 2699, 2727, 2572, 2278, 
1920, 1599, 1399, 1375, 1538, 1839, 2195, 2608, 2735, 2680, 
2452, 2119, 1767, 1489, 1365, 1428, 1662, 1997, 2345, 2620, 
2737, 2671, 2438, 1958, 1628, 1412, 1370, 1513, 1804, 2159, 
2486, 2691, 2729, 2584, 2294, 1936, 1611, 1404, 1374, 1628, 
1959, 2313, 2596, 2732, 2684, 2466, 2135, 1782, 1496, 1366, 
1420, 1647, 1981, 2335, 2610, 2734, 2606, 2327, 1972, 1641, 
1419, 1366, 1503, 1788, 2143, 2473, 2688, 2731, 2595, 2308, 
1952, 1523, 1372, 1407, 1616, 1942, 2301, 2588, 2732, 2691, 
2481, 2150, 1797, 1508, 1370, 1414, 1633, 2104, 2443, 2672, 
2736, 2616, 2343, 1990, 1656, 1424, 1366, 1493, 1775, 2126, 
2460, 2681, 2735, 2509, 2188, 1832, 1534, 1375, 1401, 1604, 
1927, 2284, 2578, 2728, 2697, 2492, 2168, 1811, 1520, 1364, 
1473, 1739, 2088, 2429, 2666, 2739, 2624, 2359, 2006, 1668, 
1432, 1363, 1484, 1759, 2110, 2551, 2720, 2710, 2521, 2206, 
1849, 1544, 1378, 1396, 1592, 1911, 2268, 2567, 2724, 2703, 
2504, 2044, 1701, 1448, 1362, 1464, 1724, 2072, 2416, 2657, 
2739, 2631, 2372, 2022, 1683, 1439, 1361, 1564, 1873, 2232, 
2540, 2716, 2713, 2532, 2221, 1864, 1555, 1382, 1391, 1579, 
1895, 2252, 2555, 2739, 2654, 2406, 2060, 1715, 1457, 1362, 
1455, 1710, 2054, 2403, 2649, 2739, 2641, 2387, 2040, 1583, 
1392, 1380, 1552, 1859, 2216, 2529, 2712, 2717, 2544, 2238, 
1879, 1568, 1387, 1387, 1569, 2017, 2367, 2631, 2738, 2659, 
2419, 2077, 1731, 1466, 1362, 1446, 1696, 2039, 2387, 2641, 
2739, 2571, 2273, 1916, 1596, 1398, 1376, 1542, 1843, 2200, 
2516, 2707, 2721, 2555, 2253, 1895, 1579, 1364, 1429, 1664, 
2000, 2355, 2622, 2738, 2668, 2433, 2094, 1744, 1475, 1363, 
1439, 1682, 2022, 2489, 2695, 2727, 2582, 2288, 1932, 1608, 
1403, 1375, 1530, 1827, 2183, 2505, 2702, 2724, 2566, 2130, 
1779, 1495, 1367, 1422, 1650, 1984, 2339, 2614, 2736, 2673, 
2447, 2110, 1758, 1483, 1362, 1505, 1792, 2147, 2476, 2688, 
2732, 2591, 2304, 1948, 1620, 1408, 1371, 1519, 1811, 2168, 
2492, 2732, 2691, 2478, 2147, 1794, 1506, 1368, 1415, 1636, 
1969, 2321, 2603, 2734, 2681, 2460, 2126, 1652, 1423, 1367, 
1495, 1777, 2129, 2463, 2683, 2734, 2601, 2319, 1966, 1632, 
1415, 1368, 1508, 1930, 2288, 2581, 2729, 2696, 2491, 2163, 
1807, 1518, 1370, 1410, 1624, 1951, 2308, 2595, 2732, 2622, 
2353, 2001, 1664, 1429, 1364, 1487, 1763, 2113, 2450, 2676, 
2736, 2611, 2335, 1980, 1647, 1376, 1399, 1595, 1913, 2272, 
2567, 2724, 2700, 2500, 2180, 1824, 1527, 1374, 1404, 1612, 
1936, 2419, 2659, 2738, 2631, 2369, 2016, 1680, 1438, 1363, 
1478, 1748, 2096, 2438, 2670, 2738, 2620, 2218, 1859, 1553, 
1382, 1391, 1582, 1898, 2256, 2558, 2721, 2706, 2513, 2195, 
1839, 1538, 1375, 1457, 1713, 2059, 2403, 2652, 2738, 2640, 
2383, 2035, 1692, 1444, 1363, 1469, 1733, 2080, 2424, 2712, 
2716, 2540, 2233, 1875, 1564, 1385, 1387, 1570, 1883, 2240, 
2545, 2718, 2711, 2527, 2212, 1727, 1464, 1364, 1448, 1700, 
2044, 2390, 2641, 2736, 2647, 2398, 2051, 1708, 1452, 1363, 
1459, 1848, 2204, 2520, 2710, 2719, 2553, 2248, 1889, 1577, 
1390, 1383, 1559, 1868, 2224, 2535, 2712, 2664, 2431, 2090, 
1742, 1472, 1363, 1441, 1686, 2025, 2375, 2634, 2737, 2656, 
2412, 2067, 1722, 1401, 1375, 1532, 1831, 2188, 2508, 2703, 
2724, 2564, 2265, 1912, 1589, 1393, 1380, 1547, 1852, 2342, 
2615, 2735, 2672, 2444, 2105, 1756, 1481, 1364, 1433, 1672, 
2011, 2362, 2626, 2738, 2663, 2300, 1944, 1617, 1408, 1372, 
1522, 1816, 2171, 2496, 2699, 2727, 2575, 2279, 1923, 1601, 
1400, 1418, 1639, 1972, 2327, 2607, 2735, 2680, 2456, 2121, 
1770, 1491, 1365, 1425, 1783, 1499, 1363, 1485, 1763, 2115, 
2451, 2675, 2732, 2606, 2328, 1975, 1643, 1419, 1366, 1500, 
1785, 2131, 2470, 2726, 2697, 2498, 2175, 1819, 1526, 1372, 
1405, 1614, 1939, 2296, 2584, 2728, 2689, 2481, 2152, 1676, 
1434, 1363, 1480, 1750, 2100, 2439, 2670, 2735, 2616, 2344, 
1991, 1657, 1425, 1364, 1491, 1903, 2258, 2558, 2719, 2703, 
2509, 2189, 1833, 1532, 1374, 1400, 1601, 1923, 2280, 2575, 
2727, 2635, 2377, 2029, 1690, 1442, 1362, 1471, 1735, 2084, 
2426, 2663, 2737, 2624, 2360, 2008, 1671, 1383, 1388, 1572, 
1887, 2243, 2548, 2718, 2710, 2521, 2207, 1850, 1546, 1380, 
END
1415, 1683, 2082, 2575, 2721, 2660, 2416, 2054, 1691, 1432, 
1358, 1495, 1796, 2172, 2508, 2702, 2698, 2496, 2156, 1660, 
1415, 1363, 1519, 1832, 2209, 2536, 2712, 2688, 2469, 2120, 
1749, 1439, 1356, 1484, 1782, 2290, 2590, 2722, 2652, 2398, 
2032, 1675, 1422, 1361, 1508, 1817, 2192, 2524, 2708, 2692, 
2481, 1996, 1642, 1408, 1367, 1532, 1853, 2230, 2547, 2716, 
2681, 2452, 2098, 1731, 1452, 1359, 1470, 1890, 2267, 2575, 
2723, 2665, 2422, 2062, 1697, 1436, 1359, 1492, 1792, 2168, 
2504, 2703, 2703, 2392, 2026, 1667, 1420, 1364, 1516, 1829, 
2205, 2533, 2714, 2691, 2476, 2124, 1756, 1470, 1359, 1542, 
1865, 2242, 2559, 2720, 2678, 2446, 2089, 1723, 1450, 1359, 
1479, 1769, 2142, 2488, 2695, 2664, 2415, 2052, 1691, 1431, 
1362, 1500, 1804, 2181, 2515, 2709, 2701, 2497, 2156, 1784, 
1486, 1367, 1524, 1841, 2219, 2544, 2718, 2689, 2469, 2119, 
1747, 1465, 1359, 1464, 1746, 2116, 2468, 2726, 2676, 2439, 
2081, 1715, 1445, 1360, 1484, 1780, 2155, 2497, 2703, 2710, 
2519, 2183, 1807, 1428, 1363, 1509, 1816, 2192, 2526, 2712, 
1586, 1385, 1386, 1588, 1928, 2303, 2603, 2734, 2654, 2267, 
1888, 1559, 1376, 1397, 1618, 1967, 2340, 2623, 2732, 2635, 
2363, 1991, 1636, 1406, 1371, 1648, 2004, 2372, 2641, 2733, 
2616, 2328, 1953, 1610, 1395, 1379, 1569, 1905, 2280, 2587, 
2729, 2595, 2294, 1917, 1580, 1383, 1390, 1598, 1939, 2315, 
2610, 2734, 2651, 2385, 2019, 1660, 1418, 1402, 1627, 1977, 
2351, 2630, 2734, 2631, 2353, 1980, 1631, 1404, 1374, 1551, 
1876, 2255, 2571, 2735, 2611, 2318, 1943, 1601, 1392, 1383, 
1577, 1913, 2291, 2595, 2731, 2663, 2411, 2047, 1684, 1382, 
1395, 1606, 1951, 2327, 2616, 2735, 2646, 2378, 2008, 1653, 
1415, 1370, 1533, 1853, 2230, 2635, 2734, 2627, 2345, 1971, 
1622, 1401, 1377, 1558, 1887, 2265, 2579, 2728, 2675, 2433, 
2074, 1592, 1388, 1386, 1585, 1924, 2301, 2601, 2732, 2659, 
2403, 2036, 1676, 1425, 1365, 1515, 1827, 2336, 2622, 2736, 
2641, 2369, 1999, 1644, 1411, 1373, 1539, 1863, 2240, 2559, 
2726, 2687, 2456, 1961, 1614, 1398, 1380, 1567, 1902, 2276, 
2584, 2732, 2672, 2427, 2063, 1699, 1438, 1363, 1498, 1935, 
2311, 2607, 2735, 2655, 2393, 2025, 1668, 1420, 1367, 1522, 
1836, 2215, 2542, 2719, 2696, 2358, 1988, 1636, 1406, 1374, 
1547, 1873, 2250, 2567, 2727, 2683, 2447, 2092, 1723, 1452, 
1362, 1574, 1910, 2288, 2591, 2732, 2667, 2417, 2052, 1690, 
1433, 1363, 1505, 1810, 2186, 2523, 2713, 2650, 2383, 2014, 
1659, 1417, 1370, 1528, 1847, 2220, 2550, 2723, 2693, 2471, 
2118, 1747, 1465, 1376, 1579, 1947, 2361, 2667, 2732, 2582, 
2255, 1871, 1539, 1368, 1423, 1667, 2027, 2394, 2656, 2711, 
2515, 2176, 1800, 1498, 1363, 1437, 1700, 2063, 2427, 2673, 
2732, 2584, 2276, 1897, 1567, 1361, 1457, 1732, 2102, 2457, 
2687, 2726, 2559, 2240, 1863, 1539, 1372, 1411, 1645, 1999, 
2369, 2700, 2718, 2535, 2204, 1826, 1515, 1366, 1425, 1676, 
2038, 2403, 2662, 2735, 2603, 2303, 1927, 1491, 1362, 1443, 
1708, 2075, 2435, 2675, 2729, 2579, 2267, 1887, 1559, 1378, 
1400, 1622, 1974, 2465, 2689, 2723, 2553, 2231, 1852, 1536, 
1369, 1415, 1653, 2009, 2378, 2648, 2736, 2617, 2328, 1816, 
1509, 1366, 1432, 1685, 2047, 2415, 2665, 2734, 2595, 2292, 
1915, 1580, 1384, 1392, 1603, 2086, 2444, 2680, 2728, 2571, 
2256, 1878, 1551, 1376, 1405, 1631, 1982, 2358, 2632, 2736, 
2631, 2220, 1843, 1527, 1368, 1420, 1662, 2019, 2388, 2654, 
2736, 2611, 2317, 1940, 1599, 1392, 1384, 1694, 2057, 2421, 
2670, 2731, 2588, 2283, 1905, 1571, 1381, 1396, 1610, 1958, 
2332, 2620, 2736, 2566, 2248, 1868, 1544, 1372, 1408, 1640, 
1992, 2364, 2638, 2736, 2625, 2343, 1968, 1620, 1400, 1423, 
1670, 2032, 2398, 2657, 2735, 2606, 2307, 1931, 1592, 1387, 
1388, 1588, 1928, 2307, 2604, 2732, 2583, 2273, 1894, 1563, 
1378, 1400, 1618, 1966, 2340, 2624, 2736, 2639, 2367, 1996, 
1642, 1371, 1413, 1648, 2003, 2374, 2643, 2735, 2619, 2333, 
1956, 1612, 1396, 1381, 1569, 1903, 2280, 2663, 2734, 2599, 
2299, 1920, 1583, 1387, 1388, 1597, 1939, 2316, 2609, 2735, 
2654, 2390, 2022, 1556, 1377, 1403, 1626, 1978, 2351, 2630, 
2736, 2633, 2358, 1984, 1634, 1405, 1375, 1550, 1875, 2383, 
2648, 2736, 2615, 2323, 1947, 1604, 1394, 1383, 1576, 1913, 
2289, 2595, 2731, 2668, 2414, 1911, 1575, 1384, 1393, 1606, 
1950, 2324, 2616, 2735, 2649, 2382, 2012, 1656, 1416, 1370, 
1532, 1987, 2360, 2635, 2736, 2627, 2348, 1974, 1624, 1401, 
1376, 1556, 1888, 2264, 2577, 2729, 2677, 2313, 1938, 1596, 
1390, 1386, 1584, 1924, 2301, 2601, 2734, 2662, 2405, 2039, 
1679, 1427, 1366, 1614, 1960, 2335, 2621, 2736, 2643, 2373, 
2002, 1648, 1412, 1371, 1539, 1860, 2239, 2558, 2726, 2622, 
2338, 1964, 1616, 1398, 1379, 1564, 1896, 2274, 2585, 2731, 
2673, 2429, 2065, 1700, 1439, 1388, 1593, 1932, 2310, 2607, 
2734, 2657, 2396, 2028, 1671, 1423, 1367, 1520, 1833, 2211, 
2540, 2735, 2639, 2364, 1992, 1639, 1407, 1374, 1544, 1870, 
2248, 2566, 2727, 2683, 2450, 2094, 1725, 1395, 1382, 1571, 
1907, 2284, 2591, 2734, 2670, 2416, 2057, 1691, 1435, 1363, 
1503, 1808, 2184, 2612, 2736, 2651, 2387, 2017, 1661, 1418, 
1368, 1529, 1844, 2223, 2550, 2721, 2694, 2471, 2119, 1628, 
1404, 1374, 1552, 1878, 2259, 2572, 2731, 2680, 2442, 2083, 
1716, 1447, 1361, 1487, 1784, 2294, 2598, 2732, 2664, 2411, 
2046, 1685, 1429, 1364, 1511, 1819, 2196, 2529, 2716, 2703, 
2494, 2007, 1652, 1414, 1371, 1534, 1855, 2232, 2553, 2723, 
2690, 2463, 2110, 1740, 1461, 1361, 1472, 1889, 2264, 2579, 
2729, 2675, 2433, 2073, 1707, 1441, 1363, 1492, 1794, 2169, 
2510, 2711, 2711, 2402, 2034, 1675, 1425, 1366, 1518, 1828, 
2207, 2535, 2719, 2700, 2484, 2136, 1764, 1476, 1361, 1540, 
1865, 2243, 2560, 2726, 2686, 2455, 2100, 1731, 1456, 1362, 
1478, 1767, 2142, 2488, 2700, 2671, 2425, 2062, 1696, 1436, 
1363, 1499, 1803, 2179, 2515, 2712, 2708, 2505, 2164, 1790, 
1491, 1368, 1523, 1839, 2217, 2543, 2721, 2696, 2476, 2126, 
1754, 1471, 1361, 1465, 1743, 2115, 2468, 2728, 2681, 2447, 
2088, 1721, 1451, 1361, 2015, 1659, 1419, 1366, 1525, 1841, 
2219, 2545, 2719, 2630, 2352, 1980, 1629, 1404, 1374, 1550, 
1877, 2258, 2570, 2726, 2678, 2441, 2082, 1716, 1446, 1383, 
1579, 1916, 2292, 2592, 2729, 2662, 2409, 2044, 1683, 1429, 
1364, 1508, 1817, 2193, 2528, 2734, 2646, 2377, 2006, 1652, 
1414, 1369, 1534, 1852, 2231, 2552, 2723, 2688, 2463, 2108, 
1740, 1400, 1376, 1559, 1889, 2267, 2577, 2727, 2674, 2432, 
2071, 1708, 1441, 1362, 1492, 1792, 2168, 2600, 2734, 2658, 
2401, 2035, 1675, 1424, 1366, 1516, 1827, 2204, 2537, 2717, 
2697, 2488, 2137, 1644, 1409, 1372, 1540, 1863, 2240, 2557, 
2724, 2684, 2454, 2098, 1731, 1455, 1360, 1476, 1766, 2278, 
2584, 2731, 2670, 2425, 2060, 1697, 1438, 1362, 1498, 1801, 
2176, 2515, 2711, 2707, 2505, 2023, 1666, 1422, 1368, 1522, 
1837, 2215, 2542, 2719, 2696, 2477, 2128, 1756, 1470, 1361, 
1463, 1873, 2251, 2567, 2726, 2683, 2447, 2089, 1722, 1450, 
1361, 1483, 1777, 2151, 2496, 2703, 2713, 2416, 2051, 1688, 
1432, 1366, 1505, 1812, 2188, 2524, 2713, 2704, 2500, 2153, 
1779, 1486, 1362, 1530, 1847, 2226, 2549, 2722, 2691, 2470, 
2116, 1745, 1467, 1361, 1468, 1754, 2123, 2475, 2695, 2676, 
2438, 2079, 1712, 1443, 1361, 1489, 1788, 2161, 2503, 2707, 
2712, 2519, 2181, 1804, 1500, 1366, 1511, 1823, 2199, 2531, 
2716, 2701, 2491, 2144, 1770, 1477, 1362, 1452, 1728, 2098, 
2454, 2724, 2687, 2460, 2104, 1737, 1457, 1361, 1474, 1763, 
2135, 2483, 2699, 2719, 2537, 2208, 1831, 1439, 1362, 1495, 
1796, 2172, 2512, 2710, 2710, 2510, 2172, 1796, 1494, 1362, 
1441, 1704, 2072, 2541, 2719, 2697, 2483, 2135, 1761, 1474, 
1361, 1459, 1738, 2108, 2463, 2688, 2724, 2556, 2235, 1728, 
1453, 1363, 1479, 1772, 2146, 2492, 2702, 2716, 2530, 2198, 
1821, 1512, 1366, 1427, 1681, 2183, 2520, 2712, 2706, 2501, 
2160, 1787, 1488, 1363, 1446, 1714, 2080, 2439, 2677, 2730, 
2575, 2123, 1752, 1468, 1363, 1466, 1751, 2118, 2469, 2694, 
2721, 2549, 2224, 1847, 1528, 1369, 1417, 1782, 2156, 2499, 
2705, 2714, 2523, 2187, 1811, 1504, 1363, 1432, 1692, 2054, 
2416, 2667, 2732, 2496, 2150, 1776, 1481, 1360, 1452, 1723, 
2092, 2448, 2683, 2727, 2568, 2250, 1873, 1549, 1375, 1470, 
1758, 2128, 2478, 2697, 2719, 2543, 2214, 1836, 1521, 1368, 
1421, 1666, 2027, 2393, 2656, 2712, 2516, 2177, 1801, 1497, 
1364, 1436, 1699, 2064, 2428, 2672, 2732, 2585, 2276, 1898, 
1567, 1360, 1456, 1733, 2101, 2455, 2686, 2724, 2559, 2240, 
1863, 1538, 1371, 1411, 1644, 1999, 2369, 2700, 2719, 2535, 
2204, 1827, 1515, 1366, 1425, 1676, 2036, 2403, 2661, 2736, 
2604, 2302, 1925, 1492, 1361, 1442, 1707, 2075, 2435, 2676, 
2729, 2579, 2267, 1888, 1559, 1377, 1401, 1623, 1972, 2466, 
2688, 2722, 2556, 2231, 1852, 1532, 1371, 1416, 1655, 2008, 
2377, 2648, 2736, 2616, 2330, 1815, 1511, 1364, 1429, 1686, 
2047, 2412, 2664, 2734, 2595, 2292, 1916, 1578, 1384, 1393, 
1603, 2085, 2444, 2680, 2728, 2572, 2257, 1879, 1552, 1375, 
1405, 1630, 1982, 2355, 2631, 2736, 2630, 2220, 1842, 1526, 
1369, 1419, 1663, 2019, 2388, 2652, 2736, 2611, 2317, 1942, 
1599, 1391, 1385, 1694, 2057, 2423, 2671, 2732, 2590, 2283, 
1905, 1571, 1379, 1397, 1609, 1958, 2331, 2620, 2736, 2567, 
2246, 1868, 1545, 1373, 1409, 1640, 1993, 2366, 2639, 2736, 
2627, 2342, 1968, 1618, 1399, 1423, 1669, 2031, 2398, 2656, 
2735, 2606, 2308, 1932, 1592, 1388, 1388, 1589, 1929, 2306, 
2604, 2731, 2583, 2273, 1895, 1564, 1378, 1407, 1662, 2052, 
2480, 2719, 2695, 2467, 2108, 1740, 1457, 1385, 1580, 1920, 
2295, 2598, 2732, 2662, 2410, 2044, 1683, 1428, 1364, 1511, 
1818, 2195, 2530, 2736, 2646, 2375, 2006, 1652, 1414, 1371, 
1535, 1855, 2232, 2555, 2723, 2688, 2462, 2107, 1739, 1400, 
1378, 1560, 1891, 2270, 2580, 2730, 2674, 2428, 2071, 1706, 
1441, 1363, 1494, 1796, 2170, 2604, 2735, 2658, 2399, 2034, 
1672, 1425, 1367, 1518, 1831, 2208, 2536, 2718, 2699, 2484, 
2136, 1643, 1406, 1373, 1542, 1865, 2243, 2560, 2726, 2684, 
2454, 2099, 1729, 1456, 1361, 1479, 1769, 2280, 2587, 2731, 
2672, 2423, 2060, 1696, 1436, 1362, 1501, 1804, 2180, 2518, 
2712, 2707, 2504, 2022, 1664, 1420, 1368, 1524, 1840, 2217, 
2544, 2720, 2695, 2476, 2127, 1753, 1471, 1361, 1464, 1874, 
2252, 2568, 2727, 2681, 2446, 2087, 1720, 1449, 1361, 1484, 
1779, 2152, 2497, 2705, 2712, 2415, 2048, 1688, 1431, 1364, 
1507, 1815, 2189, 2524, 2713, 2703, 2496, 2152, 1778, 1484, 
1361, 1532, 1849, 2227, 2552, 2722, 2691, 2467, 2115, 1744, 
1464, 1360, 1470, 1754, 2125, 2475, 2695, 2676, 2440, 2076, 
1711, 1446, 1362, 1490, 1790, 2163, 2505, 2707, 2712, 2517, 
2179, 1804, 1498, 1365, 1512, 1823, 2201, 2533, 2717, 2700, 
2489, 2143, 1770, 1478, 1362, 1456, 1730, 2101, 2455, 2727, 
2687, 2459, 2104, 1735, 1457, 1361, 1476, 1763, 2137, 2485, 
2699, 2718, 2536, 2205, 1829, 1439, 1363, 1497, 1799, 2174, 
2514, 2711, 2710, 2508, 2167, 1795, 1490, 1362, 1441, 1707, 
2072, 2540, 2719, 2699, 2481, 2131, 1760, 1472, 1361, 1460, 
1739, 2110, 2465, 2688, 2723, 2556, 2233, 1724, 1452, 1360, 
1479, 1773, 2147, 2492, 2704, 2715, 2530, 2195, 1819, 1510, 
1364, 1428, 1683, 2184, 2521, 2715, 2705, 2502, 2158, 1784, 
1486, 1362, 1447, 1715, 2083, 2440, 2680, 2731, 2572, 2120, 
1749, 1467, 1360, 1467, 1749, 2120, 2472, 2693, 2720, 2548, 
2223, 1845, 1528, 1369, 1418, 1783, 2158, 2500, 2705, 2713, 
2521, 2185, 1809, 1504, 1364, 1433, 1691, 2055, 2419, 2667, 
2732, 2496, 2147, 1775, 1481, 1361, 1452, 1724, 2094, 2450, 
2684, 2727, 2567, 2250, 1871, 1546, 1374, 1472, 1759, 2131, 
2480, 2697, 2719, 2539, 2212, 1836, 1524, 1367, 1422, 1670, 
2028, 2396, 2656, 2711, 2513, 2175, 1799, 1496, 1362, 1439, 
1700, 2065, 2428, 2673, 2731, 2585, 2275, 1896, 1566, 1361, 
1459, 1735, 2104, 2459, 2686, 2724, 2561, 2238, 1861, 1539, 
1372, 1412, 1647, 2001, 2371, 2701, 2716, 2534, 2201, 1824, 
1513, 1365, 1426, 1679, 2038, 2404, 2659, 2734, 2600, 2303, 
1923, 1491, 1363, 1443, 1711, 2076, 2437, 2677, 2729, 2577, 
2265, 1887, 1557, 1377, 1403, 1624, 1975, 2467, 2691, 2723, 
2553, 2229, 1851, 1532, 1370, 1415, 1661, 2012, 2382, 2651, 
2736, 2616, 2326, 1814, 1507, 1365, 1431, 1688, 2049, 2416, 
2667, 2732, 2594, 2291, 1912, 1576, 1383, 1393, 1604, 2087, 
2444, 2680, 2729, 2571, 2252, 1877, 1549, 1375, 1406, 1632, 
1985, 2359, 2633, 2737, 2630, 2217, 1840, 1525, 1368, 1420, 
1664, 2022, 2391, 2654, 2736, 2611, 2316, 1939, 1597, 1390, 
1383, 1693, 2057, 2423, 2671, 2732, 2588, 2281, 1903, 1569, 
1380, 1397, 1611, 1959, 2333, 2620, 2736, 2563, 2244, 1867, 
1542, 1372, 1408, 1641, 1996, 2367, 2641, 2736, 2623, 2342, 
1967, 1616, 1399, 1424, 1672, 2033, 2400, 2658, 2736, 2604, 
2307, 1928, 1590, 1388, 1388, 1592, 1930, 2307, 2605, 2731, 
2582, 2269, 1891, 1563, 1377, 1400, 1619, 1969, 2343, 2627, 
2736, 2639, 2364, 1993, 1640, 1370, 1413, 1650, 2006, 2375, 
2645, 2736, 2620, 2331, 1956, 1609, 1395, 1381, 1889, 1561, 
1376, 1458, 1736, 2105, 2459, 2685, 2723, 2555, 2232, 1855, 
1534, 1369, 1412, 1648, 2004, 2372, 2643, 2713, 2528, 2196, 
1820, 1510, 1363, 1427, 1683, 2040, 2405, 2663, 2732, 2595, 
2295, 1918, 1580, 1360, 1443, 1712, 2079, 2436, 2679, 2727, 
2572, 2259, 1880, 1553, 1375, 1402, 1626, 1976, 2350, 2691, 
2720, 2545, 2224, 1845, 1528, 1369, 1416, 1659, 2015, 2384, 
2648, 2734, 2613, 2319, 1944, 1503, 1363, 1433, 1689, 2052, 
2417, 2667, 2732, 2591, 2286, 1906, 1575, 1381, 1393, 1607, 
1951, 2447, 2679, 2726, 2567, 2248, 1871, 1545, 1373, 1407, 
1635, 1987, 2360, 2636, 2736, 2627, 2346, 1835, 1523, 1368, 
1422, 1667, 2027, 2392, 2655, 2734, 2608, 2311, 1935, 1595, 
1388, 1386, 1587, 2063, 2427, 2670, 2731, 2584, 2275, 1897, 
1567, 1379, 1397, 1615, 1961, 2336, 2620, 2735, 2641, 2240, 
1862, 1539, 1371, 1410, 1646, 1999, 2368, 2641, 2736, 2621, 
2336, 1962, 1614, 1398, 1380, 1676, 2038, 2403, 2659, 2735, 
2601, 2303, 1924, 1584, 1388, 1390, 1595, 1935, 2311, 2607, 
2734, 2578, 2269, 1887, 1557, 1377, 1401, 1622, 1972, 2345, 
2627, 2735, 2635, 2360, 1989, 1636, 1406, 1414, 1654, 2009, 
2378, 2647, 2735, 2616, 2326, 1951, 1606, 1394, 1381, 1573, 
1907, 2287, 2591, 2733, 2595, 2293, 1914, 1578, 1385, 1393, 
1603, 1946, 2322, 2613, 2735, 2650, 2385, 2016, 1659, 1375, 
1404, 1631, 1983, 2356, 2632, 2735, 2630, 2348, 1979, 1627, 
1401, 1376, 1553, 1883, 2259, 2652, 2736, 2611, 2316, 1940, 
1599, 1390, 1386, 1582, 1920, 2297, 2599, 2734, 2663, 2409, 
2044, 1572, 1381, 1398, 1611, 1955, 2331, 2618, 2736, 2644, 
2375, 2006, 1651, 1414, 1372, 1537, 1856, 2364, 2639, 2736, 
2625, 2342, 1968, 1619, 1400, 1377, 1560, 1891, 2271, 2580, 
2730, 2675, 2432, 1930, 1590, 1386, 1387, 1589, 1928, 2305, 
2604, 2734, 2659, 2400, 2032, 1675, 1424, 1366, 1519, 1967, 
2342, 2624, 2736, 2638, 2367, 1996, 1642, 1409, 1374, 1543, 
1867, 2242, 2559, 2726, 2691, 2334, 1957, 1612, 1396, 1380, 
1569, 1903, 2280, 2588, 2732, 2671, 2423, 2060, 1696, 1436, 
1363, 1598, 1939, 2315, 2609, 2735, 2653, 2390, 2023, 1664, 
1419, 1368, 1524, 1840, 2218, 2544, 2719, 2633, 2358, 1985, 
1633, 1405, 1374, 1550, 1875, 2254, 2569, 2727, 2680, 2445, 
2087, 1720, 1450, 1383, 1576, 1913, 2289, 2595, 2732, 2669, 
2413, 2049, 1687, 1431, 1365, 1507, 1815, 2190, 2526, 2736, 
2649, 2380, 2012, 1656, 1416, 1369, 1532, 1851, 2228, 2552, 
2723, 2691, 2465, 2114, 1744, 1403, 1377, 1556, 1888, 2264, 
2576, 2729, 2678, 2436, 2076, 1711, 1443, 1362, 1490, 1790, 
2164, 2599, 2733, 2662, 2403, 2040, 1679, 1426, 1367, 1514, 
1824, 2201, 2534, 2720, 2701, 2488, 2140, 1647, 1411, 1372, 
1539, 1860, 2238, 2558, 2726, 2687, 2459, 2103, 1734, 1458, 
1363, 1476, 1765, 2275, 2584, 2732, 2672, 2428, 2067, 1702, 
1436, 1363, 1498, 1800, 2174, 2515, 2709, 2709, 2509, 2028, 
1669, 1422, 1367, 1521, 1835, 2212, 2540, 2720, 2697, 2480, 
2131, 1758, 1472, 1360, 1460, 1867, 2248, 2567, 2728, 2683, 
2451, 2092, 1725, 1452, 1362, 1481, 1776, 2147, 2494, 2704, 
2716, 2419, 2056, 1692, 1434, 1364, 1504, 1809, 2184, 2520, 
2713, 2704, 2502, 2160, 1783, 1486, 1363, 1527, 1843, 2224, 
2548, 2723, 2693, 2472, 2120, 1749, 1466, 1362, 1466, 1751, 
2121, 2473, 2695, 2680, 2441, 2083, 1715, 1447, 1361, 1487, 
1787, 2160, 2501, 2705, 2713, 2520, 2183, 1810, 1503, 1366, 
1511, 1820, 2195, 2531, 2716, 2703, 2494, 2147, 1774, 1481, 
1361, 1466, 1764, 2163, 2565, 2729, 2567, 2241, 1855, 1535, 
1371, 1422, 1671, 2030, 2396, 2656, 2734, 2607, 2311, 1932, 
1593, 1363, 1438, 1702, 2067, 2428, 2673, 2729, 2583, 2273, 
1895, 1564, 1379, 1399, 1617, 1965, 2339, 2686, 2725, 2558, 
2237, 1859, 1538, 1371, 1413, 1647, 2001, 2372, 2643, 2736, 
2621, 2335, 1960, 1513, 1367, 1427, 1678, 2040, 2406, 2662, 
2734, 2600, 2303, 1923, 1586, 1386, 1390, 1596, 1938, 2436, 
2676, 2728, 2577, 2263, 1884, 1556, 1377, 1401, 1624, 1975, 
2349, 2630, 2735, 2634, 2359, 1849, 1531, 1369, 1416, 1657, 
2014, 2383, 2649, 2736, 2616, 2324, 1949, 1605, 1395, 1383, 
1576, 2051, 2416, 2668, 2732, 2593, 2289, 1911, 1575, 1383, 
1394, 1606, 1948, 2324, 2614, 2736, 2649, 2254, 1877, 1548, 
1374, 1405, 1635, 1986, 2358, 2633, 2736, 2630, 2350, 1976, 
1627, 1402, 1377, 1665, 2023, 2392, 2654, 2735, 2609, 2315, 
1939, 1597, 1390, 1384, 1584, 1923, 2299, 2600, 2735, 2588, 
2278, 1902, 1570, 1379, 1396, 1613, 1959, 2334, 2619, 2736, 
2643, 2374, 2003, 1649, 1413, 1410, 1642, 1997, 2367, 2641, 
2736, 2625, 2342, 1967, 1617, 1397, 1382, 1564, 1895, 2273, 
2581, 2735, 2604, 2305, 1928, 1589, 1388, 1388, 1593, 1932, 
2308, 2604, 2735, 2656, 2397, 2030, 1671, 1378, 1400, 1620, 
1972, 2343, 2623, 2736, 2638, 2364, 1991, 1639, 1409, 1374, 
1543, 1867, 2246, 2644, 2736, 2618, 2329, 1955, 1609, 1395, 
1380, 1571, 1904, 2283, 2589, 2732, 2668, 2419, 2056, 1582, 
1385, 1393, 1600, 1942, 2318, 2612, 2735, 2652, 2387, 2017, 
1662, 1419, 1368, 1528, 1843, 2352, 2631, 2736, 2631, 2355, 
1983, 1632, 1406, 1375, 1551, 1884, 2256, 2571, 2727, 2680, 
2443, 1943, 1603, 1392, 1383, 1579, 1916, 2293, 2596, 2732, 
2664, 2411, 2047, 1685, 1430, 1365, 1509, 1952, 2327, 2616, 
2736, 2644, 2376, 2006, 1652, 1416, 1370, 1534, 1852, 2230, 
2552, 2724, 2691, 2344, 1971, 1623, 1399, 1377, 1559, 1888, 
2266, 2579, 2729, 2676, 2435, 2074, 1707, 1443, 1363, 1587, 
1923, 2302, 2602, 2735, 2659, 2403, 2036, 1676, 1427, 1366, 
1516, 1827, 2204, 2534, 2717, 2641, 2368, 1999, 1646, 1410, 
1373, 1540, 1863, 2240, 2559, 2727, 2685, 2457, 2099, 1732, 
1456, 1379, 1568, 1897, 2278, 2585, 2732, 2671, 2427, 2063, 
1699, 1438, 1366, 1499, 1802, 2176, 2515, 2735, 2656, 2393, 
2024, 1667, 1421, 1367, 1523, 1838, 2215, 2543, 2721, 2696, 
2478, 2127, 1756, 1407, 1373, 1547, 1873, 2251, 2568, 2728, 
2682, 2449, 2089, 1723, 1451, 1361, 1482, 1777, 2150, 2594, 
2732, 2668, 2417, 2052, 1691, 1432, 1363, 1507, 1811, 2188, 
2524, 2715, 2704, 2499, 2156, 1657, 1418, 1368, 1529, 1847, 
2225, 2549, 2723, 2692, 2470, 2117, 1747, 1465, 1361, 1467, 
1752, 2262, 2576, 2730, 2679, 2439, 2080, 1714, 1446, 1360, 
1488, 1787, 2163, 2504, 2707, 2713, 2520, 2041, 1681, 1429, 
1366, 1513, 1823, 2199, 2532, 2717, 2703, 2492, 2145, 1774, 
1480, 1362, 1454, 1858, 2234, 2556, 2724, 2687, 2460, 2107, 
1737, 1459, 1361, 1473, 1760, 2134, 2481, 2699, 2719, 2430, 
2068, 1703, 1440, 1362, 1495, 1795, 2172, 2511, 2710, 2711, 
2512, 2172, 1797, 1495, 1363, 1518, 1833, 2209, 2539, 2719, 
2700, 2484, 2135, 1763, 1475, 1362, 1460, 1738, 2107, 2462, 
2688, 2684, 2454, 2097, 1729, 1453, 1360, 1481, 1772, 2144, 
2491, 2701, 2715, 2531, 2197, 1823, 1510, 1363, 1500, 1805, 
2181, 2518, 2712, 2707, 2503, 2161, 1787, 1489, 1362, 1445, 
1713, 2080, 2439, 2719, 2695, 2476, 2124, 1752, 1469, 1361, 
1465, 1747, 2119, 2470, 2691, 2723, 2551, 2226, 1847, 1450, 
1362, 2015, 1657, 1416, 1368, 1526, 1844, 2223, 2547, 2719, 
2692, 2468, 2116, 1746, 1465, 1373, 1553, 1880, 2259, 2571, 
2727, 2676, 2439, 2079, 1713, 1446, 1361, 1487, 1784, 2161, 
2499, 2732, 2662, 2408, 2041, 1681, 1428, 1364, 1511, 1820, 
2195, 2529, 2713, 2700, 2491, 2145, 1772, 1414, 1371, 1537, 
1855, 2232, 2554, 2722, 2687, 2460, 2108, 1737, 1462, 1360, 
1472, 1759, 2132, 2579, 2728, 2675, 2430, 2069, 1703, 1440, 
1361, 1495, 1795, 2168, 2508, 2707, 2710, 2511, 2172, 1672, 
1424, 1366, 1518, 1830, 2204, 2537, 2716, 2700, 2483, 2132, 
1763, 1474, 1360, 1458, 1736, 2243, 2563, 2727, 2684, 2453, 
2096, 1728, 1455, 1361, 1479, 1770, 2143, 2490, 2700, 2716, 
2528, 2059, 1695, 1436, 1363, 1499, 1805, 2179, 2515, 2711, 
2706, 2503, 2163, 1787, 1488, 1363, 1442, 1839, 2217, 2544, 
2719, 2695, 2475, 2124, 1755, 1468, 1361, 1464, 1745, 2115, 
2466, 2693, 2724, 2446, 2086, 1720, 1449, 1361, 1484, 1780, 
2155, 2495, 2705, 2715, 2524, 2188, 1812, 1505, 1364, 1507, 
1814, 2189, 2524, 2716, 2703, 2495, 2150, 1776, 1483, 1360, 
1449, 1721, 2091, 2448, 2683, 2691, 2467, 2113, 1745, 1463, 
1363, 1469, 1756, 2127, 2478, 2695, 2721, 2544, 2216, 1839, 
1523, 1363, 1491, 1791, 2166, 2506, 2705, 2710, 2517, 2179, 
1803, 1500, 1363, 1437, 1698, 2061, 2424, 2716, 2699, 2488, 
2140, 1767, 1477, 1362, 1455, 1733, 2100, 2456, 2686, 2726, 
2562, 2242, 1863, 1457, 1361, 1477, 1765, 2137, 2485, 2700, 
2716, 2536, 2206, 1827, 1516, 1367, 1425, 1674, 2035, 2513, 
2711, 2709, 2508, 2168, 1793, 1494, 1363, 1443, 1707, 2072, 
2433, 2675, 2727, 2572, 2267, 1758, 1472, 1363, 1460, 1740, 
2111, 2464, 2687, 2723, 2556, 2232, 1854, 1535, 1371, 1414, 
1653, 2148, 2493, 2703, 2715, 2529, 2196, 1817, 1510, 1366, 
1430, 1683, 2044, 2412, 2664, 2734, 2598, 2157, 1783, 1487, 
1361, 1444, 1716, 2083, 2443, 2680, 2729, 2574, 2257, 1880, 
1553, 1375, 1404, 1748, 2123, 2471, 2692, 2724, 2547, 2223, 
1843, 1526, 1369, 1419, 1662, 2019, 2387, 2651, 2734, 2521, 
2186, 1808, 1503, 1364, 1434, 1693, 2056, 2420, 2668, 2732, 
2590, 2286, 1905, 1572, 1384, 1452, 1726, 2094, 2452, 2684, 
2726, 2566, 2248, 1870, 1547, 1374, 1407, 1638, 1991, 2364, 
2638, 2718, 2540, 2211, 1833, 1520, 1367, 1424, 1671, 2029, 
2394, 2657, 2735, 2608, 2310, 1932, 1592, 1363, 1439, 1701, 
2067, 2428, 2673, 2731, 2584, 2273, 1894, 1564, 1379, 1400, 
1615, 1964, 2339, 2687, 2724, 2559, 2238, 1860, 1538, 1370, 
1412, 1647, 2001, 2372, 2647, 2736, 2622, 2335, 1959, 1512, 
1364, 1428, 1679, 2038, 2406, 2662, 2734, 2600, 2300, 1923, 
1584, 1385, 1390, 1596, 1937, 2436, 2678, 2729, 2576, 2265, 
1886, 1558, 1377, 1402, 1625, 1975, 2350, 2628, 2736, 2634, 
2359, 1848, 1531, 1369, 1416, 1656, 2012, 2382, 2649, 2736, 
2616, 2324, 1948, 1607, 1393, 1383, 1575, 2050, 2415, 2667, 
2732, 2593, 2289, 1913, 1576, 1384, 1393, 1605, 1948, 2324, 
2613, 2736, 2649, 2253, 1875, 1551, 1373, 1406, 1633, 1985, 
2359, 2634, 2737, 2629, 2351, 1976, 1626, 1402, 1376, 1664, 
2023, 2390, 2652, 2735, 2609, 2316, 1938, 1598, 1389, 1385, 
1584, 1922, 2300, 2599, 2734, 2588, 2279, 1902, 1569, 1381, 
1395, 1614, 1959, 2333, 2619, 2736, 2643, 2371, 2004, 1648, 
1412, 1409, 1642, 1995, 2367, 2640, 2736, 2623, 2340, 1966, 
1617, 1399, 1377, 1563, 1894, 2272, 2582, 2732, 2604, 2305, 
1928, 1590, 1388, 1389, 1592, 1931, 2307, 2604, 2734, 2657, 
2398, 2031, 1670, 1377, 1408, 1647, 2034, 2467, 2715, 2701, 
2481, 2123, 1754, 1468, 1363, 1476, 1762, 2136, 2483, 2731, 
2672, 2428, 2067, 1703, 1439, 1363, 1495, 1797, 2174, 2512, 
2709, 2710, 2511, 2171, 1795, 1423, 1367, 1520, 1832, 2210, 
2540, 2719, 2696, 2483, 2134, 1760, 1473, 1360, 1460, 1739, 
2109, 2564, 2727, 2684, 2455, 2094, 1727, 1453, 1362, 1481, 
1772, 2144, 2492, 2702, 2716, 2529, 2195, 1695, 1435, 1364, 
1502, 1806, 2183, 2518, 2713, 2707, 2503, 2159, 1785, 1488, 
1362, 1446, 1714, 2220, 2547, 2720, 2695, 2472, 2123, 1751, 
1468, 1361, 1465, 1748, 2119, 2471, 2694, 2723, 2551, 2086, 
1718, 1447, 1362, 1487, 1782, 2156, 2499, 2706, 2713, 2521, 
2186, 1811, 1504, 1364, 1432, 1817, 2194, 2528, 2716, 2703, 
2495, 2150, 1781, 1483, 1360, 1450, 1724, 2092, 2448, 2683, 
2728, 2465, 2115, 1742, 1462, 1360, 1471, 1758, 2129, 2478, 
2697, 2719, 2542, 2214, 1836, 1521, 1366, 1491, 1792, 2169, 
2507, 2708, 2711, 2513, 2176, 1801, 1498, 1363, 1438, 1699, 
2064, 2425, 2672, 2700, 2487, 2137, 1767, 1477, 1361, 1456, 
1735, 2103, 2459, 2687, 2724, 2560, 2239, 1863, 1539, 1362, 
1479, 1766, 2140, 2487, 2700, 2716, 2535, 2203, 1827, 1514, 
1366, 1427, 1676, 2038, 2406, 2711, 2710, 2506, 2166, 1791, 
1492, 1361, 1443, 1708, 2073, 2436, 2675, 2727, 2577, 2266, 
1888, 1471, 1360, 1463, 1742, 2112, 2466, 2691, 2723, 2554, 
2230, 1852, 1532, 1370, 1415, 1655, 2011, 2494, 2704, 2716, 
2528, 2192, 1815, 1507, 1366, 1431, 1685, 2046, 2414, 2666, 
2732, 2595, 2291, 1780, 1486, 1361, 1447, 1720, 2086, 2444, 
2680, 2728, 2573, 2255, 1878, 1552, 1375, 1405, 1632, 2123, 
2475, 2694, 2720, 2545, 2220, 1841, 1525, 1369, 1420, 1663, 
2022, 2390, 2653, 2735, 2611, 2183, 1806, 1502, 1364, 1435, 
1695, 2056, 2422, 2668, 2731, 2588, 2282, 1902, 1571, 1381, 
1399, 1729, 2096, 2453, 2684, 2720, 2565, 2246, 1868, 1547, 
1373, 1410, 1642, 1994, 2366, 2639, 2736, 2539, 2209, 1832, 
1519, 1367, 1422, 1672, 2032, 2399, 2658, 2735, 2606, 2307, 
1931, 1592, 1388, 1440, 1703, 2067, 2430, 2674, 2732, 2582, 
2272, 1894, 1561, 1378, 1399, 1619, 1967, 2340, 2627, 2723, 
2556, 2236, 1854, 1537, 1372, 1411, 1649, 2005, 2373, 2644, 
2736, 2620, 2331, 1956, 1611, 1365, 1427, 1680, 2041, 2407, 
2662, 2732, 2598, 2298, 1920, 1583, 1385, 1392, 1599, 1939, 
2315, 2678, 2731, 2575, 2261, 1883, 1555, 1376, 1402, 1628, 
1976, 2350, 2630, 2735, 2633, 2358, 1983, 1529, 1369, 1417, 
1658, 2014, 2382, 2651, 2736, 2614, 2322, 1944, 1606, 1392, 
1382, 1579, 1914, 2416, 2667, 2734, 2593, 2288, 1911, 1575, 
1383, 1395, 1607, 1951, 2325, 2615, 2736, 2647, 2383, 1873, 
1548, 1374, 1408, 1635, 1987, 2359, 2636, 2734, 2627, 2348, 
1972, 1624, 1401, 1377, 1558, 2026, 2394, 2655, 2734, 2609, 
2312, 1936, 1595, 1390, 1387, 1586, 1923, 2300, 2599, 2732, 
2663, 2277, 1900, 1568, 1379, 1399, 1614, 1959, 2335, 2620, 
2736, 2642, 2371, 2000, 1646, 1412, 1372, 1644, 1999, 2368, 
2642, 2736, 2624, 2338, 1964, 1615, 1399, 1380, 1566, 1897, 
2278, 2585, 2730, 2600, 2303, 1926, 1586, 1385, 1390, 1594, 
1934, 2311, 2607, 2735, 2656, 2395, 2027, 1669, 1422, 1403, 
1620, 1971, 2344, 2627, 2736, 2636, 2363, 1988, 1637, 1408, 
1374, 1547, 1869, 2249, 2564, 2736, 2617, 2327, 1953, 1608, 
1395, 1382, 1572, 1908, 2284, 2589, 2732, 2668, 2420, 2054, 
1692, 1385, 1393, 1602, 1943, 2319, 2611, 2736, 2651, 2385, 
2017, 1660, 1417, 1369, 1528, 1845, 2224, 2632, 2736, 2632, 
2354, 1980, 1630, 1404, 1374, 1915, 1576, 1384, 1389, 1601, 
1941, 2318, 2610, 2727, 2571, 2255, 1877, 1551, 1374, 1404, 
1628, 1980, 2352, 2629, 2735, 2630, 2349, 1977, 1628, 1367, 
1417, 1659, 2017, 2387, 2651, 2734, 2611, 2316, 1940, 1599, 
1391, 1383, 1579, 1916, 2294, 2668, 2728, 2588, 2281, 1905, 
1571, 1379, 1395, 1608, 1955, 2328, 2616, 2734, 2644, 2377, 
2005, 1545, 1373, 1407, 1637, 1993, 2368, 2637, 2735, 2625, 
2343, 1968, 1620, 1400, 1377, 1559, 1890, 2396, 2656, 2731, 
2604, 2307, 1932, 1592, 1389, 1387, 1587, 1927, 2303, 2601, 
2732, 2658, 2400, 1895, 1564, 1378, 1399, 1616, 1964, 2339, 
2622, 2735, 2639, 2367, 1996, 1643, 1410, 1369, 1537, 2003, 
2372, 2643, 2734, 2620, 2335, 1958, 1611, 1396, 1379, 1567, 
1900, 2277, 2585, 2732, 2670, 2298, 1923, 1584, 1385, 1390, 
1599, 1936, 2314, 2608, 2734, 2654, 2391, 2023, 1667, 1420, 
1368, 1625, 1975, 2347, 2628, 2734, 2634, 2358, 1986, 1632, 
1405, 1374, 1548, 1874, 2252, 2567, 2727, 2616, 2323, 1948, 
1604, 1392, 1382, 1577, 1911, 2287, 2591, 2733, 2665, 2416, 
2049, 1688, 1432, 1394, 1605, 1947, 2325, 2614, 2734, 2648, 
2380, 2012, 1657, 1416, 1369, 1531, 1849, 2227, 2550, 2735, 
2630, 2350, 1975, 1622, 1402, 1376, 1557, 1884, 2261, 2575, 
2730, 2680, 2438, 2078, 1711, 1391, 1385, 1584, 1920, 2300, 
2598, 2732, 2662, 2407, 2040, 1679, 1427, 1364, 1513, 1824, 
2200, 2619, 2736, 2643, 2372, 2003, 1648, 1413, 1369, 1536, 
1859, 2237, 2556, 2723, 2687, 2460, 2104, 1617, 1399, 1380, 
1562, 1895, 2272, 2582, 2731, 2673, 2430, 2067, 1702, 1439, 
1362, 1496, 1797, 2305, 2604, 2737, 2657, 2396, 2029, 1671, 
1423, 1367, 1520, 1833, 2211, 2540, 2719, 2697, 2482, 1992, 
1639, 1408, 1372, 1546, 1866, 2248, 2566, 2727, 2683, 2451, 
2096, 1728, 1452, 1359, 1483, 1905, 2283, 2589, 2732, 2668, 
2420, 2057, 1692, 1434, 1363, 1503, 1807, 2183, 2520, 2713, 
2705, 2387, 2019, 1662, 1419, 1369, 1527, 1843, 2226, 2547, 
2720, 2693, 2473, 2123, 1749, 1467, 1361, 1551, 1879, 2256, 
2572, 2728, 2681, 2444, 2086, 1718, 1448, 1361, 1486, 1783, 
2156, 2500, 2707, 2664, 2412, 2046, 1683, 1428, 1366, 1510, 
1816, 2194, 2528, 2715, 2703, 2495, 2150, 1775, 1483, 1368, 
1533, 1854, 2232, 2552, 2723, 2690, 2464, 2111, 1740, 1461, 
1362, 1472, 1758, 2130, 2481, 2731, 2675, 2435, 2074, 1708, 
1442, 1363, 1493, 1792, 2168, 2508, 2708, 2712, 2514, 2175, 
1800, 1426, 1365, 1517, 1827, 2204, 2535, 2716, 2699, 2486, 
2139, 1764, 1478, 1361, 1456, 1735, 2103, 2559, 2726, 2686, 
2456, 2100, 1732, 1456, 1361, 1478, 1767, 2140, 2488, 2700, 
2717, 2535, 2203, 1699, 1439, 1363, 1500, 1802, 2177, 2516, 
2712, 2710, 2505, 2166, 1790, 1491, 1362, 1443, 1710, 2215, 
2542, 2721, 2695, 2478, 2127, 1756, 1470, 1361, 1463, 1743, 
2112, 2467, 2691, 2722, 2552, 2092, 1721, 1451, 1360, 1481, 
1777, 2151, 2494, 2704, 2715, 2527, 2191, 1816, 1507, 1365, 
1431, 1812, 2187, 2524, 2714, 2703, 2499, 2154, 1779, 1487, 
1360, 1447, 1719, 2086, 2447, 2680, 2734, 2470, 2116, 1748, 
1464, 1363, 1469, 1753, 2124, 2474, 2695, 2721, 2544, 2220, 
1841, 1523, 1369, 1489, 1788, 2163, 2503, 2707, 2712, 2520, 
2180, 1804, 1501, 1364, 1435, 1695, 2060, 2422, 2670, 2702, 
2492, 2144, 1770, 1480, 1361, 1454, 1728, 2097, 2452, 2686, 
2727, 2564, 2244, 1867, 1548, 1361, 1472, 1761, 2134, 2485, 
2697, 2718, 2539, 2208, 1831, 1518, 1367, 1423, 1672, 2032, 
2399, 2710, 2710, 2511, 2171, 1796, 1495, 1362, 1451, 1737, 
2135, 2544, 2732, 2659, 2387, 2009, 1647, 1370, 1417, 1657, 
2015, 2384, 2651, 2736, 2616, 2320, 1946, 1600, 1393, 1383, 
1578, 1915, 2291, 2667, 2732, 2591, 2286, 1910, 1574, 1382, 
1394, 1607, 1952, 2326, 2616, 2736, 2649, 2379, 2009, 1548, 
1374, 1407, 1635, 1987, 2360, 2636, 2736, 2628, 2347, 1972, 
1624, 1400, 1376, 1558, 1886, 2393, 2655, 2735, 2607, 2311, 
1937, 1596, 1390, 1384, 1587, 1924, 2301, 2600, 2732, 2660, 
2405, 1899, 1567, 1379, 1398, 1614, 1960, 2337, 2622, 2736, 
2642, 2370, 1999, 1644, 1412, 1372, 1539, 1999, 2371, 2643, 
2734, 2622, 2339, 1963, 1615, 1399, 1380, 1566, 1898, 2276, 
2584, 2732, 2671, 2302, 1926, 1587, 1387, 1390, 1594, 1935, 
2311, 2607, 2736, 2655, 2393, 2024, 1667, 1422, 1368, 1623, 
1972, 2344, 2627, 2736, 2636, 2361, 1993, 1638, 1407, 1372, 
1546, 1871, 2249, 2567, 2727, 2619, 2327, 1952, 1607, 1393, 
1384, 1575, 1908, 2284, 2591, 2732, 2665, 2418, 2055, 1690, 
1435, 1392, 1601, 1945, 2319, 2612, 2735, 2651, 2383, 2016, 
1659, 1417, 1368, 1528, 1846, 2223, 2547, 2736, 2631, 2353, 
1977, 1629, 1403, 1377, 1553, 1882, 2259, 2572, 2728, 2679, 
2439, 2080, 1713, 1392, 1385, 1582, 1919, 2297, 2596, 2732, 
2663, 2409, 2041, 1679, 1428, 1364, 1511, 1820, 2196, 2617, 
2736, 2646, 2375, 2004, 1650, 1414, 1370, 1536, 1856, 2234, 
2555, 2723, 2688, 2457, 2109, 1620, 1399, 1378, 1562, 1891, 
2271, 2583, 2728, 2675, 2432, 2071, 1705, 1441, 1363, 1494, 
1795, 2305, 2603, 2734, 2657, 2400, 2031, 1674, 1424, 1366, 
1519, 1828, 2207, 2538, 2718, 2698, 2484, 1996, 1641, 1410, 
1372, 1540, 1865, 2241, 2565, 2723, 2684, 2453, 2097, 1730, 
1455, 1363, 1480, 1902, 2280, 2588, 2732, 2671, 2424, 2061, 
1696, 1436, 1365, 1500, 1804, 2180, 2518, 2712, 2707, 2390, 
2022, 1663, 1420, 1370, 1526, 1840, 2216, 2544, 2720, 2694, 
2475, 2124, 1753, 1469, 1360, 1549, 1875, 2255, 2567, 2728, 
2680, 2445, 2088, 1721, 1449, 1362, 1486, 1778, 2154, 2499, 
2704, 2668, 2414, 2049, 1687, 1432, 1364, 1508, 1815, 2191, 
2528, 2715, 2704, 2496, 2153, 1778, 1486, 1371, 1529, 1852, 
2229, 2551, 2721, 2691, 2468, 2113, 1742, 1463, 1361, 1469, 
1756, 2126, 2479, 2731, 2676, 2436, 2076, 1711, 1446, 1360, 
1491, 1792, 2165, 2507, 2709, 2712, 2517, 2179, 1804, 1426, 
1365, 1516, 1825, 2200, 2534, 2716, 2702, 2489, 2142, 1768, 
1479, 1363, 1455, 1731, 2099, 2559, 2724, 2687, 2458, 2107, 
1735, 1456, 1361, 1476, 1764, 2137, 2483, 2699, 2718, 2535, 
2204, 1700, 1440, 1364, 1498, 1798, 2172, 2513, 2711, 2710, 
2509, 2168, 1793, 1494, 1361, 1441, 1707, 2212, 2541, 2719, 
2696, 2481, 2131, 1759, 1471, 1362, 1462, 1741, 2110, 2465, 
2688, 2723, 2556, 2094, 1725, 1452, 1363, 1481, 1771, 2149, 
2493, 2703, 2714, 2529, 2195, 1819, 1510, 1366, 1430, 1810, 
2183, 2523, 2715, 2707, 2500, 2159, 1781, 1488, 1363, 1449, 
1716, 2083, 2442, 2680, 2727, 2471, 2123, 1750, 1467, 1363, 
1466, 1750, 2121, 2473, 2693, 2721, 2550, 2223, 1844, 1528, 
1369, 1487, 1784, 2161, 2500, 2705, 2713, 2523, 2185, 1809, 
1503, 1365, 1435, 1693, 2056, 2422, 2668, 2705, 2492, 2148, 
1772, 1483, 1361, 1452, 1725, 2095, 2451, 2684, 2726, 2567, 
2248, 1868, 1547, 1363, 1471, 1759, 2132, 2480, 2697, 2719, 
2541, 2211, 1835, 1520, 1368, 1423, 1670, 2029, 2396, 2710, 
2709, 2513, 2176, 1799, 1498, 1363, 1439, 1702, 2067, 2432, 
2673, 2732, 2582, 2275, 1896, 1475, 1361, 1457, 1736, 2104, 
2459, 2687, 2724, 2559, 2238, 1861, 1539, 1371, 1412, 1794, 
1494, 1366, 1519, 1832, 2208, 2539, 2716, 2695, 2479, 2129, 
1758, 1471, 1360, 1459, 1738, 2107, 2461, 2726, 2680, 2451, 
2092, 1726, 1452, 1361, 1483, 1772, 2145, 2493, 2702, 2715, 
2529, 2194, 1817, 1433, 1362, 1502, 1806, 2183, 2519, 2712, 
2704, 2499, 2159, 1783, 1487, 1360, 1444, 1714, 2081, 2544, 
2719, 2691, 2472, 2119, 1750, 1465, 1362, 1464, 1749, 2118, 
2471, 2691, 2721, 2547, 2223, 1718, 1447, 1360, 1487, 1783, 
2157, 2501, 2703, 2712, 2522, 2185, 1809, 1502, 1364, 1433, 
1691, 2191, 2529, 2715, 2702, 2494, 2147, 1776, 1480, 1361, 
1451, 1723, 2092, 2448, 2683, 2726, 2566, 2110, 1742, 1461, 
1362, 1471, 1757, 2131, 2478, 2695, 2719, 2540, 2212, 1836, 
1520, 1367, 1423, 1793, 2168, 2507, 2708, 2711, 2515, 2175, 
1800, 1496, 1361, 1439, 1700, 2065, 2427, 2673, 2731, 2486, 
2137, 1764, 1476, 1361, 1457, 1732, 2104, 2459, 2686, 2724, 
2558, 2238, 1861, 1540, 1371, 1478, 1767, 2142, 2488, 2700, 
2716, 2534, 2204, 1826, 1514, 1366, 1427, 1677, 2038, 2404, 
2660, 2707, 2506, 2165, 1792, 1494, 1361, 1443, 1711, 2076, 
2436, 2676, 2728, 2577, 2265, 1886, 1555, 1362, 1462, 1741, 
2112, 2467, 2691, 2723, 2552, 2228, 1850, 1532, 1368, 1415, 
1655, 2012, 2379, 2703, 2717, 2526, 2191, 1815, 1508, 1365, 
1432, 1687, 2048, 2415, 2667, 2732, 2595, 2291, 1913, 1486, 
1362, 1449, 1716, 2087, 2444, 2680, 2727, 2571, 2254, 1877, 
1552, 1375, 1407, 1632, 1983, 2473, 2695, 2720, 2544, 2217, 
1841, 1525, 1367, 1420, 1664, 2021, 2390, 2652, 2735, 2611, 
2316, 1806, 1500, 1361, 1436, 1695, 2060, 2422, 2670, 2729, 
2588, 2281, 1902, 1569, 1380, 1396, 1610, 2097, 2452, 2687, 
2723, 2563, 2247, 1865, 1544, 1372, 1408, 1641, 1994, 2366, 
2639, 2736, 2624, 2207, 1831, 1520, 1367, 1423, 1672, 2031, 
2400, 2657, 2734, 2604, 2307, 1928, 1590, 1388, 1388, 1705, 
2070, 2430, 2676, 2728, 2582, 2270, 1892, 1561, 1376, 1401, 
1619, 1968, 2340, 2623, 2735, 2556, 2234, 1856, 1536, 1371, 
1414, 1649, 2004, 2376, 2646, 2736, 2620, 2332, 1957, 1610, 
1397, 1428, 1678, 2044, 2407, 2663, 2732, 2597, 2298, 1919, 
1583, 1386, 1392, 1598, 1940, 2316, 2611, 2729, 2575, 2259, 
1882, 1556, 1376, 1403, 1626, 1978, 2351, 2631, 2736, 2632, 
2356, 1983, 1632, 1369, 1415, 1657, 2018, 2383, 2649, 2736, 
2615, 2322, 1945, 1604, 1393, 1384, 1577, 1915, 2291, 2669, 
2731, 2591, 2286, 1908, 1575, 1382, 1395, 1607, 1951, 2327, 
2617, 2736, 2647, 2380, 2008, 1546, 1375, 1405, 1636, 1990, 
2360, 2633, 2736, 2627, 2347, 1973, 1623, 1402, 1377, 1560, 
1888, 2396, 2655, 2732, 2609, 2311, 1935, 1595, 1389, 1385, 
1586, 1925, 2303, 2601, 2733, 2661, 2404, 1898, 1567, 1379, 
1400, 1615, 1962, 2337, 2623, 2736, 2643, 2371, 1999, 1646, 
1412, 1372, 1537, 2004, 2369, 2640, 2735, 2623, 2337, 1963, 
1615, 1399, 1380, 1567, 1899, 2275, 2584, 2732, 2676, 2302, 
1927, 1587, 1388, 1390, 1595, 1936, 2311, 2607, 2736, 2656, 
2392, 2026, 1668, 1422, 1367, 1623, 1972, 2345, 2627, 2736, 
2636, 2360, 1988, 1635, 1407, 1372, 1548, 1871, 2248, 2564, 
2727, 2616, 2326, 1951, 1607, 1394, 1382, 1572, 1908, 2285, 
2591, 2732, 2668, 2419, 2051, 1695, 1431, 1391, 1603, 1946, 
2320, 2612, 2735, 2652, 2385, 2017, 1660, 1418, 1369, 1529, 
1846, 2223, 2551, 2739, 2631, 2352, 1978, 1628, 1404, 1375, 
1553, 1882, 2260, 2574, 2728, 2679, 2441, 2083, 1713, 1390, 
1385, 1580, 1919, 2296, 2597, 2732, 2663, 2407, 2044, 1683, 
1429, 1365, 1537, 1897, 2331, 2705, 2707, 2493, 2145, 1767, 
1474, 1361, 1469, 1751, 2122, 2473, 2694, 2726, 2544, 2221, 
1843, 1446, 1361, 1488, 1786, 2160, 2503, 2707, 2712, 2520, 
2183, 1807, 1502, 1361, 1436, 1693, 2057, 2530, 2716, 2702, 
2493, 2147, 1772, 1481, 1362, 1452, 1726, 2096, 2451, 2684, 
2727, 2567, 2246, 1740, 1462, 1361, 1473, 1760, 2132, 2481, 
2697, 2720, 2539, 2210, 1835, 1518, 1367, 1422, 1671, 2172, 
2510, 2708, 2710, 2514, 2174, 1797, 1497, 1363, 1440, 1703, 
2069, 2431, 2673, 2731, 2582, 2136, 1763, 1475, 1362, 1459, 
1737, 2104, 2460, 2688, 2726, 2558, 2237, 1857, 1536, 1372, 
1412, 1770, 2144, 2491, 2702, 2716, 2532, 2200, 1823, 1512, 
1364, 1429, 1678, 2042, 2404, 2663, 2734, 2504, 2163, 1788, 
1489, 1362, 1443, 1712, 2079, 2439, 2680, 2726, 2577, 2263, 
1884, 1558, 1376, 1464, 1745, 2116, 2470, 2691, 2723, 2552, 
2225, 1848, 1531, 1369, 1415, 1658, 2013, 2382, 2648, 2714, 
2524, 2188, 1814, 1505, 1365, 1432, 1688, 2051, 2416, 2665, 
2735, 2596, 2288, 1911, 1576, 1361, 1449, 1720, 2089, 2446, 
2681, 2728, 2570, 2252, 1873, 1552, 1375, 1406, 1634, 1986, 
2359, 2695, 2719, 2544, 2215, 1839, 1524, 1367, 1420, 1665, 
2026, 2392, 2655, 2735, 2610, 2313, 1937, 1504, 1363, 1434, 
1692, 2056, 2419, 2670, 2731, 2591, 2283, 1908, 1572, 1380, 
1396, 1610, 1953, 2451, 2683, 2727, 2566, 2248, 1870, 1546, 
1374, 1409, 1636, 1991, 2363, 2637, 2736, 2627, 2344, 1836, 
1518, 1367, 1422, 1668, 2028, 2396, 2658, 2730, 2609, 2311, 
1932, 1592, 1390, 1389, 1589, 2067, 2428, 2673, 2729, 2584, 
2274, 1896, 1565, 1381, 1400, 1617, 1965, 2338, 2624, 2737, 
2643, 2238, 1859, 1539, 1371, 1411, 1648, 2001, 2371, 2644, 
2735, 2622, 2335, 1959, 1613, 1396, 1380, 1679, 2039, 2404, 
2660, 2734, 2600, 2300, 1921, 1584, 1385, 1391, 1596, 1938, 
2312, 2608, 2734, 2577, 2263, 1886, 1558, 1377, 1402, 1625, 
1971, 2351, 2628, 2735, 2635, 2360, 1987, 1634, 1407, 1416, 
1656, 2012, 2383, 2648, 2735, 2617, 2324, 1950, 1607, 1394, 
1383, 1575, 1912, 2288, 2592, 2732, 2593, 2289, 1912, 1576, 
1383, 1393, 1606, 1948, 2327, 2614, 2736, 2649, 2383, 2012, 
1658, 1375, 1406, 1632, 1984, 2359, 2635, 2739, 2627, 2350, 
1976, 1624, 1401, 1376, 1556, 1884, 2262, 2654, 2736, 2611, 
2315, 1938, 1597, 1388, 1387, 1584, 1921, 2298, 2599, 2732, 
2663, 2406, 2040, 1568, 1380, 1396, 1612, 1959, 2332, 2620, 
2735, 2643, 2372, 2003, 1647, 1414, 1371, 1537, 1858, 2367, 
2640, 2736, 2624, 2339, 1961, 1619, 1399, 1376, 1563, 1895, 
2273, 2582, 2732, 2673, 2430, 1928, 1588, 1388, 1389, 1592, 
1936, 2305, 2605, 2736, 2656, 2397, 2029, 1671, 1423, 1367, 
1521, 1968, 2344, 2625, 2735, 2638, 2363, 1992, 1640, 1411, 
1372, 1544, 1867, 2246, 2561, 2727, 2684, 2329, 1955, 1609, 
1395, 1381, 1568, 1906, 2282, 2589, 2733, 2670, 2422, 2057, 
1693, 1435, 1365, 1600, 1943, 2318, 2611, 2734, 2654, 2388, 
2017, 1663, 1422, 1368, 1527, 1843, 2222, 2547, 2722, 2632, 
2355, 1983, 1631, 1406, 1376, 1552, 1879, 2255, 2572, 2727, 
2680, 2444, 2083, 1717, 1448, 1383, 1579, 1913, 2292, 2595, 
2729, 2664, 2411, 2047, 1684, 1430, 1365, 1511, 1817, 2193, 
2531, 2735, 2647, 2378, 2010, 1653, 1417, 1371, 1533, 1854, 
2232, 2553, 2723, 2690, 2466, 2112, 1741, 1401, 1376, 1559, 
1890, 2267, 2576, 2731, 2676, 2435, 2075, 1709, 1443, 1363, 
1494, 1792, 2167, 2601, 2735, 2660, 2400, 2035, 1676, 1425, 
1365, 1517, 1827, 2204, 2535, 2719, 2700, 2487, 2139, 1646, 
1411, 1372, 1931, 1592, 1388, 1386, 1585, 1924, 2300, 2599, 
2734, 2654, 2400, 2033, 1675, 1380, 1398, 1612, 1961, 2335, 
2620, 2733, 2640, 2368, 1998, 1644, 1407, 1372, 1540, 1862, 
2239, 2640, 2732, 2620, 2334, 1960, 1614, 1396, 1379, 1566, 
1899, 2275, 2583, 2730, 2671, 2426, 2062, 1585, 1386, 1389, 
1594, 1935, 2311, 2606, 2733, 2654, 2392, 2023, 1669, 1421, 
1368, 1522, 1836, 2346, 2627, 2735, 2635, 2360, 1988, 1635, 
1405, 1372, 1548, 1870, 2251, 2566, 2723, 2680, 2448, 1950, 
1606, 1393, 1382, 1574, 1907, 2284, 2590, 2735, 2665, 2417, 
2050, 1690, 1432, 1362, 1505, 1946, 2321, 2612, 2735, 2649, 
2383, 2015, 1658, 1417, 1369, 1528, 1849, 2225, 2548, 2722, 
2692, 2352, 1979, 1626, 1404, 1377, 1554, 1884, 2260, 2572, 
2729, 2678, 2438, 2080, 1714, 1446, 1361, 1581, 1920, 2296, 
2595, 2732, 2663, 2407, 2041, 1681, 1425, 1365, 1512, 1820, 
2198, 2531, 2714, 2645, 2375, 2003, 1649, 1415, 1371, 1536, 
1859, 2235, 2557, 2725, 2687, 2461, 2108, 1738, 1459, 1377, 
1562, 1892, 2271, 2580, 2729, 2675, 2432, 2068, 1704, 1439, 
1361, 1495, 1795, 2170, 2511, 2731, 2657, 2399, 2031, 1671, 
1423, 1366, 1520, 1829, 2208, 2537, 2717, 2696, 2483, 2134, 
1761, 1409, 1372, 1543, 1867, 2244, 2563, 2726, 2685, 2457, 
2096, 1728, 1455, 1361, 1482, 1771, 2144, 2587, 2732, 2670, 
2423, 2058, 1694, 1436, 1363, 1502, 1805, 2182, 2518, 2711, 
2707, 2503, 2161, 1664, 1419, 1368, 1526, 1840, 2219, 2543, 
2719, 2694, 2476, 2120, 1752, 1468, 1361, 1464, 1747, 2255, 
2569, 2728, 2680, 2444, 2086, 1719, 1450, 1360, 1485, 1780, 
2156, 2499, 2705, 2714, 2523, 2048, 1685, 1430, 1364, 1508, 
1816, 2191, 2524, 2716, 2703, 2494, 2150, 1777, 1484, 1360, 
1451, 1852, 2228, 2552, 2718, 2690, 2467, 2112, 1744, 1463, 
1359, 1470, 1755, 2127, 2478, 2696, 2719, 2435, 2075, 1709, 
1443, 1362, 1492, 1790, 2166, 2505, 2712, 2712, 2515, 2178, 
1803, 1500, 1363, 1515, 1825, 2202, 2534, 2718, 2700, 2486, 
2141, 1766, 1478, 1361, 1455, 1732, 2102, 2456, 2686, 2686, 
2459, 2103, 1732, 1457, 1361, 1478, 1763, 2137, 2487, 2700, 
2717, 2536, 2204, 1828, 1516, 1362, 1499, 1799, 2175, 2514, 
2711, 2708, 2507, 2169, 1792, 1493, 1362, 1441, 1708, 2074, 
2435, 2720, 2697, 2480, 2130, 1758, 1472, 1360, 1463, 1739, 
2110, 2465, 2689, 2723, 2555, 2232, 1854, 1452, 1361, 1483, 
1774, 2148, 2496, 2700, 2715, 2527, 2193, 1817, 1508, 1365, 
1430, 1684, 2046, 2523, 2713, 2706, 2499, 2158, 1781, 1486, 
1362, 1451, 1717, 2084, 2444, 2681, 2727, 2572, 2257, 1748, 
1466, 1361, 1468, 1751, 2120, 2475, 2692, 2723, 2548, 2221, 
1843, 1526, 1368, 1420, 1662, 2160, 2502, 2706, 2713, 2521, 
2184, 1807, 1504, 1364, 1434, 1694, 2057, 2422, 2670, 2732, 
2590, 2146, 1774, 1483, 1362, 1450, 1728, 2096, 2452, 2684, 
2727, 2566, 2247, 1868, 1546, 1374, 1408, 1760, 2133, 2481, 
2697, 2719, 2542, 2211, 1833, 1520, 1367, 1423, 1671, 2030, 
2397, 2656, 2735, 2512, 2174, 1798, 1496, 1364, 1438, 1703, 
2068, 2428, 2675, 2731, 2583, 2274, 1896, 1564, 1379, 1458, 
1736, 2105, 2457, 2689, 2726, 2557, 2236, 1860, 1537, 1371, 
1414, 1648, 2003, 2373, 2644, 2718, 2534, 2198, 1825, 1510, 
1367, 1425, 1678, 2040, 2407, 2662, 2734, 2600, 2299, 1921, 
1583, 1361, 1443, 1712, 2076, 2438, 2677, 2729, 2575, 2263, 
1885, 1558, 1377, 1403, 1626, 1977, 2350, 2691, 2724, 2552, 
2227, 1850, 1532, 1369, 1416, 1657, 2012, 2383, 2649, 2737, 
2616, 2324, 1948, 1505, 1365, 1439, 1725, 2121, 2537, 2731, 
2667, 2400, 2023, 1656, 1413, 1379, 1564, 1895, 2273, 2659, 
2731, 2604, 2304, 1927, 1587, 1387, 1389, 1592, 1932, 2308, 
2607, 2734, 2657, 2395, 2028, 1561, 1375, 1402, 1620, 1968, 
2343, 2627, 2736, 2638, 2364, 1991, 1639, 1407, 1373, 1545, 
1868, 2376, 2646, 2737, 2619, 2328, 1953, 1608, 1393, 1382, 
1574, 1907, 2283, 2590, 2732, 2668, 2421, 1919, 1580, 1383, 
1394, 1601, 1943, 2319, 2612, 2736, 2652, 2387, 2018, 1662, 
1419, 1370, 1528, 1976, 2356, 2631, 2736, 2631, 2355, 1981, 
1631, 1404, 1375, 1552, 1880, 2257, 2572, 2727, 2680, 2319, 
1945, 1599, 1392, 1384, 1579, 1918, 2294, 2595, 2732, 2664, 
2411, 2043, 1684, 1429, 1364, 1609, 1951, 2332, 2617, 2736, 
2647, 2377, 2007, 1653, 1414, 1370, 1536, 1854, 2232, 2553, 
2723, 2630, 2344, 1970, 1621, 1400, 1379, 1559, 1888, 2268, 
2578, 2729, 2675, 2433, 2072, 1707, 1441, 1385, 1588, 1927, 
2303, 2601, 2735, 2660, 2403, 2035, 1676, 1426, 1367, 1518, 
1829, 2204, 2540, 2735, 2642, 2368, 1998, 1643, 1412, 1373, 
1542, 1863, 2243, 2559, 2724, 2686, 2456, 2101, 1729, 1398, 
1380, 1568, 1900, 2277, 2585, 2732, 2671, 2425, 2062, 1697, 
1437, 1363, 1499, 1803, 2176, 2608, 2736, 2655, 2392, 2024, 
1667, 1420, 1368, 1524, 1839, 2216, 2544, 2719, 2695, 2478, 
2128, 1635, 1406, 1375, 1548, 1873, 2252, 2568, 2727, 2683, 
2447, 2089, 1721, 1450, 1361, 1480, 1779, 2287, 2592, 2732, 
2667, 2417, 2051, 1689, 1432, 1365, 1507, 1814, 2188, 2524, 
2714, 2704, 2499, 2022, 1660, 1420, 1368, 1527, 1843, 2222, 
2545, 2721, 2694, 2473, 2123, 1750, 1468, 1361, 1466, 1876, 
2252, 2567, 2726, 2681, 2447, 2089, 1721, 1450, 1362, 1484, 
1777, 2151, 2496, 2706, 2713, 2421, 2057, 1694, 1435, 1363, 
1502, 1807, 2183, 2520, 2712, 2704, 2502, 2159, 1782, 1489, 
1362, 1524, 1836, 2215, 2542, 2719, 2695, 2476, 2127, 1755, 
1470, 1360, 1463, 1744, 2112, 2468, 2689, 2681, 2447, 2091, 
1722, 1450, 1361, 1484, 1777, 2151, 2495, 2705, 2715, 2527, 
2191, 1816, 1504, 1364, 1506, 1812, 2188, 2524, 2713, 2704, 
2498, 2155, 1779, 1486, 1361, 1447, 1721, 2087, 2443, 2722, 
2691, 2469, 2118, 1745, 1464, 1363, 1468, 1752, 2124, 2476, 
2695, 2718, 2548, 2219, 1841, 1445, 1361, 1488, 1788, 2162, 
2503, 2708, 2713, 2519, 2182, 1806, 1502, 1366, 1436, 1695, 
2060, 2531, 2716, 2700, 2492, 2144, 1771, 1479, 1359, 1454, 
1729, 2098, 2452, 2686, 2725, 2567, 2246, 1736, 1459, 1361, 
1474, 1762, 2135, 2483, 2698, 2719, 2539, 2209, 1829, 1518, 
1367, 1426, 1671, 2173, 2511, 2707, 2710, 2511, 2172, 1796, 
1496, 1363, 1440, 1704, 2072, 2430, 2674, 2729, 2583, 2134, 
1760, 1473, 1360, 1459, 1736, 2108, 2459, 2687, 2723, 2557, 
2235, 1855, 1537, 1372, 1412, 1772, 2145, 2491, 2702, 2716, 
2531, 2198, 1821, 1511, 1364, 1427, 1681, 2044, 2408, 2664, 
2733, 2502, 2160, 1785, 1490, 1362, 1445, 1713, 2080, 2440, 
2678, 2731, 2571, 2261, 1883, 1556, 1376, 1466, 1748, 2118, 
2471, 2694, 2723, 2550, 2225, 1846, 1529, 1369, 1416, 1660, 
2014, 2385, 2651, 2714, 2524, 2188, 1811, 1505, 1366, 1433, 
1690, 2054, 2417, 2667, 2734, 2588, 2287, 1908, 1574, 1362, 
1449, 1723, 2092, 2448, 2683, 2727, 2568, 2249, 1873, 1547, 
1374, 1405, 1635, 1990, 2361, 2696, 2719, 2543, 2214, 1836, 
1521, 1367, 1421, 1667, 2024, 2396, 2656, 2735, 2607, 2312, 
1935, 1499, 1363, 1437, 1699, 2063, 2427, 2675, 2732, 2585, 
2272, 1899, 1567, 1380, 1398, 1614, 1961, 2457, 2687, 2727, 
2561, 2240, 1863, 1540, 1373, 1412, 1799, 1498, 1362, 1436, 
1697, 2061, 2424, 2714, 2700, 2484, 2139, 1767, 1476, 1360, 
1456, 1731, 2100, 2455, 2684, 2723, 2559, 2238, 1862, 1456, 
1359, 1478, 1763, 2139, 2483, 2699, 2716, 2534, 2204, 1825, 
1514, 1365, 1424, 1675, 2035, 2512, 2707, 2707, 2503, 2166, 
1790, 1491, 1361, 1441, 1707, 2073, 2433, 2675, 2727, 2575, 
2264, 1756, 1470, 1359, 1460, 1739, 2110, 2463, 2687, 2721, 
2552, 2230, 1851, 1532, 1368, 1414, 1654, 2144, 2494, 2703, 
2712, 2526, 2193, 1816, 1507, 1365, 1430, 1684, 2047, 2412, 
2664, 2731, 2594, 2158, 1779, 1488, 1364, 1447, 1716, 2083, 
2443, 2679, 2727, 2571, 2255, 1876, 1551, 1374, 1405, 1752, 
2121, 2475, 2691, 2721, 2546, 2219, 1840, 1526, 1368, 1419, 
1663, 2019, 2387, 2652, 2735, 2519, 2183, 1807, 1504, 1362, 
1435, 1694, 2057, 2419, 2670, 2731, 2588, 2281, 1904, 1570, 
1380, 1451, 1728, 2096, 2450, 2683, 2726, 2564, 2246, 1868, 
1544, 1372, 1408, 1639, 1992, 2364, 2638, 2719, 2536, 2211, 
1832, 1519, 1366, 1424, 1671, 2029, 2396, 2656, 2732, 2606, 
2308, 1931, 1591, 1363, 1437, 1703, 2068, 2428, 2673, 2730, 
2582, 2272, 1894, 1564, 1379, 1399, 1617, 1967, 2339, 2687, 
2723, 2556, 2236, 1859, 1537, 1371, 1413, 1648, 2002, 2375, 
2643, 2736, 2620, 2335, 1958, 1511, 1365, 1427, 1683, 2041, 
2406, 2662, 2735, 2599, 2299, 1922, 1584, 1385, 1391, 1596, 
1941, 2439, 2678, 2727, 2575, 2261, 1883, 1555, 1376, 1403, 
1626, 1976, 2351, 2629, 2736, 2633, 2358, 1849, 1531, 1368, 
1417, 1657, 2014, 2383, 2649, 2735, 2616, 2323, 1947, 1605, 
1392, 1385, 1577, 2047, 2412, 2665, 2734, 2596, 2295, 1916, 
1580, 1386, 1392, 1601, 1944, 2319, 2609, 2736, 2651, 2257, 
1879, 1553, 1375, 1404, 1629, 1982, 2352, 2631, 2735, 2631, 
2353, 1980, 1630, 1404, 1374, 1660, 2019, 2386, 2650, 2735, 
2611, 2319, 1943, 1600, 1391, 1384, 1580, 1916, 2296, 2595, 
2735, 2588, 2284, 1907, 1571, 1381, 1396, 1609, 1955, 2328, 
2618, 2735, 2646, 2377, 2006, 1649, 1415, 1408, 1639, 1991, 
2364, 2639, 2735, 2627, 2344, 1971, 1620, 1399, 1377, 1561, 
1890, 2268, 2579, 2733, 2604, 2309, 1932, 1591, 1388, 1389, 
1588, 1928, 2304, 2603, 2735, 2659, 2400, 2035, 1676, 1379, 
1399, 1618, 1964, 2339, 2623, 2737, 2640, 2368, 1996, 1643, 
1411, 1372, 1543, 1863, 2242, 2643, 2736, 2621, 2334, 1959, 
1612, 1397, 1380, 1567, 1902, 2279, 2585, 2732, 2671, 2424, 
2060, 1584, 1385, 1390, 1597, 1937, 2315, 2609, 2736, 2655, 
2391, 2024, 1664, 1420, 1368, 1525, 1839, 2348, 2629, 2736, 
2635, 2359, 1985, 1635, 1406, 1374, 1549, 1875, 2254, 2567, 
2727, 2682, 2447, 1948, 1605, 1396, 1382, 1575, 1911, 2288, 
2592, 2732, 2666, 2416, 2052, 1688, 1432, 1364, 1507, 1948, 
2323, 2615, 2735, 2648, 2382, 2012, 1657, 1417, 1370, 1532, 
1849, 2228, 2551, 2724, 2692, 2349, 1976, 1625, 1401, 1376, 
1556, 1884, 2262, 2575, 2729, 2678, 2439, 2079, 1710, 1445, 
1361, 1583, 1921, 2298, 2598, 2734, 2661, 2407, 2040, 1679, 
1427, 1364, 1514, 1823, 2200, 2532, 2717, 2643, 2372, 2003, 
1648, 1412, 1372, 1537, 1859, 2238, 2558, 2724, 2687, 2460, 
2105, 1735, 1457, 1379, 1563, 1895, 2272, 2582, 2732, 2672, 
2428, 2065, 1703, 1439, 1363, 1497, 1797, 2172, 2512, 2735, 
2658, 2396, 2028, 1671, 1423, 1367, 1520, 1833, 2210, 2539, 
2718, 2696, 2480, 2132, 1760, 1409, 1374, 1544, 1868, 2247, 
2563, 2726, 2684, 2451, 2095, 1726, 1453, 1361, 1481, 1772, 
2147, 2588, 2732, 2668, 2421, 2056, 1692, 1434, 1363, 1528, 
1883, 2319, 2648, 2734, 2600, 2288, 1912, 1483, 1360, 1463, 
1743, 2114, 2465, 2689, 2723, 2552, 2228, 1851, 1532, 1369, 
1416, 1656, 2012, 2495, 2703, 2715, 2524, 2191, 1815, 1506, 
1364, 1431, 1687, 2049, 2414, 2667, 2732, 2593, 2289, 1780, 
1485, 1361, 1448, 1720, 2087, 2444, 2680, 2727, 2569, 2254, 
1875, 1551, 1375, 1406, 1632, 2124, 2475, 2695, 2720, 2546, 
2219, 1840, 1524, 1367, 1420, 1663, 2022, 2390, 2652, 2735, 
2610, 2181, 1805, 1500, 1363, 1435, 1696, 2059, 2423, 2670, 
2731, 2587, 2280, 1903, 1569, 1380, 1396, 1731, 2097, 2454, 
2684, 2725, 2564, 2244, 1866, 1543, 1372, 1409, 1642, 1995, 
2367, 2638, 2736, 2542, 2214, 1836, 1520, 1367, 1422, 1668, 
2028, 2395, 2656, 2733, 2608, 2310, 1934, 1593, 1389, 1438, 
1699, 2064, 2427, 2672, 2730, 2584, 2275, 1897, 1567, 1379, 
1398, 1615, 1963, 2515, 
END
