2, 
2584, 2608, 2628, 2648, 2664, 2679, 2695, 2703, 2716, 2725, 
2729, 2732, 2733, 2736, 2732, 2729, 2721, 2712, 2700, 2687, 
2675, 2657, 2639, 2618, 2598, 2576, 2552, 2526, 2499, 2470, 
2439, 2408, 2364, 2330, 2296, 2261, 2226, 2185, 2150, 2115, 
2077, 2041, 2001, 1967, 1930, 1893, 1859, 1823, 1775, 1742, 
1710, 1679, 1647, 1616, 1589, 1560, 1535, 1511, 1488, 1468, 
1448, 1432, 1417, 1404, 1387, 1379, 1372, 1367, 1362, 1362, 
1364, 1364, 1372, 1379, 1389, 1399, 1414, 1427, 1444, 1463, 
1491, 1514, 1539, 1564, 1591, 1620, 1649, 1681, 1713, 1745, 
1780, 1811, 1848, 1883, 1920, 1958, 2006, 2046, 2081, 2119, 
2156, 2192, 2231, 2267, 2302, 2333, 2367, 2400, 2431, 2463, 
2491, 2519, 2555, 2579, 2602, 2622, 2641, 2659, 2676, 2691, 
2704, 2713, 2723, 2727, 2732, 2735, 2734, 2735, 2729, 2723, 
2715, 2705, 2693, 2678, 2665, 2646, 2627, 2607, 2583, 2559, 
2536, 2506, 2479, 2451, 2407, 2374, 2340, 2307, 2273, 2237, 
2200, 2163, 2127, 2087, 2052, 2015, 1977, 1943, 1907, 1868, 
1820, 1785, 1752, 1720, 1687, 1655, 1626, 1597, 1571, 1544, 
1519, 1496, 1475, 1456, 1436, 1420, 1403, 1391, 1382, 1376, 
1368, 1363, 1363, 1362, 1367, 1370, 1378, 1386, 1395, 1410, 
1424, 1439, 1465, 1486, 1507, 1530, 1556, 1583, 1611, 1640, 
1673, 1705, 1735, 1768, 1803, 1838, 1874, 1910, 1960, 1996, 
2035, 2069, 2108, 2145, 2181, 2217, 2255, 2289, 2323, 2359, 
2391, 2424, 2452, 2484, 2521, 2550, 2572, 2595, 2616, 2636, 
2656, 2672, 2687, 2699, 2711, 2719, 2727, 2732, 2735, 2736, 
2738, 2730, 2726, 2718, 2709, 2697, 2684, 2669, 2652, 2634, 
2616, 2592, 2567, 2543, 2516, 2489, 2448, 2417, 2384, 2353, 
2319, 2284, 2247, 2211, 2177, 2140, 2101, 2063, 2027, 1991, 
1953, 1916, 1864, 1832, 1799, 1760, 1731, 1697, 1666, 1635, 
1606, 1577, 1550, 1527, 1503, 1484, 1460, 1442, 1422, 1408, 
1393, 1384, 1372, 1368, 1367, 1364, 1366, 1366, 1370, 1374, 
1384, 1393, 1406, 1419, 1439, 1458, 1480, 1499, 1524, 1549, 
1575, 1601, 1631, 1662, 1695, 1725, 1756, 1792, 1827, 1863, 
1912, 1951, 1985, 2023, 2059, 2096, 2132, 2170, 2207, 2243, 
2279, 2312, 2348, 2382, 2415, 2444, 2486, 2513, 2540, 2564, 
2588, 2611, 2630, 2649, 2668, 2681, 2697, 2707, 2717, 2727, 
2732, 2735, 2736, 2735, 2732, 2727, 2719, 2712, 2702, 2687, 
2672, 2658, 2639, 2619, 2598, 2575, 2552, 2524, 2487, 2456, 
2427, 2395, 2362, 2328, 2294, 2257, 2222, 2186, 2151, 2112, 
2076, 2038, 1999, 1963, 1913, 1878, 1843, 1807, 1774, 1740, 
1708, 1676, 1644, 1615, 1587, 1559, 1534, 1511, 1488, 1468, 
1441, 1424, 1411, 1398, 1387, 1377, 1370, 1366, 1365, 1361, 
1364, 1367, 1372, 1380, 1391, 1401, 1418, 1436, 1454, 1473, 
1493, 1518, 1542, 1566, 1594, 1623, 1655, 1683, 1716, 1748, 
1784, 1817, 1865, 1902, 1934, 1973, 2011, 2049, 2086, 2120, 
2159, 2195, 2232, 2268, 2305, 2339, 2370, 2403, 2447, 2476, 
2503, 2532, 2556, 2580, 2604, 2625, 2643, 2663, 2678, 2690, 
2704, 2713, 2723, 2727, 2735, 2736, 2736, 2732, 2728, 2722, 
2713, 2703, 2692, 2678, 2660, 2644, 2625, 2607, 2582, 2557, 
2523, 2495, 2466, 2435, 2406, 2372, 2339, 2308, 2270, 2234, 
2196, 2160, 2123, 2087, 2051, 2009, 1964, 1926, 1885, 1855, 
1816, 1784, 1749, 1717, 1684, 1653, 1620, 1592, 1563, 1531, 
1504, 1483, 1452, 1436, 1419, 1405, 1392, 1383, 1374, 1371, 
1363, 1364, 1365, 1366, 1369, 1379, 1385, 1396, 1413, 1427, 
1444, 1464, 1484, 1504, 1529, 1552, 1581, 1609, 1637, 1668, 
1699, 1733, 1764, 1801, 1848, 1883, 1920, 1954, 1992, 2028, 
2066, 2104, 2140, 2179, 2214, 2252, 2286, 2321, 2356, 2388, 
2432, 2463, 2491, 2519, 2545, 2572, 2595, 2616, 2636, 2654, 
2672, 2686, 2698, 2711, 2719, 2727, 2734, 2735, 2736, 2735, 
2729, 2724, 2719, 2711, 2699, 2685, 2672, 2654, 2636, 2616, 
2593, 2569, 2535, 2506, 2480, 2450, 2420, 2387, 2355, 2320, 
2287, 2251, 2216, 2180, 2140, 2107, 2064, 2030, 1979, 1943, 
1905, 1871, 1834, 1800, 1766, 1734, 1700, 1669, 1639, 1611, 
1582, 1553, 1528, 1505, 1475, 1455, 1437, 1422, 1407, 1396, 
1385, 1376, 1367, 1367, 1366, 1363, 1363, 1368, 1373, 1382, 
1397, 1407, 1424, 1439, 1458, 1478, 1498, 1521, 1547, 1572, 
1600, 1629, 1659, 1689, 1723, 1756, 1804, 1838, 1875, 1910, 
1941, 1981, 2019, 2056, 2094, 2131, 2168, 2204, 2241, 2275, 
2310, 2345, 2390, 2422, 2452, 2483, 2511, 2538, 2563, 2585, 
2609, 2629, 2649, 2664, 2679, 2695, 2708, 2717, 2731, 2732, 
2736, 2737, 2736, 2732, 2727, 2723, 2713, 2703, 2689, 2675, 
2659, 2641, 2621, 2600, 2568, 2544, 2515, 2489, 2460, 2430, 
2398, 2366, 2332, 2297, 2261, 2225, 2188, 2153, 2116, 2080, 
2027, 1992, 1955, 1918, 1880, 1846, 1809, 1776, 1742, 1710, 
1681, 1646, 1617, 1590, 1560, 1536, 1503, 1484, 1462, 1443, 
1427, 1414, 1400, 1388, 1379, 1371, 1368, 1364, 1363, 1366, 
1366, 1373, 1384, 1393, 1406, 1418, 1435, 1451, 1472, 1492, 
1513, 1539, 1564, 1592, 1619, 1649, 1679, 1713, 1758, 1792, 
1825, 1862, 1897, 1934, 1969, 2007, 2047, 2081, 2118, 2158, 
2191, 2230, 2264, 2299, 2348, 2380, 2412, 2444, 2475, 2502, 
2529, 2556, 2580, 2603, 2623, 2643, 2660, 2678, 2689, 2703, 
2716, 2725, 2732, 2733, 2736, 2737, 2732, 2732, 2723, 2713, 
2704, 2693, 2679, 2665, 2646, 2625, 2598, 2575, 2551, 2525, 
2496, 2468, 2439, 2407, 2374, 2340, 2307, 2273, 2236, 2200, 
2168, 2126, 2077, 2040, 2000, 1966, 1928, 1891, 1856, 1821, 
1787, 1753, 1720, 1688, 1657, 1627, 1599, 1571, 1535, 1511, 
1489, 1469, 1449, 1431, 1416, 1402, 1392, 1381, 1375, 1368, 
1365, 1363, 1363, 1366, 1372, 1379, 1388, 1400, 1412, 1427, 
1446, 1464, 1486, 1507, 1531, 1556, 1583, 1612, 1639, 1671, 
1712, 1747, 1782, 1815, 1851, 1885, 1923, 1958, 1994, 2032, 
2068, 2108, 2144, 2183, 2219, 2254, 2305, 2336, 2370, 2403, 
2433, 2465, 2494, 2520, 2547, 2572, 2595, 2615, 2633, 2655, 
2672, 2684, 2703, 2713, 2723, 2724, 2732, 2737, 2737, 2736, 
2729, 2724, 2716, 2708, 2699, 2684, 2668, 2651, 2623, 2607, 
2580, 2558, 2535, 2505, 2478, 2449, 2418, 2384, 2353, 2318, 
2284, 2247, 2212, 2173, 2124, 2088, 2052, 2014, 1977, 1939, 
1904, 1868, 1833, 1799, 1764, 1731, 1698, 1666, 1636, 1607, 
1567, 1542, 1518, 1496, 1474, 1456, 1436, 1422, 1408, 1395, 
1384, 1375, 1372, 1366, 1361, 1364, 1367, 1372, 1378, 1386, 
1398, 1410, 1426, 1439, 1458, 1478, 1500, 1522, 1548, 1572, 
1601, 1631, 1672, 1704, 1738, 1770, 1804, 1844, 1875, 1912, 
1948, 1987, 2020, 2055, 2095, 2131, 2169, 2208, 2259, 2291, 
2326, 2360, 2392, 2425, 2455, 2484, 2512, 2540, 2564, 2588, 
2611, 2627, 2648, 2668, 2687, 2700, 2712, 2719, 2727, 2732, 
2736, 2735, 2735, 2732, 2727, 2720, 2712, 2700, 2687, 2675, 
2651, 2631, 2611, 2588, 2566, 2541, 2515, 2487, 2457, 2427, 
2395, 2363, 2328, 2294, 2259, 2224, 2175, 2135, 2099, 2060, 
2024, 1988, 1951, 1915, 1877, 1843, 1808, 1773, 1740, 1707, 
1676, 1645, 1429, 1415, 1401, 1389, 1379, 1374, 1368, 1363, 
1364, 1363, 1366, 1371, 1376, 1385, 1396, 1408, 1429, 1444, 
1464, 1485, 1505, 1531, 1558, 1583, 1611, 1640, 1671, 1703, 
1736, 1768, 1806, 1837, 1886, 1923, 1957, 1998, 2035, 2071, 
2110, 2144, 2180, 2219, 2252, 2289, 2323, 2359, 2390, 2424, 
2464, 2493, 2524, 2547, 2572, 2595, 2616, 2636, 2655, 2672, 
2685, 2697, 2711, 2718, 2726, 2734, 2735, 2735, 2736, 2728, 
2723, 2716, 2708, 2692, 2681, 2668, 2649, 2631, 2614, 2588, 
2566, 2542, 2503, 2476, 2447, 2416, 2383, 2351, 2317, 2281, 
2246, 2210, 2174, 2141, 2099, 2060, 2023, 1988, 1936, 1901, 
1865, 1830, 1796, 1760, 1729, 1695, 1666, 1632, 1606, 1576, 
1550, 1525, 1501, 1481, 1452, 1435, 1420, 1405, 1393, 1383, 
1374, 1368, 1364, 1366, 1363, 1366, 1368, 1373, 1383, 1393, 
1411, 1423, 1440, 1459, 1479, 1501, 1523, 1550, 1575, 1603, 
1631, 1662, 1694, 1728, 1760, 1793, 1840, 1876, 1913, 1948, 
1987, 2023, 2059, 2101, 2134, 2170, 2208, 2241, 2279, 2313, 
2351, 2380, 2427, 2456, 2484, 2512, 2539, 2563, 2588, 2612, 
2629, 2650, 2668, 2680, 2695, 2707, 2715, 2725, 2735, 2736, 
2735, 2736, 2732, 2727, 2719, 2711, 2700, 2685, 2673, 2657, 
2638, 2619, 2598, 2572, 2539, 2513, 2484, 2456, 2425, 2395, 
2362, 2328, 2293, 2256, 2222, 2185, 2151, 2112, 2072, 2038, 
1987, 1948, 1912, 1878, 1841, 1807, 1772, 1738, 1708, 1676, 
1643, 1614, 1585, 1558, 1533, 1511, 1480, 1459, 1441, 1424, 
1411, 1396, 1385, 1377, 1369, 1365, 1364, 1365, 1363, 1366, 
1372, 1380, 1393, 1407, 1422, 1435, 1454, 1472, 1496, 1518, 
1542, 1566, 1595, 1621, 1654, 1684, 1717, 1748, 1799, 1831, 
1865, 1903, 1937, 1978, 2011, 2051, 2087, 2122, 2161, 2195, 
2233, 2270, 2305, 2339, 2383, 2416, 2447, 2475, 2504, 2533, 
2557, 2581, 2603, 2623, 2644, 2662, 2679, 2691, 2705, 2713, 
2724, 2732, 2736, 2735, 2735, 2732, 2729, 2722, 2712, 2703, 
2692, 2678, 2662, 2644, 2623, 2603, 2574, 2548, 2521, 2492, 
2464, 2433, 2403, 2371, 2335, 2303, 2267, 2232, 2188, 2163, 
2120, 2083, 2032, 1997, 1960, 1923, 1888, 1853, 1816, 1782, 
1746, 1719, 1684, 1654, 1624, 1594, 1567, 1542, 1507, 1487, 
1467, 1447, 1430, 1415, 1402, 1390, 1379, 1374, 1364, 1363, 
1366, 1363, 1366, 1372, 1379, 1391, 1403, 1415, 1430, 1446, 
1465, 1488, 1510, 1535, 1559, 1586, 1614, 1644, 1676, 1705, 
1750, 1787, 1819, 1855, 1889, 1927, 1968, 2000, 2041, 2077, 
2113, 2149, 2186, 2222, 2259, 2295, 2342, 2374, 2408, 2439, 
2469, 2496, 2524, 2551, 2575, 2599, 2620, 2638, 2657, 2675, 
2687, 2700, 2713, 2722, 2732, 2734, 2736, 2736, 2735, 2730, 
2723, 2716, 2705, 2695, 2680, 2669, 2649, 2629, 2603, 2579, 
2555, 2529, 2503, 2475, 2444, 2415, 2380, 2348, 2313, 2279, 
2243, 2207, 2171, 2134, 2083, 2044, 2008, 1972, 1929, 1899, 
1863, 1827, 1792, 1759, 1727, 1694, 1662, 1630, 1603, 1575, 
1539, 1515, 1492, 1472, 1452, 1433, 1420, 1404, 1393, 1383, 
1375, 1368, 1363, 1364, 1364, 1367, 1372, 1377, 1388, 1399, 
1412, 1424, 1442, 1460, 1482, 1505, 1528, 1549, 1578, 1607, 
1634, 1666, 1708, 1743, 1775, 1808, 1844, 1879, 1917, 1953, 
1991, 2028, 2063, 2102, 2137, 2175, 2209, 2247, 2291, 2330, 
2365, 2398, 2429, 2460, 2488, 2515, 2544, 2567, 2591, 2615, 
2632, 2651, 2669, 2684, 2703, 2712, 2719, 2727, 2726, 2735, 
2737, 2737, 2734, 2727, 2719, 2711, 2699, 2687, 2672, 2655, 
2628, 2611, 2587, 2561, 2537, 2511, 2483, 2453, 2424, 2392, 
2359, 2324, 2291, 2255, 2219, 2182, 2132, 2093, 2056, 2019, 
1983, 1945, 1911, 1874, 1838, 1807, 1769, 1737, 1703, 1673, 
1640, 1609, 1567, 1538, 1509, 1486, 1466, 1447, 1428, 1415, 
1400, 1388, 1379, 1372, 1368, 1363, 1366, 1364, 1369, 1376, 
1383, 1393, 1405, 1418, 1432, 1451, 1470, 1488, 1511, 1536, 
1560, 1589, 1617, 1647, 1691, 1723, 1756, 1789, 1824, 1859, 
1894, 1931, 1964, 2005, 2043, 2080, 2115, 2152, 2188, 2225, 
2274, 2310, 2344, 2378, 2411, 2441, 2472, 2500, 2528, 2556, 
2580, 2600, 2623, 2640, 2662, 2675, 2694, 2707, 2717, 2725, 
2731, 2736, 2736, 2736, 2734, 2731, 2726, 2717, 2707, 2695, 
2679, 2664, 2641, 2622, 2600, 2577, 2553, 2527, 2502, 2468, 
2443, 2409, 2377, 2344, 2310, 2274, 2240, 2204, 2153, 2115, 
2080, 2040, 2004, 1968, 1932, 1894, 1860, 1824, 1789, 1755, 
1724, 1690, 1659, 1629, 1592, 1561, 1536, 1512, 1490, 1468, 
1452, 1433, 1416, 1404, 1390, 1383, 1375, 1368, 1364, 1364, 
1365, 1366, 1372, 1380, 1389, 1399, 1414, 1428, 1444, 1464, 
1483, 1505, 1529, 1553, 1580, 1608, 1648, 1679, 1712, 1744, 
1779, 1813, 1848, 1884, 1920, 1956, 1991, 2031, 2070, 2107, 
2142, 2180, 2229, 2264, 2300, 2334, 2367, 2401, 2430, 2462, 
2492, 2518, 2544, 2571, 2592, 2617, 2636, 2655, 2676, 2693, 
2703, 2713, 2722, 2728, 2735, 2736, 2736, 2736, 2732, 2724, 
2720, 2708, 2697, 2684, 2667, 2644, 2627, 2608, 2584, 2560, 
2535, 2508, 2479, 2451, 2419, 2387, 2356, 2320, 2286, 2251, 
2201, 2163, 2126, 2089, 2051, 2014, 1980, 1942, 1907, 1870, 
1834, 1801, 1766, 1733, 1699, 1670, 1625, 1598, 1571, 1545, 
1520, 1497, 1475, 1456, 1437, 1422, 1408, 1395, 1385, 1377, 
1372, 1367, 1364, 1364, 1364, 1369, 1377, 1383, 1397, 1409, 
1423, 1439, 1458, 1476, 1498, 1522, 1547, 1571, 1612, 1641, 
1671, 1703, 1737, 1769, 1804, 1838, 1873, 1910, 1944, 1984, 
2019, 2055, 2094, 2128, 2181, 2218, 2253, 2289, 2323, 2360, 
2391, 2424, 2451, 2483, 2511, 2538, 2563, 2585, 2611, 2630, 
2655, 2672, 2685, 2697, 2711, 2719, 2727, 2735, 2736, 2735, 
2734, 2735, 2728, 2722, 2712, 2702, 2684, 2669, 2651, 2631, 
2614, 2591, 2567, 2543, 2516, 2488, 2457, 2431, 2396, 2364, 
2332, 2297, 2247, 2213, 2175, 2138, 2102, 2064, 2027, 1991, 
1954, 1916, 1880, 1845, 1810, 1776, 1741, 1710, 1667, 1635, 
1607, 1579, 1551, 1527, 1504, 1483, 1463, 1443, 1425, 1412, 
1399, 1388, 1379, 1372, 1367, 1363, 1362, 1365, 1368, 1375, 
1382, 1393, 1405, 1420, 1433, 1452, 1471, 1491, 1514, 1539, 
1575, 1603, 1631, 1662, 1692, 1725, 1758, 1792, 1827, 1863, 
1897, 1934, 1972, 2008, 20415, 2443, 2475, 2502, 2531, 2556, 
2583, 2601, 2629, 2651, 2668, 2681, 2695, 2705, 2716, 2724, 
2729, 2732, 2736, 2736, 2734, 2729, 2723, 2715, 2702, 2687, 
2676, 2658, 2639, 2619, 2598, 2575, 2550, 2524, 2496, 2467, 
2438, 2409, 2374, 2342, 2294, 2258, 2224, 2187, 2147, 2114, 
2079, 2039, 2000, 1964, 1928, 1891, 1855, 1820, 1785, 1753, 
1707, 1676, 1644, 1615, 1585, 1560, 1534, 1511, 1489, 1468, 
1448, 1430, 1415, 1401, 1391, 1382, 1372, 1364, 1363, 1362, 
1363, 1366, 1371, 1380, 1389, 1401, 1412, 1428, 1444, 1466, 
1486, 1508, 1541, 1566, 1593, 1623, 1652, 1681, 1717, 1747, 
1783, 1816, 1852, 1886, 1923, 1960, 1996, 2036, 2084, 2123, 
2158, 2196, 2233, 2268, 2304, 2337, 2371, 2403, 2435, 2465, 
2493, 2523, 2547, 2572, 2603, 2625, 2644, 2662, 2679, 2691, 
2704, 2712, 2723, 2730, 2734, 2736, 2737, 2736, 2729, 2726, 
2715, 2704, 2692, 2679, 2663, 2645, 2625, 2607, 2584, 2558, 
2534, 2505, 2478, 2449, 2416, 2383, 2339, 2305, 2270, 2235, 
2198, 2166, 2123, 2087, 2051, 2012, 1976, 1937, 1902, 1865, 
1831, 1798, 1751, 1719, 1685, 1655, 1624, 1423, 1411, 1399, 
1387, 1378, 1371, 1365, 1363, 1360, 1361, 1368, 1374, 1383, 
1393, 1404, 1418, 1433, 1452, 1470, 1493, 1515, 1539, 1563, 
1590, 1620, 1650, 1682, 1726, 1757, 1793, 1827, 1864, 1897, 
1934, 1968, 2007, 2046, 2081, 2119, 2157, 2192, 2232, 2265, 
2313, 2348, 2380, 2412, 2444, 2474, 2500, 2531, 2555, 2580, 
2601, 2623, 2643, 2660, 2678, 2688, 2705, 2715, 2723, 2727, 
2735, 2736, 2735, 2735, 2728, 2723, 2711, 2703, 2691, 2678, 
2662, 2644, 2616, 2596, 2574, 2548, 2522, 2494, 2467, 2436, 
2406, 2372, 2339, 2307, 2271, 2233, 2198, 2163, 2111, 2073, 
2036, 1998, 1963, 1927, 1889, 1854, 1819, 1786, 1750, 1718, 
1686, 1655, 1624, 1598, 1558, 1533, 1510, 1488, 1466, 1447, 
1431, 1414, 1402, 1391, 1380, 1374, 1367, 1363, 1365, 1363, 
1366, 1372, 1380, 1391, 1402, 1415, 1427, 1445, 1466, 1488, 
1509, 1532, 1557, 1584, 1613, 1641, 1683, 1718, 1748, 1782, 
1816, 1854, 1886, 1924, 1962, 1999, 2036, 2072, 2110, 2146, 
2182, 2219, 2269, 2304, 2338, 2371, 2404, 2436, 2464, 2494, 
2521, 2551, 2572, 2595, 2617, 2636, 2656, 2672, 2691, 2703, 
2713, 2721, 2732, 2729, 2735, 2736, 2735, 2731, 2724, 2713, 
2709, 2695, 2680, 2668, 2644, 2624, 2603, 2580, 2556, 2532, 
2503, 2477, 2447, 2416, 2384, 2352, 2316, 2283, 2245, 2209, 
2159, 2121, 2085, 2046, 2010, 1974, 1937, 1902, 1867, 1829, 
1796, 1761, 1728, 1695, 1664, 1633, 1594, 1566, 1541, 1516, 
1494, 1472, 1452, 1438, 1420, 1406, 1393, 1384, 1374, 1371, 
1365, 1364, 1365, 1366, 1371, 1377, 1388, 1396, 1410, 1430, 
1443, 1459, 1481, 1500, 1525, 1551, 1576, 1604, 1644, 1676, 
1706, 1744, 1772, 1806, 1843, 1880, 1914, 1952, 1989, 2023, 
2059, 2099, 2135, 2170, 2221, 2257, 2294, 2328, 2361, 2396, 
2427, 2459, 2488, 2512, 2540, 2565, 2588, 2612, 2630, 2652, 
2673, 2686, 2699, 2712, 2720, 2727, 2733, 2739, 2736, 2736, 
2737, 2728, 2719, 2713, 2703, 2687, 2668, 2650, 2630, 2611, 
2590, 2566, 2540, 2515, 2483, 2457, 2423, 2394, 2363, 2326, 
2292, 2255, 2207, 2172, 2135, 2097, 2058, 2023, 1985, 1948, 
1912, 1876, 1840, 1805, 1772, 1739, 1706, 1675, 1632, 1603, 
1575, 1549, 1524, 1501, 1481, 1459, 1441, 1424, 1411, 1398, 
1387, 1378, 1375, 1366, 1363, 1363, 1366, 1369, 1375, 1384, 
1394, 1408, 1421, 1435, 1456, 1475, 1494, 1517, 1542, 1567, 
1607, 1633, 1666, 1696, 1729, 1761, 1798, 1831, 1865, 1902, 
END
1939, 1975, 2011, 2048, 2085, 2129, 2687, 2694, 2702, 2706, 
2708, 2711, 2705, 2700, 2692, 2683, 2671, 2655, 2641, 2623, 
2602, 2583, 2551, 2524, 2497, 2471, 2438, 2407, 2374, 2340, 
2303, 2269, 2230, 2195, 2155, 2118, 2076, 2037, 1986, 1951, 
1910, 1871, 1837, 1798, 1761, 1727, 1693, 1658, 1629, 1595, 
1563, 1532, 1501, 1479, 1447, 1430, 1414, 1396, 1383, 1375, 
1367, 1359, 1356, 1356, 1352, 1359, 1363, 1371, 1383, 1394, 
1414, 1431, 1451, 1471, 1493, 1519, 1544, 1574, 1603, 1633, 
1667, 1699, 1734, 1771, 1807, 1843, 1895, 1932, 1971, 2012, 
2051, 2088, 2127, 2168, 2207, 2243, 2282, 2318, 2353, 2389, 
2422, 2453, 2492, 2523, 2548, 2575, 2599, 2619, 2639, 2659, 
2673, 2688, 2702, 2708, 2715, 2720, 2727, 2724, 2723, 2719, 
2712, 2703, 2691, 2677, 2663, 2647, 2627, 2607, 2583, 2557, 
2531, 2503, 2473, 2443, 2399, 2364, 2332, 2295, 2258, 2222, 
2181, 2143, 2104, 2064, 2024, 1987, 1946, 1911, 1873, 1833, 
1784, 1747, 1717, 1679, 1648, 1615, 1584, 1555, 1530, 1504, 
1482, 1462, 1439, 1422, 1407, 1393, 1380, 1371, 1367, 1359, 
1360, 1360, 1363, 1368, 1376, 1384, 1395, 1411, 1426, 1444, 
1468, 1487, 1520, 1548, 1575, 1605, 1635, 1667, 1702, 1737, 
1773, 1808, 1848, 1884, 1923, 1959, 1999, 2036, 2092, 2130, 
2170, 2208, 2246, 2284, 2320, 2356, 2391, 2424, 2456, 2488, 
2515, 2544, 2570, 2595, 2624, 2643, 2664, 2678, 2692, 2704, 
2716, 2721, 2727, 2732, 2731, 2732, 2727, 2720, 2712, 2702, 
2686, 2672, 2653, 2633, 2612, 2590, 2566, 2540, 2510, 2483, 
2451, 2419, 2385, 2352, 2315, 2279, 2227, 2188, 2151, 2111, 
2072, 2032, 1993, 1953, 1916, 1875, 1840, 1803, 1767, 1732, 
1697, 1665, 1621, 1592, 1563, 1535, 1510, 1486, 1466, 1443, 
1424, 1410, 1396, 1386, 1375, 1368, 1364, 1361, 1363, 1363, 
1369, 1377, 1387, 1393, 1411, 1429, 1444, 1466, 1487, 1511, 
1536, 1564, 1593, 1623, 1667, 1700, 1736, 1771, 1806, 1843, 
1881, 1918, 1957, 1998, 2035, 2075, 2115, 2155, 2192, 2230, 
2283, 2319, 2355, 2389, 2423, 2456, 2487, 2515, 2543, 2572, 
2595, 2617, 2636, 2657, 2672, 2687, 2707, 2716, 2723, 2734, 
2732, 2732, 2734, 2729, 2723, 2716, 2706, 2692, 2679, 2663, 
2646, 2624, 2595, 2570, 2543, 2517, 2488, 2456, 2425, 2390, 
2357, 2320, 2284, 2244, 2207, 2166, 2128, 2092, 2035, 1998, 
1959, 1920, 1880, 1844, 1808, 1772, 1737, 1702, 1670, 1636, 
1606, 1575, 1548, 1523, 1487, 1466, 1449, 1431, 1414, 1399, 
1387, 1378, 1372, 1366, 1363, 1362, 1363, 1368, 1375, 1381, 
1398, 1411, 1425, 1443, 1465, 1487, 1510, 1536, 1561, 1591, 
1621, 1652, 1686, 1720, 1754, 1791, 1843, 1878, 1916, 1955, 
1993, 2034, 2072, 2113, 2151, 2189, 2229, 2265, 2304, 2340, 
2375, 2407, 2453, 2484, 2513, 2544, 2568, 2592, 2616, 2635, 
2655, 2674, 2687, 2701, 2712, 2719, 2727, 2727, 2734, 2734, 
2732, 2725, 2718, 2707, 2696, 2680, 2667, 2647, 2627, 2607, 
2583, 2556, 2531, 2502, 2458, 2430, 2395, 2360, 2323, 2288, 
2249, 2211, 2173, 2134, 2095, 2056, 2016, 1977, 1937, 1900, 
1849, 1812, 1775, 1740, 1705, 1673, 1640, 1609, 1579, 1551, 
1523, 1501, 1480, 1457, 1436, 1422, 1400, 1388, 1379, 1369, 
1364, 1364, 1364, 1363, 1368, 1374, 1382, 1392, 1403, 1420, 
1439, 1456, 1485, 1508, 1535, 1560, 1589, 1619, 1651, 1683, 
1718, 1752, 1788, 1825, 1860, 1897, 1937, 1976, 2030, 2068, 
2107, 2148, 2185, 2225, 2263, 2300, 2336, 2371, 2403, 2440, 
2470, 2500, 2528, 2556, 2588, 2615, 2633, 2655, 2672, 2686, 
2699, 2711, 2720, 2725, 2729, 2734, 2735, 2732, 2728, 2719, 
2709, 2696, 2684, 2668, 2649, 2629, 2610, 2584, 2559, 2534, 
2502, 2473, 2444, 2409, 2375, 2340, 2291, 2254, 2216, 2175, 
2138, 2099, 2060, 2020, 1979, 1944, 1904, 1865, 1829, 1794, 
1756, 1722, 1676, 1643, 1430, 1411, 1398, 1386, 1375, 1369, 
1363, 1362, 1363, 1361, 1367, 1373, 1381, 1395, 1411, 1425, 
1445, 1464, 1487, 1509, 1535, 1562, 1591, 1620, 1654, 1686, 
1720, 1755, 1791, 1828, 1878, 1916, 1955, 1992, 2032, 2072, 
2111, 2148, 2188, 2227, 2265, 2304, 2339, 2374, 2409, 2439, 
2486, 2512, 2541, 2567, 2591, 2614, 2635, 2654, 2672, 2687, 
2700, 2710, 2719, 2726, 2732, 2732, 2734, 2731, 2726, 2716, 
2707, 2695, 2680, 2665, 2647, 2627, 2606, 2581, 2555, 2527, 
2499, 2470, 2427, 2392, 2359, 2323, 2288, 2248, 2211, 2174, 
2132, 2093, 2055, 2015, 1977, 1935, 1900, 1862, 1811, 1775, 
1740, 1704, 1672, 1639, 1608, 1577, 1550, 1523, 1499, 1472, 
1457, 1435, 1420, 1404, 1388, 1379, 1370, 1365, 1361, 1362, 
1362, 1368, 1373, 1382, 1393, 1404, 1420, 1436, 1456, 1476, 
1500, 1535, 1560, 1588, 1619, 1651, 1682, 1718, 1751, 1788, 
1825, 1864, 1899, 1939, 1977, 2015, 2068, 2111, 2148, 2187, 
2225, 2263, 2301, 2336, 2370, 2404, 2440, 2471, 2498, 2531, 
2556, 2582, 2616, 2632, 2654, 2671, 2686, 2699, 2711, 2720, 
2723, 2731, 2734, 2734, 2729, 2728, 2719, 2712, 2696, 2681, 
2667, 2649, 2632, 2609, 2583, 2559, 2534, 2503, 2471, 2444, 
2408, 2375, 2340, 2303, 2252, 2215, 2177, 2137, 2099, 2059, 
2019, 1982, 1944, 1904, 1866, 1829, 1792, 1755, 1722, 1686, 
1642, 1612, 1582, 1553, 1525, 1501, 1477, 1456, 1438, 1422, 
1407, 1392, 1383, 1372, 1368, 1361, 1362, 1362, 1368, 1374, 
1383, 1390, 1404, 1417, 1433, 1453, 1475, 1496, 1521, 1549, 
1577, 1606, 1647, 1680, 1715, 1750, 1785, 1820, 1861, 1896, 
1935, 1976, 2012, 2052, 2092, 2131, 2169, 2208, 2259, 2298, 
2332, 2368, 2400, 2436, 2468, 2496, 2527, 2553, 2579, 2604, 
2625, 2646, 2663, 2679, 2699, 2710, 2719, 2729, 2729, 2734, 
2732, 2732, 2728, 2721, 2712, 2701, 2690, 2675, 2658, 2639, 
2611, 2586, 2560, 2536, 2507, 2473, 2445, 2414, 2377, 2344, 
2307, 2272, 2232, 2196, 2155, 2116, 2063, 2023, 1984, 1945, 
1908, 1869, 1832, 1793, 1759, 1726, 1689, 1657, 1625, 1596, 
1564, 1539, 1504, 1482, 1459, 1440, 1423, 1407, 1395, 1384, 
1375, 1369, 1364, 1362, 1363, 1366, 1371, 1376, 1390, 1405, 
1418, 1431, 1453, 1472, 1495, 1520, 1548, 1574, 1603, 1632, 
1665, 1699, 1734, 1768, 1817, 1856, 1891, 1929, 1969, 2007, 
2047, 2087, 2126, 2166, 2204, 2241, 2279, 2316, 2354, 2387, 
2432, 2464, 2494, 2525, 2551, 2577, 2600, 2623, 2644, 2663, 
2678, 2692, 2704, 2715, 2720, 2726, 2737, 2735, 2733, 2728, 
2722, 2715, 2705, 2690, 2675, 2659, 2641, 2620, 2597, 2574, 
2551, 2518, 2478, 2448, 2416, 2382, 2347, 2311, 2273, 2236, 
2196, 2159, 2119, 2080, 2041, 2002, 1963, 1923, 1873, 1834, 
1800, 1763, 1729, 1693, 1659, 1628, 1599, 1567, 1540, 1516, 
1490, 1469, 1450, 1428, 1408, 1395, 1385, 1375, 1368, 1365, 
1362, 1363, 1364, 1368, 1376, 1384, 1392, 1411, 1427, 1443, 
1470, 1491, 1516, 1543, 1570, 1598, 1630, 1660, 1694, 1730, 
1764, 1802, 1836, 1875, 1913, 1952, 2004, 2044, 2082, 2122, 
2161, 2199, 2236, 2278, 2313, 2348, 2383, 2419, 2451, 2478, 
2511, 2539, 2574, 2600, 2622, 2640, 2662, 2676, 2691, 2703, 
2716, 2722, 2726, 2736, 2736, 2735, 2731, 2726, 2713, 2704, 
2691, 2676, 2660, 2641, 2622, 2599, 2576, 2547, 2520, 2492, 
2462, 2428, 2396, 2363, 2313, 2278, 2240, 2201, 2162, 2123, 
2085, 2046, 2006, 1968, 1927, 1886, 1854, 1815, 1779, 1745, 
1696, 1663, 1630, 1598, 1565, 1533, 1502, 1482, 1456, 1438, 
1420, 1406, 1393, 1382, 1375, 1368, 1362, 1361, 1357, 1368, 
1375, 1383, 1390, 1405, 1420, 1436, 1457, 1478, 1500, 1526, 
1551, 1580, 1620, 1651, 1686, 1719, 1753, 1789, 1825, 1862, 
1905, 1942, 1980, 2015, 2055, 2097, 2136, 2175, 2227, 2265, 
2303, 2337, 2374, 2411, 2441, 2473, 2502, 2531, 2557, 2583, 
2607, 2627, 2649, 2667, 2687, 2701, 2712, 2719, 2728, 2733, 
2734, 2735, 2729, 2727, 2719, 2712, 2700, 2687, 2672, 2655, 
2627, 2607, 2583, 2559, 2529, 2502, 2473, 2440, 2407, 2372, 
2337, 2303, 2265, 2227, 2189, 2151, 2097, 2056, 2018, 1982, 
1937, 1904, 1865, 1827, 1791, 1753, 1720, 1686, 1653, 1621, 
1591, 1561, 1525, 1501, 1480, 1459, 1437, 1421, 1406, 1392, 
1380, 1374, 1368, 1363, 1362, 1363, 1366, 1371, 1382, 1392, 
1404, 1420, 1437, 1454, 1476, 1499, 1523, 1550, 1577, 1608, 
1638, 1672, 1704, 1741, 1788, 1824, 1859, 1899, 1935, 1976, 
2014, 2053, 2094, 2131, 2171, 2211, 2247, 2286, 2323, 2358, 
2408, 2436, 2468, 2498, 2529, 2555, 2580, 2606, 2624, 2646, 
2666, 2680, 2695, 2706, 2717, 2727, 2734, 2735, 2735, 2725, 
2729, 2720, 2712, 2702, 2688, 2674, 2659, 2636, 2617, 2595, 
2569, 2543, 2504, 2476, 2444, 2410, 2376, 2342, 2304, 2270, 
2232, 2192, 2152, 2113, 2076, 2035, 1992, 1956, 1905, 1867, 
1831, 1792, 1757, 1722, 1688, 1655, 1624, 1593, 1564, 1536, 
1511, 1487, 1465, 1444, 1423, 1408, 1393, 1382, 1372, 1367, 
1363, 136362, 1366, 1371, 1375, 1386, 1400, 1412, 1424, 
1452, 1475, 1496, 1520, 1547, 1574, 1605, 1633, 1667, 1699, 
1735, 1769, 1809, 1844, 1880, 1919, 1971, 2010, 2049, 2089, 
2128, 2169, 2205, 2244, 2281, 2318, 2355, 2389, 2424, 2456, 
2490, 2515, 2553, 2579, 2604, 2624, 2643, 2664, 2680, 2694, 
2707, 2715, 2723, 2727, 2735, 2736, 2733, 2732, 2723, 2712, 
2702, 2691, 2676, 2659, 2638, 2620, 2598, 2572, 2550, 2516, 
2491, 2457, 2428, 2393, 2345, 2308, 2272, 2235, 2198, 2159, 
2119, 2079, 2040, 2001, 1963, 1924, 1882, 1848, 1810, 1774, 
1727, 1692, 1659, 1627, 1597, 1567, 1540, 1513, 1488, 1467, 
1451, 1430, 1415, 1401, 1388, 1378, 1368, 1366, 1361, 1363, 
1365, 1368, 1376, 1385, 1393, 1411, 1427, 1443, 1465, 1487, 
1508, 1536, 1571, 1602, 1632, 1665, 1697, 1733, 1767, 1804, 
1839, 1877, 1912, 1952, 1993, 2033, 2072, 2111, 2164, 2202, 
2242, 2279, 2316, 2352, 2384, 2420, 2449, 2486, 2511, 2542, 
2567, 2593, 2616, 2636, 2662, 2677, 2691, 2704, 2715, 2722, 
2731, 2736, 2734, 2734, 2730, 2726, 2718, 2708, 2697, 2683, 
2660, 2643, 2621, 2599, 2575, 2551, 2524, 2493, 2460, 2431, 
2396, 2361, 2326, 2289, 2251, 2214, 2161, 2118, 2083, 2044, 
2004, 1964, 1927, 1891, 1852, 1812, 1778, 1742, 1707, 1675, 
1641, 1612, 1569, 1543, 1516, 1492, 1470, 1449, 1433, 1415, 
1402, 1389, 1379, 1371, 1366, 1363, 1363, 1362, 1368, 1376, 
1385, 1399, 1408, 1424, 1443, 1462, 1485, 1507, 1532, 1558, 
1587, 1617, 1649, 1681, 1728, 1763, 1800, 1836, 1873, 1908, 
1948, 1989, 2028, 2067, 2108, 2145, 2184, 2224, 2262, 2300, 
2349, 2382, 2414, 2450, 2482, 2511, 2537, 2564, 2590, 2614, 
2634, 2652, 2672, 2686, 2699, 2712, 2723, 2724, 2734, 2735, 
2735, 2731, 2724, 2719, 2710, 2697, 2684, 2668, 2649, 2632, 
2611, 2586, 2552, 2524, 2494, 2462, 2432, 2399, 2364, 2329, 
2294, 2255, 2217, 2179, 2139, 2100, 2062, 2022, 1970, 1929, 
1891, 1856, 1816, 1780, 1744, 1711, 1678, 1644, 1432, 1417, 
1401, 1391, 1380, 1372, 1363, 1360, 1362, 1362, 1368, 1372, 
1380, 1392, 1406, 1423, 1437, 1455, 1478, 1500, 1526, 1551, 
1590, 1620, 1653, 1684, 1719, 1753, 1789, 1825, 1863, 1903, 
1942, 1978, 2019, 2057, 2096, 2136, 2187, 2227, 2264, 2303, 
2338, 2372, 2407, 2438, 2472, 2502, 2531, 2556, 2583, 2608, 
2625, 2648, 2672, 2687, 2702, 2711, 2718, 2726, 2731, 2732, 
2732, 2731, 2727, 2719, 2710, 2698, 2684, 2675, 2645, 2625, 
2606, 2580, 2556, 2530, 2502, 2470, 2439, 2406, 2371, 2336, 
2302, 2264, 2226, 2187, 2134, 2096, 2055, 2016, 1972, 1937, 
1900, 1862, 1825, 1788, 1751, 1718, 1683, 1653, 1618, 1590, 
1550, 1523, 1499, 1476, 1454, 1436, 1421, 1404, 1392, 1382, 
1373, 1368, 1363, 1362, 1363, 1365, 1374, 1382, 1392, 1406, 
1418, 1435, 1456, 1476, 1500, 1524, 1549, 1578, 1607, 1638, 
1671, 1704, 1751, 1788, 1826, 1862, 1899, 1939, 1975, 2015, 
2053, 2094, 2132, 2172, 2210, 2247, 2286, 2323, 2371, 2405, 
2438, 2471, 2499, 2528, 2554, 2582, 2606, 2625, 2646, 2667, 
2680, 2695, 2707, 2718, 2726, 2730, 2734, 2736, 2731, 2729, 
2719, 2711, 2700, 2687, 2673, 2656, 2636, 2615, 2592, 2567, 
2535, 2500, 2473, 2441, 2408, 2374, 2341, 2304, 2266, 2230, 
2190, 2152, 2114, 2075, 2038, 1996, 1943, 1904, 1864, 1831, 
1792, 1756, 1721, 1687, 1655, 1621, 1592, 1563, 1536, 1510, 
1487, 1468, 1439, 1424, 1407, 1392, 1382, 1374, 1368, 1363, 
1361, 1363, 1365, 1370, 1375, 1385, 1401, 1414, 1433, 1452, 
1473, 1496, 1520, 1548, 1575, 1605, 1634, 1667, 1700, 1736, 
1770, 1807, 1844, 1883, 1934, 1973, 2012, 2051, 2090, 2129, 
2169, 2207, 2244, 2282, 2320, 2356, 2390, 2422, 2459, 2488, 
2526, 2553, 2575, 2604, 2624, 2644, 2663, 2680, 2693, 2707, 
2715, 2722, 2729, 2732, 2734, 2734, 2728, 2722, 2712, 2700, 
2689, 2675, 2657, 2639, 2619, 2595, 2571, 2545, 2516, 2488, 
2455, 2424, 2379, 2344, 2307, 2271, 2233, 2195, 2156, 2117, 
2078, 2038, 1999, 1961, 1923, 1880, 1846, 1807, 1759, 1726, 
1691, 1658, 1625, 1596, 1566, 1539, 1513, 1488, 1467, 1449, 
1429, 1413, 1399, 1388, 1374, 1368, 1366, 1362, 1362, 1365, 
1370, 1376, 1387, 1397, 1410, 1425, 1444, 1464, 1487, 1510, 
1545, 1571, 1603, 1632, 1667, 1697, 1734, 1768, 1804, 1840, 
1875, 1920, 1953, 1993, 2033, 2072, 2125, 2166, 2203, 2241, 
2279, 2316, 2351, 2387, 2424, 2452, 2483, 2513, 2542, 2568, 
2592, 2616, 2643, 2662, 2676, 2692, 2703, 2715, 2721, 2729, 
2736, 2735, 2734, 2732, 2726, 2718, 2707, 2695, 2676, 2660, 
2641, 2620, 2597, 2574, 2543, 2518, 2492, 2463, 2428, 2395, 
2360, 2324, 2288, 2249, 2197, 2161, 2119, 2081, 2041, 2003, 
1960, 1926, 1886, 1849, 1813, 1776, 1740, 1706, 1673, 1641, 
1599, 1568, 1542, 1516, 1491, 1471, 1447, 1430, 1415, 1403, 
1388, 1379, 1371, 1364, 1363, 1363, 1366, 1368, 1376, 1384, 
1395, 1411, 1424, 1440, 1464, 1486, 1507, 1534, 1559, 1588, 
1618, 1650, 1694, 1730, 1763, 1800, 1835, 1876, 1912, 1951, 
1988, 2030, 2067, 2108, 2147, 2185, 2224, 2263, 2312, 2349, 
2383, 2415, 2450, 2480, 2510, 2536, 2564, 2589, 2615, 2632, 
2654, 2671, 2684, 2699, 2713, 2721, 2727, 2732, 2733, 2731, 
2729, 2724, 2718, 2710, 2696, 2681, 2668, 2649, 2628, 2608, 
2575, 2550, 2523, 2491, 2464, 2431, 2398, 2364, 2327, 2291, 
2254, 2217, 2177, 2139, 2100, 2060, 2007, 1968, 1930, 1890, 
1854, 1815, 1779, 1743, 1710, 1676, 1643, 1608, 1575, 1545, 
1511, 1488, 1460, 1440, 1423, 1407, 1393, 1381, 1373, 1368, 
1363, 1361, 1363, 1365, 1370, 1378, 1389, 1400, 1419, 1435, 
1454, 1476, 1497, 1523, 1549, 1577, 1607, 1636, 1670, 1703, 
1740, 1773, 1809, 1847, 1898, 1936, 1975, 2015, 2054, 2092, 
2131, 2171, 2209, 2247, 2285, 2320, 2358, 2391, 2425, 2458, 
2499, 2527, 2553, 2580, 2606, 2624, 2647, 2665, 2680, 2692, 
2707, 2716, 2723, 2729, 2735, 2733, 2731, 2728, 2722, 2712, 
2701, 2688, 2673, 2656, 2638, 2616, 2595, 2569, 2544, 2515, 
2487, 2453, 2412, 2377, 2343, 2304, 2269, 2232, 2193, 2153, 
2114, 2076, 2037, 1996, 1958, 1920, 1877, 1844, 1795, 1757, 
1724, 1688, 1655, 1625, 1595, 1564, 1537, 1512, 1488, 1467, 
1446, 1428, 1412, 1398, 1383, 1374, 1367, 1363, 1362, 1362, 
1365, 1371, 1377, 1387, 1399, 1414, 1427, 1447, 1467, 1488, 
1520, 1547, 1574, 1604, 1635, 1667, 1699, 1734, 1770, 1806, 
1842, 1880, 1919, 1958, 1995, 2035, 2088, 2127, 2167, 2205, 
2243, 2281, 2318, 2354, 2387, 2425, 2455, 2486, 2514, 2545, 
2569, 2595, 2623, 2644, 2663, 2680, 2691, 2707, 2713, 2723, 
2728, 2736, 2735, 2733, 2732, 2727, 2719, 2707, 2691, 2678, 
2659, 2639, 2619, 2596, 2573, 2547, 2519, 2491, 2459, 2426, 
2394, 2360, 2321, 2287, 2235, 2196, 2158, 2119, 2079, 2041, 
2000, 1964, 1924, 1884, 1847, 1811, 1774, 1740, 1704, 1672, 
1627, 1598, 1567, 1542, 1514, 1491, 1469, 1448, 1431, 1415, 
1400, 1389, 1379, 1372, 1365, 1362, 1363, 1365, 1369, 1376, 
1385, 1397, 1411, 1426, 1442, 1464, 1486, 1508, 1534, 1560, 
1591, 1621, 1663, 1697, 1732, 1766, 1803, 1838, 1876, 1914, 
1951, 1991, 2032, 2070, 2111, 2149, 2188, 2227, 2279, 2315, 
2352, 2385, 2420, 2450, 2482, 2511, 2540, 2566, 2594, 2616, 
2635, 2655, 2671, 2687, 2705, 2716, 2723, 2729, 2734, 2734, 
2735, 2732, 2725, 2718, 2709, 2696, 2682, 2667, 2649, 2628, 
2599, 2575, 2548, 2521, 2491, 2462, 2428, 2396, 2361, 2326, 
2291, 2252, 2215, 2176, 2136, 2097, 2044, 2004, 1968, 1927, 
1552, 1527, 1492, 1471, 1450, 1432, 1416, 1400, 1389, 1379, 
1371, 1366, 1362, 1362, 1363, 1368, 1374, 1383, 1396, 1409, 
1423, 1441, 1461, 1484, 1506, 1532, 1558, 1588, 1617, 1649, 
1680, 1715, 1750, 1786, 1834, 1872, 1911, 1949, 1988, 2027, 
2067, 2107, 2144, 2184, 2223, 2260, 2299, 2335, 2368, 2404, 
2448, 2480, 2510, 2537, 2564, 2591, 2614, 2632, 2652, 2670, 
2686, 2700, 2710, 2721, 2726, 2732, 2734, 2734, 2731, 2727, 
2718, 2711, 2698, 2683, 2668, 2649, 2631, 2611, 2587, 2560, 
2535, 2505, 2463, 2432, 2400, 2364, 2329, 2294, 2256, 2217, 
2177, 2139, 2101, 2061, 20231817, 
1782, 1744, 1712, 1678, 1644, 1612, 1584, 1555, 1529, 1504, 
1483, 1459, 1439, 1423, 1403, 1390, 1378, 1370, 1366, 1363, 
1362, 1363, 1364, 1372, 1380, 1390, 1404, 1418, 1434, 1452, 
1481, 1504, 1529, 1555, 1585, 1614, 1645, 1678, 1712, 1747, 
1782, 1819, 1856, 1897, 1931, 1972, 2023, 2063, 2104, 2142, 
2180, 2219, 2258, 2295, 2332, 2367, 2400, 2434, 2467, 2495, 
2525, 2553, 2587, 2611, 2631, 2652, 2669, 2684, 2699, 2711, 
2718, 2726, 2732, 2734, 2735, 2734, 2728, 2723, 2710, 2699, 
2687, 2670, 2652, 2632, 2613, 2588, 2562, 2536, 2508, 2479, 
2447, 2416, 2382, 2346, 2297, 2259, 2222, 2183, 2144, 2105, 
2065, 2026, 1988, 1948, 1911, 1871, 1835, 1798, 1761, 1727, 
1681, 1647, 1436, 1420, 1404, 1392, 1380, 1373, 1366, 1360, 
1361, 1360, 1364, 1370, 1378, 1387, 1404, 1419, 1436, 1454, 
1475, 1497, 1522, 1548, 1577, 1606, 1636, 1670, 1703, 1740, 
1774, 1809, 1860, 1897, 1936, 1975, 2014, 2052, 2093, 2131, 
2172, 2210, 2247, 2286, 2322, 2359, 2392, 2427, 2468, 2499, 
2528, 2554, 2580, 2604, 2625, 2645, 2665, 2680, 2694, 2705, 
2716, 2723, 2729, 2734, 2733, 2729, 2727, 2719, 2710, 2700, 
2686, 2673, 2655, 2635, 2614, 2591, 2568, 2541, 2513, 2486, 
2443, 2409, 2375, 2341, 2303, 2266, 2228, 2190, 2151, 2113, 
2072, 2033, 1995, 1955, 1919, 1878, 1828, 1792, 1756, 1720, 
1687, 1654, 1620, 1592, 1563, 1536, 1510, 1487, 1465, 1447, 
1427, 1411, 1393, 1382, 1372, 1367, 1362, 1362, 1363, 1364, 
1371, 1376, 1388, 1398, 1413, 1427, 1445, 1467, 1496, 1520, 
1548, 1575, 1606, 1633, 1667, 1701, 1736, 1770, 1807, 1844, 
1881, 1921, 1958, 1997, 2051, 2089, 2128, 2168, 2207, 2243, 
2283, 2319, 2356, 2390, 2424, 2456, 2487, 2515, 2543, 2571, 
2603, 2625, 2644, 2663, 2679, 2694, 2707, 2715, 2720, 2729, 
2734, 2734, 2735, 2731, 2724, 2718, 2702, 2689, 2675, 2657, 
2635, 2617, 2595, 2571, 2545, 2516, 2488, 2456, 2425, 2391, 
2356, 2320, 2272, 2233, 2195, 2156, 2116, 2079, 2039, 1999, 
1960, 1921, 1883, 1846, 1808, 1773, 1738, 1702, 1658, 1625, 
1596, 1564, 1540, 1513, 1489, 1467, 1447, 1429, 1412, 1400, 
1388, 1379, 1371, 1365, 1362, 1363, 1366, 1370, 1375, 1387, 
1398, 1412, 1426, 1443, 1465, 1487, 1509, 1535, 1562, 1591, 
1632, 1665, 1698, 1733, 1768, 1803, 1840, 1879, 1919, 1954, 
1993, 2035, 2072, 2112, 2151, 2188, 2241, 2279, 2316, 2352, 
2387, 2421, 2453, 2484, 2513, 2543, 2567, 2593, 2615, 2636, 
2656, 2671, 2692, 2704, 2716, 2723, 2729, 2734, 2734, 2733, 
2732, 2726, 2718, 2707, 2695, 2682, 2666, 2647, 2620, 2598, 
2574, 2547, 2520, 2494, 2460, 2428, 2395, 2361, 2326, 2289, 
2252, 2212, 2175, 2135, 2082, 2044, 2003, 1964, 1926, 1886, 
1849, 1812, 1776, 1742, 1707, 1673, 1641, 1609, 1580, 1550, 
1516, 1491, 1470, 1448, 1431, 1415, 1400, 1387, 1378, 1371, 
1365, 1364, 1363, 1363, 1368, 1374, 1385, 1395, 1408, 1424, 
1443, 1464, 1486, 1508, 1534, 1560, 1588, 1619, 1651, 1682, 
1717, 1752, 1800, 1838, 1873, 1913, 1951, 1991, 2030, 2067, 
2108, 2147, 2185, 2225, 2263, 2300, 2335, 2370, 2417, 2449, 
2480, 2510, 2537, 2565, 2590, 2614, 2633, 2652, 2671, 2684, 
2700, 2711, 2718, 2725, 2735, 2734, 2734, 2732, 2725, 2718, 
2710, 2696, 2683, 2668, 2650, 2630, 2610, 2587, 2559, 2535, 
2492, 2463, 2431, 2396, 2364, 2328, 2291, 2255, 2215, 2179, 
2140, 2100, 2059, 2020, 1982, 1940, 1891, 1852, 1815, 1779, 
1743, 1710, 1676, 1644, 1612, 1582, 1553, 1526, 1502, 1479, 
1458, 1439, 1417, 1401, 1388, 1378, 1371, 1366, 1363, 1362, 
1363, 1366, 1374, 1382, 1390, 1404, 1419, 1435, 1458, 1483, 
1505, 1529, 1556, 1588, 1615, 1647, 1679, 1713, 1748, 1784, 
1821, 1857, 1894, 1932, 1987, 2025, 2063, 2104, 2144, 2182, 
2221, 2257, 2296, 2332, 2368, 2403, 2435, 2467, 2497, 2527, 
2563, 2588, 2611, 2632, 2652, 2670, 2684, 2700, 2710, 2719, 
2724, 2731, 2734, 2734, 2731, 2728, 2721, 2709, 2699, 2684, 
2668, 2652, 2630, 2611, 2587, 2560, 2535, 2508, 2478, 2446, 
2415, 2380, 2332, 2296, 2259, 2220, 2181, 2143, 2104, 2063, 
2024, 1987, 1947, 1909, 1870, 1832, 1796, 1759, 1713, 1679, 
1646, 1612, 1579, 1548, 1516, 1492, 1470, 1447, 1430, 1415, 
1400, 1387, 1379, 1371, 1364, 1361, 1363, 1365, 1368, 1376, 
1384, 1396, 1409, 1426, 1443, 1464, 1486, 1507, 1536, 1560, 
1599, 1629, 1663, 1696, 1731, 1764, 1802, 1839, 1875, 1913, 
1951, 1991, 2029, 2068, 2110, 2148, 2200, 2239, 2276, 2313, 
2350, 2384, 2417, 2448, 2480, 2511, 2540, 2566, 2591, 2614, 
2632, 2655, 2676, 2689, 2704, 2716, 2721, 2728, 2734, 2734, 
2735, 2731, 2727, 2717, 2709, 2695, 2683, 2668, 2641, 2621, 
2599, 2576, 2550, 2523, 2491, 2462, 2431, 2398, 2363, 2327, 
2291, 2250, 2215, 2176, 2121, 2084, 2044, 2008, 1967, 1927, 
1888, 1853, 1815, 1779, 1743, 1708, 1675, 1641, 1611, 1581, 
1543, 1517, 1493, 1471, 1451, 1432, 1418, 1400, 1390, 1379, 
1371, 1364, 1361, 1363, 1363, 1367, 1376, 1385, 1395, 1410, 
1423, 1441, 1461, 1483, 1505, 1532, 1558, 1587, 1615, 1647, 
1679, 1714, 1760, 1798, 1835, 1872, 1909, 1948, 1987, 2027, 
2065, 2105, 2143, 2183, 2223, 2259, 2296, 2333, 2379, 2415, 
2448, 2480, 2508, 2537, 2563, 2589, 2611, 2632, 2654, 2672, 
2686, 2699, 2711, 2720, 2729, 2733, 2734, 2734, 2732, 2727, 
2719, 2710, 2698, 2684, 2668, 2652, 2630, 2611, 2587, 2559, 
2526, 2495, 2464, 2433, 2400, 2366, 2330, 2294, 2256, 2219, 
2179, 2140, 2103, 2063, 2023, 1984, 1930, 1892, 1856, 1818, 
1783, 1746, 1712, 1678, 1646, 1613, 1585, 1555, 1529, 1504, 
1481, 1459, 1435, 1419, 1403, 1391, 1379, 1372, 1366, 1361, 
1361, 1362, 1365, 1371, 1379, 1390, 1404, 1417, 1439, 1458, 
1481, 1503, 1528, 1554, 1582, 1613, 1646, 1677, 1711, 1745, 
1781, 1817, 1856, 1891, 1945, 1985, 2023, 2062, 2102, 2140, 
2179, 2219, 2255, 2294, 2329, 2366, 2400, 2432, 2464, 2494, 
2535, 2560, 2588, 2611, 2635, 2651, 2668, 2684, 2699, 2711, 
2716, 2725, 2731, 2734, 2732, 2733, 2726, 2719, 2711, 2699, 
2684, 2672, 2652, 2632, 2614, 2588, 2563, 2537, 2508, 2480, 
2447, 2416, 2370, 2334, 2297, 2257, 2222, 2183, 2145, 2107, 
2067, 2029, 1990, 1950, 1912, 1872, 1836, 1799, 1750, 1716, 
1681, 1649, 1616, 1587, 1559, 1531, 1507, 1484, 1463, 1443, 
1423, 1409, 1395, 1384, 1372, 1368, 1363, 1362, 1361, 1366, 
1372, 1380, 1390, 1401, 1415, 1432, 1449, 1471, 1492, 1517, 
1551, 1579, 1609, 1641, 1674, 1708, 1743, 1777, 1814, 1852, 
1889, 1927, 1966, 2004, 2044, 2083, 2136, 2177, 2215, 2252, 
2289, 2327, 2362, 2397, 2428, 2460, 2491, 2523, 2548, 2574, 
2599, 2621, 2649, 2668, 2681, 2695, 2710, 2718, 2723, 2731, 
2734, 2734, 2734, 2728, 2722, 2713, 2704, 2691, 2671, 2655, 
2633, 2614, 2591, 2566, 2540, 2511, 2482, 2450, 2419, 2385, 
2352, 2314, 2278, 2242, 2187, 2148, 2111, 2070, 2031, 1991, 
1952, 1916, 1875, 1840, 1801, 1766, 1732, 1697, 1663, 1630, 
1590, 1561, 1535, 1509, 1486, 1464, 1443, 1427, 1411, 1398, 
1386, 1377, 1369, 1368, 1363, 1363, 1369, 1371, 1379, 1387, 
1400, 1415, 1430, 1448, 1469, 1491, 1515, 1541, 1568, 1597, 
1627, 1660, 1704, 1741, 1775, 1809, 1848, 1884, 1924, 1961, 
1999, 2040, 2079, 2118, 2158, 2196, 2235, 2273, 2321, 2359, 
2392, 2427, 2459, 2489, 2519, 2547, 2573, 2598, 2618, 2638, 
2659, 2676, 2691, 2707, 2717, 2727, 2732, 2733, 2734, 2734, 
2728, 2723, 2715, 2705, 2694, 2680, 2663, 2646, 2623, 2603, 
2569, 2544, 2516, 2486, 2454, 2424, 2388, 2355, 2316, 2281, 
2244, 2206, 2167, 2126, 2089, 2048, 1995, 1957, 1920, 1881, 
1843, 1804, 1770, 1735, 1699, 1668, 1633, 1428, 1413, 1399, 
1388, 1377, 1365, 1364, 1361, 1361, 1364, 1368, 1376, 1385, 
1397, 1410, 1425, 1442, 1463, 1486, 1508, 1534, 1570, 1601, 
1630, 1662, 1696, 1731, 1766, 1801, 1838, 1874, 1913, 1952, 
1991, 2030, 2070, 2110, 2163, 2200, 2240, 2277, 2313, 2350, 
2384, 2418, 2448, 2481, 2510, 2539, 2564, 2591, 2614, 2633, 
2659, 2675, 2689, 2703, 2712, 2722, 2727, 2732, 2732, 2732, 
2729, 2721, 2716, 2706, 2695, 2680, 2659, 2639, 2619, 2598, 
2573, 2547, 2520, 2491, 2459, 2428, 2394, 2360, 2324, 2287, 
2252, 2214, 2161, 2121, 2083, 2044, 2004, 1967, 1926, 1887, 
1851, 1812, 1777, 1740, 1707, 1675, 1642, 1610, 1569, 1543, 
1516, 1492, 1470, 1449, 1431, 1415, 1401, 1390, 1379, 1371, 
1365, 1361, 1361, 1363, 1367, 1376, 1384, 1396, 1408, 1423, 
1441, 1462, 1484, 1505, 1532, 1557, 1587, 1617, 1648, 1679, 
1727, 1761, 1801, 1835, 1873, 1911, 1948, 1988, 2028, 2066, 
2105, 2144, 2183, 2223, 2259, 2298, 2347, 2381, 2416, 2450, 
2481, 2511, 2538, 2567, 2590, 2614, 2632, 2654, 2672, 2686, 
2696, 2710, 2722, 2728, 2734, 2733, 2734, 2732, 2726, 2716, 
2709, 2697, 2684, 2668, 2651, 2629, 2608, 2585, 2551, 2524, 
2494, 2463, 2431, 2400, 2364, 2331, 2294, 2256, 2217, 2178, 
2140, 2101, 2061, 2023, 1969, 1930, 1891, 1856, 1816, 1780, 
1744, 1711, 1677, 1644, 1613, 1584, 1554, 1529, 1503, 1481, 
1452, 1433, 1418, 1402, 1392, 1380, 1373, 1365, 1363, 1363, 
1362, 1366, 1373, 1380, 1390, 1404, 1423, 1440, 1459, 1481, 
1504, 1530, 1555, 1585, 1614, 1645, 1676, 1713, 1745, 1783, 
1818, 1855, 1907, 1945, 1984, 2024, 2063, 2103, 2142, 2181, 
2217, 2259, 2294, 2332, 2366, 2400, 2435, 2466, 2507, 2536, 
2561, 2587, 2611, 2631, 2652, 2668, 2684, 2696, 2711, 2718, 
2726, 2732, 2734, 2735, 2731, 2727, 2719, 2710, 2697, 2687, 
2668, 2651, 2631, 2613, 2587, 2563, 2536, 2508, 2479, 2448, 
2402, 2367, 2332, 2296, 2261, 2223, 2183, 2144, 2104, 2064, 
2026, 1988, 1948, 1910, 1871, 1834, 1784, 1748, 1714, 1680, 
1647, 1616, 1586, 1557, 1531, 1505, 1483, 1461, 1440, 1421, 
1410, 1396, 1382, 1374, 1368, 1363, 1361, 1362, 1366, 1371, 
1379, 1390, 1400, 1415, 1432, 1452, 1471, 1493, 1527, 1553, 
1582, 1612, 1641, 1676, 1708, 1744, 1779, 1815, 1851, 1890, 
1928, 1967, 2006, 2046, 2099, 2137, 2177, 2216, 2252, 2293, 
2327, 2364, 2398, 2432, 2463, 2492, 2523, 2550, 2576, 2600, 
2628, 2649, 2668, 2683, 2697, 2711, 2716, 2727, 2731, 2734, 
2734, 2734, 2727, 2723, 2716, 2705, 2686, 2671, 2655, 2633, 
2614, 2590, 2566, 2539, 2511, 2481, 2449, 2417, 2383, 2349, 
2313, 2275, 2225, 2185, 2147, 2109, 2070, 2031, 1990, 1951, 
1914, 1875, 1837, 1801, 1764, 1730, 1695, 1663, 1619, 1589, 
1559, 1534, 1507, 1486, 1462, 1443, 1422, 1411, 1396, 1384, 
1376, 1368, 1366, 1363, 1363, 1366, 1371, 1379, 1388, 1400, 
1415, 1428, 1450, 1468, 1491, 1516, 1543, 1567, 1599, 1628, 
1671, 1704, 1742, 1776, 1812, 1848, 1886, 1926, 1964, 2001, 
2041, 2081, 2119, 2160, 2199, 2237, 2288, 2323, 2361, 2396, 
2429, 2459, 2492, 2519, 2547, 2573, 2599, 2620, 2640, 2660, 
2677, 2689, 2707, 2716, 2726, 2732, 2733, 2732, 2734, 2727, 
2723, 2715, 2703, 2694, 2677, 2663, 2644, 2622, 2592, 2568, 
2542, 2513, 2484, 2453, 2422, 2387, 2352, 2316, 2278, 2241, 
2204, 2167, 2126, 2087, 2033, 1994, 1955, 1917, 1878, 1841, 
1804, 1769, 1734, 1698, 1666, 1630, 1598, 1566, 1535, 1504, 
1472, 1451, 1432, 1416, 1400, 1388, 1378, 1371, 1364, 1361, 
1362, 1363, 1368, 1374, 1382, 1392, 1410, 1423, 1443, 1463, 
1484, 1507, 1534, 1560, 1587, 1618, 1648, 1682, 1715, 1751, 
1787, 1823, 1872, 1912, 1950, 1990, 2028, 2066, 2107, 2145, 
2183, 2223, 2260, 2297, 2335, 2369, 2403, 2436, 2480, 2510, 
2537, 2563, 2590, 2612, 2633, 2654, 2671, 2684, 2700, 2709, 
2719, 2726, 2731, 2734, 2734, 2731, 2725, 2718, 2709, 2697, 
2683, 2669, 2652, 2631, 2610, 2585, 2556, 2536, 2505, 2476, 
2432, 2400, 2366, 2329, 2296, 2253, 2219, 2177, 2140, 2100, 
2062, 2023, 1984, 1947, 1905, 1868, 1817, 1782, 1745, 1710, 
1678, 1644, 1612, 1584, 1553, 1529, 1504, 1481, 1460, 1440, 
1423, 1407, 1390, 1379, 1371, 1366, 1362, 1361, 1363, 1366, 
1372, 1379, 1392, 1403, 1418, 1434, 1450, 1473, 1505, 1530, 
1555, 1584, 1615, 1646, 1677, 1713, 1746, 1783, 1819, 1855, 
1894, 1931, 1971, 2009, 2063, 2103, 2141, 2180, 2220, 2257, 
2294, 2332, 2365, 2403, 2435, 2467, 2494, 2524, 2552, 2580, 
2611, 2630, 2652, 2668, 2684, 2697, 2710, 2718, 2726, 2730, 
2734, 2734, 2734, 2728, 2723, 2713, 2700, 2685, 2669, 2652, 
2631, 2612, 2588, 2563, 2535, 2508, 2478, 2447, 2416, 2381, 
2346, 2310, 2259, 2222, 2183, 2143, 2105, 2064, 2027, 1988, 
1948, 1910, 1872, 1834, 1799, 1759, 1728, 1693, 1647, 1615, 
1587, 1556, 1532, 1505, 1483, 1462, 1440, 1423, 1409, 1394, 
1384, 1376, 1368, 1366, 1361, 1362, 1366, 1370, 1378, 1390, 
1401, 1415, 1431, 1450, 1470, 1492, 1518, 1543, 1571, 1601, 
1641, 1675, 1708, 1745, 1779, 1815, 1851, 1889, 1928, 1967, 
2005, 2047, 2084, 2122, 2164, 2201, 2253, 2291, 2327, 2364, 
2398, 2430, 2463, 2492, 2523, 2548, 2575, 2599, 2623, 2641, 
2660, 2677, 2696, 2709, 2717, 2725, 2731, 2734, 2733, 2734, 
2728, 2723, 2715, 2705, 2691, 2677, 2661, 2642, 2615, 2591, 
2567, 2542, 2511, 2482, 2451, 2419, 2385, 2351, 2314, 2277, 
2240, 2203, 2163, 2122, 2070, 2032, 1991, 1952, 1914, 1875, 
1838, 1801, 1765, 1731, 1695, 1663, 1629, 1599, 1570, 1544, 
1508, 1486, 1464, 1443, 1425, 1411, 1396, 1386, 1377, 1367, 
1365, 1362, 1363, 1364, 1368, 1376, 1388, 1401, 1416, 1429, 
1448, 1470, 1492, 1515, 1542, 1568, 1598, 1627, 1660, 1693, 
1727, 1761, 1811, 1848, 1886, 1926, 1963, 2002, 2042, 2081, 
2119, 2159, 2197, 2236, 2275, 2311, 2348, 2383, 2428, 2459, 
2492, 2520, 2547, 2574, 2598, 2620, 2639, 2659, 2676, 2691, 
2703, 2715, 2723, 2729, 2734, 2734, 2735, 2728, 2723, 2714, 
2706, 2694, 2677, 2663, 2643, 2623, 2600, 2576, 2551, 2524, 
2486, 2452, 2421, 2387, 2352, 2316, 2279, 2242, 2203, 2167, 
2127, 2087, 2048, 2008, 1969, 1931, 1879, 1842, 1804, 1768, 
1732, 1699, 1667, 1633, 1605, 1572, 1546, 1519, 1496, 1474, 
1452, 1433, 1410, 1398, 1387, 1377, 1371, 1365, 1363, 1363, 
1365, 1368, 1374, 1384, 1395, 1409, 1423, 1440, 1467, 1488, 
1511, 1537, 1564, 1595, 1624, 1658, 1690, 1724, 1758, 1794, 
1832, 1869, 1908, 1947, 1998, 2038, 2076, 2115, 2155, 2194, 
2232, 2269, 2307, 2343, 2377, 2412, 2445, 2477, 2505, 2535, 
2571, 2595, 2619, 2639, 2659, 2675, 2687, 2703, 2711, 2721, 
2728, 2731, 2733, 2734, 2733, 2727, 2716, 2707, 2694, 2679, 
2664, 2646, 2624, 2604, 2579, 2555, 2528, 2497, 2467, 2435, 
2404, 2369, 2316, 2283, 2246, 2209, 2171, 2131, 2092, 2052, 
2012, 1974, 1934, 1896, 1859, 1822, 1785, 1749, 1703, 1671, 
1636, 1398, 1385, 1376, 1370, 1364, 1360, 1361, 1361, 1368, 
1372, 1381, 1391, 1406, 1425, 1445, 1465, 1486, 1508, 1536, 
1563, 1591, 1620, 1654, 1686, 1721, 1755, 1791, 1827, 1864, 
1918, 1955, 1993, 2033, 2073, 2111, 2152, 2190, 2228, 2266, 
2303, 2339, 2375, 2409, 2441, 2474, 2515, 2543, 2567, 2593, 
2615, 2635, 2656, 2672, 2686, 2700, 2710, 2719, 2727, 2729, 
2731, 2732, 2728, 2723, 2715, 2704, 2692, 2678, 2663, 2644, 
2623, 2604, 2579, 2553, 2526, 2497, 2467, 2435, 2390, 2358, 
2320, 2286, 2247, 2210, 2171, 2132, 2092, 2052, 2016, 1976, 
1935, 1897, 1860, 1823, 1773, 1739, 1703, 1671, 1637, 1607, 
1575, 1552, 1523, 1498, 1475, 1453, 1436, 1420, 1403, 1392, 
1378, 1370, 1363, 1362, 1362, 1362, 1368, 1373, 1381, 1392, 
1406, 1420, 1441, 1456, 1477, 1499, 1534, 1559, 1589, 1619, 
1651, 1684, 1719, 1752, 1789, 1824, 1863, 1902, 1937, 1979, 
2016, 2056, 2111, 2150, 2188, 2225, 2264, 2302, 2337, 2371, 
2408, 2440, 2474, 2502, 2531, 2558, 2582, 2606, 2635, 2655, 
2671, 2687, 2700, 2712, 2721, 2727, 2731, 2734, 2734, 2729, 
2727, 2719, 2711, 2701, 2681, 2665, 2648, 2627, 2606, 2584, 
2555, 2531, 2502, 2471, 2440, 2407, 2374, 2338, 2303, 2266, 
2214, 2175, 2136, 2096, 2055, 2017, 1980, 1939, 1902, 1864, 
1825, 1790, 1754, 1719, 1684, 1652, 1609, 1580, 1551, 1525, 
1500, 1479, 1456, 1435, 1421, 1407, 1392, 1381, 1373, 1368, 
1362, 1363, 1361, 1368, 1375, 1382, 1391, 1404, 1420, 1435, 
1455, 1476, 1497, 1523, 1550, 1576, 1608, 1637, 1680, 1715, 
1750, 1786, 1823, 1859, 1895, 1936, 1975, 2012, 2052, 2092, 
2130, 2171, 2208, 2246, 2298, 2334, 2367, 2403, 2438, 2468, 
2497, 2528, 2554, 2582, 2605, 2626, 2650, 2665, 2680, 2695, 
2711, 2720, 2726, 2732, 2734, 2734, 2731, 2728, 2721, 2711, 
2700, 2688, 2673, 2657, 2638, 2616, 2586, 2559, 2535, 2505, 
2475, 2444, 2412, 2376, 2343, 2307, 2269, 2233, 2192, 2153, 
2115, 2076, 2023, 1983, 1944, 1905, 1868, 1831, 1795, 1758, 
1724, 1688, 1656, 1624, 1595, 1565, 1537, 1511, 1483, 1459, 
1441, 1423, 1408, 1395, 1384, 1374, 1367, 1363, 1362, 1362, 
1364, 1371, 1376, 1387, 1404, 1417, 1433, 1452, 1473, 1496, 
1520, 1546, 1574, 1603, 1632, 1667, 1699, 1735, 1769, 1804, 
1855, 1894, 1932, 1971, 2008, 2049, 2089, 2127, 2167, 2203, 
2243, 2281, 2318, 2353, 2388, 2424, 2465, 2495, 2524, 2552, 
2577, 2603, 2623, 2643, 2663, 2680, 2694, 2706, 2716, 2723, 
2728, 2734, 2734, 2733, 2727, 2723, 2712, 2703, 2689, 2676, 
2658, 2639, 2619, 2595, 2572, 2545, 2519, 2488, 2447, 2415, 
2380, 2345, 2310, 2272, 2236, 2197, 2159, 2118, 2078, 2040, 
1999, 1964, 1924, 1885, 1834, 1799, 1760, 1728, 1692, 1659, 
1627, 1598, 1567, 1541, 1515, 1491, 1468, 1449, 1428, 1416, 
1395, 1385, 1376, 1368, 1367, 1361, 1363, 1366, 1368, 1376, 
1385, 1396, 1410, 1425, 1443, 1464, 1493, 1519, 1543, 1571, 
1601, 1630, 1662, 1697, 1733, 1766, 1803, 1840, 1876, 1913, 
1952, 1991, 2046, 2084, 2121, 2163, 2200, 2240, 2277, 2313, 
2351, 2385, 2419, 2451, 2483, 2511, 2541, 2565, 2600, 2622, 
2640, 2660, 2680, 2691, 2704, 2713, 2723, 2727, 2735, 2734, 
2734, 2731, 2726, 2718, 2704, 2691, 2675, 2659, 2640, 2620, 
2599, 2574, 2548, 2521, 2492, 2462, 2429, 2396, 2363, 2324, 
2277, 2239, 2201, 2162, 2122, 2083, 2044, 2005, 1966, 1927, 
1888, 1852, 1814, 1779, 1742, 1707, 1662, 1628, 1598, 1563, 
1532, 1502, 1479, 1457, 1438, 1422, 1406, 1392, 1383, 1374, 
1367, 1363, 1362, 1362, 1368, 1374, 1382, 1393, 1407, 1422, 
1437, 1456, 1479, 1500, 1527, 1552, 1580, 1611, 1654, 1686, 
1719, 1753, 1788, 1827, 1864, 1903, 1940, 1980, 2019, 2057, 
2097, 2137, 2176, 2214, 2265, 2303, 2340, 2374, 2408, 2440, 
2472, 2502, 2531, 2558, 2583, 2608, 2627, 2648, 2667, 2681, 
2700, 2711, 2719, 2727, 2731, 2733, 2735, 2732, 2727, 2719, 
2712, 2700, 2686, 2672, 2655, 2635, 2606, 2582, 2557, 2530, 
2500, 2471, 2439, 2407, 2371, 2337, 2303, 2267, 2226, 2187, 
2150, 2111, 2056, 2016, 1979, 1939, 1900, 1863, 1826, 1789, 
1752, 1719, 1684, 1651, 1619, 1591, 1560, 1533, 1499, 1478, 
1456, 1437, 1419, 1406, 1392, 1383, 1372, 1367, 1361, 1362, 
1362, 1364, 1371, 1378, 1392, 1404, 1420, 1436, 1456, 1478, 
1496, 1524, 1550, 1578, 1608, 1638, 1671, 1705, 1740, 1775, 
1824, 1863, 1900, 1936, 1976, 2015, 2053, 2095, 2134, 2172, 
2211, 2248, 2287, 2322, 2360, 2392, 2438, 2468, 2499, 2529, 
2553, 2581, 2606, 2625, 2647, 2667, 2678, 2696, 2706, 2716, 
2725, 2731, 2734, 2734, 2731, 2728, 2719, 2710, 2702, 2687, 
2672, 2655, 2636, 2616, 2593, 2567, 2542, 2515, 2473, 2443, 
2410, 2375, 2345, 2304, 2268, 2230, 2191, 2153, 2114, 2075, 
2035, 1996, 1958, 1920, 1867, 1830, 1794, 1756, 1723, 1688, 
1656, 1623, 1593, 1563, 1537, 1511, 1488, 1465, 1446, 1427, 
1406, 1393, 1383, 1374, 1368, 1363, 1363, 1363, 1365, 1371, 
1376, 1388, 1399, 1413, 1428, 1446, 1473, 1496, 1520, 1548, 
1574, 1605, 1633, 1668, 1702, 1736, 1770, 1807, 1844, 1882, 
1920, 1958, 2012, 2051, 2092, 2129, 2168, 2208, 2245, 2283, 
2319, 2356, 2390, 2424, 2456, 2486, 2515, 2542, 2579, 2603, 
2624, 2643, 2663, 2679, 2692, 2704, 2715, 2722, 2727, 2734, 
2734, 2734, 2730, 2726, 2712, 2702, 2689, 2675, 2659, 2639, 
2618, 2596, 2572, 2545, 2518, 2491, 2457, 2426, 2393, 2359, 
2308, 2271, 2235, 2195, 2158, 2118, 2078, 2039, 2000, 1962, 
1923, 1884, 1847, 1809, 1772, 1739, 1694, 1656, 1626, 1598, 
1567, 1539, 1514, 1489, 1468, 1448, 1430, 1415, 1400, 1388, 
1379, 1371, 1366, 1363, 1363, 1365, 1369, 1376, 1386, 1398, 
1411, 1426, 1443, 1464, 1487, 1508, 1535, 1560, 1600, 1631, 
1663, 1696, 1732, 1767, 1803, 1839, 1879, 1913, 1953, 1991, 
2031, 2070, 2111, 2149, 2201, 2240, 2279, 2315, 2352, 2386, 
2420, 2451, 2483, 2512, 2540, 2567, 2592, 2617, 2635, 2656, 
2676, 2689, 2703, 2715, 2721, 2728, 2734, 2733, 2734, 2731, 
2724, 2716, 2707, 2695, 2681, 2667, 2641, 2620, 2599, 2574, 
2548, 2520, 2491, 2460, 2428, 2396, 2361, 2325, 2290, 2252, 
2214, 2176, 2123, 2083, 2045, 2004, 1966, 1927, 1888, 1854, 
1814, 1779, 1741, 1708, 1675, 1640, 1611, 1580, 1543, 1516, 
1493, 1471, 1449, 1432, 1415, 1401, 1390, 1379, 1371, 1364, 
1362, 1363, 1363, 1368, 1376, 1385, 1395, 1409, 1423, 1441, 
1463, 1484, 1507, 1532, 1558, 1587, 1616, 1648, 1680, 1715, 
1762, 1799, 1836, 1872, 1911, 1948, 1988, 2028, 2067, 2106, 
2144, 2183, 2223, 2260, 2299, 2334, 2382, 2414, 2448, 2480, 
2509, 2533, 2563, 2588, 2612, 2631, 2652, 2671, 2686, 2700, 
2710, 2719, 2728, 2734, 2734, 2734, 2732, 2724, 2718, 2710, 
2698, 2682, 2668, 2649, 2630, 2610, 2587, 2559, 2524, 2495, 
2463, 2432, 2400, 2366, 2329, 2294, 2255, 2219, 2179, 2140, 
2102, 2061, 2022, 1985, 1929, 1891, 1855, 1818, 1782, 1743, 
1711, 1677, 1644, 1430, 1413, 1398, 1385, 1376, 1370, 1363, 
1361, 1361, 1363, 1367, 1375, 1384, 1396, 1411, 1425, 1443, 
1463, 1485, 1504, 1536, 1560, 1590, 1629, 1662, 1695, 1731, 
1768, 1801, 1839, 1874, 1914, 1952, 1989, 2029, 2067, 2108, 
2147, 2185, 2240, 2275, 2317, 2349, 2383, 2417, 2448, 2480, 
2510, 2536, 2564, 2588, 2612, 2633, 2654, 2671, 2688, 2703, 
2714, 2720, 2727, 2732, 2732, 2732, 2730, 2723, 2715, 2707, 
2695, 2681, 2665, 2647, 2619, 2596, 2574, 2547, 2521, 2489, 
2460, 2428, 2395, 2360, 2326, 2288, 2251, 2214, 2176, 2136, 
2083, 2043, 2005, 1966, 1926, 1887, 1851, 1812, 1778, 1740, 
1707, 1673, 1640, 1609, 1580, 1551, 1512, 1493, 1470, 1450, 
1432, 1415, 1400, 1389, 1379, 1370, 1364, 1363, 1362, 1363, 
1367, 1373, 1384, 1395, 1409, 1423, 1443, 1461, 1483, 1506, 
1532, 1558, 1587, 1616, 1648, 1679, 1715, 1750, 1798, 1835, 
1871, 1909, 1948, 1988, 2028, 2065, 2105, 2144, 2182, 2222, 
2259, 2297, 2333, 2367, 2415, 2447, 2479, 2507, 2537, 2563, 
2588, 2611, 2632, 2652, 2672, 2686, 2699, 2710, 2719, 2726, 
2734, 2734, 2734, 2732, 2726, 2718, 2711, 2699, 2684, 2668, 
2651, 2630, 2610, 2586, 2559, 2535, 2495, 2464, 2433, 2401, 
2363, 2329, 2295, 2259, 2219, 2179, 2140, 2103, 2062, 2023, 
1984, 1946, 1892, 1857, 1819, 1784, 1746, 1712, 1678, 1646, 
1613, 1585, 1556, 1529, 1504, 1482, 1460, 1440, 1418, 1404, 
1390, 1380, 1372, 1364, 1363, 1363, 1363, 1365, 1371, 1379, 
1391, 1404, 1417, 1431, 1459, 1481, 1503, 1528, 1555, 1584, 
1613, 1644, 1677, 1711, 1745, 1780, 1817, 1855, 1894, 1929, 
1985, 2022, 2060, 2103, 2140, 2179, 2219, 2255, 2294, 2330, 
2366, 2400, 2432, 2464, 2495, 2525, 2559, 2585, 2611, 2630, 
2649, 2668, 2681, 2696, 2712, 2718, 2726, 2732, 2735, 2735, 
2733, 2727, 2719, 2710, 2699, 2684, 2671, 2652, 2632, 2612, 
2588, 2563, 2536, 2508, 2480, 2447, 2416, 2383, 2334, 2299, 
2260, 2223, 2184, 2144, 2105, 2067, 2024, 1988, 1949, 1911, 
1872, 1836, 1799, 1762, 1715, 1681, 1648, 1615, 1588, 1558, 
1532, 1507, 1484, 1463, 1442, 1423, 1410, 1395, 1387, 1377, 
1369, 1362, 1363, 1362, 1364, 1369, 1379, 1390, 1402, 1415, 
1432, 1449, 1471, 1492, 1517, 1543, 1579, 1609, 1640, 1672, 
1708, 1743, 1778, 1815, 1852, 1889, 1926, 1965, 2003, 2044, 
2082, 2121, 2175, 2214, 2251, 2289, 2327, 2362, 2396, 2428, 
2462, 2492, 2522, 2550, 2574, 2600, 2620, 2643, 2667, 2682, 
2695, 2709, 2718, 2727, 2729, 2735, 2735, 2732, 2727, 2723, 
2714, 2703, 2691, 2676, 2655, 2635, 2614, 2590, 2566, 2540, 
2511, 2483, 2449, 2419, 2384, 2351, 2314, 2275, 2240, 2201, 
2148, 2111, 2072, 2031, 1993, 1952, 1916, 1876, 1840, 1801, 
1767, 1732, 1697, 1664, 1632, 1601, 1561, 1536, 1508, 1486, 
1463, 1443, 1428, 1412, 1400, 1386, 1376, 1368, 1365, 1364, 
1362, 1365, 1371, 1379, 1387, 1400, 1414, 1428, 1447, 1467, 
1489, 1515, 1540, 1567, 1596, 1626, 1659, 1692, 1740, 1774, 
1809, 1848, 1884, 1923, 1963, 2001, 2040, 2080, 2119, 2160, 
2196, 2236, 2275, 2310, 2359, 2393, 2427, 2458, 2490, 2520, 
2546, 2572, 2598, 2620, 2639, 2659, 2676, 2691, 2703, 2712, 
2724, 2731, 2734, 2734, 2735, 2728, 2723, 2714, 2705, 2694, 
2679, 2663, 2643, 2623, 2603, 2578, 2543, 2516, 2487, 2454, 
2424, 2390, 2354, 2317, 2284, 2243, 2207, 2167, 2127, 2091, 
2051, 2009, 1958, 1919, 1880, 1844, 1810, 1770, 1735, 1700, 
1668, 1633, 1600, 1568, 1536, 1504, 1481, 1457, 1431, 1416, 
1401, 1388, 1379, 1371, 1366, 1363, 1363, 1363, 1368, 1374, 
1382, 1392, 1403, 1420, 1443, 1462, 1483, 1506, 1532, 1559, 
1588, 1617, 1648, 1681, 1716, 1751, 1787, 1823, 1862, 1898, 
1950, 1991, 2028, 2067, 2108, 2145, 2185, 2224, 2262, 2300, 
2334, 2369, 2406, 2436, 2470, 2499, 2537, 2564, 2590, 2614, 
2633, 2652, 2671, 2684, 2700, 2711, 2720, 2726, 2732, 2735, 
2734, 2731, 2726, 2718, 2710, 2697, 2683, 2670, 2650, 2630, 
2609, 2585, 2559, 2534, 2503, 2475, 2443, 2409, 2363, 2328, 
2292, 2254, 2218, 2177, 2139, 2100, 2062, 2022, 1983, 1938, 
1905, 1867, 1830, 1792, 1743, 1712, 1677, 1644, 1613, 1583, 
1554, 1527, 1503, 1480, 1459, 1438, 1424, 1408, 1396, 1384, 
1372, 1366, 1363, 1363, 1363, 1367, 1374, 1382, 1392, 1404, 
1419, 1435, 1453, 1474, 1496, 1521, 1556, 1585, 1615, 1646, 
1678, 1713, 1747, 1783, 1820, 1856, 1893, 1932, 1971, 2009, 
2051, 2089, 2143, 2180, 2220, 2258, 2295, 2332, 2366, 2401, 
2435, 2467, 2495, 2526, 2553, 2578, 2604, 2623, 2652, 2668, 
2684, 2696, 2709, 2719, 2726, 2731, 2734, 2734, 2732, 2729, 
2723, 2712, 2702, 2688, 2668, 2651, 2631, 2611, 2585, 2561, 
2535, 2507, 2476, 2447, 2414, 2379, 2344, 2307, 2272, 2233, 
2182, 2144, 2104, 2064, 2025, 1988, 1948, 1910, 1870, 1833, 
1799, 1761, 1727, 1692, 1658, 1627, 1585, 1557, 1531, 1505, 
1482, 1460, 1440, 1423, 1409, 1396, 1385, 1376, 1366, 1366, 
1362, 1362, 1365, 1369, 1379, 1387, 1400, 1415, 1432, 1450, 
1471, 1492, 1518, 1544, 1571, 1601, 1631, 1664, 1711, 1743, 
1779, 1817, 1851, 1890, 1927, 1968, 2007, 2047, 2085, 2121, 
2164, 2202, 2243, 2279, 2328, 2364, 2399, 2431, 2462, 2494, 
2523, 2551, 2576, 2600, 2623, 2641, 2664, 2678, 2691, 2705, 
2718, 2726, 2731, 2734, 2734, 2735, 2728, 2723, 2715, 2707, 
2691, 2678, 2662, 2641, 2621, 2599, 2567, 2538, 2512, 2481, 
2449, 2418, 2383, 2350, 2312, 2278, 2240, 2201, 2161, 2121, 
2083, 2044, 1990, 1951, 1912, 1875, 1837, 1801, 1763, 1728, 
1696, 1663, 1629, 1598, 1569, 1543, 1516, 1491, 1463, 1443, 
1425, 1411, 1395, 1383, 1376, 1368, 1365, 1363, 1363, 1366, 
1368, 1379, 1386, 1396, 1415, 1430, 1449, 1471, 1491, 1516, 
1543, 1569, 1599, 1628, 1662, 1693, 1728, 1764, 1801, 1839, 
1885, 1927, 1966, 2003, 2042, 2080, 2120, 2160, 2197, 2237, 
2273, 2311, 2348, 2381, 2417, 2448, 2492, 2520, 2550, 2574, 
2598, 2620, 2641, 2661, 2678, 2689, 2705, 2715, 2723, 2728, 
2732, 2735, 2734, 2728, 2723, 2716, 2703, 2694, 2676, 2663, 
2643, 2624, 2601, 2575, 2551, 2524, 2494, 2463, 2420, 2385, 
2351, 2316, 2281, 2244, 2204, 2166, 2126, 2087, 2048, 2008, 
1969, 1930, 1891, 1855, 1804, 1768, 1733, 1698, 1666, 1632, 
1603, 1572, 1545, 1519, 1494, 1473, 1452, 1432, 1418, 1403, 
1386, 1377, 1371, 1366, 1361, 1363, 1366, 1367, 1376, 1385, 
1396, 1409, 1424, 1443, 1460, 1483, 1513, 1539, 1565, 1595, 
1625, 1658, 1691, 1726, 1758, 1796, 1833, 1869, 1907, 1947, 
1987, 2025, 2079, 2116, 2156, 2193, 2232, 2270, 2307, 2343, 
2381, 2413, 2447, 2478, 2507, 2535, 2563, 2587, 2618, 2638, 
2659, 2676, 2687, 2702, 2712, 2722, 2728, 2731, 2734, 2734, 
2731, 2724, 2718, 2710, 2692, 2676, 2662, 2644, 2623, 2603, 
2578, 2553, 2527, 2496, 2466, 2434, 2403, 2365, 2331, 2296, 
2243, 2206, 2169, 2128, 2091, 2051, 2011, 1974, 1933, 1895, 
1859, 1820, 1785, 1747, 1712, 1680, 1635, 1427, 1414, 1398, 
1386, 1377, 1369, 1364, 1361, 1361, 1361, 1366, 1372, 1380, 
1391, 1404, 1425, 1441, 1461, 1484, 1505, 1532, 1558, 1587, 
1617, 1651, 1683, 1716, 1749, 1785, 1823, 1859, 1912, 1950, 
1990, 2028, 2067, 2108, 2147, 2183, 2224, 2265, 2300, 2335, 
2371, 2405, 2436, 2470, 2510, 2537, 2563, 2588, 2613, 2632, 
2653, 2669, 2684, 2697, 2707, 2719, 2726, 2730, 2732, 2732, 
2728, 2724, 2716, 2709, 2699, 2681, 2668, 2648, 2628, 2608, 
2584, 2559, 2531, 2502, 2473, 2443, 2396, 2362, 2327, 2291, 
2252, 2215, 2176, 2139, 2099, 2058, 2020, 1982, 1940, 1903, 
1864, 1828, 1779, 1742, 1709, 1676, 1643, 1613, 1583, 1553, 
1527, 1502, 1479, 1456, 1438, 1421, 1403, 1391, 1378, 1371, 
1364, 1363, 1363, 1363, 1368, 1373, 1380, 1389, 1403, 1419, 
1435, 1455, 1476, 1496, 1531, 1558, 1586, 1615, 1646, 1679, 
1713, 1751, 1785, 1820, 1855, 1894, 1932, 1971, 2010, 2051, 
2104, 2143, 2180, 2220, 2258, 2296, 2332, 2367, 2401, 2435, 
2464, 2495, 2527, 2555, 2579, 2604, 2632, 2652, 2669, 2684, 
2700, 2710, 2720, 2726, 2731, 2734, 2734, 2730, 2729, 2723, 
2712, 2703, 2684, 2668, 2652, 2630, 2612, 2587, 2561, 2535, 
2507, 2478, 2446, 2415, 2379, 2345, 2308, 2272, 2220, 2181, 
2144, 2104, 2064, 2024, 1987, 1948, 1914, 1870, 1832, 1797, 
1760, 1727, 1692, 1657, 1614, 1585, 1557, 1529, 1504, 1483, 
1460, 1438, 1423, 1408, 1394, 1384, 1377, 1368, 1367, 1361, 
1361, 1365, 1371, 1379, 1390, 1401, 1416, 1432, 1451, 1470, 
1492, 1518, 1544, 1571, 1601, 1631, 1675, 1709, 1747, 1782, 
1816, 1851, 1891, 1928, 1967, 2006, 2047, 2087, 2124, 2164, 
2203, 2242, 2292, 2327, 2365, 2398, 2432, 2464, 2495, 2523, 
2552, 2580, 2600, 2623, 2642, 2663, 2677, 2691, 2710, 2718, 
2726, 2731, 2733, 2735, 2734, 2727, 2723, 2713, 2704, 2691, 
2675, 2659, 2641, 2620, 2587, 2566, 2539, 2510, 2480, 2448, 
2417, 2379, 2348, 2311, 2275, 2239, 2200, 2161, 2120, 2082, 
2028, 1990, 1951, 1912, 1875, 1836, 1799, 1764, 1728, 1694, 
1660, 1629, 1599, 1568, 1543, 1515, 1485, 1462, 1444, 1423, 
1410, 1393, 1384, 1376, 1368, 1364, 1364, 1362, 1365, 1368, 
1377, 1386, 1401, 1415, 1430, 1451, 1471, 1491, 1516, 1542, 
1569, 1599, 1631, 1661, 1694, 1728, 1764, 1800, 1847, 1887, 
1926, 1964, 2003, 2043, 2080, 2121, 2160, 2199, 2237, 2273, 
2311, 2348, 2382, 2416, 2460, 2491, 2520, 2547, 2575, 2598, 
2620, 2640, 2657, 2676, 2691, 2705, 2713, 2723, 2728, 2732, 
2734, 2734, 2727, 2722, 2715, 2707, 2695, 2678, 2662, 2643, 
2623, 2601, 2577, 2551, 2524, 2493, 2451, 2422, 2388, 2352, 
2316, 2281, 2241, 2203, 2167, 2125, 2086, 2048, 2008, 1968, 
1929, 1891, 1841, 1804, 1768, 1733, 1700, 1667, 1633, 1600, 
1574, 1546, 1520, 1495, 1472, 1451, 1431, 1418, 1399, 1387, 
1376, 1371, 1366, 1361, 1362, 1363, 1368, 1375, 1385, 1395, 
1409, 1423, 1440, 1460, 1488, 1514, 1536, 1565, 1595, 1623, 
1657, 1689, 1724, 1758, 1795, 1832, 1868, 1905, 1944, 1984, 
2037, 2076, 2115, 2155, 2193, 2232, 2269, 2305, 2343, 2378, 
2414, 2446, 2477, 2505, 2535, 2561, 2595, 2616, 2638, 2661, 
2673, 2688, 2701, 2712, 2719, 2728, 2732, 2735, 2735, 2732, 
2726, 2719, 2707, 2692, 2678, 2663, 2646, 2625, 2604, 2579, 
2554, 2527, 2497, 2467, 2435, 2403, 2371, 2334, 2284, 2245, 
2208, 2171, 2130, 2092, 2052, 2012, 1975, 1934, 1897, 1859, 
1821, 1786, 1749, 1714, 1670, 1635, 1604, 1572, 1539, 1511, 
1485, 1463, 1442, 1425, 1409, 1394, 1384, 1377, 1368, 1366, 
1363, 1363, 1365, 1371, 1379, 1391, 1401, 1416, 1432, 1451, 
1471, 1494, 1519, 1543, 1571, 1601, 1643, 1676, 1711, 1747, 
1781, 1816, 1851, 1891, 1928, 1968, 2006, 2047, 2085, 2124, 
2163, 2202, 2254, 2291, 2328, 2364, 2399, 2432, 2463, 2492, 
2521, 2550, 2576, 2601, 2623, 2642, 2660, 2677, 2696, 2710, 
2718, 2726, 2731, 2735, 2735, 2736, 2728, 2723, 2715, 2704, 
2691, 2678, 2662, 2641, 2614, 2589, 2566, 2538, 2510, 2480, 
2447, 2417, 2383, 2348, 2311, 2275, 2238, 2198, 2160, 2120, 
2068, 2028, 1989, 1951, 1912, 1873, 1836, 1803, 1764, 1728, 
1695, 1661, 1631, 1599, 1568, 1543, 1507, 1484, 1462, 1440, 
1425, 1412, 1397, 1384, 1376, 1369, 1365, 1363, 1363, 1365, 
1368, 1376, 1389, 1401, 1415, 1429, 1449, 1471, 1491, 1515, 
1543, 1569, 1597, 1628, 1662, 1694, 1728, 1762, 1812, 1852, 
1887, 1927, 1965, 2005, 2043, 2081, 2120, 2158, 2200, 2238, 
2275, 2311, 2350, 2382, 2430, 2460, 2492, 2520, 2547, 2574, 
2596, 2621, 2640, 2663, 2677, 2691, 2702, 2714, 2723, 2727, 
2734, 2732, 2732, 2727, 2721, 2714, 2704, 2692, 2676, 2662, 
2643, 2622, 2600, 2576, 2551, 2524, 2483, 2451, 2421, 2387, 
2352, 2316, 2278, 2240, 2203, 2167, 2125, 2087, 2048, 2007, 
1968, 1929, 1878, 1840, 1803, 1767, 1732, 1697, 1666, 1631, 
1601, 1572, 1545, 1518, 1492, 1473, 1451, 1432, 1412, 1395, 
1386, 1376, 1369, 1365, 1363, 1363, 1364, 1367, 1376, 1384, 
1395, 1409, 1423, 1439, 1468, 1488, 1513, 1539, 1565, 1595, 
1627, 1659, 1691, 1724, 1756, 1796, 1834, 1870, 1908, 1946, 
1998, 2039, 2077, 2116, 2156, 2193, 2233, 2272, 2307, 2344, 
2379, 2413, 2447, 2479, 2508, 2536, 2572, 2593, 2617, 2639, 
2657, 2674, 2689, 2703, 2712, 2722, 2729, 2731, 2734, 2734, 
2732, 2727, 2716, 2707, 2694, 2680, 2663, 2645, 2625, 2603, 
2579, 2554, 2527, 2497, 2466, 2435, 2403, 2370, 2318, 2284, 
2244, 2207, 2171, 2131, 2092, 2052, 2011, 1975, 1935, 1897, 
1859, 1820, 1785, 1750, 1702, 1668, 1635, 1606, 1576, 1549, 
1521, 1499, 1475, 1454, 1433, 1419, 1404, 1392, 1382, 1372, 
1366, 1362, 1363, 1363, 1367, 1374, 1382, 1392, 1407, 1420, 
1438, 1457, 1480, 1500, 1526, 1552, 1584, 1622, 1655, 1688, 
1721, 1754, 1791, 1828, 1867, 1904, 1940, 1982, 2020, 2059, 
2099, 2137, 2190, 2229, 2267, 2304, 2340, 2374, 2410, 2444, 
2475, 2503, 2534, 2558, 2584, 2609, 2627, 2648, 2673, 2688, 
2701, 2712, 2721, 2728, 2731, 2734, 2734, 2731, 2727, 2719, 
2712, 2700, 2686, 2672, 2647, 2627, 2607, 2582, 2556, 2529, 
2499, 2471, 2438, 2406, 2371, 2337, 2302, 2263, 2224, 2186, 
2132, 2095, 2055, 2016, 1983, 1937, 1900, 1862, 1823, 1789, 
1751, 1719, 1683, 1650, 1619, 1589, 1550, 1526, 1500, 1476, 
1455, 1435, 1420, 1404, 1391, 1382, 1373, 1368, 1363, 1362, 
1363, 1366, 1374, 1383, 1392, 1407, 1420, 1437, 1457, 1476, 
1499, 1524, 1551, 1579, 1608, 1640, 1672, 1705, 1754, 1790, 
1825, 1863, 1900, 1939, 1978, 2016, 2055, 2095, 2136, 2172, 
2212, 2249, 2288, 2323, 2371, 2407, 2439, 2472, 2499, 2530, 
2555, 2582, 2606, 2627, 2648, 2666, 2681, 2697, 2708, 2718, 
2727, 2732, 2735, 2735, 2731, 2728, 2720, 2713, 2702, 2688, 
2674, 2656, 2636, 2616, 2592, 2567, 2533, 2502, 2472, 2441, 
2410, 2376, 2340, 2303, 2265, 2231, 2190, 2151, 2113, 2073, 
2035, 1993, 1943, 1907, 1863, 1829, 1792, 1755, 1721, 1686, 
1622, 1622, 1421, 1409, 1393, 1383, 1374, 1366, 1361, 1362, 
1361, 1364, 1369, 1378, 1389, 1401, 1414, 1430, 1450, 1471, 
1492, 1517, 1543, 1570, 1610, 1641, 1674, 1707, 1743, 1775, 
1815, 1852, 1887, 1926, 1967, 2005, 2045, 2083, 2121, 2161, 
2215, 2251, 2289, 2325, 2361, 2397, 2430, 2462, 2491, 2521, 
2548, 2575, 2600, 2622, 2641, 2661, 2680, 2695, 2710, 2715, 
2723, 2731, 2733, 2734, 2733, 2727, 2722, 2712, 2704, 2690, 
2675, 2660, 2633, 2614, 2589, 2563, 2539, 2509, 2480, 2449, 
2417, 2384, 2352, 2313, 2275, 2237, 2199, 2163, 2108, 2070, 
2030, 1991, 1951, 1914, 1875, 1837, 1800, 1765, 1730, 1695, 
1662, 1628, 1599, 1569, 1532, 1507, 1485, 1463, 1443, 1423, 
1409, 1397, 1386, 1376, 1367, 1367, 1363, 1363, 1366, 1368, 
1378, 1387, 1401, 1415, 1430, 1448, 1470, 1490, 1515, 1541, 
1569, 1598, 1627, 1660, 1692, 1728, 1772, 1811, 1849, 1883, 
1923, 1963, 2001, 2041, 2080, 2119, 2159, 2196, 2236, 2273, 
2310, 2345, 2393, 2428, 2459, 2491, 2519, 2545, 2572, 2598, 
2620, 2637, 2660, 2676, 2691, 2703, 2712, 2723, 
Manual trigger reset! Waiting for next signal...
reset bools done, waiting for next trigger...
Trigger at idx=8271 raw=2069
Capture ready: pre-trigger + post-trigger window complete.
TRIGGER TYPE IS: RISING
Sample threshold is: 2048

----DEBUG INFO----
Core: 0, Trigger: 8271, Size: 16388
START
2239, 2273, 2308, 2343, 2375, 2407, 2436, 2476, 2504, 2529, 
2555, 2579, 2598, 2620, 2639, 2656, 2670, 2683, 2694, 2702, 
2710, 2716, 2719, 2718, 2719, 2714, 2708, 2700, 2694, 2680, 
2667, 2654, 2636, 2617, 2598, 2575, 2552, 2528, 2502, 2463, 
2432, 2403, 2371, 2339, 2303, 2271, 2234, 2198, 2163, 2126, 
2088, 2051, 2015, 1979, 1942, 1891, 1855, 1822, 1788, 1752, 
1720, 1688, 1657, 1627, 1599, 1568, 1544, 1519, 1495, 1475, 
1455, 1430, 1414, 1400, 1388, 1377, 1369, 1364, 1361, 1359, 
1358, 1361, 1364, 1369, 1377, 1390, 1400, 1420, 1436, 1456, 
1475, 1496, 1520, 1544, 1571, 1599, 1627, 1658, 1690, 1724, 
1755, 1790, 1824, 1871, 1908, 1944, 1981, 2018, 2055, 2092, 
2129, 2167, 2204, 2238, 2275, 2308, 2345, 2376, 2409, 2451, 
2480, 2508, 2535, 2558, 2583, 2609, 2624, 2646, 2662, 2675, 
2689, 2703, 2711, 2719, 2724, 2729, 2730, 2730, 2727, 2721, 
2713, 2707, 2695, 2680, 2667, 2654, 2632, 2612, 2591, 2568, 
2544, 2508, 2480, 2449, 2420, 2388, 2356, 2323, 2288, 2253, 
2217, 2180, 2144, 2107, 2070, 2032, 1996, 1945, 1909, 1873, 
1838, 1802, 1768, 1737, 1703, 1672, 1640, 1612, 1583, 1558, 
1531, 1507, 1484, 1456, 1438, 1422, 1409, 1395, 1384, 1375, 
1369, 1364, 1360, 1363, 1361, 1365, 1371, 1378, 1388, 1406, 
1419, 1434, 1452, 1472, 1492, 1516, 1540, 1564, 1593, 1620, 
1654, 1683, 1715, 1748, 1782, 1830, 1864, 1900, 1937, 1974, 
2011, 2049, 2085, 2122, 2160, 2195, 2232, 2268, 2304, 2337, 
2371, 2415, 2447, 2474, 2502, 2531, 2555, 2579, 2603, 2622, 
2643, 2660, 2675, 2689, 2702, 2712, 2719, 2728, 2734, 2734, 
2734, 2731, 2727, 2720, 2712, 2700, 2689, 2676, 2660, 2643, 
2623, 2601, 2579, 2545, 2520, 2492, 2464, 2432, 2401, 2369, 
2335, 2303, 2267, 2231, 2193, 2158, 2119, 2083, 2046, 1995, 
1959, 1923, 1886, 1852, 1815, 1782, 1746, 1713, 1683, 1651, 
1621, 1593, 1565, 1542, 1516, 1486, 1464, 1445, 1428, 1413, 
1400, 1388, 1379, 1371, 1365, 1363, 1362, 1362, 1366, 1372, 
1377, 1390, 1401, 1416, 1430, 1447, 1467, 1489, 1510, 1535, 
1558, 1585, 1614, 1644, 1674, 1707, 1740, 1785, 1820, 1855, 
1889, 1927, 1964, 2000, 2038, 2074, 2112, 2150, 2185, 2223, 
2259, 2294, 2328, 2372, 2407, 2438, 2468, 2496, 2523, 2550, 
2574, 2598, 2618, 2639, 2656, 2672, 2687, 2700, 2712, 2721, 
2731, 2732, 2735, 2735, 2733, 2729, 2723, 2715, 2705, 2694, 
2680, 2665, 2648, 2627, 2610, 2578, 2555, 2529, 2499, 2473, 
2444, 2412, 2379, 2348, 2308, 2279, 2242, 2206, 2171, 2132, 
2096, 2046, 2008, 1969, 1933, 1898, 1862, 1827, 1792, 1758, 
1726, 1692, 1662, 1630, 1603, 1575, 1548, 1515, 1489, 1472, 
1451, 1433, 1419, 1405, 1393, 1382, 1374, 1368, 1364, 1363, 
1363, 1366, 1369, 1379, 1388, 1400, 1412, 1425, 1443, 1462, 
1482, 1503, 1527, 1552, 1577, 1608, 1632, 1668, 1699, 1743, 
1777, 1809, 1846, 1879, 1917, 1952, 1990, 2027, 2063, 2101, 
2136, 2175, 2212, 2247, 2283, 2331, 2364, 2398, 2430, 2460, 
2488, 2515, 2542, 2567, 2591, 2614, 2631, 2652, 2669, 2684, 
2697, 2713, 2721, 2727, 2733, 2736, 2736, 2736, 2732, 2727, 
2719, 2709, 2695, 2679, 2663, 2643, 2624, 2595, 2570, 2544, 
2518, 2491, 2462, 2430, 2400, 2366, 2334, 2300, 2264, 2228, 
2192, 2155, 2118, 2066, 2030, 1991, 1955, 1919, 1882, 1849, 
1813, 1779, 1743, 1712, 1681, 1648, 1619, 1591, 1564, 1529, 
1503, 1484, 1463, 1444, 1426, 1413, 1398, 1388, 1380, 1372, 
1367, 1363, 1363, 1364, 1366, 1374, 1382, 1390, 1404, 1416, 
1432, 1449, 1468, 1489, 1511, 1536, 1561, 1589, 1616, 1648, 
1676, 1722, 1755, 1790, 1823, 1859, 1894, 1929, 1967, 2004, 
2040, 2078, 2115, 2152, 2189, 2226, 2262, 2308, 2343, 2377, 
2411, 2441, 2471, 2499, 2527, 2553, 2577, 2599, 2622, 2641, 
2659, 2675, 2691, 2706, 2716, 2724, 2731, 2732, 2736, 2736, 
2734, 2731, 2725, 2716, 2707, 2694, 2680, 2665, 2648, 2621, 
2600, 2578, 2553, 2527, 2499, 2476, 2439, 2409, 2377, 2344, 
2309, 2275, 2240, 2203, 2168, 2116, 2079, 2042, 2003, 1968, 
1931, 1894, 1860, 1824, 1790, 1755, 1723, 1689, 1659, 1629, 
1600, 1561, 1536, 1512, 1491, 1470, 1450, 1432, 1418, 1405, 
1391, 1383, 1373, 1369, 1363, 1364, 1364, 1366, 1372, 1380, 
1388, 1400, 1413, 1427, 1444, 1464, 1484, 1505, 1529, 1553, 
1581, 1608, 1635, 1679, 1713, 1745, 1778, 1812, 1848, 1883, 
1921, 1955, 1992, 2030, 2067, 2104, 2141, 2179, 2215, 2264, 
2300, 2334, 2367, 2400, 2432, 2463, 2492, 2519, 2545, 2569, 
2593, 2616, 2636, 2655, 2670, 2690, 2703, 2713, 2723, 2727, 
2733, 2736, 2736, 2736, 2731, 2726, 2719, 2709, 2697, 2684, 
2671, 2647, 2626, 2608, 2584, 2559, 2535, 2507, 2479, 2449, 
2419, 2384, 2356, 2319, 2286, 2251, 2215, 2164, 2127, 2090, 
2054, 2016, 1980, 1942, 1907, 1869, 1833, 1800, 1767, 1733, 
1700, 1670, 1637, 1598, 1570, 1544, 1518, 1497, 1475, 1457, 
1436, 1422, 1408, 1396, 1385, 1377, 1368, 1366, 1363, 1363, 
1366, 1371, 1377, 1386, 1396, 1408, 1424, 1438, 1458, 1477, 
1498, 1522, 1545, 1572, 1600, 1639, 1671, 1703, 1735, 1768, 
1804, 1836, 1873, 1910, 1944, 1983, 2019, 2056, 2093, 2130, 
2168, 2219, 2253, 2290, 2323, 2359, 2390, 2423, 2451, 2483, 
2510, 2539, 2561, 2585, 2608, 2628, 2648, 2672, 2684, 2699, 
2710, 2719, 2727, 2733, 2736, 2736, 2736, 2734, 2727, 2722, 
2712, 2702, 2690, 2670, 2652, 2632, 2615, 2591, 2567, 2543, 
2518, 2489, 2461, 2430, 2399, 2364, 2332, 2299, 2263, 2212, 
2175, 2139, 2102, 2064, 2027, 1991, 1955, 1917, 1880, 1845, 
1811, 1776, 1743, 1710, 1677, 1635, 1607, 1578, 1551, 1527, 
1503, 1483, 1462, 1443, 1425, 1413, 1399, 1388, 1377, 1372, 
1366, 1365, 1363, 1364, 1370, 1375, 1382, 1393, 1404, 1419, 
1433, 1452, 1471, 1491, 1514, 1539, 1563, 1603, 1629, 1662, 
1691, 1728, 1756, 1792, 1827, 1863, 1897, 1934, 1971, 2007, 
2045, 2083, 2119, 2171, 2207, 2243, 2279, 2312, 2347, 2381, 
2414, 2444, 2475, 2502, 2529, 2556, 2580, 2604, 2624, 2649, 
2668, 2681, 2695, 2705, 2717, 2725, 2730, 2734, 2736, 2736, 
2733, 2731, 2723, 2715, 2707, 2687, 2673, 2659, 2639, 2619, 
2599, 2575, 2551, 2526, 2496, 2468, 2439, 2409, 2375, 2343, 
2306, 2259, 2224, 2188, 2151, 2113, 2076, 2040, 2000, 1964, 
1928, 1893, 1856, 1822, 1787, 1752, 1720, 1676, 1645, 1614, 
1587, 1560, 1534, 1512, 1487, 1466, 1449, 1431, 1416, 1402, 
1391, 1381, 1375, 1366, 1363, 1363, 1363, 1367, 1372, 1380, 
1388, 1400, 1414, 1427, 1444, 1465, 1486, 1506, 1530, 1566, 
1593, 1623, 1652, 1681, 1716, 1747, 1783, 1816, 1852, 1886, 
1921, 1960, 1996, 2033, 2071, 2120, 2158, 2195, 2232, 2268, 
2303, 2336, 2370, 2403, 2430, 2464, 2494, 2520, 2547, 2572, 
2593, 2624, 2643, 2662, 2679, 2688, 2703, 2713, 2723, 2728, 
2734, 2737, 2736, 2735, 2731, 2725, 2597, 2563, 2539, 2513, 
2485, 2455, 2426, 2393, 2361, 2328, 2297, 2258, 2223, 2184, 
2150, 2113, 2076, 2024, 1988, 1950, 1913, 1877, 1841, 1807, 
1773, 1740, 1708, 1676, 1644, 1615, 1587, 1559, 1535, 1501, 
1481, 1460, 1441, 1423, 1411, 1399, 1388, 1377, 1371, 1365, 
1363, 1362, 1363, 1365, 1371, 1383, 1393, 1404, 1418, 1433, 
1451, 1471, 1491, 1515, 1539, 1563, 1592, 1619, 1651, 1679, 
1713, 1759, 1792, 1827, 1863, 1897, 1932, 1971, 2008, 2044, 
2081, 2115, 2156, 2192, 2230, 2264, 2301, 2348, 2380, 2414, 
2443, 2473, 2501, 2529, 2556, 2579, 2601, 2624, 2641, 2661, 
2678, 2688, 2703, 2715, 2723, 2729, 2734, 2735, 2735, 2732, 
2731, 2723, 2714, 2705, 2692, 2678, 2663, 2646, 2625, 2596, 
2575, 2550, 2524, 2495, 2467, 2435, 2406, 2372, 2339, 2305, 
2271, 2234, 2199, 2161, 2125, 2073, 2036, 1999, 1964, 1926, 
1889, 1855, 1820, 1785, 1750, 1719, 1686, 1656, 1624, 1596, 
1569, 1533, 1508, 1488, 1465, 1447, 1430, 1416, 1402, 1392, 
1379, 1374, 1368, 1363, 1363, 1364, 1366, 1371, 1380, 1390, 
1401, 1415, 1427, 1446, 1465, 1486, 1507, 1532, 1557, 1584, 
1613, 1642, 1672, 1716, 1748, 1782, 1816, 1852, 1886, 1923, 
1960, 1997, 2035, 2071, 2110, 2145, 2182, 2220, 2255, 2304, 
2337, 2371, 2403, 2436, 2465, 2495, 2523, 2547, 2573, 2599, 
2616, 2639, 2656, 2672, 2686, 2703, 2712, 2720, 2729, 2732, 
2736, 2736, 2735, 2729, 2724, 2716, 2708, 2696, 2681, 2668, 
2651, 2624, 2605, 2582, 2556, 2531, 2504, 2476, 2447, 2416, 
2383, 2351, 2316, 2282, 2246, 2211, 2173, 2120, 2086, 2051, 
2011, 1976, 1936, 1901, 1864, 1831, 1796, 1760, 1729, 1696, 
1664, 1634, 1606, 1567, 1541, 1516, 1495, 1472, 1452, 1436, 
1421, 1406, 1393, 1384, 1375, 1368, 1366, 1364, 1363, 1366, 
1372, 1376, 1386, 1396, 1410, 1423, 1441, 1460, 1480, 1500, 
1524, 1550, 1575, 1604, 1632, 1675, 1706, 1740, 1772, 1805, 
1841, 1876, 1913, 1950, 1989, 2023, 2059, 2097, 2135, 2172, 
2208, 2256, 2293, 2328, 2363, 2393, 2427, 2456, 2484, 2513, 
2539, 2564, 2588, 2611, 2630, 2650, 2668, 2687, 2702, 2712, 
2719, 2727, 2732, 2737, 2737, 2736, 2734, 2726, 2719, 2711, 
2700, 2687, 2673, 2649, 2630, 2611, 2588, 2564, 2541, 2513, 
2484, 2455, 2425, 2394, 2361, 2327, 2294, 2256, 2222, 2171, 
2134, 2096, 2058, 2023, 1985, 1948, 1912, 1877, 1840, 1806, 
1772, 1740, 1707, 1675, 1644, 1603, 1574, 1550, 1525, 1500, 
1481, 1459, 1441, 1424, 1410, 1397, 1386, 1377, 1372, 1367, 
1362, 1363, 1367, 1370, 1375, 1383, 1395, 1407, 1420, 1436, 
1454, 1473, 1495, 1517, 1542, 1567, 1595, 1635, 1666, 1696, 
1729, 1760, 1797, 1831, 1867, 1902, 1937, 1975, 2012, 2050, 
2086, 2123, 2160, 2211, 2247, 2283, 2316, 2352, 2383, 2416, 
2447, 2477, 2504, 2532, 2558, 2584, 2606, 2624, 2644, 2669, 
2684, 2695, 2710, 2716, 2724, 2730, 2736, 2736, 2736, 2734, 
2731, 2721, 2713, 2703, 2691, 2672, 2655, 2636, 2616, 2595, 
2572, 2548, 2521, 2492, 2465, 2435, 2403, 2369, 2338, 2303, 
2269, 2219, 2182, 2147, 2108, 2072, 2033, 1996, 1960, 1924, 
1886, 1852, 1816, 1783, 1748, 1715, 1683, 1642, 1613, 1583, 
1555, 1533, 1507, 1486, 1464, 1446, 1429, 1415, 1401, 1390, 
1380, 1372, 1368, 1363, 1363, 1363, 1370, 1374, 1380, 1392, 
1403, 1416, 1430, 1447, 1467, 1489, 1510, 1532, 1558, 1598, 
1624, 1656, 1686, 1721, 1752, 1785, 1820, 1855, 1889, 1927, 
1966, 2000, 2037, 2076, 2112, 2163, 2199, 2238, 2271, 2307, 
2342, 2374, 2407, 2438, 2467, 2496, 2524, 2551, 2574, 2599, 
2619, 2647, 2662, 2679, 2694, 2704, 2714, 2722, 2730, 2733, 
2736, 2737, 2736, 2729, 2726, 2716, 2705, 2684, 2670, 2652, 
2632, 2615, 2591, 2567, 2539, 2512, 2486, 2456, 2423, 2393, 
2362, 2326, 2293, 2243, 2207, 2172, 2135, 2096, 2057, 2023, 
1986, 1948, 1912, 1876, 1840, 1806, 1772, 1739, 1706, 1662, 
1631, 1603, 1575, 1550, 1525, 1500, 1482, 1457, 1440, 1424, 
1409, 1396, 1386, 1376, 1371, 1367, 1363, 1363, 1366, 1368, 
1375, 1382, 1393, 1407, 1421, 1436, 1453, 1474, 1494, 1517, 
1542, 1578, 1604, 1633, 1667, 1695, 1729, 1763, 1798, 1831, 
1867, 1903, 1939, 1976, 2015, 2049, 2087, 2138, 2176, 2211, 
2247, 2283, 2318, 2352, 2385, 2416, 2447, 2478, 2505, 2534, 
2558, 2584, 2606, 2631, 2652, 2671, 2684, 2696, 2710, 2718, 
2725, 2731, 2736, 2737, 2737, 2732, 2729, 2723, 2713, 2700, 
2687, 2672, 2656, 2636, 2616, 2595, 2572, 2547, 2520, 2496, 
2464, 2433, 2403, 2371, 2337, 2288, 2254, 2221, 2182, 2145, 
2108, 2071, 2032, 1997, 1959, 1924, 1886, 1852, 1816, 1782, 
1747, 1702, 1673, 1640, 1612, 1584, 1555, 1531, 1507, 1488, 
1467, 1447, 1428, 1414, 1401, 1389, 1379, 1371, 1367, 1363, 
1363, 1364, 1368, 1374, 1382, 1391, 1403, 1417, 1431, 1447, 
1467, 1491, 1510, 1544, 1569, 1596, 1627, 1655, 1688, 1719, 
1753, 1785, 1820, 1856, 1889, 1928, 1964, 2000, 2036, 2089, 
2124, 2163, 2200, 2238, 2272, 2307, 2342, 2374, 2407, 2438, 
2468, 2496, 2524, 2551, 2579, 2608, 2627, 2648, 2664, 2679, 
2692, 2706, 2713, 2721, 2732, 2734, 2736, 2736, 2735, 2731, 
2723, 2713, 2703, 2688, 2676, 2660, 2643, 2622, 2603, 2579, 
2556, 2528, 2500, 2473, 2444, 2413, 2380, 2334, 2300, 2264, 
2230, 2192, 2156, 2119, 2082, 2047, 2008, 1971, 1935, 1899, 
1863, 1827, 1793, 1745, 1712, 1680, 1650, 1620, 1592, 1565, 
1538, 1514, 1492, 1471, 1452, 1433, 1419, 1406, 1393, 1380, 
1372, 1366, 1363, 1363, 1363, 1367, 1372, 1378, 1388, 1399, 
1411, 1425, 1442, 1461, 1481, 1512, 1536, 1560, 1589, 1618, 
1647, 1678, 1708, 1742, 1777, 1809, 1845, 1879, 1917, 1953, 
1991, 2041, 2078, 2117, 2151, 2188, 2224, 2261, 2296, 2332, 
2366, 2398, 2430, 2459, 2488, 2515, 2542, 2575, 2600, 2622, 
2640, 2659, 2676, 2688, 2701, 2712, 2722, 2727, 2733, 2736, 
2736, 2736, 2735, 2724, 2716, 2705, 2695, 2680, 2665, 2649, 
2628, 2611, 2586, 2561, 2539, 2508, 2483, 2452, 2424, 2378, 
2346, 2310, 2275, 2241, 2204, 2169, 2131, 2094, 2055, 2019, 
1982, 1945, 1909, 1872, 1838, 1790, 1756, 1724, 1691, 1655, 
1630, 1600, 1573, 1543, 1523, 1499, 1477, 1457, 1439, 1424, 
1408, 1392, 1383, 1374, 1369, 1363, 1364, 1363, 1367, 1369, 
1380, 1385, 1395, 1408, 1423, 1437, 1455, 1483, 1505, 1528, 
1554, 1580, 1608, 1635, 1668, 1699, 1732, 1764, 1800, 1835, 
1869, 1905, 1941, 1992, 2030, 2067, 2104, 2142, 2179, 2215, 
2249, 2286, 2320, 2353, 2388, 2419, 2449, 2481, 2507, 2544, 
2571, 2593, 2617, 2633, 2654, 2672, 2687, 2697, 2710, 2719, 
2726, 2732, 2736, 2736, 2736, 2731, 2727, 2720, 2707, 2698, 
2684, 2670, 2655, 2635, 2616, 2595, 2567, 2544, 2519, 2491, 
2463, 2420, 2387, 2355, 2320, 2288, 2252, 2216, 2179, 2142, 
2104, 2067, 2030, 1993, 1956, 1921, 1884, 1836, 1801, 1766, 
1733, 1702, 1670, 1639, 1609, 1582, 1555, 1529, 1505, 1486, 
1464, 1444, 1427, 1408, 1396, 1385, 1376, 1369, 1367, 1363, 
1363, 1362, 1369, 1375, 1384, 1392, 1405, 1417, 1432, 1457, 
1476, 1497, 1521, 1546, 1572, 1600, 1627, 1659, 1689, 1723, 
1754, 1789, 1823, 1859, 1895, 1944, 1980, 2018, 2055, 2092, 
2129, 2167, 2203, 2240, 2275, 2308, 2345, 2377, 2412, 2442, 
2471, 2511, 2537, 2562, 2585, 2608, 2627, 2647, 2667, 2679, 
2693, 2705, 2716, 2723, 2731, 2733, 2736, 2736, 2734, 2727, 
2606, 2583, 2559, 2535, 2507, 2480, 2451, 2419, 2387, 2356, 
2320, 2287, 2250, 2201, 2166, 2127, 2090, 2054, 2015, 1980, 
1942, 1908, 1870, 1835, 1800, 1764, 1735, 1700, 1670, 1626, 
1599, 1570, 1546, 1520, 1496, 1476, 1456, 1437, 1423, 1407, 
1395, 1384, 1376, 1369, 1365, 1363, 1362, 1366, 1368, 1377, 
1385, 1395, 1408, 1420, 1438, 1456, 1476, 1496, 1519, 1544, 
1571, 1608, 1638, 1667, 1699, 1733, 1764, 1800, 1834, 1870, 
1906, 1942, 1980, 2015, 2054, 2089, 2127, 2178, 2214, 2249, 
2286, 2320, 2354, 2389, 2419, 2449, 2480, 2508, 2536, 2559, 
2582, 2608, 2625, 2655, 2668, 2684, 2697, 2708, 2719, 2723, 
2730, 2735, 2735, 2735, 2732, 2727, 2720, 2711, 2702, 2686, 
2669, 2652, 2632, 2614, 2591, 2568, 2542, 2516, 2491, 2460, 
2431, 2398, 2366, 2332, 2298, 2248, 2213, 2176, 2140, 2103, 
2065, 2029, 1991, 1955, 1918, 1881, 1847, 1812, 1776, 1743, 
1712, 1667, 1636, 1608, 1580, 1552, 1526, 1504, 1483, 1464, 
1443, 1427, 1412, 1399, 1388, 1379, 1372, 1366, 1363, 1363, 
1363, 1368, 1375, 1382, 1390, 1405, 1417, 1432, 1449, 1469, 
1490, 1512, 1538, 1572, 1601, 1630, 1660, 1690, 1723, 1755, 
1791, 1824, 1860, 1895, 1932, 1967, 2006, 2041, 2079, 2131, 
2167, 2203, 2241, 2275, 2309, 2346, 2378, 2410, 2442, 2471, 
2499, 2527, 2553, 2577, 2601, 2631, 2648, 2664, 2681, 2694, 
2707, 2716, 2724, 2729, 2732, 2736, 2736, 2732, 2729, 2724, 
2715, 2700, 2688, 2675, 2659, 2640, 2617, 2599, 2575, 2552, 
2527, 2496, 2471, 2439, 2409, 2376, 2344, 2295, 2260, 2225, 
2187, 2152, 2115, 2078, 2041, 2003, 1966, 1929, 1893, 1858, 
1823, 1787, 1754, 1710, 1678, 1647, 1616, 1588, 1561, 1536, 
1511, 1490, 1470, 1449, 1432, 1416, 1403, 1391, 1383, 1371, 
1366, 1364, 1363, 1363, 1366, 1372, 1379, 1388, 1398, 1413, 
1428, 1443, 1463, 1484, 1505, 1539, 1564, 1588, 1621, 1650, 
1680, 1718, 1747, 1779, 1815, 1849, 1884, 1922, 1958, 1995, 
2032, 2080, 2118, 2158, 2192, 2230, 2265, 2300, 2335, 2368, 
2401, 2433, 2462, 2492, 2520, 2544, 2572, 2603, 2623, 2644, 
2661, 2676, 2689, 2703, 2712, 2721, 2727, 2732, 2736, 2736, 
2736, 2731, 2725, 2714, 2705, 2691, 2679, 2664, 2646, 2625, 
2604, 2584, 2559, 2535, 2506, 2480, 2449, 2419, 2387, 2340, 
2305, 2272, 2236, 2198, 2163, 2126, 2089, 2052, 2012, 1977, 
1940, 1904, 1868, 1833, 1799, 1750, 1720, 1687, 1656, 1625, 
1597, 1569, 1542, 1520, 1496, 1475, 1455, 1436, 1422, 1407, 
1394, 1381, 1375, 1369, 1363, 1363, 1363, 1367, 1371, 1377, 
1385, 1396, 1409, 1424, 1437, 1459, 1479, 1508, 1532, 1556, 
1583, 1612, 1640, 1671, 1700, 1736, 1768, 1803, 1838, 1873, 
1909, 1946, 1983, 2034, 2071, 2108, 2145, 2182, 2220, 2255, 
2289, 2323, 2359, 2392, 2424, 2451, 2483, 2511, 2540, 2573, 
2595, 2616, 2638, 2656, 2672, 2687, 2699, 2711, 2719, 2727, 
2733, 2735, 2736, 2736, 2732, 2723, 2716, 2708, 2696, 2683, 
2669, 2651, 2631, 2614, 2590, 2567, 2542, 2515, 2488, 2457, 
2428, 2384, 2352, 2317, 2283, 2246, 2211, 2175, 2137, 2100, 
2063, 2025, 1990, 1953, 1916, 1880, 1844, 1798, 1761, 1730, 
1697, 1664, 1633, 1606, 1578, 1550, 1525, 1503, 1481, 1461, 
1440, 1425, 1412, 1395, 1383, 1376, 1369, 1367, 1363, 1363, 
1365, 1369, 1375, 1383, 1393, 1404, 1419, 1433, 1452, 1479, 
1501, 1525, 1550, 1575, 1603, 1631, 1661, 1695, 1729, 1758, 
1793, 1827, 1863, 1897, 1935, 1984, 2023, 2058, 2097, 2134, 
2172, 2207, 2243, 2279, 2314, 2348, 2380, 2414, 2446, 2476, 
2502, 2540, 2563, 2587, 2611, 2628, 2652, 2667, 2681, 2694, 
2706, 2716, 2724, 2729, 2734, 2736, 2736, 2733, 2728, 2719, 
2709, 2695, 2678, 2664, 2646, 2625, 2607, 2584, 2556, 2531, 
2501, 2475, 2447, 2403, 2371, 2337, 2303, 2266, 2232, 2196, 
2160, 2120, 2086, 2048, 2010, 1974, 1936, 1900, 1865, 1816, 
1782, 1748, 1715, 1683, 1654, 1620, 1592, 1567, 1540, 1516, 
1494, 1471, 1452, 1436, 1421, 1401, 1389, 1379, 1371, 1367, 
1363, 1365, 1363, 1366, 1372, 1377, 1388, 1397, 1411, 1424, 
1441, 1468, 1489, 1509, 1534, 1559, 1585, 1613, 1644, 1676, 
1708, 1740, 1772, 1807, 1843, 1878, 1914, 1964, 2000, 2038, 
2075, 2113, 2150, 2185, 2223, 2258, 2294, 2331, 2363, 2395, 
2427, 2457, 2488, 2524, 2551, 2575, 2598, 2619, 2638, 2658, 
2673, 2687, 2700, 2712, 2719, 2728, 2734, 2736, 2736, 2735, 
2731, 2725, 2716, 2706, 2695, 2681, 2667, 2649, 2630, 2612, 
2588, 2566, 2542, 2508, 2484, 2446, 2410, 2380, 2348, 2313, 
2279, 2243, 2206, 2171, 2134, 2097, 2057, 2023, 1985, 1949, 
1912, 1863, 1828, 1793, 1757, 1726, 1693, 1661, 1632, 1601, 
1576, 1548, 1523, 1500, 1479, 1458, 1442, 1419, 1404, 1394, 
1382, 1375, 1369, 1365, 1363, 1363, 1367, 1369, 1375, 1384, 
1394, 1409, 1422, 1443, 1460, 1484, 1502, 1528, 1551, 1577, 
1607, 1633, 1669, 1696, 1728, 1762, 1797, 1832, 1865, 1916, 
1953, 1990, 2027, 2063, 2101, 2137, 2177, 2211, 2248, 2284, 
2318, 2353, 2385, 2417, 2447, 2488, 2514, 2540, 2567, 2591, 
2614, 2633, 2654, 2669, 2684, 2696, 2708, 2716, 2726, 2731, 
2736, 2736, 2736, 2732, 2728, 2719, 2712, 2699, 2686, 2672, 
2655, 2636, 2616, 2595, 2572, 2547, 2520, 2480, 2452, 2423, 
2392, 2356, 2324, 2290, 2254, 2217, 2181, 2144, 2108, 2070, 
2032, 1996, 1959, 1910, 1873, 1838, 1802, 1769, 1736, 1703, 
1672, 1639, 1611, 1584, 1556, 1532, 1507, 1484, 1463, 1439, 
1424, 1408, 1397, 1386, 1377, 1371, 1366, 1363, 1363, 1364, 
1369, 1374, 1380, 1391, 1402, 1422, 1438, 1455, 1475, 1497, 
1519, 1545, 1571, 1599, 1625, 1656, 1688, 1719, 1752, 1786, 
1820, 1868, 1907, 1940, 1980, 2015, 2054, 2090, 2126, 2164, 
2201, 2237, 2272, 2307, 2342, 2375, 2408, 2449, 2481, 2507, 
2535, 2558, 2583, 2608, 2628, 2647, 2663, 2679, 2692, 2706, 
2713, 2721, 2731, 2736, 2736, 2737, 2734, 2728, 2723, 2713, 
2704, 2689, 2679, 2660, 2643, 2622, 2602, 2579, 2555, 2518, 
2492, 2461, 2430, 2400, 2367, 2335, 2300, 2265, 2229, 2191, 
2156, 2119, 2081, 2046, 2007, 1956, 1920, 1884, 1848, 1814, 
1780, 1745, 1712, 1681, 1649, 1620, 1593, 1564, 1538, 1511, 
1492, 1464, 1445, 1427, 1414, 1400, 1388, 1380, 1372, 1366, 
1361, 1364, 1363, 1367, 1372, 1379, 1388, 1404, 1416, 1432, 
1450, 1468, 1488, 1511, 1537, 1562, 1588, 1618, 1646, 1679, 
1708, 1743, 1777, 1823, 1857, 1894, 1930, 1966, 2003, 2041, 
2080, 2116, 2152, 2188, 2227, 2262, 2297, 2332, 2365, 2410, 
2441, 2471, 2499, 2524, 2552, 2580, 2600, 2621, 2643, 2659, 
2675, 2688, 2700, 2712, 2722, 2731, 2732, 2736, 2737, 2734, 
2731, 2725, 2716, 2707, 2695, 2680, 2665, 2648, 2628, 2609, 
2585, 2552, 2528, 2496, 2473, 2443, 2410, 2377, 2347, 2308, 
2275, 2241, 2204, 2168, 2129, 2093, 2057, 2005, 1967, 1932, 
1895, 1860, 1824, 1790, 1756, 1723, 1688, 1660, 1628, 1601, 
1572, 1547, 1521, 1489, 1468, 1450, 1433, 1419, 1404, 1392, 
1382, 1374, 1368, 1363, 1363, 1363, 1366, 1369, 1377, 1389, 
1400, 1414, 1427, 1444, 1463, 1484, 1504, 1530, 1552, 1580, 
1610, 1636, 1668, 1702, 1734, 1777, 1812, 1848, 1882, 1920, 
1955, 1992, 2030, 2067, 2105, 2141, 2179, 2215, 2250, 2287, 
2320, 2367, 2400, 2432, 2462, 2491, 2518, 2545, 2575, 2592, 
2616, 2635, 2656, 2671, 2684, 2697, 2710, 2719, 2727, 2732, 
2736, 2736, 2736, 2731, 2726, 2599, 2575, 2552, 2526, 2499, 
2470, 2440, 2408, 2364, 2331, 2296, 2260, 2226, 2189, 2152, 
2114, 2078, 2041, 2004, 1968, 1930, 1895, 1859, 1823, 1776, 
1743, 1710, 1678, 1646, 1616, 1589, 1561, 1535, 1514, 1491, 
1471, 1449, 1431, 1418, 1404, 1387, 1379, 1369, 1365, 1363, 
1363, 1363, 1365, 1371, 1378, 1388, 1398, 1412, 1426, 1444, 
1462, 1487, 1512, 1537, 1561, 1591, 1615, 1646, 1679, 1708, 
1742, 1777, 1810, 1845, 1880, 1918, 1953, 2003, 2040, 2079, 
2115, 2152, 2189, 2223, 2262, 2297, 2332, 2366, 2399, 2430, 
2460, 2489, 2516, 2552, 2579, 2599, 2622, 2639, 2659, 2675, 
2688, 2702, 2712, 2721, 2727, 2732, 2735, 2735, 2733, 2729, 
2723, 2715, 2706, 2692, 2679, 2664, 2647, 2627, 2608, 2584, 
2560, 2536, 2508, 2481, 2451, 2408, 2377, 2341, 2308, 2273, 
2239, 2202, 2166, 2127, 2093, 2054, 2016, 1980, 1942, 1907, 
1871, 1823, 1788, 1753, 1723, 1688, 1660, 1628, 1599, 1571, 
1545, 1526, 1496, 1477, 1456, 1437, 1423, 1403, 1390, 1382, 
1374, 1368, 1363, 1363, 1363, 1366, 1369, 1377, 1386, 1395, 
1407, 1421, 1438, 1463, 1486, 1504, 1530, 1554, 1581, 1607, 
1638, 1670, 1698, 1733, 1766, 1802, 1835, 1871, 1905, 1957, 
1992, 2032, 2068, 2105, 2144, 2180, 2215, 2250, 2286, 2322, 
2355, 2390, 2420, 2451, 2481, 2520, 2547, 2567, 2593, 2616, 
2636, 2654, 2672, 2684, 2699, 2710, 2719, 2726, 2731, 2735, 
2736, 2735, 2731, 2726, 2719, 2707, 2699, 2684, 2670, 2652, 
2633, 2615, 2591, 2568, 2544, 2518, 2488, 2451, 2422, 2385, 
2353, 2316, 2284, 2249, 2214, 2177, 2140, 2102, 2065, 2028, 
1992, 1955, 1918, 1868, 1833, 1799, 1764, 1731, 1699, 1668, 
1636, 1608, 1579, 1553, 1530, 1504, 1483, 1465, 1443, 1423, 
1407, 1395, 1385, 1377, 1368, 1366, 1364, 1362, 1363, 1369, 
1375, 1383, 1391, 1404, 1418, 1438, 1457, 1477, 1498, 1521, 
1547, 1571, 1601, 1629, 1659, 1692, 1722, 1758, 1790, 1825, 
1861, 1910, 1947, 1984, 2020, 2056, 2096, 2131, 2168, 2204, 
2241, 2275, 2311, 2345, 2379, 2412, 2443, 2484, 2511, 2539, 
2563, 2587, 2608, 2627, 2647, 2664, 2683, 2695, 2706, 2718, 
2726, 2729, 2732, 2736, 2736, 2734, 2727, 2720, 2712, 2702, 
2687, 2675, 2657, 2639, 2620, 2599, 2576, 2552, 2526, 2486, 
2457, 2428, 2396, 2365, 2332, 2297, 2260, 2226, 2188, 2151, 
2115, 2078, 2040, 2003, 1966, 1916, 1879, 1844, 1809, 1775, 
1744, 1708, 1678, 1647, 1615, 1589, 1561, 1533, 1510, 1489, 
1468, 1442, 1425, 1408, 1400, 1389, 1379, 1372, 1367, 1364, 
1363, 1364, 1367, 1372, 1380, 1388, 1400, 1419, 1433, 1452, 
1472, 1491, 1515, 1540, 1564, 1592, 1620, 1653, 1683, 1713, 
1745, 1779, 1814, 1863, 1897, 1935, 1972, 2008, 2046, 2083, 
2119, 2158, 2193, 2232, 2265, 2301, 2335, 2369, 2400, 2445, 
2475, 2500, 2531, 2555, 2582, 2604, 2623, 2643, 2662, 2678, 
2689, 2704, 2713, 2723, 2727, 2735, 2736, 2736, 2734, 2731, 
2723, 2714, 2705, 2693, 2680, 2663, 2644, 2627, 2606, 2583, 
2560, 2524, 2495, 2465, 2437, 2404, 2371, 2339, 2307, 2272, 
2237, 2199, 2164, 2126, 2089, 2052, 2015, 1964, 1927, 1891, 
1856, 1822, 1787, 1752, 1720, 1687, 1656, 1625, 1597, 1571, 
1543, 1518, 1495, 1467, 1447, 1431, 1416, 1403, 1392, 1379, 
1375, 1368, 1363, 1363, 1363, 1366, 1371, 1377, 1386, 1402, 
1415, 1430, 1446, 1465, 1487, 1508, 1531, 1556, 1585, 1612, 
1641, 1672, 1703, 1737, 1775, 1817, 1854, 1886, 1924, 1959, 
1998, 2036, 2071, 2110, 2145, 2182, 2219, 2255, 2291, 2323, 
2360, 2403, 2435, 2465, 2492, 2523, 2548, 2574, 2598, 2618, 
2639, 2656, 2672, 2687, 2697, 2711, 2719, 2727, 2732, 2736, 
2735, 2736, 2727, 2724, 2717, 2707, 2692, 2675, 2657, 2639, 
2619, 2598, 2575, 2539, 2511, 2486, 2453, 2423, 2391, 2361, 
2326, 2291, 2254, 2220, 2183, 2147, 2110, 2073, 2035, 1984, 
1948, 1912, 1875, 1839, 1804, 1772, 1739, 1704, 1672, 1643, 
1613, 1585, 1557, 1534, 1510, 1478, 1456, 1439, 1425, 1411, 
1396, 1386, 1377, 1372, 1367, 1363, 1365, 1363, 1368, 1374, 
1380, 1394, 1408, 1421, 1436, 1454, 1473, 1494, 1518, 1543, 
1568, 1595, 1620, 1655, 1688, 1718, 1751, 1798, 1831, 1868, 
1903, 1939, 1976, 2014, 2051, 2087, 2124, 2162, 2198, 2235, 
2271, 2306, 2339, 2387, 2419, 2447, 2479, 2505, 2534, 2559, 
2584, 2604, 2626, 2646, 2665, 2678, 2693, 2703, 2713, 2724, 
2729, 2737, 2736, 2736, 2734, 2728, 2722, 2713, 2703, 2692, 
2679, 2662, 2644, 2624, 2604, 2571, 2547, 2521, 2493, 2463, 
2433, 2403, 2368, 2336, 2304, 2268, 2232, 2196, 2160, 2121, 
2084, 2032, 1995, 1959, 1923, 1888, 1851, 1816, 1783, 1747, 
1715, 1683, 1651, 1621, 1593, 1565, 1540, 1505, 1487, 1463, 
1446, 1430, 1414, 1401, 1388, 1379, 1371, 1367, 1363, 1363, 
1364, 1367, 1371, 1380, 1391, 1402, 1416, 1431, 1449, 1468, 
1488, 1510, 1536, 1560, 1587, 1615, 1645, 1676, 1708, 1753, 
1787, 1820, 1857, 1891, 1928, 1965, 2001, 2039, 2076, 2113, 
2151, 2188, 2224, 2259, 2296, 2342, 2375, 2407, 2438, 2468, 
2496, 2526, 2551, 2576, 2599, 2617, 2640, 2659, 2672, 2687, 
2700, 2712, 2720, 2731, 2732, 2736, 2736, 2734, 2729, 2724, 
2716, 2705, 2695, 2681, 2667, 2648, 2630, 2601, 2577, 2556, 
2529, 2502, 2473, 2444, 2412, 2381, 2348, 2313, 2277, 2242, 
2206, 2168, 2132, 2081, 2045, 2008, 1971, 1932, 1897, 1861, 
1827, 1792, 1756, 1725, 1692, 1661, 1631, 1602, 1574, 1539, 
1512, 1491, 1473, 1451, 1432, 1419, 1404, 1393, 1382, 1374, 
1368, 1366, 1363, 1363, 1368, 1372, 1379, 1389, 1398, 1414, 
1427, 1444, 1460, 1483, 1503, 1528, 1552, 1579, 1607, 1635, 
1667, 1708, 1743, 1777, 1811, 1847, 1881, 1916, 1955, 1991, 
2029, 2063, 2102, 2139, 2176, 2212, 2248, 2296, 2332, 2366, 
2398, 2430, 2460, 2488, 2516, 2543, 2566, 2592, 2614, 2631, 
2651, 2670, 2683, 2702, 2712, 2723, 2727, 2735, 2736, 2736, 
2736, 2732, 2727, 2719, 2710, 2698, 2685, 2670, 2654, 2627, 
2608, 2584, 2562, 2536, 2510, 2483, 2451, 2423, 2390, 2355, 
2323, 2291, 2252, 2216, 2179, 2130, 2094, 2054, 2017, 1982, 
1944, 1907, 1871, 1836, 1801, 1768, 1735, 1702, 1671, 1639, 
1611, 1571, 1547, 1519, 1496, 1479, 1459, 1439, 1424, 1409, 
1395, 1386, 1377, 1371, 1368, 1363, 1363, 1368, 1370, 1376, 
1386, 1397, 1408, 1423, 1437, 1456, 1476, 1496, 1519, 1545, 
1571, 1598, 1625, 1670, 1699, 1732, 1764, 1800, 1834, 1870, 
1909, 1942, 1980, 2016, 2054, 2090, 2127, 2166, 2200, 2250, 
2286, 2319, 2354, 2385, 2420, 2451, 2480, 2507, 2535, 2559, 
2583, 2607, 2627, 2648, 2665, 2684, 2697, 2710, 2719, 2724, 
2730, 2735, 2736, 2735, 2732, 2727, 2721, 2713, 2703, 2691, 
2675, 2655, 2634, 2616, 2593, 2571, 2547, 2519, 2493, 2464, 
2432, 2400, 2367, 2334, 2300, 2264, 2230, 2179, 2142, 2106, 
2067, 2030, 1993, 1956, 1920, 1884, 1848, 1814, 1779, 1744, 
1713, 1681, 1651, 1609, 1582, 1555, 1530, 1506, 1484, 1461, 
1445, 1425, 1414, 1400, 1388, 1379, 1369, 1365, 1364, 1363, 
1364, 1369, 1375, 1381, 1391, 1404, 1416, 1431, 1450, 1469, 
1489, 1512, 1536, 1561, 1590, 1625, 1659, 1690, 1723, 1756, 
1788, 1824, 1859, 1895, 1929, 1968, 2003, 2040, 2078, 2116, 
2152, 2203, 2239, 2275, 2308, 2344, 2377, 2409, 2441, 2471, 
2499, 2528, 2553, 2576, 2598, 2621, 2641, 2667, 2679, 2692, 
2705, 2716, 2723, 2728, 2734, 2735, 2737, 2734, 2731, 2559, 
2535, 2508, 2480, 2440, 2407, 2378, 2344, 2309, 2275, 2239, 
2203, 2168, 2129, 2094, 2055, 2017, 1981, 1945, 1910, 1859, 
1824, 1789, 1756, 1724, 1690, 1660, 1629, 1599, 1572, 1545, 
1520, 1499, 1476, 1459, 1439, 1416, 1403, 1391, 1382, 1374, 
1367, 1362, 1361, 1362, 1363, 1369, 1376, 1384, 1393, 1407, 
1420, 1443, 1460, 1482, 1502, 1528, 1551, 1579, 1608, 1635, 
1667, 1696, 1728, 1762, 1799, 1832, 1867, 1916, 1952, 1990, 
2024, 2063, 2101, 2137, 2175, 2212, 2247, 2283, 2319, 2352, 
2385, 2417, 2447, 2488, 2516, 2542, 2567, 2590, 2614, 2631, 
2649, 2668, 2684, 2696, 2707, 2717, 2723, 2728, 2736, 2735, 
2735, 2732, 2726, 2718, 2708, 2697, 2684, 2670, 2652, 2634, 
2615, 2592, 2570, 2545, 2520, 2481, 2451, 2420, 2390, 2355, 
2322, 2288, 2252, 2216, 2179, 2142, 2107, 2067, 2030, 1994, 
1957, 1906, 1871, 1836, 1803, 1767, 1733, 1701, 1670, 1639, 
1610, 1584, 1555, 1531, 1504, 1486, 1463, 1438, 1423, 1408, 
1395, 1386, 1376, 1369, 1366, 1363, 1363, 1363, 1369, 1375, 
1380, 1391, 1402, 1422, 1438, 1456, 1477, 1496, 1519, 1544, 
1570, 1597, 1627, 1657, 1689, 1720, 1756, 1785, 1823, 1869, 
1906, 1941, 1980, 2015, 2055, 2091, 2126, 2164, 2200, 2237, 
2273, 2307, 2343, 2374, 2407, 2449, 2480, 2508, 2535, 2559, 
2584, 2605, 2625, 2646, 2666, 2679, 2692, 2705, 2715, 2722, 
2729, 2736, 2736, 2735, 2734, 2726, 2721, 2712, 2703, 2688, 
2675, 2659, 2641, 2621, 2601, 2577, 2555, 2517, 2492, 2463, 
2430, 2400, 2367, 2332, 2299, 2262, 2227, 2192, 2153, 2116, 
2079, 2043, 2006, 1954, 1918, 1882, 1848, 1813, 1778, 1744, 
1712, 1679, 1649, 1618, 1591, 1563, 1538, 1514, 1492, 1464, 
1444, 1427, 1415, 1399, 1388, 1380, 1371, 1367, 1363, 1363, 
1365, 1367, 1372, 1380, 1389, 1404, 1418, 1432, 1450, 1468, 
1489, 1512, 1537, 1563, 1589, 1617, 1648, 1679, 1712, 1744, 
1777, 1825, 1859, 1896, 1930, 1968, 2004, 2042, 2078, 2118, 
2153, 2192, 2227, 2262, 2297, 2332, 2367, 2414, 2442, 2472, 
2499, 2528, 2553, 2579, 2601, 2623, 2640, 2659, 2678, 2689, 
2703, 2712, 2724, 2730, 2734, 2736, 2736, 2734, 2731, 2724, 
2716, 2705, 2693, 2680, 2664, 2648, 2627, 2608, 2586, 2552, 
2527, 2499, 2471, 2439, 2409, 2375, 2347, 2307, 2274, 2239, 
2201, 2167, 2127, 2092, 2054, 2004, 1968, 1929, 1890, 1857, 
1824, 1789, 1755, 1723, 1689, 1658, 1628, 1600, 1571, 1547, 
1522, 1490, 1469, 1451, 1433, 1417, 1404, 1391, 1382, 1376, 
1367, 1363, 1363, 1364, 1367, 1369, 1377, 1388, 1400, 1413, 
1427, 1444, 1464, 1484, 1505, 1530, 1553, 1582, 1608, 1639, 
1670, 1699, 1734, 1779, 1814, 1849, 1884, 1923, 1958, 1993, 
2031, 2069, 2105, 2143, 2179, 2215, 2251, 2288, 2322, 2367, 
2401, 2432, 2463, 2492, 2519, 2545, 2569, 2595, 2615, 2635, 
2655, 2669, 2686, 2698, 2711, 2721, 2728, 2734, 2735, 2735, 
2736, 2731, 2726, 2719, 2710, 2697, 2684, 2671, 2652, 2634, 
2614, 2584, 2559, 2535, 2507, 2477, 2449, 2421, 2387, 2354, 
2320, 2285, 2248, 2215, 2179, 2140, 2104, 2052, 2016, 1977, 
1942, 1904, 1868, 1832, 1800, 1766, 1732, 1700, 1668, 1637, 
1609, 1580, 1553, 1520, 1496, 1474, 1456, 1436, 1422, 1407, 
1395, 1386, 1376, 1369, 1366, 1364, 1364, 1364, 1369, 1377, 
1385, 1397, 1409, 1424, 1440, 1458, 1477, 1499, 1522, 1547, 
1572, 1600, 1628, 1659, 1692, 1736, 1771, 1801, 1838, 1874, 
1909, 1946, 1983, 2019, 2056, 2094, 2131, 2168, 2205, 2240, 
2278, 2323, 2358, 2391, 2423, 2452, 2483, 2510, 2540, 2562, 
2587, 2610, 2631, 2648, 2666, 2684, 2695, 2711, 2719, 2727, 
2733, 2736, 2736, 2736, 2734, 2728, 2719, 2712, 2698, 2681, 
2667, 2649, 2629, 2604, 2579, 2554, 2528, 2499, 2471, 2441, 
2409, 2380, 2345, 2311, 2275, 2240, 2204, 2168, 2131, 2079, 
2043, 2003, 1968, 1930, 1895, 1860, 1825, 1790, 1755, 1723, 
1689, 1658, 1628, 1600, 1572, 1536, 1511, 1491, 1471, 1449, 
1432, 1417, 1404, 1392, 1382, 1374, 1369, 1363, 1364, 1364, 
1368, 1372, 1379, 1388, 1399, 1412, 1427, 1443, 1463, 1484, 
1504, 1528, 1553, 1582, 1609, 1636, 1669, 1712, 1743, 1777, 
1812, 1848, 1883, 1920, 1955, 1992, 2030, 2067, 2104, 2140, 
2178, 2214, 2250, 2300, 2332, 2371, 2400, 2433, 2460, 2492, 
2520, 2545, 2569, 2593, 2616, 2633, 2654, 2670, 2684, 2703, 
2713, 2723, 2727, 2733, 2737, 2736, 2736, 2731, 2726, 2719, 
2708, 2697, 2687, 2670, 2653, 2627, 2607, 2584, 2560, 2535, 
2508, 2480, 2448, 2419, 2387, 2356, 2320, 2287, 2251, 2217, 
2179, 2127, 2091, 2054, 2016, 1980, 1943, 1906, 1869, 1833, 
1801, 1766, 1734, 1700, 1670, 1638, 1609, 1570, 1545, 1519, 
1500, 1475, 1455, 1439, 1423, 1407, 1397, 1386, 1376, 1369, 
1367, 1363, 1363, 1366, 1369, 1377, 1386, 1395, 1408, 1424, 
1439, 1457, 1477, 1496, 1521, 1547, 1572, 1600, 1628, 1671, 
1703, 1733, 1768, 1804, 1837, 1871, 1910, 1944, 1981, 2019, 
2056, 2092, 2130, 2167, 2204, 2252, 2289, 2323, 2359, 2391, 
2422, 2451, 2484, 2508, 2537, 2561, 2585, 2608, 2627, 2648, 
2667, 2685, 2700, 2711, 2719, 2726, 2732, 2736, 2736, 2736, 
2734, 2727, 2721, 2712, 2700, 2688, 2674, 2651, 2633, 2614, 
2591, 2567, 2542, 2517, 2489, 2460, 2429, 2399, 2366, 2332, 
2298, 2263, 2226, 2175, 2137, 2102, 2064, 2028, 1991, 1954, 
1917, 1881, 1845, 1812, 1776, 1741, 1711, 1678, 1647, 1608, 
1578, 1552, 1528, 1503, 1484, 1462, 1443, 1427, 1412, 1399, 
1389, 1378, 1372, 1367, 1363, 1363, 1364, 1369, 1375, 1382, 
1393, 1406, 1418, 1433, 1451, 1472, 1492, 1514, 1539, 1564, 
1592, 1631, 1660, 1692, 1725, 1756, 1792, 1827, 1863, 1897, 
1934, 1970, 2007, 2044, 2083, 2118, 2156, 2206, 2241, 2279, 
2312, 2348, 2380, 2411, 2444, 2474, 2497, 2529, 2556, 2579, 
2603, 2621, 2643, 2670, 2681, 2695, 2708, 2716, 2725, 2731, 
2734, 2736, 2736, 2734, 2730, 2723, 2715, 2705, 2693, 2675, 
2658, 2639, 2620, 2597, 2576, 2551, 2526, 2496, 2468, 2435, 
2407, 2375, 2343, 2308, 2273, 2223, 2186, 2151, 2114, 2076, 
2039, 2002, 1964, 1927, 1892, 1856, 1822, 1788, 1752, 1721, 
1686, 1646, 1615, 1587, 1560, 1533, 1512, 1487, 1470, 1450, 
1431, 1415, 1402, 1391, 1382, 1374, 1369, 1364, 1364, 1363, 
1367, 1372, 1380, 1388, 1400, 1414, 1427, 1446, 1464, 1487, 
1506, 1532, 1555, 1592, 1622, 1652, 1680, 1714, 1745, 1782, 
1816, 1851, 1886, 1923, 1958, 1996, 2032, 2070, 2108, 2158, 
2196, 2232, 2268, 2303, 2335, 2371, 2403, 2435, 2464, 2492, 
2521, 2547, 2571, 2595, 2616, 2643, 2663, 2678, 2691, 2703, 
2715, 2723, 2728, 2734, 2736, 2735, 2736, 2731, 2723, 2718, 
2708, 2691, 2678, 2663, 2645, 2623, 2604, 2582, 2558, 2533, 
2505, 2477, 2449, 2419, 2386, 2353, 2319, 2271, 2235, 2199, 
2163, 2124, 2089, 2051, 2014, 1976, 1939, 1904, 1867, 1833, 
1799, 1763, 1731, 1686, 1653, 1624, 1595, 1567, 1543, 1518, 
1489, 1474, 1455, 1438, 1423, 1406, 1395, 1384, 1376, 1369, 
1363, 1363, 1363, 1366, 1372, 1377, 1386, 1396, 1411, 1425, 
1439, 1457, 1479, 1498, 1522, 1558, 1584, 1614, 1642, 1675, 
1705, 1736, 1769, 1806, 1840, 1875, 1912, 1948, 1985, 2022, 
2057, 2111, 2146, 2183, 2221, 2255, 2291, 2325, 2361, 2391, 
2425, 2453, 2484, 2513, 2538, 2564, 2588, 2617, 2639, 2657, 
2672, 2685, 2700, 2712, 2719, 2727, 2734, 2737, 2736, 2736, 
2734, 2728, 2604, 2575, 2546, 2521, 2492, 2464, 2433, 2404, 
2371, 2336, 2303, 2269, 2234, 2196, 2161, 2124, 2087, 2035, 
1998, 1963, 1926, 1888, 1853, 1819, 1785, 1750, 1719, 1686, 
1655, 1626, 1596, 1569, 1543, 1509, 1485, 1468, 1447, 1427, 
1414, 1401, 1391, 1380, 1374, 1368, 1363, 1362, 1363, 1366, 
1370, 1379, 1390, 1400, 1414, 1427, 1446, 1466, 1485, 1506, 
1531, 1555, 1584, 1610, 1641, 1670, 1703, 1746, 1784, 1815, 
1851, 1886, 1923, 1960, 1996, 2035, 2070, 2108, 2145, 2182, 
2219, 2253, 2289, 2336, 2371, 2403, 2435, 2465, 2492, 2520, 
2547, 2574, 2595, 2616, 2635, 2656, 2672, 2687, 2699, 2712, 
2721, 2728, 2732, 2735, 2735, 2734, 2730, 2723, 2716, 2708, 
2696, 2681, 2668, 2651, 2631, 2604, 2580, 2556, 2532, 2504, 
2476, 2447, 2416, 2383, 2351, 2318, 2281, 2245, 2211, 2173, 
2136, 2086, 2052, 2011, 1976, 1936, 1900, 1865, 1831, 1796, 
1760, 1729, 1695, 1663, 1635, 1607, 1575, 1542, 1516, 1494, 
1473, 1453, 1433, 1419, 1406, 1393, 1383, 1375, 1368, 1367, 
1363, 1363, 1364, 1372, 1377, 1386, 1398, 1410, 1426, 1440, 
1460, 1480, 1502, 1524, 1552, 1575, 1603, 1632, 1659, 1705, 
1740, 1774, 1806, 1843, 1875, 1913, 1948, 1985, 2023, 2059, 
2099, 2135, 2172, 2209, 2243, 2292, 2327, 2360, 2393, 2424, 
2455, 2486, 2512, 2540, 2563, 2590, 2611, 2631, 2649, 2668, 
2683, 2700, 2711, 2719, 2731, 2732, 2736, 2735, 2736, 2732, 
2726, 2719, 2712, 2700, 2687, 2672, 2656, 2630, 2611, 2588, 
2564, 2539, 2512, 2485, 2456, 2425, 2395, 2363, 2328, 2291, 
2255, 2221, 2185, 2134, 2097, 2059, 2023, 1987, 1949, 1912, 
1876, 1841, 1807, 1772, 1739, 1707, 1676, 1643, 1615, 1575, 
1550, 1523, 1501, 1481, 1459, 1441, 1424, 1410, 1396, 1385, 
1377, 1372, 1366, 1364, 1363, 1366, 1368, 1376, 1383, 1395, 
1407, 1420, 1436, 1452, 1472, 1494, 1516, 1539, 1567, 1592, 
1624, 1664, 1695, 1729, 1763, 1798, 1829, 1866, 1903, 1936, 
1975, 2009, 2049, 2085, 2123, 2160, 2196, 2247, 2282, 2317, 
2351, 2383, 2419, 2446, 2476, 2504, 2532, 2555, 2583, 2605, 
2623, 2644, 2663, 2686, 2695, 2710, 2716, 2725, 2729, 2736, 
2735, 2736, 2734, 2729, 2721, 2710, 2704, 2691, 2679, 2655, 
2637, 2616, 2595, 2575, 2547, 2521, 2494, 2464, 2432, 2406, 
2369, 2340, 2303, 2268, 2233, 2181, 2146, 2108, 2071, 2037, 
1996, 1960, 1924, 1887, 1853, 1816, 1783, 1748, 1716, 1683, 
1654, 1612, 1584, 1556, 1535, 1508, 1487, 1464, 1446, 1430, 
1414, 1402, 1389, 1379, 1372, 1367, 1364, 1364, 1363, 1368, 
1375, 1380, 1391, 1402, 1416, 1430, 1447, 1467, 1489, 1509, 
1533, 1560, 1585, 1624, 1656, 1686, 1718, 1753, 1784, 1818, 
1855, 1889, 1928, 1964, 2000, 2038, 2074, 2112, 2148, 2199, 
2236, 2269, 2305, 2340, 2374, 2407, 2438, 2468, 2496, 2524, 
2551, 2574, 2598, 2619, 2636, 2663, 2680, 2692, 2704, 2713, 
2721, 2731, 2734, 2735, 2735, 2735, 2731, 2724, 2716, 2706, 
2695, 2678, 2660, 2643, 2623, 2602, 2579, 2555, 2531, 2502, 
2473, 2444, 2414, 2382, 2348, 2315, 2279, 2229, 2192, 2157, 
2119, 2083, 2047, 2009, 1971, 1935, 1899, 1865, 1827, 1796, 
1758, 1727, 1694, 1650, 1620, 1592, 1563, 1540, 1516, 1490, 
1472, 1452, 1434, 1420, 1404, 1393, 1383, 1374, 1369, 1363, 
1363, 1363, 1366, 1372, 1377, 1385, 1399, 1411, 1425, 1442, 
1460, 1480, 1502, 1527, 1551, 1590, 1617, 1647, 1676, 1705, 
1743, 1775, 1810, 1844, 1879, 1917, 1953, 1990, 2027, 2065, 
2101, 2153, 2188, 2227, 2260, 2296, 2330, 2364, 2397, 2430, 
2459, 2488, 2515, 2544, 2567, 2591, 2614, 2640, 2659, 2674, 
2691, 2701, 2712, 2719, 2727, 2734, 2736, 2736, 2736, 2734, 
2727, 2719, 2710, 2689, 2675, 2658, 2639, 2620, 2598, 2575, 
2548, 2526, 2494, 2466, 2436, 2406, 2372, 2339, 2305, 2257, 
2220, 2184, 2147, 2110, 2072, 2035, 1998, 1961, 1926, 1887, 
1854, 1817, 1783, 1750, 1718, 1673, 1643, 1614, 1584, 1558, 
1532, 1507, 1488, 1466, 1447, 1432, 1416, 1402, 1391, 1380, 
1373, 1367, 1363, 1363, 1364, 1368, 1374, 1380, 1391, 1402, 
1416, 1430, 1447, 1465, 1488, 1509, 1532, 1568, 1594, 1624, 
1656, 1684, 1719, 1747, 1784, 1820, 1854, 1889, 1926, 1963, 
1999, 2035, 2073, 2124, 2161, 2199, 2235, 2270, 2307, 2339, 
2373, 2406, 2436, 2467, 2496, 2524, 2551, 2574, 2597, 2627, 
2643, 2663, 2678, 2692, 2703, 2713, 2723, 2731, 2732, 2737, 
2736, 2736, 2731, 2724, 2716, 2703, 2691, 2680, 2662, 2641, 
2624, 2604, 2580, 2556, 2531, 2503, 2475, 2446, 2413, 2382, 
2351, 2304, 2267, 2232, 2193, 2161, 2120, 2083, 2048, 2009, 
1974, 1936, 1900, 1864, 1828, 1794, 1760, 1715, 1682, 1651, 
1621, 1593, 1567, 1541, 1518, 1491, 1473, 1456, 1436, 1419, 
1405, 1394, 1382, 1372, 1367, 1363, 1364, 1364, 1366, 1371, 
1377, 1388, 1399, 1411, 1424, 1440, 1461, 1479, 1501, 1535, 
1559, 1587, 1615, 1644, 1676, 1706, 1743, 1772, 1808, 1842, 
1879, 1913, 1951, 1988, 2024, 2076, 2113, 2151, 2188, 2224, 
2259, 2295, 2328, 2363, 2396, 2428, 2457, 2488, 2516, 2542, 
2567, 2603, 2619, 2641, 2659, 2673, 2686, 2700, 2714, 2719, 
2727, 2734, 2736, 2736, 2737, 2734, 2727, 2716, 2707, 2698, 
2682, 2667, 2648, 2628, 2611, 2588, 2563, 2539, 2512, 2486, 
2454, 2424, 2392, 2348, 2312, 2281, 2243, 2205, 2169, 2132, 
2096, 2057, 2022, 1984, 1948, 1912, 1875, 1840, 1804, 1756, 
1726, 1694, 1662, 1630, 1599, 1575, 1548, 1523, 1499, 1480, 
1458, 1439, 1426, 1410, 1395, 1383, 1375, 1370, 1363, 1364, 
1362, 1366, 1369, 1376, 1383, 1393, 1408, 1421, 1436, 1454, 
1475, 1503, 1528, 1552, 1578, 1607, 1637, 1667, 1697, 1731, 
1761, 1798, 1833, 1868, 1904, 1940, 1977, 2027, 2064, 2101, 
2136, 2179, 2212, 2249, 2285, 2319, 2352, 2387, 2418, 2449, 
2479, 2507, 2534, 2563, 2592, 2615, 2631, 2652, 2672, 2684, 
2697, 2708, 2718, 2725, 2731, 2736, 2735, 2736, 2732, 2727, 
2719, 2711, 2698, 2686, 2671, 2655, 2634, 2616, 2595, 2571, 
2547, 2521, 2494, 2463, 2434, 2391, 2356, 2324, 2286, 2252, 
2217, 2179, 2143, 2105, 2068, 2033, 1995, 1957, 1923, 1886, 
1850, 1803, 1767, 1735, 1698, 1672, 1639, 1611, 1583, 1555, 
1531, 1507, 1485, 1465, 1446, 1430, 1414, 1396, 1385, 1376, 
1367, 1366, 1363, 1362, 1363, 1368, 1375, 1382, 1390, 1403, 
1416, 1432, 1449, 1475, 1496, 1520, 1543, 1570, 1598, 1623, 
1657, 1688, 1719, 1754, 1787, 1822, 1857, 1892, 1929, 1980, 
2016, 2056, 2090, 2126, 2166, 2203, 2238, 2273, 2307, 2343, 
2375, 2408, 2439, 2469, 2497, 2536, 2560, 2584, 2608, 2624, 
2648, 2665, 2679, 2693, 2706, 2715, 2723, 2730, 2734, 2736, 
2736, 2732, 2727, 2721, 2713, 2703, 2691, 2676, 2660, 2643, 
2622, 2601, 2579, 2555, 2529, 2502, 2472, 2429, 2401, 2367, 
2335, 2300, 2264, 2230, 2192, 2155, 2119, 2080, 2044, 2006, 
1969, 1932, 1896, 1849, 1813, 1778, 1744, 1708, 1679, 1649, 
1619, 1591, 1563, 1539, 1514, 1491, 1471, 1451, 1432, 1412, 
1399, 1387, 1381, 1368, 1365, 1363, 1362, 1363, 1366, 1372, 
1379, 1388, 1398, 1413, 1427, 1449, 1469, 1489, 1511, 1540, 
1560, 1589, 1620, 1648, 1678, 1710, 1743, 1777, 1811, 1846, 
1881, 1931, 1968, 2005, 2042, 2080, 2115, 2153, 2194, 2228, 
2262, 2298, 2332, 2367, 2399, 2432, 2460, 2498, 2529, 2554, 
2576, 2600, 2623, 2640, 2659, 2678, 2689, 2702, 2712, 2721, 
2727, 2734, 2736, 2736, 2734, 2730, 2614, 2591, 2567, 2542, 
2515, 2492, 2460, 2429, 2399, 2364, 2332, 2301, 2262, 2215, 
2176, 2139, 2104, 2065, 2028, 1992, 1955, 1920, 1883, 1847, 
1813, 1779, 1743, 1713, 1680, 1639, 1608, 1580, 1553, 1529, 
1505, 1487, 1463, 1441, 1427, 1411, 1400, 1386, 1379, 1372, 
1366, 1361, 1361, 1363, 1367, 1374, 1382, 1391, 1402, 1416, 
1430, 1448, 1468, 1489, 1510, 1531, 1559, 1599, 1626, 1655, 
1688, 1721, 1754, 1787, 1823, 1858, 1892, 1928, 1966, 2002, 
2040, 2078, 2113, 2164, 2201, 2238, 2273, 2306, 2343, 2374, 
2408, 2439, 2471, 2497, 2526, 2551, 2575, 2600, 2620, 2646, 
2664, 2678, 2692, 2705, 2716, 2725, 2728, 2732, 2736, 2735, 
2733, 2729, 2723, 2717, 2706, 2691, 2675, 2660, 2640, 2621, 
2599, 2575, 2552, 2527, 2499, 2469, 2441, 2408, 2377, 2344, 
2310, 2261, 2229, 2191, 2154, 2115, 2079, 2041, 2005, 1968, 
1931, 1895, 1859, 1825, 1790, 1756, 1721, 1679, 1646, 1615, 
1590, 1561, 1536, 1514, 1488, 1469, 1450, 1432, 1418, 1403, 
1392, 1383, 1375, 1364, 1367, 1363, 1363, 1366, 1372, 1379, 
1388, 1400, 1413, 1427, 1444, 1463, 1484, 1504, 1530, 1565, 
1591, 1619, 1647, 1677, 1711, 1744, 1778, 1811, 1847, 1881, 
1919, 1955, 1992, 2030, 2062, 2118, 2154, 2190, 2229, 2264, 
2300, 2334, 2367, 2400, 2431, 2460, 2491, 2518, 2545, 2568, 
2595, 2620, 2640, 2661, 2675, 2692, 2703, 2712, 2719, 2727, 
2734, 2736, 2735, 2735, 2731, 2726, 2719, 2706, 2691, 2679, 
2664, 2646, 2626, 2606, 2586, 2559, 2536, 2508, 2480, 2451, 
2422, 2388, 2357, 2310, 2275, 2240, 2203, 2167, 2127, 2091, 
2053, 2016, 1980, 1943, 1907, 1870, 1835, 1804, 1767, 1717, 
1688, 1656, 1627, 1599, 1571, 1544, 1520, 1497, 1475, 1456, 
1438, 1420, 1408, 1395, 1385, 1374, 1368, 1365, 1363, 1364, 
1366, 1369, 1378, 1386, 1396, 1408, 1423, 1439, 1457, 1477, 
1497, 1531, 1555, 1580, 1611, 1639, 1671, 1700, 1735, 1767, 
1804, 1836, 1872, 1910, 1945, 1980, 2018, 2065, 2108, 2143, 
2179, 2217, 2252, 2288, 2323, 2358, 2390, 2422, 2452, 2483, 
2511, 2538, 2561, 2591, 2616, 2635, 2656, 2672, 2684, 2699, 
2708, 2719, 2726, 2732, 2735, 2736, 2736, 2733, 2727, 2719, 
2710, 2699, 2684, 2670, 2652, 2632, 2615, 2591, 2568, 2543, 
2518, 2488, 2460, 2431, 2398, 2353, 2319, 2284, 2251, 2213, 
2176, 2138, 2102, 2065, 2027, 1991, 1955, 1918, 1881, 1846, 
1811, 1764, 1730, 1699, 1668, 1636, 1608, 1579, 1551, 1529, 
1504, 1482, 1462, 1444, 1424, 1414, 1399, 1385, 1376, 1368, 
1366, 1362, 1363, 1364, 1369, 1374, 1383, 1392, 1404, 1419, 
1433, 1448, 1471, 1500, 1524, 1549, 1575, 1603, 1629, 1660, 
1692, 1724, 1757, 1792, 1824, 1863, 1895, 1933, 1969, 2022, 
2052, 2095, 2131, 2168, 2207, 2241, 2276, 2312, 2345, 2379, 
2412, 2443, 2473, 2501, 2529, 2563, 2589, 2609, 2629, 2647, 
2667, 2681, 2695, 2707, 2716, 2726, 2730, 2732, 2737, 2736, 
2732, 2727, 2720, 2713, 2699, 2686, 2675, 2657, 2639, 2620, 
2599, 2575, 2551, 2527, 2497, 2469, 2439, 2396, 2365, 2329, 
2296, 2257, 2225, 2188, 2151, 2113, 2076, 2040, 2001, 1966, 
1929, 1893, 1856, 1807, 1774, 1740, 1706, 1678, 1643, 1615, 
1587, 1560, 1536, 1511, 1489, 1468, 1449, 1430, 1417, 1400, 
1388, 1380, 1374, 1366, 1365, 1362, 1364, 1366, 1372, 1380, 
1389, 1400, 1414, 1427, 1444, 1472, 1491, 1512, 1538, 1564, 
1592, 1620, 1651, 1681, 1715, 1747, 1780, 1816, 1851, 1885, 
1923, 1971, 2008, 2046, 2084, 2119, 2156, 2195, 2232, 2266, 
2302, 2336, 2374, 2403, 2433, 2464, 2494, 2531, 2556, 2581, 
2603, 2625, 2646, 2662, 2679, 2688, 2703, 2713, 2723, 2726, 
2734, 2736, 2735, 2734, 2732, 2721, 2714, 2702, 2684, 2670, 
2654, 2635, 2616, 2593, 2569, 2543, 2515, 2487, 2457, 2416, 
2383, 2348, 2314, 2283, 2244, 2211, 2174, 2136, 2100, 2060, 
2023, 1988, 1952, 1915, 1878, 1831, 1795, 1759, 1731, 1694, 
1663, 1633, 1605, 1575, 1550, 1526, 1502, 1482, 1460, 1440, 
1425, 1404, 1393, 1382, 1373, 1371, 1369, 1364, 1364, 1367, 
1368, 1375, 1383, 1394, 1405, 1419, 1435, 1460, 1479, 1502, 
1525, 1549, 1577, 1603, 1632, 1663, 1694, 1728, 1760, 1793, 
1829, 1864, 1900, 1950, 1985, 2023, 2060, 2099, 2136, 2172, 
2209, 2243, 2280, 2313, 2351, 2380, 2415, 2444, 2476, 2512, 
2540, 2565, 2591, 2611, 2630, 2651, 2668, 2680, 2696, 2708, 
2717, 2724, 2731, 2735, 2736, 2736, 2732, 2727, 2716, 2714, 
2700, 2686, 2672, 2656, 2636, 2619, 2595, 2574, 2548, 2523, 
2494, 2455, 2425, 2392, 2361, 2326, 2292, 2256, 2220, 2184, 
2147, 2111, 2072, 2036, 1998, 1962, 1926, 1875, 1840, 1805, 
1772, 1740, 1705, 1676, 1642, 1614, 1586, 1559, 1534, 1509, 
1486, 1466, 1447, 1425, 1411, 1396, 1385, 1377, 1369, 1367, 
1362, 1363, 1363, 1367, 1374, 1380, 1392, 1400, 1416, 1436, 
1453, 1473, 1494, 1520, 1543, 1566, 1593, 1623, 1656, 1684, 
1715, 1747, 1784, 1818, 1852, 1903, 1939, 1976, 2012, 2050, 
2085, 2124, 2160, 2197, 2233, 2270, 2306, 2339, 2372, 2405, 
2436, 2476, 2503, 2532, 2558, 2581, 2608, 2623, 2644, 2663, 
2680, 2692, 2703, 2714, 2721, 2729, 2733, 2737, 2736, 2735, 
2728, 2723, 2712, 2703, 2691, 2680, 2663, 2643, 2624, 2604, 
2580, 2556, 2531, 2493, 2463, 2435, 2404, 2369, 2337, 2303, 
2268, 2232, 2195, 2159, 2120, 2084, 2047, 2010, 1975, 1923, 
1887, 1852, 1816, 1782, 1744, 1712, 1683, 1652, 1621, 1594, 
1566, 1540, 1516, 1494, 1472, 1447, 1427, 1414, 1400, 1389, 
1383, 1372, 1367, 1363, 1364, 1364, 1365, 1373, 1379, 1387, 
1398, 1416, 1430, 1447, 1467, 1490, 1508, 1532, 1559, 1586, 
1614, 1643, 1675, 1706, 1742, 1773, 1807, 1855, 1891, 1927, 
1964, 2000, 2038, 2076, 2111, 2150, 2185, 2223, 2260, 2295, 
2327, 2362, 2395, 2439, 2468, 2497, 2524, 2551, 2575, 2598, 
2619, 2638, 2659, 2673, 2687, 2700, 2712, 2719, 2726, 2733, 
2735, 2735, 2735, 2731, 2724, 2717, 2707, 2695, 2680, 2667, 
2648, 2630, 2609, 2589, 2564, 2529, 2502, 2472, 2444, 2412, 
2380, 2345, 2311, 2278, 2243, 2207, 2171, 2132, 2097, 2058, 
2021, 1972, 1934, 1899, 1862, 1827, 1793, 1759, 1728, 1692, 
1664, 1630, 1603, 1575, 1548, 1524, 1500, 1472, 1452, 1433, 
1419, 1404, 1392, 1384, 1373, 1371, 1367, 1366, 1362, 1368, 
1369, 1375, 1383, 1399, 1412, 1424, 1443, 1461, 1482, 1503, 
1528, 1551, 1575, 1604, 1635, 1668, 1697, 1731, 1763, 1810, 
1846, 1880, 1916, 1952, 1990, 2026, 2061, 2099, 2139, 2179, 
2211, 2248, 2283, 2317, 2352, 2398, 2429, 2460, 2488, 2516, 
2542, 2567, 2593, 2614, 2632, 2652, 2671, 2683, 2696, 2708, 
2716, 2727, 2732, 2735, 2736, 2736, 2734, 2727, 2721, 2710, 
2700, 2687, 2672, 2655, 2636, 2616, 2595, 2561, 2537, 2511, 
2483, 2451, 2424, 2390, 2354, 2324, 2289, 2252, 2217, 2180, 
2144, 2108, 2070, 2019, 1982, 1944, 1909, 1871, 1838, 1803, 
1768, 1737, 1701, 1670, 1638, 1611, 1583, 1555, 1532, 1496, 
1478, 1457, 1439, 1424, 1409, 1396, 1386, 1378, 1372, 1367, 
1362, 1363, 1363, 1369, 1375, 1386, 1395, 1408, 1422, 1438, 
1455, 1475, 1496, 1521, 1545, 1568, 1597, 1626, 1656, 1687, 
1720, 1763, 1799, 1835, 1868, 1905, 1940, 1978, 2015, 2049, 
2090, 2126, 2166, 2200, 2238, 2273, 2301, 2355, 2384, 2419, 
2449, 2480, 2505, 2535, 2559, 2583, 2609, 2625, 2646, 2664, 
2678, 2694, 2705, 2719, 2725, 2731, 2736, 2736, 2736, 2733, 
2727, 2608, 2584, 2560, 2535, 2508, 2481, 2451, 2421, 2376, 
2347, 2308, 2275, 2238, 2204, 2167, 2129, 2092, 2055, 2019, 
1982, 1945, 1910, 1872, 1836, 1789, 1752, 1724, 1688, 1663, 
1628, 1601, 1572, 1546, 1522, 1499, 1478, 1457, 1439, 1423, 
1409, 1392, 1382, 1374, 1368, 1363, 1363, 1362, 1366, 1367, 
1376, 1383, 1393, 1406, 1420, 1435, 1454, 1481, 1504, 1526, 
1554, 1580, 1606, 1635, 1666, 1695, 1731, 1761, 1798, 1831, 
1867, 1903, 1939, 1991, 2026, 2064, 2103, 2137, 2176, 2208, 
2247, 2282, 2318, 2353, 2385, 2417, 2448, 2479, 2505, 2542, 
2566, 2588, 2614, 2631, 2652, 2670, 2683, 2697, 2708, 2716, 
2724, 2729, 2735, 2736, 2734, 2731, 2726, 2720, 2711, 2696, 
2684, 2668, 2654, 2632, 2616, 2592, 2569, 2544, 2519, 2491, 
2462, 2420, 2389, 2357, 2319, 2288, 2248, 2215, 2179, 2141, 
2106, 2067, 2030, 1993, 1957, 1921, 1885, 1836, 1800, 1767, 
1734, 1700, 1668, 1638, 1610, 1582, 1555, 1531, 1505, 1485, 
1465, 1446, 1428, 1408, 1396, 1385, 1376, 1368, 1367, 1362, 
1364, 1363, 1368, 1374, 1383, 1391, 1402, 1416, 1431, 1455, 
1476, 1496, 1522, 1545, 1571, 1598, 1627, 1658, 1688, 1721, 
1753, 1788, 1822, 1857, 1892, 1943, 1980, 2012, 2051, 2090, 
2127, 2166, 2200, 2238, 2273, 2307, 2343, 2375, 2408, 2439, 
2470, 2508, 2536, 2561, 2583, 2608, 2626, 2644, 2663, 2679, 
2691, 2706, 2715, 2723, 2731, 2734, 2736, 2736, 2734, 2727, 
2721, 2712, 2702, 2694, 2675, 2660, 2641, 2622, 2601, 2578, 
2555, 2529, 2500, 2460, 2430, 2399, 2368, 2333, 2300, 2263, 
2228, 2191, 2155, 2116, 2079, 2043, 2003, 1970, 1932, 1881, 
1848, 1812, 1777, 1745, 1711, 1678, 1647, 1617, 1591, 1563, 
1538, 1513, 1491, 1470, 1450, 1426, 1412, 1399, 1388, 1379, 
1370, 1367, 1361, 1363, 1364, 1367, 1372, 1379, 1389, 1400, 
1414, 1431, 1450, 1469, 1488, 1511, 1539, 1562, 1592, 1617, 
1649, 1679, 1711, 1745, 1777, 1811, 1846, 1895, 1932, 1969, 
2005, 2044, 2079, 2116, 2153, 2190, 2227, 2263, 2299, 2332, 
2367, 2400, 2431, 2472, 2499, 2528, 2552, 2577, 2601, 2625, 
2640, 2660, 2676, 2689, 2703, 2710, 2722, 2728, 2733, 2736, 
2735, 2733, 2724, 2712, 2705, 2692, 2676, 2659, 2638, 2616, 
2591, 2564, 2535, 2504, 2473, 2427, 2392, 2355, 2318, 2276, 
2236, 2196, 2155, 2112, 2071, 2028, 1987, 1944, 1903, 1862, 
1820, 1766, 1728, 1691, 1655, 1619, 1586, 1555, 1527, 1499, 
1474, 1451, 1431, 1415, 1399, 1386, 1375, 1368, 1364, 1363, 
1363, 1368, 1376, 1384, 1397, 1411, 1428, 1450, 1473, 1497, 
1523, 1555, 1584, 1628, 1664, 1699, 1740, 1777, 1817, 1857, 
1898, 1940, 1984, 2025, 2069, 2112, 2643, 2623, 2603, 2572, 
2547, 2520, 2491, 2462, 2432, 2398, 2361, 1903, 1864, 1828, 
1790, 1756, 1721, 1686, 1656, 1610, 1580, 1551, 1526, 1500, 
1478, 1456, 1436, 1417, 1403, 1390, 1379, 1368, 1365, 1360, 
1357, 1356, 1360, 1366, 1374, 1384, 1395, 1409, 1425, 1443, 
1465, 1486, 1508, 1535, 1564, 1594, 1624, 1667, 1701, 1735, 
1771, 1808, 1843, 1881, 1922, 1959, 1998, 2036, 2076, 2113, 
2151, 2193, 2231, 2281, 2319, 2355, 2390, 2424, 2454, 2486, 
END
2515, 2542, 2567, 2590, 2616, 2635, 2652, 2670, 2684, 2700, 
2712, 2719, 2724, 2728, 2727, 2727, 2722, 2717, 2706, 2694, 
2678, 2664, 2647, 2625, 2604, 2571, 2545, 2518, 2488, 2457, 
2425, 2394, 2360, 2323, 2288, 2251, 2214, 2174, 2134, 2096, 
2057, 2003, 1964, 1928, 1888, 1740, 1701, 1667, 1636, 1604, 
1575, 1547, 1521, 1496, 1473, 1452, 1434, 1412, 1398, 1385, 
1376, 1369, 1363, 1360, 1358, 1359, 1365, 1371, 1380, 1391, 
1404, 1419, 1436, 1461, 1484, 1505, 1532, 1559, 1590, 1618, 
1650, 1682, 1716, 1750, 1786, 1823, 1861, 1900, 1935, 1990, 
2031, 2070, 2107, 2147, 2186, 2224, 2260, 2300, 2335, 2369, 
2404, 2438, 2469, 2499, 2527, 2563, 2590, 2608, 2631, 2650, 
2668, 2684, 2697, 2708, 2717, 2725, 2728, 2731, 2731, 2728, 
2724, 2716, 2707, 2695, 2681, 2663, 2648, 2625, 2604, 2583, 
2556, 2529, 2500, 2471, 2439, 2406, 2372, 2320, 2291, 2250, 
2212, 2174, 2136, 2096, 2056, 2016, 1980, 1939, 1900, 1864, 
1825, 1789, 1752, 1704, 1673, 1640, 1612, 1579, 1552, 1525, 
1499, 1479, 1455, 1437, 1420, 1405, 1392, 1379, 1371, 1363, 
1363, 1361, 1361, 1367, 1373, 1380, 1391, 1404, 1419, 1433, 
1454, 1475, 1497, 1523, 1545, 1584, 1615, 1647, 1680, 1715, 
1748, 1783, 1823, 1859, 1896, 1934, 1973, 2010, 2052, 2092, 
2129, 2182, 2221, 2260, 2297, 2334, 2367, 2403, 2435, 2467, 
2495, 2527, 2552, 2579, 2602, 2625, 2644, 2670, 2684, 2697, 
2710, 2718, 2726, 2731, 2732, 2733, 2732, 2727, 2720, 2710, 
2703, 2687, 2673, 2649, 2630, 2610, 2585, 2559, 2534, 2504, 
2475, 2443, 2412, 2376, 2341, 2303, 2269, 2231, 2190, 2140, 
2102, 2060, 2022, 1983, 1944, 1905, 1867, 1831, 1794, 1757, 
1724, 1684, 1659, 1623, 1593, 1554, 1527, 1504, 1483, 1459, 
1441, 1424, 1407, 1396, 1384, 1377, 1367, 1363, 1363, 1362, 
1365, 1372, 1379, 1390, 1404, 1418, 1433, 1451, 1473, 1495, 
1521, 1548, 1572, 1604, 1633, 1667, 1699, 1745, 1782, 1817, 
1855, 1892, 1930, 1969, 2008, 2049, 2087, 2127, 2172, 2205, 
2241, 2280, 2318, 2366, 2401, 2433, 2465, 2494, 2525, 2552, 
2579, 2598, 2623, 2643, 2662, 2678, 2692, 2705, 2712, 2724, 
2731, 2732, 2733, 2732, 2731, 2721, 2713, 2700, 2691, 2675, 
2660, 2640, 2617, 2595, 2572, 2535, 2508, 2478, 2446, 2414, 
2380, 2345, 2308, 2271, 2233, 2193, 2158, 2119, 2080, 2040, 
2001, 1950, 1910, 1871, 1833, 1798, 1761, 1726, 1694, 1659, 
1627, 1595, 1567, 1540, 1515, 1489, 1468, 1440, 1422, 1409, 
1396, 1385, 1374, 1369, 1364, 1362, 1360, 1364, 1367, 1376, 
1384, 1397, 1410, 1431, 1451, 1472, 1493, 1518, 1542, 1570, 
1599, 1630, 1664, 1695, 1732, 1765, 1800, 1839, 1876, 1927, 
1965, 2004, 2046, 2084, 2120, 2163, 2201, 2240, 2278, 2313, 
2351, 2384, 2419, 2450, 2482, 2521, 2549, 2575, 2599, 2624, 
2641, 2660, 2676, 2690, 2705, 2713, 2723, 2728, 2735, 2732, 
2732, 2728, 2723, 2713, 2703, 2691, 2679, 2659, 2641, 2620, 
2598, 2575, 2548, 2521, 2491, 2460, 2428, 2383, 2351, 2312, 
2273, 2240, 2200, 2161, 2124, 2083, 2044, 2004, 1966, 1927, 
1888, 1852, 1814, 1764, 1733, 1692, 1662, 1630, 1600, 1571, 
1543, 1515, 1494, 1468, 1451, 1432, 1415, 1400, 1390, 1377, 
1370, 1366, 1363, 1363, 1365, 1368, 1376, 1385, 1396, 1408, 
1423, 1441, 1462, 1485, 1505, 1540, 1569, 1595, 1627, 1660, 
1693, 1728, 1761, 1799, 1835, 1872, 1911, 1948, 1988, 2027, 
2066, 2119, 2159, 2198, 2236, 2273, 2310, 2347, 2381, 2414, 
2448, 2480, 2510, 2537, 2563, 2590, 2611, 2639, 2659, 2677, 
2689, 2704, 2713, 2723, 2728, 2734, 2734, 2734, 2731, 2725, 
2601, 2576, 2550, 2513, 2486, 2455, 2423, 2388, 2355, 2319, 
2281, 2243, 2208, 2168, 2129, 2089, 2049, 2011, 1972, 1920, 
1881, 1844, 1807, 1770, 1735, 1700, 1670, 1635, 1604, 1575, 
1548, 1521, 1496, 1475, 1454, 1427, 1413, 1397, 1387, 1376, 
1369, 1363, 1364, 1361, 1362, 1368, 1372, 1381, 1392, 1405, 
1420, 1443, 1464, 1486, 1509, 1536, 1560, 1590, 1619, 1654, 
1684, 1719, 1752, 1790, 1827, 1863, 1901, 1954, 1992, 2032, 
2073, 2110, 2149, 2188, 2227, 2265, 2305, 2339, 2372, 2408, 
2440, 2472, 2501, 2540, 2567, 2592, 2615, 2634, 2656, 2672, 
2687, 2700, 2711, 2719, 2727, 2730, 2732, 2734, 2730, 2724, 
2716, 2705, 2695, 2680, 2664, 2646, 2627, 2606, 2580, 2556, 
2529, 2499, 2471, 2439, 2407, 2360, 2324, 2288, 2248, 2211, 
2173, 2133, 2095, 2055, 2016, 1977, 1938, 1900, 1863, 1825, 
1788, 1739, 1705, 1672, 1639, 1609, 1578, 1551, 1524, 1500, 
1478, 1458, 1437, 1421, 1408, 1392, 1381, 1371, 1366, 1362, 
1363, 1362, 1368, 1374, 1382, 1392, 1404, 1420, 1436, 1455, 
1477, 1497, 1523, 1559, 1588, 1616, 1651, 1683, 1717, 1751, 
1788, 1823, 1861, 1899, 1937, 1976, 2014, 2052, 2094, 2148, 
2185, 2224, 2259, 2300, 2335, 2371, 2406, 2438, 2470, 2499, 
2529, 2555, 2580, 2605, 2627, 2655, 2669, 2685, 2699, 2710, 
2719, 2719, 2731, 2734, 2734, 2731, 2728, 2719, 2711, 2701, 
2687, 2668, 2650, 2628, 2608, 2583, 2559, 2533, 2503, 2475, 
2442, 2409, 2375, 2340, 2304, 2266, 2230, 2177, 2136, 2100, 
2058, 2019, 1980, 1941, 1904, 1865, 1829, 1792, 1756, 1722, 
1688, 1655, 1620, 1582, 1553, 1526, 1500, 1476, 1457, 1439, 
1423, 1407, 1393, 1383, 1372, 1368, 1362, 1363, 1361, 1366, 
1374, 1381, 1390, 1404, 1417, 1435, 1453, 1472, 1496, 1521, 
1549, 1575, 1604, 1636, 1668, 1712, 1747, 1784, 1820, 1857, 
1894, 1932, 1973, 2011, 2051, 2089, 2129, 2169, 2207, 2244, 
2283, 2332, 2367, 2401, 2434, 2467, 2496, 2527, 2553, 2579, 
2603, 2623, 2644, 2662, 2679, 2693, 2707, 2719, 2726, 2732, 
2734, 2734, 2732, 2728, 2720, 2712, 2701, 2691, 2675, 2657, 
2639, 2617, 2595, 2561, 2535, 2505, 2478, 2445, 2415, 2378, 
2344, 2307, 2272, 2232, 2195, 2156, 2117, 2078, 2039, 1985, 
1945, 1908, 1870, 1832, 1796, 1759, 1726, 1691, 1657, 1624, 
1596, 1567, 1540, 1512, 1487, 1460, 1440, 1422, 1409, 1395, 
1384, 1374, 1368, 1364, 1362, 1361, 1365, 1369, 1376, 1386, 
1398, 1417, 1432, 1451, 1472, 1494, 1518, 1545, 1571, 1603, 
1631, 1665, 1696, 1732, 1768, 1803, 1840, 1894, 1928, 1968, 
2007, 2047, 2086, 2126, 2164, 2203, 2240, 2279, 2315, 2351, 
2387, 2419, 2451, 2495, 2523, 2551, 2575, 2599, 2622, 2643, 
2663, 2676, 2691, 2703, 2714, 2722, 2729, 2732, 2732, 2734, 
2727, 2723, 2713, 2703, 2690, 2676, 2660, 2640, 2620, 2597, 
2574, 2547, 2520, 2490, 2459, 2417, 2383, 2348, 2311, 2275, 
2238, 2198, 2160, 2119, 2080, 2046, 2001, 1964, 1924, 1886, 
1848, 1799, 1763, 1728, 1694, 1660, 1628, 1598, 1567, 1542, 
1515, 1491, 1470, 1449, 1431, 1414, 1400, 1383, 1376, 1368, 
1365, 1362, 1361, 1365, 1368, 1377, 1384, 1395, 1409, 1423, 
1443, 1463, 1484, 1517, 1542, 1568, 1599, 1629, 1662, 1694, 
1729, 1762, 1800, 1836, 1873, 1913, 1952, 1991, 2028, 2083, 
2121, 2160, 2199, 2237, 2275, 2312, 2349, 2383, 2417, 2448, 
2481, 2510, 2537, 2564, 2588, 2622, 2641, 2660, 2679, 2690, 
2704, 2713, 2723, 2728, 2732, 2735, 2734, 2731, 2725, 2717, 
2707, 2687, 2670, 2653, 2632, 2613, 2588, 2561, 2535, 2505, 
2476, 2446, 2414, 2377, 2344, 2306, 2271, 2220, 2180, 2141, 
2103, 2064, 2023, 1985, 1945, 1908, 1870, 1833, 1796, 1760, 
1726, 1689, 1658, 1612, 1584, 1555, 1528, 1504, 1481, 1459, 
1439, 1423, 1408, 1395, 1383, 1374, 1368, 1365, 1362, 1362, 
1366, 1370, 1379, 1390, 1403, 1419, 1431, 1450, 1472, 1492, 
1519, 1544, 1572, 1603, 1632, 1677, 1710, 1744, 1781, 1817, 
1855, 1891, 1929, 1968, 2008, 2047, 2087, 2125, 2164, 2204, 
2241, 2293, 2328, 2364, 2399, 2430, 2464, 2492, 2523, 2551, 
2577, 2601, 2623, 2644, 2662, 2676, 2693, 2710, 2718, 2724, 
2731, 2734, 2734, 2734, 2728, 2723, 2713, 2703, 2691, 2676, 
2660, 2641, 2620, 2589, 2566, 2537, 2510, 2480, 2449, 2416, 
2381, 2348, 2311, 2273, 2238, 2199, 2160, 2119, 2081, 2028, 
1990, 1949, 1911, 1873, 1835, 1799, 1762, 1729, 1693, 1660, 
1628, 1599, 1568, 1541, 1515, 1484, 1463, 1443, 1424, 1410, 
1395, 1384, 1376, 1368, 1365, 1363, 1363, 1365, 1369, 1377, 
1385, 1401, 1416, 1431, 1449, 1471, 1491, 1516, 1543, 1570, 
1599, 1629, 1663, 1694, 1729, 1763, 1801, 1850, 1888, 1927, 
1965, 2003, 2044, 2083, 2123, 2161, 2199, 2239, 2275, 2313, 
2348, 2385, 2417, 2461, 2491, 2521, 2548, 2575, 2599, 2620, 
2641, 2660, 2678, 2691, 2704, 2715, 2723, 2728, 2734, 2734, 
2734, 2728, 2723, 2715, 2704, 2691, 2676, 2661, 2642, 2622, 
2600, 2576, 2550, 2523, 2492, 2451, 2419, 2383, 2352, 2315, 
2278, 2240, 2203, 2164, 2124, 2084, 2046, 2008, 1967, 1929, 
1891, 1840, 1801, 1767, 1732, 1696, 1663, 1631, 1600, 1572, 
1544, 1518, 1494, 1472, 1452, 1432, 1416, 1398, 1384, 1376, 
1369, 1365, 1363, 1363, 1364, 1369, 1376, 1384, 1395, 1410, 
1424, 1437, 1459, 1489, 1515, 1541, 1567, 1596, 1625, 1660, 
1691, 1726, 1760, 1798, 1833, 1871, 1908, 1947, 1987, 2039, 
2079, 2117, 2156, 2195, 2236, 2272, 2307, 2345, 2379, 2415, 
2447, 2479, 2508, 2536, 2563, 2598, 2619, 2638, 2659, 2676, 
2689, 2703, 2712, 2722, 2728, 2732, 2734, 2734, 2731, 2726, 
2719, 2707, 2692, 2679, 2663, 2644, 2623, 2603, 2577, 2553, 
2526, 2495, 2465, 2434, 2403, 2366, 2332, 2281, 2243, 2207, 
2167, 2128, 2088, 2051, 2009, 1971, 1932, 1894, 1856, 1820, 
1784, 1746, 1712, 1668, 1635, 1604, 1574, 1547, 1521, 1496, 
1474, 1453, 1436, 1419, 1404, 1390, 1380, 1372, 1367, 1361, 
1362, 1363, 1368, 1374, 1383, 1393, 1407, 1423, 1438, 1459, 
1480, 1503, 1528, 1553, 1581, 1622, 1656, 1688, 1724, 1757, 
1795, 1830, 1867, 1906, 1943, 1982, 2019, 2060, 2102, 2139, 
2178, 2231, 2268, 2304, 2342, 2376, 2412, 2443, 2472, 2505, 
2534, 2560, 2584, 2610, 2630, 2649, 2668, 2687, 2701, 2712, 
2720, 2727, 2731, 2735, 2734, 2731, 2726, 2719, 2711, 2700, 
2686, 2670, 2654, 2624, 2604, 2579, 2553, 2528, 2499, 2470, 
2438, 2405, 2370, 2335, 2299, 2261, 2224, 2184, 2147, 2092, 
2053, 2013, 1975, 1935, 1897, 1861, 1823, 1787, 1748, 1716, 
1682, 1649, 1615, 1588, 1557, 1524, 1499, 1476, 1454, 1435, 
1420, 1404, 1392, 1382, 1374, 1368, 1362, 1362, 1363, 1366, 
1371, 1382, 1393, 1407, 1421, 1436, 1457, 1478, 1500, 1527, 
1552, 1580, 1610, 1641, 1675, 1708, 1742, 1790, 1826, 1863, 
1902, 1939, 1980, 2019, 2056, 2097, 2136, 2176, 2214, 2251, 
2288, 2327, 2361, 2408, 2440, 2472, 2503, 2532, 2556, 2583, 
2607, 2627, 2648, 2667, 2682, 2696, 2707, 2718, 2724, 2731, 
2735, 2733, 2731, 2728, 2608, 2584, 2559, 2532, 2503, 2474, 
2444, 2411, 2374, 2342, 2300, 2255, 2217, 2178, 2139, 2100, 
2060, 2021, 1984, 1943, 1905, 1868, 1831, 1795, 1756, 1723, 
1688, 1644, 1612, 1582, 1554, 1528, 1503, 1480, 1459, 1439, 
1422, 1406, 1395, 1383, 1374, 1367, 1363, 1360, 1361, 1364, 
1370, 1378, 1390, 1403, 1417, 1431, 1452, 1472, 1494, 1520, 
1545, 1571, 1602, 1643, 1676, 1710, 1745, 1781, 1816, 1855, 
1891, 1929, 1969, 2008, 2047, 2087, 2126, 2165, 2204, 2255, 
2292, 2328, 2364, 2399, 2433, 2463, 2492, 2524, 2550, 2576, 
2599, 2622, 2640, 2662, 2676, 2695, 2710, 2716, 2724, 2730, 
2735, 2733, 2732, 2726, 2723, 2713, 2703, 2689, 2675, 2659, 
2640, 2612, 2588, 2563, 2536, 2508, 2480, 2447, 2415, 2380, 
2346, 2310, 2272, 2236, 2197, 2158, 2119, 2065, 2026, 1987, 
1949, 1911, 1871, 1834, 1798, 1761, 1728, 1693, 1660, 1628, 
1598, 1568, 1540, 1505, 1483, 1462, 1441, 1424, 1410, 1395, 
1384, 1376, 1368, 1365, 1363, 1363, 1364, 1368, 1377, 1390, 
1402, 1414, 1431, 1450, 1472, 1493, 1518, 1543, 1570, 1600, 
1629, 1662, 1693, 1731, 1764, 1814, 1852, 1888, 1927, 1966, 
2004, 2044, 2083, 2122, 2161, 2200, 2240, 2276, 2312, 2348, 
2383, 2430, 2461, 2491, 2521, 2548, 2574, 2599, 2620, 2639, 
2659, 2675, 2691, 2703, 2715, 2723, 2729, 2732, 2734, 2732, 
2727, 2723, 2715, 2703, 2691, 2676, 2660, 2641, 2621, 2600, 
2575, 2548, 2521, 2484, 2451, 2419, 2383, 2351, 2313, 2276, 
2240, 2201, 2163, 2123, 2083, 2045, 2005, 1966, 1927, 1876, 
1839, 1801, 1765, 1731, 1695, 1663, 1630, 1599, 1569, 1543, 
1517, 1492, 1472, 1451, 1432, 1410, 1398, 1385, 1376, 1368, 
1365, 1363, 1362, 1364, 1367, 1376, 1384, 1395, 1410, 1424, 
1440, 1468, 1488, 1514, 1540, 1567, 1597, 1625, 1660, 1691, 
1727, 1761, 1799, 1833, 1871, 1910, 1948, 2000, 2039, 2079, 
2119, 2158, 2196, 2235, 2272, 2308, 2345, 2380, 2414, 2448, 
2480, 2507, 2537, 2572, 2597, 2619, 2638, 2659, 2676, 2690, 
2703, 2712, 2721, 2727, 2733, 2734, 2732, 2731, 2725, 2715, 
2704, 2692, 2679, 2663, 2643, 2623, 2602, 2576, 2553, 2525, 
2495, 2467, 2433, 2401, 2364, 2318, 2280, 2243, 2205, 2166, 
2125, 2088, 2049, 2008, 1971, 1932, 1892, 1856, 1818, 1783, 
1745, 1699, 1667, 1634, 1604, 1574, 1546, 1520, 1495, 1473, 
1452, 1433, 1418, 1404, 1390, 1379, 1369, 1365, 1362, 1362, 
1363, 1367, 1373, 1384, 1393, 1407, 1423, 1439, 1459, 1481, 
1503, 1529, 1555, 1593, 1624, 1656, 1688, 1723, 1759, 1795, 
1830, 1867, 1907, 1945, 1985, 2022, 2062, 2102, 2141, 2193, 
2231, 2268, 2305, 2342, 2376, 2412, 2444, 2477, 2505, 2535, 
2559, 2585, 2611, 2630, 2652, 2675, 2687, 2703, 2712, 2719, 
2728, 2732, 2734, 2734, 2731, 2725, 2719, 2710, 2698, 2685, 
2670, 2647, 2624, 2604, 2579, 2553, 2527, 2497, 2468, 2435, 
2404, 2369, 2334, 2298, 2260, 2223, 2183, 2131, 2092, 2052, 
2013, 1974, 1935, 1897, 1860, 1822, 1785, 1750, 1718, 1680, 
1649, 1616, 1587, 1549, 1521, 1498, 1478, 1454, 1435, 1420, 
1404, 1393, 1382, 1374, 1368, 1363, 1363, 1361, 1366, 1375, 
1382, 1392, 1407, 1420, 1438, 1457, 1478, 1500, 1526, 1552, 
1580, 1609, 1640, 1674, 1708, 1754, 1790, 1827, 1863, 1902, 
1939, 1980, 2019, 2057, 2098, 2137, 2176, 2214, 2252, 2289, 
2327, 2373, 2408, 2440, 2473, 2503, 2534, 2558, 2584, 2608, 
2627, 2649, 2668, 2681, 2696, 2707, 2716, 2727, 2730, 2733, 
2735, 2731, 2729, 2719, 2710, 2697, 2679, 2663, 2644, 2623, 
2603, 2577, 2551, 2513, 2483, 2451, 2421, 2387, 2352, 2315, 
2279, 2242, 2203, 2164, 2124, 2087, 2047, 2008, 1968, 1916, 
1876, 1840, 1801, 1766, 1732, 1698, 1665, 1632, 1601, 1573, 
1545, 1518, 1494, 1471, 1450, 1425, 1411, 1399, 1386, 1376, 
1371, 1365, 1363, 1363, 1364, 1368, 1375, 1383, 1395, 1408, 
1424, 1447, 1469, 1488, 1514, 1540, 1566, 1596, 1624, 1657, 
1692, 1725, 1760, 1797, 1832, 1870, 1908, 1960, 1999, 2039, 
2078, 2115, 2156, 2192, 2235, 2272, 2308, 2345, 2377, 2413, 
2445, 2478, 2507, 2545, 2571, 2595, 2619, 2638, 2657, 2675, 
2689, 2702, 2712, 2721, 2728, 2729, 2735, 2735, 2731, 2723, 
2716, 2705, 2692, 2680, 2663, 2645, 2624, 2603, 2579, 2553, 
2527, 2497, 2467, 2434, 2401, 2354, 2318, 2282, 2243, 2207, 
2168, 2128, 2090, 2051, 2011, 1972, 1934, 1894, 1860, 1822, 
1785, 1738, 1700, 1670, 1636, 1605, 1575, 1548, 1521, 1497, 
1475, 1454, 1435, 1418, 1404, 1390, 1382, 1371, 1366, 1362, 
1363, 1362, 1368, 1374, 1382, 1393, 1406, 1424, 1437, 1458, 
1479, 1502, 1528, 1564, 1593, 1622, 1655, 1688, 1722, 1756, 
1792, 1830, 1866, 1904, 1943, 1982, 2020, 2060, 2100, 2152, 
2191, 2229, 2268, 2306, 2341, 2375, 2412, 2444, 2474, 2503, 
2533, 2559, 2584, 2608, 2628, 2656, 2672, 2687, 2702, 2712, 
2719, 2727, 2731, 2734, 2732, 2729, 2724, 2721, 2711, 2699, 
2686, 2665, 2646, 2623, 2605, 2580, 2553, 2529, 2499, 2470, 
2438, 2405, 2370, 2335, 2300, 2262, 2224, 2172, 2132, 2094, 
2054, 2014, 1976, 1935, 1899, 1862, 1823, 1788, 1751, 1716, 
1682, 1650, 1618, 1577, 1548, 1523, 1498, 1476, 1455, 1436, 
1420, 1404, 1392, 1382, 1374, 1369, 1362, 1363, 1361, 1368, 
1374, 1382, 1393, 1406, 1421, 1439, 1457, 1476, 1500, 1525, 
1552, 1579, 1608, 1639, 1673, 1721, 1752, 1790, 1824, 1863, 
1900, 1937, 1979, 2016, 2055, 2096, 2134, 2175, 2213, 2249, 
2287, 2336, 2371, 2407, 2439, 2471, 2500, 2531, 2558, 2582, 
2607, 2628, 2647, 2665, 2683, 2695, 2707, 2719, 2728, 2732, 
2735, 2734, 2732, 2729, 2721, 2711, 2700, 2687, 2673, 2655, 
2635, 2615, 2592, 2558, 2532, 2503, 2471, 2441, 2409, 2372, 
2339, 2303, 2265, 2227, 2188, 2151, 2112, 2072, 2033, 1980, 
1939, 1902, 1864, 1826, 1792, 1753, 1720, 1685, 1652, 1620, 
1591, 1563, 1535, 1510, 1487, 1456, 1438, 1422, 1406, 1393, 
1382, 1374, 1368, 1362, 1362, 1361, 1364, 1370, 1378, 1387, 
1399, 1419, 1434, 1455, 1475, 1497, 1521, 1550, 1576, 1607, 
1635, 1669, 1701, 1737, 1772, 1807, 1849, 1896, 1934, 1974, 
2013, 2053, 2091, 2130, 2170, 2209, 2246, 2284, 2321, 2360, 
2391, 2425, 2457, 2497, 2528, 2553, 2579, 2604, 2625, 2646, 
2664, 2680, 2694, 2707, 2716, 2724, 2731, 2734, 2734, 2732, 
2729, 2721, 2712, 2702, 2688, 2675, 2657, 2639, 2616, 2596, 
2571, 2544, 2515, 2487, 2456, 2415, 2377, 2343, 2304, 2268, 
2232, 2192, 2155, 2113, 2076, 2036, 1996, 1959, 1920, 1880, 
1844, 1794, 1758, 1724, 1688, 1656, 1624, 1595, 1565, 1538, 
1512, 1487, 1468, 1447, 1429, 1413, 1400, 1383, 1374, 1369, 
1363, 1363, 1363, 1365, 1371, 1377, 1388, 1398, 1412, 1426, 
1447, 1466, 1487, 1520, 1546, 1574, 1603, 1632, 1666, 1699, 
1735, 1768, 1804, 1842, 1879, 1919, 1956, 1995, 2034, 2087, 
2128, 2166, 2206, 2242, 2280, 2317, 2353, 2386, 2422, 2453, 
2486, 2513, 2543, 2568, 2594, 2623, 2643, 2663, 2680, 2691, 
2705, 2715, 2723, 2728, 2735, 2732, 2734, 2732, 2724, 2598, 
2574, 2538, 2509, 2480, 2449, 2416, 2382, 2348, 2311, 2275, 
2238, 2200, 2161, 2122, 2083, 2043, 2006, 1951, 1913, 1874, 
1838, 1800, 1765, 1731, 1695, 1663, 1630, 1599, 1571, 1543, 
1517, 1493, 1470, 1442, 1424, 1410, 1398, 1384, 1376, 1367, 
1364, 1362, 1362, 1364, 1367, 1375, 1384, 1395, 1408, 1428, 
1447, 1467, 1489, 1513, 1539, 1567, 1595, 1625, 1659, 1691, 
1725, 1760, 1795, 1832, 1871, 1921, 1960, 1999, 2039, 2078, 
2115, 2156, 2195, 2234, 2271, 2307, 2344, 2379, 2414, 2447, 
2479, 2518, 2545, 2572, 2596, 2618, 2638, 2657, 2675, 2688, 
2703, 2712, 2721, 2727, 2732, 2733, 2732, 2727, 2721, 2715, 
2704, 2691, 2678, 2662, 2643, 2622, 2603, 2577, 2552, 2524, 
2494, 2464, 2432, 2388, 2352, 2318, 2280, 2243, 2204, 2167, 
2127, 2088, 2049, 2008, 1969, 1931, 1894, 1856, 1817, 1769, 
1735, 1698, 1667, 1633, 1603, 1574, 1547, 1521, 1496, 1473, 
1452, 1433, 1418, 1403, 1390, 1376, 1370, 1365, 1361, 1363, 
1363, 1367, 1373, 1383, 1393, 1407, 1423, 1439, 1459, 1480, 
1503, 1537, 1563, 1592, 1622, 1655, 1687, 1724, 1756, 1794, 
1831, 1867, 1906, 1943, 1983, 2021, 2060, 2113, 2154, 2192, 
2230, 2268, 2304, 2342, 2377, 2411, 2444, 2475, 2505, 2534, 
2558, 2583, 2609, 2636, 2657, 2672, 2687, 2700, 2710, 2719, 
2728, 2730, 2734, 2732, 2731, 2726, 2719, 2715, 2699, 2680, 
2664, 2646, 2624, 2603, 2578, 2553, 2528, 2499, 2468, 2438, 
2404, 2369, 2334, 2297, 2260, 2209, 2172, 2131, 2089, 2051, 
2015, 1976, 1934, 1896, 1860, 1823, 1786, 1749, 1715, 1681, 
1648, 1607, 1576, 1548, 1523, 1498, 1475, 1455, 1436, 1420, 
1404, 1392, 1382, 1374, 1368, 1363, 1362, 1363, 1368, 1374, 
1382, 1392, 1406, 1421, 1437, 1458, 1477, 1501, 1526, 1551, 
1579, 1610, 1640, 1683, 1718, 1753, 1790, 1826, 1863, 1902, 
1939, 1977, 2019, 2056, 2097, 2136, 2176, 2214, 2252, 2303, 
2339, 2371, 2407, 2440, 2472, 2503, 2531, 2558, 2582, 2606, 
2627, 2648, 2665, 2682, 2695, 2711, 2719, 2728, 2731, 2734, 
2732, 2731, 2727, 2719, 2710, 2700, 2687, 2672, 2655, 2635, 
2613, 2583, 2557, 2530, 2502, 2473, 2440, 2407, 2374, 2338, 
2300, 2264, 2227, 2187, 2150, 2111, 2070, 2016, 1978, 1939, 
1901, 1863, 1826, 1788, 1752, 1719, 1684, 1652, 1619, 1590, 
1561, 1534, 1509, 1479, 1457, 1437, 1422, 1406, 1392, 1379, 
1373, 1369, 1362, 1362, 1362, 1366, 1373, 1379, 1387, 1404, 
1420, 1435, 1454, 1476, 1499, 1523, 1550, 1577, 1607, 1638, 
1672, 1704, 1740, 1773, 1809, 1861, 1897, 1936, 1976, 2015, 
2054, 2093, 2130, 2172, 2211, 2247, 2284, 2321, 2359, 2392, 
2425, 2468, 2499, 2529, 2554, 2582, 2606, 2624, 2646, 2665, 
2680, 2694, 2707, 2716, 2724, 2731, 2735, 2735, 2729, 2727, 
2720, 2712, 2702, 2687, 2678, 2657, 2636, 2617, 2593, 2568, 
2544, 2516, 2487, 2444, 2409, 2376, 2343, 2305, 2268, 2232, 
2191, 2153, 2113, 2073, 2036, 1996, 1956, 1918, 1880, 1830, 
1793, 1756, 1722, 1688, 1655, 1623, 1593, 1563, 1536, 1511, 
1487, 1468, 1446, 1428, 1414, 1393, 1383, 1373, 1367, 1363, 
1361, 1362, 1364, 1370, 1376, 1387, 1398, 1412, 1427, 1446, 
1464, 1496, 1521, 1547, 1575, 1604, 1635, 1669, 1699, 1736, 
1769, 1806, 1843, 1880, 1919, 1957, 1998, 2050, 2089, 2127, 
2168, 2207, 2243, 2281, 2319, 2355, 2388, 2422, 2456, 2487, 
2515, 2543, 2570, 2604, 2623, 2643, 2664, 2679, 2693, 2707, 
2715, 2723, 2728, 2735, 2735, 2734, 2731, 2723, 2715, 2699, 
2683, 2667, 2647, 2627, 2607, 2581, 2556, 2528, 2499, 2469, 
2438, 2404, 2369, 2335, 2299, 2247, 2209, 2171, 2131, 2092, 
2052, 2014, 1976, 1935, 1897, 1860, 1822, 1787, 1750, 1717, 
1682, 1638, 1607, 1577, 1548, 1523, 1498, 1476, 1455, 1435, 
1423, 1404, 1392, 1382, 1374, 1368, 1362, 1363, 1363, 1368, 
1374, 1382, 1392, 1407, 1420, 1436, 1457, 1478, 1500, 1526, 
1552, 1580, 1609, 1652, 1685, 1719, 1753, 1790, 1826, 1863, 
1902, 1939, 1979, 2019, 2056, 2097, 2136, 2176, 2213, 2265, 
2302, 2337, 2372, 2408, 2440, 2472, 2502, 2532, 2556, 2582, 
2607, 2627, 2648, 2667, 2682, 2702, 2711, 2719, 2727, 2731, 
2735, 2735, 2731, 2727, 2720, 2710, 2703, 2687, 2672, 2654, 
2636, 2606, 2582, 2556, 2529, 2503, 2471, 2439, 2407, 2372, 
2337, 2303, 2264, 2227, 2189, 2151, 2111, 2055, 2017, 1980, 
1940, 1902, 1863, 1825, 1790, 1752, 1719, 1685, 1653, 1622, 
1590, 1561, 1535, 1501, 1479, 1456, 1437, 1422, 1406, 1393, 
1382, 1374, 1367, 1362, 1362, 1363, 1364, 1369, 1379, 1392, 
1404, 1420, 1434, 1454, 1475, 1497, 1522, 1548, 1577, 1607, 
1636, 1671, 1704, 1740, 1773, 1823, 1861, 1897, 1936, 1975, 
2014, 2054, 2092, 2131, 2172, 2210, 2247, 2284, 2321, 2358, 
2393, 2438, 2471, 2499, 2528, 2555, 2581, 2607, 2626, 2648, 
2665, 2680, 2694, 2707, 2717, 2726, 2730, 2734, 2729, 2732, 
2729, 2721, 2712, 2702, 2689, 2673, 2658, 2636, 2616, 2594, 
2569, 2544, 2514, 2475, 2444, 2412, 2375, 2342, 2305, 2268, 
2232, 2191, 2153, 2113, 2075, 2036, 1996, 1958, 1919, 1868, 
1830, 1793, 1756, 1723, 1688, 1656, 1624, 1593, 1564, 1539, 
1511, 1489, 1466, 1446, 1427, 1406, 1394, 1383, 1375, 1368, 
1363, 1362, 1363, 1365, 1370, 1376, 1388, 1399, 1412, 1427, 
1446, 1474, 1496, 1521, 1548, 1572, 1605, 1635, 1667, 1699, 
1735, 1769, 1806, 1843, 1880, 1920, 1958, 2010, 2051, 2088, 
2127, 2168, 2206, 2241, 2282, 2319, 2354, 2390, 2423, 2455, 
2487, 2515, 2543, 2579, 2603, 2623, 2643, 2667, 2680, 2693, 
2707, 2715, 2723, 2728, 2732, 2734, 2734, 2731, 2726, 2712, 
2702, 2691, 2675, 2657, 2638, 2617, 2595, 2571, 2545, 2518, 
2489, 2457, 2427, 2391, 2359, 2308, 2271, 2235, 2195, 2158, 
2118, 2078, 2041, 2001, 1961, 1923, 1884, 1848, 1809, 1774, 
1739, 1691, 1658, 1627, 1597, 1566, 1539, 1513, 1491, 1468, 
1448, 1428, 1415, 1400, 1388, 1379, 1371, 1365, 1363, 1362, 
1365, 1369, 1376, 1385, 1397, 1412, 1427, 1443, 1464, 1487, 
1508, 1536, 1560, 1600, 1631, 1665, 1698, 1732, 1767, 1803, 
1839, 1878, 1916, 1953, 1992, 2030, 2071, 2111, 2150, 2201, 
2240, 2278, 2315, 2351, 2385, 2419, 2451, 2483, 2511, 2542, 
2566, 2591, 2614, 2636, 2654, 2676, 2691, 2704, 2713, 2721, 
2728, 2734, 2734, 2734, 2732, 2726, 2716, 2707, 2695, 2683, 
2667, 2639, 2620, 2598, 2574, 2548, 2520, 2491, 2460, 2428, 
2396, 2363, 2326, 2289, 2251, 2212, 2175, 2120, 2083, 2043, 
2004, 1965, 1927, 1887, 1850, 1813, 1777, 1744, 1708, 1673, 
1640, 1611, 1580, 1543, 1515, 1491, 1470, 1449, 1432, 1416, 
1401, 1390, 1379, 1371, 1364, 1363, 1364, 1363, 1369, 1376, 
1385, 1396, 1410, 1423, 1442, 1462, 1484, 1507, 1532, 1558, 
1587, 1616, 1648, 1682, 1715, 1763, 1800, 1835, 1873, 1913, 
1950, 1990, 2028, 2066, 2107, 2145, 2183, 2224, 2259, 2300, 
2335, 2382, 2417, 2448, 2480, 2510, 2537, 2563, 2589, 2613, 
2633, 2652, 2669, 2684, 2700, 2710, 2719, 2727, 2734, 2734, 
2733, 2731, 2726, 2600, 2576, 2550, 2525, 2495, 2465, 2433, 
2401, 2367, 2330, 2281, 2244, 2206, 2168, 2128, 2089, 2050, 
2009, 1972, 1933, 1895, 1857, 1820, 1784, 1747, 1713, 1668, 
1635, 1604, 1575, 1548, 1520, 1498, 1472, 1454, 1434, 1419, 
1403, 1392, 1381, 1372, 1367, 1362, 1358, 1361, 1366, 1373, 
1381, 1392, 1405, 1420, 1437, 1456, 1478, 1500, 1525, 1551, 
1580, 1620, 1651, 1683, 1719, 1752, 1790, 1827, 1863, 1901, 
1939, 1979, 2018, 2057, 2096, 2136, 2178, 2227, 2265, 2304, 
2339, 2372, 2407, 2441, 2473, 2501, 2530, 2553, 2583, 2607, 
2624, 2648, 2667, 2687, 2700, 2710, 2719, 2727, 2729, 2732, 
2732, 2729, 2727, 2719, 2710, 2699, 2686, 2670, 2654, 2627, 
2604, 2579, 2556, 2528, 2499, 2470, 2438, 2406, 2371, 2336, 
2302, 2263, 2224, 2185, 2147, 2093, 2055, 2015, 1977, 1938, 
1899, 1863, 1824, 1788, 1751, 1718, 1683, 1651, 1618, 1590, 
1558, 1523, 1500, 1477, 1456, 1436, 1420, 1404, 1393, 1381, 
1370, 1366, 1363, 1362, 1362, 1364, 1371, 1382, 1392, 1404, 
1420, 1437, 1456, 1476, 1498, 1523, 1548, 1579, 1606, 1638, 
1670, 1705, 1740, 1786, 1822, 1862, 1898, 1936, 1976, 2014, 
2054, 2094, 2132, 2172, 2211, 2248, 2287, 2322, 2359, 2411, 
2438, 2468, 2499, 2528, 2558, 2580, 2607, 2625, 2646, 2665, 
2677, 2695, 2707, 2718, 2724, 2730, 2733, 2733, 2731, 2727, 
2719, 2710, 2702, 2687, 2673, 2655, 2636, 2615, 2592, 2568, 
2542, 2502, 2473, 2442, 2409, 2375, 2339, 2304, 2267, 2228, 
2192, 2153, 2112, 2070, 2035, 1996, 1955, 1905, 1864, 1828, 
1792, 1756, 1721, 1686, 1655, 1621, 1592, 1564, 1537, 1509, 
1489, 1465, 1446, 1423, 1408, 1391, 1382, 1373, 1369, 1363, 
1362, 1362, 1364, 1371, 1377, 1387, 1398, 1412, 1428, 1454, 
1475, 1496, 1521, 1549, 1576, 1606, 1635, 1668, 1701, 1737, 
1770, 1807, 1844, 1882, 1920, 1972, 2011, 2051, 2089, 2129, 
2168, 2207, 2244, 2282, 2319, 2356, 2390, 2424, 2456, 2487, 
2517, 2552, 2579, 2603, 2624, 2646, 2662, 2679, 2694, 2707, 
2716, 2723, 2729, 2733, 2734, 2733, 2731, 2721, 2712, 2702, 
2690, 2675, 2657, 2638, 2617, 2595, 2571, 2544, 2517, 2488, 
2455, 2427, 2391, 2344, 2309, 2271, 2236, 2195, 2156, 2116, 
2078, 2039, 1999, 1960, 1921, 1882, 1846, 1808, 1772, 1726, 
1690, 1657, 1625, 1598, 1563, 1539, 1512, 1489, 1467, 1447, 
1429, 1414, 1398, 1387, 1379, 1369, 1364, 1363, 1362, 1364, 
1370, 1376, 1387, 1398, 1413, 1425, 1444, 1464, 1487, 1511, 
1536, 1569, 1601, 1633, 1665, 1698, 1734, 1767, 1804, 1840, 
1877, 1917, 1955, 1991, 2032, 2072, 2112, 2166, 2204, 2241, 
2279, 2314, 2352, 2387, 2421, 2452, 2483, 2513, 2541, 2567, 
2591, 2616, 2638, 2662, 2678, 2691, 2704, 2715, 2723, 2728, 
2734, 2734, 2734, 2729, 2726, 2716, 2707, 2696, 2681, 2659, 
2640, 2620, 2597, 2574, 2547, 2518, 2491, 2458, 2430, 2395, 
2360, 2324, 2287, 2248, 2211, 2160, 2120, 2080, 2043, 2002, 
1964, 1925, 1885, 1849, 1812, 1777, 1740, 1705, 1673, 1640, 
1609, 1571, 1541, 1516, 1492, 1470, 1449, 1429, 1415, 1401, 
1387, 1380, 1371, 1366, 1362, 1362, 1363, 1368, 1377, 1385, 
1395, 1410, 1424, 1443, 1463, 1485, 1507, 1533, 1560, 1590, 
1619, 1652, 1683, 1730, 1764, 1800, 1836, 1874, 1915, 1952, 
1987, 2030, 2068, 2108, 2147, 2187, 2227, 2262, 2300, 2350, 
2384, 2417, 2449, 2481, 2511, 2540, 2566, 2590, 2616, 2635, 
2655, 2672, 2686, 2699, 2711, 2723, 2728, 2734, 2734, 2736, 
2731, 2725, 2718, 2707, 2691, 2674, 2657, 2637, 2616, 2593, 
2567, 2528, 2501, 2473, 2442, 2408, 2374, 2339, 2302, 2265, 
2228, 2188, 2151, 2111, 2072, 2032, 1994, 1939, 1902, 1864, 
1827, 1790, 1752, 1720, 1685, 1651, 1621, 1590, 1561, 1534, 
1508, 1487, 1465, 1436, 1421, 1407, 1393, 1383, 1374, 1369, 
1363, 1362, 1362, 1367, 1371, 1379, 1388, 1400, 1415, 1435, 
1455, 1476, 1499, 1523, 1549, 1579, 1607, 1636, 1670, 1703, 
1739, 1774, 1809, 1846, 1886, 1935, 1975, 2014, 2054, 2092, 
2131, 2169, 2209, 2247, 2284, 2320, 2358, 2392, 2426, 2458, 
2489, 2528, 2553, 2582, 2604, 2627, 2646, 2665, 2680, 2694, 
2707, 2716, 2723, 2731, 2732, 2732, 2735, 2728, 2720, 2711, 
2702, 2688, 2673, 2657, 2636, 2616, 2593, 2569, 2543, 2515, 
2487, 2454, 2423, 2376, 2343, 2304, 2268, 2233, 2191, 2154, 
2113, 2076, 2037, 1996, 1959, 1920, 1880, 1843, 1807, 1757, 
1724, 1688, 1655, 1624, 1594, 1563, 1537, 1512, 1487, 1466, 
1447, 1429, 1411, 1398, 1387, 1374, 1368, 1363, 1363, 1363, 
1366, 1370, 1376, 1388, 1398, 1412, 1426, 1446, 1465, 1488, 
1510, 1547, 1573, 1604, 1633, 1668, 1699, 1736, 1770, 1805, 
1843, 1880, 1919, 1958, 1996, 2035, 2074, 2128, 2167, 2207, 
2244, 2283, 2319, 2355, 2388, 2424, 2455, 2486, 2513, 2543, 
2568, 2595, 2617, 2643, 2663, 2679, 2693, 2706, 2715, 2725, 
2729, 2734, 2734, 2734, 2731, 2726, 2717, 2707, 2695, 2676, 
2659, 2639, 2617, 2596, 2573, 2545, 2517, 2489, 2459, 2425, 
2393, 2360, 2323, 2287, 2249, 2196, 2160, 2118, 2080, 2041, 
2001, 1963, 1924, 1885, 1848, 1811, 1774, 1740, 1704, 1673, 
1639, 1598, 1564, 1540, 1516, 1490, 1469, 1448, 1429, 1415, 
1401, 1387, 1379, 1371, 1364, 1362, 1363, 1365, 1369, 1377, 
1384, 1398, 1411, 1427, 1443, 1464, 1487, 1507, 1534, 1559, 
1590, 1621, 1654, 1695, 1732, 1767, 1803, 1839, 1877, 1915, 
1955, 1991, 2032, 2070, 2111, 2150, 2188, 2227, 2264, 2313, 
2351, 2385, 2419, 2450, 2483, 2511, 2543, 2566, 2592, 2616, 
2635, 2655, 2672, 2687, 2700, 2714, 2723, 2730, 2735, 2734, 
2734, 2732, 2725, 2718, 2708, 2696, 2683, 2667, 2650, 2627, 
2607, 2574, 2548, 2521, 2491, 2460, 2428, 2396, 2362, 2326, 
2290, 2251, 2214, 2176, 2136, 2097, 2056, 2006, 1966, 1927, 
1889, 1852, 1814, 1779, 1742, 1708, 1675, 1641, 1611, 1580, 
1551, 1527, 1501, 1471, 1449, 1431, 1415, 1401, 1389, 1380, 
1370, 1366, 1363, 1363, 1361, 1368, 1374, 1382, 1391, 1410, 
1423, 1441, 1463, 1484, 1507, 1532, 1559, 1587, 1620, 1648, 
1680, 1716, 1749, 1787, 1822, 1871, 1912, 1948, 1987, 2028, 
2067, 2106, 2145, 2183, 2223, 2260, 2299, 2335, 2368, 2403, 
2436, 2480, 2510, 2538, 2563, 2590, 2612, 2633, 2652, 2671, 
2684, 2700, 2711, 2719, 2726, 2731, 2733, 2734, 2731, 2723, 
2718, 2712, 2698, 2684, 2668, 2649, 2628, 2610, 2587, 2559, 
2535, 2506, 2476, 2432, 2400, 2366, 2328, 2294, 2256, 2218, 
2178, 2140, 2101, 2063, 2023, 1982, 1944, 1905, 1868, 1817, 
1781, 1744, 1711, 1677, 1644, 1613, 1583, 1555, 1528, 1503, 
1481, 1460, 1440, 1423, 1406, 1390, 1379, 1371, 1366, 1363, 
1363, 1363, 1366, 1371, 1379, 1390, 1403, 1417, 1432, 1452, 
1473, 1504, 1529, 1555, 1584, 1613, 1644, 1677, 1711, 1745, 
1782, 1819, 1856, 1894, 1932, 1971, 2009, 2061, 2103, 2142, 
2179, 2220, 2258, 2294, 2332, 2366, 2401, 2434, 2465, 2495, 
2524, 2552, 2579, 2609, 2630, 2650, 2668, 2683, 2697, 2710, 
2717, 2726, 2732, 2734, 2736, 2735, 2727, 2609, 2584, 2552, 
2524, 2492, 2463, 2431, 2400, 2364, 2328, 2293, 2255, 2219, 
2178, 2140, 2100, 2062, 2024, 1969, 1931, 1892, 1856, 1818, 
1783, 1745, 1711, 1678, 1644, 1612, 1584, 1555, 1529, 1504, 
1481, 1453, 1433, 1416, 1403, 1389, 1379, 1372, 1366, 1362, 
1361, 1361, 1364, 1371, 1379, 1388, 1400, 1422, 1437, 1457, 
1479, 1501, 1528, 1553, 1581, 1611, 1642, 1675, 1708, 1744, 
1779, 1815, 1853, 1904, 1942, 1982, 2019, 2059, 2099, 2137, 
2179, 2217, 2254, 2291, 2328, 2364, 2397, 2431, 2463, 2503, 
2531, 2559, 2583, 2608, 2627, 2648, 2667, 2681, 2695, 2708, 
2716, 2725, 2731, 2732, 2732, 2729, 2727, 2718, 2710, 2697, 
2684, 2670, 2652, 2632, 2614, 2588, 2563, 2534, 2508, 2479, 
2448, 2403, 2368, 2335, 2298, 2260, 2224, 2184, 2145, 2107, 
2067, 2027, 1990, 1948, 1911, 1874, 1836, 1787, 1750, 1716, 
1682, 1648, 1617, 1587, 1558, 1532, 1508, 1486, 1459, 1443, 
1424, 1411, 1396, 1380, 1373, 1368, 1361, 1362, 1362, 1364, 
1370, 1377, 1389, 1400, 1415, 1430, 1448, 1470, 1490, 1526, 
1551, 1580, 1610, 1641, 1673, 1707, 1740, 1776, 1812, 1849, 
1888, 1927, 1964, 2003, 2044, 2097, 2135, 2175, 2211, 2250, 
2288, 2326, 2360, 2396, 2430, 2460, 2492, 2520, 2552, 2574, 
2598, 2628, 2647, 2665, 2681, 2695, 2707, 2718, 2725, 2731, 
2732, 2732, 2734, 2731, 2722, 2715, 2704, 2687, 2672, 2655, 
2636, 2614, 2592, 2566, 2537, 2511, 2483, 2452, 2421, 2385, 
2352, 2316, 2278, 2227, 2188, 2150, 2111, 2072, 2032, 1992, 
1953, 1916, 1877, 1840, 1801, 1766, 1732, 1696, 1664, 1622, 
1590, 1560, 1535, 1508, 1486, 1464, 1443, 1425, 1411, 1398, 
1385, 1376, 1369, 1366, 1362, 1362, 1366, 1372, 1379, 1388, 
1399, 1414, 1430, 1448, 1468, 1490, 1514, 1540, 1565, 1595, 
1624, 1671, 1704, 1739, 1774, 1811, 1847, 1881, 1923, 1960, 
1999, 2039, 2077, 2116, 2155, 2195, 2235, 2284, 2321, 2356, 
2392, 2425, 2459, 2488, 2519, 2544, 2571, 2595, 2619, 2639, 
2657, 2675, 2689, 2707, 2717, 2725, 2731, 2734, 2733, 2734, 
2729, 2722, 2715, 2707, 2692, 2680, 2663, 2643, 2623, 2594, 
2568, 2544, 2515, 2487, 2454, 2424, 2389, 2354, 2318, 2283, 
2244, 2207, 2168, 2128, 2089, 2036, 1996, 1958, 1918, 1880, 
1843, 1806, 1771, 1736, 1699, 1668, 1631, 1604, 1572, 1546, 
1521, 1487, 1466, 1446, 1428, 1412, 1398, 1387, 1376, 1371, 
1365, 1362, 1363, 1362, 1368, 1374, 1382, 1398, 1412, 1427, 
1446, 1465, 1487, 1511, 1538, 1561, 1592, 1621, 1656, 1688, 
1723, 1756, 1793, 1843, 1878, 1919, 1956, 1995, 2035, 2076, 
2113, 2154, 2191, 2230, 2269, 2303, 2341, 2375, 2411, 2454, 
2486, 2513, 2542, 2567, 2593, 2617, 2636, 2657, 2674, 2687, 
2703, 2712, 2719, 2727, 2731, 2735, 2734, 2731, 2725, 2716, 
2707, 2695, 2680, 2666, 2647, 2624, 2596, 2579, 2553, 2527, 
2500, 2457, 2426, 2392, 2359, 2320, 2287, 2248, 2211, 2172, 
2133, 2092, 2052, 2015, 1976, 1936, 1899, 1847, 1811, 1774, 
1738, 1704, 1672, 1638, 1608, 1575, 1548, 1523, 1499, 1475, 
1456, 1434, 1421, 1401, 1387, 1379, 1371, 1366, 1361, 1362, 
1362, 1367, 1374, 1382, 1392, 1406, 1423, 1438, 1456, 1487, 
1508, 1532, 1560, 1590, 1620, 1651, 1684, 1718, 1753, 1790, 
1825, 1863, 1902, 1938, 1979, 2031, 2069, 2111, 2149, 2188, 
2226, 2264, 2302, 2339, 2374, 2407, 2440, 2472, 2502, 2529, 
2556, 2592, 2612, 2633, 2655, 2670, 2687, 2700, 2711, 2720, 
2727, 2731, 2733, 2733, 2731, 2728, 2720, 2705, 2691, 2673, 
2655, 2636, 2615, 2592, 2566, 2536, 2510, 2481, 2447, 2417, 
2383, 2348, 2311, 2260, 2224, 2185, 2147, 2107, 2067, 2028, 
1990, 1950, 1912, 1873, 1835, 1799, 1764, 1729, 1695, 1649, 
1618, 1588, 1560, 1532, 1508, 1484, 1463, 1443, 1424, 1409, 
1396, 1384, 1376, 1368, 1365, 1363, 1362, 1365, 1371, 1379, 
1389, 1401, 1415, 1428, 1448, 1471, 1491, 1516, 1543, 1568, 
1599, 1638, 1673, 1705, 1742, 1776, 1812, 1849, 1887, 1926, 
1964, 2003, 2043, 2080, 2121, 2160, 2200, 2251, 2289, 2325, 
2360, 2396, 2428, 2460, 2492, 2520, 2548, 2572, 2596, 2620, 
2641, 2661, 2675, 2695, 2707, 2716, 2726, 2731, 2734, 2734, 
2734, 2727, 2723, 2712, 2704, 2693, 2676, 2663, 2642, 2614, 
2591, 2567, 2537, 2511, 2482, 2451, 2421, 2384, 2352, 2316, 
2278, 2240, 2203, 2165, 2124, 2072, 2032, 1993, 1955, 1916, 
1877, 1840, 1803, 1767, 1732, 1697, 1665, 1632, 1603, 1574, 
1545, 1510, 1488, 1465, 1445, 1427, 1411, 1398, 1386, 1376, 
1369, 1366, 1362, 1362, 1366, 1368, 1375, 1386, 1399, 1417, 
1429, 1449, 1470, 1488, 1513, 1540, 1564, 1596, 1626, 1657, 
1691, 1726, 1760, 1809, 1846, 1882, 1921, 1960, 1999, 2040, 
2078, 2116, 2156, 2195, 2233, 2272, 2308, 2344, 2379, 2425, 
2457, 2489, 2518, 2548, 2572, 2595, 2616, 2638, 2657, 2676, 
2689, 2702, 2712, 2721, 2728, 2734, 2734, 2734, 2728, 2724, 
2715, 2707, 2692, 2679, 2663, 2643, 2625, 2604, 2579, 2553, 
2524, 2486, 2456, 2423, 2390, 2355, 2319, 2283, 2244, 2206, 
2168, 2128, 2089, 2051, 2010, 1971, 1933, 1880, 1844, 1806, 
1771, 1736, 1700, 1670, 1636, 1604, 1573, 1547, 1521, 1496, 
1474, 1452, 1433, 1412, 1398, 1387, 1376, 1371, 1365, 1363, 
1363, 1364, 1368, 1374, 1381, 1392, 1407, 1423, 1438, 1466, 
1487, 1511, 1537, 1561, 1591, 1622, 1656, 1687, 1723, 1757, 
1792, 1828, 1866, 1904, 1943, 1995, 2035, 2075, 2114, 2151, 
2191, 2230, 2268, 2304, 2342, 2376, 2411, 2440, 2473, 2504, 
2532, 2568, 2593, 2617, 2636, 2657, 2674, 2687, 2702, 2712, 
2720, 2728, 2732, 2733, 2735, 2731, 2727, 2718, 2707, 2695, 
2680, 2665, 2648, 2625, 2607, 2580, 2554, 2527, 2499, 2467, 
2437, 2404, 2371, 2321, 2286, 2248, 2211, 2171, 2133, 2094, 
2054, 2014, 1976, 1936, 1899, 1861, 1823, 1787, 1750, 1703, 
1671, 1637, 1606, 1582, 1550, 1524, 1497, 1476, 1455, 1435, 
1420, 1407, 1392, 1381, 1373, 1365, 1363, 1363, 1362, 1368, 
1374, 1382, 1393, 1407, 1421, 1437, 1456, 1477, 1499, 1526, 
1549, 1591, 1621, 1651, 1684, 1719, 1753, 1790, 1825, 1864, 
1901, 1939, 1979, 2017, 2057, 2097, 2136, 2188, 2227, 2264, 
2302, 2338, 2372, 2409, 2441, 2472, 2502, 2530, 2559, 2582, 
2606, 2626, 2647, 2671, 2687, 2701, 2712, 2720, 2728, 2732, 
2734, 2734, 2731, 2728, 2720, 2712, 2700, 2687, 2673, 2648, 
2627, 2608, 2583, 2559, 2532, 2502, 2472, 2439, 2408, 2373, 
2338, 2303, 2265, 2227, 2189, 2137, 2097, 2057, 2018, 1980, 
1940, 1903, 1864, 1827, 1790, 1753, 1720, 1685, 1659, 1621, 
1591, 1552, 1525, 1503, 1479, 1457, 1438, 1420, 1407, 1393, 
1381, 1373, 1368, 1363, 1363, 1362, 1365, 1373, 1382, 1391, 
1404, 1419, 1435, 1454, 1475, 1497, 1521, 1548, 1576, 1607, 
1634, 1668, 1703, 1750, 1785, 1823, 1860, 1897, 1935, 1974, 
2012, 2052, 2092, 2130, 2169, 2208, 2247, 2285, 2320, 2368, 
2403, 2439, 2469, 2498, 2526, 2555, 2582, 2606, 2623, 2647, 
2665, 2679, 2692, 2707, 2716, 2724, 2732, 2734, 2734, 2731, 
2728, 2602, 2576, 2551, 2528, 2496, 2465, 2435, 2403, 2369, 
2332, 2284, 2246, 2208, 2169, 2129, 2089, 2050, 2012, 1975, 
1933, 1896, 1859, 1820, 1786, 1750, 1715, 1670, 1636, 1605, 
1576, 1550, 1522, 1499, 1475, 1452, 1435, 1420, 1403, 1392, 
1381, 1372, 1367, 1361, 1361, 1361, 1368, 1372, 1380, 1392, 
1406, 1420, 1435, 1455, 1476, 1500, 1523, 1552, 1575, 1617, 
1650, 1683, 1717, 1751, 1788, 1823, 1863, 1900, 1937, 1977, 
2014, 2054, 2096, 2134, 2174, 2225, 2262, 2300, 2337, 2369, 
2407, 2439, 2473, 2499, 2528, 2555, 2580, 2605, 2623, 2646, 
2665, 2686, 2700, 2711, 2719, 2726, 2729, 2732, 2732, 2729, 
2727, 2719, 2711, 2700, 2686, 2672, 2654, 2625, 2606, 2580, 
2556, 2530, 2502, 2471, 2443, 2407, 2372, 2339, 2306, 2264, 
2227, 2188, 2151, 2096, 2055, 2017, 1980, 1939, 1902, 1863, 
1825, 1791, 1754, 1720, 1685, 1652, 1621, 1590, 1562, 1526, 
1499, 1479, 1456, 1436, 1420, 1406, 1392, 1382, 1373, 1368, 
1361, 1361, 1362, 1365, 1371, 1380, 1391, 1403, 1417, 1435, 
1454, 1475, 1497, 1520, 1547, 1576, 1607, 1638, 1671, 1701, 
1738, 1786, 1822, 1860, 1896, 1934, 1974, 2012, 2052, 2092, 
2130, 2170, 2209, 2244, 2285, 2321, 2358, 2403, 2436, 2468, 
2496, 2526, 2554, 2579, 2604, 2624, 2644, 2664, 2680, 2693, 
2707, 2715, 2719, 2731, 2734, 2732, 2732, 2727, 2720, 2712, 
2700, 2688, 2674, 2657, 2638, 2617, 2595, 2570, 2544, 2504, 
2475, 2443, 2412, 2376, 2342, 2305, 2270, 2232, 2192, 2155, 
2114, 2075, 2036, 1996, 1958, 1905, 1867, 1830, 1795, 1758, 
1724, 1688, 1656, 1623, 1593, 1561, 1537, 1514, 1486, 1467, 
1446, 1422, 1406, 1395, 1384, 1374, 1367, 1363, 1362, 1363, 
1365, 1371, 1375, 1388, 1399, 1411, 1425, 1452, 1478, 1496, 
1520, 1545, 1577, 1605, 1632, 1665, 1699, 1735, 1769, 1804, 
1840, 1879, 1918, 1971, 2008, 2047, 2088, 2127, 2166, 2204, 
2242, 2281, 2319, 2354, 2388, 2423, 2453, 2486, 2512, 2547, 
2578, 2600, 2623, 2644, 2663, 2680, 2693, 2705, 2716, 2723, 
2728, 2734, 2734, 2734, 2729, 2723, 2712, 2704, 2688, 2676, 
2659, 2639, 2618, 2595, 2572, 2545, 2517, 2489, 2460, 2427, 
2392, 2345, 2308, 2272, 2238, 2198, 2159, 2119, 2079, 2041, 
2000, 1962, 1924, 1884, 1848, 1809, 1774, 1727, 1694, 1660, 
1627, 1596, 1571, 1543, 1516, 1491, 1468, 1449, 1429, 1414, 
1400, 1387, 1378, 1368, 1365, 1361, 1363, 1366, 1368, 1376, 
1384, 1395, 1410, 1427, 1443, 1465, 1486, 1507, 1535, 1569, 
1600, 1630, 1665, 1695, 1731, 1765, 1802, 1838, 1875, 1913, 
1952, 1990, 2032, 2070, 2111, 2163, 2200, 2240, 2278, 2313, 
2351, 2385, 2418, 2451, 2483, 2511, 2540, 2564, 2591, 2614, 
2635, 2660, 2676, 2689, 2704, 2714, 2722, 2727, 2733, 2735, 
2735, 2731, 2726, 2716, 2708, 2695, 2680, 2660, 2641, 2621, 
2598, 2575, 2550, 2519, 2491, 2460, 2428, 2396, 2362, 2326, 
2288, 2252, 2215, 2162, 2123, 2083, 2045, 2005, 1966, 1926, 
1888, 1852, 1813, 1778, 1742, 1707, 1675, 1642, 1611, 1571, 
1542, 1518, 1494, 1469, 1452, 1432, 1415, 1401, 1390, 1379, 
1371, 1365, 1361, 1363, 1363, 1368, 1376, 1384, 1394, 1409, 
1423, 1440, 1461, 1485, 1507, 1532, 1557, 1586, 1617, 1648, 
1679, 1726, 1763, 1799, 1835, 1872, 1911, 1948, 1987, 2027, 
2066, 2107, 2144, 2183, 2223, 2259, 2298, 2348, 2381, 2415, 
2447, 2480, 2508, 2537, 2563, 2589, 2612, 2633, 2652, 2670, 
2684, 2700, 2711, 2723, 2727, 2734, 2736, 2734, 2731, 2724, 
2718, 2707, 2694, 2676, 2657, 2636, 2615, 2593, 2568, 2531, 
2500, 2472, 2443, 2407, 2375, 2339, 2303, 2265, 2227, 2188, 
2151, 2112, 2072, 2033, 1993, 1940, 1902, 1863, 1827, 1788, 
1754, 1720, 1684, 1652, 1622, 1591, 1566, 1536, 1510, 1484, 
1465, 1443, 1422, 1408, 1393, 1379, 1373, 1368, 1363, 1361, 
1362, 1365, 1372, 1377, 1388, 1399, 1414, 1435, 1455, 1475, 
1497, 1521, 1548, 1576, 1606, 1636, 1670, 1703, 1738, 1774, 
1808, 1846, 1882, 1935, 1975, 2012, 2054, 2092, 2129, 2171, 
2209, 2246, 2284, 2321, 2357, 2392, 2425, 2457, 2489, 2527, 
2558, 2582, 2604, 2624, 2646, 2665, 2680, 2692, 2707, 2718, 
2724, 2729, 2733, 2734, 2734, 2727, 2720, 2712, 2701, 2687, 
2674, 2656, 2638, 2617, 2595, 2569, 2543, 2520, 2488, 2454, 
2424, 2376, 2343, 2303, 2270, 2232, 2195, 2152, 2115, 2076, 
2035, 1996, 1959, 1920, 1880, 1843, 1807, 1758, 1724, 1688, 
1655, 1624, 1594, 1564, 1535, 1512, 1491, 1465, 1447, 1428, 
1411, 1398, 1387, 1372, 1367, 1363, 1361, 1361, 1366, 1371, 
1377, 1388, 1399, 1412, 1426, 1445, 1465, 1487, 1510, 1546, 
1575, 1604, 1634, 1667, 1696, 1735, 1770, 1804, 1841, 1879, 
1919, 1957, 1995, 2035, 2073, 2127, 2167, 2206, 2243, 2281, 
2319, 2353, 2388, 2423, 2454, 2486, 2513, 2544, 2567, 2593, 
2617, 2641, 2664, 2678, 2693, 2706, 2714, 2723, 2728, 2734, 
2734, 2734, 2731, 2727, 2718, 2707, 2695, 2676, 2660, 2639, 
2619, 2596, 2574, 2545, 2523, 2492, 2459, 2427, 2393, 2359, 
2321, 2286, 2248, 2196, 2158, 2118, 2079, 2041, 2001, 1963, 
1924, 1886, 1848, 1809, 1774, 1740, 1704, 1672, 1639, 1596, 
1566, 1542, 1515, 1488, 1468, 1448, 1428, 1415, 1400, 1388, 
1377, 1370, 1366, 1364, 1363, 1365, 1369, 1377, 1385, 1396, 
1410, 1426, 1443, 1464, 1486, 1507, 1534, 1559, 1588, 1620, 
1649, 1696, 1731, 1766, 1800, 1839, 1877, 1915, 1953, 1990, 
2031, 2069, 2111, 2150, 2188, 2227, 2264, 2315, 2352, 2385, 
2419, 2451, 2483, 2511, 2540, 2563, 2591, 2613, 2636, 2656, 
2673, 2687, 2700, 2715, 2723, 2728, 2734, 2734, 2734, 2731, 
2726, 2716, 2708, 2696, 2681, 2667, 2649, 2628, 2608, 2574, 
2551, 2521, 2489, 2462, 2432, 2396, 2363, 2326, 2290, 2252, 
2216, 2176, 2137, 2097, 2056, 2004, 1965, 1927, 1888, 1851, 
1814, 1779, 1742, 1708, 1675, 1641, 1611, 1580, 1551, 1525, 
1502, 1472, 1450, 1431, 1415, 1400, 1390, 1379, 1372, 1365, 
1363, 1361, 1361, 1367, 1373, 1383, 1391, 1410, 1423, 1441, 
1462, 1484, 1505, 1534, 1557, 1589, 1617, 1649, 1679, 1715, 
1750, 1787, 1822, 1872, 1912, 1948, 1988, 2026, 2067, 2106, 
2144, 2183, 2223, 2260, 2299, 2334, 2368, 2403, 2436, 2480, 
2509, 2538, 2563, 2588, 2612, 2635, 2652, 2671, 2687, 2699, 
2708, 2719, 2727, 2732, 2734, 2734, 2731, 2726, 2718, 2710, 
2697, 2684, 2667, 2651, 2627, 2608, 2586, 2559, 2535, 2504, 
2476, 2432, 2400, 2365, 2329, 2294, 2256, 2219, 2179, 2139, 
2101, 2062, 2023, 1984, 1944, 1907, 1868, 1817, 1780, 1744, 
1711, 1677, 1645, 1613, 1582, 1552, 1529, 1504, 1483, 1460, 
1439, 1423, 1407, 1390, 1379, 1371, 1364, 1363, 1363, 1369, 
1367, 1371, 1379, 1390, 1404, 1419, 1432, 1451, 1473, 1504, 
1528, 1555, 1586, 1615, 1644, 1677, 1712, 1745, 1782, 1819, 
1855, 1895, 1934, 1971, 2008, 2062, 2103, 2142, 2180, 2219, 
2258, 2292, 2331, 2366, 2401, 2433, 2465, 2495, 2525, 2553, 
2577, 2611, 2628, 2651, 2668, 2684, 2697, 2711, 2719, 2725, 
2729, 2734, 2734, 2734, 2729, 2605, 2582, 2545, 2519, 2489, 
2458, 2426, 2393, 2360, 2323, 2287, 2249, 2210, 2174, 2136, 
2096, 2055, 2016, 1964, 1924, 1888, 1851, 1812, 1776, 1740, 
1706, 1673, 1640, 1608, 1579, 1547, 1524, 1500, 1477, 1449, 
1431, 1415, 1400, 1388, 1379, 1370, 1366, 1361, 1363, 1362, 
1367, 1372, 1379, 1392, 1403, 1423, 1440, 1461, 1484, 1508, 
1531, 1557, 1590, 1617, 1648, 1679, 1716, 1748, 1785, 1821, 
1859, 1911, 1948, 1990, 2025, 2065, 2104, 2144, 2183, 2223, 
2259, 2299, 2334, 2367, 2403, 2436, 2468, 2510, 2536, 2561, 
2590, 2612, 2632, 2652, 2668, 2684, 2697, 2709, 2719, 2724, 
2729, 2734, 2734, 2728, 2723, 2716, 2708, 2696, 2681, 2667, 
2649, 2630, 2608, 2584, 2559, 2533, 2503, 2474, 2446, 2400, 
2365, 2328, 2293, 2255, 2217, 2179, 2139, 2102, 2060, 2022, 
1984, 1944, 1907, 1869, 1831, 1780, 1744, 1710, 1676, 1645, 
1612, 1584, 1554, 1529, 1504, 1480, 1459, 1439, 1423, 1407, 
1395, 1379, 1369, 1366, 1361, 1362, 1363, 1364, 1369, 1378, 
1390, 1403, 1417, 1432, 1452, 1472, 1492, 1529, 1554, 1581, 
1615, 1643, 1678, 1712, 1744, 1781, 1816, 1855, 1891, 1930, 
1968, 2007, 2048, 2099, 2138, 2178, 2217, 2255, 2292, 2329, 
2366, 2398, 2431, 2463, 2494, 2523, 2551, 2575, 2600, 2628, 
2651, 2668, 2681, 2696, 2710, 2717, 2727, 2731, 2732, 2734, 
2734, 2728, 2723, 2715, 2703, 2684, 2671, 2652, 2633, 2614, 
2590, 2564, 2538, 2506, 2480, 2448, 2416, 2382, 2347, 2310, 
2272, 2224, 2184, 2145, 2107, 2069, 2027, 1990, 1951, 1912, 
1874, 1836, 1799, 1763, 1729, 1694, 1661, 1615, 1588, 1559, 
1532, 1507, 1484, 1463, 1444, 1423, 1409, 1395, 1384, 1376, 
1368, 1365, 1362, 1362, 1364, 1372, 1379, 1385, 1401, 1414, 
1432, 1448, 1472, 1491, 1516, 1542, 1569, 1597, 1628, 1673, 
1705, 1740, 1777, 1814, 1850, 1888, 1927, 1965, 2003, 2043, 
2083, 2122, 2161, 2200, 2240, 2289, 2326, 2361, 2396, 2430, 
2462, 2492, 2522, 2548, 2575, 2600, 2622, 2642, 2659, 2677, 
2691, 2706, 2718, 2726, 2732, 2734, 2734, 2735, 2727, 2721, 
2713, 2704, 2692, 2678, 2663, 2643, 2622, 2592, 2567, 2540, 
2513, 2483, 2451, 2419, 2385, 2351, 2315, 2277, 2243, 2203, 
2162, 2123, 2087, 2032, 1992, 1954, 1916, 1875, 1840, 1802, 
1766, 1732, 1697, 1663, 1633, 1600, 1571, 1545, 1519, 1485, 
1463, 1445, 1426, 1411, 1397, 1385, 1376, 1369, 1365, 1362, 
1362, 1364, 1370, 1376, 1385, 1400, 1415, 1429, 1448, 1468, 
1490, 1514, 1540, 1567, 1593, 1626, 1658, 1690, 1727, 1761, 
1797, 1847, 1884, 1923, 1959, 2000, 2040, 2080, 2116, 2158, 
2193, 2235, 2272, 2308, 2345, 2379, 2416, 2458, 2490, 2518, 
2545, 2569, 2595, 2618, 2638, 2659, 2676, 2689, 2703, 2713, 
2723, 2728, 2732, 2732, 2734, 2727, 2723, 2716, 2705, 2693, 
2680, 2663, 2643, 2625, 2603, 2579, 2553, 2526, 2495, 2454, 
2424, 2388, 2354, 2319, 2283, 2244, 2207, 2168, 2127, 2090, 
2051, 2010, 1971, 1931, 1894, 1843, 1806, 1771, 1735, 1700, 
1668, 1634, 1604, 1575, 1547, 1521, 1496, 1475, 1454, 1434, 
1417, 1398, 1388, 1376, 1369, 1364, 1363, 1361, 1362, 1368, 
1373, 1383, 1394, 1407, 1423, 1439, 1459, 1487, 1510, 1537, 
1564, 1592, 1622, 1656, 1689, 1723, 1758, 1794, 1831, 1867, 
1905, 1943, 1982, 2036, 2076, 2114, 2155, 2191, 2231, 2269, 
2305, 2340, 2375, 2411, 2442, 2475, 2505, 2535, 2559, 2595, 
2616, 2638, 2657, 2675, 2688, 2702, 2711, 2720, 2728, 2729, 
2735, 2733, 2731, 2727, 2719, 2704, 2687, 2673, 2654, 2635, 
2614, 2591, 2563, 2531, 2508, 2480, 2449, 2415, 2383, 2345, 
2309, 2259, 2222, 2186, 2144, 2105, 2065, 2028, 1987, 1948, 
1911, 1872, 1834, 1798, 1761, 1727, 1692, 1648, 1616, 1584, 
1557, 1531, 1506, 1479, 1462, 1442, 1423, 1408, 1394, 1384, 
1377, 1368, 1366, 1361, 1360, 1366, 1372, 1379, 1388, 1401, 
1416, 1432, 1450, 1471, 1492, 1518, 1543, 1571, 1596, 1640, 
1676, 1708, 1743, 1778, 1816, 1852, 1888, 1927, 1966, 2003, 
2044, 2083, 2121, 2163, 2200, 2251, 2289, 2326, 2363, 2398, 
2430, 2462, 2492, 2521, 2548, 2575, 2599, 2622, 2639, 2661, 
2678, 2696, 2708, 2716, 2724, 2730, 2734, 2734, 2735, 2728, 
2723, 2713, 2703, 2690, 2678, 2659, 2642, 2614, 2590, 2567, 
2540, 2512, 2483, 2451, 2417, 2382, 2351, 2315, 2276, 2239, 
2200, 2163, 2122, 2070, 2029, 1992, 1953, 1913, 1874, 1839, 
1800, 1765, 1731, 1696, 1664, 1629, 1599, 1571, 1544, 1508, 
1487, 1464, 1444, 1426, 1410, 1398, 1385, 1376, 1368, 1365, 
1363, 1362, 1364, 1368, 1376, 1387, 1399, 1415, 1430, 1448, 
1468, 1489, 1515, 1540, 1569, 1593, 1627, 1660, 1691, 1727, 
1760, 1809, 1847, 1884, 1924, 1964, 1999, 2040, 2079, 2119, 
2157, 2198, 2236, 2273, 2308, 2347, 2381, 2427, 2459, 2489, 
2518, 2546, 2572, 2598, 2620, 2638, 2659, 2678, 2689, 2703, 
2712, 2723, 2728, 2734, 2733, 2734, 2728, 2721, 2716, 2707, 
2692, 2678, 2663, 2644, 2623, 2602, 2578, 2553, 2526, 2486, 
2454, 2427, 2391, 2354, 2317, 2279, 2243, 2205, 2167, 2127, 
2088, 2050, 2008, 1971, 1931, 1879, 1843, 1805, 1769, 1735, 
1697, 1667, 1635, 1604, 1575, 1547, 1520, 1495, 1472, 1452, 
1434, 1412, 1398, 1387, 1376, 1371, 1366, 1363, 1361, 1363, 
1368, 1372, 1379, 1395, 1408, 1424, 1439, 1466, 1488, 1512, 
1537, 1563, 1595, 1623, 1656, 1689, 1725, 1759, 1795, 1831, 
1867, 1907, 1945, 1999, 2035, 2075, 2113, 2156, 2193, 2231, 
2267, 2305, 2342, 2376, 2412, 2444, 2476, 2504, 2533, 2571, 
2594, 2619, 2640, 2657, 2675, 2688, 2702, 2712, 2716, 2728, 
2731, 2735, 2734, 2732, 2726, 2718, 2707, 2694, 2680, 2663, 
2647, 2623, 2604, 2579, 2555, 2527, 2497, 2467, 2436, 2401, 
2369, 2320, 2285, 2246, 2208, 2171, 2130, 2092, 2052, 2012, 
1975, 1934, 1897, 1859, 1822, 1787, 1748, 1704, 1670, 1637, 
1606, 1576, 1549, 1523, 1498, 1474, 1455, 1434, 1420, 1404, 
1392, 1381, 1373, 1366, 1362, 1362, 1362, 1368, 1373, 1380, 
1392, 1408, 1420, 1438, 1457, 1478, 1501, 1526, 1551, 1591, 
1623, 1652, 1686, 1720, 1755, 1790, 1828, 1863, 1903, 1939, 
1980, 2018, 2057, 2096, 2137, 2189, 2227, 2265, 2304, 2340, 
2373, 2407, 2441, 2472, 2502, 2531, 2557, 2583, 2608, 2626, 
2648, 2672, 2687, 2700, 2711, 2720, 2727, 2731, 2734, 2734, 
2732, 2727, 2719, 2710, 2700, 2685, 2674, 2647, 2627, 2606, 
2583, 2556, 2531, 2501, 2472, 2439, 2404, 2372, 2339, 2302, 
2263, 2227, 2187, 2135, 2096, 2056, 2016, 1980, 1939, 1901, 
1863, 1824, 1788, 1751, 1719, 1684, 1651, 1619, 1590, 1551, 
1523, 1501, 1477, 1454, 1437, 1420, 1407, 1392, 1382, 1375, 
1367, 1362, 1363, 1363, 1365, 1373, 1382, 1393, 1405, 1420, 
1435, 1456, 1477, 1498, 1525, 1549, 1577, 1606, 1639, 1669, 
1704, 1751, 1788, 1823, 1862, 1898, 1937, 1976, 2013, 2052, 
2093, 2131, 2172, 2211, 2246, 2286, 2320, 2369, 2406, 2438, 
2468, 2499, 2528, 2556, 2580, 2607, 2626, 2646, 2668, 2680, 
2694, 2702, 2718, 2726, 2732, 2736, 2733, 2732, 2728, 2609, 
2584, 2561, 2532, 2504, 2478, 2444, 2411, 2379, 2343, 2295, 
2257, 2220, 2182, 2140, 2104, 2062, 2024, 1985, 1947, 1910, 
1870, 1832, 1797, 1758, 1725, 1679, 1647, 1615, 1584, 1556, 
1532, 1506, 1480, 1459, 1440, 1423, 1408, 1393, 1383, 1375, 
1366, 1360, 1361, 1363, 1367, 1378, 1386, 1400, 1415, 1428, 
1448, 1467, 1489, 1513, 1540, 1566, 1594, 1627, 1661, 1692, 
1726, 1761, 1796, 1832, 1871, 1910, 1948, 1987, 2025, 2065, 
2103, 2143, 2183, 2222, 2259, 2296, 2333, 2367, 2404, 2435, 
2465, 2495, 2527, 2553, 2579, 2603, 2624, 2646, 2662, 2679, 
2692, 2706, 2716, 2723, 2731, 2734, 2732, 2732, 2728, 2722, 
2712, 2707, 2694, 2677, 2662, 2646, 2623, 2603, 2577, 2553, 
2527, 2497, 2467, 2433, 2401, 2367, 2332, 2295, 
END
Manual trigger reset! Waiting for next signal...
reset bools done, waiting for next trigger...
Trigger at idx=8238 raw=2054
Capture ready: pre-trigger + post-trigger window complete.
TRIGGER TYPE IS: RISING
Sample threshold is: 2048

----DEBUG INFO----
Core: 0, Trigger: 8238, Size: 16388
2398, 2428, 2457, 2483, 2512, 2537, 2560, 2584, 2611, 2628, 
2644, 2659, 2674, 2686, 2695, 2703, 2708, 2712, 2712, 2713, 
2710, 2704, 2700, 2690, 2675, 2663, 2648, 2630, 2611, 2593, 
2571, 2548, 2523, 2498, 2471, 2441, 2411, 2380, 2348, 2313, 
2267, 2233, 2196, 2161, 2122, 2089, 2049, 2013, 1978, 1939, 
1905, 1868, 1833, 1798, 1765, 1731, 1687, 1655, 1627, 1596, 
1570, 1540, 1520, 1495, 1475, 1452, 1436, 1417, 1405, 1391, 
1380, 1372, 1361, 1361, 1355, 1356, 1357, 1361, 1369, 1376, 
1387, 1398, 1413, 1427, 1446, 1465, 1485, 1507, 1544, 1567, 
1596, 1624, 1655, 1684, 1719, 1750, 1785, 1819, 1855, 1889, 
1926, 1963, 1999, 2039, 2088, 2124, 2163, 2198, 2233, 2268, 
2303, 2337, 2371, 2406, 2433, 2465, 2494, 2521, 2547, 2571, 
2601, 2620, 2639, 2659, 2673, 2687, 2698, 2708, 2716, 2723, 
2726, 2727, 2728, 2723, 2723, 2716, 2703, 2692, 2681, 2666, 
2649, 2634, 2612, 2591, 2568, 2543, 2517, 2489, 2462, 2432, 
2401, 2367, 2323, 2288, 2252, 2219, 2180, 2141, 2108, 2069, 
2033, 1996, 1960, 1923, 1887, 1852, 1817, 1782, 1736, 1703, 
1671, 1642, 1610, 1582, 1555, 1532, 1507, 1486, 1465, 1447, 
1427, 1412, 1399, 1387, 1374, 1370, 1363, 1363, 1363, 1361, 
1364, 1369, 1377, 1386, 1400, 1413, 1425, 1443, 1464, 1483, 
1514, 1539, 1563, 1593, 1620, 1649, 1679, 1713, 1744, 1779, 
1814, 1848, 1884, 1920, 1956, 1992, 2044, 2079, 2116, 2151, 
2193, 2228, 2265, 2299, 2334, 2366, 2401, 2430, 2460, 2491, 
2518, 2544, 2578, 2599, 2621, 2640, 2660, 2674, 2687, 2700, 
2712, 2719, 2724, 2729, 2732, 2732, 2732, 2727, 2719, 2711, 
2700, 2688, 2675, 2662, 2639, 2620, 2602, 2578, 2555, 2531, 
2503, 2476, 2446, 2416, 2371, 2337, 2303, 2268, 2233, 2195, 
2160, 2123, 2086, 2048, 2011, 1976, 1937, 1902, 1865, 1830, 
1784, 1748, 1716, 1683, 1651, 1624, 1596, 1567, 1543, 1516, 
1494, 1473, 1454, 1435, 1420, 1408, 1390, 1380, 1372, 1368, 
1366, 1363, 1363, 1365, 1372, 1376, 1385, 1396, 1409, 1423, 
1436, 1457, 1486, 1507, 1532, 1556, 1580, 1612, 1640, 1671, 
1703, 1736, 1770, 1804, 1838, 1874, 1910, 1946, 1995, 2035, 
2069, 2109, 2143, 2183, 2217, 2251, 2291, 2324, 2361, 2392, 
2424, 2453, 2483, 2511, 2547, 2572, 2595, 2616, 2636, 2655, 
2673, 2689, 2699, 2711, 2719, 2727, 2732, 2735, 2735, 2735, 
2729, 2723, 2716, 2708, 2695, 2682, 2670, 2651, 2631, 2611, 
2588, 2564, 2540, 2514, 2487, 2455, 2415, 2383, 2350, 2314, 
2280, 2241, 2207, 2173, 2135, 2098, 2061, 2024, 1988, 1950, 
1915, 1878, 1830, 1793, 1760, 1726, 1695, 1662, 1635, 1604, 
1575, 1548, 1525, 1501, 1481, 1460, 1440, 1423, 1404, 1393, 
1383, 1374, 1368, 1368, 1360, 1363, 1367, 1367, 1374, 1382, 
1393, 1404, 1419, 1434, 1459, 1479, 1500, 1524, 1549, 1575, 
1603, 1633, 1665, 1695, 1727, 1760, 1795, 1829, 1865, 1899, 
1950, 1985, 2023, 2060, 2099, 2135, 2171, 2207, 2243, 2280, 
2313, 2350, 2382, 2414, 2444, 2476, 2513, 2540, 2564, 2589, 
2613, 2631, 2648, 2667, 2681, 2695, 2706, 2716, 2724, 2729, 
2736, 2735, 2736, 2732, 2728, 2719, 2712, 2701, 2686, 2674, 
2656, 2638, 2616, 2596, 2572, 2547, 2523, 2494, 2454, 2425, 
2392, 2360, 2326, 2291, 2257, 2220, 2183, 2151, 2111, 2073, 
2035, 1999, 1961, 1924, 1875, 1839, 1805, 1771, 1739, 1705, 
1673, 1642, 1609, 1577, 1552, 1524, 1497, 1475, 1455, 1436, 
1401, 1391, 1379, 1371, 1364, 1361, 1365, 1363, 1367, 1371, 
1378, 1389, 1398, 1409, 1425, 1441, 1468, 1491, 1511, 1536, 
1560, 1591, 1615, 1644, 1676, 1710, 1742, 1775, 1808, 1841, 
1879, 1914, 1966, 2001, 2040, 2076, 2114, 2151, 2187, 2225, 
2261, 2296, 2328, 2363, 2396, 2428, 2460, 2487, 2524, 2550, 
2574, 2599, 2619, 2639, 2657, 2671, 2686, 2701, 2712, 2719, 
2727, 2732, 2736, 2735, 2733, 2731, 2724, 2716, 2707, 2695, 
2678, 2664, 2648, 2628, 2609, 2587, 2562, 2537, 2510, 2483, 
2443, 2411, 2379, 2345, 2311, 2276, 2246, 2206, 2168, 2131, 
2094, 2055, 2019, 1983, 1946, 1910, 1860, 1825, 1792, 1758, 
1724, 1691, 1663, 1628, 1601, 1575, 1549, 1523, 1500, 1478, 
1457, 1439, 1418, 1404, 1392, 1382, 1374, 1369, 1363, 1364, 
1363, 1362, 1368, 1376, 1385, 1393, 1408, 1422, 1443, 1462, 
1483, 1500, 1528, 1552, 1577, 1608, 1633, 1665, 1698, 1730, 
1763, 1797, 1832, 1868, 1918, 1952, 1991, 2027, 2064, 2103, 
2140, 2176, 2213, 2248, 2286, 2320, 2352, 2387, 2419, 2449, 
2491, 2515, 2543, 2567, 2591, 2615, 2631, 2654, 2672, 2684, 
2697, 2709, 2719, 2723, 2731, 2736, 2736, 2735, 2731, 2727, 
2713, 2709, 2698, 2686, 2668, 2655, 2632, 2616, 2592, 2569, 
2545, 2519, 2481, 2451, 2423, 2389, 2356, 2321, 2289, 2251, 
2217, 2179, 2141, 2105, 2070, 2031, 1994, 1957, 1908, 1872, 
1836, 1801, 1767, 1734, 1701, 1671, 1639, 1609, 1582, 1556, 
1531, 1506, 1484, 1464, 1438, 1423, 1407, 1396, 1385, 1376, 
1369, 1366, 1361, 1361, 1364, 1369, 1374, 1383, 1391, 1404, 
1422, 1438, 1456, 1479, 1496, 1520, 1544, 1571, 1602, 1627, 
1657, 1689, 1721, 1752, 1788, 1822, 1870, 1907, 1942, 1980, 
2016, 2055, 2091, 2127, 2168, 2200, 2238, 2275, 2309, 2343, 
2375, 2408, 2451, 2481, 2510, 2536, 2559, 2584, 2608, 2626, 
2644, 2664, 2680, 2687, 2707, 2715, 2723, 2730, 2736, 2736, 
2735, 2732, 2727, 2721, 2712, 2704, 2689, 2675, 2657, 2640, 
2622, 2599, 2577, 2553, 2518, 2491, 2461, 2431, 2399, 2366, 
2332, 2298, 2264, 2227, 2191, 2155, 2115, 2081, 2043, 2005, 
1955, 1919, 1881, 1847, 1811, 1777, 1744, 1712, 1679, 1650, 
1620, 1590, 1561, 1537, 1515, 1491, 1464, 1444, 1427, 1413, 
1399, 1388, 1380, 1372, 1366, 1366, 1362, 1363, 1365, 1372, 
1379, 1388, 1406, 1418, 1432, 1450, 1469, 1489, 1513, 1537, 
1563, 1591, 1617, 1649, 1678, 1712, 1743, 1777, 1824, 1860, 
1895, 1930, 1970, 2005, 2043, 2079, 2116, 2153, 2190, 2224, 
2259, 2300, 2334, 2366, 2412, 2441, 2471, 2497, 2528, 2553, 
2577, 2602, 2622, 2640, 2656, 2673, 2689, 2703, 2712, 2721, 
2729, 2732, 2736, 2736, 2734, 2731, 2724, 2716, 2704, 2692, 
2678, 2662, 2648, 2625, 2608, 2585, 2552, 2527, 2497, 2470, 
2441, 2407, 2375, 2344, 2309, 2273, 2240, 2201, 2164, 2129, 
2091, 2054, 2003, 1967, 1928, 1892, 1859, 1823, 1788, 1753, 
1723, 1688, 1658, 1627, 1600, 1567, 1546, 1520, 1490, 1468, 
1450, 1432, 1417, 1404, 1392, 1382, 1376, 1369, 1363, 1364, 
1363, 1366, 1368, 1376, 1388, 1398, 1414, 1426, 1444, 1463, 
1484, 1505, 1531, 1553, 1580, 1608, 1636, 1671, 1701, 1734, 
1779, 1814, 1848, 1884, 1921, 1956, 1993, 2031, 2068, 2105, 
2143, 2176, 2217, 2251, 2288, 2320, 2367, 2401, 2432, 2463, 
2492, 2520, 2545, 2569, 2595, 2616, 2635, 2658, 2670, 2684, 
2697, 2710, 2722, 2727, 2732, 2736, 2735, 2736, 2729, 2725, 
2718, 2708, 2697, 2684, 2668, 2653, 2635, 2615, 2582, 2559, 
2534, 2507, 2479, 2450, 2419, 2387, 2353, 2319, 2284, 2248, 
2212, 2177, 2137, 2104, 2053, 2014, 1979, 1941, 1905, 1869, 
1832, 1800, 1764, 1732, 1698, 1668, 1636, 1607, 1416, 1403, 
1387, 1378, 1370, 1364, 1361, 1364, 1361, 1366, 1370, 1378, 
1387, 1399, 1412, 1425, 1443, 1462, 1489, 1513, 1537, 1563, 
1590, 1617, 1647, 1676, 1710, 1743, 1776, 1811, 1847, 1883, 
1919, 1955, 2004, 2043, 2080, 2117, 2156, 2191, 2228, 2264, 
2297, 2332, 2365, 2400, 2429, 2460, 2489, 2517, 2553, 2577, 
2599, 2622, 2639, 2663, 2675, 2688, 2702, 2713, 2720, 2727, 
2732, 2735, 2734, 2735, 2728, 2721, 2712, 2704, 2691, 2678, 
2661, 2647, 2624, 2606, 2583, 2559, 2532, 2505, 2478, 2450, 
2407, 2375, 2342, 2305, 2272, 2236, 2201, 2164, 2121, 2089, 
2052, 2014, 1977, 1940, 1905, 1868, 1820, 1787, 1752, 1719, 
1687, 1656, 1624, 1598, 1572, 1545, 1519, 1496, 1474, 1455, 
1436, 1422, 1402, 1390, 1382, 1374, 1368, 1363, 1364, 1364, 
1366, 1371, 1378, 1386, 1396, 1408, 1423, 1438, 1464, 1486, 
1505, 1531, 1554, 1582, 1608, 1638, 1670, 1703, 1734, 1769, 
1801, 1836, 1871, 1908, 1958, 1995, 2032, 2068, 2108, 2145, 
2176, 2217, 2252, 2284, 2323, 2358, 2389, 2421, 2453, 2483, 
2520, 2545, 2572, 2593, 2616, 2635, 2655, 2670, 2684, 2700, 
2708, 2719, 2726, 2732, 2736, 2735, 2735, 2729, 2723, 2717, 
2707, 2697, 2684, 2668, 2653, 2632, 2614, 2591, 2567, 2542, 
2515, 2489, 2447, 2416, 2384, 2352, 2319, 2284, 2247, 2214, 
2177, 2138, 2102, 2063, 2027, 1991, 1953, 1918, 1867, 1832, 
1798, 1763, 1731, 1697, 1667, 1635, 1604, 1577, 1551, 1527, 
1502, 1482, 1461, 1443, 1420, 1407, 1393, 1384, 1375, 1369, 
1365, 1360, 1366, 1364, 1370, 1375, 1383, 1393, 1403, 1418, 
1439, 1458, 1478, 1500, 1523, 1548, 1574, 1602, 1631, 1660, 
1693, 1725, 1758, 1792, 1827, 1862, 1911, 1947, 1984, 2021, 
2057, 2096, 2132, 2170, 2205, 2244, 2276, 2311, 2347, 2380, 
2414, 2442, 2483, 2511, 2539, 2563, 2587, 2611, 2629, 2648, 
2669, 2683, 2695, 2706, 2716, 2726, 2731, 2734, 2735, 2736, 
2733, 2728, 2719, 2712, 2701, 2688, 2670, 2655, 2638, 2618, 
2596, 2575, 2550, 2525, 2487, 2457, 2428, 2395, 2363, 2328, 
2295, 2259, 2220, 2188, 2150, 2112, 2075, 2038, 2001, 1964, 
1916, 1876, 1844, 1807, 1773, 1742, 1708, 1677, 1646, 1614, 
1587, 1561, 1535, 1511, 1489, 1469, 1443, 1423, 1411, 1398, 
1387, 1377, 1372, 1366, 1363, 1362, 1364, 1367, 1372, 1380, 
1390, 1402, 1419, 1435, 1452, 1472, 1492, 1516, 1539, 1566, 
1594, 1624, 1654, 1682, 1714, 1746, 1782, 1816, 1863, 1900, 
1935, 1972, 2009, 2047, 2084, 2120, 2158, 2196, 2231, 2265, 
2302, 2336, 2368, 2403, 2444, 2476, 2503, 2531, 2556, 2580, 
2603, 2625, 2643, 2659, 2677, 2689, 2704, 2713, 2723, 2727, 
2736, 2736, 2737, 2732, 2729, 2722, 2713, 2703, 2692, 2678, 
2663, 2644, 2626, 2605, 2581, 2557, 2523, 2494, 2464, 2435, 
2406, 2372, 2339, 2304, 2270, 2235, 2196, 2163, 2124, 2087, 
2051, 2012, 1963, 1926, 1888, 1855, 1818, 1784, 1750, 1717, 
1685, 1654, 1624, 1596, 1567, 1542, 1517, 1495, 1467, 1447, 
1430, 1416, 1401, 1391, 1379, 1372, 1368, 1363, 1362, 1361, 
1367, 1372, 1376, 1385, 1401, 1415, 1430, 1447, 1466, 1488, 
1510, 1534, 1558, 1584, 1612, 1641, 1673, 1705, 1738, 1771, 
1818, 1854, 1889, 1925, 1961, 1999, 2035, 2072, 2110, 2147, 
2183, 2221, 2256, 2292, 2326, 2361, 2407, 2436, 2466, 2496, 
2523, 2548, 2572, 2597, 2617, 2638, 2656, 2673, 2687, 2702, 
2712, 2719, 2727, 2732, 2736, 2736, 2736, 2729, 2723, 2716, 
2710, 2695, 2680, 2668, 2652, 2631, 2612, 2588, 2555, 2531, 
2503, 2476, 2444, 2416, 2383, 2348, 2315, 2281, 2246, 2209, 
2174, 2135, 2100, 2062, 2009, 1973, 1936, 1900, 1863, 1830, 
1795, 1760, 1728, 1694, 1665, 1632, 1603, 1572, 1547, 1514, 
1480, 1459, 1441, 1424, 1411, 1396, 1384, 1377, 1369, 1366, 
1363, 1363, 1364, 1368, 1376, 1382, 1395, 1408, 1422, 1439, 
1456, 1476, 1496, 1519, 1544, 1570, 1598, 1628, 1657, 1688, 
1720, 1753, 1801, 1835, 1870, 1906, 1942, 1980, 2016, 2055, 
2091, 2127, 2165, 2200, 2238, 2273, 2307, 2343, 2387, 2419, 
2449, 2482, 2508, 2536, 2559, 2585, 2608, 2625, 2646, 2665, 
2678, 2691, 2705, 2715, 2724, 2730, 2736, 2736, 2736, 2732, 
2727, 2723, 2712, 2702, 2689, 2675, 2659, 2641, 2622, 2600, 
2571, 2544, 2516, 2491, 2460, 2430, 2399, 2366, 2332, 2297, 
2263, 2227, 2190, 2153, 2116, 2079, 2029, 1992, 1955, 1919, 
1881, 1847, 1812, 1777, 1744, 1711, 1678, 1648, 1617, 1591, 
1563, 1536, 1505, 1483, 1463, 1443, 1427, 1413, 1400, 1388, 
1380, 1371, 1367, 1363, 1363, 1364, 1367, 1372, 1383, 1393, 
1404, 1419, 1432, 1448, 1470, 1488, 1513, 1537, 1563, 1591, 
1617, 1648, 1678, 1711, 1756, 1791, 1824, 1860, 1895, 1931, 
1968, 2004, 2042, 2079, 2116, 2153, 2191, 2228, 2262, 2299, 
2345, 2377, 2411, 2441, 2471, 2499, 2528, 2553, 2579, 2601, 
2622, 2641, 2659, 2675, 2690, 2703, 2716, 2726, 2731, 2734, 
2735, 2735, 2733, 2729, 2724, 2716, 2707, 2694, 2679, 2664, 
2646, 2627, 2599, 2575, 2553, 2526, 2497, 2470, 2439, 2407, 
2375, 2343, 2308, 2273, 2239, 2201, 2166, 2127, 2079, 2040, 
2003, 1966, 1929, 1893, 1858, 1822, 1788, 1752, 1721, 1689, 
1659, 1628, 1600, 1571, 1536, 1511, 1489, 1468, 1449, 1432, 
1418, 1403, 1391, 1383, 1375, 1369, 1363, 1363, 1363, 1366, 
1372, 1380, 1388, 1400, 1413, 1427, 1444, 1463, 1486, 1505, 
1530, 1554, 1581, 1611, 1639, 1670, 1713, 1747, 1780, 1815, 
1849, 1884, 1922, 1958, 1993, 2032, 2069, 2105, 2143, 2179, 
2216, 2252, 2302, 2335, 2367, 2401, 2433, 2462, 2492, 2519, 
2547, 2570, 2593, 2617, 2635, 2654, 2671, 2684, 2704, 2713, 
2721, 2727, 2732, 2736, 2735, 2736, 2731, 2724, 2718, 2707, 
2700, 2683, 2671, 2652, 2627, 2607, 2583, 2558, 2533, 2507, 
2480, 2451, 2419, 2387, 2354, 2319, 2285, 2247, 2212, 2177, 
2126, 2089, 2052, 2014, 1977, 1940, 1904, 1868, 1831, 1799, 
1763, 1731, 1699, 1667, 1636, 1608, 1567, 1544, 1519, 1496, 
1474, 1455, 1436, 1421, 1408, 1395, 1386, 1377, 1368, 1366, 
1364, 1363, 1367, 1371, 1378, 1385, 1398, 1411, 1424, 1439, 
1457, 1478, 1500, 1522, 1548, 1573, 1600, 1629, 1672, 1704, 
1735, 1769, 1803, 1837, 1873, 1910, 1945, 1983, 2019, 2056, 
2095, 2131, 2168, 2204, 2253, 2290, 2323, 2360, 2392, 2423, 
2452, 2482, 2511, 2539, 2563, 2585, 2610, 2628, 2648, 2665, 
2686, 2699, 2712, 2719, 2727, 2732, 2736, 2736, 2736, 2735, 
2727, 2726, 2712, 2700, 2687, 2675, 2650, 2631, 2614, 2590, 
2566, 2541, 2515, 2488, 2457, 2428, 2396, 2364, 2329, 2296, 
2261, 2224, 2175, 2136, 2101, 2061, 2025, 1990, 1952, 1915, 
1879, 1843, 1808, 1776, 1742, 1709, 1676, 1646, 1606, 1578, 
1551, 1526, 1502, 1482, 1460, 1442, 1424, 1412, 1399, 1388, 
1377, 1372, 1367, 1363, 1363, 1366, 1368, 1374, 1382, 1396, 
1405, 1419, 1432, 1452, 1472, 1491, 1515, 1539, 1563, 1592, 
1630, 1662, 1692, 1727, 1759, 1793, 1827, 1863, 1898, 1934, 
1971, 2008, 2047, 2082, 2119, 2156, 2208, 2241, 2279, 2315, 
2348, 2381, 2414, 2444, 2473, 2501, 2529, 2556, 2580, 2603, 
2624, 2643, 2669, 2680, 2695, 2706, 2716, 2724, 2731, 2732, 
2736, 2736, 2732, 2729, 2721, 2712, 2705, 2691, 2672, 2657, 
2636, 2619, 2596, 2575, 2550, 2523, 2495, 2467, 2438, 2407, 
2374, 2340, 2305, 2272, 2223, 2185, 2150, 2111, 2075, 2039, 
2000, 1964, 1927, 1890, 1855, 1820, 1785, 1750, 1719, 1687, 
1644, 1614, 1419, 1406, 1392, 1383, 1373, 1367, 1364, 1363, 
1362, 1364, 1368, 1374, 1381, 1391, 1410, 1422, 1439, 1456, 
1476, 1497, 1521, 1548, 1573, 1601, 1630, 1660, 1691, 1724, 
1757, 1791, 1839, 1873, 1910, 1945, 1983, 2019, 2056, 2095, 
2130, 2169, 2204, 2241, 2276, 2311, 2344, 2378, 2423, 2452, 
2483, 2511, 2537, 2561, 2586, 2608, 2627, 2647, 2665, 2679, 
2693, 2704, 2715, 2723, 2732, 2735, 2735, 2735, 2732, 2726, 
2719, 2712, 2700, 2686, 2673, 2656, 2637, 2617, 2596, 2575, 
2540, 2513, 2486, 2456, 2425, 2394, 2361, 2327, 2294, 2258, 
2222, 2187, 2148, 2113, 2072, 2037, 1988, 1949, 1914, 1876, 
1841, 1807, 1773, 1740, 1708, 1675, 1644, 1613, 1585, 1558, 
1534, 1511, 1479, 1460, 1443, 1424, 1411, 1398, 1388, 1377, 
1371, 1366, 1363, 1362, 1363, 1365, 1372, 1380, 1392, 1404, 
1419, 1434, 1452, 1471, 1492, 1516, 1540, 1565, 1591, 1622, 
1652, 1681, 1715, 1747, 1794, 1828, 1863, 1899, 1935, 1971, 
2008, 2047, 2083, 2119, 2158, 2194, 2232, 2266, 2303, 2336, 
2382, 2414, 2446, 2476, 2503, 2531, 2556, 2580, 2603, 2624, 
2643, 2662, 2678, 2688, 2703, 2712, 2724, 2729, 2735, 2736, 
2736, 2732, 2728, 2720, 2715, 2703, 2691, 2677, 2663, 2644, 
2626, 2604, 2574, 2548, 2522, 2494, 2464, 2435, 2404, 2371, 
2339, 2304, 2270, 2233, 2198, 2162, 2123, 2087, 2035, 1998, 
1961, 1925, 1888, 1853, 1817, 1784, 1749, 1718, 1684, 1654, 
1624, 1596, 1567, 1542, 1508, 1487, 1466, 1447, 1430, 1416, 
1401, 1391, 1379, 1371, 1368, 1363, 1363, 1363, 1367, 1372, 
1380, 1389, 1401, 1416, 1431, 1447, 1466, 1487, 1508, 1533, 
1559, 1585, 1614, 1642, 1674, 1706, 1750, 1784, 1818, 1854, 
1889, 1926, 1961, 1999, 2036, 2072, 2111, 2146, 2183, 2219, 
2255, 2291, 2339, 2371, 2404, 2435, 2465, 2494, 2523, 2547, 
2572, 2596, 2616, 2636, 2656, 2674, 2687, 2700, 2713, 2723, 
2729, 2734, 2735, 2735, 2734, 2729, 2723, 2716, 2707, 2695, 
2681, 2668, 2650, 2632, 2603, 2580, 2555, 2531, 2503, 2474, 
2446, 2415, 2382, 2350, 2315, 2280, 2245, 2209, 2174, 2136, 
2083, 2047, 2009, 1974, 1936, 1900, 1865, 1830, 1794, 1760, 
1727, 1695, 1663, 1632, 1604, 1574, 1541, 1516, 1494, 1472, 
1452, 1436, 1420, 1404, 1394, 1383, 1374, 1369, 1366, 1363, 
1363, 1366, 1371, 1377, 1388, 1397, 1411, 1425, 1441, 1459, 
1479, 1502, 1525, 1550, 1575, 1605, 1634, 1664, 1707, 1741, 
1772, 1807, 1842, 1878, 1913, 1950, 1988, 2024, 2062, 2099, 
2136, 2173, 2209, 2246, 2295, 2328, 2360, 2395, 2428, 2457, 
2487, 2513, 2540, 2565, 2591, 2612, 2631, 2652, 2668, 2680, 
2702, 2711, 2719, 2727, 2734, 2736, 2736, 2736, 2730, 2727, 
2719, 2712, 2700, 2687, 2672, 2657, 2629, 2610, 2588, 2564, 
2538, 2512, 2484, 2454, 2424, 2392, 2360, 2326, 2292, 2256, 
2220, 2183, 2132, 2096, 2057, 2021, 1984, 1947, 1912, 1878, 
1839, 1804, 1772, 1739, 1704, 1673, 1643, 1615, 1575, 1548, 
1523, 1500, 1479, 1459, 1439, 1424, 1410, 1397, 1386, 1377, 
1372, 1366, 1364, 1364, 1367, 1368, 1375, 1383, 1394, 1406, 
1422, 1435, 1454, 1474, 1494, 1517, 1542, 1567, 1596, 1623, 
1667, 1697, 1731, 1763, 1798, 1832, 1867, 1904, 1939, 1977, 
2012, 2051, 2087, 2124, 2162, 2199, 2247, 2284, 2318, 2353, 
2386, 2417, 2448, 2480, 2504, 2534, 2559, 2584, 2606, 2624, 
2644, 2663, 2684, 2697, 2709, 2716, 2724, 2729, 2736, 2735, 
2736, 2732, 2728, 2720, 2716, 2703, 2691, 2679, 2654, 2636, 
2616, 2594, 2572, 2547, 2520, 2493, 2463, 2434, 2403, 2370, 
2336, 2303, 2268, 2231, 2180, 2144, 2108, 2070, 2032, 1996, 
1959, 1922, 1884, 1851, 1816, 1780, 1747, 1715, 1683, 1651, 
1611, 1580, 1551, 1523, 1496, 1473, 1455, 1436, 1422, 1408, 
1395, 1383, 1375, 1368, 1366, 1363, 1363, 1365, 1372, 1377, 
1390, 1398, 1411, 1425, 1440, 1461, 1480, 1502, 1527, 1550, 
1576, 1605, 1644, 1677, 1708, 1742, 1774, 1808, 1843, 1878, 
1913, 1951, 1988, 2026, 2062, 2099, 2137, 2174, 2222, 2259, 
2296, 2328, 2363, 2396, 2427, 2457, 2488, 2515, 2541, 2566, 
2590, 2614, 2631, 2651, 2674, 2687, 2702, 2712, 2719, 2727, 
2733, 2736, 2736, 2736, 2732, 2727, 2719, 2712, 2700, 2686, 
2666, 2648, 2628, 2610, 2586, 2562, 2538, 2511, 2483, 2454, 
2423, 2392, 2359, 2325, 2290, 2254, 2204, 2169, 2131, 2094, 
2056, 2020, 1983, 1947, 1911, 1872, 1839, 1803, 1770, 1737, 
1703, 1673, 1630, 1603, 1573, 1547, 1523, 1500, 1478, 1458, 
1440, 1423, 1409, 1396, 1385, 1376, 1372, 1366, 1362, 1363, 
1367, 1368, 1377, 1383, 1394, 1407, 1422, 1436, 1454, 1475, 
1495, 1519, 1544, 1568, 1608, 1635, 1667, 1697, 1731, 1763, 
1799, 1833, 1868, 1903, 1939, 1977, 2012, 2052, 2088, 2124, 
2177, 2214, 2248, 2284, 2320, 2352, 2385, 2419, 2449, 2479, 
2506, 2534, 2559, 2583, 2604, 2626, 2652, 2670, 2684, 2699, 
2708, 2718, 2725, 2729, 2736, 2736, 2736, 2733, 2727, 2723, 
2713, 2703, 2684, 2670, 2654, 2636, 2616, 2593, 2571, 2545, 
2520, 2492, 2463, 2432, 2401, 2368, 2335, 2302, 2251, 2219, 
2179, 2144, 2107, 2069, 2031, 1996, 1958, 1922, 1882, 1850, 
1816, 1779, 1745, 1714, 1671, 1639, 1611, 1582, 1555, 1529, 
1506, 1484, 1464, 1444, 1427, 1413, 1400, 1388, 1380, 1371, 
1365, 1363, 1362, 1363, 1368, 1374, 1382, 1392, 1403, 1417, 
1431, 1448, 1468, 1488, 1510, 1536, 1571, 1598, 1626, 1657, 
1688, 1720, 1753, 1788, 1822, 1856, 1892, 1928, 1966, 2003, 
2039, 2076, 2127, 2164, 2200, 2236, 2272, 2308, 2342, 2375, 
2408, 2439, 2469, 2496, 2526, 2551, 2575, 2599, 2625, 2647, 
2664, 2678, 2692, 2705, 2715, 2723, 2730, 2732, 2735, 2736, 
2732, 2730, 2724, 2716, 2703, 2689, 2676, 2659, 2641, 2622, 
2601, 2578, 2555, 2528, 2499, 2472, 2442, 2411, 2378, 2345, 
2299, 2263, 2228, 2191, 2155, 2117, 2080, 2044, 2006, 1969, 
1931, 1895, 1860, 1825, 1792, 1755, 1712, 1679, 1649, 1618, 
1591, 1563, 1536, 1515, 1491, 1470, 1450, 1434, 1418, 1405, 
1392, 1384, 1371, 1366, 1363, 1363, 1363, 1367, 1372, 1379, 
1388, 1399, 1412, 1425, 1444, 1462, 1483, 1504, 1536, 1563, 
1588, 1618, 1647, 1679, 1711, 1744, 1777, 1811, 1846, 1880, 
1919, 1954, 1991, 2028, 2079, 2115, 2153, 2190, 2226, 2262, 
2297, 2334, 2367, 2400, 2432, 2460, 2489, 2517, 2544, 2567, 
2600, 2622, 2640, 2659, 2675, 2689, 2700, 2712, 2722, 2727, 
2733, 2736, 2736, 2736, 2732, 2727, 2716, 2707, 2694, 2679, 
2667, 2647, 2625, 2608, 2585, 2560, 2535, 2508, 2482, 2451, 
2420, 2390, 2344, 2308, 2275, 2240, 2202, 2166, 2127, 2092, 
2055, 2016, 1982, 1943, 1907, 1871, 1836, 1800, 1753, 1721, 
1689, 1657, 1628, 1599, 1571, 1545, 1520, 1497, 1478, 1456, 
1439, 1423, 1408, 1397, 1383, 1375, 1369, 1363, 1363, 1363, 
1366, 1369, 1377, 1383, 1398, 1408, 1423, 1439, 1457, 1478, 
1506, 1529, 1553, 1582, 1608, 1638, 1668, 1700, 1734, 1766, 
1801, 1835, 1871, 1907, 1942, 1980, 2031, 2067, 2104, 2142, 
2179, 2215, 2251, 2286, 2323, 2355, 2387, 2421, 2451, 2480, 
2508, 2537, 2571, 2595, 2616, 2635, 2655, 2671, 2684, 2699, 
2709, 2719, 2725, 2731, 2736, 2735, 2736, 2732, 2724, 2718, 
2707, 2697, 2683, 2671, 2654, 2633, 2615, 2591, 2568, 2544, 
2516, 2491, 2460, 2429, 2387, 2354, 2319, 2286, 2249, 2214, 
2177, 2140, 2102, 2066, 2029, 1991, 1956, 1919, 1880, 1847, 
1799, 1764, 1732, 1698, 1667, 1636, 1607, 1416, 1403, 1390, 
1385, 1372, 1368, 1362, 1362, 1362, 1365, 1370, 1379, 1387, 
1399, 1413, 1426, 1443, 1460, 1483, 1504, 1527, 1552, 1580, 
1607, 1634, 1678, 1709, 1744, 1776, 1811, 1847, 1881, 1920, 
1955, 1991, 2028, 2065, 2103, 2140, 2178, 2213, 2264, 2298, 
2332, 2366, 2399, 2428, 2459, 2490, 2518, 2544, 2567, 2592, 
2615, 2632, 2652, 2669, 2688, 2700, 2712, 2719, 2726, 2731, 
2734, 2733, 2734, 2728, 2723, 2717, 2707, 2695, 2682, 2671, 
2644, 2624, 2606, 2584, 2558, 2535, 2505, 2478, 2448, 2418, 
2386, 2355, 2318, 2285, 2249, 2215, 2164, 2126, 2090, 2052, 
2015, 1978, 1941, 1905, 1868, 1834, 1798, 1766, 1731, 1700, 
1667, 1636, 1597, 1569, 1544, 1519, 1496, 1475, 1456, 1437, 
1421, 1407, 1395, 1385, 1376, 1370, 1366, 1363, 1363, 1365, 
1369, 1376, 1384, 1395, 1408, 1423, 1438, 1456, 1476, 1498, 
1521, 1545, 1571, 1600, 1638, 1671, 1702, 1735, 1769, 1801, 
1836, 1871, 1908, 1944, 1980, 2017, 2054, 2092, 2129, 2166, 
2217, 2253, 2289, 2322, 2358, 2390, 2420, 2451, 2482, 2509, 
2536, 2560, 2585, 2608, 2627, 2648, 2670, 2684, 2697, 2707, 
2719, 2726, 2731, 2735, 2735, 2735, 2732, 2727, 2720, 2712, 
2700, 2689, 2668, 2651, 2631, 2612, 2590, 2567, 2541, 2515, 
2489, 2458, 2429, 2397, 2364, 2331, 2297, 2262, 2212, 2175, 
2140, 2100, 2064, 2027, 1991, 1954, 1918, 1879, 1846, 1809, 
1775, 1741, 1709, 1679, 1635, 1607, 1578, 1550, 1527, 1502, 
1483, 1461, 1443, 1424, 1412, 1399, 1387, 1378, 1371, 1366, 
1363, 1363, 1365, 1369, 1374, 1387, 1393, 1404, 1419, 1433, 
1451, 1472, 1489, 1514, 1539, 1564, 1602, 1631, 1661, 1692, 
1726, 1759, 1792, 1827, 1863, 1897, 1933, 1971, 2006, 2044, 
2082, 2118, 2170, 2206, 2241, 2278, 2312, 2347, 2380, 2412, 
2443, 2473, 2501, 2529, 2556, 2579, 2601, 2622, 2648, 2667, 
2681, 2695, 2707, 2716, 2724, 2729, 2732, 2736, 2735, 2732, 
2731, 2723, 2714, 2706, 2684, 2675, 2657, 2639, 2619, 2599, 
2576, 2551, 2525, 2496, 2468, 2439, 2407, 2373, 2341, 2305, 
2259, 2224, 2187, 2150, 2113, 2075, 2038, 2001, 1964, 1927, 
1889, 1856, 1822, 1788, 1752, 1720, 1676, 1644, 1615, 1586, 
1560, 1534, 1511, 1488, 1468, 1448, 1431, 1415, 1402, 1391, 
1383, 1375, 1366, 1363, 1364, 1363, 1366, 1372, 1380, 1390, 
1400, 1414, 1427, 1444, 1465, 1486, 1506, 1531, 1566, 1593, 
1622, 1651, 1680, 1714, 1747, 1782, 1816, 1851, 1886, 1922, 
1959, 1995, 2033, 2068, 2120, 2158, 2195, 2230, 2265, 2301, 
2335, 2369, 2403, 2432, 2463, 2493, 2523, 2547, 2572, 2593, 
2624, 2644, 2662, 2678, 2688, 2703, 2713, 2721, 2728, 2734, 
2735, 2736, 2736, 2729, 2724, 2716, 2703, 2691, 2678, 2662, 
2644, 2624, 2604, 2582, 2556, 2533, 2504, 2476, 2447, 2417, 
2384, 2352, 2305, 2271, 2233, 2197, 2162, 2123, 2087, 2051, 
2012, 1976, 1939, 1904, 1865, 1832, 1797, 1761, 1718, 1685, 
1654, 1624, 1596, 1567, 1542, 1516, 1494, 1474, 1454, 1435, 
1422, 1408, 1393, 1384, 1372, 1368, 1363, 1363, 1362, 1367, 
1372, 1377, 1385, 1396, 1410, 1424, 1439, 1458, 1478, 1499, 
1533, 1557, 1584, 1612, 1641, 1674, 1705, 1737, 1771, 1804, 
1840, 1874, 1911, 1947, 1985, 2022, 2072, 2111, 2146, 2182, 
2220, 2256, 2291, 2326, 2360, 2393, 2424, 2455, 2484, 2512, 
2539, 2564, 2595, 2616, 2636, 2656, 2672, 2686, 2700, 2712, 
2719, 2727, 2733, 2736, 2736, 2735, 2732, 2727, 2717, 2708, 
2695, 2682, 2668, 2651, 2632, 2612, 2590, 2567, 2541, 2514, 
2488, 2456, 2427, 2395, 2350, 2315, 2280, 2245, 2210, 2174, 
2136, 2099, 2061, 2023, 1988, 1951, 1912, 1878, 1843, 1808, 
1760, 1729, 1695, 1665, 1634, 1603, 1574, 1546, 1515, 1488, 
1468, 1447, 1429, 1416, 1401, 1391, 1377, 1372, 1366, 1363, 
1363, 1363, 1368, 1374, 1382, 1391, 1402, 1416, 1429, 1446, 
1467, 1487, 1519, 1543, 1567, 1597, 1623, 1655, 1686, 1717, 
1750, 1784, 1819, 1853, 1889, 1926, 1964, 1999, 2051, 2087, 
2124, 2162, 2198, 2233, 2270, 2305, 2339, 2372, 2406, 2436, 
2467, 2495, 2524, 2549, 2581, 2605, 2624, 2645, 2663, 2679, 
2692, 2703, 2713, 2723, 2731, 2734, 2736, 2736, 2736, 2730, 
2720, 2712, 2703, 2688, 2678, 2661, 2643, 2624, 2602, 2579, 
2555, 2531, 2503, 2475, 2446, 2415, 2367, 2336, 2303, 2265, 
2232, 2193, 2158, 2120, 2083, 2047, 2009, 1973, 1935, 1901, 
1864, 1827, 1781, 1747, 1713, 1681, 1651, 1621, 1592, 1564, 
1540, 1516, 1493, 1472, 1452, 1435, 1420, 1405, 1388, 1379, 
1372, 1366, 1363, 1363, 1364, 1366, 1372, 1377, 1387, 1398, 
1410, 1425, 1441, 1460, 1488, 1510, 1536, 1560, 1586, 1616, 
1644, 1676, 1708, 1742, 1774, 1807, 1843, 1879, 1915, 1951, 
2002, 2040, 2076, 2114, 2150, 2185, 2227, 2259, 2295, 2328, 
2364, 2397, 2427, 2458, 2488, 2515, 2551, 2575, 2599, 2619, 
2639, 2656, 2673, 2686, 2702, 2712, 2719, 2727, 2732, 2739, 
2736, 2736, 2729, 2726, 2717, 2705, 2695, 2681, 2668, 2649, 
2630, 2610, 2587, 2563, 2537, 2510, 2484, 2451, 2411, 2379, 
2346, 2311, 2279, 2243, 2201, 2168, 2133, 2095, 2056, 2020, 
1984, 1947, 1909, 1873, 1826, 1791, 1758, 1725, 1692, 1661, 
1631, 1601, 1574, 1548, 1523, 1498, 1479, 1458, 1439, 1424, 
1405, 1393, 1383, 1375, 1369, 1363, 1363, 1363, 1366, 1369, 
1377, 1383, 1395, 1407, 1422, 1436, 1461, 1484, 1503, 1528, 
1552, 1579, 1608, 1636, 1668, 1697, 1731, 1763, 1799, 1832, 
1868, 1904, 1953, 1991, 2028, 2065, 2102, 2139, 2177, 2214, 
2247, 2286, 2319, 2352, 2385, 2418, 2448, 2480, 2516, 2543, 
2567, 2592, 2613, 2632, 2652, 2670, 2684, 2697, 2709, 2718, 
2724, 2731, 2736, 2736, 2735, 2732, 2727, 2719, 2708, 2699, 
2684, 2671, 2655, 2635, 2615, 2592, 2571, 2547, 2520, 2493, 
2450, 2421, 2390, 2358, 2322, 2288, 2252, 2217, 2179, 2143, 
2107, 2065, 2032, 1995, 1958, 1922, 1872, 1836, 1802, 1767, 
1735, 1702, 1671, 1639, 1612, 1582, 1555, 1530, 1507, 1486, 
1465, 1445, 1424, 1408, 1397, 1386, 1377, 1369, 1366, 1363, 
1363, 1363, 1368, 1374, 1381, 1391, 1403, 1416, 1438, 1455, 
1477, 1497, 1519, 1546, 1571, 1599, 1626, 1658, 1686, 1721, 
1753, 1788, 1822, 1859, 1906, 1942, 1980, 2016, 2054, 2090, 
2127, 2165, 2200, 2236, 2273, 2307, 2343, 2375, 2409, 2439, 
2481, 2508, 2537, 2560, 2584, 2608, 2627, 2647, 2665, 2679, 
2693, 2707, 2716, 2723, 2731, 2732, 2736, 2736, 2732, 2727, 
2720, 2712, 2702, 2690, 2675, 2658, 2641, 2622, 2601, 2578, 
2555, 2528, 2491, 2460, 2430, 2399, 2368, 2332, 2297, 2263, 
2228, 2192, 2155, 2117, 2080, 2044, 2007, 1970, 1919, 1882, 
1847, 1811, 1779, 1744, 1712, 1679, 1650, 1618, 1591, 1563, 
1538, 1513, 1491, 1471, 1443, 1427, 1412, 1400, 1387, 1379, 
1372, 1366, 1365, 1363, 1363, 1366, 1372, 1378, 1388, 1398, 
1418, 1433, 1450, 1468, 1489, 1512, 1537, 1561, 1590, 1618, 
1647, 1679, 1712, 1743, 1777, 1812, 1859, 1895, 1930, 1968, 
2006, 2041, 2079, 2116, 2153, 2191, 2228, 2262, 2299, 2332, 
2366, 2399, 2441, 2471, 2499, 2527, 2553, 2578, 2600, 2622, 
2639, 2660, 2675, 2690, 2702, 2712, 2721, 2727, 2732, 2736, 
2736, 2734, 2728, 2724, 2715, 2704, 2692, 2679, 2665, 2647, 
2625, 2608, 2587, 2561, 2528, 2498, 2471, 2440, 2408, 2377, 
2345, 2310, 2275, 2240, 2203, 2168, 2127, 2092, 2054, 2016, 
1967, 1927, 1894, 1858, 1823, 1789, 1754, 1721, 1690, 1658, 
1628, 1425, 1412, 1397, 1387, 1378, 1367, 1364, 1362, 1361, 
1362, 1368, 1374, 1382, 1388, 1403, 1416, 1432, 1448, 1467, 
1488, 1508, 1545, 1571, 1598, 1627, 1657, 1688, 1720, 1753, 
1789, 1823, 1859, 1892, 1929, 1966, 2003, 2039, 2092, 2128, 
2168, 2200, 2239, 2272, 2308, 2343, 2376, 2408, 2439, 2470, 
2496, 2524, 2551, 2575, 2607, 2627, 2646, 2663, 2678, 2692, 
2705, 2715, 2723, 2728, 2734, 2735, 2735, 2731, 2729, 2723, 
2711, 2700, 2688, 2675, 2658, 2639, 2620, 2599, 2576, 2552, 
2526, 2497, 2469, 2439, 2407, 2375, 2331, 2296, 2260, 2224, 
2187, 2152, 2113, 2077, 2041, 2003, 1967, 1929, 1892, 1859, 
1823, 1788, 1741, 1711, 1678, 1647, 1616, 1588, 1560, 1536, 
1512, 1488, 1468, 1449, 1432, 1417, 1403, 1391, 1377, 1372, 
1366, 1362, 1363, 1363, 1365, 1372, 1378, 1388, 1399, 1413, 
1427, 1443, 1464, 1483, 1513, 1537, 1563, 1591, 1619, 1649, 
1679, 1713, 1743, 1779, 1814, 1848, 1883, 1920, 1955, 1991, 
2043, 2081, 2117, 2155, 2190, 2228, 2264, 2300, 2334, 2367, 
2400, 2431, 2460, 2490, 2518, 2544, 2579, 2602, 2622, 2641, 
2659, 2675, 2689, 2702, 2713, 2720, 2727, 2732, 2735, 2735, 
2735, 2729, 2723, 2713, 2705, 2691, 2678, 2665, 2645, 2625, 
2608, 2584, 2559, 2535, 2506, 2480, 2450, 2419, 2374, 2341, 
2307, 2272, 2237, 2199, 2164, 2127, 2090, 2052, 2015, 1979, 
1939, 1906, 1868, 1833, 1787, 1752, 1720, 1688, 1656, 1625, 
1598, 1569, 1544, 1520, 1498, 1475, 1455, 1437, 1422, 1407, 
1390, 1380, 1374, 1368, 1363, 1363, 1363, 1366, 1370, 1376, 
1386, 1396, 1409, 1423, 1439, 1457, 1485, 1507, 1530, 1555, 
1583, 1611, 1639, 1671, 1703, 1737, 1768, 1802, 1836, 1873, 
1910, 1945, 1995, 2032, 2069, 2107, 2144, 2179, 2217, 2255, 
2288, 2323, 2357, 2390, 2422, 2451, 2483, 2509, 2545, 2571, 
2593, 2616, 2635, 2654, 2670, 2686, 2697, 2708, 2719, 2727, 
2732, 2736, 2736, 2735, 2731, 2724, 2716, 2708, 2696, 2685, 
2670, 2652, 2631, 2614, 2591, 2567, 2541, 2515, 2489, 2459, 
2416, 2385, 2352, 2317, 2284, 2247, 2215, 2176, 2138, 2102, 
2064, 2027, 1991, 1952, 1916, 1879, 1833, 1797, 1762, 1731, 
1697, 1667, 1636, 1606, 1579, 1551, 1528, 1503, 1483, 1462, 
1443, 1425, 1406, 1394, 1384, 1376, 1368, 1366, 1364, 1364, 
1365, 1368, 1372, 1383, 1393, 1404, 1420, 1433, 1457, 1479, 
1499, 1523, 1549, 1574, 1601, 1630, 1661, 1691, 1724, 1758, 
1792, 1826, 1862, 1897, 1947, 1985, 2020, 2057, 2096, 2132, 
2172, 2206, 2243, 2276, 2312, 2348, 2380, 2412, 2443, 2476, 
2512, 2539, 2569, 2588, 2611, 2630, 2648, 2667, 2680, 2695, 
2706, 2716, 2723, 2727, 2734, 2736, 2735, 2732, 2727, 2719, 
2711, 2702, 2687, 2673, 2656, 2638, 2617, 2598, 2575, 2549, 
2524, 2496, 2456, 2427, 2395, 2363, 2328, 2294, 2258, 2223, 
2187, 2148, 2113, 2075, 2038, 2001, 1963, 1927, 1878, 1842, 
1807, 1774, 1740, 1706, 1676, 1640, 1614, 1587, 1559, 1535, 
1511, 1489, 1468, 1447, 1424, 1410, 1397, 1387, 1376, 1371, 
1366, 1364, 1363, 1364, 1365, 1372, 1380, 1389, 1400, 1415, 
1436, 1452, 1472, 1493, 1516, 1540, 1566, 1593, 1622, 1652, 
1683, 1715, 1747, 1783, 1816, 1850, 1900, 1934, 1972, 2008, 
2047, 2084, 2120, 2157, 2196, 2232, 2268, 2303, 2336, 2369, 
2403, 2433, 2476, 2503, 2531, 2556, 2581, 2604, 2625, 2643, 
2663, 2679, 2689, 2703, 2713, 2723, 2727, 2732, 2736, 2734, 
2734, 2729, 2721, 2713, 2704, 2691, 2679, 2663, 2644, 2624, 
2606, 2582, 2557, 2534, 2495, 2465, 2435, 2406, 2373, 2339, 
2304, 2268, 2233, 2196, 2163, 2124, 2087, 2051, 2011, 1976, 
1925, 1888, 1854, 1817, 1784, 1749, 1717, 1686, 1654, 1623, 
1592, 1561, 1534, 1506, 1483, 1463, 1437, 1421, 1407, 1394, 
1383, 1376, 1368, 1367, 1365, 1363, 1366, 1368, 1375, 1382, 
1394, 1407, 1425, 1440, 1459, 1480, 1500, 1524, 1550, 1575, 
1603, 1631, 1663, 1694, 1727, 1754, 1794, 1827, 1875, 1912, 
1950, 1984, 2023, 2060, 2098, 2132, 2172, 2208, 2241, 2279, 
2313, 2348, 2380, 2414, 2456, 2486, 2512, 2540, 2564, 2588, 
2612, 2630, 2651, 2669, 2680, 2696, 2707, 2716, 2724, 2732, 
2736, 2735, 2736, 2732, 2727, 2719, 2711, 2699, 2686, 2672, 
2656, 2636, 2619, 2596, 2574, 2548, 2511, 2484, 2455, 2425, 
2392, 2360, 2326, 2291, 2256, 2222, 2185, 2147, 2111, 2073, 
2035, 1998, 1948, 1912, 1876, 1840, 1806, 1772, 1739, 1706, 
1675, 1643, 1614, 1586, 1559, 1534, 1510, 1488, 1458, 1440, 
1424, 1410, 1396, 1386, 1377, 1372, 1364, 1363, 1363, 1363, 
1367, 1370, 1379, 1391, 1405, 1420, 1435, 1453, 1473, 1493, 
1516, 1541, 1567, 1594, 1622, 1654, 1683, 1716, 1748, 1784, 
1830, 1865, 1902, 1938, 1975, 2011, 2049, 2086, 2124, 2159, 
2196, 2232, 2268, 2303, 2339, 2372, 2416, 2447, 2476, 2504, 
2531, 2556, 2582, 2604, 2624, 2643, 2663, 2678, 2691, 2703, 
2713, 2721, 2729, 2737, 2736, 2736, 2732, 2728, 2721, 2713, 
2705, 2691, 2678, 2662, 2643, 2623, 2604, 2581, 2547, 2520, 
2493, 2465, 2432, 2403, 2369, 2337, 2303, 2268, 2233, 2195, 
2160, 2121, 2086, 2049, 1995, 1958, 1924, 1886, 1852, 1815, 
1783, 1748, 1715, 1684, 1653, 1622, 1593, 1567, 1541, 1516, 
1486, 1465, 1447, 1429, 1415, 1401, 1390, 1380, 1372, 1367, 
1363, 1364, 1363, 1367, 1369, 1379, 1391, 1403, 1416, 1430, 
1446, 1466, 1489, 1509, 1533, 1559, 1586, 1615, 1644, 1676, 
1705, 1740, 1785, 1819, 1855, 1890, 1927, 1964, 2000, 2040, 
2075, 2113, 2147, 2186, 2223, 2258, 2294, 2328, 2372, 2407, 
2438, 2468, 2496, 2524, 2551, 2574, 2598, 2619, 2638, 2657, 
2672, 2687, 2700, 2712, 2722, 2731, 2732, 2735, 2736, 2735, 
2732, 2723, 2716, 2707, 2695, 2681, 2668, 2649, 2630, 2611, 
2579, 2556, 2529, 2502, 2474, 2444, 2414, 2382, 2348, 2313, 
2278, 2243, 2207, 2171, 2134, 2097, 2044, 2008, 1971, 1935, 
1900, 1864, 1827, 1792, 1759, 1726, 1694, 1662, 1632, 1603, 
1575, 1549, 1516, 1491, 1472, 1452, 1434, 1418, 1405, 1394, 
1382, 1374, 1368, 1365, 1363, 1361, 1367, 1368, 1377, 1389, 
1398, 1411, 1424, 1441, 1460, 1480, 1502, 1527, 1550, 1578, 
1606, 1633, 1665, 1696, 1742, 1775, 1809, 1844, 1878, 1915, 
1953, 1990, 2027, 2063, 2100, 2139, 2172, 2212, 2246, 2284, 
2331, 2367, 2399, 2429, 2459, 2488, 2515, 2542, 2567, 2592, 
2614, 2631, 2652, 2668, 2684, 2696, 2712, 2720, 2727, 2734, 
2735, 2736, 2735, 2731, 2727, 2719, 2711, 2697, 2688, 2672, 
2654, 2636, 2609, 2586, 2561, 2537, 2510, 2483, 2452, 2423, 
2392, 2359, 2324, 2291, 2254, 2219, 2182, 2145, 2094, 2056, 
2019, 1983, 1946, 1908, 1876, 1837, 1803, 1769, 1737, 1702, 
1673, 1640, 1612, 1584, 1547, 1523, 1500, 1478, 1457, 1438, 
1424, 1409, 1396, 1385, 1377, 1371, 1366, 1363, 1363, 1364, 
1367, 1376, 1383, 1394, 1408, 1423, 1436, 1455, 1474, 1494, 
1520, 1543, 1568, 1596, 1625, 1656, 1697, 1732, 1763, 1799, 
1833, 1868, 1904, 1939, 1978, 2013, 2054, 2089, 2126, 2162, 
2199, 2234, 2284, 2320, 2354, 2387, 2419, 2449, 2479, 2507, 
2534, 2558, 2583, 2606, 2625, 2646, 2663, 2679, 2697, 2708, 
2719, 2724, 2729, 2736, 2735, 2736, 2734, 2728, 2721, 2716, 
2703, 2691, 2678, 2660, 2633, 2615, 2592, 2571, 2546, 2519, 
2492, 2462, 2431, 2401, 2367, 2335, 2301, 2265, 2230, 2192, 
2142, 2105, 2068, 2031, 1995, 1955, 1921, 1886, 1848, 1814, 
1780, 1745, 1712, 1680, 1650, 1620, 1419, 1404, 1392, 1380, 
1373, 1368, 1364, 1362, 1362, 1364, 1368, 1372, 1381, 1392, 
1406, 1416, 1439, 1460, 1479, 1499, 1524, 1548, 1575, 1604, 
1631, 1662, 1694, 1726, 1759, 1792, 1827, 1863, 1912, 1948, 
1984, 2022, 2059, 2096, 2134, 2172, 2207, 2241, 2279, 2312, 
2348, 2380, 2412, 2444, 2483, 2512, 2537, 2563, 2588, 2611, 
2628, 2649, 2666, 2678, 2694, 2706, 2715, 2723, 2728, 2732, 
2734, 2734, 2734, 2723, 2716, 2710, 2699, 2686, 2671, 2655, 
2631, 2617, 2595, 2572, 2547, 2523, 2483, 2453, 2424, 2392, 
2360, 2326, 2291, 2255, 2220, 2184, 2147, 2109, 2073, 2035, 
1998, 1960, 1911, 1874, 1838, 1804, 1772, 1738, 1705, 1675, 
1643, 1614, 1585, 1558, 1532, 1507, 1486, 1466, 1440, 1424, 
1410, 1396, 1385, 1377, 1371, 1366, 1363, 1363, 1363, 1367, 
1372, 1380, 1388, 1400, 1422, 1435, 1453, 1474, 1493, 1516, 
1541, 1566, 1594, 1622, 1654, 1684, 1716, 1749, 1784, 1819, 
1865, 1903, 1937, 1975, 2012, 2048, 2087, 2123, 2162, 2198, 
2234, 2269, 2307, 2338, 2372, 2404, 2447, 2476, 2504, 2531, 
2558, 2583, 2604, 2624, 2643, 2663, 2678, 2691, 2703, 2712, 
2721, 2729, 2735, 2735, 2736, 2732, 2728, 2721, 2714, 2702, 
2691, 2678, 2660, 2643, 2623, 2604, 2580, 2556, 2520, 2493, 
2463, 2432, 2403, 2369, 2337, 2303, 2267, 2232, 2193, 2159, 
2120, 2080, 2047, 2010, 1960, 1923, 1886, 1849, 1816, 1781, 
1747, 1715, 1683, 1652, 1622, 1595, 1566, 1542, 1516, 1493, 
1464, 1446, 1429, 1414, 1401, 1389, 1380, 1372, 1366, 1364, 
1363, 1363, 1365, 1373, 1376, 1388, 1402, 1415, 1430, 1448, 
1467, 1488, 1510, 1535, 1559, 1585, 1615, 1644, 1676, 1707, 
1742, 1772, 1820, 1855, 1890, 1928, 1963, 2000, 2038, 2076, 
2112, 2151, 2185, 2223, 2259, 2295, 2327, 2361, 2408, 2438, 
2468, 2496, 2524, 2550, 2575, 2597, 2619, 2639, 2657, 2674, 
2687, 2702, 2712, 2719, 2731, 2733, 2736, 2736, 2734, 2729, 
2723, 2716, 2705, 2695, 2680, 2667, 2648, 2628, 2611, 2588, 
2555, 2528, 2500, 2473, 2444, 2412, 2380, 2347, 2312, 2278, 
2242, 2206, 2171, 2133, 2096, 2057, 2007, 1970, 1935, 1897, 
1862, 1827, 1792, 1759, 1726, 1692, 1662, 1630, 1603, 1575, 
1548, 1523, 1491, 1471, 1452, 1433, 1419, 1404, 1393, 1382, 
1374, 1368, 1364, 1363, 1363, 1366, 1372, 1376, 1388, 1402, 
1411, 1425, 1440, 1460, 1481, 1502, 1526, 1552, 1577, 1607, 
1635, 1665, 1696, 1729, 1776, 1810, 1845, 1878, 1916, 1953, 
1991, 2027, 2062, 2101, 2138, 2176, 2211, 2249, 2282, 2316, 
2364, 2397, 2430, 2459, 2487, 2515, 2542, 2567, 2591, 2614, 
2631, 2651, 2668, 2683, 2696, 2709, 2721, 2727, 2732, 2736, 
2737, 2736, 2732, 2726, 2719, 2711, 2699, 2687, 2670, 2654, 
2635, 2617, 2587, 2561, 2537, 2509, 2481, 2452, 2422, 2391, 
2358, 2323, 2289, 2255, 2217, 2179, 2144, 2107, 2055, 2019, 
1983, 1945, 1909, 1872, 1837, 1803, 1768, 1735, 1703, 1671, 
1640, 1611, 1584, 1555, 1522, 1498, 1476, 1457, 1438, 1424, 
1408, 1396, 1385, 1376, 1370, 1366, 1363, 1363, 1363, 1369, 
1377, 1384, 1395, 1408, 1420, 1438, 1455, 1475, 1496, 1520, 
1544, 1569, 1597, 1625, 1657, 1687, 1733, 1764, 1800, 1834, 
1868, 1905, 1940, 1980, 2015, 2052, 2090, 2126, 2163, 2201, 
2238, 2273, 2319, 2353, 2387, 2420, 2450, 2480, 2507, 2535, 
2559, 2583, 2608, 2626, 2646, 2663, 2679, 2692, 2710, 2719, 
2725, 2731, 2736, 2736, 2736, 2733, 2728, 2723, 2713, 2703, 
2689, 2678, 2659, 2643, 2615, 2593, 2569, 2544, 2518, 2492, 
2462, 2430, 2400, 2367, 2334, 2300, 2264, 2228, 2192, 2155, 
2105, 2067, 2030, 1993, 1956, 1921, 1881, 1848, 1814, 1780, 
1743, 1712, 1679, 1649, 1619, 1589, 1550, 1521, 1492, 1469, 
1450, 1433, 1418, 1403, 1391, 1382, 1375, 1369, 1363, 1363, 
1363, 1366, 1372, 1380, 1386, 1400, 1414, 1425, 1445, 1464, 
1486, 1506, 1531, 1555, 1582, 1611, 1639, 1670, 1714, 1747, 
1782, 1816, 1851, 1885, 1922, 1959, 1995, 2032, 2068, 2108, 
2144, 2180, 2218, 2252, 2303, 2336, 2368, 2403, 2435, 2463, 
2493, 2521, 2547, 2572, 2595, 2616, 2636, 2655, 2672, 2685, 
2700, 2713, 2723, 2727, 2734, 2736, 2735, 2736, 2731, 2725, 
2718, 2711, 2699, 2684, 2669, 2652, 2624, 2604, 2580, 2559, 
2534, 2505, 2478, 2448, 2421, 2387, 2353, 2318, 2284, 2247, 
2212, 2176, 2124, 2088, 2051, 2012, 1975, 1939, 1904, 1867, 
1831, 1799, 1763, 1731, 1699, 1666, 1635, 1606, 1567, 1542, 
1518, 1495, 1472, 1455, 1435, 1422, 1407, 1394, 1384, 1375, 
1369, 1366, 1363, 1363, 1366, 1372, 1376, 1385, 1395, 1409, 
1424, 1440, 1458, 1477, 1502, 1523, 1550, 1574, 1600, 1631, 
1672, 1704, 1737, 1770, 1804, 1840, 1875, 1912, 1948, 1984, 
2022, 2056, 2096, 2136, 2170, 2204, 2255, 2291, 2324, 2359, 
2391, 2424, 2455, 2484, 2513, 2537, 2564, 2588, 2611, 2628, 
2648, 2667, 2687, 2700, 2712, 2719, 2727, 2732, 2736, 2736, 
2736, 2732, 2727, 2719, 2712, 2702, 2687, 2673, 2652, 2629, 
2614, 2590, 2566, 2540, 2514, 2486, 2456, 2427, 2395, 2363, 
2328, 2294, 2258, 2224, 2173, 2135, 2099, 2061, 2025, 1988, 
1951, 1915, 1875, 1841, 1808, 1774, 1741, 1707, 1676, 1645, 
1605, 1576, 1550, 1524, 1502, 1481, 1460, 1441, 1424, 1411, 
1398, 1388, 1378, 1372, 1367, 1364, 1363, 1366, 1366, 1374, 
1383, 1392, 1404, 1419, 1433, 1453, 1472, 1491, 1516, 1539, 
1564, 1593, 1633, 1664, 1695, 1727, 1760, 1795, 1829, 1863, 
1899, 1935, 1972, 2008, 2047, 2086, 2119, 2159, 2208, 2244, 
2281, 2315, 2351, 2382, 2415, 2446, 2476, 2502, 2532, 2557, 
2581, 2604, 2624, 2643, 2668, 2680, 2696, 2707, 2717, 2725, 
2731, 2735, 2736, 2736, 2732, 2731, 2721, 2716, 2703, 2692, 
2672, 2656, 2636, 2617, 2596, 2574, 2547, 2524, 2495, 2467, 
2436, 2405, 2371, 2339, 2305, 2270, 2220, 2184, 2147, 2111, 
2073, 2036, 1998, 1963, 1924, 1888, 1851, 1818, 1785, 1750, 
1718, 1685, 1641, 1614, 1587, 1558, 1533, 1509, 1487, 1467, 
1447, 1430, 1415, 1402, 1388, 1379, 1372, 1368, 1363, 1363, 
1363, 1367, 1375, 1380, 1390, 1400, 1415, 1430, 1448, 1466, 
1488, 1506, 1532, 1559, 1595, 1623, 1654, 1684, 1716, 1749, 
1784, 1819, 1853, 1889, 1925, 1961, 1999, 2036, 2072, 2111, 
2163, 2199, 2236, 2270, 2306, 2340, 2372, 2406, 2436, 2465, 
2495, 2524, 2550, 2574, 2596, 2617, 2644, 2663, 2679, 2691, 
2703, 2714, 2721, 2729, 2733, 2736, 2735, 2735, 2729, 2723, 
2718, 2709, 2689, 2678, 2662, 2643, 2623, 2603, 2580, 2555, 
2529, 2504, 2476, 2446, 2416, 2382, 2352, 2315, 2267, 2232, 
2194, 2160, 2121, 2086, 2048, 2009, 1976, 1935, 1902, 1863, 
1828, 1795, 1760, 1728, 1683, 1652, 1622, 1595, 1567, 1540, 
1516, 1494, 1473, 1453, 1436, 1420, 1405, 1393, 1383, 1375, 
1367, 1363, 1363, 1363, 1366, 1369, 1378, 1387, 1396, 1409, 
1425, 1441, 1461, 1481, 1501, 1526, 1558, 1588, 1614, 1644, 
1675, 1707, 1742, 1772, 1807, 1842, 1878, 1915, 1951, 1988, 
2023, 2062, 2113, 2151, 2186, 2222, 2259, 2295, 2328, 2361, 
2395, 2428, 2457, 2487, 2515, 2540, 2565, 2588, 2619, 2638, 
2657, 2673, 2687, 2700, 2712, 2719, 2727, 2732, 2736, 2736, 
2735, 2734, 2727, 2718, 2707, 2695, 2681, 2667, 2648, 2629, 
2609, 2588, 2562, 2539, 2512, 2487, 2454, 2424, 2392, 2360, 
2312, 2278, 2242, 2207, 2170, 2132, 2096, 2058, 2022, 1984, 
1948, 1913, 1874, 1840, 1805, 1773, 1725, 1692, 1662, 1603, 
1603, 1414, 1400, 1389, 1379, 1372, 1367, 1361, 1362, 1361, 
1366, 1369, 1379, 1386, 1400, 1415, 1428, 1446, 1464, 1485, 
1508, 1530, 1556, 1582, 1613, 1640, 1671, 1703, 1746, 1781, 
1815, 1849, 1886, 1922, 1959, 1995, 2032, 2069, 2108, 2142, 
2179, 2219, 2251, 2288, 2336, 2368, 2401, 2433, 2463, 2492, 
2521, 2547, 2569, 2595, 2616, 2635, 2655, 2670, 2686, 2697, 
2711, 2720, 2727, 2732, 2734, 2735, 2735, 2728, 2723, 2715, 
2707, 2694, 2680, 2667, 2649, 2631, 2603, 2580, 2555, 2531, 
2503, 2475, 2444, 2415, 2383, 2350, 2315, 2280, 2243, 2210, 
2173, 2135, 2084, 2048, 2009, 1974, 1935, 1900, 1865, 1831, 
1796, 1760, 1728, 1695, 1664, 1632, 1606, 1577, 1540, 1516, 
1494, 1472, 1453, 1436, 1420, 1406, 1393, 1383, 1374, 1368, 
1366, 1363, 1363, 1365, 1369, 1377, 1386, 1396, 1411, 1424, 
1440, 1459, 1479, 1500, 1523, 1550, 1574, 1604, 1631, 1663, 
1705, 1739, 1771, 1805, 1839, 1876, 1913, 1948, 1985, 2023, 
2059, 2098, 2135, 2171, 2207, 2241, 2292, 2328, 2361, 2393, 
2427, 2455, 2485, 2512, 2539, 2566, 2588, 2611, 2630, 2649, 
2667, 2680, 2700, 2711, 2719, 2727, 2732, 2736, 2735, 2736, 
2735, 2727, 2719, 2711, 2700, 2687, 2672, 2656, 2630, 2611, 
2588, 2564, 2540, 2511, 2484, 2455, 2423, 2392, 2362, 2326, 
2292, 2256, 2222, 2185, 2135, 2096, 2057, 2022, 1985, 1948, 
1912, 1875, 1840, 1805, 1770, 1739, 1705, 1676, 1643, 1614, 
1575, 1549, 1524, 1500, 1479, 1459, 1441, 1423, 1411, 1396, 
1385, 1378, 1372, 1365, 1362, 1363, 1367, 1366, 1374, 1382, 
1393, 1406, 1421, 1436, 1452, 1472, 1494, 1518, 1542, 1567, 
1594, 1623, 1664, 1696, 1729, 1760, 1795, 1830, 1865, 1902, 
1937, 1975, 2012, 2049, 2085, 2123, 2159, 2195, 2244, 2281, 
2316, 2351, 2383, 2416, 2447, 2478, 2504, 2532, 2556, 2582, 
2608, 2625, 2643, 2663, 2683, 2696, 2709, 2717, 2725, 2731, 
2736, 2735, 2736, 2732, 2731, 2721, 2715, 2704, 2691, 2678, 
2655, 2636, 2616, 2595, 2572, 2547, 2521, 2492, 2464, 2433, 
2399, 2371, 2337, 2303, 2268, 2232, 2182, 2145, 2108, 2072, 
2035, 1996, 1960, 1922, 1887, 1851, 1816, 1784, 1748, 1715, 
1683, 1653, 1611, 1584, 1555, 1532, 1506, 1486, 1465, 1444, 
1430, 1415, 1403, 1390, 1380, 1372, 1368, 1363, 1363, 1363, 
1368, 1372, 1380, 1389, 1403, 1416, 1431, 1448, 1467, 1488, 
1508, 1532, 1559, 1585, 1624, 1656, 1687, 1719, 1751, 1786, 
1818, 1855, 1890, 1927, 1964, 2001, 2038, 2075, 2112, 2147, 
2199, 2236, 2270, 2307, 2341, 2373, 2407, 2438, 2467, 2497, 
2524, 2551, 2575, 2596, 2618, 2638, 2663, 2679, 2691, 2705, 
2713, 2721, 2731, 2732, 2736, 2736, 2735, 2730, 2725, 2717, 
2705, 2695, 2676, 2660, 2642, 2623, 2601, 2579, 2556, 2528, 
2503, 2475, 2444, 2415, 2380, 2349, 2313, 2279, 2230, 2193, 
2158, 2119, 2083, 2045, 2008, 1971, 1936, 1898, 1863, 1828, 
1794, 1759, 1726, 1694, 1651, 1620, 1592, 1564, 1539, 1513, 
1492, 1472, 1452, 1434, 1419, 1404, 1395, 1382, 1374, 1369, 
1363, 1363, 1364, 1367, 1371, 1378, 1388, 1399, 1411, 1424, 
1441, 1460, 1481, 1502, 1527, 1551, 1588, 1616, 1647, 1676, 
1708, 1742, 1772, 1809, 1845, 1879, 1916, 1953, 1990, 2027, 
2063, 2100, 2150, 2188, 2226, 2259, 2295, 2330, 2364, 2398, 
2428, 2459, 2489, 2515, 2544, 2568, 2592, 2614, 2639, 2659, 
2674, 2687, 2700, 2712, 2721, 2727, 2732, 2736, 2736, 2736, 
2731, 2727, 2719, 2712, 2695, 2680, 2666, 2648, 2630, 2609, 
2586, 2561, 2537, 2510, 2483, 2453, 2422, 2392, 2358, 2323, 
2275, 2242, 2204, 2168, 2131, 2094, 2056, 2019, 1983, 1947, 
1910, 1872, 1837, 1801, 1769, 1737, 1691, 1660, 1628, 1599, 
1567, 1540, 1510, 1486, 1464, 1444, 1427, 1412, 1400, 1388, 
1377, 1372, 1366, 1363, 1363, 1366, 1368, 1375, 1383, 1394, 
1405, 1419, 1434, 1452, 1472, 1491, 1516, 1539, 1575, 1603, 
1631, 1663, 1694, 1726, 1760, 1792, 1828, 1864, 1899, 1935, 
1971, 2009, 2046, 2083, 2134, 2171, 2209, 2243, 2281, 2315, 
2350, 2380, 2414, 2444, 2475, 2502, 2531, 2558, 2580, 2601, 
2630, 2651, 2668, 2681, 2695, 2707, 2718, 2723, 2731, 2736, 
2735, 2736, 2732, 2731, 2722, 2712, 2700, 2687, 2672, 2656, 
2637, 2617, 2596, 2573, 2550, 2523, 2495, 2465, 2438, 2406, 
2372, 2339, 2291, 2257, 2221, 2185, 2147, 2111, 2074, 2036, 
1999, 1966, 1926, 1891, 1854, 1819, 1784, 1750, 1706, 1673, 
1643, 1614, 1586, 1558, 1533, 1510, 1487, 1466, 1447, 1430, 
1415, 1403, 1391, 1380, 1372, 1366, 1363, 1363, 1363, 1366, 
1372, 1379, 1391, 1403, 1415, 1430, 1447, 1466, 1487, 1510, 
1541, 1567, 1593, 1623, 1655, 1684, 1718, 1749, 1784, 1818, 
1853, 1887, 1924, 1960, 1998, 2035, 2086, 2123, 2163, 2196, 
2236, 2268, 2304, 2337, 2371, 2404, 2435, 2465, 2494, 2523, 
2548, 2572, 2604, 2624, 2643, 2663, 2678, 2692, 2704, 2713, 
2721, 2729, 2732, 2736, 2735, 2736, 2732, 2723, 2712, 2704, 
2691, 2678, 2663, 2643, 2624, 2604, 2582, 2556, 2531, 2503, 
2476, 2446, 2416, 2383, 2337, 2303, 2267, 2233, 2195, 2160, 
2121, 2086, 2050, 2010, 1974, 1937, 1901, 1865, 1828, 1796, 
1748, 1715, 1684, 1652, 1622, 1594, 1566, 1541, 1516, 1494, 
1474, 1452, 1435, 1419, 1406, 1393, 1380, 1372, 1367, 1363, 
1363, 1364, 1366, 1371, 1376, 1388, 1397, 1411, 1423, 1443, 
1459, 1479, 1508, 1534, 1558, 1585, 1613, 1644, 1676, 1705, 
1740, 1771, 1807, 1841, 1879, 1912, 1951, 1987, 2037, 2073, 
2111, 2150, 2186, 2223, 2259, 2295, 2328, 2363, 2395, 2428, 
2457, 2485, 2511, 2539, 2575, 2599, 2620, 2638, 2657, 2672, 
2686, 2699, 2712, 2718, 2727, 2732, 2736, 2736, 2736, 2732, 
2725, 2719, 2707, 2696, 2680, 2667, 2648, 2630, 2611, 2588, 
2564, 2539, 2511, 2485, 2455, 2424, 2380, 2348, 2313, 2279, 
2243, 2209, 2170, 2132, 2096, 2057, 2022, 1985, 1948, 1911, 
1875, 1839, 1796, 1759, 1726, 1693, 1662, 1632, 1601, 1575, 
1549, 1523, 1499, 1479, 1458, 1440, 1423, 1409, 1395, 1383, 
1374, 1368, 1364, 1363, 1363, 1366, 1368, 1375, 1383, 1392, 
1407, 1422, 1436, 1453, 1482, 1502, 1528, 1551, 1577, 1606, 
1633, 1667, 1697, 1730, 1763, 1796, 1831, 1866, 1902, 1938, 
1990, 2030, 2063, 2101, 2137, 2175, 2211, 2247, 2280, 2318, 
2351, 2385, 2416, 2447, 2476, 2503, 2542, 2567, 2591, 2614, 
2632, 2651, 2668, 2681, 2695, 2712, 2716, 2723, 2729, 2736, 
2736, 2736, 2732, 2726, 2719, 2713, 2699, 2686, 2671, 2654, 
2636, 2616, 2595, 2572, 2547, 2520, 2493, 2463, 2423, 2391, 
2359, 2323, 2288, 2253, 2216, 2180, 2144, 2107, 2070, 2032, 
1996, 1959, 1922, 1887, 1839, 1801, 1768, 1735, 1702, 1672, 
1640, 1612, 1584, 1555, 1534, 1507, 1485, 1464, 1447, 1429, 
1408, 1395, 1384, 1377, 1370, 1365, 1364, 1363, 1363, 1368, 
1377, 1380, 1391, 1402, 1415, 1431, 1455, 1475, 1495, 1520, 
1545, 1568, 1598, 1624, 1655, 1686, 1719, 1752, 1785, 1819, 
1856, 1889, 1939, 1979, 2013, 2051, 2089, 2125, 2163, 2200, 
2236, 2270, 2305, 2344, 2372, 2407, 2438, 2468, 2507, 2535, 
2559, 2583, 2608, 2625, 2646, 2663, 2679, 2693, 2705, 2715, 
2720, 2729, 2732, 2736, 2735, 2733, 2726, 2720, 2712, 2702, 
2687, 2675, 2660, 2643, 2623, 2601, 2579, 2555, 2529, 2501, 
2463, 2430, 2400, 2367, 2334, 2300, 2264, 2228, 2193, 2156, 
2119, 2083, 2044, 2008, 1969, 1932, 1884, 1848, 1815, 1779, 
1745, 1712, 1681, 1651, 1619, 1423, 1408, 1395, 1384, 1376, 
1370, 1366, 1363, 1360, 1364, 1366, 1377, 1383, 1393, 1407, 
1420, 1433, 1452, 1471, 1492, 1518, 1542, 1567, 1607, 1633, 
1666, 1695, 1729, 1761, 1797, 1831, 1867, 1902, 1938, 1976, 
2012, 2051, 2086, 2123, 2175, 2210, 2247, 2284, 2316, 2351, 
2383, 2417, 2447, 2478, 2504, 2532, 2557, 2582, 2603, 2623, 
2651, 2668, 2682, 2695, 2707, 2716, 2721, 2728, 2735, 2736, 
2734, 2731, 2723, 2721, 2712, 2703, 2683, 2668, 2653, 2634, 
2615, 2593, 2568, 2545, 2518, 2491, 2462, 2429, 2403, 2367, 
2334, 2301, 2252, 2215, 2179, 2141, 2106, 2066, 2031, 1994, 
1956, 1920, 1884, 1847, 1815, 1779, 1744, 1714, 1670, 1639, 
1610, 1582, 1556, 1529, 1505, 1484, 1463, 1445, 1427, 1412, 
1399, 1388, 1380, 1372, 1365, 1361, 1362, 1362, 1370, 1375, 
1382, 1391, 1402, 1417, 1430, 1449, 1468, 1489, 1512, 1536, 
1571, 1598, 1625, 1658, 1688, 1720, 1752, 1787, 1820, 1856, 
1891, 1928, 1964, 2001, 2039, 2076, 2127, 2161, 2200, 2238, 
2273, 2308, 2342, 2375, 2408, 2438, 2468, 2495, 2524, 2550, 
2575, 2599, 2625, 2646, 2664, 2678, 2692, 2706, 2715, 2722, 
2730, 2732, 2735, 2734, 2734, 2730, 2723, 2716, 2704, 2690, 
2675, 2658, 2640, 2623, 2600, 2578, 2553, 2528, 2502, 2471, 
2443, 2411, 2377, 2347, 2298, 2262, 2227, 2189, 2155, 2115, 
2079, 2044, 2006, 1969, 1932, 1895, 1860, 1825, 1790, 1758, 
1712, 1679, 1648, 1618, 1591, 1563, 1539, 1513, 1491, 1468, 
1451, 1433, 1419, 1404, 1392, 1383, 1374, 1367, 1365, 1363, 
1365, 1366, 1372, 1379, 1388, 1398, 1413, 1426, 1444, 1462, 
1483, 1504, 1537, 1562, 1590, 1617, 1648, 1678, 1710, 1743, 
1777, 1811, 1845, 1881, 1918, 1955, 1991, 2027, 2080, 2116, 
2153, 2188, 2225, 2262, 2296, 2335, 2367, 2400, 2430, 2460, 
2491, 2518, 2544, 2568, 2600, 2623, 2642, 2659, 2676, 2689, 
2703, 2712, 2722, 2727, 2733, 2735, 2736, 2736, 2733, 2726, 
2715, 2707, 2691, 2679, 2664, 2648, 2627, 2608, 2585, 2562, 
2536, 2508, 2481, 2451, 2422, 2390, 2344, 2309, 2273, 2240, 
2201, 2167, 2127, 2092, 2055, 2017, 1983, 1942, 1907, 1872, 
1836, 1797, 1743, 1707, 1670, 1635, 1600, 1567, 1539, 1510, 
1487, 1459, 1439, 1423, 1404, 1390, 1379, 1372, 1365, 1362, 
1361, 1365, 1371, 1380, 1393, 1408, 1425, 1443, 1465, 1487, 
1515, 1543, 1573, 1605, 1651, 1687, 1724, 1763, 1800, 1841, 
1884, 1925, 1968, 2009, 2054, 2097, 2654, 2635, 2614, 2593, 
2560, 2535, 2506, 2479, 2447, 2416, 2383, 2348, 2312, 2275, 
2238, 2201, 2163, 2124, 2085, 2046, 1992, 1955, 1916, 1874, 
1840, 1804, 1767, 1731, 1697, 1664, 1631, 1602, 1572, 1544, 
END

1455, 1476, 1497, 1523, 1548, 1577, 1607, 1638, 1682, 1718, 
1751, 1789, 1824, 1860, 1900, 1937, 1977, 2015, 2055, 2094, 
2133, 2172, 2214, 2247, 2297, 2335, 2370, 2406, 2436, 2468, 
2496, 2527, 2552, 2577, 2603, 2623, 2643, 2661, 2675, 2690, 
2705, 2713, 2720, 2723, 2727, 2727, 2727, 2719, 2715, 2703, 
2691, 2678, 2663, 2646, 2627, 2607, 2574, 2548, 2522, 2492, 
2463, 2432, 2399, 2364, 2328, 2291, 2255, 2218, 2179, 2142, 
2101, 2063, 2009, 1974, 1932, 1894, 1855, 1818, 1783, 1747, 
1711, 1677, 1646, 1613, 1583, 1551, 1521, 1492, 1462, 1441, 
1423, 1408, 1393, 1382, 1374, 1365, 1363, 1360, 1359, 1362, 
1368, 1375, 1382, 1393, 1415, 1429, 1449, 1468, 1492, 1516, 
1542, 1569, 1599, 1629, 1663, 1695, 1731, 1764, 1800, 1837, 
1887, 1926, 1964, 2004, 2044, 2083, 2121, 2161, 2199, 2238, 
2276, 2314, 2349, 2383, 2418, 2447, 2492, 2519, 2546, 2572, 
2597, 2619, 2638, 2656, 2673, 2688, 2702, 2712, 2719, 2727, 
2730, 2732, 2732, 2724, 2719, 2710, 2700, 2687, 2674, 2659, 
2639, 2618, 2596, 2571, 2544, 2518, 2489, 2459, 2415, 2382, 
2348, 2310, 2274, 2236, 2197, 2160, 2119, 2080, 2044, 2001, 
1964, 1925, 1886, 1849, 1800, 1763, 1726, 1694, 1660, 1628, 
1598, 1568, 1542, 1516, 1491, 1468, 1448, 1431, 1414, 1369, 
1363, 1361, 1360, 1364, 1368, 1376, 1385, 1399, 1413, 1424, 
1444, 1464, 1487, 1508, 1532, 1561, 1602, 1631, 1663, 1696, 
1732, 1766, 1801, 1839, 1876, 1916, 1955, 1993, 2032, 2071, 
2111, 2149, 2204, 2240, 2279, 2315, 2349, 2384, 2422, 2450, 
2483, 2511, 2541, 2566, 2591, 2614, 2635, 2654, 2673, 2691, 
2703, 2713, 2719, 2725, 2732, 2732, 2732, 2730, 2723, 2716, 
2707, 2694, 2677, 2664, 2638, 2618, 2595, 2572, 2545, 2518, 
2489, 2456, 2425, 2392, 2359, 2321, 2286, 2248, 2209, 2172, 
2117, 2079, 2040, 1998, 1961, 1923, 1884, 1848, 1809, 1772, 
1740, 1705, 1671, 1637, 1607, 1577, 1539, 1515, 1489, 1468, 
1448, 1427, 1414, 1400, 1388, 1378, 1369, 1364, 1361, 1362, 
1361, 1368, 1376, 1383, 1395, 1407, 1425, 1441, 1463, 1485, 
1507, 1529, 1560, 1590, 1618, 1651, 1683, 1718, 1763, 1800, 
1838, 1873, 1912, 1951, 1990, 2030, 2069, 2109, 2147, 2187, 
2223, 2262, 2302, 2339, 2383, 2419, 2451, 2481, 2510, 2539, 
2564, 2590, 2614, 2631, 2654, 2671, 2685, 2699, 2711, 2719, 
2727, 2732, 2732, 2732, 2730, 2724, 2716, 2710, 2694, 2680, 
2667, 2649, 2627, 2607, 2584, 2558, 2521, 2492, 2460, 2428, 
2396, 2363, 2327, 2291, 2252, 2212, 2176, 2135, 2098, 2056, 
2019, 1980, 1927, 1889, 1853, 1816, 1779, 1740, 1707, 1675, 
1641, 1612, 1581, 1552, 1526, 1501, 1479, 1457, 1431, 1416, 
1400, 1391, 1379, 1371, 1364, 1362, 1363, 1362, 1366, 1375, 
1383, 1392, 1402, 1416, 1441, 1460, 1483, 1504, 1531, 1556, 
1586, 1615, 1644, 1679, 1715, 1748, 1784, 1820, 1858, 1895, 
1948, 1987, 2025, 2065, 2105, 2144, 2183, 2219, 2260, 2296, 
2332, 2370, 2405, 2436, 2466, 2496, 2537, 2561, 2590, 2611, 
2632, 2652, 2671, 2683, 2698, 2710, 2719, 2724, 2731, 2734, 
2734, 2732, 2724, 2717, 2711, 2699, 2683, 2667, 2648, 2630, 
2611, 2585, 2560, 2535, 2504, 2476, 2446, 2413, 2364, 2329, 
2294, 2255, 2219, 2179, 2141, 2102, 2062, 2023, 1985, 1945, 
1907, 1867, 1831, 1796, 1745, 1710, 1677, 1646, 1613, 1584, 
1555, 1529, 1505, 1482, 1459, 1439, 1423, 1407, 1395, 1384, 
1372, 1367, 1363, 1361, 1362, 1364, 1369, 1379, 1390, 1403, 
1415, 1432, 1451, 1472, 1494, 1519, 1554, 1584, 1612, 1644, 
1677, 1711, 1745, 1780, 1818, 1855, 1892, 1929, 1969, 2008, 
2047, 2087, 2140, 2179, 2219, 2255, 2291, 2329, 2366, 2400, 
2431, 2464, 2494, 2527, 2551, 2576, 2600, 2623, 2649, 2667, 
2683, 2696, 2710, 2718, 2726, 2731, 2734, 2733, 2734, 2727, 
2723, 2713, 2704, 2691, 2672, 2652, 2632, 2614, 2589, 2563, 
2536, 2508, 2479, 2447, 2415, 2381, 2347, 2310, 2273, 2236, 
2183, 2144, 2105, 2067, 2027, 1989, 1948, 1911, 1870, 1835, 
1798, 1761, 1729, 1692, 1659, 1628, 1418, 1405, 1392, 1379, 
1371, 1367, 1361, 1361, 1360, 1363, 1369, 1378, 1387, 1398, 
1415, 1427, 1453, 1474, 1497, 1520, 1548, 1576, 1606, 1636, 
1669, 1702, 1737, 1772, 1807, 1845, 1883, 1920, 1973, 2011, 
2051, 2089, 2131, 2169, 2207, 2246, 2281, 2318, 2355, 2390, 
2424, 2457, 2488, 2516, 2552, 2579, 2603, 2623, 2647, 2664, 
2679, 2691, 2704, 2715, 2723, 2729, 2732, 2732, 2732, 2727, 
2719, 2710, 2700, 2684, 2670, 2656, 2636, 2616, 2592, 2567, 
2542, 2513, 2484, 2454, 2423, 2388, 2342, 2303, 2267, 2230, 
2190, 2152, 2112, 2074, 2035, 1996, 1956, 1919, 1879, 1843, 
1806, 1768, 1721, 1690, 1654, 1623, 1592, 1563, 1536, 1512, 
1487, 1465, 1445, 1427, 1411, 1397, 1388, 1376, 1367, 1363, 
1362, 1362, 1364, 1371, 1376, 1384, 1398, 1412, 1425, 1446, 
1464, 1487, 1511, 1536, 1574, 1603, 1632, 1666, 1699, 1734, 
1769, 1804, 1842, 1879, 1918, 1959, 1995, 2035, 2073, 2112, 
2166, 2205, 2243, 2280, 2317, 2352, 2388, 2422, 2454, 2484, 
2514, 2542, 2567, 2593, 2615, 2636, 2662, 2678, 2692, 2704, 
2713, 2721, 2727, 2733, 2732, 2732, 2731, 2723, 2712, 2705, 
2695, 2677, 2656, 2638, 2620, 2595, 2571, 2544, 2517, 2488, 
2459, 2427, 2392, 2358, 2321, 2286, 2247, 2210, 2157, 2116, 
2078, 2040, 1999, 1961, 1923, 1888, 1848, 1809, 1774, 1739, 
1703, 1673, 1639, 1608, 1566, 1539, 1512, 1490, 1468, 1448, 
1431, 1415, 1399, 1387, 1379, 1370, 1365, 1361, 1362, 1361, 
1368, 1376, 1385, 1398, 1410, 1424, 1443, 1464, 1487, 1509, 
1534, 1559, 1591, 1620, 1651, 1684, 1730, 1766, 1800, 1839, 
1876, 1915, 1952, 1991, 2031, 2068, 2111, 2149, 2188, 2227, 
2263, 2303, 2348, 2384, 2420, 2451, 2483, 2510, 2539, 2565, 
2591, 2612, 2633, 2654, 2671, 2687, 2700, 2711, 2723, 2727, 
2735, 2732, 2732, 2730, 2724, 2716, 2705, 2695, 2683, 2665, 
2648, 2627, 2606, 2582, 2548, 2521, 2489, 2460, 2428, 2396, 
2361, 2324, 2289, 2251, 2214, 2175, 2135, 2097, 2056, 2018, 
1966, 1926, 1888, 1850, 1812, 1779, 1741, 1707, 1675, 1642, 
1609, 1580, 1552, 1525, 1502, 1479, 1448, 1430, 1414, 1400, 
1388, 1379, 1370, 1364, 1361, 1361, 1362, 1367, 1373, 1382, 
1391, 1403, 1424, 1442, 1463, 1484, 1505, 1531, 1557, 1588, 
1617, 1648, 1679, 1715, 1749, 1785, 1823, 1860, 1912, 1949, 
1988, 2027, 2067, 2106, 2145, 2183, 2220, 2260, 2298, 2332, 
2369, 2404, 2436, 2468, 2508, 2537, 2564, 2590, 2612, 2632, 
2652, 2670, 2683, 2697, 2710, 2719, 2725, 2729, 2734, 2733, 
2731, 2724, 2716, 2709, 2697, 2683, 2667, 2649, 2630, 2608, 
2584, 2559, 2534, 2503, 2474, 2444, 2399, 2364, 2328, 2293, 
2255, 2217, 2177, 2140, 2099, 2060, 2022, 1984, 1942, 1904, 
1869, 1831, 1780, 1745, 1709, 1676, 1644, 1612, 1584, 1554, 
1527, 1503, 1480, 1459, 1439, 1423, 1407, 1395, 1379, 1372, 
1364, 1362, 1361, 1361, 1365, 1372, 1379, 1388, 1404, 1416, 
1432, 1453, 1473, 1494, 1530, 1556, 1584, 1614, 1644, 1677, 
1712, 1747, 1782, 1817, 1855, 1894, 1931, 1971, 2008, 2050, 
2102, 2141, 2179, 2218, 2255, 2294, 2332, 2365, 2400, 2433, 
2465, 2494, 2525, 2553, 2579, 2602, 2630, 2652, 2668, 2684, 
2700, 2711, 2719, 2723, 2731, 2734, 2733, 2734, 2728, 2723, 
2713, 2699, 2686, 2670, 2651, 2631, 2611, 2587, 2563, 2534, 
2507, 2479, 2447, 2415, 2380, 2346, 2309, 2272, 2222, 2183, 
2144, 2104, 2064, 2024, 1988, 1948, 1909, 1870, 1834, 1799, 
1762, 1726, 1690, 1659, 1613, 1582, 1552, 1521, 1491, 1467, 
1446, 1429, 1412, 1399, 1385, 1376, 1368, 1365, 1363, 1362, 
1365, 1370, 1380, 1384, 1400, 1414, 1428, 1448, 1468, 1489, 
1514, 1539, 1566, 1596, 1628, 1660, 1704, 1740, 1774, 1809, 
1848, 1884, 1923, 1962, 2000, 2040, 2079, 2118, 2156, 2196, 
2235, 2273, 2322, 2359, 2392, 2428, 2458, 2488, 2519, 2545, 
2572, 2598, 2619, 2639, 2659, 2676, 2689, 2702, 2716, 2724, 
2731, 2734, 2734, 2732, 2728, 2721, 2714, 2703, 2692, 2679, 
2663, 2643, 2623, 2601, 2569, 2542, 2513, 2486, 2453, 2423, 
2387, 2354, 2316, 2280, 2241, 2204, 2166, 2127, 2087, 2050, 
1995, 1956, 1919, 1881, 1841, 1805, 1771, 1734, 1699, 1666, 
1634, 1603, 1573, 1545, 1520, 1496, 1466, 1445, 1426, 1412, 
1399, 1386, 1377, 1371, 1364, 1363, 1362, 1364, 1368, 1375, 
1383, 1395, 1412, 1428, 1445, 1465, 1487, 1512, 1537, 1564, 
1596, 1624, 1656, 1687, 1723, 1759, 1795, 1831, 1881, 1920, 
1958, 1998, 2036, 2076, 2114, 2155, 2192, 2232, 2270, 2304, 
2339, 2379, 2411, 2444, 2486, 2515, 2543, 2573, 2595, 2617, 
2636, 2658, 2673, 2687, 2700, 2712, 2719, 2727, 2730, 2734, 
2732, 2731, 2724, 2716, 2707, 2694, 2677, 2663, 2646, 2623, 
2603, 2578, 2553, 2527, 2497, 2468, 2425, 2391, 2358, 2320, 
2284, 2246, 2208, 2170, 2130, 2093, 2052, 2012, 1975, 1934, 
1897, 1862, 1809, 1773, 1738, 1703, 1670, 1636, 1607, 1576, 
1548, 1522, 1498, 1475, 1454, 1433, 1420, 1404, 1386, 1377, 
1371, 1366, 1363, 1362, 1362, 1368, 1372, 1382, 1392, 1407, 
1420, 1436, 1458, 1479, 1508, 1535, 1562, 1591, 1621, 1653, 
1687, 1721, 1753, 1791, 1828, 1864, 1902, 1940, 1982, 2019, 
2072, 2111, 2149, 2188, 2230, 2265, 2303, 2340, 2372, 2408, 
2440, 2473, 2502, 2531, 2557, 2583, 2614, 2635, 2655, 2672, 
2686, 2702, 2712, 2719, 2728, 2731, 2734, 2734, 2731, 2727, 
2719, 2712, 2695, 2682, 2668, 2647, 2624, 2606, 2581, 2556, 
2529, 2500, 2470, 2439, 2406, 2371, 2337, 2302, 2249, 2212, 
2174, 2134, 2096, 2055, 2016, 1977, 1938, 1900, 1862, 1825, 
1789, 1752, 1719, 1684, 1640, 1609, 1580, 1551, 1524, 1500, 
1478, 1457, 1436, 1420, 1405, 1392, 1381, 1373, 1368, 1361, 
1361, 1361, 1367, 1373, 1382, 1392, 1404, 1420, 1438, 1454, 
1475, 1499, 1523, 1550, 1577, 1607, 1649, 1683, 1715, 1750, 
1787, 1823, 1861, 1898, 1936, 1976, 2015, 2055, 2094, 2131, 
2171, 2210, 2262, 2299, 2334, 2371, 2405, 2436, 2469, 2499, 
2529, 2553, 2582, 2607, 2626, 2646, 2663, 2679, 2699, 2710, 
2719, 2725, 2729, 2734, 2734, 2731, 2728, 2719, 2711, 2700, 
2689, 2671, 2656, 2636, 2609, 2585, 2559, 2533, 2502, 2473, 
2443, 2409, 2375, 2340, 2304, 2267, 2230, 2190, 2152, 2113, 
2060, 2019, 1980, 1942, 1904, 1868, 1830, 1793, 1758, 1721, 
1686, 1654, 1622, 1593, 1563, 1537, 1501, 1480, 1456, 1439, 
1425, 1406, 1394, 1384, 1375, 1368, 1362, 1361, 1362, 1365, 
1371, 1376, 1391, 1406, 1417, 1432, 1453, 1475, 1496, 1522, 
1548, 1578, 1605, 1635, 1667, 1700, 1736, 1769, 1819, 1858, 
1894, 1932, 1971, 2010, 2051, 2091, 2131, 2170, 2207, 2243, 
2281, 2319, 2356, 2391, 2435, 2465, 2496, 2526, 2554, 2578, 
2604, 2624, 2643, 2663, 2678, 2695, 2705, 2713, 2723, 2729, 
2734, 2734, 2732, 2727, 2719, 2712, 2702, 2691, 2678, 2657, 
2638, 2617, 2595, 2571, 2545, 2516, 2476, 2446, 2414, 2380, 
2347, 2308, 2271, 2232, 2195, 2156, 2116, 2078, 2039, 1999, 
1960, 1923, 1870, 1832, 1797, 1761, 1728, 1692, 1656, 1625, 
1419, 1406, 1391, 1381, 1372, 1366, 1361, 1360, 1361, 1367, 
1372, 1380, 1391, 1403, 1419, 1434, 1455, 1475, 1499, 1522, 
1548, 1577, 1607, 1636, 1679, 1715, 1749, 1785, 1823, 1860, 
1897, 1935, 1975, 2017, 2051, 2092, 2130, 2169, 2209, 2249, 
2297, 2332, 2368, 2404, 2436, 2467, 2498, 2528, 2555, 2579, 
2604, 2623, 2644, 2663, 2678, 2694, 2708, 2717, 2723, 2729, 
2732, 2732, 2729, 2727, 2718, 2707, 2700, 2687, 2672, 2655, 
2635, 2614, 2584, 2558, 2531, 2501, 2473, 2441, 2407, 2374, 
2340, 2303, 2265, 2227, 2190, 2151, 2112, 2073, 2019, 1980, 
1942, 1903, 1863, 1827, 1788, 1755, 1721, 1686, 1652, 1622, 
1592, 1563, 1536, 1510, 1479, 1456, 1437, 1423, 1406, 1390, 
1382, 1374, 1368, 1361, 1360, 1363, 1364, 1371, 1376, 1387, 
1404, 1417, 1435, 1453, 1475, 1496, 1519, 1547, 1574, 1604, 
1634, 1668, 1700, 1736, 1769, 1805, 1857, 1894, 1932, 1971, 
2009, 2052, 2089, 2129, 2168, 2206, 2244, 2281, 2318, 2358, 
2388, 2423, 2465, 2496, 2526, 2556, 2577, 2601, 2624, 2644, 
2663, 2675, 2692, 2707, 2713, 2721, 2732, 2733, 2734, 2732, 
2731, 2722, 2711, 2700, 2691, 2675, 2657, 2638, 2615, 2595, 
2571, 2544, 2515, 2488, 2444, 2412, 2376, 2343, 2310, 2271, 
2233, 2195, 2154, 2115, 2077, 2039, 1999, 1960, 1921, 1883, 
1831, 1795, 1760, 1726, 1688, 1658, 1625, 1596, 1566, 1539, 
1512, 1488, 1467, 1448, 1428, 1414, 1395, 1383, 1374, 1368, 
1364, 1362, 1363, 1366, 1369, 1377, 1386, 1396, 1411, 1426, 
1445, 1465, 1492, 1519, 1544, 1572, 1601, 1631, 1664, 1696, 
1731, 1767, 1803, 1839, 1876, 1917, 1953, 1991, 2047, 2087, 
2123, 2163, 2201, 2243, 2279, 2316, 2352, 2385, 2419, 2451, 
2483, 2512, 2535, 2569, 2602, 2622, 2641, 2661, 2676, 2692, 
2703, 2713, 2723, 2728, 2734, 2734, 2734, 2734, 2724, 2716, 
2704, 2689, 2673, 2660, 2639, 2619, 2596, 2573, 2547, 2520, 
2491, 2460, 2428, 2395, 2360, 2320, 2272, 2241, 2198, 2160, 
2120, 2081, 2043, 2003, 1964, 1926, 1887, 1850, 1810, 1778, 
1742, 1706, 1660, 1629, 1599, 1568, 1542, 1515, 1491, 1470, 
1449, 1430, 1415, 1399, 1390, 1378, 1369, 1363, 1361, 1362, 
1366, 1369, 1376, 1384, 1396, 1409, 1422, 1443, 1463, 1484, 
1507, 1531, 1560, 1587, 1628, 1662, 1694, 1729, 1763, 1801, 
1836, 1872, 1912, 1950, 1987, 2027, 2062, 2107, 2147, 2184, 
2240, 2275, 2311, 2347, 2383, 2417, 2446, 2480, 2510, 2535, 
2566, 2589, 2614, 2632, 2652, 2670, 2690, 2703, 2713, 2721, 
2727, 2732, 2732, 2734, 2732, 2726, 2716, 2707, 2695, 2680, 
2668, 2648, 2622, 2599, 2576, 2550, 2523, 2492, 2463, 2430, 
2394, 2363, 2326, 2291, 2254, 2215, 2176, 2137, 2084, 2047, 
2007, 1968, 1927, 1890, 1854, 1815, 1779, 1743, 1711, 1677, 
1643, 1612, 1581, 1553, 1519, 1492, 1472, 1451, 1431, 1417, 
1401, 1390, 1377, 1369, 1363, 1361, 1363, 1362, 1366, 1372, 
1384, 1395, 1409, 1422, 1439, 1463, 1481, 1503, 1528, 1556, 
1584, 1614, 1645, 1678, 1713, 1746, 1796, 1832, 1868, 1907, 
1945, 1986, 2025, 2065, 2102, 2144, 2180, 2220, 2256, 2295, 
2332, 2367, 2413, 2446, 2478, 2507, 2535, 2561, 2584, 2611, 
2631, 2651, 2668, 2686, 2697, 2709, 2719, 2723, 2729, 2734, 
2732, 2728, 2726, 2721, 2710, 2697, 2684, 2668, 2650, 2631, 
2611, 2587, 2561, 2534, 2496, 2465, 2435, 2403, 2365, 2332, 
2294, 2256, 2219, 2182, 2143, 2103, 2063, 2024, 1986, 1946, 
1894, 1856, 1818, 1783, 1744, 1713, 1678, 1647, 1614, 1583, 
1551, 1521, 1490, 1468, 1448, 1429, 1407, 1396, 1384, 1373, 
1368, 1364, 1361, 1362, 1365, 1371, 1376, 1387, 1397, 1410, 
1427, 1447, 1473, 1494, 1520, 1545, 1573, 1603, 1632, 1665, 
1699, 1735, 1768, 1804, 1841, 1876, 1917, 1955, 2007, 2044, 
2087, 2124, 2165, 2204, 2240, 2279, 2316, 2352, 2387, 2422, 
2452, 2484, 2516, 2540, 2575, 2599, 2622, 2643, 2663, 2676, 
2691, 2705, 2714, 2721, 2728, 2734, 2735, 2734, 2729, 2724, 
2712, 2703, 2689, 2676, 2659, 2639, 2619, 2595, 2572, 2545, 
2519, 2490, 2458, 2428, 2391, 2358, 2310, 2273, 2236, 2196, 
2160, 2119, 2080, 2043, 2001, 1963, 1924, 1884, 1847, 1812, 
1775, 1740, 1694, 1659, 1628, 1599, 1567, 1540, 1515, 1491, 
1468, 1450, 1428, 1419, 1400, 1388, 1379, 1369, 1365, 1363, 
1363, 1365, 1367, 1375, 1384, 1396, 1409, 1423, 1442, 1460, 
1483, 1506, 1533, 1559, 1599, 1630, 1662, 1695, 1730, 1764, 
1801, 1837, 1875, 1913, 1952, 1990, 2028, 2065, 2108, 2147, 
2199, 2240, 2276, 2311, 2348, 2383, 2418, 2449, 2480, 2507, 
2539, 2566, 2591, 2615, 2632, 2654, 2676, 2690, 2703, 2713, 
2721, 2727, 2734, 2734, 2732, 2729, 2723, 2719, 2708, 2695, 
2683, 2665, 2641, 2622, 2599, 2574, 2548, 2521, 2492, 2462, 
2428, 2397, 2361, 2327, 2290, 2252, 2215, 2177, 2122, 2084, 
2044, 2007, 1967, 1928, 1889, 1855, 1814, 1779, 1743, 1708, 
1676, 1643, 1611, 1582, 1543, 1517, 1492, 1471, 1451, 1431, 
1414, 1403, 1390, 1379, 1372, 1365, 1362, 1361, 1362, 1368, 
1376, 1384, 1396, 1409, 1423, 1439, 1460, 1481, 1502, 1529, 
1557, 1587, 1615, 1645, 1680, 1715, 1761, 1798, 1832, 1871, 
1911, 1948, 1987, 2026, 2066, 2104, 2144, 2182, 2221, 2259, 
2297, 2333, 2380, 2414, 2446, 2480, 2504, 2537, 2562, 2588, 
2613, 2632, 2652, 2670, 2684, 2697, 2708, 2718, 2727, 2732, 
2732, 2734, 2730, 2724, 2718, 2708, 2697, 2684, 2668, 2650, 
2630, 2611, 2586, 2560, 2525, 2495, 2465, 2432, 2403, 2367, 
2329, 2294, 2255, 2220, 2179, 2140, 2102, 2062, 2022, 1984, 
1930, 1892, 1858, 1816, 1782, 1743, 1712, 1678, 1644, 1613, 
1584, 1555, 1530, 1504, 1482, 1459, 1433, 1421, 1404, 1390, 
1379, 1372, 1365, 1362, 1363, 1361, 1365, 1371, 1379, 1391, 
1404, 1419, 1439, 1459, 1480, 1504, 1529, 1554, 1582, 1612, 
1643, 1676, 1711, 1745, 1782, 1816, 1855, 1891, 1945, 1982, 
2022, 2061, 2100, 2140, 2179, 2219, 2256, 2292, 2331, 2366, 
2399, 2433, 2464, 2494, 2536, 2559, 2584, 2608, 2628, 2648, 
2668, 2681, 2697, 2709, 2718, 2724, 2730, 2734, 2733, 2734, 
2726, 2719, 2708, 2699, 2684, 2671, 2652, 2631, 2612, 2588, 
2563, 2536, 2508, 2479, 2450, 2414, 2370, 2333, 2298, 2259, 
2222, 2183, 2144, 2106, 2064, 2027, 1991, 1948, 1912, 1874, 
1836, 1799, 1751, 1714, 1681, 1648, 1616, 1587, 1558, 1531, 
1507, 1484, 1461, 1442, 1423, 1403, 1397, 1382, 1372, 1367, 
1361, 1362, 1362, 1364, 1370, 1378, 1388, 1401, 1414, 1431, 
1450, 1470, 1494, 1516, 1552, 1580, 1610, 1640, 1677, 1706, 
1742, 1776, 1814, 1851, 1888, 1929, 1967, 2004, 2044, 2084, 
2136, 2176, 2214, 2251, 2289, 2327, 2361, 2396, 2428, 2460, 
2492, 2523, 2548, 2571, 2600, 2622, 2650, 2667, 2681, 2696, 
2707, 2716, 2726, 2732, 2732, 2734, 2736, 2727, 2723, 2716, 
2704, 2691, 2671, 2655, 2635, 2614, 2590, 2565, 2540, 2511, 
2483, 2454, 2417, 2384, 2352, 2314, 2275, 2239, 2187, 2148, 
2110, 2070, 2031, 1991, 1952, 1915, 1875, 1838, 1800, 1768, 
1731, 1697, 1664, 1631, 1422, 1404, 1392, 1385, 1371, 1366, 
1359, 1360, 1360, 1364, 1370, 1375, 1382, 1396, 1411, 1425, 
1450, 1475, 1493, 1519, 1545, 1572, 1602, 1633, 1666, 1699, 
1734, 1768, 1804, 1841, 1878, 1918, 1971, 2007, 2048, 2091, 
2126, 2166, 2204, 2242, 2280, 2318, 2353, 2386, 2422, 2453, 
2484, 2511, 2551, 2575, 2600, 2622, 2641, 2660, 2676, 2691, 
2700, 2713, 2720, 2727, 2732, 2732, 2735, 2727, 2721, 2711, 
2702, 2688, 2675, 2656, 2637, 2616, 2595, 2572, 2543, 2516, 
2488, 2457, 2428, 2393, 2344, 2308, 2271, 2233, 2195, 2158, 
2118, 2079, 2039, 1999, 1961, 1921, 1884, 1846, 1811, 1770, 
1724, 1692, 1657, 1626, 1596, 1566, 1540, 1513, 1490, 1467, 
1447, 1428, 1415, 1398, 1388, 1379, 1368, 1365, 1362, 1361, 
1364, 1368, 1376, 1384, 1396, 1411, 1427, 1447, 1463, 1486, 
1507, 1535, 1571, 1600, 1629, 1663, 1695, 1731, 1764, 1800, 
1839, 1875, 1915, 1953, 1991, 2033, 2069, 2111, 2163, 2203, 
2240, 2275, 2314, 2352, 2384, 2419, 2450, 2483, 2509, 2540, 
2566, 2591, 2613, 2635, 2659, 2676, 2691, 2703, 2714, 2722, 
2727, 2733, 2733, 2736, 2728, 2724, 2716, 2708, 2695, 2681, 
2659, 2641, 2620, 2596, 2574, 2547, 2521, 2491, 2460, 2428, 
2395, 2360, 2326, 2289, 2250, 2213, 2160, 2121, 2083, 2044, 
2004, 1966, 1926, 1888, 1849, 1816, 1777, 1740, 1708, 1674, 
1640, 1611, 1570, 1542, 1516, 1493, 1470, 1448, 1432, 1411, 
1400, 1389, 1378, 1369, 1366, 1362, 1361, 1362, 1368, 1376, 
1384, 1394, 1409, 1424, 1442, 1462, 1483, 1504, 1532, 1558, 
1587, 1616, 1648, 1679, 1727, 1762, 1800, 1835, 1871, 1912, 
1950, 1986, 2028, 2067, 2106, 2147, 2183, 2222, 2259, 2297, 
2348, 2381, 2416, 2447, 2480, 2505, 2539, 2563, 2591, 2612, 
2631, 2652, 2671, 2684, 2698, 2708, 2721, 2728, 2733, 2733, 
2732, 2731, 2724, 2719, 2708, 2695, 2680, 2667, 2648, 2629, 
2608, 2585, 2552, 2524, 2495, 2464, 2432, 2398, 2364, 2329, 
2293, 2255, 2217, 2177, 2139, 2100, 2060, 2023, 1968, 1928, 
1891, 1857, 1816, 1780, 1744, 1710, 1676, 1644, 1612, 1584, 
1553, 1528, 1503, 1481, 1449, 1432, 1419, 1404, 1390, 1379, 
1369, 1365, 1361, 1363, 1362, 1365, 1373, 1379, 1391, 1404, 
1422, 1441, 1460, 1483, 1504, 1528, 1556, 1584, 1613, 1645, 
1676, 1712, 1745, 1782, 1819, 1855, 1907, 1947, 1983, 2025, 
2062, 2102, 2142, 2179, 2219, 2256, 2293, 2329, 2364, 2400, 
2433, 2466, 2507, 2535, 2561, 2587, 2611, 2630, 2652, 2668, 
2684, 2699, 2710, 2719, 2726, 2729, 2734, 2735, 2732, 2726, 
2719, 2709, 2699, 2683, 2668, 2652, 2632, 2611, 2588, 2561, 
2535, 2508, 2478, 2448, 2407, 2366, 2332, 2297, 2259, 2222, 
2183, 2144, 2105, 2065, 2025, 1987, 1948, 1909, 1870, 1832, 
1784, 1747, 1715, 1680, 1648, 1615, 1585, 1557, 1531, 1504, 
1483, 1462, 1441, 1422, 1409, 1393, 1379, 1372, 1367, 1362, 
1361, 1362, 1364, 1371, 1379, 1390, 1401, 1416, 1432, 1455, 
1469, 1492, 1525, 1551, 1580, 1610, 1639, 1673, 1708, 1743, 
1778, 1814, 1852, 1889, 1928, 1967, 2004, 2044, 2098, 2138, 
2178, 2215, 2252, 2290, 2326, 2363, 2400, 2431, 2463, 2493, 
2521, 2551, 2573, 2600, 2627, 2648, 2668, 2680, 2695, 2710, 
2716, 2724, 2731, 2734, 2732, 2731, 2728, 2722, 2714, 2703, 
2687, 2671, 2654, 2634, 2615, 2590, 2566, 2539, 2511, 2481, 
2447, 2415, 2383, 2348, 2315, 2276, 2225, 2186, 2147, 2109, 
2069, 2029, 1991, 1953, 1913, 1875, 1836, 1799, 1768, 1731, 
1695, 1662, 1618, 1587, 1555, 1525, 1496, 1473, 1451, 1431, 
1414, 1399, 1388, 1378, 1369, 1364, 1364, 1363, 1366, 1368, 
1376, 1384, 1396, 1409, 1424, 1442, 1463, 1484, 1509, 1531, 
1559, 1588, 1619, 1649, 1694, 1730, 1763, 1800, 1836, 1874, 
1912, 1953, 1987, 2028, 2067, 2107, 2147, 2184, 2225, 2262, 
2311, 2350, 2383, 2417, 2448, 2480, 2515, 2537, 2564, 2590, 
2616, 2635, 2653, 2671, 2684, 2700, 2713, 2720, 2727, 2732, 
2734, 2733, 2732, 2726, 2719, 2708, 2696, 2682, 2668, 2649, 
2629, 2609, 2576, 2551, 2523, 2492, 2463, 2428, 2400, 2363, 
2328, 2292, 2254, 2216, 2177, 2139, 2101, 2059, 2007, 1968, 
1928, 1891, 1855, 1814, 1779, 1743, 1710, 1676, 1643, 1613, 
1582, 1555, 1527, 1502, 1472, 1451, 1431, 1417, 1400, 1388, 
1376, 1371, 1365, 1362, 1362, 1363, 1366, 1372, 1380, 1388, 
1410, 1425, 1440, 1459, 1485, 1504, 1530, 1557, 1585, 1615, 
1646, 1679, 1713, 1747, 1784, 1820, 1871, 1908, 1942, 1988, 
2024, 2064, 2103, 2144, 2180, 2220, 2257, 2295, 2332, 2367, 
2401, 2435, 2479, 2503, 2535, 2563, 2587, 2611, 2630, 2652, 
2668, 2683, 2699, 2711, 2719, 2724, 2730, 2734, 2732, 2729, 
2723, 2723, 2710, 2697, 2686, 2668, 2652, 2630, 2611, 2588, 
2563, 2535, 2505, 2477, 2436, 2400, 2366, 2329, 2294, 2257, 
2221, 2182, 2143, 2103, 2063, 2023, 1986, 1945, 1908, 1869, 
1820, 1785, 1747, 1714, 1677, 1646, 1614, 1584, 1556, 1528, 
1504, 1482, 1459, 1440, 1424, 1409, 1392, 1384, 1374, 1366, 
1362, 1361, 1364, 1365, 1371, 1379, 1390, 1401, 1418, 1432, 
1454, 1474, 1502, 1527, 1553, 1582, 1612, 1643, 1676, 1710, 
1743, 1780, 1816, 1854, 1891, 1928, 1966, 2006, 2060, 2100, 
2138, 2179, 2216, 2254, 2291, 2329, 2364, 2400, 2432, 2463, 
2492, 2524, 2549, 2577, 2608, 2628, 2648, 2667, 2681, 2695, 
2709, 2716, 2724, 2732, 2732, 2733, 2736, 2727, 2722, 2712, 
2699, 2684, 2671, 2652, 2631, 2615, 2589, 2564, 2536, 2510, 
2480, 2448, 2419, 2383, 2347, 2312, 2259, 2224, 2184, 2145, 
2107, 2067, 2028, 1990, 1948, 1911, 1872, 1834, 1800, 1765, 
1728, 1693, 1648, 1617, 1588, 1559, 1532, 1505, 1486, 1462, 
1442, 1423, 1404, 1395, 1383, 1377, 1367, 1365, 1363, 1363, 
1365, 1372, 1378, 1388, 1403, 1415, 1431, 1448, 1468, 1489, 
1513, 1544, 1569, 1599, 1640, 1673, 1707, 1740, 1776, 1812, 
1850, 1886, 1926, 1964, 2001, 2045, 2082, 2121, 2160, 2199, 
2251, 2288, 2323, 2361, 2395, 2429, 2460, 2491, 2524, 2550, 
2572, 2599, 2620, 2640, 2660, 2676, 2696, 2708, 2718, 2726, 
2732, 2734, 2734, 2735, 2730, 2723, 2716, 2705, 2693, 2675, 
2662, 2641, 2614, 2591, 2567, 2540, 2512, 2483, 2451, 2419, 
2385, 2355, 2313, 2278, 2240, 2203, 2163, 2124, 2072, 2031, 
1992, 1954, 1916, 1877, 1838, 1803, 1768, 1731, 1698, 1663, 
1634, 1602, 1571, 1546, 1509, 1486, 1465, 1444, 1426, 1413, 
1396, 1384, 1376, 1371, 1366, 1361, 1362, 1363, 1368, 1376, 
1387, 1399, 1415, 1428, 1447, 1468, 1487, 1509, 1539, 1564, 
1596, 1624, 1659, 1691, 1725, 1759, 1808, 1846, 1884, 1923, 
1959, 2001, 2039, 2078, 2117, 2156, 2195, 2235, 2272, 2308, 
2344, 2380, 2425, 2457, 2489, 2515, 2546, 2571, 2595, 2616, 
2638, 2657, 2676, 2689, 2702, 2711, 2721, 2728, 2732, 2734, 
2733, 2727, 2721, 2713, 2708, 2692, 2679, 2663, 2643, 2621, 
2603, 2578, 2553, 2526, 2486, 2456, 2424, 2387, 2355, 2319, 
2278, 2243, 2207, 2168, 2127, 2091, 2051, 2010, 1972, 1933, 
1882, 1843, 1807, 1769, 1736, 1700, 1669, 1603, 1603, 1414, 
1399, 1385, 1376, 1370, 1363, 1361, 1361, 1364, 1366, 1375, 
1383, 1394, 1408, 1423, 1441, 1460, 1485, 1504, 1532, 1558, 
1587, 1616, 1662, 1691, 1729, 1761, 1799, 1835, 1872, 1911, 
1947, 1990, 2027, 2065, 2104, 2144, 2183, 2223, 2273, 2308, 
2347, 2380, 2415, 2447, 2479, 2509, 2535, 2563, 2585, 2612, 
2631, 2651, 2670, 2682, 2703, 2712, 2721, 2726, 2732, 2732, 
2732, 2731, 2721, 2717, 2710, 2695, 2680, 2667, 2647, 2628, 
2599, 2574, 2550, 2521, 2492, 2462, 2435, 2398, 2363, 2327, 
2290, 2254, 2215, 2176, 2137, 2097, 2046, 2004, 1967, 1927, 
1890, 1853, 1816, 1779, 1743, 1710, 1676, 1643, 1612, 1582, 
1553, 1526, 1494, 1472, 1451, 1431, 1417, 1399, 1391, 1379, 
1369, 1366, 1362, 1363, 1362, 1366, 1373, 1380, 1395, 1408, 
1424, 1439, 1456, 1486, 1504, 1528, 1555, 1584, 1615, 1646, 
1678, 1712, 1746, 1784, 1832, 1869, 1907, 1947, 1983, 2024, 
2062, 2104, 2144, 2180, 2220, 2259, 2295, 2331, 2367, 2400, 
2445, 2478, 2507, 2536, 2559, 2588, 2610, 2631, 2651, 2667, 
2683, 2698, 2709, 2719, 2724, 2730, 2733, 2733, 2729, 2727, 
2719, 2708, 2696, 2684, 2667, 2651, 2630, 2611, 2587, 2563, 
2535, 2506, 2465, 2432, 2403, 2366, 2332, 2296, 2257, 2220, 
2181, 2142, 2104, 2065, 2025, 1987, 1947, 1908, 1857, 1820, 
1782, 1743, 1712, 1679, 1647, 1615, 1584, 1556, 1531, 1504, 
1481, 1459, 1439, 1423, 1406, 1387, 1382, 1374, 1368, 1363, 
1362, 1363, 1366, 1368, 1379, 1390, 1401, 1417, 1432, 1451, 
1481, 1501, 1527, 1552, 1582, 1612, 1643, 1676, 1709, 1743, 
1780, 1816, 1855, 1891, 1928, 1971, 2021, 2057, 2099, 2138, 
2178, 2215, 2254, 2293, 2328, 2364, 2399, 2432, 2463, 2494, 
2524, 2551, 2584, 2609, 2628, 2648, 2667, 2681, 2695, 2708, 
2716, 2724, 2729, 2734, 2733, 2733, 2729, 2723, 2710, 2697, 
2684, 2670, 2652, 2633, 2614, 2590, 2565, 2537, 2510, 2480, 
2448, 2417, 2382, 2351, 2302, 2260, 2224, 2184, 2147, 2106, 
2067, 2028, 1988, 1950, 1912, 1875, 1836, 1798, 1763, 1729, 
1681, 1648, 1617, 1588, 1559, 1532, 1507, 1484, 1463, 1444, 
1424, 1411, 1396, 1383, 1376, 1368, 1361, 1363, 1362, 1364, 
1372, 1379, 1388, 1401, 1415, 1429, 1448, 1470, 1491, 1514, 
1543, 1569, 1608, 1640, 1673, 1707, 1742, 1775, 1811, 1850, 
1887, 1926, 1960, 2003, 2043, 2080, 2120, 2160, 2212, 2249, 
2288, 2323, 2360, 2392, 2427, 2460, 2492, 2520, 2547, 2572, 
2599, 2619, 2639, 2660, 2681, 2695, 2707, 2718, 2723, 2731, 
2734, 2733, 2734, 2727, 2721, 2712, 2703, 2692, 2676, 2661, 
2635, 2615, 2591, 2567, 2540, 2512, 2483, 2454, 2420, 2384, 
2352, 2316, 2278, 2240, 2200, 2164, 2111, 2072, 2033, 1991, 
1952, 1916, 1876, 1841, 1804, 1768, 1732, 1696, 1663, 1632, 
1601, 1572, 1534, 1510, 1487, 1465, 1444, 1425, 1411, 1398, 
1385, 1376, 1369, 1365, 1361, 1361, 1364, 1368, 1378, 1388, 
1399, 1415, 1430, 1448, 1468, 1487, 1512, 1540, 1565, 1596, 
1623, 1661, 1691, 1726, 1771, 1808, 1846, 1883, 1920, 1959, 
1997, 2038, 2076, 2116, 2156, 2193, 2233, 2271, 2307, 2343, 
2390, 2424, 2457, 2488, 2516, 2545, 2570, 2595, 2617, 2638, 
2657, 2677, 2688, 2700, 2712, 2722, 2729, 2732, 2733, 2733, 
2730, 2724, 2715, 2706, 2692, 2680, 2663, 2643, 2625, 2604, 
2578, 2553, 2515, 2487, 2456, 2423, 2390, 2356, 2319, 2283, 
2244, 2209, 2169, 2128, 2091, 2051, 2011, 1973, 1920, 1881, 
1846, 1807, 1772, 1737, 1701, 1669, 1635, 1603, 1573, 1540, 
1510, 1486, 1463, 1443, 1400, 1390, 1379, 1371, 1364, 1361, 
1361, 1362, 1368, 1373, 1382, 1392, 1404, 1419, 1435, 1453, 
1483, 1507, 1532, 1560, 1587, 1617, 1648, 1681, 1715, 1750, 
1787, 1822, 1860, 1897, 1933, 1976, 2027, 2066, 2108, 2145, 
2184, 2224, 2260, 2297, 2334, 2369, 2404, 2437, 2468, 2499, 
2529, 2555, 2590, 2612, 2633, 2652, 2671, 2685, 2699, 2710, 
2719, 2726, 2732, 2734, 2733, 2731, 2727, 2720, 2710, 2697, 
2681, 2668, 2649, 2630, 2608, 2584, 2559, 2533, 2503, 2474, 
2443, 2409, 2376, 2340, 2292, 2253, 2217, 2177, 2139, 2099, 
2060, 2021, 1982, 1942, 1904, 1867, 1830, 1793, 1758, 1723, 
1678, 1644, 1611, 1583, 1554, 1528, 1502, 1480, 1459, 1439, 
1423, 1407, 1393, 1383, 1373, 1368, 1362, 1363, 1362, 1364, 
1374, 1380, 1390, 1404, 1419, 1433, 1452, 1472, 1496, 1521, 
1548, 1574, 1615, 1645, 1678, 1712, 1746, 1784, 1819, 1856, 
1894, 1932, 1971, 2009, 2050, 2088, 2127, 2168, 2219, 2257, 
2296, 2332, 2367, 2403, 2435, 2467, 2495, 2526, 2553, 2577, 
2603, 2623, 2644, 2663, 2684, 2699, 2708, 2719, 2725, 2731, 
2732, 2734, 2734, 2728, 2721, 2712, 2703, 2691, 2676, 2657, 
2631, 2611, 2588, 2562, 2535, 2507, 2478, 2446, 2416, 2379, 
2344, 2308, 2272, 2233, 2195, 2156, 2104, 2063, 2024, 1988, 
1946, 1909, 1871, 1833, 1795, 1759, 1727, 1691, 1658, 1626, 
1596, 1561, 1530, 1506, 1482, 1460, 1440, 1423, 1409, 1396, 
1383, 1376, 1368, 1366, 1362, 1362, 1364, 1369, 1377, 1390, 
1401, 1415, 1431, 1452, 1472, 1492, 1518, 1544, 1574, 1601, 
1631, 1664, 1696, 1732, 1779, 1815, 1852, 1891, 1928, 1968, 
2006, 2047, 2084, 2124, 2163, 2203, 2241, 2278, 2314, 2352, 
2398, 2431, 2463, 2493, 2523, 2551, 2576, 2600, 2623, 2641, 
2660, 2676, 2691, 2703, 2715, 2718, 2731, 2732, 2734, 2734, 
2727, 2722, 2715, 2703, 2689, 2676, 2659, 2640, 2620, 2598, 
2574, 2547, 2510, 2480, 2448, 2417, 2382, 2348, 2311, 2275, 
2239, 2199, 2160, 2121, 2082, 2044, 2004, 1964, 1913, 1874, 
1836, 1800, 1763, 1729, 1694, 1661, 1630, 1599, 1568, 1543, 
1516, 1492, 1470, 1449, 1424, 1409, 1395, 1384, 1377, 1368, 
1365, 1361, 1363, 1366, 1367, 1376, 1385, 1396, 1410, 1423, 
1448, 1470, 1491, 1515, 1543, 1568, 1599, 1627, 1662, 1692, 
1728, 1762, 1800, 1835, 1872, 1912, 1964, 2003, 2042, 2081, 
2120, 2160, 2199, 2236, 2274, 2310, 2348, 2381, 2417, 2448, 
2480, 2510, 2547, 2573, 2596, 2619, 2641, 2660, 2676, 2690, 
2704, 2712, 2721, 2728, 2732, 2732, 2733, 2731, 2723, 2713, 
2704, 2693, 2676, 2663, 2643, 2623, 2599, 2577, 2551, 2524, 
2492, 2463, 2431, 2399, 2351, 2315, 2279, 2240, 2202, 2164, 
2124, 2086, 2047, 2007, 1968, 1929, 1891, 1854, 1816, 1780, 
1731, 1697, 1664, 1632, 1601, 1572, 1545, 1519, 1494, 1472, 
1450, 1432, 1417, 1401, 1389, 1379, 1370, 1365, 1363, 1361, 
1364, 1368, 1374, 1383, 1396, 1409, 1424, 1440, 1460, 1481, 
1504, 1529, 1564, 1595, 1624, 1657, 1689, 1726, 1758, 1796, 
1832, 1869, 1907, 1946, 1984, 2024, 2062, 2102, 2155, 2193, 
2234, 2272, 2308, 2343, 2379, 2413, 2445, 2478, 2506, 2536, 
2562, 2586, 2611, 2631, 2657, 2675, 2688, 2701, 2711, 2721, 
2727, 2729, 2734, 2732, 2729, 2725, 2719, 2709, 2698, 2684, 
2663, 2643, 2623, 2598, 2579, 2553, 2526, 2496, 2466, 2435, 
2405, 2366, 2332, 2295, 2258, 2221, 2168, 2129, 2091, 2051, 
2011, 1971, 1933, 1894, 1859, 1820, 1785, 1748, 1713, 1680, 
1646, 1615, 1414, 1400, 1388, 1376, 1369, 1363, 1361, 1361, 
1360, 1367, 1372, 1380, 1389, 1403, 1417, 1434, 1459, 1481, 
1503, 1529, 1556, 1584, 1613, 1644, 1679, 1713, 1747, 1783, 
1819, 1857, 1893, 1934, 1985, 2023, 2062, 2103, 2143, 2180, 
2219, 2256, 2295, 2332, 2367, 2401, 2435, 2464, 2495, 2526, 
2561, 2587, 2610, 2631, 2651, 2668, 2683, 2697, 2708, 2719, 
2726, 2729, 2732, 2732, 2730, 2727, 2718, 2707, 2696, 2682, 
2666, 2648, 2628, 2609, 2584, 2559, 2534, 2503, 2476, 2444, 
2412, 2376, 2330, 2292, 2255, 2218, 2179, 2140, 2101, 2062, 
2023, 1984, 1944, 1907, 1870, 1831, 1795, 1758, 1712, 1679, 
1646, 1613, 1585, 1554, 1528, 1503, 1481, 1459, 1439, 1421, 
1408, 1395, 1383, 1373, 1366, 1361, 1361, 1361, 1364, 1370, 
1379, 1389, 1402, 1416, 1431, 1452, 1473, 1493, 1518, 1545, 
1582, 1612, 1643, 1676, 1710, 1744, 1781, 1816, 1855, 1891, 
1928, 1968, 2007, 2046, 2087, 2124, 2178, 2217, 2255, 2293, 
2328, 2365, 2398, 2431, 2463, 2494, 2524, 2551, 2576, 2599, 
2623, 2642, 2667, 2680, 2694, 2710, 2716, 2724, 2729, 2734, 
2732, 2734, 2728, 2721, 2713, 2703, 2691, 2674, 2652, 2632, 
2611, 2588, 2563, 2537, 2508, 2480, 2447, 2416, 2382, 2347, 
2311, 2273, 2237, 2197, 2145, 2105, 2066, 2028, 1988, 1948, 
1911, 1872, 1836, 1800, 1762, 1728, 1692, 1662, 1628, 1599, 
1557, 1534, 1507, 1484, 1462, 1443, 1423, 1409, 1395, 1384, 
1375, 1368, 1365, 1361, 1362, 1364, 1370, 1379, 1389, 1401, 
1415, 1431, 1449, 1472, 1492, 1516, 1543, 1570, 1599, 1628, 
1663, 1694, 1742, 1776, 1814, 1849, 1887, 1927, 1964, 2003, 
2048, 2082, 2120, 2160, 2199, 2238, 2276, 2312, 2361, 2395, 
2428, 2461, 2492, 2520, 2547, 2574, 2598, 2620, 2641, 2660, 
2676, 2689, 2703, 2713, 2726, 2730, 2732, 2733, 2732, 2727, 
2723, 2713, 2704, 2691, 2676, 2660, 2642, 2622, 2600, 2575, 
2539, 2512, 2482, 2451, 2420, 2383, 2351, 2314, 2277, 2240, 
2201, 2163, 2124, 2084, 2045, 2007, 1952, 1916, 1875, 1839, 
1802, 1766, 1732, 1697, 1663, 1631, 1600, 1571, 1545, 1517, 
1494, 1472, 1443, 1426, 1412, 1398, 1384, 1376, 1368, 1365, 
1362, 1362, 1365, 1369, 1375, 1383, 1395, 1408, 1429, 1445, 
1468, 1487, 1515, 1540, 1568, 1596, 1627, 1659, 1690, 1726, 
1760, 1796, 1833, 1871, 1923, 1961, 2000, 2040, 2079, 2116, 
2158, 2195, 2235, 2272, 2307, 2344, 2380, 2416, 2446, 2479, 
2518, 2546, 2572, 2596, 2619, 2638, 2659, 2676, 2689, 2702, 
2712, 2721, 2727, 2732, 2734, 2734, 2728, 2723, 2713, 2705, 
2691, 2678, 2662, 2643, 2623, 2601, 2579, 2552, 2524, 2495, 
2464, 2433, 2389, 2355, 2316, 2282, 2244, 2206, 2167, 2127, 
2089, 2050, 2009, 1971, 1931, 1893, 1857, 1818, 1771, 1735, 
1699, 1668, 1635, 1604, 1574, 1547, 1522, 1497, 1473, 1452, 
1434, 1419, 1404, 1390, 1376, 1370, 1365, 1363, 1362, 1363, 
1368, 1374, 1383, 1394, 1405, 1423, 1438, 1458, 1480, 1503, 
1537, 1563, 1593, 1623, 1655, 1688, 1723, 1756, 1793, 1831, 
1867, 1906, 1943, 1984, 2022, 2060, 2113, 2153, 2193, 2231, 
2270, 2303, 2342, 2376, 2411, 2443, 2476, 2504, 2535, 2560, 
2584, 2608, 2637, 2656, 2672, 2687, 2700, 2712, 2719, 2727, 
2732, 2734, 2733, 2731, 2726, 2719, 2709, 2699, 2678, 2664, 
2645, 2625, 2604, 2579, 2554, 2527, 2499, 2470, 2436, 2404, 
2370, 2335, 2298, 2260, 2209, 2172, 2132, 2089, 2052, 2012, 
1975, 1935, 1899, 1860, 1820, 1787, 1749, 1716, 1681, 1649, 
1606, 1574, 1546, 1512, 1486, 1463, 1443, 1424, 1408, 1395, 
1384, 1376, 1368, 1365, 1363, 1362, 1364, 1370, 1378, 1390, 
1401, 1415, 1431, 1451, 1471, 1493, 1518, 1543, 1571, 1601, 
1632, 1666, 1708, 1743, 1779, 1816, 1853, 1889, 1928, 1967, 
2006, 2046, 2086, 2124, 2163, 2202, 2240, 2278, 2327, 2364, 
2399, 2432, 2463, 2492, 2521, 2551, 2575, 2600, 2622, 2641, 
2660, 2676, 2691, 2704, 2717, 2724, 2729, 2733, 2732, 2734, 
2727, 2723, 2715, 2704, 2688, 2675, 2659, 2640, 2619, 2597, 
2564, 2537, 2510, 2480, 2447, 2416, 2382, 2348, 2311, 2275, 
2237, 2199, 2160, 2121, 2082, 2044, 1990, 1951, 1913, 1875, 
1836, 1801, 1763, 1729, 1694, 1662, 1628, 1599, 1569, 1543, 
1516, 1491, 1462, 1440, 1424, 1410, 1395, 1384, 1376, 1368, 
1368, 1363, 1361, 1366, 1367, 1375, 1385, 1395, 1414, 1429, 
1448, 1470, 1490, 1515, 1542, 1568, 1598, 1628, 1661, 1693, 
1728, 1762, 1800, 1835, 1886, 1925, 1965, 2003, 2042, 2081, 
2121, 2160, 2199, 2236, 2274, 2311, 2348, 2380, 2416, 2448, 
2491, 2520, 2547, 2574, 2598, 2620, 2640, 2659, 2677, 2689, 
2703, 2713, 2723, 2728, 2734, 2734, 2734, 2727, 2721, 2715, 
2703, 2692, 2675, 2662, 2642, 2622, 2600, 2575, 2550, 2523, 
2492, 2463, 2420, 2385, 2352, 2317, 2279, 2241, 2203, 2164, 
2124, 2086, 2047, 2008, 1968, 1929, 1891, 1854, 1801, 1769, 
1734, 1696, 1664, 1632, 1601, 1572, 1545, 1519, 1494, 1473, 
1452, 1432, 1416, 1401, 1385, 1377, 1369, 1364, 1363, 1362, 
1364, 1368, 1375, 1384, 1395, 1409, 1422, 1440, 1460, 1481, 
1512, 1539, 1566, 1595, 1624, 1657, 1690, 1726, 1759, 1795, 
1832, 1871, 1907, 1945, 1985, 2024, 2075, 2116, 2155, 2194, 
2233, 2271, 2307, 2344, 2379, 2412, 2445, 2478, 2505, 2536, 
2562, 2587, 2617, 2639, 2659, 2676, 2686, 2700, 2712, 2722, 
2727, 2730, 2733, 2732, 2731, 2726, 2719, 2710, 2694, 2680, 
2663, 2643, 2624, 2603, 2579, 2553, 2527, 2496, 2466, 2433, 
2401, 2366, 2332, 2296, 2244, 2207, 2168, 2128, 2090, 2050, 
2011, 1972, 1932, 1895, 1857, 1820, 1784, 1748, 1713, 1678, 
1635, 1605, 1574, 1551, 1521, 1496, 1473, 1453, 1435, 1417, 
1404, 1391, 1381, 1373, 1367, 1362, 1361, 1362, 1368, 1374, 
1382, 1392, 1406, 1424, 1437, 1457, 1479, 1501, 1526, 1553, 
1581, 1612, 1655, 1687, 1720, 1756, 1792, 1830, 1865, 1904, 
1941, 1983, 2019, 2059, 2098, 2137, 2176, 2215, 2268, 2304, 
2340, 2375, 2411, 2443, 2475, 2504, 2532, 2559, 2583, 2609, 
2627, 2648, 2668, 2682, 2700, 2712, 2719, 2727, 2731, 2732, 
2734, 2732, 2727, 2719, 2711, 2700, 2685, 2670, 2652, 2633, 
2604, 2580, 2555, 2528, 2499, 2469, 2439, 2406, 2371, 2335, 
2304, 2262, 2225, 2185, 2147, 2108, 2052, 2014, 1976, 1937, 
1899, 1862, 1824, 1788, 1751, 1716, 1683, 1650, 1617, 1588, 
1559, 1532, 1503, 1476, 1455, 1436, 1420, 1404, 1392, 1382, 
1374, 1368, 1361, 1363, 1363, 1364, 1371, 1378, 1392, 1407, 
1421, 1436, 1457, 1476, 1499, 1525, 1550, 1579, 1609, 1638, 
1671, 1706, 1740, 1776, 1825, 1863, 1900, 1937, 1979, 2016, 
2055, 2096, 2135, 2174, 2212, 2248, 2288, 2323, 2361, 2396, 
2440, 2471, 2499, 2529, 2556, 2579, 2606, 2625, 2647, 2665, 
2681, 2695, 2707, 2716, 2726, 2731, 2733, 2732, 2731, 2727, 
2719, 2712, 2701, 2687, 2673, 2654, 2636, 2614, 2592, 2567, 
2540, 2514, 2472, 2442, 2408, 2372, 2339, 2303, 2266, 2227, 
2188, 2151, 2112, 2073, 2033, 1994, 1953, 1916, 1864, 1827, 
1792, 1754, 1721, 1684, 1652, 1621, 1422, 1407, 1394, 1383, 
1373, 1367, 1363, 1361, 1361, 1364, 1369, 1378, 1389, 1400, 
1415, 1431, 1449, 1471, 1494, 1518, 1543, 1571, 1600, 1631, 
1676, 1708, 1743, 1780, 1816, 1854, 1890, 1928, 1968, 2006, 
2046, 2085, 2124, 2164, 2201, 2240, 2290, 2327, 2366, 2398, 
2431, 2463, 2493, 2524, 2549, 2575, 2598, 2622, 2642, 2661, 
2675, 2691, 2707, 2716, 2724, 2729, 2732, 2732, 2733, 2727, 
2720, 2712, 2703, 2688, 2675, 2659, 2639, 2619, 2588, 2563, 
2535, 2507, 2479, 2447, 2416, 2381, 2345, 2310, 2272, 2236, 
2198, 2160, 2119, 2080, 2028, 1989, 1948, 1911, 1872, 1835, 
1798, 1761, 1728, 1694, 1660, 1627, 1599, 1568, 1541, 1515, 
1484, 1462, 1441, 1423, 1408, 1395, 1383, 1375, 1367, 1364, 
1361, 1362, 1363, 1367, 1378, 1383, 1398, 1414, 1431, 1449, 
1470, 1491, 1516, 1543, 1569, 1599, 1628, 1660, 1694, 1729, 
1763, 1800, 1849, 1888, 1926, 1964, 2003, 2044, 2082, 2121, 
2160, 2199, 2238, 2275, 2311, 2348, 2383, 2418, 2460, 2490, 
2520, 2548, 2574, 2597, 2620, 2640, 2659, 2676, 2688, 2703, 
2713, 2721, 2727, 2732, 2732, 2732, 2727, 2723, 2713, 2703, 
2691, 2675, 2660, 2641, 2622, 2599, 2575, 2550, 2522, 2492, 
2449, 2417, 2384, 2352, 2313, 2278, 2240, 2202, 2163, 2124, 
2084, 2045, 2006, 1966, 1927, 1889, 1839, 1800, 1767, 1732, 
1695, 1663, 1629, 1600, 1571, 1544, 1517, 1492, 1471, 1451, 
1432, 1416, 1398, 1384, 1376, 1369, 1364, 1362, 1361, 1364, 
1367, 1376, 1384, 1395, 1409, 1424, 1439, 1459, 1490, 1515, 
1540, 1567, 1596, 1625, 1660, 1690, 1726, 1760, 1796, 1833, 
1871, 1909, 1947, 1986, 2039, 2078, 2116, 2156, 2197, 2234, 
2271, 2308, 2345, 2377, 2414, 2446, 2479, 2508, 2536, 2563, 
2595, 2619, 2639, 2659, 2675, 2689, 2703, 2712, 2721, 2728, 
2732, 2733, 2733, 2731, 2726, 2720, 2705, 2694, 2679, 2663, 
2643, 2623, 2601, 2577, 2552, 2525, 2495, 2465, 2433, 2401, 
2365, 2330, 2283, 2243, 2205, 2167, 2127, 2089, 2051, 2009, 
1971, 1932, 1894, 1856, 1819, 1783, 1745, 1711, 1667, 1635, 
1604, 1574, 1547, 1521, 1496, 1472, 1452, 1435, 1417, 1403, 
1390, 1382, 1372, 1366, 1362, 1363, 1363, 1368, 1373, 1384, 
1393, 1407, 1423, 1439, 1460, 1480, 1501, 1527, 1553, 1582, 
1622, 1655, 1688, 1724, 1756, 1794, 1830, 1867, 1905, 1943, 
1983, 2019, 2057, 2100, 2139, 2178, 2231, 2270, 2304, 2342, 
2375, 2412, 2443, 2475, 2505, 2535, 2559, 2584, 2609, 2630, 
2649, 2668, 2687, 2702, 2712, 2721, 2727, 2731, 2732, 2734, 
2731, 2725, 2719, 2712, 2698, 2684, 2671, 2652, 2624, 2604, 
2579, 2552, 2527, 2497, 2468, 2436, 2404, 2368, 2333, 2299, 
2260, 2223, 2184, 2146, 2092, 2053, 2013, 1975, 1935, 1897, 
1861, 1823, 1788, 1750, 1716, 1681, 1649, 1616, 1586, 1558, 
1523, 1499, 1476, 1454, 1434, 1419, 1404, 1393, 1382, 1374, 
1368, 1362, 1364, 1363, 1366, 1371, 1382, 1393, 1408, 1421, 
1438, 1457, 1479, 1500, 1526, 1552, 1580, 1611, 1641, 1673, 
1708, 1742, 1791, 1825, 1863, 1902, 1939, 1980, 2016, 2056, 
2097, 2136, 2175, 2213, 2251, 2286, 2326, 2361, 2408, 2440, 
2471, 2502, 2530, 2556, 2583, 2608, 2627, 2649, 2664, 2682, 
2695, 2707, 2717, 2725, 2732, 2732, 2734, 2731, 2727, 2719, 
2711, 2700, 2688, 2671, 2655, 2636, 2614, 2591, 2567, 2539, 
2502, 2471, 2441, 2408, 2372, 2338, 2301, 2264, 2227, 2188, 
2150, 2111, 2071, 2032, 1992, 1954, 1902, 1863, 1825, 1789, 
1753, 1720, 1685, 1651, 1618, 1589, 1557, 1527, 1497, 1473, 
1452, 1432, 1413, 1398, 1384, 1377, 1367, 1364, 1362, 1362, 
1365, 1368, 1376, 1384, 1395, 1410, 1423, 1442, 1470, 1491, 
1516, 1543, 1568, 1597, 1628, 1662, 1692, 1729, 1763, 1800, 
1836, 1874, 1913, 1951, 2003, 2043, 2080, 2121, 2160, 2200, 
2238, 2275, 2311, 2348, 2382, 2416, 2448, 2480, 2510, 2537, 
2572, 2596, 2620, 2640, 2661, 2677, 2690, 2703, 2715, 2723, 
2728, 2733, 2734, 2734, 2731, 2724, 2713, 2703, 2692, 2676, 
2662, 2643, 2623, 2601, 2576, 2551, 2524, 2493, 2463, 2431, 
2400, 2364, 2315, 2279, 2240, 2202, 2164, 2124, 2086, 2046, 
2006, 1968, 1929, 1891, 1853, 1816, 1779, 1743, 1696, 1663, 
1631, 1601, 1572, 1545, 1518, 1494, 1472, 1451, 1430, 1416, 
1401, 1390, 1378, 1370, 1365, 1363, 1363, 1364, 1368, 1375, 
1384, 1395, 1409, 1423, 1443, 1460, 1484, 1504, 1528, 1557, 
1596, 1624, 1657, 1689, 1726, 1760, 1795, 1832, 1870, 1907, 
1947, 1985, 2025, 2064, 2103, 2143, 2194, 2234, 2272, 2308, 
2344, 2379, 2415, 2446, 2478, 2507, 2535, 2563, 2586, 2611, 
2631, 2652, 2675, 2688, 2700, 2711, 2723, 2727, 2731, 2732, 
2733, 2731, 2724, 2720, 2708, 2696, 2684, 2668, 2644, 2623, 
2603, 2579, 2552, 2527, 2496, 2466, 2434, 2402, 2366, 2332, 
2295, 2258, 2220, 2181, 2127, 2089, 2050, 2011, 1972, 1932, 
1894, 1857, 1820, 1784, 1747, 1713, 1678, 1646, 1614, 1585, 
1547, 1520, 1496, 1472, 1454, 1435, 1418, 1404, 1390, 1380, 
1373, 1366, 1363, 1363, 1363, 1364, 1373, 1382, 1392, 1407, 
1422, 1438, 1459, 1479, 1501, 1527, 1554, 1582, 1613, 1643, 
1677, 1709, 1756, 1792, 1829, 1866, 1904, 1943, 1982, 2020, 
2060, 2100, 2139, 2177, 2216, 2252, 2291, 2328, 2376, 2410, 
2443, 2475, 2503, 2532, 2558, 2584, 2608, 2630, 2649, 2667, 
2683, 2695, 2710, 2718, 2727, 2731, 2733, 2734, 2731, 2726, 
2719, 2711, 2698, 2685, 2671, 2653, 2632, 2614, 2590, 2564, 
2528, 2500, 2468, 2436, 2403, 2369, 2334, 2299, 2260, 2224, 
2184, 2147, 2107, 2067, 2028, 1990, 1935, 1900, 1860, 1823, 
1787, 1750, 1716, 1682, 1649, 1617, 1588, 1560, 1532, 1507, 
1485, 1462, 1434, 1419, 1405, 1393, 1381, 1374, 1368, 1362, 
1363, 1363, 1364, 1371, 1379, 1388, 1400, 1415, 1437, 1456, 
1477, 1499, 1524, 1551, 1579, 1610, 1639, 1673, 1706, 1740, 
1776, 1812, 1849, 1887, 1937, 1980, 2016, 2054, 2096, 2136, 
2175, 2212, 2249, 2288, 2325, 2360, 2394, 2431, 2460, 2492, 
2529, 2557, 2581, 2607, 2627, 2647, 2666, 2682, 2695, 2707, 
2716, 2725, 2731, 2733, 2734, 2734, 2727, 2720, 2711, 2700, 
2687, 2672, 2654, 2636, 2615, 2591, 2567, 2540, 2512, 2483, 
2451, 2420, 2372, 2338, 2303, 2265, 2227, 2189, 2151, 2112, 
2072, 2032, 1993, 1955, 1916, 1879, 1841, 1803, 1755, 1721, 
1685, 1653, 1620, 1591, 1561, 1535, 1512, 1487, 1465, 1444, 
1426, 1412, 1398, 1386, 1372, 1367, 1363, 1363, 1362, 1366, 
1369, 1378, 1387, 1399, 1415, 1427, 1447, 1468, 1489, 1513, 
1548, 1576, 1607, 1636, 1670, 1703, 1739, 1772, 1809, 1844, 
1883, 1923, 1961, 1998, 2039, 2078, 2131, 2170, 2208, 2246, 
2284, 2320, 2358, 2391, 2425, 2456, 2488, 2518, 2545, 2571, 
2595, 2617, 2646, 2665, 2680, 2694, 2707, 2718, 2724, 2731, 
2734, 2733, 2732, 2729, 2723, 2716, 2707, 2694, 2673, 2657, 
2639, 2616, 2594, 2570, 2543, 2515, 2487, 2456, 2423, 2390, 
2354, 2319, 2282, 2243, 2193, 2153, 2115, 2075, 2036, 1996, 
1959, 1920, 1880, 1843, 1806, 1770, 1737, 1701, 1668, 1634, 
1422, 1408, 1397, 1383, 1375, 1367, 1363, 1361, 1361, 1364, 
1366, 1375, 1383, 1395, 1409, 1424, 1448, 1470, 1491, 1516, 
1542, 1569, 1599, 1629, 1661, 1692, 1729, 1764, 1799, 1836, 
1873, 1912, 1964, 2003, 2044, 2082, 2120, 2160, 2199, 2238, 
2275, 2311, 2348, 2383, 2416, 2448, 2479, 2510, 2548, 2573, 
2597, 2620, 2639, 2659, 2675, 2688, 2703, 2712, 2720, 2726, 
2732, 2732, 2732, 2729, 2720, 2712, 2703, 2691, 2675, 2659, 
2640, 2620, 2599, 2575, 2547, 2521, 2491, 2460, 2428, 2396, 
2348, 2313, 2275, 2239, 2200, 2161, 2122, 2083, 2044, 2003, 
1964, 1927, 1888, 1853, 1815, 1778, 1731, 1695, 1663, 1630, 
1599, 1571, 1543, 1517, 1492, 1470, 1450, 1431, 1416, 1400, 
1389, 1378, 1368, 1364, 1362, 1361, 1364, 1368, 1376, 1384, 
1396, 1409, 1423, 1439, 1460, 1481, 1504, 1530, 1564, 1595, 
1624, 1657, 1690, 1725, 1759, 1796, 1832, 1870, 1907, 1945, 
1985, 2025, 2063, 2103, 2156, 2192, 2233, 2270, 2307, 2343, 
2377, 2413, 2444, 2478, 2508, 2535, 2561, 2585, 2611, 2630, 
2656, 2674, 2688, 2700, 2712, 2720, 2727, 2730, 2734, 2734, 
2731, 2726, 2719, 2707, 2697, 2683, 2662, 2643, 2624, 2603, 
2579, 2553, 2526, 2496, 2465, 2435, 2402, 2367, 2332, 2296, 
2258, 2220, 2169, 2128, 2089, 2049, 2011, 1974, 1931, 1895, 
1859, 1820, 1784, 1747, 1713, 1680, 1646, 1615, 1574, 1548, 
1521, 1496, 1473, 1453, 1433, 1418, 1404, 1391, 1381, 1373, 
1367, 1362, 1363, 1363, 1369, 1374, 1383, 1394, 1407, 1422, 
1437, 1457, 1479, 1501, 1526, 1552, 1582, 1612, 1643, 1676, 
1720, 1755, 1792, 1828, 1864, 1904, 1940, 1982, 2019, 2059, 
2098, 2136, 2177, 2215, 2251, 2289, 2339, 2375, 2408, 2440, 
2475, 2503, 2531, 2559, 2584, 2608, 2627, 2648, 2668, 2681, 
2695, 2708, 2719, 2727, 2731, 2732, 2734, 2731, 2726, 2719, 
2710, 2699, 2685, 2671, 2652, 2633, 2614, 2590, 2556, 2528, 
2499, 2470, 2439, 2404, 2369, 2335, 2300, 2263, 2224, 2185, 
2147, 2108, 2068, 2028, 1976, 1935, 1899, 1863, 1825, 1788, 
1751, 1718, 1683, 1650, 1618, 1588, 1560, 1533, 1507, 1485, 
1455, 1436, 1420, 1405, 1392, 1382, 1375, 1367, 1363, 1363, 
1363, 1365, 1371, 1379, 1388, 1400, 1420, 1437, 1457, 1478, 
1498, 1524, 1551, 1578, 1610, 1638, 1671, 1705, 1740, 1776, 
1812, 1848, 1900, 1937, 1977, 2016, 2055, 2095, 2134, 2174, 
2212, 2247, 2287, 2324, 2360, 2393, 2428, 2460, 2499, 2529, 
2556, 2581, 2607, 2627, 2647, 2665, 2681, 2695, 2707, 2716, 
2724, 2731, 2734, 2734, 2731, 2727, 2719, 2711, 2701, 2687, 
2672, 2655, 2635, 2616, 2591, 2567, 2540, 2512, 2484, 2451, 
2408, 2372, 2339, 2304, 2266, 2228, 2190, 2151, 2112, 2073, 
2034, 1994, 1955, 1916, 1878, 1841, 1791, 1755, 1720, 1686, 
1653, 1622, 1591, 1563, 1536, 1510, 1487, 1465, 1445, 1428, 
1413, 1398, 1382, 1374, 1368, 1362, 1362, 1361, 1365, 1371, 
1379, 1387, 1398, 1413, 1429, 1447, 1468, 1488, 1520, 1548, 
1576, 1606, 1635, 1668, 1702, 1737, 1772, 1808, 1845, 1883, 
1921, 1959, 1998, 2038, 2092, 2131, 2168, 2209, 2247, 2284, 
2320, 2358, 2391, 2428, 2457, 2489, 2516, 2544, 2572, 2595, 
2623, 2644, 2663, 2679, 2692, 2707, 2716, 2724, 2732, 2735, 
2733, 2735, 2731, 2723, 2716, 2707, 2689, 2673, 2657, 2639, 
2616, 2595, 2569, 2544, 2515, 2487, 2456, 2424, 2392, 2356, 
2319, 2283, 2232, 2194, 2154, 2115, 2076, 2036, 1998, 1959, 
1921, 1881, 1843, 1806, 1772, 1737, 1700, 1669, 1624, 1591, 
1560, 1531, 1501, 1479, 1456, 1436, 1420, 1404, 1392, 1381, 
1373, 1367, 1363, 1362, 1363, 1369, 1373, 1381, 1392, 1406, 
1422, 1437, 1457, 1479, 1500, 1527, 1552, 1580, 1610, 1640, 
1685, 1719, 1754, 1790, 1825, 1866, 1902, 1940, 1980, 2018, 
2057, 2097, 2137, 2177, 2214, 2252, 2303, 2339, 2373, 2409, 
2440, 2472, 2502, 2530, 2558, 2583, 2607, 2627, 2649, 2667, 
2683, 2696, 2712, 2720, 2727, 2731, 2732, 2734, 2731, 2728, 
2720, 2712, 2700, 2686, 2672, 2655, 2636, 2614, 2582, 2556, 
2531, 2502, 2472, 2440, 2407, 2372, 2337, 2302, 2264, 2227, 
2188, 2150, 2111, 2071, 2017, 1977, 1940, 1901, 1864, 1826, 
1792, 1753, 1719, 1684, 1652, 1619, 1590, 1561, 1535, 1509, 
1478, 1456, 1438, 1420, 1407, 1392, 1383, 1374, 1367, 1362, 
1362, 1362, 1365, 1372, 1380, 1387, 1405, 1420, 1436, 1455, 
1476, 1497, 1523, 1548, 1577, 1607, 1638, 1671, 1704, 1740, 
1772, 1811, 1860, 1896, 1935, 1976, 2014, 2052, 2092, 2129, 
2172, 2209, 2247, 2284, 2321, 2358, 2392, 2427, 2468, 2499, 
2528, 2555, 2580, 2604, 2623, 2647, 2665, 2679, 2694, 2707, 
2717, 2726, 2730, 2734, 2734, 2732, 2727, 2720, 2712, 2700, 
2687, 2673, 2656, 2638, 2617, 2592, 2569, 2544, 2515, 2485, 
2444, 2411, 2376, 2343, 2304, 2269, 2231, 2191, 2152, 2113, 
2074, 2036, 1995, 1958, 1920, 1880, 1830, 1792, 1758, 1723, 
1688, 1655, 1623, 1593, 1564, 1537, 1511, 1487, 1465, 1446, 
1427, 1411, 1395, 1383, 1373, 1367, 1363, 1362, 1362, 1365, 
1372, 1376, 1387, 1400, 1411, 1426, 1447, 1467, 1496, 1520, 
1547, 1575, 1603, 1634, 1667, 1699, 1735, 1770, 1805, 1842, 
1880, 1920, 1957, 1997, 2051, 2087, 2129, 2167, 2206, 2242, 
2281, 2318, 2353, 2388, 2423, 2456, 2485, 2515, 2543, 2569, 
2603, 2623, 2644, 2663, 2678, 2693, 2705, 2715, 2723, 2728, 
2732, 2735, 2734, 2731, 2724, 2717, 2702, 2688, 2676, 2659, 
2638, 2619, 2595, 2572, 2545, 2517, 2489, 2456, 2425, 2392, 
2358, 2320, 2272, 2233, 2196, 2158, 2118, 2078, 2040, 2001, 
1960, 1923, 1884, 1848, 1810, 1773, 1739, 1704, 1658, 1627, 
1598, 1566, 1540, 1513, 1490, 1468, 1448, 1429, 1415, 1399, 
1388, 1379, 1370, 1364, 1362, 1363, 1366, 1368, 1376, 1385, 
1398, 1410, 1426, 1443, 1464, 1487, 1508, 1535, 1561, 1590, 
1631, 1665, 1696, 1732, 1767, 1802, 1840, 1876, 1916, 1953, 
1991, 2032, 2071, 2111, 2150, 2188, 2240, 2279, 2315, 2351, 
2386, 2419, 2451, 2483, 2512, 2539, 2566, 2592, 2615, 2635, 
2656, 2671, 2691, 2703, 2715, 2722, 2728, 2732, 2732, 2732, 
2731, 2726, 2717, 2707, 2695, 2681, 2666, 2648, 2620, 2598, 
2574, 2548, 2520, 2491, 2461, 2429, 2395, 2362, 2324, 2288, 
2251, 2214, 2175, 2136, 2083, 2045, 2004, 1964, 1927, 1887, 
1851, 1814, 1777, 1742, 1708, 1675, 1641, 1612, 1581, 1551, 
1515, 1492, 1471, 1448, 1432, 1415, 1401, 1389, 1379, 1370, 
1366, 1361, 1361, 1363, 1367, 1372, 1384, 1395, 1409, 1423, 
1441, 1463, 1484, 1505, 1532, 1558, 1587, 1617, 1649, 1681, 
1715, 1750, 1800, 1836, 1873, 1912, 1950, 1989, 2030, 2067, 
2107, 2145, 2183, 2224, 2260, 2300, 2334, 2368, 2416, 2447, 
2480, 2510, 2537, 2563, 2590, 2613, 2633, 2652, 2671, 2686, 
2699, 2708, 2719, 2726, 2734, 2734, 2734, 2732, 2727, 2717, 
2709, 2698, 2684, 2668, 2651, 2631, 2609, 2585, 2559, 2535, 
2494, 2463, 2432, 2399, 2365, 2329, 2292, 2255, 2216, 2177, 
2140, 2099, 2059, 2022, 1983, 1944, 1891, 1853, 1817, 1781, 
1744, 1710, 1676, 1644, 1612, 1415, 1402, 1391, 1380, 1372, 
1367, 1361, 1360, 1360, 1367, 1373, 1380, 1393, 1405, 1420, 
1437, 1456, 1478, 1500, 1525, 1550, 1579, 1609, 1652, 1687, 
1719, 1756, 1790, 1826, 1863, 1900, 1939, 1979, 2018, 2057, 
2095, 2132, 2174, 2212, 2265, 2302, 2358, 2391, 2435, 2467, 
2497, 2529, 2553, 2579, 2604, 2624, 2644, 2664, 2678, 2693, 
2705, 2715, 2723, 2728, 2732, 2732, 2733, 2726, 2720, 2712, 
2703, 2691, 2676, 2660, 2643, 2622, 2600, 2575, 2551, 2524, 
2492, 2463, 2431, 2399, 2364, 2328, 2292, 2255, 
END
