Printing Task started
starting ADC Task on core: 1
Trigger at idx=8195 raw=2419
Capture ready: pre-trigger + post-trigger window complete.
TRIGGER TYPE IS: RISING
Sample threshold is: 2048

----DEBUG INFO----
Core: 0, Trigger: 8195, Size: 16384
START
1340, 1969, 2583, 2630, 2063, 1454, 1419, 1993, 2598, 2624, 
2043, 1441, 1430, 2017, 2609, 2612, 2022, 1347, 1628, 2308, 
2701, 2416, 1736, 1347, 1645, 2329, 2707, 2401, 1721, 1347, 
1667, 2350, 2710, 2124, 1487, 1400, 1948, 2575, 2651, 2103, 
1476, 1408, 2528, 2680, 2179, 1524, 1380, 1895, 2543, 2534, 
1879, 1375, 1537, 2195, 2686, 2522, 1863, 1375, 1552, 2216, 
2694, 2508, 1844, 1369, 1569, 2479, 2703, 2257, 1583, 1363, 
1917, 1391, 1519, 2166, 2683, 2547, 1895, 1383, 1532, 2191, 
2689, 2310, 1626, 1356, 1779, 2455, 2713, 2290, 1608, 1360, 
1799, 2475, 2712, 2270, 1595, 1365, 1820, 2656, 2596, 1972, 
1415, 1486, 2115, 2667, 2587, 1952, 1405, 1499, 2139, 2675, 
2574, 1933, 1398, 1731, 2416, 2723, 2339, 1656, 1356, 1752, 
2436, 2721, 2323, 1639, 1357, 1771, 2455, 2719, 2305, 1441, 
1460, 2067, 2651, 2619, 2011, 1430, 1470, 2086, 2656, 2607, 
1987, 1420, 1482, 2108, 2667, 2393, 1708, 1358, 1705, 2396, 
2730, 2375, 1687, 1356, 1724, 2412, 2727, 2356, 1667, 1358, 
1745, 2624, 2651, 2063, 1459, 1443, 2034, 2636, 2641, 2046, 
1447, 1454, 2056, 2647, 2628, 2023, 1438, 1662, 2349, 2731, 
2423, 1736, 1359, 1680, 2371, 2732, 2406, 1716, 1357, 1699, 
2388, 2732, 2387, 1490, 1420, 1982, 2609, 2668, 2103, 1479, 
1431, 2006, 2621, 2660, 2082, 1465, 1440, 2026, 2631, 2470, 
1784, 1363, 1635, 2322, 2731, 2454, 1767, 1363, 1653, 2343, 
2732, 2439, 1747, 1361, 1673, 2580, 2691, 2158, 1512, 1409, 
1952, 2589, 2682, 2137, 1497, 1417, 1974, 2604, 2676, 2115, 
1487, 1595, 2272, 2723, 2496, 1818, 1366, 1610, 2292, 2727, 
2479, 1796, 1366, 1629, 2312, 2730, 2464, 1548, 1389, 1902, 
2559, 2702, 2191, 1532, 1395, 1920, 2572, 2694, 2168, 1519, 
1404, 1943, 2587, 2535, 1869, 1382, 1566, 2241, 2718, 2521, 
1849, 1378, 1590, 2264, 2721, 2504, 1829, 1371, 1603, 2521, 
2716, 2243, 1572, 1382, 1870, 2535, 2713, 2222, 1556, 1388, 
1891, 2551, 2707, 2203, 1542, 1532, 2190, 2703, 2559, 1900, 
1389, 1548, 2209, 2712, 2546, 1883, 1386, 1564, 2232, 2716, 
2531, 1614, 1372, 1819, 2495, 2724, 2275, 1595, 1374, 1840, 
2515, 2721, 2254, 1583, 1382, 1860, 2531, 2595, 1955, 1410, 
1511, 2156, 2692, 2580, 1933, 1403, 1525, 2177, 2699, 2568, 
1915, 1396, 1541, 2454, 2736, 2327, 1640, 1365, 1785, 2471, 
2731, 2307, 1621, 1368, 1807, 2486, 2727, 2288, 1606, 1480, 
2107, 2672, 2615, 1989, 1424, 1491, 2125, 2681, 2604, 1965, 
1414, 1505, 2148, 2689, 2591, 1686, 1361, 1740, 2428, 2739, 
2358, 1666, 1363, 1762, 2446, 2736, 2336, 1648, 1363, 1774, 
2463, 2644, 2040, 1447, 1462, 2070, 2657, 2633, 2019, 1439, 
1476, 2093, 2668, 2619, 2001, 1427, 1487, 2383, 2739, 2404, 
1713, 1359, 1710, 2401, 2739, 2387, 1696, 1361, 1731, 2419, 
2738, 2367, 1676, 1436, 2016, 2630, 2660, 2076, 1465, 1446, 
2039, 2642, 2652, 2055, 1456, 1455, 2060, 2655, 2643, 1763, 
1363, 1663, 2355, 2737, 2433, 1742, 1361, 1683, 2373, 2739, 
2415, 1724, 1360, 1700, 2392, 2684, 2131, 1496, 1423, 1985, 
2614, 2677, 2108, 1481, 1431, 2004, 2623, 2666, 2088, 1472, 
1443, 2306, 2731, 2476, 1795, 1367, 1636, 2326, 2735, 2460, 
1773, 1365, 1654, 2344, 2737, 2441, 1743, 1483, 2212, 2727, 
2462, 1754, 1362, 1692, 2401, 2739, 2349, 1659, 1364, 1767, 
2455, 2731, 2328, 1453, 1456, 2059, 2652, 2639, 2034, 1445, 
1471, 2083, 2665, 2629, 2013, 1435, 1480, 2102, 2670, 2414, 
1721, 1360, 1700, 2392, 2740, 2396, 1707, 1363, 1720, 2411, 
2741, 2379, 1687, 1362, 1738, 2623, 2668, 2089, 1473, 1440, 
2028, 2636, 2659, 2068, 1459, 1447, 2050, 2648, 2646, 2045, 
1450, 1654, 2342, 2736, 2443, 1755, 1363, 1671, 2362, 2739, 
2426, 1735, 1361, 1692, 2382, 2740, 2408, 1503, 1417, 1972, 
2610, 2681, 2122, 1494, 1427, 1996, 2619, 2672, 2097, 1479, 
1435, 2016, 2628, 2488, 1804, 1369, 1629, 2314, 2732, 2470, 
1784, 1367, 1646, 2332, 2736, 2452, 1763, 1363, 1661, 2575, 
2700, 2177, 1523, 1403, 1942, 2588, 2692, 2156, 1510, 1412, 
1961, 2599, 2684, 2134, 1497, 1587, 2263, 2727, 2515, 1835, 
1374, 1602, 2284, 2728, 2497, 1815, 1371, 1621, 2303, 2732, 
2478, 1562, 1388, 1888, 2551, 2712, 2209, 1545, 1393, 1909, 
2567, 2704, 2188, 1531, 1400, 1930, 2580, 2552, 1887, 1387, 
1561, 2231, 2717, 2536, 1865, 1382, 1582, 2250, 2721, 2521, 
1846, 1377, 1593, 2511, 2723, 2260, 1584, 1382, 1859, 2529, 
2719, 2239, 1569, 1385, 1876, 2543, 2713, 2220, 1555, 1526, 
2175, 2701, 2574, 1919, 1397, 1540, 2199, 2707, 2556, 1896, 
1390, 1554, 2219, 2713, 2543, 1627, 1369, 1807, 2488, 2728, 
2289, 1609, 1373, 1823, 2503, 2724, 2272, 1592, 1377, 1845, 
2521, 2607, 1971, 1418, 1504, 2144, 2687, 2591, 1948, 1409, 
1518, 2167, 2696, 2581, 1929, 1400, 1531, 2444, 2737, 2342, 
1652, 1364, 1775, 2462, 2734, 2322, 1636, 1368, 1795, 2479, 
2732, 2303, 1619, 1473, 2089, 2665, 2623, 2003, 1430, 1484, 
2112, 2675, 2612, 1983, 1422, 1497, 2131, 2684, 2600, 1698, 
1363, 1726, 2416, 2739, 2371, 1681, 1361, 1744, 2435, 2738, 
2352, 1663, 1364, 1764, 2452, 2653, 2060, 1457, 1455, 2057, 
2652, 2640, 2036, 1444, 1467, 2080, 2663, 2631, 2016, 1436, 
1479, 2370, 2740, 2418, 1727, 1360, 1699, 2390, 2740, 2401, 
1708, 1359, 1718, 2407, 2739, 2385, 1691, 1430, 2003, 2623, 
2667, 2091, 1472, 1438, 2023, 2635, 2659, 2070, 1460, 1449, 
2047, 2647, 2647, 1777, 1367, 1652, 2339, 2738, 2448, 1758, 
1364, 1671, 2360, 2739, 2427, 1735, 1362, 1689, 2379, 2687, 
2145, 1505, 1415, 1972, 2606, 2681, 2124, 1493, 1425, 1992, 
2620, 2676, 2103, 1480, 1433, 2290, 2729, 2489, 1806, 1369, 
1625, 2312, 2733, 2473, 1788, 1367, 1643, 2332, 2738, 2459, 
1767, 1398, 1918, 2572, 2700, 2179, 1526, 1404, 1937, 2588, 
2694, 2158, 1512, 1412, 1959, 2599, 2688, 1858, 1380, 1583, 
2259, 2723, 2514, 1839, 1376, 1600, 2280, 2728, 2499, 1819, 
1367, 1616, 2301, 2718, 2232, 1563, 1384, 1886, 2548, 2711, 
2210, 1545, 1393, 1905, 2564, 2706, 2191, 1532, 1401, 2208, 
2711, 2552, 1890, 1389, 1560, 2227, 2716, 2537, 1869, 1383, 
1575, 2248, 2720, 2523, 1852, 1373, 1832, 2511, 2724, 2264, 
1587, 1378, 1856, 2527, 2719, 2243, 1572, 1384, 1875, 2541, 
2712, 1943, 1406, 1522, 2174, 2700, 2574, 1923, 1399, 1538, 
2196, 2708, 2560, 1902, 1390, 1552, 2216, 2732, 2315, 1626, 
1368, 1804, 2485, 2731, 2294, 1614, 1372, 1828, 2502, 2727, 
2275, 1596, 1376, 2119, 2680, 2607, 1972, 1419, 1502, 2139, 
2686, 2596, 1952, 1409, 1516, 2163, 2696, 2582, 1933, 1361, 
1751, 2443, 2738, 2345, 1655, 1364, 1772, 2460, 2736, 2326, 
1639, 1367, 1792, 2477, 2732, 2029, 1439, 1471, 2088, 2663, 
2625, 2006, 1431, 1483, 2108, 2675, 2616, 1987, 1423, 1496, 
2129, 2740, 2391, 1698, 1359, 1722, 2415, 2739, 2375, 1683, 
1363, 1743, 2432, 2737, 2356, 1665, 1363, 2033, 2640, 2655, 
2064, 1459, 1454, 2054, 2649, 2643, 2039, 1446, 1465, 2076, 
2660, 2633, 2017, 1363, 1676, 2368, 2740, 2424, 1638, 2325, 
2734, 2455, 1768, 1363, 1656, 2345, 2732, 2436, 1749, 1401, 
1934, 2582, 2691, 2157, 1512, 1411, 1955, 2595, 2684, 2136, 
1498, 1419, 1974, 2608, 2676, 1840, 1374, 1597, 2276, 2728, 
2497, 1820, 1371, 1615, 2298, 2731, 2483, 1798, 1367, 1632, 
2316, 2707, 2211, 1548, 1390, 1902, 2559, 2703, 2191, 1534, 
1399, 1924, 2575, 2695, 2168, 1518, 1404, 2223, 2713, 2539, 
1869, 1383, 1572, 2245, 2719, 2523, 1852, 1377, 1589, 2266, 
2723, 2505, 1827, 1375, 1849, 2524, 2718, 2245, 1572, 1384, 
1871, 2540, 2713, 2224, 1558, 1387, 1892, 2552, 2707, 1923, 
1398, 1536, 2192, 2706, 2560, 1903, 1392, 1548, 2213, 2712, 
2547, 1881, 1385, 1567, 2234, 2732, 2296, 1612, 1372, 1818, 
2496, 2726, 2275, 1596, 1375, 1840, 2515, 2720, 2255, 1580, 
1380, 2138, 2686, 2593, 1954, 1410, 1515, 2160, 2694, 2583, 
1934, 1403, 1527, 2182, 2703, 2566, 1913, 1364, 1772, 2459, 
2735, 2328, 1640, 1367, 1789, 2474, 2732, 2307, 1623, 1369, 
1807, 2490, 2727, 2009, 1432, 1486, 2107, 2673, 2617, 1988, 
1425, 1495, 2127, 2683, 2603, 1966, 1414, 1508, 2148, 2739, 
2375, 1684, 1360, 1739, 2428, 2739, 2355, 1664, 1363, 1760, 
2447, 2737, 2338, 1650, 1364, 2052, 2649, 2643, 2042, 1447, 
1462, 2071, 2660, 2633, 2020, 1436, 1476, 2094, 2668, 2622, 
2000, 1360, 1694, 2383, 2739, 2404, 1711, 1360, 1715, 2401, 
2739, 2387, 1695, 1362, 1731, 2421, 2739, 2096, 1475, 1436, 
2019, 2630, 2659, 2073, 1464, 1447, 2040, 2643, 2650, 2054, 
1453, 1458, 2060, 2736, 2451, 1761, 1364, 1664, 2356, 2740, 
2432, 1742, 1361, 1683, 2372, 2739, 2416, 1723, 1361, 1966, 
2603, 2684, 2131, 1496, 1422, 1985, 2613, 2675, 2110, 1481, 
1431, 2008, 2627, 2667, 2087, 1371, 1620, 2307, 2732, 2477, 
1792, 1367, 1636, 2328, 2735, 2460, 1772, 1365, 1656, 2345, 
2739, 2185, 1529, 1401, 1932, 2582, 2694, 2163, 1516, 1412, 
1955, 2598, 2688, 2143, 1503, 1420, 1975, 2723, 2518, 1843, 
1377, 1596, 2275, 2727, 2503, 1820, 1371, 1615, 2296, 2731, 
2486, 1804, 1368, 1881, 2547, 2712, 2216, 1552, 1390, 1897, 
2559, 2703, 2193, 1534, 1398, 1922, 2575, 2700, 2175, 1389, 
1555, 2222, 2714, 2540, 1873, 1383, 1571, 2243, 2719, 2527, 
1855, 1379, 1587, 2264, 2726, 2269, 1592, 1379, 1849, 2524, 
2720, 2247, 1575, 1380, 1868, 2536, 2714, 2227, 1562, 1388, 
1889, 2697, 2576, 1927, 1400, 1529, 2188, 2705, 2561, 1905, 
1393, 1550, 2212, 2713, 2551, 1886, 1386, 1796, 2480, 2729, 
2300, 1615, 1370, 1818, 2498, 2728, 2281, 1600, 1374, 1839, 
2515, 2726, 2258, 1420, 1499, 2135, 2686, 2599, 1958, 1411, 
1513, 2157, 2695, 2585, 1937, 1400, 1524, 2179, 2701, 2350, 
1660, 1364, 1767, 2456, 2736, 2331, 1644, 1367, 1787, 2472, 
2733, 2312, 1625, 1371, 1807, 2664, 2628, 2012, 1435, 1479, 
2101, 2672, 2617, 1992, 1425, 1493, 2124, 2681, 2607, 1969, 
1417, 1720, 2409, 2739, 2379, 1688, 1361, 1739, 2429, 2739, 
2363, 1671, 1366, 1759, 2447, 2735, 2339, 1458, 1448, 2047, 
2648, 2646, 2047, 1451, 1464, 2072, 2659, 2635, 2024, 1438, 
1473, 2090, 2668, 2424, 1736, 1360, 1690, 2383, 2742, 2407, 
1718, 1360, 1710, 2400, 2740, 2389, 1697, 1360, 1727, 2616, 
2671, 2101, 1478, 1435, 2016, 2631, 2663, 2080, 1468, 1445, 
2039, 2643, 2651, 2056, 1455, 1644, 2334, 2737, 2454, 1766, 
1364, 1664, 2352, 2739, 2435, 1744, 1363, 1681, 2372, 2739, 
2417, 1510, 1413, 1964, 2604, 2684, 2134, 1497, 1422, 1984, 
2614, 2679, 2113, 1486, 1431, 2004, 2623, 2494, 1811, 1368, 
1619, 2300, 2734, 2481, 1796, 1369, 1637, 2324, 2736, 2462, 
1774, 1364, 1651, 2564, 2703, 2188, 1533, 1403, 1931, 2582, 
2697, 2168, 1517, 1409, 1951, 2593, 2687, 2144, 1503, 1577, 
2251, 2721, 2489, 1765, 1363, 1816, 2580, 2684, 2112, 1478, 
1440, 2035, 2652, 2605, 1971, 1360, 1716, 2409, 2740, 2380, 
1687, 1362, 1737, 2428, 2740, 2361, 1670, 1364, 1756, 2446, 
2737, 2070, 1461, 1450, 2047, 2647, 2647, 2049, 1449, 1463, 
2068, 2659, 2636, 2025, 1443, 1472, 2089, 2739, 2427, 1737, 
1362, 1688, 2380, 2742, 2409, 1719, 1362, 1710, 2400, 2740, 
2390, 1697, 1362, 1991, 2617, 2673, 2102, 1479, 1436, 2016, 
2631, 2663, 2079, 1467, 1444, 2035, 2639, 2653, 2060, 1367, 
1644, 2335, 2737, 2456, 1764, 1363, 1659, 2353, 2737, 2436, 
1746, 1363, 1679, 2371, 2742, 2156, 1512, 1413, 1960, 2599, 
2684, 2136, 1499, 1420, 1981, 2612, 2678, 2113, 1486, 1430, 
2003, 2728, 2495, 1816, 1372, 1619, 2302, 2732, 2481, 1796, 
1369, 1634, 2320, 2734, 2464, 1776, 1365, 1907, 2565, 2704, 
2188, 1533, 1400, 1927, 2582, 2699, 2168, 1518, 1410, 1951, 
2592, 2688, 2145, 1381, 1576, 2249, 2721, 2522, 1848, 1378, 
1593, 2272, 2728, 2505, 1825, 1372, 1608, 2291, 2731, 2243, 
1571, 1385, 1876, 2543, 2712, 2220, 1555, 1388, 1894, 2553, 
2705, 2201, 1541, 1396, 1917, 2708, 2559, 1900, 1390, 1552, 
2216, 2712, 2544, 1879, 1390, 1569, 2239, 2719, 2531, 1859, 
1380, 1824, 2503, 2726, 2273, 1594, 1376, 1843, 2519, 2723, 
2259, 1577, 1380, 1865, 2535, 2717, 2232, 1410, 1517, 2163, 
2695, 2580, 1931, 1400, 1529, 2184, 2703, 2567, 1912, 1395, 
1548, 2206, 2710, 2324, 1637, 1367, 1793, 2479, 2734, 2304, 
1620, 1369, 1813, 2494, 2724, 2281, 1602, 1375, 1835, 2676, 
2615, 1987, 1423, 1497, 2129, 2683, 2601, 1963, 1413, 1508, 
2152, 2691, 2590, 1944, 1406, 1743, 2435, 2737, 2353, 1663, 
1362, 1763, 2451, 2734, 2335, 1647, 1365, 1784, 2468, 2735, 
2316, 1446, 1466, 2076, 2661, 2630, 2016, 1436, 1479, 2099, 
2672, 2620, 1998, 1428, 1493, 2119, 2678, 2400, 1710, 1360, 
1715, 2406, 2739, 2383, 1692, 1363, 1735, 2425, 2739, 2364, 
1673, 1365, 1753, 2636, 2659, 2072, 1463, 1448, 2044, 2644, 
2648, 2051, 1450, 1461, 2065, 2657, 2638, 2031, 1441, 1668, 
2361, 2739, 2430, 1739, 1360, 1687, 2377, 2740, 2412, 1721, 
1362, 1707, 2399, 2743, 2396, 1496, 1424, 1990, 2616, 2673, 
2104, 1480, 1432, 2011, 2628, 2665, 2084, 1470, 1442, 2034, 
2639, 2473, 1788, 1363, 1640, 2328, 2735, 2456, 1768, 1364, 
1658, 2350, 2740, 2440, 1750, 1363, 1677, 2585, 2696, 2159, 
1513, 1411, 1959, 2598, 2687, 2140, 1501, 1422, 1979, 2611, 
2679, 2116, 1487, 1596, 2277, 2727, 2500, 1822, 1374, 1616, 
2298, 2731, 2483, 1801, 1368, 1632, 2319, 2735, 2466, 1549, 
1392, 1903, 2561, 2705, 2193, 1534, 1398, 1924, 2578, 2697, 
2171, 1521, 1408, 1947, 2590, 2539, 1871, 1384, 1575, 2247, 
2719, 2523, 1850, 1378, 1592, 2268, 2727, 2508, 1831, 1373, 
1606, 2524, 2719, 2244, 1569, 1382, 1872, 2541, 2713, 2224, 
1558, 1388, 1892, 2554, 2708, 2203, 1542, 1535, 2193, 2705, 
2561, 1904, 1393, 1553, 2215, 2712, 2547, 1883, 1386, 1566, 
2234, 2718, 2531, 1613, 1372, 1822, 2500, 2727, 2276, 1597, 
1373, 1841, 2517, 2722, 2254, 1579, 1380, 1861, 2531, 2596, 
1956, 1411, 1516, 2163, 2699, 2584, 1935, 1403, 1528, 2182, 
2703, 2567, 1912, 1395, 1542, 2457, 2735, 2329, 1640, 1367, 
1790, 2473, 2731, 2307, 1623, 1371, 1811, 2492, 2728, 2287, 
1605, 1482, 2105, 2673, 2616, 1988, 1424, 1498, 2130, 2684, 
2601, 1967, 1415, 1507, 2148, 2688, 2590, 1684, 1362, 1741, 
2432, 2739, 2358, 1667, 1361, 1759, 2449, 2739, 2336, 1648, 
1365, 1779, 2465, 2643, 2041, 1447, 1466, 2073, 2660, 2633, 
2022, 1438, 1476, 2095, 2669, 2622, 1999, 1428, 1488, 2385, 
2740, 2403, 1715, 1362, 1713, 2404, 2740, 2385, 1693, 1362, 
1728, 2420, 2739, 2366, 1676, 1437, 2020, 2632, 2662, 2076, 
1466, 1449, 2041, 2644, 2649, 1422, 1984, 2612, 2673, 2108, 
1481, 1603, 2283, 2727, 2489, 1809, 1368, 1620, 2303, 2732, 
2475, 1790, 1366, 1638, 2324, 2735, 2459, 1542, 1393, 1912, 
2567, 2697, 2179, 1527, 1402, 1932, 2581, 2694, 2161, 1515, 
1409, 1953, 2593, 2529, 1860, 1379, 1576, 2251, 2721, 2520, 
1841, 1375, 1597, 2273, 2726, 2500, 1822, 1372, 1612, 2530, 
2718, 2235, 1566, 1381, 1879, 2544, 2710, 2212, 1550, 1391, 
1900, 2559, 2705, 2194, 1537, 1541, 2200, 2707, 2554, 1893, 
1389, 1556, 2222, 2713, 2540, 1874, 1384, 1571, 2243, 2719, 
2526, 1607, 1372, 1828, 2507, 2724, 2266, 1587, 1376, 1849, 
2521, 2719, 2247, 1573, 1383, 1868, 2539, 2591, 1947, 1407, 
1520, 2168, 2698, 2579, 1927, 1399, 1532, 2190, 2705, 2561, 
1905, 1393, 1550, 2464, 2732, 2319, 1631, 1367, 1797, 2480, 
2728, 2297, 1614, 1371, 1818, 2497, 2727, 2278, 1597, 1487, 
2113, 2676, 2612, 1980, 1421, 1499, 2136, 2681, 2598, 1960, 
1412, 1512, 2159, 2695, 2584, 1678, 1362, 1748, 2438, 2736, 
2348, 1658, 1363, 1764, 2454, 2736, 2331, 1642, 1366, 1787, 
2472, 2639, 2032, 1442, 1467, 2083, 2663, 2628, 2014, 1436, 
1483, 2107, 2673, 2617, 1990, 1423, 1491, 2391, 2740, 2396, 
1705, 1361, 1719, 2410, 2739, 2379, 1687, 1363, 1739, 2432, 
2739, 2360, 1669, 1441, 2027, 2636, 2656, 2067, 1459, 1451, 
2048, 2648, 2646, 2044, 1448, 1463, 2072, 2660, 2636, 1754, 
1362, 1672, 2363, 2740, 2425, 1734, 1361, 1691, 2383, 2740, 
2408, 1717, 1361, 1709, 2403, 2681, 2120, 1490, 1427, 1995, 
2620, 2672, 2099, 1478, 1434, 2016, 2631, 2663, 2078, 1465, 
1447, 2314, 2734, 2470, 1784, 1367, 1646, 2332, 2736, 2452, 
1763, 1364, 1663, 2358, 2742, 2435, 1742, 1405, 1943, 2590, 
2694, 2154, 1511, 1415, 1964, 2601, 2686, 2133, 1496, 1421, 
1982, 2612, 2675, 1833, 1374, 1604, 2283, 2728, 2496, 1816, 
1371, 1620, 2305, 2732, 2479, 1795, 1368, 1638, 2323, 2710, 
2207, 1544, 1393, 1908, 2566, 2703, 2186, 1529, 1402, 1930, 
2582, 2696, 2164, 1513, 1406, 2230, 2716, 2536, 1867, 1381, 
1577, 2252, 2723, 2520, 1846, 1377, 1595, 2272, 2727, 2504, 
1823, 1377, 1854, 2528, 2718, 2239, 1568, 1384, 1876, 2542, 
2712, 2219, 1555, 1391, 1899, 2561, 2707, 1918, 1397, 1539, 
2197, 2707, 2556, 1897, 1391, 1555, 2220, 2713, 2543, 1876, 
1384, 1569, 2240, 2727, 2291, 1610, 1374, 1826, 2507, 2727, 
2272, 1592, 1376, 1846, 2520, 2723, 2250, 1577, 1383, 2145, 
2689, 2593, 1952, 1410, 1518, 2166, 2697, 2580, 1931, 1401, 
1532, 2188, 2705, 2565, 1908, 1364, 1771, 2459, 2734, 2323, 
1635, 1367, 1795, 2480, 2732, 2303, 1619, 1371, 1817, 2496, 
2727, 2003, 1429, 1486, 2114, 2676, 2614, 1984, 1419, 1500, 
2134, 2684, 2600, 1960, 1412, 1511, 2155, 2739, 2371, 1680, 
1364, 1749, 2440, 2739, 2352, 1663, 1364, 1766, 2455, 2736, 
2332, 1644, 1366, 2056, 2651, 2640, 2036, 1443, 1467, 2078, 
2663, 2631, 2016, 1435, 1479, 2102, 2670, 2616, 1992, 1361, 
1699, 2390, 2742, 2403, 1712, 1362, 1718, 2407, 2739, 2380, 
1689, 1361, 1735, 2428, 2739, 2092, 1474, 1440, 2025, 2638, 
2657, 2067, 1464, 1449, 2047, 2647, 2648, 2049, 1449, 1461, 
2068, 2737, 2446, 1756, 1361, 1668, 2364, 2744, 2430, 1736, 
1361, 1689, 2380, 2741, 2409, 1717, 1360, 1970, 2605, 2681, 
2124, 1494, 1426, 1990, 2617, 2673, 2102, 1477, 1434, 2012, 
2628, 2662, 2079, 1371, 1627, 2311, 2735, 2473, 1788, 1368, 
1642, 2331, 2737, 2454, 1766, 1364, 1660, 2350, 2738, 2179, 
1524, 1404, 1937, 2587, 2694, 2158, 1510, 1411, 1961, 2599, 
2686, 2137, 1499, 1421, 1982, 2726, 2513, 1838, 1375, 1600, 
2280, 2728, 2497, 1815, 1371, 1617, 2303, 2732, 2483, 1798, 
1369, 1886, 2550, 2712, 2215, 1548, 1393, 1907, 2565, 2705, 
2114, 1445, 1524, 2279, 2736, 2400, 1691, 1433, 2023, 2639, 
2620, 1996, 1428, 1490, 2120, 2679, 2608, 1974, 1420, 1502, 
2142, 2688, 2593, 1690, 1362, 1735, 2425, 2739, 2363, 1671, 
1363, 1752, 2440, 2736, 2343, 1656, 1364, 1773, 2462, 2649, 
2051, 1451, 1460, 2067, 2655, 2636, 2027, 1440, 1472, 2088, 
2668, 2627, 2007, 1431, 1484, 2379, 2739, 2410, 1718, 1358, 
1706, 2396, 2740, 2392, 1702, 1363, 1724, 2416, 2739, 2374, 
1682, 1433, 2012, 2628, 2663, 2083, 1468, 1443, 2033, 2640, 
2655, 2061, 1457, 1454, 2055, 2652, 2644, 1769, 1365, 1659, 
2349, 2737, 2438, 1747, 1361, 1678, 2369, 2741, 2422, 1731, 
1363, 1698, 2388, 2686, 2137, 1500, 1419, 1978, 2609, 2678, 
2114, 1487, 1432, 2001, 2623, 2671, 2095, 1476, 1439, 2300, 
2734, 2483, 1798, 1368, 1632, 2318, 2734, 2464, 1777, 1364, 
1648, 2339, 2738, 2451, 1760, 1401, 1926, 2578, 2698, 2168, 
1519, 1406, 1946, 2591, 2689, 2148, 1506, 1416, 1969, 2606, 
2683, 1851, 1377, 1590, 2267, 2724, 2507, 1828, 1372, 1607, 
2287, 2732, 2492, 1808, 1368, 1625, 2308, 2715, 2223, 1557, 
1392, 1894, 2554, 2707, 2203, 1541, 1395, 1915, 2571, 2702, 
2180, 1528, 1404, 2215, 2712, 2545, 1880, 1385, 1566, 2235, 
2719, 2531, 1860, 1380, 1582, 2258, 2723, 2515, 1839, 1375, 
1843, 2516, 2721, 2255, 1579, 1381, 1864, 2535, 2718, 2234, 
1566, 1385, 1883, 2547, 2712, 1934, 1403, 1528, 2183, 2703, 
2567, 1912, 1396, 1543, 2204, 2710, 2555, 1892, 1389, 1560, 
2227, 2732, 2307, 1621, 1371, 1811, 2492, 2728, 2287, 1604, 
1375, 1831, 2508, 2723, 2262, 1588, 1377, 2128, 2682, 2603, 
1965, 1415, 1508, 2151, 2691, 2589, 1945, 1406, 1519, 2171, 
2697, 2571, 1924, 1364, 1761, 2451, 2737, 2337, 1648, 1366, 
1780, 2468, 2735, 2318, 1630, 1368, 1800, 2483, 2730, 2019, 
1437, 1475, 2096, 2672, 2623, 1999, 1430, 1491, 2119, 2679, 
2610, 1976, 1418, 1500, 2137, 2738, 2383, 1693, 1361, 1732, 
2424, 2739, 2367, 1676, 1363, 1752, 2439, 2738, 2347, 1656, 
1363, 2041, 2645, 2651, 2054, 1452, 1458, 2062, 2656, 2638, 
2031, 1442, 1471, 2086, 2665, 2628, 2010, 1361, 1684, 2375, 
2739, 2412, 1721, 1360, 1703, 2397, 2743, 2396, 1704, 1363, 
1722, 2412, 2739, 2105, 1480, 1430, 2008, 2625, 2666, 2087, 
1471, 1443, 2032, 2640, 2656, 2064, 1459, 1453, 2052, 2736, 
2460, 1772, 1366, 1656, 2347, 2738, 2441, 1751, 1362, 1674, 
2365, 2739, 2424, 1732, 1362, 1957, 2597, 2685, 2140, 1500, 
1418, 1976, 2609, 2679, 2119, 1491, 1429, 2000, 2622, 2671, 
2096, 1371, 1611, 2295, 2731, 2484, 1800, 1368, 1631, 2316, 
2735, 2467, 1781, 1364, 1647, 2335, 2736, 2193, 1536, 1399, 
1923, 2575, 2699, 2172, 1521, 1407, 1944, 2590, 2692, 2151, 
1507, 1415, 1965, 2719, 2523, 1852, 1376, 1585, 2263, 2727, 
2511, 1832, 1374, 1607, 2284, 2729, 2492, 1811, 1371, 1871, 
2539, 2715, 2225, 1559, 1388, 1891, 2552, 2707, 2207, 1543, 
1393, 1912, 2570, 2703, 2185, 1394, 1550, 2215, 2713, 2549, 
1884, 1385, 1563, 2232, 2718, 2532, 1863, 1380, 1580, 2255, 
2723, 2279, 1599, 1376, 1840, 2515, 2723, 2257, 1581, 1379, 
1859, 2531, 2717, 2236, 1567, 1385, 1880, 2694, 2585, 1938, 
1404, 1526, 2180, 2702, 2570, 1916, 1396, 1540, 2200, 2710, 
2556, 1893, 1390, 1788, 2472, 2732, 2310, 1624, 1370, 1808, 
2491, 2729, 2288, 1607, 1373, 1828, 2506, 2726, 2270, 1426, 
1494, 2127, 2686, 2606, 1969, 1415, 1505, 2147, 2689, 2591, 
1947, 1408, 1519, 2168, 2699, 2358, 1667, 1363, 1758, 2447, 
2736, 2339, 1651, 1365, 1778, 2463, 2734, 2320, 1633, 1368, 
1797, 2660, 2635, 2023, 1439, 1475, 2092, 2668, 2623, 2000, 
1427, 1486, 2114, 2678, 2612, 1980, 1422, 1712, 2402, 2740, 
2388, 1696, 1362, 1729, 2421, 2738, 2370, 1676, 1363, 1748, 
2437, 2349, 2349, 1928, 2578, 2692, 2160, 1513, 1407, 1951, 
2592, 2686, 2142, 1503, 1418, 1973, 2607, 2678, 2119, 1374, 
1592, 2270, 2723, 2499, 1823, 1373, 1611, 2292, 2731, 2484, 
1802, 1368, 1628, 2312, 2732, 2216, 1552, 1390, 1898, 2556, 
2703, 2193, 1537, 1395, 1916, 2572, 2696, 2173, 1522, 1404, 
1942, 2713, 2543, 1875, 1384, 1570, 2241, 2718, 2526, 1853, 
1377, 1584, 2262, 2723, 2510, 1833, 1374, 1847, 2521, 2720, 
2248, 1576, 1382, 1867, 2535, 2715, 2226, 1560, 1386, 1887, 
2550, 2708, 2205, 1400, 1531, 2188, 2703, 2563, 1906, 1393, 
1547, 2209, 2711, 2550, 1885, 1386, 1562, 2230, 2716, 2299, 
1617, 1369, 1814, 2495, 2727, 2279, 1599, 1375, 1836, 2512, 
2723, 2261, 1584, 1380, 1857, 2683, 2599, 1959, 1411, 1511, 
2155, 2691, 2584, 1939, 1405, 1525, 2177, 2700, 2571, 1918, 
1397, 1764, 2452, 2735, 2330, 1642, 1366, 1784, 2471, 2732, 
2311, 1625, 1368, 1806, 2488, 2730, 2292, 1435, 1481, 2103, 
2671, 2618, 1993, 1425, 1491, 2121, 2678, 2604, 1970, 1416, 
1504, 2144, 2689, 2381, 1689, 1364, 1739, 2428, 2739, 2361, 
1670, 1363, 1756, 2444, 2738, 2340, 1652, 1365, 1776, 2648, 
2647, 2047, 1449, 1462, 2068, 2657, 2635, 2025, 1439, 1473, 
2091, 2667, 2623, 2003, 1429, 1689, 2380, 2739, 2410, 1718, 
1362, 1709, 2401, 2740, 2391, 1699, 1361, 1727, 2417, 2739, 
2372, 1479, 1433, 2015, 2631, 2663, 2080, 1467, 1446, 2040, 
2641, 2652, 2059, 1456, 1457, 2059, 2654, 2456, 1765, 1364, 
1661, 2351, 2736, 2436, 1745, 1361, 1679, 2371, 2740, 2420, 
1728, 1362, 1700, 2600, 2686, 2134, 1499, 1421, 1981, 2613, 
2677, 2113, 1485, 1430, 2003, 2623, 2667, 2091, 1472, 1618, 
2302, 2734, 2481, 1797, 1368, 1635, 2321, 2735, 2463, 1775, 
1365, 1651, 2342, 2739, 2448, 1534, 1402, 1931, 2580, 2697, 
2166, 1517, 1407, 1948, 2592, 2687, 2144, 1504, 1416, 1970, 
2606, 2520, 1847, 1374, 1592, 2272, 2727, 2507, 1829, 1375, 
1611, 2292, 2731, 2488, 1804, 1367, 1624, 2540, 2712, 2220, 
1555, 1391, 1897, 2559, 2711, 2200, 1539, 1396, 1916, 2572, 
2699, 2176, 1525, 1555, 2217, 2715, 2544, 1878, 1384, 1568, 
2238, 2719, 2530, 1858, 1380, 1585, 2259, 2724, 2513, 1593, 
1375, 1843, 2519, 2720, 2251, 1577, 1382, 1866, 2535, 2718, 
2233, 1565, 1387, 1888, 2547, 2580, 1931, 1401, 1529, 2185, 
2703, 2566, 1910, 1395, 1547, 2208, 2711, 2553, 1890, 1388, 
1561, 2478, 2732, 2303, 1619, 1371, 1813, 2495, 2728, 2281, 
1601, 1373, 1833, 2511, 2724, 2264, 1586, 1498, 2132, 2686, 
2603, 1964, 1414, 1508, 2152, 2691, 2588, 1940, 1404, 1524, 
2175, 2700, 2574, 1663, 1363, 1763, 2454, 2737, 2335, 1647, 
1368, 1783, 2468, 2734, 2315, 1628, 1368, 1803, 2486, 2630, 
2016, 1437, 1479, 2100, 2671, 2620, 1996, 1427, 1491, 2120, 
2680, 2608, 1972, 1420, 1502, 2407, 2739, 2382, 1690, 1361, 
1734, 2424, 2739, 2364, 1672, 1363, 1756, 2444, 2738, 2343, 
1655, 1448, 2043, 2646, 2648, 2051, 1450, 1460, 2065, 2656, 
2638, 2029, 1442, 1473, 2087, 2667, 2625, 1739, 1362, 1687, 
2379, 2740, 2411, 1718, 1359, 1704, 2396, 2740, 2393, 1700, 
1361, 1727, 2416, 2675, 2107, 1483, 1435, 2012, 2627, 2663, 
2082, 1468, 1441, 2032, 2638, 2653, 2062, 1457, 1456, 2329, 
2738, 2459, 1769, 1365, 1658, 2346, 2739, 2439, 1750, 1363, 
1676, 2367, 2740, 2422, 1729, 1411, 1959, 2599, 2687, 2137, 
1501, 1421, 1980, 2611, 2677, 2115, 1486, 1426, 1999, 2620, 
2667, 1819, 1372, 1618, 2300, 2734, 2485, 1799, 1369, 1632, 
2318, 2732, 2465, 1777, 1366, 1649, 2339, 2704, 2190, 1534, 
1399, 1928, 2577, 2698, 2171, 1521, 1408, 1948, 2592, 2691, 
2148, 1507, 1414, 2244, 2719, 2523, 1848, 1377, 1591, 2268, 
2726, 2508, 1828, 1372, 1607, 2288, 2729, 2475, 1769, 1466, 
2184, 2721, 2483, 1779, 1362, 1666, 2377, 2739, 2376, 1683, 
1363, 1743, 2434, 2740, 2358, 1470, 1444, 2031, 2638, 2654, 
2063, 1457, 1454, 2054, 2652, 2644, 2041, 1446, 1465, 2075, 
2660, 2440, 1751, 1364, 1678, 2370, 2740, 2424, 1729, 1360, 
1694, 2385, 2739, 2403, 1711, 1360, 1714, 2611, 2679, 2119, 
1488, 1429, 1999, 2623, 2670, 2096, 1475, 1437, 2021, 2633, 
2662, 2073, 1464, 1631, 2318, 2734, 2467, 1780, 1366, 1649, 
2337, 2737, 2451, 1760, 1364, 1666, 2356, 2739, 2430, 1520, 
1404, 1944, 2589, 2690, 2151, 1509, 1417, 1970, 2607, 2684, 
2131, 1495, 1423, 1987, 2615, 2506, 1829, 1372, 1604, 2286, 
2728, 2491, 1809, 1370, 1622, 2307, 2734, 2477, 1792, 1368, 
1642, 2555, 2708, 2202, 1540, 1393, 1912, 2567, 2700, 2182, 
1528, 1404, 1937, 2587, 2697, 2161, 1515, 1562, 2233, 2716, 
2531, 1860, 1379, 1580, 2256, 2722, 2517, 1841, 1376, 1596, 
2276, 2728, 2502, 1582, 1382, 1860, 2529, 2718, 2236, 1564, 
1385, 1880, 2544, 2711, 2214, 1550, 1392, 1903, 2561, 2571, 
1916, 1396, 1542, 2203, 2708, 2553, 1892, 1389, 1558, 2223, 
2716, 2540, 1872, 1383, 1573, 2492, 2730, 2286, 1605, 1372, 
1829, 2506, 2724, 2268, 1590, 1379, 1851, 2524, 2719, 2247, 
1572, 1504, 2148, 2689, 2590, 1945, 1411, 1521, 2172, 2700, 
2579, 1926, 1400, 1535, 2191, 2704, 2560, 1648, 1364, 1777, 
2464, 2734, 2319, 1632, 1368, 1799, 2483, 2734, 2299, 1615, 
1376, 1819, 2500, 2623, 2000, 1428, 1487, 2113, 2676, 2608, 
1977, 1419, 1500, 2139, 2687, 2599, 1958, 1412, 1514, 2420, 
2739, 2367, 1676, 1361, 1750, 2440, 2739, 2348, 1659, 1363, 
1768, 2456, 2736, 2328, 1640, 1458, 2062, 2652, 2638, 2032, 
1442, 1470, 2083, 2663, 2630, 2011, 1431, 1482, 2104, 2673, 
2617, 1724, 1363, 1703, 2393, 2743, 2396, 1704, 1360, 1721, 
2411, 2739, 2376, 1685, 1362, 1739, 2431, 2665, 2086, 1470, 
1440, 2029, 2636, 2659, 2067, 1460, 1454, 2051, 2649, 2646, 
2043, 1446, 1462, 2342, 2736, 2442, 1752, 1364, 1674, 2366, 
2741, 2426, 1737, 1361, 1692, 2383, 2739, 2406, 1715, 1417, 
1976, 2609, 2679, 2121, 1489, 1428, 1996, 2620, 2671, 2099, 
1477, 1438, 2018, 2633, 2663, 1802, 1367, 1628, 2316, 2735, 
2467, 1783, 1367, 1646, 2335, 2738, 2453, 1763, 1364, 1664, 
2355, 2699, 2173, 1522, 1406, 1941, 2588, 2692, 2153, 1509, 
1415, 1964, 2601, 2684, 2131, 1496, 1423, 2264, 2726, 2512, 
1835, 1376, 1605, 2286, 2729, 2495, 1812, 1369, 1620, 2304, 
2732, 2474, 1793, 1389, 1891, 2553, 2711, 2208, 1544, 1392, 
1909, 2567, 2702, 2184, 1530, 1403, 1932, 2584, 2696, 1886, 
1388, 1565, 2232, 2719, 2535, 1864, 1383, 1580, 2253, 2723, 
2519, 1843, 1376, 1593, 2273, 2723, 2259, 1583, 1381, 1859, 
2531, 2719, 2241, 1569, 1385, 1876, 2547, 2712, 2220, 1554, 
1392, 2180, 2702, 2572, 1917, 1396, 1539, 2198, 2707, 2555, 
1894, 1390, 1557, 2222, 2715, 2543, 1876, 1370, 1806, 2488, 
2729, 2291, 1609, 1374, 1827, 2507, 2727, 2270, 1591, 1376, 
1847, 2521, 2720, 1970, 1417, 1506, 2147, 2691, 2593, 1949, 
1408, 1521, 2165, 2695, 2578, 1927, 1400, 1531, 2192, 2739, 
2342, 1653, 1365, 1777, 2462, 2735, 2319, 1634, 1364, 1795, 
2480, 2729, 2300, 1618, 1372, 2094, 2670, 2627, 2006, 1432, 
1488, 2113, 2677, 2612, 1981, 1420, 1497, 2132, 2684, 2598, 
1960, 1362, 1729, 2419, 2743, 2370, 1676, 1361, 1747, 2436, 
2739, 2351, 1661, 1364, 1766, 2454, 2736, 2057, 1455, 1456, 
2059, 2654, 2643, 2036, 1447, 1470, 2080, 2664, 2630, 2014, 
1435, 1480, 2103, 2741, 2417, 1726, 1361, 1700, 2390, 2741, 
2399, 1710, 1359, 1719, 2411, 2740, 2382, 1690, 1363, 2006, 
2625, 2670, 2091, 1472, 1439, 2025, 2636, 2657, 2068, 1461, 
1451, 2046, 2648, 2648, 2048, 1367, 1651, 2342, 2736, 2446, 
1628, 2311, 2732, 2468, 1784, 1365, 1642, 2328, 2732, 2451, 
1763, 1397, 1917, 2572, 2699, 2174, 1524, 1403, 1938, 2584, 
2691, 2155, 1510, 1412, 1961, 2599, 2682, 1855, 1377, 1583, 
2259, 2722, 2511, 1835, 1374, 1600, 2279, 2727, 2495, 1813, 
1368, 1616, 2300, 2715, 2230, 1562, 1387, 1886, 2548, 2710, 
2208, 1544, 1391, 1905, 2563, 2702, 2186, 1532, 1400, 2207, 
2711, 2550, 1886, 1387, 1559, 2227, 2715, 2535, 1865, 1382, 
1576, 2247, 2719, 2519, 1847, 1373, 1833, 2511, 2724, 2262, 
1586, 1380, 1856, 2528, 2717, 2241, 1568, 1382, 1873, 2540, 
2712, 1939, 1404, 1523, 2177, 2702, 2574, 1921, 1398, 1540, 
2196, 2706, 2556, 1896, 1390, 1552, 2217, 2732, 2312, 1627, 
1367, 1804, 2487, 2731, 2292, 1610, 1372, 1824, 2503, 2724, 
2272, 1594, 1376, 2120, 2679, 2606, 1972, 1416, 1501, 2142, 
2688, 2595, 1952, 1411, 1517, 2164, 2696, 2579, 1928, 1361, 
1753, 2444, 2736, 2343, 1655, 1366, 1775, 2460, 2734, 2323, 
1637, 1366, 1791, 2476, 2732, 2027, 1441, 1472, 2089, 2667, 
2625, 2005, 1430, 1484, 2108, 2675, 2614, 1984, 1423, 1498, 
2132, 2744, 2392, 1699, 1359, 1725, 2416, 2739, 2371, 1679, 
1363, 1745, 2436, 2737, 2354, 1662, 1363, 2033, 2639, 2652, 
2060, 1456, 1454, 2055, 2652, 2643, 2039, 1446, 1467, 2079, 
2662, 2631, 2017, 1362, 1678, 2369, 2740, 2419, 1728, 1361, 
1697, 2389, 2742, 2403, 1711, 1363, 1716, 2407, 2742, 2115, 
1487, 1428, 2001, 2621, 2668, 2092, 1473, 1439, 2023, 2636, 
2660, 2073, 1464, 1451, 2045, 2736, 2463, 1776, 1363, 1648, 
2337, 2736, 2447, 1758, 1363, 1667, 2360, 2739, 2431, 1738, 
1361, 1948, 2592, 2691, 2147, 1505, 1415, 1967, 2604, 2680, 
2126, 1492, 1423, 1990, 2619, 2675, 2106, 1374, 1607, 2289, 
2731, 2489, 1807, 1368, 1623, 2308, 2732, 2473, 1788, 1368, 
1642, 2331, 2737, 2202, 1542, 1396, 1916, 2571, 2700, 2179, 
1526, 1403, 1936, 2584, 2694, 2158, 1513, 1411, 1958, 2719, 
2531, 1859, 1380, 1584, 2257, 2725, 2516, 1840, 1376, 1599, 
2276, 2726, 2497, 1816, 1370, 1863, 2532, 2717, 2235, 1566, 
1388, 1884, 2548, 2711, 2211, 1548, 1392, 1904, 2563, 2706, 
2193, 1395, 1544, 2206, 2710, 2552, 1889, 1388, 1558, 2225, 
2716, 2540, 1870, 1383, 1580, 2247, 2720, 2284, 1603, 1373, 
1831, 2508, 2723, 2264, 1587, 1379, 1852, 2527, 2719, 2244, 
1572, 1384, 1872, 2691, 2590, 1942, 1406, 1524, 2174, 2700, 
2575, 1922, 1398, 1535, 2193, 2705, 2559, 1902, 1392, 1783, 
2470, 2735, 2316, 1631, 1368, 1800, 2483, 2728, 2296, 1612, 
1374, 1823, 2502, 2728, 2276, 1428, 1489, 2118, 2679, 2609, 
1977, 1420, 1503, 2140, 2687, 2591, 1954, 1408, 1511, 2160, 
2694, 2366, 1674, 1364, 1755, 2443, 2739, 2347, 1656, 1364, 
1771, 2456, 2735, 2326, 1638, 1366, 1790, 2656, 2638, 2030, 
1443, 1470, 2086, 2667, 2627, 2009, 1433, 1483, 2105, 2673, 
2615, 1984, 1423, 1703, 2393, 2740, 2395, 1703, 1363, 1724, 
2416, 2741, 2377, 1685, 1364, 1743, 2433, 2739, 2355, 1468, 
1441, 2031, 2639, 2655, 2064, 1458, 1454, 2055, 2652, 2646, 
2042, 1447, 1464, 2074, 2660, 2440, 1752, 1362, 1675, 2366, 
2738, 2422, 1729, 1360, 1695, 2386, 2742, 2407, 1715, 1363, 
1715, 2611, 2680, 2116, 1487, 1427, 1997, 2620, 2670, 2096, 
1477, 1439, 2022, 2633, 2662, 2076, 1464, 1630, 2316, 2732, 
2467, 1779, 1366, 1649, 2336, 2743, 2451, 1761, 1364, 1665, 
2357, 2739, 2432, 1521, 1407, 1946, 2591, 2691, 2150, 1507, 
1414, 1966, 2603, 2681, 2128, 1494, 1423, 1988, 2616, 2510, 
1832, 1375, 1608, 2286, 2728, 2492, 1810, 1369, 1622, 2307, 
2734, 2476, 1791, 1368, 1639, 2553, 2707, 2203, 1544, 1394, 
1912, 2569, 2702, 2183, 1528, 1404, 1935, 2583, 2695, 2161, 
1514, 1564, 2233, 2718, 2508, 1791, 1362, 1830, 2583, 2687, 
2130, 1489, 1438, 2030, 2643, 2623, 1999, 1359, 1692, 2384, 
2739, 2406, 1713, 1359, 1712, 2401, 2742, 2387, 1696, 1363, 
1732, 2422, 2741, 2098, 1478, 1438, 2019, 2631, 2662, 2076, 
1464, 1446, 2040, 2643, 2651, 2055, 1453, 1459, 2062, 2737, 
2451, 1761, 1365, 1667, 2355, 2739, 2432, 1742, 1361, 1682, 
2375, 2740, 2416, 1724, 1361, 1966, 2603, 2684, 2131, 1495, 
1422, 1985, 2615, 2675, 2108, 1484, 1432, 2009, 2627, 2667, 
2087, 1369, 1621, 2304, 2733, 2477, 1792, 1368, 1639, 2328, 
2736, 2460, 1772, 1365, 1655, 2344, 2737, 2183, 1528, 1402, 
1932, 2582, 2695, 2163, 1517, 1411, 1955, 2595, 2687, 2142, 
1502, 1417, 1976, 2723, 2518, 1842, 1376, 1596, 2272, 2727, 
2503, 1823, 1373, 1612, 2296, 2732, 2486, 1802, 1371, 1880, 
2544, 2712, 2216, 1551, 1391, 1901, 2559, 2707, 2194, 1536, 
1400, 1922, 2575, 2699, 2172, 1389, 1555, 2220, 2711, 2540, 
1871, 1383, 1572, 2243, 2720, 2528, 1855, 1379, 1587, 2264, 
2724, 2268, 1588, 1376, 1848, 2524, 2720, 2248, 1577, 1383, 
1868, 2537, 2716, 2226, 1560, 1388, 1889, 2698, 2577, 1926, 
1400, 1533, 2190, 2704, 2563, 1905, 1392, 1549, 2211, 2712, 
2548, 1884, 1387, 1798, 2481, 2731, 2300, 1616, 1371, 1817, 
2499, 2726, 2279, 1599, 1374, 1838, 2513, 2723, 2259, 1420, 
1499, 2136, 2686, 2599, 1959, 1412, 1512, 2158, 2694, 2585, 
1937, 1404, 1526, 2179, 2702, 2350, 1659, 1364, 1768, 2456, 
2735, 2329, 1640, 1366, 1787, 2472, 2736, 2310, 1625, 1369, 
1807, 2663, 2627, 2011, 1433, 1480, 2103, 2673, 2618, 1993, 
1427, 1493, 2126, 2681, 2606, 1970, 1415, 1719, 2411, 2739, 
2380, 1689, 1365, 1740, 2429, 2739, 2359, 1668, 1362, 1756, 
2447, 2743, 2340, 1459, 1454, 2049, 2648, 2647, 2045, 1447, 
1461, 2070, 2658, 2634, 2023, 1441, 1475, 2094, 2668, 2425, 
1735, 1362, 1692, 2383, 2741, 2408, 1716, 1361, 1709, 2400, 
2739, 2388, 1696, 1361, 1728, 2620, 2672, 2101, 1480, 1437, 
2017, 2630, 2663, 2077, 1465, 1444, 2036, 2642, 2652, 2057, 
1456, 1644, 2332, 2736, 2452, 1764, 1365, 1663, 2353, 2739, 
2436, 1745, 1362, 1680, 2371, 2739, 2417, 1508, 1414, 1962, 
2601, 2687, 2136, 1499, 1423, 1984, 2613, 2677, 2111, 1484, 
1428, 2003, 2623, 2496, 1815, 1372, 1620, 2304, 2734, 2479, 
1794, 1367, 1635, 2320, 2735, 2460, 1774, 1365, 1653, 2566, 
2703, 2187, 1532, 1403, 1927, 2580, 2698, 2165, 1518, 1410, 
1952, 2592, 2689, 2145, 1506, 1577, 2251, 2721, 2520, 1845, 
1376, 1593, 2271, 2727, 2504, 1825, 1374, 1610, 2292, 2730, 
2487, 1568, 1385, 1875, 2543, 2714, 2220, 1555, 1391, 1899, 
2557, 2705, 2199, 1539, 1397, 1919, 2572, 2558, 1897, 1391, 
1555, 2219, 2715, 2544, 1876, 1385, 1569, 2240, 2719, 2529, 
1856, 1378, 1584, 2504, 2726, 2272, 1593, 1377, 1847, 2521, 
2721, 2252, 1576, 1383, 1865, 2536, 2716, 2231, 1563, 1519, 
2167, 2697, 2580, 1929, 1400, 1529, 2184, 2702, 2564, 1907, 
1395, 1547, 2209, 2712, 2553, 1638, 1368, 1793, 2478, 2732, 
2300, 1617, 1370, 1815, 2496, 2729, 2283, 1603, 1371, 1836, 
2512, 2617, 1983, 1421, 1496, 2134, 2684, 2601, 1961, 1414, 
1510, 2154, 2691, 2588, 1941, 1405, 1524, 2435, 2739, 2353, 
1663, 1365, 1765, 2454, 2736, 2334, 1644, 1367, 1784, 2470, 
2734, 2312, 1628, 1467, 2079, 2663, 2631, 2015, 1433, 1479, 
2100, 2670, 2617, 1992, 1426, 1491, 2122, 2680, 2608, 1710, 
1363, 1716, 2408, 2739, 2380, 1689, 1359, 1734, 2428, 2740, 
2364, 1673, 1365, 1757, 2447, 2659, 2070, 1460, 1448, 2044, 
2644, 2648, 2048, 1451, 1460, 2068, 2659, 2638, 2028, 1442, 
1472, 2360, 2739, 2430, 1736, 1361, 1688, 2379, 2739, 2411, 
1720, 1361, 1707, 2399, 2744, 2393, 1701, 1425, 1993, 2616, 
2673, 2103, 1479, 1432, 2012, 2627, 2663, 1416, 1969, 2603, 
2680, 2124, 1491, 1590, 2267, 2723, 2503, 1825, 1372, 1607, 
2288, 2727, 2488, 1812, 1369, 1625, 2308, 2731, 2471, 1553, 
1388, 1892, 2552, 2705, 2199, 1539, 1396, 1915, 2571, 2698, 
2177, 1525, 1402, 1936, 2584, 2545, 1878, 1386, 1567, 2236, 
2716, 2525, 1856, 1377, 1579, 2256, 2720, 2511, 1838, 1375, 
1599, 2519, 2723, 2254, 1578, 1380, 1862, 2531, 2713, 2230, 
1561, 1385, 1884, 2547, 2711, 2212, 1548, 1530, 2184, 2703, 
2566, 1910, 1394, 1543, 2204, 2708, 2552, 1888, 1387, 1558, 
2224, 2715, 2536, 1619, 1371, 1811, 2492, 2727, 2281, 1604, 
1373, 1832, 2510, 2723, 2263, 1585, 1377, 1852, 2524, 2601, 
1964, 1415, 1508, 2152, 2692, 2588, 1943, 1403, 1521, 2172, 
2699, 2572, 1921, 1397, 1536, 2451, 2737, 2335, 1646, 1366, 
1782, 2470, 2733, 2313, 1627, 1367, 1800, 2484, 2732, 2295, 
1613, 1477, 2097, 2670, 2619, 1996, 1426, 1488, 2118, 2678, 
2607, 1976, 1418, 1502, 2140, 2691, 2595, 1692, 1362, 1733, 
2424, 2741, 2364, 1672, 1362, 1752, 2442, 2737, 2344, 1656, 
1365, 1772, 2461, 2648, 2051, 1451, 1458, 2064, 2655, 2636, 
2028, 1440, 1471, 2086, 2664, 2625, 2008, 1432, 1483, 2376, 
2740, 2412, 1720, 1360, 1705, 2396, 2741, 2394, 1703, 1359, 
1723, 2413, 2739, 2375, 1683, 1434, 2011, 2628, 2665, 2084, 
1469, 1438, 2031, 2638, 2652, 2062, 1457, 1454, 2054, 2651, 
2646, 1771, 1365, 1658, 2346, 2737, 2439, 1749, 1361, 1675, 
2367, 2739, 2423, 1731, 1362, 1697, 2387, 2686, 2139, 1500, 
1419, 1976, 2609, 2678, 2117, 1488, 1427, 1999, 2622, 2671, 
2094, 1475, 1438, 2297, 2732, 2483, 1799, 1368, 1631, 2316, 
2734, 2465, 1779, 1366, 1649, 2337, 2737, 2449, 1759, 1400, 
1923, 2576, 2700, 2169, 1520, 1407, 1945, 2590, 2690, 2148, 
1507, 1415, 1966, 2603, 2684, 1852, 1379, 1590, 2267, 2726, 
2507, 1830, 1374, 1607, 2286, 2730, 2491, 1810, 1370, 1623, 
2308, 2715, 2224, 1557, 1388, 1892, 2552, 2707, 2203, 1541, 
1394, 1920, 2570, 2702, 2183, 1528, 1404, 2215, 2713, 2547, 
1882, 1386, 1565, 2235, 2718, 2533, 1862, 1382, 1582, 2255, 
2723, 2516, 1840, 1375, 1840, 2517, 2723, 2256, 1581, 1381, 
1861, 2532, 2716, 2235, 1565, 1385, 1881, 2546, 2712, 1934, 
1404, 1529, 2184, 2703, 2571, 1916, 1396, 1543, 2202, 2708, 
2553, 1892, 1389, 1558, 2223, 2732, 2307, 1623, 1371, 1809, 
2491, 2727, 2288, 1607, 1376, 1831, 2508, 2727, 2268, 1589, 
1376, 2127, 2682, 2603, 1968, 1414, 1507, 2150, 2691, 2591, 
1947, 1407, 1521, 2171, 2699, 2576, 1924, 1363, 1759, 2449, 
2737, 2336, 1648, 1364, 1779, 2467, 2735, 2318, 1632, 1367, 
1800, 2483, 2732, 2020, 1437, 1475, 2095, 2668, 2622, 2000, 
1428, 1488, 2118, 2676, 2609, 1979, 1420, 1499, 2137, 2740, 
2386, 1695, 1362, 1731, 2422, 2739, 2367, 1676, 1363, 1749, 
2439, 2737, 2348, 1658, 1364, 2040, 2644, 2652, 2056, 1454, 
1459, 2063, 2656, 2639, 2034, 1444, 1468, 2084, 2664, 2627, 
2010, 1360, 1680, 2372, 2739, 2416, 1722, 1360, 1702, 2393, 
2742, 2398, 1704, 1361, 1721, 2412, 2739, 2108, 1483, 1431, 
2008, 2627, 2667, 2088, 1472, 1443, 2030, 2638, 2659, 2065, 
1459, 1452, 2049, 2735, 2460, 1772, 1364, 1656, 2344, 2739, 
2444, 1753, 1364, 1674, 2364, 2739, 2424, 1733, 1362, 1954, 
2595, 2687, 2141, 1503, 1417, 1975, 2608, 2679, 2119, 1488, 
1427, 1999, 2620, 2672, 2099, 1372, 1612, 2292, 2731, 2483, 
1803, 1368, 1629, 2315, 2734, 2470, 1783, 1367, 1646, 2335, 
2736, 2195, 1536, 1397, 1921, 2575, 2699, 2174, 1523, 1407, 
1944, 2590, 2693, 2153, 1510, 1415, 1965, 2719, 2526, 1852, 
1378, 1586, 2263, 2725, 2510, 1833, 1375, 1603, 2284, 2729, 
2494, 1813, 1372, 1870, 2536, 2716, 2227, 1560, 1387, 1889, 
2552, 2709, 2131, 1455, 1513, 2264, 2736, 2416, 1707, 1426, 
2007, 2633, 2631, 2012, 1433, 1480, 2102, 2672, 2616, 1989, 
1424, 1494, 2125, 2683, 2606, 1708, 1360, 1720, 2416, 2739, 
2379, 1688, 1363, 1739, 2430, 2739, 2359, 1669, 1363, 1758, 
2447, 2656, 2067, 1460, 1451, 2048, 2649, 2647, 2046, 1441, 
1464, 2070, 2659, 2636, 2024, 1439, 1475, 2364, 2741, 2428, 
1735, 1360, 1691, 2382, 2740, 2406, 1716, 1360, 1709, 2400, 
2743, 2388, 1697, 1426, 1995, 2622, 2672, 2100, 1478, 1437, 
2017, 2631, 2663, 2079, 1466, 1445, 2038, 2641, 2652, 1782, 
1364, 1646, 2332, 2737, 2452, 1764, 1364, 1662, 2352, 2739, 
2435, 1743, 1362, 1681, 2375, 2693, 2152, 1511, 1412, 1964, 
2601, 2684, 2133, 1498, 1423, 1985, 2614, 2676, 2111, 1484, 
1429, 2281, 2728, 2494, 1814, 1372, 1620, 2303, 2734, 2480, 
1795, 1371, 1636, 2323, 2735, 2463, 1775, 1392, 1908, 2567, 
2703, 2187, 1532, 1402, 1931, 2582, 2696, 2163, 1516, 1406, 
1952, 2587, 2689, 1867, 1383, 1579, 2253, 2723, 2521, 1845, 
1376, 1593, 2270, 2724, 2503, 1825, 1373, 1611, 2294, 2719, 
2239, 1570, 1384, 1882, 2543, 2712, 2219, 1553, 1391, 1899, 
2559, 2707, 2198, 1539, 1398, 2198, 2707, 2556, 1896, 1390, 
1553, 2220, 2715, 2543, 1876, 1386, 1569, 2241, 2719, 2529, 
1855, 1372, 1825, 2504, 2726, 2272, 1593, 1377, 1848, 2521, 
2722, 2250, 1577, 1382, 1864, 2535, 2716, 1951, 1409, 1518, 
2168, 2697, 2579, 1929, 1401, 1532, 2188, 2704, 2564, 1907, 
1393, 1546, 2208, 2735, 2323, 1634, 1368, 1796, 2480, 2734, 
2301, 1618, 1371, 1815, 2496, 2728, 2281, 1601, 1375, 2112, 
2676, 2612, 1980, 1421, 1496, 2134, 2686, 2601, 1962, 1413, 
1511, 2155, 2695, 2587, 1939, 1362, 1746, 2436, 2739, 2353, 
1662, 1364, 1764, 2453, 2736, 2331, 1644, 1366, 1784, 2471, 
2735, 2037, 1444, 1468, 2079, 2663, 2630, 2015, 1435, 1479, 
2100, 2672, 2619, 1994, 1427, 1491, 2122, 2740, 2401, 1710, 
1361, 1717, 2408, 2739, 2380, 1689, 1363, 1735, 2428, 2739, 
2363, 1672, 1363, 2025, 2636, 2659, 2072, 1464, 1451, 2047, 
2648, 2648, 2048, 1451, 1460, 2067, 2656, 2637, 2028, 1363, 
1669, 2360, 2739, 2428, 1737, 1361, 1689, 2380, 2740, 2413, 
1720, 1362, 1708, 2400, 2739, 2124, 1492, 1425, 1991, 2620, 
2673, 2104, 1477, 1436, 2015, 2631, 2664, 2081, 1468, 1444, 
2034, 2733, 2472, 1785, 1367, 1644, 2329, 2736, 2456, 1764, 
1364, 1660, 2351, 2739, 2438, 1747, 1363, 1938, 2586, 2692, 
2158, 1512, 1411, 1959, 2598, 2686, 2137, 1500, 1420, 1980, 
2612, 2676, 2116, 1376, 1601, 2281, 2728, 2499, 1818, 1370, 
1616, 2300, 2732, 2481, 1796, 1368, 1635, 2319, 2735, 2209, 
1548, 1392, 1907, 2563, 2703, 2190, 1532, 1399, 1927, 2579, 
2697, 2168, 1520, 1408, 1948, 2715, 2538, 1867, 1383, 1576, 
2248, 2721, 2523, 1847, 1378, 1590, 2268, 2725, 2505, 1825, 
1373, 1854, 2527, 2720, 2243, 1571, 1384, 1873, 2542, 2713, 
2223, 1557, 1390, 1894, 2556, 2708, 2201, 1398, 1537, 2194, 
2707, 2559, 1900, 1391, 1551, 2215, 2713, 2545, 1887, 1387, 
1567, 2238, 2718, 2294, 1612, 1372, 1823, 2500, 2726, 2273, 
1595, 1376, 1845, 2519, 2721, 2255, 1579, 1381, 1863, 2688, 
2595, 1952, 1410, 1516, 2162, 2695, 2582, 1932, 1402, 1529, 
2185, 2705, 2567, 1912, 1397, 1772, 2463, 2735, 2324, 1637, 
1366, 1789, 2476, 2732, 2304, 1621, 1369, 1811, 2492, 2729, 
2284, 1432, 1483, 2108, 2675, 2614, 1986, 1424, 1496, 2129, 
2684, 2601, 1964, 1413, 1508, 2151, 2692, 2374, 1683, 1363, 
1743, 2432, 2736, 2355, 1664, 1363, 1763, 2451, 2737, 2335, 
1647, 1366, 1782, 2651, 2644, 2040, 1446, 1465, 2076, 2661, 
2632, 2019, 1438, 1477, 2097, 2671, 2620, 1997, 1428, 1695, 
2386, 2739, 2403, 1711, 1361, 1715, 2407, 2740, 2385, 1694, 
1362, 1734, 2425, 2740, 1359, 1955, 2595, 2684, 2137, 1500, 
1419, 1976, 2608, 2675, 2113, 1484, 1427, 1991, 2620, 2668, 
2094, 1371, 1612, 2296, 2729, 2480, 1796, 1367, 1630, 2316, 
2732, 2464, 1779, 1363, 1648, 2335, 2735, 2190, 1534, 1398, 
1923, 2575, 2695, 2168, 1520, 1407, 1944, 2588, 2688, 2148, 
1506, 1415, 1966, 2719, 2523, 1848, 1377, 1588, 2264, 2724, 
2507, 1826, 1373, 1606, 2286, 2727, 2490, 1808, 1369, 1872, 
2536, 2713, 2223, 1558, 1388, 1891, 2552, 2707, 2201, 1541, 
1395, 1913, 2567, 2700, 2182, 1392, 1551, 2213, 2711, 2544, 
1880, 1384, 1564, 2232, 2718, 2531, 1860, 1379, 1580, 2256, 
2722, 2275, 1598, 1376, 1839, 2516, 2723, 2255, 1580, 1380, 
1861, 2530, 2716, 2233, 1564, 1385, 1881, 2694, 2583, 1934, 
1402, 1527, 2182, 2702, 2568, 1912, 1393, 1541, 2201, 2708, 
2552, 1890, 1388, 1788, 2472, 2732, 2306, 1623, 1370, 1809, 
2490, 2728, 2286, 1605, 1372, 1831, 2508, 2727, 2268, 1423, 
1493, 2127, 2683, 2603, 1966, 1415, 1507, 2148, 2691, 2589, 
1944, 1408, 1520, 2170, 2697, 2356, 1666, 1363, 1761, 2449, 
2736, 2336, 1648, 1364, 1779, 2465, 2732, 2317, 1631, 1368, 
1798, 2659, 2632, 2020, 1436, 1475, 2092, 2668, 2622, 1992, 
1429, 1488, 2115, 2678, 2609, 1977, 1420, 1712, 2404, 2740, 
2385, 1695, 1360, 1730, 2422, 2739, 2367, 1676, 1363, 1749, 
2439, 2739, 2348, 1464, 1447, 2041, 2643, 2651, 2054, 1453, 
1457, 2063, 2655, 2638, 2032, 1443, 1470, 2084, 2664, 2432, 
1742, 1362, 1683, 2375, 2740, 2412, 1723, 1359, 1702, 2394, 
2739, 2398, 1703, 1361, 1723, 2615, 2675, 2108, 1483, 1431, 
2008, 2626, 2667, 2087, 1472, 1441, 2029, 2637, 2656, 2065, 
1459, 1639, 2324, 2735, 2460, 1772, 1365, 1659, 2346, 2739, 
2441, 1752, 1363, 1673, 2366, 2739, 2425, 1516, 1409, 1953, 
2595, 2687, 2140, 1503, 1418, 1975, 2608, 2680, 2120, 1489, 
1427, 1996, 2620, 2502, 1822, 1373, 1612, 2293, 2731, 2487, 
1801, 1368, 1630, 2317, 2735, 2468, 1781, 1367, 1646, 2560, 
2705, 2195, 1537, 1399, 1921, 2575, 2695, 2172, 1523, 1406, 
1944, 2589, 2692, 2151, 1507, 1571, 2241, 2719, 2526, 1853, 
1378, 1587, 2263, 2724, 2508, 1831, 1374, 1604, 2284, 2729, 
2495, 1575, 1383, 1869, 2537, 2715, 2227, 1560, 1388, 1889, 
2552, 2709, 2206, 1544, 1395, 1910, 2566, 2562, 1910, 1393, 
1551, 2210, 2712, 2547, 1884, 1387, 1563, 2231, 2718, 2534, 
1863, 1382, 1578, 2497, 2727, 2279, 1599, 1375, 1839, 2512, 
2723, 2259, 1583, 1382, 1857, 2528, 2718, 2238, 1568, 1516, 
2158, 2695, 2584, 1937, 1403, 1526, 2179, 2700, 2571, 1918, 
1398, 1542, 2200, 2708, 2556, 1643, 1367, 1787, 2472, 2732, 
2309, 1624, 1368, 1807, 2489, 2730, 2289, 1607, 1375, 1824, 
2506, 2620, 1991, 1424, 1492, 2125, 2681, 2606, 1969, 1415, 
1504, 2144, 2689, 2593, 1948, 1408, 1519, 2430, 2738, 2360, 
1669, 1361, 1756, 2447, 2736, 2339, 1651, 1364, 1776, 2465, 
2736, 2320, 1632, 1463, 2071, 2658, 2634, 2023, 1439, 1473, 
2092, 2668, 2623, 2003, 1430, 1487, 2113, 2677, 2612, 1715, 
1360, 1710, 2400, 2740, 2390, 1696, 1360, 1727, 2419, 2737, 
2371, 1679, 1362, 1747, 2439, 2663, 2079, 1466, 1444, 2038, 
2640, 2652, 2056, 1455, 1456, 2059, 2653, 2641, 2035, 1444, 
1470, 2352, 2739, 2436, 1747, 1362, 1681, 2372, 2739, 2416, 
1724, 1361, 1699, 2391, 2740, 2400, 1708, 1421, 1982, 2615, 
2676, 2111, 1484, 1430, 2004, 2624, 2667, 2089, 1472, 1440, 
2026, 2636, 2657, 1794, 1368, 1632, 2322, 2735, 2462, 1775, 
1365, 1653, 2342, 2736, 2444, 1755, 1364, 1671, 2363, 2696, 
2166, 1518, 1408, 1951, 2593, 2688, 2144, 1504, 1417, 1974, 
2607, 2680, 2121, 1491, 1425, 2270, 2726, 2505, 1825, 1372, 
1611, 2292, 2732, 2487, 1804, 1369, 1628, 2311, 2733, 2444, 
1699, 1486, 2208, 2722, 2496, 1795, 1366, 1654, 2362, 2740, 
2390, 1700, 1363, 1727, 2418, 2740, 2371, 1479, 1435, 2015, 
2631, 2663, 2080, 1468, 1444, 2035, 2641, 2653, 2057, 1456, 
1456, 2058, 2652, 2454, 1764, 1364, 1662, 2352, 2739, 2436, 
1746, 1362, 1679, 2370, 2743, 2420, 1727, 1361, 1699, 2600, 
2686, 2134, 1499, 1421, 1982, 2613, 2676, 2112, 1484, 1430, 
2003, 2624, 2668, 2090, 1474, 1619, 2304, 2732, 2480, 1795, 
1369, 1637, 2323, 2734, 2463, 1775, 1367, 1652, 2342, 2737, 
2446, 1532, 1401, 1929, 2580, 2696, 2167, 1518, 1408, 1950, 
2593, 2689, 2147, 1506, 1418, 1971, 2606, 2521, 1847, 1377, 
1593, 2271, 2726, 2503, 1826, 1373, 1608, 2291, 2729, 2488, 
1805, 1369, 1627, 2542, 2712, 2220, 1555, 1390, 1897, 2558, 
2707, 2199, 1540, 1397, 1917, 2573, 2702, 2177, 1523, 1551, 
2218, 2714, 2544, 1876, 1384, 1567, 2239, 2719, 2529, 1849, 
1379, 1582, 2259, 2723, 2513, 1593, 1377, 1844, 2519, 2722, 
2252, 1579, 1382, 1865, 2534, 2716, 2230, 1563, 1385, 1886, 
2550, 2579, 1931, 1402, 1529, 2185, 2703, 2567, 1910, 1395, 
1546, 2207, 2712, 2552, 1888, 1389, 1562, 2479, 2732, 2303, 
1619, 1370, 1813, 2494, 2728, 2284, 1603, 1375, 1832, 2511, 
2727, 2264, 1587, 1497, 2131, 2684, 2601, 1963, 1414, 1510, 
2153, 2692, 2588, 1941, 1406, 1523, 2175, 2700, 2574, 1663, 
1364, 1764, 2453, 2736, 2335, 1646, 1365, 1784, 2468, 2734, 
2312, 1628, 1368, 1804, 2485, 2631, 2017, 1436, 1479, 2099, 
2672, 2620, 1996, 1427, 1491, 2120, 2680, 2608, 1973, 1417, 
1503, 2407, 2739, 2380, 1691, 1365, 1735, 2426, 2738, 2363, 
1673, 1363, 1754, 2444, 2736, 2343, 1654, 1448, 2044, 2646, 
2648, 2051, 1452, 1460, 2066, 2656, 2636, 2028, 1442, 1470, 
2089, 2668, 2628, 1739, 1363, 1688, 2376, 2739, 2410, 1720, 
1360, 1705, 2398, 2740, 2393, 1702, 1362, 1727, 2417, 2675, 
2106, 1480, 1433, 2013, 2631, 2664, 2081, 1468, 1442, 2032, 
2640, 2655, 2061, 1457, 1458, 2330, 2737, 2457, 1768, 1365, 
1658, 2348, 2737, 2438, 1748, 1362, 1677, 2368, 2740, 2420, 
1730, 1412, 1959, 2599, 2687, 2139, 1501, 1420, 1979, 2611, 
2676, 2113, 1486, 1428, 2003, 2623, 2671, 1820, 1372, 1617, 
2299, 2732, 2483, 1798, 1368, 1630, 2319, 2735, 2465, 1778, 
1366, 1650, 2337, 2707, 2192, 1534, 1401, 1927, 2578, 2698, 
2170, 1521, 1410, 1948, 2590, 2688, 2147, 1507, 1415, 2244, 
2720, 2523, 1848, 1377, 1591, 2268, 2726, 2508, 1829, 1374, 
1607, 2288, 2731, 2492, 1808, 1385, 1872, 2540, 2714, 2222, 
1560, 1390, 1895, 2553, 2710, 2199, 1544, 1395, 1916, 2571, 
2702, 1902, 1391, 1551, 2214, 2712, 2546, 1879, 1387, 1567, 
2236, 2719, 2532, 1860, 1380, 1582, 2256, 2729, 2276, 1596, 
1376, 1842, 2519, 2719, 2255, 1580, 1381, 1859, 2532, 2718, 
2234, 1567, 1387, 2163, 2695, 2583, 1934, 1403, 1528, 2183, 
2703, 2568, 1913, 1395, 1544, 2203, 2710, 2553, 1891, 1364, 
1790, 2475, 2732, 2308, 1623, 1372, 1811, 2492, 2728, 2286, 
1604, 1374, 1831, 2508, 2724, 1986, 1422, 1494, 2128, 2683, 
2603, 1966, 1415, 1508, 2151, 2692, 2593, 1945, 1403, 1519, 
2170, 2739, 2356, 1664, 1364, 1761, 2451, 2737, 2337, 1649, 
1367, 1780, 2468, 2735, 2317, 1631, 1368, 2072, 2659, 2632, 
2019, 1439, 1476, 2096, 2670, 2622, 1999, 1429, 1488, 2118, 
2680, 2611, 1977, 1363, 1714, 2404, 2740, 2385, 1690, 1361, 
1732, 2422, 2739, 2367, 1676, 1363, 1752, 2441, 2739, 2075, 
1465, 1447, 2041, 2643, 2649, 2053, 1452, 1459, 2064, 2656, 
2639, 2032, 1444, 1472, 2084, 2739, 2432, 1742, 1363, 1686, 
2376, 2742, 2415, 1723, 1362, 1703, 2393, 2740, 2396, 1702, 
1360, 1987, 2616, 2675, 2107, 1484, 1432, 2009, 2630, 2668, 
2088, 1472, 1441, 2028, 2638, 2655, 2063, 1368, 1639, 2326, 
2736, 2460, 1612, 2292, 2727, 2480, 1796, 1367, 1628, 2313, 
2731, 2467, 1780, 1392, 1901, 2558, 2703, 2192, 1535, 1398, 
1921, 2574, 2695, 2170, 1518, 1405, 1943, 2588, 2689, 1870, 
1383, 1571, 2242, 2718, 2524, 1851, 1376, 1587, 2261, 2724, 
2504, 1831, 1373, 1603, 2284, 2719, 2246, 1574, 1383, 1870, 
2537, 2715, 2223, 1559, 1387, 1889, 2552, 2707, 2204, 1543, 
1394, 2188, 2703, 2559, 1903, 1391, 1547, 2209, 2711, 2544, 
1883, 1385, 1564, 2232, 2718, 2533, 1863, 1372, 1819, 2496, 
2723, 2275, 1596, 1374, 1838, 2515, 2723, 2257, 1583, 1382, 
1859, 2531, 2716, 1956, 1409, 1511, 2156, 2692, 2583, 1935, 
1403, 1525, 2180, 2701, 2570, 1916, 1396, 1542, 2201, 2736, 
2329, 1641, 1366, 1786, 2471, 2731, 2307, 1623, 1369, 1807, 
2489, 2729, 2289, 1607, 1372, 2108, 2672, 2616, 1990, 1425, 
1495, 2127, 2680, 2604, 1968, 1415, 1506, 2147, 2689, 2591, 
1948, 1362, 1739, 2429, 2736, 2356, 1666, 1361, 1758, 2448, 
2737, 2340, 1651, 1368, 1779, 2463, 2735, 2043, 1446, 1460, 
2071, 2657, 2633, 2023, 1440, 1475, 2094, 2668, 2631, 2001, 
END
1390, 1628, 2419, 2609, 2304, 2708, 2352, 1635, 1355, 1836, 
2531, 2663, 2088, 1446, 1459, 2112, 2673, 2517, 1816, 1373, 
1908, 2579, 2633, 2015, 1411, 1503, 2188, 2696, 2465, 1748, 
1348, 1723, 2441, 2703, 2219, 1383, 1555, 2262, 2710, 2407, 
1686, 1351, 1792, 2501, 2687, 2148, 1478, 1433, 2062, 2657, 
2559, 1622, 1364, 1863, 2555, 2665, 2076, 1440, 1478, 2141, 
2691, 2511, 1801, 1353, 1678, 2401, 2718, 2001, 1408, 1522, 
2215, 2708, 2455, 1735, 1352, 1744, 2463, 2707, 2206, 1517, 
1412, 2014, 2641, 2394, 1670, 1359, 1812, 2521, 2687, 2133, 
1471, 1447, 2089, 2675, 2551, 1856, 1366, 1635, 2358, 2663, 
2060, 1434, 1491, 2166, 2700, 2499, 1785, 1358, 1699, 2425, 
2721, 2263, 1557, 1395, 1964, 2719, 2444, 1720, 1356, 1766, 
2481, 2707, 2189, 1507, 1424, 2040, 2657, 2591, 1912, 1381, 
1595, 2539, 2686, 2115, 1461, 1461, 2114, 2687, 1817, 2525, 
2691, 2137, 1473, 1448, 2091, 2678, 2557, 1616, 1376, 1892, 
2577, 2668, 2063, 1434, 1491, 2168, 2703, 2502, 1788, 1359, 
1702, 2430, 2726, 1989, 1404, 1542, 2241, 2721, 2444, 1722, 
1359, 1769, 2488, 2712, 2193, 1508, 1424, 2040, 2657, 2382, 
1656, 1364, 1840, 2541, 2690, 2120, 1465, 1463, 2115, 2687, 
2544, 1840, 1364, 1651, 2383, 2663, 2045, 1427, 1505, 2191, 
2712, 2490, 1771, 1356, 1721, 2446, 2723, 2247, 1545, 1406, 
1987, 2727, 2432, 1706, 1360, 1788, 2504, 2707, 2174, 1495, 
1436, 2062, 2668, 2581, 1895, 1377, 1614, 2559, 2682, 2102, 
1454, 1475, 2140, 2699, 2508, 1734, 1363, 1954, 2691, 2540, 
1812, 1361, 1695, 2623, 2615, 1875, 1374, 1630, 2355, 2734, 
2351, 1625, 1375, 1885, 2576, 2676, 2079, 1443, 1489, 2422, 
2729, 2278, 1567, 1393, 1954, 2618, 2643, 2004, 1411, 1536, 
2233, 2724, 2460, 1735, 1363, 2030, 2656, 2605, 1930, 1388, 
1589, 2306, 2735, 2398, 1670, 1363, 1828, 2537, 2696, 2134, 
1473, 1648, 2376, 2736, 2330, 1603, 1379, 1902, 2588, 2669, 
2059, 1436, 1504, 2182, 2716, 2503, 1784, 1401, 1976, 2629, 
2631, 1980, 1403, 1551, 2255, 2728, 2444, 1718, 1360, 1780, 
2497, 2714, 2188, 1380, 1606, 2326, 2736, 2380, 1653, 1369, 
1850, 2551, 2687, 2112, 1461, 1470, 2128, 2696, 2543, 1595, 
1387, 1925, 2601, 2660, 2036, 1424, 1513, 2203, 2716, 2488, 
1767, 1359, 1732, 2456, 2725, 1962, 1400, 1566, 2273, 2732, 
2425, 1699, 1363, 1799, 2515, 2707, 2168, 1490, 1441, 2076, 
2676, 2363, 1636, 1372, 1871, 2568, 2680, 2093, 1449, 1482, 
2150, 2703, 2528, 1816, 1361, 1684, 2412, 2652, 2015, 1415, 
1528, 2223, 2724, 2471, 1747, 1359, 1750, 2475, 2721, 2220, 
1526, 1419, 2020, 2734, 2410, 1682, 1364, 1821, 2531, 2702, 
2145, 1480, 1452, 2092, 2686, 2562, 1866, 1373, 1639, 2580, 
2675, 2072, 1439, 1494, 2171, 2710, 2513, 1796, 1363, 1703, 
2431, 2731, 2273, 1564, 1398, 2243, 2727, 2456, 1728, 1356, 
1771, 2489, 2719, 2200, 1511, 1427, 2040, 2663, 2601, 1921, 
1383, 1838, 2544, 2695, 2127, 1469, 1464, 2117, 2694, 2552, 
1848, 1367, 1658, 2383, 2736, 2324, 1604, 1507, 2192, 2715, 
2498, 1777, 1360, 1721, 2447, 2727, 2252, 1548, 1404, 1984, 
2633, 2630, 1975, 1359, 1788, 2506, 2712, 2179, 1499, 1436, 
2061, 2673, 2586, 1900, 1380, 1614, 2335, 2736, 2374, 1457, 
1476, 2139, 2700, 2537, 1830, 1365, 1673, 2401, 2736, 2303, 
1587, 1388, 1934, 2608, 2659, 1760, 1361, 1740, 2464, 2724, 
2232, 1534, 1414, 2008, 2649, 2620, 1953, 1395, 1572, 2284, 
2732, 2156, 1486, 1446, 2083, 2680, 2573, 1879, 1373, 1628, 
2353, 2736, 2353, 1630, 1377, 1881, 2577, 2524, 1809, 1363, 
1692, 2420, 2729, 2283, 1571, 1393, 1953, 2620, 2648, 2010, 
1413, 1536, 2231, 2723, 2212, 1519, 1421, 2028, 2657, 2608, 
1935, 1387, 1587, 2305, 2736, 2403, 1673, 1368, 1829, 2687, 
2559, 1860, 1371, 1648, 2374, 2736, 2336, 1613, 1379, 1900, 
2588, 2672, 2063, 1437, 1499, 2438, 2732, 2264, 1558, 1401, 
1975, 2630, 2635, 1987, 1408, 1551, 2254, 2731, 2449, 1721, 
1360, 2049, 2667, 2594, 1912, 1383, 1604, 2323, 2737, 2387, 
1656, 1369, 1848, 2553, 2692, 2116, 1464, 1664, 2391, 2736, 
2316, 1597, 1386, 1921, 2600, 2664, 2041, 1427, 1512, 2200, 
2718, 2490, 1769, 1409, 1996, 2643, 2624, 1968, 1399, 1563, 
2273, 2732, 2430, 1703, 1361, 1796, 2513, 2710, 2171, 1379, 
1622, 2343, 2739, 2371, 1640, 1372, 1868, 2566, 2684, 2095, 
1452, 1480, 2148, 2703, 2532, 1582, 1390, 1943, 2611, 2654, 
2017, 1418, 1526, 2220, 2723, 2475, 1752, 1359, 1751, 2472, 
2724, 1944, 1393, 1576, 2291, 2736, 2412, 1686, 1362, 1817, 
2529, 2704, 2150, 1484, 1450, 2092, 2684, 2348, 1624, 1378, 
1888, 2579, 2678, 2074, 1439, 1491, 2167, 2710, 2515, 1801, 
1365, 1702, 2430, 2647, 2000, 1411, 1537, 2239, 2726, 2457, 
1731, 1360, 1767, 2488, 2719, 2205, 1515, 1426, 2038, 2736, 
2393, 1666, 1363, 1836, 2543, 2698, 2131, 1473, 1462, 2115, 
2692, 2555, 1851, 1368, 1655, 2592, 2670, 2053, 1433, 1504, 
2188, 2716, 2499, 1779, 1361, 1719, 2446, 2731, 2257, 1551, 
1407, 2259, 2730, 2438, 1714, 1362, 1784, 2503, 2715, 2184, 
1504, 1436, 2060, 2668, 2590, 1503, 2186, 2727, 2255, 1550, 
1404, 1982, 2631, 2631, 1979, 1401, 1554, 2259, 2727, 2439, 
1712, 1359, 1784, 2668, 2589, 1904, 1380, 1609, 2328, 2735, 
2374, 1648, 1368, 1853, 2556, 2689, 2107, 1459, 1471, 2398, 
2731, 2304, 1588, 1385, 1927, 2603, 2659, 2032, 1423, 1516, 
2209, 2718, 2483, 1759, 1358, 2000, 2642, 2619, 1958, 1395, 
1569, 2280, 2734, 2423, 1697, 1363, 1803, 2517, 2705, 2163, 
1487, 1625, 2350, 2738, 2359, 1632, 1375, 1878, 2571, 2683, 
2088, 1449, 1487, 2153, 2705, 2524, 1811, 1392, 1950, 2615, 
2646, 2011, 1414, 1534, 2227, 2723, 2467, 1744, 1360, 1755, 
2478, 2720, 2214, 1388, 1583, 2300, 2732, 2406, 1679, 1367, 
1826, 2535, 2702, 2143, 1478, 1455, 2098, 2686, 2560, 1615, 
1376, 1896, 2584, 2675, 2067, 1438, 1496, 2175, 2712, 2508, 
1790, 1360, 1700, 2435, 2731, 1989, 1410, 1547, 2251, 2727, 
2448, 1724, 1358, 1771, 2492, 2716, 2195, 1510, 1430, 2046, 
2668, 2384, 1660, 1367, 1843, 2547, 2694, 2119, 1465, 1466, 
2120, 2695, 2548, 1844, 1366, 1662, 2387, 2666, 2046, 1431, 
1511, 2195, 2716, 2492, 1772, 1358, 1728, 2452, 2724, 2247, 
1547, 1408, 1992, 2731, 2434, 1706, 1361, 1793, 2511, 2712, 
2177, 1496, 1438, 2070, 2671, 2582, 1894, 1379, 1619, 2566, 
2689, 2102, 1456, 1479, 2142, 2702, 2533, 1820, 1362, 1676, 
2406, 2736, 2302, 1585, 1392, 2217, 2723, 2478, 1754, 1358, 
1743, 2468, 2723, 2227, 1531, 1416, 2012, 2649, 2616, 1948, 
1391, 1812, 2526, 2702, 2155, 1486, 1451, 2092, 2684, 2571, 
1876, 1372, 1632, 2358, 2735, 2348, 1624, 1491, 2165, 2711, 
2520, 1806, 1364, 1697, 2426, 2732, 2280, 1568, 1395, 1958, 
2622, 2645, 2003, 1361, 1763, 2486, 2719, 2207, 1517, 1423, 
2033, 2659, 2605, 1927, 1390, 1594, 2311, 2736, 2399, 1471, 
1459, 2108, 2691, 2556, 1855, 1372, 1652, 2378, 2739, 2332, 
1611, 1379, 1904, 2589, 2668, 1783, 1360, 1715, 2443, 2729, 
2260, 1555, 1404, 1981, 2632, 2633, 1982, 1402, 1551, 2257, 
2731, 2188, 1505, 1433, 2059, 2671, 2595, 1908, 1382, 1606, 
2327, 2736, 2379, 1651, 1370, 1854, 2556, 2544, 1833, 1367, 
1668, 2395, 2736, 2308, 1591, 1384, 1926, 2604, 2662, 2037, 
1427, 1516, 2206, 2727, 2241, 1539, 1411, 1999, 2641, 2622, 
1960, 1396, 1565, 2278, 2733, 2427, 1701, 1363, 1801, 2678, 
2579, 1888, 1378, 1626, 2348, 2739, 2360, 1635, 1372, 1871, 
2568, 2683, 2091, 1450, 1485, 2418, 2737, 2294, 1580, 1392, 
1947, 2614, 2649, 2013, 1414, 1527, 2225, 2726, 2471, 1751, 
1361, 2023, 2656, 2612, 1939, 1388, 1582, 2297, 2734, 2409, 
1681, 1367, 1823, 2534, 2703, 2143, 1479, 1640, 2368, 2738, 
2343, 1619, 1380, 1895, 2584, 2675, 2070, 1437, 1493, 2171, 
2708, 2511, 1795, 1400, 1969, 2629, 2642, 1996, 1408, 1544, 
2246, 2727, 2454, 1728, 1361, 1772, 2492, 2719, 2199, 1385, 
1598, 2317, 2737, 2392, 1663, 1368, 1848, 2545, 2695, 2124, 
1467, 1468, 2118, 2691, 2551, 1603, 1384, 1916, 2595, 2668, 
2048, 1431, 1507, 2195, 2716, 2496, 1777, 1361, 1724, 2451, 
2727, 1974, 1402, 1555, 2264, 2731, 2435, 1710, 1363, 1793, 
2508, 2712, 2177, 1499, 1435, 2062, 2671, 2372, 1647, 1373, 
1864, 2563, 2688, 2102, 1454, 1472, 2139, 2699, 2536, 1825, 
1367, 1678, 2406, 2659, 2027, 1423, 1520, 2211, 2719, 2480, 
1755, 1358, 1741, 2464, 2726, 2231, 1534, 1415, 2009, 2736, 
2417, 1692, 1362, 1809, 2523, 2704, 2158, 1486, 1447, 2084, 
2681, 2572, 1878, 1376, 1632, 2577, 2681, 2083, 1446, 1488, 
2160, 2708, 2523, 1804, 1363, 1692, 2420, 2731, 2191, 1470, 
1523, 2519, 2712, 2170, 1480, 1458, 2127, 2713, 2504, 1785, 
1359, 1712, 2439, 2732, 2266, 1557, 1403, 2255, 2728, 2444, 
1719, 1360, 1779, 2499, 2716, 2191, 1506, 1432, 2053, 2667, 
2593, 1910, 1381, 1851, 2555, 2695, 2115, 1462, 1471, 2126, 
2695, 2544, 1837, 1367, 1664, 2393, 2736, 2314, 1587, 1515, 
2203, 2719, 2489, 1768, 1360, 1731, 2457, 2728, 2244, 1541, 
1410, 1998, 2643, 2625, 1964, 1361, 1795, 2516, 2708, 2169, 
1494, 1441, 2075, 2676, 2582, 1889, 1377, 1623, 2346, 2740, 
2366, 1452, 1481, 2149, 2703, 2531, 1815, 1364, 1684, 2412, 
2734, 2296, 1580, 1393, 1944, 2615, 2653, 1749, 1360, 1748, 
2471, 2722, 2222, 1527, 1418, 2019, 2653, 2615, 1944, 1392, 
1577, 2295, 2736, 2150, 1482, 1452, 2095, 2687, 2567, 1870, 
1372, 1637, 2364, 2737, 2343, 1623, 1378, 1894, 2583, 2517, 
1799, 1366, 1702, 2428, 2731, 2272, 1564, 1395, 1963, 2626, 
2644, 1999, 1411, 1543, 2243, 2719, 2201, 1514, 1428, 2039, 
2664, 2603, 1921, 1387, 1596, 2313, 2737, 2393, 1666, 1368, 
1840, 2694, 2553, 1851, 1369, 1656, 2383, 2736, 2323, 1603, 
1381, 1911, 2593, 2668, 2054, 1433, 1508, 2451, 2732, 2256, 
1550, 1406, 1984, 2635, 2630, 1977, 1401, 1556, 2263, 2729, 
2440, 1712, 1361, 2062, 2671, 2589, 1902, 1379, 1612, 2334, 
2738, 2374, 1648, 1371, 1856, 2558, 2688, 2105, 1457, 1673, 
2401, 2737, 2307, 1590, 1388, 1933, 2609, 2657, 2031, 1421, 
1516, 2210, 2719, 2482, 1761, 1414, 2006, 2647, 2620, 1955, 
1395, 1570, 2283, 2736, 2420, 1695, 1365, 1807, 2520, 2705, 
2159, 1374, 1626, 2352, 2739, 2355, 1631, 1376, 1880, 2574, 
2681, 2086, 1447, 1483, 2156, 2707, 2524, 1575, 1395, 1954, 
2619, 2647, 2009, 1414, 1532, 2231, 2723, 2466, 1743, 1362, 
1760, 2482, 2720, 1932, 1388, 1585, 2301, 2733, 2401, 1676, 
1365, 1828, 2535, 2701, 2140, 1477, 1456, 2100, 2687, 2337, 
1614, 1380, 1900, 2588, 2673, 2063, 1436, 1497, 2176, 2712, 
2508, 1789, 1363, 1711, 2439, 2639, 1990, 1407, 1548, 2251, 
2727, 2447, 1720, 1360, 1776, 2497, 2715, 2194, 1511, 1432, 
2047, 2737, 2385, 1658, 1369, 1848, 2551, 2695, 2119, 1464, 
1468, 2123, 2695, 2546, 1841, 1367, 1663, 2598, 2666, 2044, 
1428, 1509, 2200, 2719, 2492, 1767, 1358, 1727, 2453, 2727, 
2247, 1543, 1409, 2272, 2733, 2432, 1706, 1362, 1795, 2511, 
2710, 2172, 1495, 1439, 2071, 2675, 2584, 1892, 1377, 1864, 
2563, 2686, 2099, 1453, 1480, 2147, 2703, 2535, 1821, 1364, 
1680, 2407, 2734, 2296, 1580, 1524, 2220, 2724, 2478, 1753, 
1363, 1747, 2465, 2721, 2224, 1526, 1412, 2016, 2651, 2612, 
1947, 1366, 1817, 2529, 2705, 2151, 1483, 1450, 2092, 2684, 
2570, 1873, 1374, 1636, 2361, 2737, 2348, 1441, 1490, 2166, 
2711, 2520, 1802, 1363, 1699, 2427, 2734, 2278, 1567, 1395, 
1959, 2623, 2643, 1735, 1362, 1767, 2488, 2720, 2207, 1514, 
1424, 2035, 2660, 2603, 1927, 1385, 1595, 2311, 2735, 2131, 
1471, 1463, 2113, 2691, 2553, 1852, 1373, 1652, 2379, 2737, 
2329, 1608, 1383, 1907, 2592, 2501, 1783, 1361, 1718, 2444, 
2729, 2259, 1550, 1403, 1982, 2634, 2631, 1982, 1404, 1551, 
2263, 2712, 2185, 1504, 1433, 2056, 2668, 2590, 1907, 1379, 
1610, 2329, 2738, 2377, 1651, 1372, 1856, 2700, 2542, 1835, 
1368, 1672, 2400, 2737, 2306, 1592, 1385, 1927, 2603, 2660, 
2036, 1424, 1518, 2462, 2727, 2237, 1538, 1411, 2003, 2644, 
2620, 1959, 1396, 1567, 2279, 2733, 2424, 1697, 1363, 2078, 
2679, 2577, 1888, 1376, 1632, 2350, 2739, 2360, 1633, 1374, 
1875, 2571, 2680, 2087, 1448, 1689, 2417, 2736, 1361, 1803, 
2515, 2706, 2163, 1489, 1441, 2077, 2676, 2576, 1883, 1376, 
1624, 2567, 2680, 2088, 1446, 1483, 2152, 2703, 2526, 1812, 
1364, 1688, 2415, 2732, 2288, 1575, 1391, 2226, 2721, 2467, 
1744, 1359, 1750, 2476, 2723, 2217, 1523, 1419, 2023, 2654, 
2610, 1937, 1388, 1822, 2531, 2700, 2142, 1479, 1455, 2099, 
2685, 2566, 1865, 1372, 1642, 2368, 2736, 2339, 1616, 1493, 
2172, 2710, 2507, 1791, 1360, 1707, 2433, 2731, 2270, 1561, 
1406, 1970, 2627, 2639, 1991, 1358, 1772, 2491, 2716, 2195, 
1511, 1428, 2046, 2667, 2599, 1918, 1382, 1599, 2316, 2735, 
2388, 1465, 1465, 2121, 2695, 2552, 1846, 1371, 1660, 2385, 
2735, 2319, 1598, 1383, 1913, 2595, 2665, 1774, 1359, 1724, 
2449, 2727, 2247, 1547, 1406, 1992, 2639, 2628, 1972, 1400, 
1561, 2268, 2729, 2175, 1496, 1437, 2065, 2673, 2585, 1897, 
1379, 1617, 2339, 2738, 2369, 1643, 1372, 1862, 2561, 2534, 
1826, 1368, 1680, 2407, 2735, 2299, 1584, 1389, 1939, 2609, 
2656, 2024, 1421, 1522, 2215, 2724, 2230, 1530, 1415, 2011, 
2648, 2616, 1951, 1393, 1575, 2288, 2736, 2417, 1692, 1367, 
1812, 2680, 2569, 1875, 1372, 1629, 2356, 2737, 2351, 1628, 
1377, 1884, 2576, 2680, 2080, 1443, 1489, 2425, 2732, 2280, 
1569, 1396, 1957, 2620, 2648, 2005, 1413, 1538, 2236, 2726, 
2462, 1735, 1360, 2032, 2659, 2604, 1929, 1387, 1591, 2308, 
2736, 2401, 1671, 1368, 1832, 2538, 2697, 2134, 1472, 1648, 
2376, 2738, 2332, 1609, 1383, 1907, 2591, 2674, 2060, 1434, 
1501, 2182, 2713, 2503, 1785, 1402, 1977, 2631, 2635, 1984, 
1406, 1550, 2257, 2731, 2447, 1720, 1363, 1782, 2500, 2715, 
2185, 1379, 1604, 2324, 2736, 2382, 1655, 1370, 1852, 2554, 
2694, 2113, 1462, 1470, 2128, 2695, 2541, 1592, 1384, 1924, 
2603, 2664, 2040, 1429, 1518, 2205, 2718, 2489, 1762, 1357, 
1732, 2460, 2726, 1961, 1398, 1567, 2275, 2734, 2426, 1699, 
1362, 1799, 2515, 2710, 2167, 1494, 1443, 2077, 2676, 2361, 
1635, 1373, 1871, 2568, 2684, 2092, 1454, 1483, 2148, 2705, 
2530, 1818, 1364, 1684, 2412, 2651, 2016, 1415, 1531, 2225, 
2724, 2471, 1747, 1359, 1750, 2472, 2720, 2220, 1527, 1419, 
2020, 2736, 2411, 1684, 1365, 1820, 2530, 2700, 2144, 1478, 
1453, 2097, 2687, 2568, 1871, 1375, 1640, 2582, 2675, 2070, 
1439, 1494, 2169, 2711, 2514, 1798, 1362, 1704, 2432, 2732, 
2273, 1563, 1400, 2244, 2726, 2454, 1730, 1362, 1770, 2491, 
2718, 2199, 1512, 1426, 2039, 2665, 2601, 1923, 1387, 1842, 
2545, 2696, 2124, 1468, 1462, 2116, 2694, 2552, 1849, 1369, 
1660, 2385, 2739, 2327, 1604, 1507, 2192, 2716, 2497, 1779, 
1361, 1724, 2451, 2730, 2254, 1548, 1406, 1986, 2635, 2628, 
1973, 1360, 1791, 2507, 2713, 2182, 1503, 1437, 2064, 2671, 
2585, 1900, 1379, 1612, 2334, 2737, 2373, 1457, 1475, 2139, 
2701, 2539, 1828, 1369, 1678, 2404, 2736, 2304, 1587, 1387, 
1932, 2606, 2655, 1756, 1359, 1743, 2466, 2728, 2235, 1536, 
1415, 2011, 2648, 2620, 1953, 1393, 1568, 2283, 2733, 2160, 
1487, 1447, 2086, 2681, 2575, 1880, 1374, 1629, 2354, 2737, 
2357, 1631, 1376, 1880, 2574, 2521, 1808, 1361, 1692, 2419, 
2731, 2284, 1574, 1396, 1956, 2620, 2648, 2008, 1415, 1535, 
2232, 2720, 2211, 1520, 1423, 2028, 2657, 2607, 1932, 1388, 
1587, 2304, 2736, 2401, 1673, 1368, 1831, 2689, 2559, 1859, 
1371, 1645, 2373, 2736, 2334, 1613, 1380, 1900, 2588, 2673, 
2064, 1438, 1496, 2438, 2730, 2264, 1555, 1400, 1975, 2628, 
2636, 1988, 1405, 1549, 2254, 2729, 2448, 1721, 1361, 2050, 
2667, 2567, 1840, 1360, 1868, 2658, 2602, 1901, 1377, 1621, 
2355, 2737, 2326, 1604, 1383, 2188, 2715, 2499, 1778, 1360, 
1720, 2446, 2728, 2254, 1550, 1409, 1984, 2638, 2631, 1977, 
1403, 1788, 2504, 2711, 2180, 1501, 1436, 2062, 2672, 2588, 
1903, 1380, 1611, 2332, 2736, 2374, 1649, 1475, 2136, 2699, 
2540, 1831, 1367, 1674, 2400, 2735, 2304, 1588, 1387, 1932, 
2606, 2657, 2029, 1358, 1739, 2464, 2727, 2234, 1536, 1415, 
2011, 2647, 2620, 1953, 1394, 1568, 2281, 2732, 2421, 1487, 
1446, 2082, 2682, 2575, 1883, 1377, 1629, 2353, 2739, 2357, 
1632, 1374, 1877, 2572, 2680, 1809, 1363, 1690, 2418, 2736, 
2288, 1574, 1393, 1953, 2616, 2648, 2009, 1415, 1532, 2232, 
2726, 2213, 1522, 1420, 2025, 2657, 2608, 1934, 1389, 1587, 
2303, 2736, 2404, 1677, 1368, 1827, 2535, 2560, 1861, 1371, 
1644, 2371, 2736, 2335, 1614, 1379, 1899, 2587, 2674, 2064, 
1440, 1499, 2177, 2732, 2268, 1559, 1401, 1971, 2628, 2636, 
1988, 1405, 1547, 2249, 2729, 2448, 1724, 1363, 1777, 2666, 
2597, 1915, 1383, 1603, 2323, 2738, 2385, 1657, 1368, 1846, 
2550, 2693, 2120, 1465, 1468, 2392, 2737, 2319, 1599, 1383, 
1917, 2599, 2664, 2043, 1428, 1511, 2197, 2717, 2493, 1771, 
1359, 1993, 2641, 2627, 1969, 1400, 1561, 2271, 2728, 2432, 
1705, 1361, 1796, 2511, 2712, 2173, 1497, 1619, 2343, 2739, 
2370, 1641, 1372, 1865, 2565, 2686, 2096, 1454, 1478, 2143, 
2702, 2532, 1820, 1391, 1942, 2612, 2655, 2023, 1420, 1525, 
2220, 2723, 2476, 1752, 1360, 1748, 2470, 2721, 2224, 1392, 
1577, 2290, 2735, 2415, 1686, 1364, 1816, 2527, 2704, 2152, 
1483, 1448, 2092, 2684, 2567, 1624, 1376, 1888, 2579, 2680, 
2076, 1444, 1491, 2168, 2711, 2519, 1799, 1363, 1696, 2427, 
2732, 2001, 1411, 1542, 2239, 2728, 2460, 1734, 1360, 1766, 
2487, 2719, 2204, 1515, 1425, 2035, 2661, 2396, 1667, 1367, 
1831, 2540, 2699, 2132, 1473, 1462, 2111, 2694, 2556, 1854, 
1371, 1654, 2380, 2669, 2055, 1433, 1503, 2186, 2715, 2502, 
1782, 1362, 1718, 2446, 2729, 2260, 1552, 1404, 1982, 2731, 
2441, 1716, 1360, 1785, 2503, 2713, 2184, 1503, 1431, 2056, 
2670, 2591, 1906, 1382, 1611, 2557, 2692, 2111, 1460, 1471, 
2132, 2697, 2541, 1832, 1367, 1671, 2398, 2736, 2309, 1592, 
1388, 2208, 2719, 2487, 1765, 1359, 1736, 2461, 2725, 2236, 
1536, 1411, 2003, 2646, 2623, 1959, 1397, 1806, 2520, 2710, 
2164, 1491, 1444, 2078, 2679, 2576, 1884, 1376, 1624, 2349, 
2739, 2360, 1635, 1486, 2155, 2707, 2527, 1813, 1365, 1688, 
2416, 2734, 2287, 1575, 1393, 1948, 2615, 2649, 2013, 1360, 
1755, 2478, 2723, 2219, 1524, 1419, 2024, 2656, 2611, 1939, 
1391, 1583, 2300, 2736, 2407, 1478, 1454, 2099, 2686, 2563, 
1865, 1372, 1644, 2369, 2737, 2342, 1618, 1379, 1895, 2585, 
2675, 1792, 1365, 1707, 2435, 2729, 2271, 1560, 1402, 1969, 
2630, 2640, 1993, 1408, 1545, 2249, 2729, 2196, 1511, 1429, 
2044, 2665, 2599, 1917, 1383, 1599, 2319, 2736, 2392, 1660, 
1368, 1843, 2547, 2550, 1844, 1367, 1660, 2387, 2736, 2320, 
1601, 1383, 1916, 2596, 2667, 2047, 1431, 1509, 2196, 2728, 
2249, 1545, 1406, 1991, 2638, 2628, 1972, 1401, 1562, 2268, 
2732, 2435, 1710, 1362, 1793, 2675, 2585, 1895, 1379, 1616, 
2336, 2737, 2369, 1645, 1373, 1863, 2563, 2689, 2103, 1456, 
1479, 2407, 2735, 2297, 1585, 1388, 1935, 2608, 2656, 2024, 
1418, 1521, 2214, 2720, 2480, 1756, 1361, 2013, 2651, 2619, 
1951, 1394, 1574, 2287, 2732, 2417, 1689, 1363, 1814, 2524, 
2706, 2157, 1486, 1633, 2358, 2739, 2351, 1627, 1376, 1884, 
2577, 2679, 1414, 2011, 2647, 2616, 1950, 1393, 1571, 2524, 
2703, 2153, 1483, 1444, 2083, 2679, 2569, 1873, 1375, 1631, 
2356, 2738, 2351, 1626, 1375, 2161, 2706, 2518, 1802, 1362, 
1694, 2420, 2729, 2279, 1568, 1395, 1955, 2617, 2647, 2006, 
1412, 1760, 2480, 2718, 2207, 1519, 1421, 2030, 2656, 2604, 
1928, 1386, 1588, 2305, 2734, 2398, 1671, 1458, 2107, 2690, 
2556, 1856, 1368, 1650, 2375, 2736, 2331, 1609, 1379, 1902, 
2588, 2671, 2057, 1362, 1712, 2440, 2729, 2260, 1554, 1402, 
1976, 2631, 2633, 1983, 1405, 1549, 2254, 2727, 2444, 1504, 
1430, 2052, 2668, 2593, 1908, 1383, 1608, 2327, 2737, 2379, 
1653, 1367, 1850, 2551, 2690, 1836, 1366, 1668, 2394, 2735, 
2312, 1594, 1386, 1926, 2601, 2663, 2036, 1424, 1511, 2204, 
2718, 2241, 1540, 1410, 1999, 2641, 2624, 1964, 1398, 1566, 
2275, 2734, 2425, 1700, 1363, 1800, 2514, 2577, 1887, 1375, 
1622, 2345, 2739, 2361, 1638, 1374, 1870, 2570, 2682, 2094, 
1452, 1481, 2150, 2732, 2291, 1577, 1392, 1947, 2612, 2652, 
2017, 1418, 1526, 2226, 2723, 2475, 1746, 1359, 1751, 2652, 
2611, 1941, 1390, 1582, 2297, 2733, 2410, 1682, 1363, 1822, 
2531, 2702, 2150, 1481, 1454, 2364, 2736, 2343, 1619, 1376, 
1891, 2581, 2676, 2072, 1439, 1495, 2171, 2711, 2514, 1797, 
1363, 1965, 2625, 2641, 1996, 1410, 1543, 2244, 2727, 2454, 
1728, 1360, 1771, 2490, 2719, 2200, 1514, 1598, 2316, 2738, 
2392, 1665, 1368, 1839, 2544, 2695, 2126, 1468, 1463, 2115, 
2693, 2552, 1849, 1383, 1913, 2595, 2670, 2051, 1432, 1507, 
2191, 2715, 2499, 1777, 1359, 1720, 2447, 2727, 2253, 1403, 
1557, 2263, 2732, 2435, 1712, 1363, 1788, 2503, 2712, 2175, 
1498, 1435, 2060, 2670, 2587, 1647, 1372, 1859, 2562, 2690, 
2107, 1456, 1476, 2138, 2700, 2539, 1826, 1365, 1673, 2401, 
2735, 2028, 1422, 1519, 2212, 2721, 2483, 1758, 1359, 1741, 
2464, 2726, 2233, 1536, 1414, 2007, 2647, 2430, 1702, 1363, 
1799, 2513, 2711, 2169, 1492, 1441, 2072, 2676, 2582, 1889, 
1376, 1623, 2344, 2686, 2096, 1452, 1480, 2148, 2703, 2534, 
1815, 1365, 1684, 2414, 2736, 2295, 1582, 1392, 1943, 2723, 
2471, 1748, 1359, 1748, 2472, 2721, 2222, 1528, 1419, 2018, 
2653, 2611, 1944, 1392, 1580, 2528, 2703, 2148, 1483, 1451, 
2096, 2681, 2567, 1872, 1373, 1637, 2365, 2740, 2347, 1623, 
1379, 2169, 2710, 2515, 1798, 1362, 1702, 2428, 2731, 2275, 
1565, 1399, 1967, 2625, 2643, 1999, 1409, 1769, 2491, 2718, 
2201, 1512, 1424, 2039, 2662, 2602, 1923, 1384, 1595, 2313, 
2737, 2393, 1667, 1464, 2117, 2694, 2554, 1849, 1370, 1656, 
2380, 2736, 2324, 1604, 1380, 1910, 2593, 2667, 2051, 1361, 
1720, 2447, 2730, 2254, 1552, 1406, 1984, 2636, 2631, 1976, 
1401, 1553, 2260, 2729, 2439, 1500, 1435, 2062, 2672, 2591, 
1903, 1384, 1612, 2331, 2737, 2375, 1646, 1369, 1857, 2559, 
2690, 1831, 1368, 1676, 2403, 2738, 2306, 1592, 1387, 1931, 
2604, 2656, 2030, 1422, 1517, 2209, 2719, 2234, 1536, 1415, 
2011, 2644, 2620, 1956, 1396, 1568, 2280, 2732, 2422, 1695, 
1363, 1809, 2521, 2575, 1881, 1376, 1628, 2353, 2736, 2355, 
1632, 1376, 1878, 2572, 2681, 2087, 1448, 1487, 2156, 2734, 
2286, 1575, 1392, 1952, 2615, 2648, 2011, 1415, 1532, 2230, 
2724, 2467, 1742, 1360, 1760, 2656, 2608, 1932, 1390, 1584, 
2301, 2735, 2403, 1676, 1366, 1825, 2536, 2703, 2143, 1478, 
1456, 2371, 2737, 2336, 1613, 1378, 1897, 2584, 2672, 2064, 
1438, 1497, 2179, 2713, 2511, 1792, 1363, 1973, 2628, 2638, 
1988, 1404, 1548, 2248, 2729, 2414, 1648, 1382, 2083, 2723, 
2440, 1695, 1366, 2112, 2704, 2526, 1814, 1364, 1689, 2417, 
2734, 2287, 1573, 1393, 1951, 2616, 2649, 2010, 1415, 1760, 
2479, 2720, 2214, 1523, 1421, 2027, 2656, 2608, 1935, 1388, 
1584, 2300, 2735, 2404, 1676, 1454, 2105, 2687, 2560, 1864, 
1373, 1646, 2371, 2737, 2337, 1614, 1379, 1896, 2584, 2672, 
2065, 1363, 1708, 2433, 2732, 2268, 1560, 1401, 1971, 2627, 
2636, 1987, 1406, 1543, 2251, 2728, 2452, 1511, 1430, 2047, 
2667, 2598, 1916, 1383, 1601, 2319, 2736, 2383, 1658, 1368, 
1844, 2548, 2694, 1841, 1368, 1661, 2388, 2736, 2318, 1599, 
1384, 1917, 2599, 2664, 2044, 1428, 1510, 2196, 2716, 2246, 
1541, 1408, 1993, 2639, 2627, 1968, 1400, 1561, 2271, 2732, 
2432, 1707, 1362, 1794, 2512, 2583, 1896, 1378, 1616, 2340, 
2736, 2367, 1642, 1374, 1865, 2564, 2687, 2098, 1454, 1477, 
2142, 2736, 2297, 1583, 1390, 1939, 2609, 2654, 2017, 1419, 
1524, 2219, 2723, 2480, 1755, 1357, 1750, 2652, 2613, 1948, 
1390, 1575, 2288, 2734, 2415, 1689, 1363, 1816, 2528, 2707, 
2156, 1486, 1447, 2358, 2739, 2348, 1624, 1376, 1884, 2577, 
2678, 2078, 1443, 1493, 2167, 2710, 2521, 1791, 1363, 1960, 
2623, 2644, 2001, 1411, 1539, 2239, 2726, 2460, 1733, 1359, 
1765, 2486, 2716, 2208, 1516, 1591, 2311, 2739, 2398, 1670, 
1368, 1833, 2540, 2699, 2132, 1472, 1460, 2111, 2690, 2556, 
1853, 1380, 1905, 2591, 2670, 2056, 1435, 1504, 2184, 2715, 
2502, 1783, 1361, 1716, 2441, 2727, 2261, 1402, 1553, 2257, 
2729, 2444, 1720, 1363, 1784, 2502, 2715, 2185, 1504, 1434, 
2054, 2669, 2592, 1652, 1369, 1854, 2556, 2691, 2111, 1461, 
1473, 2131, 2697, 2542, 1834, 1363, 1672, 2395, 2736, 2036, 
1427, 1515, 2207, 2719, 2487, 1763, 1359, 1736, 2461, 2727, 
2240, 1539, 1409, 1999, 2644, 2424, 1704, 1362, 1803, 2518, 
2707, 2166, 1492, 1446, 2079, 2678, 2577, 1885, 1376, 1627, 
2348, 2684, 2089, 1450, 1484, 2152, 2705, 2527, 1812, 1363, 
1686, 2414, 2730, 2292, 1576, 1392, 1948, 2723, 2471, 1745, 
1360, 1752, 2475, 2723, 2217, 1524, 1418, 2023, 2656, 2615, 
1941, 1391, 1586, 2534, 2702, 2142, 1479, 1452, 2099, 2685, 
2563, 1865, 1372, 1642, 2367, 2739, 2343, 1618, 1382, 2172, 
2710, 2511, 1795, 1362, 1705, 2433, 2732, 2271, 1562, 1399, 
1968, 2627, 2640, 1994, 1408, 1772, 2494, 2716, 2198, 1511, 
1427, 2043, 2663, 2598, 1919, 1385, 1598, 2319, 2739, 2390, 
1663, 1465, 2120, 2694, 2550, 1846, 1368, 1658, 2385, 2736, 
2323, 1601, 1384, 1912, 2598, 2667, 2048, 1362, 1725, 2451, 
2727, 2249, 1546, 1406, 1988, 2638, 2633, 1971, 1401, 1559, 
2267, 2730, 2436, 1499, 1438, 2067, 2673, 2587, 1899, 1380, 
1615, 2336, 2736, 2372, 1643, 1371, 1863, 2562, 2689, 1826, 
1366, 1679, 2406, 2736, 2302, 1586, 1389, 1936, 2611, 2656, 
2024, 1422, 1520, 2215, 2720, 2230, 1532, 1413, 2010, 2648, 
2616, 1951, 1393, 1574, 2286, 2735, 2421, 1691, 1363, 1813, 
2523, 2571, 1878, 1372, 1631, 2356, 2739, 2352, 1628, 1375, 
1884, 2576, 2680, 2081, 1446, 1488, 2160, 2732, 2282, 1572, 
1395, 1956, 2620, 2647, 2004, 1412, 1539, 2235, 2724, 2462, 
1739, 1361, 1759, 2658, 2606, 1931, 1387, 1588, 2305, 2736, 
2401, 1674, 1366, 1832, 2539, 2699, 2136, 1474, 1459, 2375, 
2737, 2332, 1611, 1382, 1903, 2588, 2669, 2060, 1436, 1501, 
2183, 2713, 2505, 1787, 1361, 1966, 2625, 2640, 1995, 1408, 
1543, 2245, 2727, 2455, 1729, 1360, 1772, 2492, 2717, 2200, 
1512, 1600, 2316, 2736, 2392, 1664, 1368, 1840, 2544, 2698, 
2126, 1466, 1464, 2116, 2695, 2552, 1543, 2488, 2716, 2196, 
1511, 1425, 2040, 2659, 2597, 1919, 1383, 1596, 2313, 2735, 
2390, 1662, 1363, 2115, 2692, 2549, 1846, 1368, 1655, 2383, 
2732, 2323, 1602, 1382, 1912, 2592, 2665, 2049, 1432, 1720, 
2448, 2726, 2251, 1547, 1406, 1985, 2636, 2628, 1974, 1401, 
1555, 2263, 2729, 2435, 1711, 1436, 2062, 2670, 2587, 1899, 
1377, 1611, 2332, 2739, 2370, 1648, 1371, 1858, 2560, 2692, 
2101, 1365, 1675, 2400, 2732, 2302, 1587, 1388, 1932, 2605, 
2656, 2027, 1421, 1518, 2213, 2716, 2483, 1536, 1412, 2008, 
2648, 2619, 1954, 1393, 1571, 2283, 2732, 2419, 1691, 1365, 
1808, 2523, 2704, 1880, 1375, 1631, 2355, 2739, 2355, 1629, 
1375, 1880, 2573, 2679, 2080, 1445, 1486, 2160, 2707, 2283, 
1571, 1396, 1954, 2617, 2646, 2006, 1414, 1535, 2232, 2726, 
2464, 1739, 1364, 1758, 2480, 2605, 1929, 1387, 1587, 2303, 
2735, 2401, 1673, 1367, 1829, 2535, 2700, 2137, 1475, 1454, 
2104, 2736, 2335, 1612, 1379, 1900, 2588, 2673, 2062, 1436, 
1500, 2179, 2713, 2505, 1787, 1362, 1709, 2629, 2627, 1987, 
1406, 1548, 2252, 2728, 2448, 1720, 1359, 1778, 2497, 2716, 
2191, 1506, 1430, 2324, 2737, 2384, 1656, 1368, 1848, 2551, 
2693, 2117, 1464, 1469, 2127, 2695, 2547, 1839, 1368, 1920, 
2598, 2662, 2040, 1427, 1512, 2200, 2717, 2492, 1770, 1360, 
1730, 2458, 2726, 2243, 1543, 1561, 2272, 2732, 2430, 1703, 
1362, 1798, 2512, 2710, 2169, 1494, 1439, 2071, 2675, 2579, 
1891, 1378, 1868, 2566, 2687, 2096, 1453, 1481, 2146, 2702, 
2529, 1817, 1366, 1680, 2409, 2734, 2296, 1419, 1527, 2223, 
2722, 2474, 1748, 1359, 1748, 2471, 2723, 2222, 1524, 1416, 
2016, 2652, 2612, 1683, 1363, 1817, 2528, 2703, 2148, 1482, 
1450, 2092, 2683, 2569, 1868, 1374, 1637, 2364, 2739, 2086, 
1448, 1488, 2157, 2707, 2524, 1809, 1364, 1688, 2416, 2733, 
2283, 1572, 1395, 1951, 2618, 2476, 1752, 1360, 1751, 2470, 
2723, 2224, 1528, 1416, 2014, 2655, 2614, 1944, 1394, 1578, 
2294, 2704, 2150, 1481, 1451, 2090, 2683, 2567, 1870, 1372, 
1637, 2361, 2740, 2348, 1624, 1377, 1888, 2709, 2515, 1799, 
1363, 1699, 2428, 2734, 2278, 1567, 1399, 1963, 2624, 2643, 
2001, 1412, 1539, 2488, 2719, 2203, 1515, 1424, 2037, 2659, 
2603, 1924, 1385, 1596, 2312, 2736, 2395, 1668, 1368, 2113, 
2691, 2556, 1852, 1368, 1652, 2380, 2737, 2328, 1607, 1382, 
1910, 2593, 2668, 2054, 1432, 1718, 2444, 2727, 2255, 1551, 
1404, 1982, 2635, 2631, 1979, 1403, 1556, 2261, 2732, 2441, 
1716, 1433, 2059, 2669, 2589, 1904, 1382, 1611, 2332, 2739, 
2376, 1652, 1372, 1855, 2556, 2691, 2109, 1366, 1672, 2399, 
2735, 2307, 1590, 1386, 1929, 2606, 2657, 2032, 1424, 1519, 
2208, 2720, 2485, 1537, 1412, 2003, 2646, 2621, 1958, 1396, 
1570, 2280, 2732, 2423, 1695, 1363, 1805, 2520, 2707, 1883, 
1375, 1626, 2351, 2738, 2358, 1632, 1375, 1875, 2575, 2683, 
2087, 1447, 1486, 2156, 2707, 2288, 1574, 1393, 1950, 2616, 
2649, 2011, 1415, 1532, 2228, 2720, 2467, 1742, 1358, 1755, 
2478, 2609, 1936, 1390, 1585, 2302, 2736, 2405, 1675, 1366, 
1824, 2532, 2700, 2142, 1479, 1456, 2100, 2738, 2340, 1615, 
1377, 1896, 2583, 2672, 2063, 1439, 1499, 2177, 2712, 2510, 
1792, 1362, 1707, 2625, 2636, 1988, 1406, 1547, 2249, 2728, 
2454, 1724, 1361, 1774, 2494, 2716, 2195, 1510, 1428, 2320, 
2735, 2387, 1660, 1368, 1843, 2548, 2695, 2119, 1470, 1467, 
2123, 2695, 2550, 1843, 1370, 1919, 2596, 2663, 2043, 1429, 
1510, 2199, 2716, 2496, 1774, 1361, 1726, 2452, 2727, 2195, 
1471, 1735, 2556, 2687, 2076, 1433, 1502, 2183, 2719, 2482, 
1734, 1363, 1804, 2518, 2708, 2163, 1489, 1624, 2347, 2739, 
2360, 1635, 1372, 1878, 2572, 2684, 2088, 1447, 1483, 2144, 
2703, 2526, 1811, 1393, 1951, 2617, 2653, 2014, 1415, 1532, 
2227, 2723, 2467, 1743, 1359, 1752, 2477, 2721, 2217, 1391, 
1583, 2298, 2734, 2409, 1679, 1363, 1827, 2532, 2700, 2142, 
1478, 1454, 2100, 2686, 2563, 1616, 1380, 1896, 2584, 2673, 
2071, 1439, 1496, 2174, 2712, 2511, 1794, 1362, 1707, 2434, 
2731, 1991, 1407, 1544, 2247, 2731, 2451, 1726, 1359, 1773, 
2492, 2715, 2195, 1509, 1426, 2044, 2664, 2389, 1663, 1369, 
1844, 2550, 2692, 2121, 1466, 1464, 2119, 2694, 2550, 1846, 
1368, 1662, 2388, 2667, 2044, 1429, 1506, 2191, 2717, 2489, 
1775, 1361, 1727, 2452, 2729, 2250, 1547, 1406, 1989, 2729, 
2433, 1707, 1362, 1790, 2511, 2713, 2177, 1499, 1438, 2065, 
2673, 2585, 1896, 1378, 1616, 2561, 2686, 2100, 1452, 1477, 
2141, 2700, 2535, 1825, 1366, 1679, 2406, 2737, 2302, 1585, 
1390, 2216, 2722, 2478, 1755, 1362, 1743, 2468, 2724, 2230, 
1532, 1416, 2012, 2648, 2616, 1950, 1393, 1812, 2523, 2704, 
2152, 1483, 1449, 2087, 2682, 2572, 1879, 1375, 1633, 2358, 
2737, 2352, 1626, 1487, 2160, 2710, 2520, 1805, 1367, 1698, 
2424, 2732, 2280, 1573, 1396, 1956, 2620, 2646, 2004, 1362, 
1763, 2483, 2723, 2208, 1519, 1422, 2031, 2659, 2604, 1928, 
1386, 1590, 2310, 2736, 2400, 1474, 1460, 2108, 2694, 2558, 
1857, 1368, 1650, 2375, 2736, 2331, 1608, 1379, 1903, 2590, 
2671, 1785, 1362, 1715, 2439, 2732, 2261, 1555, 1404, 1979, 
2632, 2635, 1983, 1405, 1551, 2255, 2731, 2190, 1504, 1435, 
2055, 2668, 2593, 1909, 1380, 1604, 2326, 2736, 2379, 1654, 
1369, 1852, 2556, 2545, 1840, 1368, 1668, 2393, 2735, 2311, 
1592, 1385, 1923, 2601, 2662, 2039, 1424, 1515, 2205, 2727, 
2241, 1537, 1410, 1998, 2641, 2623, 1961, 1397, 1566, 2276, 
2732, 2428, 1701, 1363, 1801, 2675, 2579, 1887, 1372, 1622, 
2347, 2739, 2363, 1637, 1374, 1872, 2569, 2684, 2092, 1450, 
1481, 2410, 2736, 2291, 1578, 1391, 1944, 2612, 2650, 2016, 
1417, 1529, 2225, 2724, 2472, 1747, 1361, 2023, 2652, 2611, 
1940, 1389, 1581, 2296, 2735, 2410, 1683, 1366, 1823, 2532, 
2704, 2147, 1481, 1640, 2364, 2738, 2342, 1618, 1376, 1891, 
2583, 2676, 2071, 1441, 1495, 2171, 2711, 2512, 1795, 1395, 
1967, 2626, 2643, 1996, 1410, 1544, 2246, 2727, 2455, 1728, 
1359, 1767, 2490, 2717, 2200, 1384, 1597, 2316, 2737, 2392, 
1665, 1369, 1840, 2545, 2696, 2124, 1469, 1464, 2117, 2694, 
2553, 1605, 1383, 1915, 2596, 2668, 2051, 1431, 1507, 2188, 
2716, 2497, 1777, 1361, 1722, 2447, 2726, 1976, 1400, 1556, 
2264, 2731, 2437, 1712, 1360, 1790, 2508, 2712, 2179, 1501, 
1436, 2062, 2672, 2371, 1647, 1371, 1859, 2560, 2688, 2105, 
1457, 1475, 2137, 2700, 2538, 1827, 1363, 1675, 2402, 2657, 
2028, 1423, 1521, 2212, 2721, 2482, 1759, 1360, 1740, 2464, 
2723, 2231, 1535, 1411, 2010, 2732, 2418, 1692, 1363, 1799, 
2521, 2707, 2159, 1488, 1447, 2084, 2681, 2574, 1880, 1376, 
1630, 2571, 2680, 2083, 1446, 1487, 2158, 2708, 2523, 1811, 
1364, 1692, 2422, 2734, 2285, 1574, 1390, 2231, 2723, 2464, 
1740, 1359, 1757, 2481, 2720, 2212, 1523, 1422, 2028, 2659, 
2607, 1934, 1388, 1830, 2536, 2699, 2137, 1475, 1457, 2104, 
2687, 2559, 1860, 1371, 1647, 2373, 2739, 2335, 1612, 1498, 
2179, 2712, 2507, 1789, 1359, 1711, 2439, 2731, 2265, 1558, 
1401, 1976, 2633, 2635, 1985, 1360, 1777, 2497, 2726, 1419, 
2028, 2652, 2604, 1928, 1388, 1585, 2303, 2734, 2400, 1675, 
1364, 2100, 2686, 2558, 1859, 1370, 1647, 2371, 2735, 2334, 
1613, 1378, 1897, 2585, 2671, 2060, 1435, 1708, 2435, 2727, 
2262, 1555, 1400, 1972, 2623, 2635, 1986, 1406, 1548, 2251, 
2727, 2447, 1721, 1430, 2047, 2665, 2592, 1908, 1382, 1603, 
2319, 2735, 2383, 1656, 1368, 1848, 2551, 2692, 2116, 1366, 
1663, 2390, 2734, 2316, 1595, 1384, 1920, 2597, 2663, 2041, 
1427, 1511, 2198, 2716, 2488, 1543, 1409, 1994, 2639, 2624, 
1964, 1399, 1563, 2270, 2729, 2430, 1702, 1361, 1798, 2511, 
2707, 1891, 1377, 1619, 2341, 2735, 2364, 1641, 1372, 1867, 
2565, 2684, 2096, 1452, 1479, 2144, 2700, 2295, 1582, 1391, 
1945, 2609, 2654, 2020, 1420, 1523, 2219, 2721, 2473, 1750, 
1359, 1747, 2470, 2613, 1944, 1390, 1575, 2292, 2732, 2412, 
1686, 1363, 1816, 2528, 2703, 2148, 1482, 1448, 2092, 2737, 
2347, 1623, 1376, 1891, 2579, 2678, 2073, 1442, 1490, 2166, 
2708, 2515, 1799, 1363, 1699, 2622, 2641, 1999, 1411, 1539, 
2243, 2726, 2458, 1734, 1360, 1767, 2487, 2718, 2203, 1514, 
1424, 2311, 2736, 2393, 1667, 1366, 1835, 2542, 2699, 2129, 
1472, 1463, 2113, 2692, 2556, 1851, 1368, 1907, 2591, 2668, 
2054, 1432, 1504, 2188, 2715, 2500, 1783, 1361, 1720, 2444, 
2730, 2257, 1553, 1551, 2259, 2728, 2438, 1711, 1361, 1785, 
2503, 2714, 2184, 1504, 1435, 2059, 2672, 2590, 1904, 1370, 
1855, 2558, 2689, 2105, 1459, 1472, 2135, 2699, 2541, 1831, 
1366, 1671, 2399, 2735, 2307, 1423, 1513, 2211, 2720, 2483, 
1760, 1360, 1737, 2462, 2726, 2235, 1536, 1411, 2003, 2646, 
2622, 1696, 1367, 1805, 2520, 2702, 2160, 1489, 1444, 2079, 
2679, 2575, 1884, 1376, 1625, 2350, 2737, 2086, 1450, 1483, 
2156, 2705, 2524, 1811, 1363, 1684, 2416, 2732, 2288, 1575, 
1392, 1950, 2617, 2467, 1743, 1360, 1753, 2479, 2720, 2215, 
1523, 1420, 2024, 2656, 2608, 1933, 1389, 1584, 2300, 2700, 
2141, 1478, 1455, 2100, 2687, 2562, 1862, 1371, 1644, 2369, 
2737, 2339, 1616, 1378, 1897, 2713, 2507, 1793, 1363, 1707, 
2435, 2731, 2268, 1560, 1400, 1969, 2627, 2638, 1989, 1407, 
1545, 2494, 2716, 2195, 1509, 1430, 2045, 2666, 2598, 1917, 
1383, 1601, 2321, 2736, 2387, 1659, 1368, 2119, 2695, 2548, 
1844, 1368, 1662, 2390, 2738, 2318, 1601, 1384, 1916, 2598, 
2665, 2046, 1429, 1724, 2451, 2727, 2248, 1545, 1406, 1991, 
2639, 2627, 1970, 1400, 1560, 2270, 2732, 2435, 1710, 1440, 
2067, 2675, 2584, 1894, 1376, 1615, 2337, 2739, 2367, 1644, 
1372, 1865, 2564, 2687, 2096, 1368, 1677, 2407, 2735, 2298, 
1584, 1388, 1936, 2610, 2656, 2022, 1419, 1522, 2217, 2721, 
2477, 1531, 1417, 2013, 2652, 2617, 1948, 1392, 1575, 2287, 
2732, 2415, 1688, 1363, 1814, 2527, 2705, 1876, 1373, 1633, 
2358, 2737, 2348, 1624, 1375, 1885, 2578, 2680, 2079, 1444, 
1491, 2162, 2713, 2279, 1567, 1396, 1958, 2622, 2644, 2001, 
1411, 1536, 2237, 2726, 2462, 1735, 1362, 1763, 2488, 2603, 
1927, 1387, 1591, 2308, 2736, 2399, 1671, 1367, 1833, 2540, 
2697, 2133, 1475, 1459, 2107, 2736, 2339, 1619, 1378, 1896, 
2584, 2675, 2070, 1439, 1496, 2175, 2711, 2510, 1793, 1364, 
1703, 2620, 2643, 2003, 1413, 1537, 2238, 2726, 2460, 1737, 
1360, 1762, 2484, 2719, 2205, 1519, 1422, 2307, 2736, 2398, 
1670, 1367, 1833, 2542, 2700, 2134, 1475, 1461, 2110, 2690, 
2553, 1855, 1368, 1904, 2588, 2670, 2056, 1435, 1503, 2185, 
2716, 2505, 1788, 1363, 1716, 2441, 2730, 2259, 1554, 1550, 
2256, 2729, 2399, 1644, 1383, 2088, 2724, 2436, 1689, 1366, 
1852, 2571, 2652, 2015, 1415, 1752, 2475, 2720, 2217, 1524, 
1418, 2022, 2654, 2612, 1939, 1392, 1584, 2300, 2734, 2407, 
1679, 1453, 2096, 2687, 2564, 1866, 1372, 1640, 2367, 2737, 
2341, 1617, 1376, 1893, 2583, 2676, 2071, 1363, 1705, 2432, 
2732, 2271, 1561, 1398, 1966, 2624, 2639, 1993, 1408, 1544, 
2248, 2729, 2456, 1511, 1428, 2043, 2663, 2598, 1920, 1383, 
1598, 2317, 2737, 2390, 1665, 1368, 1841, 2547, 2695, 1856, 
1369, 1649, 2376, 2737, 2332, 1612, 1379, 1901, 2587, 2670, 
2057, 1435, 1501, 2184, 2715, 2262, 1554, 1403, 1977, 2631, 
2633, 1981, 1404, 1552, 2255, 2729, 2444, 1719, 1361, 1781, 
2500, 2593, 1910, 1383, 1606, 2328, 2738, 2382, 1655, 1369, 
1851, 2553, 2691, 2111, 1460, 1468, 2129, 2735, 2313, 1595, 
1388, 1924, 2604, 2662, 2039, 1427, 1514, 2203, 2718, 2487, 
1766, 1358, 1731, 2640, 2623, 1963, 1399, 1567, 2276, 2733, 
2430, 1700, 1363, 1801, 2515, 2708, 2166, 1491, 1441, 2344, 
2736, 2361, 1638, 1375, 1873, 2571, 2687, 2095, 1449, 1484, 
2150, 2703, 2528, 1816, 1363, 1944, 2614, 2652, 2018, 1417, 
1528, 2225, 2724, 2471, 1747, 1359, 1751, 2473, 2723, 2222, 
1526, 1583, 2296, 2735, 2410, 1682, 1364, 1820, 2531, 2703, 
2147, 1481, 1452, 2096, 2684, 2566, 1870, 1377, 1892, 2581, 
2675, 2070, 1439, 1494, 2169, 2711, 2512, 1798, 1363, 1704, 
2432, 2732, 2273, 1410, 1543, 2244, 2727, 2455, 1728, 1359, 
1768, 2488, 2716, 2198, 1512, 1427, 2042, 2665, 2604, 1666, 
1369, 1840, 2544, 2694, 2123, 1465, 1461, 2115, 2693, 2552, 
1849, 1370, 1658, 2384, 2739, 2051, 1431, 1507, 2191, 2716, 
2496, 1776, 1359, 1719, 2444, 2726, 2251, 1548, 1408, 1987, 
2638, 2439, 1711, 1363, 1789, 2504, 2712, 2179, 1498, 1434, 
2060, 2671, 2587, 1902, 1380, 1614, 2336, 2689, 2108, 1459, 
1474, 2137, 2700, 2539, 1828, 1366, 1674, 2400, 2735, 2303, 
1587, 1387, 1932, 2716, 2488, 1768, 1361, 1732, 2457, 2727, 
2243, 1542, 1409, 1996, 2641, 2624, 1964, 1398, 1564, 2513, 
2708, 2169, 1494, 1442, 2072, 2675, 2580, 1889, 1377, 1620, 
2343, 2738, 2363, 1639, 1373, 2147, 2702, 2529, 1819, 1364, 
1684, 2412, 2735, 2296, 1581, 1391, 1944, 2611, 2652, 2016, 
1415, 1747, 2471, 2723, 2223, 1528, 1417, 2017, 2652, 2613, 
1944, 1392, 1579, 2294, 2734, 2412, 1684, 1446, 2082, 2681, 
2573, 1880, 1375, 1628, 2353, 2739, 2355, 1631, 1375, 1879, 
2572, 2681, 2083, 1363, 1691, 2419, 2732, 2286, 1574, 1393, 
1952, 2616, 2646, 2007, 1413, 1534, 2232, 2725, 2467, 1523, 
1423, 2028, 2657, 2606, 1932, 1386, 1585, 2302, 2734, 2401, 
1676, 1367, 1827, 2537, 2701, 1860, 1371, 1644, 2372, 2736, 
2334, 1612, 1379, 1900, 2580, 2671, 2062, 1436, 1498, 2179, 
2715, 2265, 1559, 1403, 1976, 2630, 2636, 1987, 1405, 1546, 
2251, 2728, 2448, 1721, 1361, 1777, 2497, 2596, 1915, 1383, 
1604, 2324, 2736, 2383, 1656, 1368, 1846, 2550, 2692, 2116, 
1464, 1469, 2127, 2736, 2316, 1598, 1385, 1920, 2599, 2663, 
2040, 1427, 1511, 2199, 2716, 2491, 1769, 1359, 1728, 2639, 
2624, 1967, 1400, 1567, 2273, 2732, 2432, 1704, 1363, 1798, 
2511, 2710, 2170, 1495, 1440, 2342, 2738, 2366, 1640, 1372, 
1867, 2565, 2684, 2097, 1452, 1479, 2149, 2703, 2532, 1822, 
1366, 1940, 2611, 2652, 2019, 1418, 1524, 2219, 2723, 2476, 
1751, 1360, 1747, 2471, 2724, 2224, 1530, 1578, 2291, 2733, 
2412, 1684, 1363, 1816, 2527, 2703, 2149, 1484, 1451, 2093, 
2684, 2568, 1872, 1376, 1888, 2578, 2676, 2075, 1441, 1492, 
2167, 2711, 2517, 1584, 2300, 2732, 2400, 1675, 1367, 2099, 
2684, 2558, 1860, 1370, 1644, 2369, 2736, 2335, 1615, 1379, 
1897, 2583, 2669, 2063, 1436, 1706, 2432, 2727, 2265, 1558, 
1399, 1971, 2627, 2637, 1988, 1406, 1545, 2247, 2724, 2447, 
1720, 1427, 2046, 2663, 2589, 1913, 1382, 1601, 2319, 2735, 
2385, 1658, 1369, 1847, 2548, 2694, 2119, 1367, 1660, 2386, 
2733, 2316, 1591, 1383, 1918, 2596, 2664, 2044, 1429, 1510, 
2196, 2716, 2491, 1543, 1406, 1991, 2636, 2624, 1968, 1399, 
1560, 2270, 2731, 2431, 1704, 1368, 1795, 2511, 2709, 1894, 
1376, 1616, 2337, 2735, 2364, 1640, 1371, 1864, 2563, 2685, 
2098, 1455, 1478, 2144, 2702, 2295, 1584, 1390, 1939, 2608, 
2654, 2020, 1419, 1522, 2216, 2719, 2475, 1752, 1358, 1746, 
2469, 2615, 1947, 1393, 1575, 2288, 2732, 2413, 1687, 1364, 
1815, 2524, 2703, 2151, 1484, 1448, 2089, 2737, 2357, 1633, 
1375, 1875, 2571, 2683, 2087, 1447, 1484, 2153, 2704, 2526, 
1811, 1363, 1688, 2608, 2654, 2022, 1420, 1524, 2217, 2721, 
2477, 1753, 1359, 1745, 2468, 2723, 2225, 1529, 1416, 2290, 
2734, 2417, 1688, 1363, 1815, 2526, 2704, 2153, 1484, 1449, 
2088, 2681, 2568, 1872, 1372, 1884, 2575, 2678, 2076, 1443, 
1491, 2164, 2709, 2518, 1804, 1363, 1697, 2424, 2732, 2279, 
1568, 1537, 2238, 2727, 2460, 1734, 1360, 1765, 2486, 2719, 
2206, 1516, 1423, 2035, 2659, 2602, 1926, 1366, 1833, 2539, 
2697, 2131, 1472, 1462, 2112, 2692, 2558, 1855, 1370, 1651, 
2378, 2736, 2328, 1432, 1502, 2184, 2713, 2501, 1783, 1363, 
1715, 2443, 2729, 2259, 1554, 1405, 1983, 2633, 2633, 1716, 
1361, 1783, 2499, 2712, 2184, 1504, 1432, 2055, 2670, 2591, 
1907, 1381, 1609, 2329, 2737, 2111, 1461, 1471, 2131, 2697, 
2542, 1832, 1367, 1669, 2396, 2735, 2311, 1592, 1387, 1927, 
2604, 2489, 1766, 1360, 1735, 2460, 2725, 2239, 1538, 1411, 
2000, 2643, 2622, 1960, 1397, 1569, 2279, 2708, 2166, 1491, 
1443, 2076, 2678, 2576, 1885, 1376, 1624, 2348, 2737, 2360, 
1635, 1374, 1873, 2704, 2527, 1815, 1364, 1688, 2415, 2735, 
2291, 1576, 1392, 1948, 2615, 2649, 2013, 1415, 1529, 2475, 
2723, 2219, 1525, 1420, 2023, 2655, 2611, 1938, 1390, 1582, 
2289, 2734, 2407, 1680, 1365, 2099, 2687, 2564, 1867, 1372, 
1642, 2367, 2739, 2340, 1618, 1377, 1894, 2582, 2673, 2067, 
1438, 1704, 2432, 2732, 2270, 1563, 1400, 1969, 2627, 2640, 
1993, 1408, 1543, 2247, 2727, 2454, 1727, 1427, 2043, 2665, 
2596, 1919, 1384, 1599, 2318, 2736, 2390, 1662, 1367, 1841, 
2545, 2695, 2120, 1368, 1658, 2380, 2736, 2321, 1602, 1384, 
1916, 2596, 2667, 2049, 1431, 1507, 2195, 2716, 2496, 1546, 
1404, 1988, 2637, 2627, 1971, 1400, 1558, 2268, 2731, 2436, 
1710, 1363, 1792, 2508, 2712, 1898, 1379, 1615, 2336, 2736, 
2370, 1644, 1371, 1862, 2563, 2687, 2102, 1455, 1479, 2142, 
2702, 2303, 1587, 1390, 1935, 2608, 2656, 2023, 1420, 1519, 
2212, 2720, 2479, 1756, 1360, 1744, 2467, 2617, 1951, 1395, 
1575, 2286, 2734, 2416, 1691, 1363, 1811, 2523, 2705, 2155, 
1485, 1447, 2087, 2739, 2352, 1628, 1377, 1884, 2576, 2679, 
2080, 1444, 1487, 2160, 2705, 2520, 1806, 1363, 1695, 2620, 
2646, 2004, 1412, 1536, 2235, 2726, 2464, 1737, 1360, 1761, 
2482, 2719, 2209, 1517, 1422, 2305, 2735, 2401, 1673, 1368, 
1832, 2539, 2701, 2134, 1474, 1457, 2106, 2688, 2558, 1856, 
1371, 1903, 2588, 2672, 2060, 1436, 1500, 2182, 2713, 2506, 
1787, 1360, 1712, 2439, 2732, 2260, 1555, 1551, 2254, 2727, 
2446, 1720, 1361, 1780, 2499, 2716, 2135, 1431, 1588, 2431, 
2727, 2220, 1512, 1596, 2326, 2737, 2333, 1612, 1381, 1904, 
2589, 2672, 2060, 1436, 1500, 2180, 2712, 2504, 1788, 1403, 
1976, 2630, 2636, 1984, 1405, 1550, 2255, 2728, 2446, 1720, 
1361, 1780, 2499, 2715, 2190, 1382, 1603, 2324, 2736, 2380, 
1655, 1360, 1849, 2552, 2692, 2115, 1463, 1470, 2128, 2696, 
2544, 1596, 1387, 1923, 2599, 2662, 2038, 1425, 1511, 2201, 
2718, 2489, 1768, 1361, 1732, 2457, 2727, 1967, 1397, 1564, 
2272, 2728, 2428, 1700, 1360, 1800, 2513, 2711, 2169, 1494, 
1443, 2075, 2678, 2364, 1639, 1372, 1869, 2567, 2683, 2092, 
1451, 1480, 2148, 2703, 2529, 1817, 1366, 1683, 2411, 2652, 
2018, 1419, 1527, 2224, 2723, 2473, 1747, 1357, 1749, 2471, 
2723, 2221, 1527, 1419, 2020, 2735, 2411, 1684, 1365, 1819, 
2529, 2703, 2147, 1481, 1452, 2095, 2684, 2567, 1870, 1372, 
1636, 2579, 2676, 2072, 1441, 1492, 2172, 2712, 2515, 1799, 
1363, 1700, 2428, 2727, 2272, 1563, 1398, 2244, 2728, 2459, 
1732, 1363, 1769, 2489, 2718, 2200, 1513, 1425, 2039, 2663, 
2600, 1922, 1384, 1837, 2543, 2695, 2126, 1470, 1464, 2116, 
2695, 2553, 1849, 1369, 1654, 2382, 2735, 2325, 1603, 1505, 
2190, 2716, 2499, 1779, 1361, 1720, 2447, 2728, 2254, 1548, 
1404, 1985, 2636, 2632, 1977, 1362, 1789, 2507, 2712, 2180, 
1501, 1435, 2060, 2670, 2588, 1903, 1381, 1612, 2335, 2739, 
2376, 1457, 1472, 2136, 2699, 2537, 1828, 1366, 1673, 2401, 
2735, 2305, 1589, 1388, 1932, 2607, 2657, 1760, 1360, 1739, 
2463, 2724, 2233, 1536, 1411, 2006, 2646, 2620, 1956, 1396, 
1574, 2284, 2735, 2159, 1489, 1445, 2080, 2678, 2576, 1880, 
1374, 1628, 2355, 2739, 2358, 1632, 1376, 1879, 2573, 2523, 
1808, 1362, 1691, 2419, 2734, 2287, 1576, 1395, 1952, 2617, 
2648, 2008, 1414, 1532, 2233, 2721, 2215, 1521, 1422, 2027, 
2654, 2607, 1932, 1387, 1585, 2303, 2736, 2404, 1677, 1367, 
1828, 2688, 2559, 1860, 1370, 1644, 2371, 2732, 2337, 1615, 
1380, 1900, 2585, 2672, 2062, 1436, 1496, 2435, 2732, 2265, 
1560, 1401, 1975, 2630, 2636, 1988, 1405, 1547, 2249, 2726, 
2448, 1721, 1360, 2038, 2662, 2603, 1926, 1387, 1595, 2313, 
2737, 2395, 1667, 1367, 1835, 2545, 2695, 2128, 1470, 1644, 
2371, 2737, 2337, 1616, 1379, 1900, 2587, 2672, 2063, 1437, 
1497, 2175, 2711, 2508, 1792, 1402, 1975, 2629, 2639, 1988, 
1407, 1545, 2249, 2726, 2447, 1723, 1361, 1776, 2497, 2718, 
2194, 1383, 1601, 2322, 2737, 2385, 1659, 1369, 1846, 2551, 
2694, 2119, 1464, 1467, 2124, 2694, 2547, 1599, 1385, 1920, 
2599, 2663, 2043, 1428, 1510, 2196, 2718, 2492, 1771, 1360, 
1728, 2454, 2728, 1968, 1399, 1561, 2271, 2731, 2431, 1704, 
1361, 1795, 2512, 2712, 2174, 1496, 1441, 2071, 2674, 2368, 
1643, 1372, 1864, 2563, 2684, 2096, 1452, 1478, 2145, 2703, 
2535, 1823, 1366, 1681, 2407, 2654, 2019, 1418, 1523, 2218, 
2721, 2476, 1752, 1359, 1744, 2467, 2723, 2225, 1530, 1417, 
2014, 2733, 2415, 1688, 1364, 1816, 2526, 2703, 2151, 1482, 
1449, 2097, 2682, 2570, 1874, 1374, 1635, 2579, 2679, 2076, 
1443, 1491, 2167, 2707, 2518, 1802, 1363, 1699, 2425, 2734, 
2279, 1567, 1398, 2239, 2727, 2460, 1735, 1360, 1764, 2488, 
2719, 2205, 1515, 1424, 2035, 2663, 2599, 1926, 1385, 1835, 
2541, 2700, 2131, 1473, 1462, 2112, 2692, 2555, 1852, 1368, 
1651, 2377, 2736, 2328, 1607, 1503, 2188, 2716, 2503, 1784, 
1363, 1716, 2443, 2727, 2256, 1551, 1402, 1980, 2635, 2631, 
1980, 1361, 1775, 2495, 2718, 2194, 1510, 1428, 2046, 2665, 
2596, 1916, 1382, 1602, 2320, 2737, 1359, 1969, 2626, 2636, 
1990, 1407, 1543, 2246, 2723, 2448, 1723, 1360, 1774, 2494, 
2718, 2195, 1510, 1600, 2317, 2732, 2383, 1659, 1367, 1843, 
2547, 2694, 2118, 1466, 1464, 2119, 2689, 2547, 1841, 1381, 
1915, 2595, 2664, 2044, 1431, 1510, 2194, 2715, 2493, 1771, 
1359, 1723, 2450, 2726, 2246, 1400, 1560, 2267, 2729, 2433, 
1704, 1360, 1792, 2510, 2710, 2174, 1497, 1438, 2065, 2672, 
2582, 1651, 1368, 1851, 2552, 2689, 2110, 1459, 1471, 2131, 
2698, 2542, 1834, 1368, 1671, 2395, 2734, 2044, 1427, 1507, 
2193, 2715, 2491, 1775, 1360, 1725, 2451, 2728, 2248, 1545, 
1406, 1990, 2638, 2442, 1716, 1361, 1782, 2500, 2712, 2186, 
1503, 1433, 2055, 2669, 2590, 1906, 1379, 1609, 2329, 2691, 
2111, 1460, 1470, 2129, 2695, 2540, 1832, 1365, 1667, 2395, 
2736, 2311, 1594, 1388, 1927, 2718, 2488, 1763, 1358, 1732, 
2458, 2724, 2238, 1539, 1412, 2001, 2646, 2623, 1961, 1398, 
1567, 2515, 2707, 2164, 1490, 1443, 2077, 2677, 2578, 1887, 
1377, 1624, 2348, 2736, 2360, 1635, 1372, 2151, 2704, 2526, 
1814, 1363, 1687, 2412, 2731, 2287, 1577, 1393, 1948, 2616, 
2652, 2016, 1416, 1752, 2472, 2720, 2216, 1523, 1418, 2022, 
2655, 2611, 1941, 1392, 1583, 2297, 2736, 2407, 1680, 1453, 
2097, 2686, 2561, 1864, 1371, 1641, 2367, 2737, 2342, 1619, 
1379, 1894, 2583, 2675, 2059, 1362, 1703, 2432, 2729, 2270, 
1563, 1401, 1967, 2626, 2640, 1994, 1408, 1543, 2243, 2728, 
2453, 1511, 1427, 2041, 2663, 2599, 1919, 1384, 1599, 2318, 
2737, 2390, 1662, 1367, 1841, 2545, 2695, 1847, 1368, 1659, 
2383, 2735, 2320, 1599, 1380, 1913, 2593, 2668, 2049, 1433, 
1509, 2193, 2717, 2249, 1546, 1404, 1987, 2635, 2628, 1974, 
1400, 1560, 2267, 2732, 2438, 1710, 1362, 1791, 2508, 2585, 
1898, 1378, 1614, 2338, 2737, 2371, 1646, 1372, 1861, 2563, 
2688, 2103, 1454, 1477, 2140, 2734, 2302, 1585, 1388, 1934, 
2606, 2655, 2024, 1421, 1520, 2215, 2722, 2481, 1757, 1360, 
1743, 2648, 2616, 1951, 1392, 1572, 2287, 2735, 2419, 1692, 
1364, 1811, 2524, 2706, 2156, 1486, 1447, 2355, 2737, 2352, 
1628, 1373, 1882, 2575, 2680, 2082, 1444, 1489, 2164, 2708, 
2520, 1807, 1363, 1955, 2619, 2646, 2004, 1413, 1536, 2235, 
2726, 2463, 1739, 1361, 1763, 2483, 2720, 2209, 1519, 1588, 
2304, 2734, 2400, 1673, 1366, 1831, 2542, 2700, 2136, 1474, 
1458, 2108, 2691, 2559, 1857, 1380, 1903, 2588, 2671, 2060, 
1435, 1499, 2181, 2713, 2505, 1787, 1362, 1713, 2439, 2731, 
2260, 1404, 1548, 2255, 2727, 2446, 1720, 1362, 1781, 2499, 
2716, 2190, 1506, 1432, 2051, 2668, 2593, 1655, 1369, 1849, 
2553, 2691, 2115, 1464, 1470, 2128, 2697, 2546, 1839, 1368, 
1666, 2392, 2736, 2049, 1429, 1505, 2190, 2716, 2497, 1777, 
1361, 1722, 2448, 2731, 2254, 1550, 1406, 1988, 2636, 2436, 
1710, 1360, 1788, 2505, 2712, 2178, 1500, 1435, 2065, 2673, 
2588, 1902, 1380, 1613, 2335, 2687, 2104, 1456, 1473, 2137, 
2700, 2538, 1828, 1368, 1676, 2403, 2736, 2305, 1588, 1390, 
1932, 2720, 2480, 1758, 1359, 1740, 2464, 2724, 2232, 1534, 
1415, 2008, 2648, 2617, 1955, 1395, 1572, 2521, 2706, 2159, 
1488, 1447, 2083, 2680, 2574, 1879, 1375, 1628, 2352, 2737, 
2353, 1629, 1375, 2159, 2704, 2521, 1808, 1363, 1692, 2419, 
2734, 2284, 1571, 1394, 1954, 2619, 2647, 2007, 1414, 1759, 
2480, 2721, 2212, 1521, 1422, 2028, 2656, 2608, 1932, 1388, 
1586, 2303, 2736, 2401, 1674, 1456, 2104, 2689, 2559, 1859, 
1369, 1645, 2372, 2736, 2335, 1615, 1380, 1901, 2588, 2663, 
2008, 1364, 1985, 2695, 2515, 1779, 1359, 1759, 2497, 2691, 
2114, 1463, 1468, 2125, 2695, 2545, 1840, 1386, 1921, 2599, 
2663, 2040, 1426, 1510, 2200, 2716, 2491, 1769, 1361, 1730, 
2456, 2727, 2244, 1393, 1563, 2270, 2731, 2428, 1703, 1361, 
1798, 2513, 2711, 2169, 1494, 1439, 2071, 2675, 2580, 1639, 
1372, 1867, 2566, 2684, 2096, 1452, 1481, 2147, 2704, 2533, 
1820, 1365, 1683, 2409, 2733, 2017, 1416, 1524, 2222, 2716, 
2475, 1750, 1358, 1747, 2472, 2723, 2224, 1529, 1419, 2017, 
2653, 2412, 1684, 1363, 1817, 2527, 2703, 2150, 1483, 1452, 
2092, 2686, 2571, 1875, 1372, 1635, 2361, 2675, 2072, 1441, 
1491, 2167, 2709, 2515, 1799, 1363, 1700, 2428, 2732, 2275, 
1566, 1397, 1962, 2727, 2459, 1731, 1360, 1766, 2488, 2719, 
2203, 1513, 1426, 2038, 2663, 2601, 1923, 1386, 1595, 2543, 
2696, 2131, 1470, 1462, 2115, 2692, 2555, 1851, 1368, 1654, 
2380, 2736, 2327, 1607, 1382, 2189, 2716, 2500, 1782, 1360, 
1718, 2444, 2728, 2256, 1551, 1405, 1985, 2636, 2632, 1979, 
1404, 1787, 2503, 2711, 2180, 1500, 1434, 2057, 2671, 2590, 
1904, 1380, 1611, 2333, 2737, 2376, 1648, 1474, 2135, 2700, 
2542, 1832, 1368, 1672, 2399, 2735, 2305, 1588, 1384, 1930, 
2604, 2659, 2033, 1361, 1739, 2462, 2723, 2233, 1532, 1410, 
2008, 2645, 2621, 1959, 1398, 1571, 2283, 2734, 2423, 1487, 
1443, 2079, 2677, 2575, 1883, 1375, 1628, 2352, 2739, 2358, 
1632, 1373, 1875, 2572, 2681, 1811, 1363, 1692, 2417, 2733, 
2288, 1574, 1392, 1950, 2616, 2648, 2012, 1416, 1533, 2232, 
2724, 2215, 1521, 1419, 2023, 2654, 2607, 1935, 1391, 1584, 
2302, 2736, 2407, 1678, 1366, 1823, 2534, 2560, 1862, 1370, 
1642, 2369, 2738, 2338, 1616, 1379, 1898, 2585, 2675, 2067, 
1438, 1498, 2179, 2732, 2267, 1558, 1399, 1970, 2627, 2636, 
1990, 1407, 1547, 2249, 2728, 2451, 1724, 1359, 1774, 2665, 
2595, 1915, 1383, 1602, 2323, 2739, 2387, 1660, 1368, 1843, 
2547, 2694, 2119, 1363, 
END
Manual trigger reset! Waiting for next signal...
reset bools done, waiting for next trigger...
Trigger at idx=8192 raw=2578
Capture ready: pre-trigger + post-trigger window complete.
TRIGGER TYPE IS: RISING
Sample threshold is: 2048

----DEBUG INFO----
Core: 0, Trigger: 8192, Size: 16384
START
4092, 2559, 2371, 1690, 1395, 1942, 2569, 2643, 2096, 1475, 
1408, 1968, 2584, 2636, 2073, 1458, 1414, 1985, 2593, 2627, 
1780, 1351, 1609, 2284, 2700, 2441, 1763, 1350, 1623, 2303, 
2703, 2425, 1744, 1348, 1642, 2326, 2668, 2151, 1508, 1387, 
1919, 2559, 2664, 2134, 1496, 1400, 1942, 2575, 2657, 2113, 
1483, 1406, 2237, 2696, 2490, 1818, 1363, 1587, 2263, 2704, 
2476, 1801, 1361, 1605, 2282, 2705, 2457, 1780, 1375, 1870, 
2528, 2687, 2189, 1531, 1384, 1894, 2547, 2687, 2174, 1521, 
1390, 1913, 2559, 2675, 1871, 1377, 1549, 2212, 2700, 2520, 
1856, 1376, 1568, 2234, 2702, 2501, 1832, 1366, 1580, 2255, 
2707, 2251, 1577, 1374, 1847, 2515, 2708, 2233, 1560, 1377, 
1863, 2528, 2698, 2206, 1545, 1383, 2163, 2684, 2557, 1908, 
1390, 1529, 2180, 2691, 2547, 1892, 1383, 1547, 2207, 2701, 
2532, 1869, 1363, 1795, 2476, 2720, 2284, 1607, 1369, 1817, 
2495, 2715, 2264, 1588, 1369, 1835, 2507, 2710, 1964, 1410, 
1497, 2135, 2675, 2588, 1944, 1406, 1514, 2160, 2688, 2575, 
1925, 1397, 1524, 2175, 2727, 2334, 1650, 1361, 1769, 2456, 
2729, 2319, 1635, 1363, 1784, 2465, 2718, 2291, 1611, 1366, 
2084, 2662, 2622, 2006, 1432, 1484, 2104, 2670, 2606, 1980, 
1417, 1491, 2126, 2676, 2595, 1959, 1361, 1724, 2415, 2736, 
2369, 1679, 1360, 1742, 2430, 2732, 2347, 1656, 1359, 1756, 
2444, 2728, 2055, 1453, 1452, 2053, 2648, 2640, 2038, 1444, 
1465, 2075, 2658, 2627, 2011, 1428, 1475, 2094, 2735, 2416, 
1727, 1359, 1695, 2387, 2739, 2401, 1710, 1361, 1715, 2403, 
2732, 2376, 1686, 1354, 1995, 2616, 2664, 2092, 1475, 1442, 
2023, 2636, 2659, 2071, 1459, 1444, 2035, 2636, 2641, 2045, 
1364, 1652, 2342, 2738, 2451, 1761, 1364, 1667, 2356, 2734, 
2424, 1734, 1358, 1684, 2375, 2739, 2148, 1507, 1415, 1969, 
2603, 2679, 2124, 1491, 1423, 1988, 2614, 2672, 2103, 1478, 
1431, 2013, 2729, 2491, 1809, 1371, 1624, 2309, 2728, 2470, 
1787, 1362, 1638, 2324, 2732, 2452, 1767, 1366, 1916, 2571, 
2700, 2180, 1527, 1404, 1937, 2585, 2695, 2160, 1515, 1412, 
1957, 2596, 2680, 2132, 1376, 1579, 2257, 2723, 2515, 1839, 
1376, 1600, 2278, 2726, 2496, 1818, 1366, 1608, 2296, 2731, 
2232, 1566, 1390, 1886, 2550, 2712, 2212, 1548, 1390, 1900, 
2558, 2700, 2188, 1534, 1400, 1927, 2715, 2555, 1893, 1389, 
1555, 2221, 2712, 2535, 1868, 1382, 1574, 2247, 2723, 2527, 
1852, 1379, 1827, 2507, 2719, 2265, 1584, 1375, 1851, 2524, 
2719, 2246, 1575, 1386, 1873, 2540, 2713, 2225, 1407, 1523, 
2174, 2700, 2574, 1921, 1397, 1536, 2192, 2705, 2559, 1900, 
1390, 1551, 2214, 2712, 2317, 1627, 1366, 1801, 2481, 2729, 
2295, 1614, 1372, 1823, 2502, 2729, 2276, 1598, 1376, 1842, 
2679, 2608, 1976, 1419, 1502, 2140, 2685, 2593, 1952, 1407, 
1511, 2159, 2693, 2579, 1934, 1403, 1755, 2445, 2741, 2348, 
1655, 1362, 1767, 2457, 2733, 2324, 1639, 1368, 1793, 2481, 
2739, 2312, 1443, 1470, 2083, 2662, 2622, 2002, 1424, 1481, 
2108, 2676, 2619, 1993, 1428, 1499, 2130, 2681, 2392, 1700, 
1358, 1719, 2412, 2739, 2376, 1689, 1364, 1745, 2435, 2741, 
2359, 1667, 1361, 1760, 2638, 2652, 2063, 1459, 1452, 2052, 
2647, 2643, 2041, 1446, 1464, 2074, 2661, 2635, 2022, 1440, 
1679, 2369, 2741, 2423, 1731, 1359, 1691, 2383, 2737, 2402, 
1712, 1361, 1715, 2406, 2743, 2385, 1489, 1427, 1998, 2622, 
2668, 2092, 1469, 1432, 2016, 2631, 2659, 2076, 1466, 1453, 
2045, 2648, 2471, 1781, 1367, 1648, 2335, 2736, 2447, 1761, 
1364, 1665, 2360, 2742, 2435, 1742, 1363, 1686, 2588, 2689, 
2147, 1507, 1413, 1963, 2603, 2683, 2129, 1499, 1427, 1990, 
2615, 2673, 2107, 1481, 1603, 2284, 2728, 2493, 1811, 1373, 
1625, 2309, 2736, 2423, 1667, 1371, 1903, 2588, 2678, 2096, 
1369, 1629, 2326, 2740, 2407, 1713, 1359, 1711, 2405, 2740, 
2387, 1695, 1363, 1732, 2423, 2743, 2099, 1479, 1436, 2016, 
2631, 2659, 2074, 1464, 1447, 2040, 2646, 2654, 2058, 1454, 
1459, 2063, 2735, 2448, 1757, 1359, 1662, 2352, 2738, 2433, 
1744, 1365, 1688, 2379, 2745, 2416, 1722, 1358, 1963, 2601, 
2682, 2134, 1499, 1425, 1990, 2619, 2678, 2112, 1478, 1428, 
2006, 2624, 2662, 2086, 1368, 1622, 2307, 2736, 2480, 1795, 
1369, 1639, 2326, 2735, 2457, 1769, 1364, 1654, 2343, 2736, 
2184, 1533, 1406, 1935, 2584, 2700, 2166, 1516, 1411, 1953, 
2593, 2686, 2139, 1499, 1413, 1974, 2721, 2519, 1845, 1379, 
1598, 2278, 2728, 2503, 1822, 1372, 1611, 2292, 2731, 2484, 
1801, 1369, 1881, 2546, 2713, 2215, 1552, 1391, 1900, 2561, 
2707, 2198, 1538, 1400, 1920, 2576, 2700, 2169, 1388, 1553, 
2219, 2716, 2544, 1875, 1389, 1575, 2247, 2723, 2528, 1852, 
1380, 1584, 2257, 2718, 2269, 1591, 1381, 1852, 2528, 2727, 
2251, 1577, 1383, 1868, 2534, 2711, 2222, 1556, 1389, 1894, 
2700, 2582, 1931, 1404, 1536, 2192, 2705, 2563, 1904, 1391, 
1546, 2212, 2711, 2551, 1887, 1390, 1800, 2483, 2734, 2300, 
1618, 1373, 1819, 2498, 2728, 2279, 1598, 1374, 1836, 2512, 
2720, 2257, 1422, 1500, 2136, 2688, 2602, 1963, 1415, 1513, 
2159, 2695, 2584, 1935, 1401, 1523, 2179, 2700, 2349, 1659, 
1363, 1769, 2459, 2739, 2332, 1644, 1368, 1787, 2471, 2732, 
2308, 1622, 1366, 1804, 2662, 2627, 2013, 1438, 1483, 2107, 
2675, 2621, 1993, 1426, 1491, 2126, 2679, 2604, 1969, 1417, 
1721, 2411, 2744, 2387, 1692, 1365, 1739, 2427, 2736, 2358, 
1665, 1361, 1757, 2447, 2739, 2342, 1464, 1452, 2052, 2651, 
2644, 2043, 1447, 1460, 2068, 2659, 2636, 2027, 1443, 1478, 
2096, 2670, 2428, 1735, 1362, 1692, 2383, 2742, 2408, 1714, 
1359, 1711, 2400, 2739, 2387, 1695, 1360, 1727, 2620, 2675, 
2104, 1484, 1439, 2017, 2630, 2662, 2079, 1466, 1443, 2032, 
2640, 2652, 2056, 1456, 1646, 2333, 2739, 2455, 1769, 1366, 
1663, 2351, 2739, 2435, 1743, 1360, 1679, 2372, 2738, 2418, 
1511, 1414, 1964, 2603, 2687, 2132, 1499, 1421, 1982, 2609, 
2675, 2110, 1485, 1431, 2007, 2627, 2499, 1817, 1372, 1621, 
2303, 2732, 2480, 1793, 1367, 1634, 2321, 2737, 2463, 1777, 
1368, 1652, 2567, 2704, 2185, 1531, 1399, 1927, 2576, 2695, 
2168, 1520, 1411, 1955, 2597, 2691, 2145, 1504, 1576, 2249, 
2721, 2520, 1846, 1378, 1594, 2273, 2728, 2504, 1825, 1371, 
1608, 2291, 2731, 2488, 1570, 1385, 1878, 2546, 2718, 2220, 
1555, 1390, 1896, 2555, 2704, 2196, 1539, 1398, 1919, 2575, 
2560, 1900, 1392, 1554, 2218, 2712, 2542, 1873, 1384, 1571, 
2240, 2718, 2531, 1859, 1383, 1587, 2505, 2727, 2273, 1593, 
1376, 1845, 2520, 2719, 2252, 1576, 1380, 1868, 2536, 2716, 
2230, 1561, 1516, 2164, 2695, 2579, 1928, 1402, 1532, 2188, 
2707, 2567, 1912, 1395, 1546, 2207, 2710, 2551, 1634, 1368, 
1796, 2480, 2732, 2303, 1619, 1372, 1815, 2495, 2724, 2279, 
1603, 1375, 1835, 2511, 2613, 1985, 1422, 1497, 2131, 2684, 
2598, 1960, 1412, 1512, 2156, 2694, 2590, 1943, 1407, 1524, 
2437, 2739, 2353, 1663, 1363, 1764, 2451, 2735, 2332, 1644, 
1368, 1785, 2470, 2734, 2311, 1628, 1467, 2079, 2662, 2630, 
2016, 1436, 1479, 2099, 2672, 2620, 1995, 1428, 1492, 2121, 
2680, 2607, 1710, 1360, 1718, 2409, 2741, 2383, 1692, 1363, 
1736, 2426, 2740, 2363, 1672, 1362, 1754, 2446, 2659, 2072, 
1463, 1449, 2047, 2647, 2650, 2047, 1450, 1460, 2068, 2657, 
2636, 2026, 1439, 1468, 2360, 2737, 2427, 1737, 1362, 1689, 
2382, 2744, 2414, 1721, 1364, 1710, 2399, 2742, 2388, 1697, 
1420, 1987, 2616, 2672, 2104, 1481, 1436, 2015, 2631, 2667, 
2083, 1468, 1446, 2032, 2648, 2648, 1564, 2235, 2716, 2528, 
1857, 1379, 1584, 2255, 2719, 2507, 1833, 1371, 1596, 2276, 
2726, 2496, 1579, 1383, 1865, 2535, 2716, 2232, 1564, 1385, 
1883, 2548, 2704, 2209, 1546, 1392, 1905, 2560, 2564, 1908, 
1393, 1542, 2204, 2709, 2551, 1890, 1389, 1557, 2224, 2716, 
2539, 1867, 1382, 1572, 2482, 2723, 2280, 1601, 1374, 1833, 
2510, 2726, 2265, 1587, 1379, 1854, 2525, 2717, 2238, 1571, 
1508, 2150, 2691, 2588, 1943, 1405, 1521, 2174, 2699, 2572, 
1920, 1397, 1536, 2195, 2707, 2561, 1648, 1366, 1783, 2466, 
2732, 2312, 1626, 1367, 1801, 2485, 2731, 2299, 1615, 1372, 
1818, 2501, 2620, 1994, 1425, 1489, 2119, 2680, 2609, 1977, 
1421, 1504, 2142, 2688, 2591, 1950, 1408, 1512, 2423, 2737, 
2364, 1673, 1364, 1755, 2446, 2739, 2345, 1656, 1363, 1772, 
2456, 2733, 2323, 1636, 1459, 2067, 2659, 2639, 2031, 1444, 
1470, 2086, 2665, 2623, 2007, 1431, 1482, 2104, 2673, 2615, 
1720, 1363, 1705, 2396, 2741, 2395, 1703, 1363, 1725, 2417, 
2743, 2377, 1685, 1364, 1739, 2432, 2657, 2080, 1465, 1439, 
2031, 2638, 2654, 2063, 1459, 1456, 2057, 2653, 2646, 2043, 
1447, 1465, 2348, 2739, 2439, 1748, 1362, 1680, 2368, 2742, 
2424, 1731, 1362, 1695, 2387, 2739, 2403, 1711, 1417, 1978, 
2611, 2678, 2118, 1489, 1429, 2000, 2623, 2670, 2094, 1475, 
1438, 2022, 2636, 2660, 1802, 1375, 1632, 2319, 2734, 2464, 
1778, 1363, 1648, 2335, 2736, 2451, 1759, 1366, 1668, 2359, 
2696, 2170, 1523, 1414, 1948, 2591, 2691, 2150, 1508, 1415, 
1968, 2603, 2680, 2127, 1493, 1421, 2267, 2729, 2511, 1832, 
1375, 1607, 2288, 2731, 2490, 1810, 1372, 1623, 2308, 2735, 
2476, 1788, 1390, 1894, 2554, 2710, 2204, 1542, 1394, 1913, 
2569, 2703, 2182, 1528, 1404, 1936, 2584, 2694, 1883, 1384, 
1567, 2238, 2719, 2529, 1862, 1379, 1581, 2256, 2724, 2516, 
1841, 1377, 1597, 2277, 2724, 2256, 1580, 1383, 1860, 2531, 
2716, 2235, 1565, 1384, 1881, 2547, 2713, 2217, 1553, 1395, 
2184, 2702, 2569, 1913, 1395, 1543, 2203, 2710, 2553, 1892, 
1389, 1558, 2224, 2716, 2542, 1873, 1374, 1811, 2492, 2730, 
2286, 1607, 1375, 1831, 2507, 2727, 2265, 1587, 1377, 1854, 
2524, 2724, 1968, 1416, 1507, 2150, 2691, 2590, 1945, 1408, 
1521, 2173, 2700, 2578, 1926, 1399, 1534, 2188, 2736, 2336, 
1649, 1367, 1782, 2466, 2737, 2323, 1634, 1372, 1799, 2483, 
2731, 2296, 1612, 1369, 2093, 2667, 2620, 1999, 1430, 1490, 
2119, 2679, 2611, 1978, 1421, 1500, 2140, 2687, 2598, 1956, 
1363, 1731, 2424, 2740, 2367, 1676, 1361, 1754, 2441, 2739, 
2348, 1660, 1364, 1771, 2459, 2737, 2055, 1452, 1456, 2060, 
2652, 2638, 2031, 1440, 1469, 2086, 2668, 2636, 2014, 1438, 
1487, 2107, 2739, 2414, 1719, 1356, 1699, 2391, 2739, 2396, 
1707, 1364, 1724, 2413, 2743, 2377, 1686, 1362, 2004, 2627, 
2665, 2088, 1472, 1443, 2033, 2640, 2660, 2067, 1459, 1454, 
2051, 2646, 2643, 2043, 1363, 1654, 2345, 2737, 2443, 1753, 
1364, 1675, 2367, 2742, 2426, 1735, 1363, 1693, 2384, 2740, 
2140, 1500, 1416, 1973, 2608, 2680, 2121, 1491, 1429, 2000, 
2623, 2675, 2100, 1477, 1436, 2017, 2729, 2483, 1799, 1363, 
1628, 2316, 2736, 2473, 1787, 1371, 1651, 2337, 2739, 2452, 
1760, 1361, 1917, 2571, 2695, 2170, 1520, 1406, 1944, 2591, 
2696, 2159, 1513, 1421, 1970, 2606, 2686, 2132, 1376, 1583, 
2259, 2719, 2507, 1830, 1373, 1605, 2288, 2733, 2496, 1815, 
1373, 1623, 2305, 2734, 2227, 1560, 1387, 1891, 2552, 2710, 
2207, 1545, 1393, 1910, 2568, 2704, 2186, 1532, 1405, 1935, 
2712, 2552, 1886, 1388, 1561, 2230, 2716, 2531, 1862, 1379, 
1577, 2253, 2723, 2521, 1845, 1379, 1840, 2507, 2723, 2259, 
1582, 1379, 1857, 2531, 2719, 2240, 1569, 1385, 1880, 2545, 
2706, 2174, 1360, 1775, 2513, 2712, 2185, 1519, 1413, 1977, 
2634, 2664, 2078, 1463, 1443, 2036, 2638, 2649, 1783, 1368, 
1652, 2339, 2742, 2456, 1767, 1367, 1662, 2351, 2735, 2431, 
1740, 1360, 1681, 2373, 2695, 2156, 1511, 1415, 1961, 2597, 
2678, 2126, 1494, 1420, 1985, 2619, 2683, 2118, 1489, 1436, 
2281, 2727, 2490, 1807, 1365, 1615, 2302, 2733, 2483, 1798, 
1372, 1640, 2326, 2736, 2460, 1772, 1391, 1908, 2566, 2704, 
2188, 1534, 1403, 1932, 2579, 2693, 2158, 1511, 1406, 1951, 
2595, 2692, 1871, 1389, 1585, 2256, 2724, 2519, 1840, 1371, 
1586, 2265, 2721, 2500, 1823, 1375, 1615, 2299, 2724, 2246, 
1571, 1385, 1876, 2541, 2709, 2213, 1549, 1385, 1896, 2556, 
2705, 2196, 1537, 1398, 2201, 2712, 2563, 1901, 1395, 1561, 
2225, 2717, 2544, 1873, 1382, 1566, 2234, 2712, 2523, 1851, 
1372, 1828, 2508, 2731, 2276, 1596, 1377, 1846, 2519, 2717, 
2245, 1573, 1380, 1867, 2537, 2719, 1953, 1412, 1521, 2168, 
2699, 2578, 1926, 1400, 1531, 2187, 2707, 2566, 1910, 1395, 
1547, 2208, 2732, 2319, 1631, 1364, 1794, 2480, 2733, 2302, 
1618, 1372, 1816, 2496, 2727, 2279, 1599, 1374, 2113, 2679, 
2616, 1984, 1424, 1499, 2132, 2683, 2595, 1954, 1408, 1507, 
2153, 2692, 2591, 1944, 1368, 1753, 2441, 2740, 2351, 1659, 
1361, 1761, 2451, 2731, 2330, 1643, 1365, 1786, 2472, 2736, 
2038, 1447, 1469, 2082, 2664, 2632, 2016, 1436, 1479, 2101, 
2672, 2616, 1991, 1423, 1489, 2121, 2742, 2400, 1711, 1363, 
1719, 2410, 2742, 2380, 1689, 1361, 1735, 2425, 2737, 2361, 
1668, 1362, 2024, 2636, 2659, 2071, 1465, 1453, 2049, 2649, 
2648, 2047, 1447, 1460, 2068, 2656, 2635, 2024, 1362, 1668, 
2360, 2736, 2425, 1735, 1360, 1687, 2380, 2743, 2413, 1721, 
1366, 1712, 2403, 2740, 2123, 1489, 1421, 1987, 2615, 2670, 
2100, 1479, 1436, 2019, 2631, 2667, 2081, 1468, 1445, 2035, 
2732, 2471, 1784, 1366, 1644, 2332, 2737, 2455, 1764, 1363, 
1660, 2351, 2736, 2438, 1748, 1367, 1943, 2588, 2695, 2159, 
1511, 1411, 1958, 2595, 2681, 2134, 1497, 1419, 1982, 2614, 
2679, 2116, 1377, 1603, 2280, 2728, 2496, 1815, 1369, 1616, 
2300, 2732, 2482, 1795, 1369, 1635, 2321, 2736, 2209, 1548, 
1392, 1907, 2564, 2702, 2188, 1533, 1402, 1931, 2582, 2698, 
2168, 1516, 1405, 1945, 2712, 2532, 1864, 1380, 1575, 2250, 
2723, 2526, 1851, 1380, 1596, 2272, 2727, 2505, 1825, 1371, 
1852, 2526, 2718, 2241, 1572, 1383, 1875, 2541, 2713, 2220, 
1556, 1391, 1897, 2559, 2709, 2201, 1398, 1537, 2193, 2705, 
2556, 1898, 1388, 1551, 2216, 2713, 2550, 1883, 1390, 1572, 
2241, 2721, 2294, 1612, 1371, 1822, 2499, 2723, 2270, 1592, 
1374, 1841, 2520, 2723, 2255, 1580, 1384, 1867, 2689, 2595, 
1951, 1410, 1513, 2161, 2695, 2580, 1931, 1402, 1530, 2187, 
2705, 2569, 1912, 1395, 1773, 2460, 2736, 2324, 1636, 1366, 
1792, 2475, 2731, 2303, 1618, 1368, 1810, 2492, 2727, 2284, 
1432, 1487, 2112, 2679, 2617, 1987, 1424, 1497, 2131, 2683, 
2601, 1963, 1412, 1507, 2151, 2691, 2374, 1681, 1363, 1743, 
2432, 2737, 2353, 1663, 1364, 1763, 2454, 2739, 2336, 1648, 
1367, 1781, 2649, 2641, 2037, 1444, 1464, 2074, 2660, 2632, 
2018, 1439, 1479, 2099, 2672, 2623, 1998, 1427, 1696, 2387, 
2742, 2401, 1710, 1360, 1712, 2403, 2737, 2382, 1688, 1360, 
1735, 2427, 2740, 2367, 1477, 1439, 2022, 2632, 2657, 2070, 
1460, 1445, 2042, 2644, 2649, 2051, 1455, 1463, 2069, 2659, 
2449, 1759, 1364, 1667, 2358, 2738, 2430, 1736, 1360, 1683, 
2373, 2735, 2408, 1718, 1358, 1704, 2606, 2687, 2134, 1499, 
1427, 1992, 2618, 2673, 2104, 1478, 1428, 2007, 2624, 2663, 
2083, 1468, 1624, 2311, 2736, 2476, 1790, 1370, 1641, 2328, 
2734, 2456, 1764, 1363, 1656, 2344, 2736, 2438, 1527, 1405, 
1939, 2588, 2698, 1388, 1899, 2556, 2699, 2186, 1532, 1399, 
1925, 2577, 2700, 2169, 1390, 1559, 2224, 2715, 2535, 1867, 
1382, 1572, 2242, 2719, 2522, 1849, 1377, 1590, 2264, 2723, 
2263, 1587, 1376, 1849, 2524, 2719, 2243, 1572, 1383, 1869, 
2536, 2710, 2222, 1554, 1389, 1891, 2699, 2576, 1924, 1399, 
1535, 2190, 2703, 2557, 1898, 1388, 1548, 2211, 2713, 2548, 
1883, 1389, 1801, 2483, 2729, 2291, 1609, 1368, 1819, 2499, 
2727, 2279, 1599, 1377, 1842, 2515, 2719, 2252, 1414, 1497, 
2135, 2684, 2595, 1955, 1412, 1516, 2161, 2695, 2582, 1932, 
1402, 1527, 2181, 2703, 2348, 1657, 1367, 1772, 2460, 2735, 
2323, 1634, 1362, 1784, 2470, 2728, 2304, 1621, 1372, 1812, 
2668, 2628, 2009, 1433, 1481, 2105, 2673, 2614, 1985, 1423, 
1494, 2127, 2683, 2601, 1967, 1415, 1721, 2414, 2739, 2377, 
1685, 1363, 1742, 2432, 2737, 2356, 1664, 1361, 1758, 2445, 
2733, 2335, 1456, 1452, 2052, 2650, 2648, 2045, 1451, 1468, 
2076, 2660, 2632, 2019, 1435, 1472, 2091, 2667, 2421, 1730, 
1361, 1695, 2386, 2742, 2407, 1714, 1360, 1711, 2400, 2738, 
2383, 1691, 1358, 1731, 2620, 2670, 2095, 1476, 1437, 2019, 
2633, 2663, 2078, 1468, 1452, 2043, 2646, 2649, 2053, 1451, 
1645, 2332, 2734, 2447, 1761, 1360, 1666, 2358, 2740, 2433, 
1742, 1363, 1684, 2375, 2740, 2415, 1508, 1415, 1967, 2602, 
2683, 2128, 1495, 1421, 1985, 2615, 2675, 2109, 1484, 1432, 
2009, 2625, 2489, 1807, 1370, 1621, 2307, 2735, 2479, 1794, 
1371, 1639, 2325, 2735, 2456, 1767, 1360, 1652, 2566, 2703, 
2184, 1531, 1406, 1936, 2585, 2696, 2163, 1518, 1410, 1955, 
2596, 2686, 2143, 1503, 1580, 2252, 2719, 2513, 1839, 1373, 
1594, 2273, 2727, 2503, 1823, 1375, 1614, 2295, 2731, 2483, 
1566, 1383, 1876, 2543, 2710, 2214, 1552, 1395, 1906, 2567, 
2712, 2200, 1539, 1400, 1920, 2572, 2552, 1889, 1386, 1551, 
2218, 2712, 2539, 1872, 1384, 1573, 2246, 2723, 2531, 1857, 
1382, 1590, 2507, 2726, 2266, 1585, 1374, 1845, 2520, 2719, 
2247, 1575, 1384, 1872, 2541, 2718, 2228, 1562, 1520, 2168, 
2696, 2575, 1923, 1396, 1530, 2188, 2703, 2561, 1902, 1392, 
1550, 2213, 2715, 2553, 1636, 1372, 1798, 2481, 2729, 2296, 
1613, 1369, 1817, 2497, 2727, 2278, 1599, 1377, 1840, 2515, 
2612, 1982, 1421, 1499, 2136, 2685, 2595, 1956, 1410, 1510, 
2158, 2694, 2584, 1936, 1404, 1528, 2439, 2736, 2347, 1657, 
1363, 1767, 2456, 2736, 2332, 1645, 1369, 1790, 2473, 2735, 
2308, 1619, 1465, 2079, 2661, 2627, 2011, 1434, 1483, 2105, 
2675, 2620, 1993, 1427, 1494, 2126, 2681, 2604, 1707, 1360, 
1719, 2409, 2737, 2377, 1686, 1362, 1737, 2428, 2740, 2361, 
1671, 1366, 1760, 2449, 2659, 2067, 1459, 1447, 2046, 2644, 
2643, 2044, 1449, 1463, 2075, 2662, 2636, 2027, 1442, 1476, 
2364, 2739, 2424, 1732, 1361, 1692, 2383, 2741, 2408, 1716, 
1360, 1708, 2399, 2739, 2388, 1695, 1426, 1996, 2623, 2675, 
2102, 1478, 1435, 2015, 2628, 2659, 2076, 1463, 1444, 2035, 
2640, 2654, 1785, 1368, 1648, 2336, 2739, 2455, 1764, 1364, 
1662, 2351, 2736, 2432, 1740, 1359, 1678, 2371, 2691, 2153, 
1511, 1415, 1964, 2603, 2687, 2136, 1499, 1425, 1985, 2613, 
2675, 2111, 1481, 1424, 2278, 2724, 2492, 1813, 1372, 1621, 
2307, 2737, 2483, 1796, 1370, 1638, 2320, 2732, 2456, 1768, 
1389, 1905, 2563, 2702, 2188, 1534, 1406, 1933, 2583, 2700, 
2165, 1516, 1407, 1950, 2592, 2687, 1865, 1383, 1578, 2251, 
2721, 2519, 1843, 1374, 1593, 2271, 2727, 2504, 1825, 1375, 
1612, 2294, 2719, 2239, 1567, 1382, 1875, 2540, 2712, 2219, 
1554, 1391, 1900, 2559, 2707, 2196, 1537, 1396, 2196, 2708, 
2559, 1896, 1393, 1555, 2221, 2718, 2543, 1874, 1383, 1567, 
2236, 2717, 2527, 1855, 1374, 1827, 2507, 2720, 2200, 1505, 
1498, 2241, 2723, 2503, 1814, 1367, 1644, 2339, 2739, 2399, 
1496, 1420, 1983, 2614, 2679, 2115, 1489, 1433, 2006, 2623, 
2664, 2087, 1469, 1434, 2019, 2631, 2478, 1795, 1369, 1638, 
2325, 2739, 2464, 1776, 1366, 1653, 2338, 2735, 2442, 1751, 
1361, 1671, 2582, 2697, 2168, 1517, 1408, 1949, 2591, 2688, 
2144, 1504, 1416, 1972, 2609, 2684, 2125, 1495, 1593, 2269, 
2723, 2500, 1821, 1369, 1607, 2289, 2731, 2492, 1808, 1373, 
1630, 2314, 2734, 2471, 1553, 1389, 1895, 2556, 2705, 2199, 
1542, 1400, 1919, 2571, 2699, 2174, 1521, 1404, 1937, 2587, 
2547, 1881, 1390, 1575, 2241, 2720, 2528, 1854, 1374, 1576, 
2254, 2719, 2512, 1837, 1379, 1606, 2524, 2727, 2255, 1580, 
1382, 1863, 2531, 2713, 2227, 1558, 1384, 1884, 2547, 2711, 
2209, 1547, 1532, 2185, 2704, 2567, 1913, 1396, 1548, 2209, 
2711, 2552, 1886, 1387, 1559, 2227, 2715, 2534, 1619, 1370, 
1815, 2496, 2731, 2282, 1602, 1374, 1834, 2511, 2726, 2265, 
1588, 1380, 1855, 2527, 2600, 1962, 1412, 1507, 2152, 2691, 
2588, 1942, 1408, 1523, 2177, 2703, 2575, 1921, 1399, 1537, 
2457, 2737, 2334, 1644, 1365, 1782, 2467, 2731, 2311, 1626, 
1366, 1804, 2487, 2732, 2296, 1614, 1482, 2102, 2673, 2620, 
1993, 1425, 1487, 2115, 2675, 2604, 1971, 1415, 1504, 2147, 
2695, 2601, 1696, 1366, 1736, 2424, 2735, 2358, 1664, 1356, 
1747, 2438, 2735, 2345, 1656, 1369, 1777, 2467, 2652, 2053, 
1452, 1457, 2063, 2652, 2633, 2026, 1440, 1472, 2089, 2668, 
2627, 2007, 1431, 1480, 2377, 2739, 2411, 1721, 1361, 1709, 
2399, 2742, 2393, 1702, 1361, 1724, 2413, 2736, 2371, 1681, 
1433, 2014, 2631, 2668, 2086, 1472, 1445, 2034, 2639, 2654, 
2060, 1456, 1454, 2056, 2651, 2643, 1767, 1365, 1657, 2348, 
2736, 2438, 1746, 1362, 1676, 2371, 2740, 2422, 1733, 1364, 
1699, 2390, 2687, 2136, 1497, 1417, 1974, 2608, 2675, 2115, 
1487, 1431, 2004, 2625, 2673, 2097, 1478, 1440, 2299, 2728, 
2477, 1791, 1362, 1626, 2318, 2735, 2467, 1780, 1369, 1655, 
2342, 2739, 2450, 1759, 1401, 1924, 2578, 2696, 2169, 1519, 
1407, 1947, 2591, 2690, 2147, 1505, 1414, 1968, 2604, 2682, 
1849, 1379, 1593, 2270, 2728, 2509, 1828, 1373, 1606, 2286, 
2727, 2488, 1804, 1367, 1622, 2309, 2715, 2224, 1559, 1390, 
1897, 2556, 2708, 2202, 1542, 1394, 1913, 2569, 2702, 2179, 
1527, 1404, 2216, 2714, 2548, 1880, 1387, 1567, 2236, 2720, 
2533, 1861, 1383, 1583, 2255, 2723, 2514, 1838, 1374, 1839, 
2515, 2721, 2253, 1580, 1383, 1868, 2537, 2724, 2240, 1571, 
1388, 1884, 2545, 2708, 1927, 1397, 1523, 2180, 2703, 2569, 
1916, 1399, 1550, 2207, 2713, 2555, 1891, 1385, 1554, 2221, 
2731, 2306, 1620, 1371, 1814, 2495, 2732, 2293, 1607, 1374, 
1830, 2506, 2724, 2265, 1587, 1379, 2131, 2684, 2604, 1967, 
1415, 1507, 2148, 2690, 2590, 1944, 1405, 1523, 2175, 2702, 
2576, 1924, 1364, 1760, 2448, 2736, 2335, 1647, 1368, 1780, 
2468, 2735, 2316, 1630, 1367, 1799, 2481, 2728, 2019, 1437, 
1481, 2099, 2672, 2624, 2000, 1430, 1490, 2119, 2677, 2606, 
1973, 1417, 1500, 2138, 2740, 2384, 1694, 1364, 1735, 2425, 
2741, 2367, 1676, 1363, 1751, 2439, 2735, 2343, 1653, 1363, 
2041, 2646, 2652, 2056, 1455, 1462, 2067, 2656, 2640, 2031, 
1440, 1469, 2083, 2663, 2626, 2006, 1360, 1682, 2375, 2737, 
2414, 1721, 1363, 1705, 2395, 2742, 2396, 1705, 1361, 1723, 
2414, 2740, 2107, 1483, 1432, 2009, 2627, 2665, 2087, 1471, 
1441, 2030, 2639, 2656, 2063, 1458, 1451, 2052, 2735, 2458, 
1770, 1363, 1657, 2345, 2739, 2444, 1753, 1365, 1675, 2366, 
2740, 2421, 1733, 1362, 1956, 2597, 2687, 2141, 1503, 1419, 
1977, 2609, 2679, 2118, 1487, 1425, 1996, 2620, 2672, 2100, 
1375, 1614, 2297, 2733, 2484, 1799, 1368, 1627, 2316, 2732, 
1374, 1594, 2271, 2724, 2499, 1820, 1379, 1859, 2530, 2716, 
2235, 1566, 1385, 1879, 2543, 2711, 2212, 1547, 1388, 1900, 
2558, 2703, 1913, 1395, 1539, 2199, 2707, 2553, 1892, 1389, 
1557, 2220, 2714, 2540, 1871, 1382, 1569, 2241, 2727, 2287, 
1607, 1374, 1829, 2505, 2722, 2267, 1590, 1377, 1849, 2523, 
2719, 2246, 1572, 1381, 2145, 2687, 2588, 1943, 1405, 1518, 
2170, 2697, 2577, 1926, 1402, 1537, 2191, 2703, 2560, 1899, 
1362, 1774, 2462, 2731, 2318, 1632, 1368, 1799, 2484, 2732, 
2299, 1616, 1372, 1818, 2496, 2726, 1999, 1427, 1486, 2113, 
2676, 2609, 1978, 1419, 1500, 2136, 2683, 2596, 1957, 1408, 
1512, 2156, 2738, 2366, 1676, 1362, 1747, 2438, 2734, 2347, 
1657, 1364, 1768, 2457, 2736, 2331, 1644, 1368, 2060, 2654, 
2639, 2031, 1438, 1465, 2080, 2663, 2627, 2012, 1438, 1482, 
2105, 2672, 2615, 1987, 1358, 1698, 2388, 2739, 2398, 1707, 
1363, 1724, 2413, 2741, 2379, 1687, 1361, 1738, 2431, 2737, 
2086, 1471, 1442, 2028, 2638, 2657, 2067, 1459, 1448, 2047, 
2648, 2645, 2045, 1449, 1465, 2073, 2737, 2439, 1752, 1361, 
1672, 2362, 2739, 2423, 1734, 1362, 1692, 2384, 2741, 2408, 
1715, 1360, 1975, 2607, 2680, 2120, 1489, 1425, 1993, 2619, 
2672, 2099, 1479, 1437, 2018, 2632, 2663, 2079, 1368, 1627, 
2311, 2731, 2465, 1780, 1361, 1644, 2332, 2737, 2454, 1767, 
1367, 1666, 2356, 2742, 2177, 1523, 1404, 1940, 2585, 2690, 
2151, 1508, 1412, 1962, 2600, 2684, 2134, 1497, 1421, 1984, 
2726, 2512, 1835, 1376, 1603, 2281, 2728, 2492, 1809, 1368, 
1617, 2303, 2733, 2479, 1795, 1371, 1892, 2553, 2710, 2207, 
1544, 1392, 1907, 2563, 2699, 2180, 1527, 1398, 1929, 2583, 
2696, 2166, 1388, 1563, 2231, 2718, 2535, 1864, 1381, 1577, 
2252, 2721, 2520, 1844, 1376, 1592, 2270, 2724, 2260, 1584, 
1376, 1857, 2529, 2718, 2239, 1569, 1385, 1876, 2543, 2711, 
2217, 1553, 1390, 1897, 2700, 2568, 1918, 1397, 1541, 2198, 
2708, 2557, 1896, 1392, 1555, 2220, 2715, 2544, 1874, 1383, 
1804, 2486, 2730, 2289, 1612, 1374, 1827, 2505, 2726, 2271, 
1593, 1375, 1846, 2520, 2721, 2249, 1417, 1507, 2146, 2691, 
2593, 1948, 1408, 1515, 2164, 2702, 2580, 1929, 1403, 1534, 
2192, 2707, 2342, 1651, 1364, 1775, 2461, 2732, 2318, 1635, 
1366, 1794, 2480, 2732, 2299, 1615, 1369, 1813, 2666, 2623, 
2003, 1431, 1486, 2115, 2679, 2616, 1983, 1421, 1497, 2132, 
2683, 2597, 1958, 1408, 1727, 2420, 2740, 2372, 1682, 1365, 
1748, 2438, 2738, 2348, 1657, 1362, 1761, 2450, 2732, 2330, 
1455, 1456, 2060, 2655, 2644, 2038, 1447, 1468, 2080, 2663, 
2630, 2014, 1434, 1479, 2100, 2669, 2416, 1725, 1359, 1698, 
2390, 2742, 2401, 1709, 1360, 1720, 2409, 2742, 2380, 1688, 
1361, 1735, 2623, 2667, 2091, 1474, 1439, 2027, 2639, 2659, 
2072, 1463, 1448, 2047, 2647, 2646, 2046, 1448, 1650, 2339, 
2739, 2444, 1755, 1363, 1672, 2363, 2740, 2429, 1736, 1362, 
1688, 2379, 2737, 2407, 1504, 1417, 1971, 2607, 2683, 2127, 
1495, 1423, 1992, 2619, 2672, 2099, 1476, 1432, 2013, 2625, 
2489, 1806, 1371, 1630, 2313, 2734, 2471, 1784, 1365, 1641, 
2330, 2735, 2454, 1765, 1363, 1660, 2573, 2700, 2179, 1527, 
1407, 1940, 2588, 2696, 2159, 1512, 1411, 1959, 2598, 2680, 
2134, 1497, 1583, 2259, 2723, 2515, 1836, 1375, 1600, 2281, 
2728, 2496, 1815, 1371, 1617, 2299, 2732, 2480, 1563, 1385, 
1887, 2547, 2712, 2211, 1550, 1396, 1910, 2569, 2704, 2190, 
1535, 1400, 1924, 2575, 2548, 1884, 1387, 1560, 2227, 2718, 
2539, 1868, 1382, 1572, 2244, 2719, 2519, 1846, 1379, 1594, 
2515, 2729, 2267, 1589, 1378, 1852, 2524, 2712, 2236, 1568, 
1383, 1873, 2544, 2718, 2224, 1559, 1524, 2174, 2700, 2569, 
1916, 1392, 1535, 2193, 2705, 2505, 1759, 1364, 1855, 2574, 
2681, 2105, 1373, 1625, 2319, 2739, 2412, 1718, 1359, 1704, 
2396, 2739, 2388, 1699, 1360, 1723, 2412, 2739, 2104, 1481, 
1436, 2015, 2632, 2665, 2084, 1467, 1441, 2030, 2637, 2651, 
2057, 1454, 1454, 2056, 2737, 2459, 1771, 1367, 1663, 2349, 
2736, 2435, 1746, 1360, 1675, 2367, 2740, 2420, 1730, 1363, 
1960, 2599, 2684, 2136, 1500, 1419, 1979, 2612, 2679, 2115, 
1488, 1431, 2001, 2623, 2666, 2092, 1370, 1615, 2299, 2732, 
2483, 1798, 1369, 1633, 2320, 2733, 2464, 1777, 1366, 1651, 
2339, 2739, 2191, 1534, 1398, 1923, 2577, 2695, 2166, 1516, 
1407, 1950, 2596, 2695, 2150, 1512, 1419, 1971, 2721, 2521, 
1845, 1375, 1588, 2266, 2723, 2507, 1828, 1375, 1608, 2288, 
2729, 2488, 1807, 1368, 1871, 2539, 2713, 2223, 1558, 1388, 
1891, 2556, 2705, 2199, 1540, 1396, 1916, 2574, 2704, 2183, 
1397, 1556, 2220, 2715, 2544, 1875, 1382, 1561, 2230, 2713, 
2528, 1859, 1380, 1584, 2259, 2727, 2276, 1596, 1376, 1838, 
2516, 2719, 2251, 1580, 1382, 1864, 2536, 2720, 2238, 1568, 
1388, 1884, 2694, 2579, 1929, 1400, 1527, 2183, 2704, 2568, 
1916, 1397, 1543, 2201, 2707, 2551, 1889, 1387, 1791, 2476, 
2734, 2306, 1621, 1372, 1811, 2492, 2727, 2284, 1603, 1374, 
1833, 2510, 2726, 2267, 1422, 1495, 2127, 2680, 2599, 1964, 
1413, 1507, 2154, 2695, 2592, 1945, 1408, 1523, 2171, 2700, 
2353, 1662, 1361, 1759, 2449, 2736, 2336, 1649, 1365, 1779, 
2467, 2735, 2316, 1632, 1370, 1801, 2663, 2634, 2020, 1437, 
1475, 2095, 2667, 2617, 1996, 1426, 1490, 2119, 2680, 2612, 
1976, 1419, 1712, 2400, 2735, 2380, 1691, 1360, 1732, 2416, 
2740, 2368, 1679, 1366, 1753, 2443, 2738, 2346, 1462, 1446, 
2040, 2643, 2649, 2055, 1452, 1460, 2065, 2659, 2638, 2028, 
1439, 1468, 2083, 2663, 2430, 1740, 1360, 1686, 2379, 2743, 
2416, 1723, 1363, 1704, 2396, 2739, 2394, 1702, 1361, 1722, 
2611, 2679, 2116, 1489, 1428, 1999, 2620, 2667, 2095, 1473, 
1436, 2019, 2631, 2659, 2072, 1465, 1622, 2307, 2734, 2474, 
1790, 1366, 1640, 2325, 2737, 2460, 1772, 1368, 1661, 2348, 
2739, 2439, 1525, 1400, 1932, 2576, 2694, 2161, 1516, 1413, 
1964, 2601, 2691, 2142, 1501, 1417, 1972, 2604, 2511, 1839, 
1374, 1596, 2277, 2730, 2503, 1823, 1374, 1614, 2296, 2731, 
2483, 1795, 1366, 1630, 2545, 2710, 2216, 1552, 1391, 1903, 
2563, 2707, 2195, 1536, 1400, 1923, 2576, 2697, 2170, 1518, 
1553, 2219, 2712, 2540, 1871, 1385, 1575, 2246, 2723, 2528, 
1852, 1377, 1586, 2264, 2725, 2508, 1590, 1377, 1851, 2527, 
2719, 2245, 1574, 1380, 1868, 2536, 2713, 2224, 1560, 1391, 
1895, 2555, 2577, 1924, 1399, 1532, 2188, 2702, 2559, 1905, 
1393, 1553, 2215, 2718, 2553, 1885, 1388, 1563, 2480, 2727, 
2295, 1612, 1371, 1819, 2500, 2731, 2278, 1597, 1374, 1836, 
2512, 2719, 2255, 1582, 1500, 2140, 2691, 2602, 1963, 1416, 
1515, 2158, 2691, 2581, 1929, 1398, 1523, 2179, 2703, 2572, 
1662, 1367, 1771, 2457, 2736, 2327, 1639, 1364, 1784, 2471, 
2731, 2308, 1624, 1370, 1808, 2491, 2630, 2012, 1435, 1481, 
2100, 2672, 2617, 1990, 1425, 1495, 2127, 2680, 2604, 1966, 
1411, 1503, 2410, 2739, 2379, 1686, 1364, 1743, 2433, 2740, 
2360, 1669, 1363, 1756, 2445, 2734, 2336, 1647, 1451, 2049, 
2655, 2651, 2045, 1451, 1467, 2073, 2659, 2635, 2022, 1436, 
1473, 2093, 2667, 2622, 1732, 1360, 1692, 2383, 2740, 2405, 
1715, 1359, 1709, 2400, 2738, 2386, 1696, 1362, 1729, 2420, 
2672, 2100, 1479, 1437, 2017, 2632, 2659, 2073, 1462, 1446, 
2039, 2644, 2654, 2059, 1457, 1462, 2335, 2737, 2450, 1760, 
1359, 1660, 2348, 2736, 2432, 1743, 1360, 1683, 2372, 2742, 
2414, 1727, 1412, 1964, 2601, 2686, 2133, 1500, 1423, 1984, 
2615, 2675, 2108, 1481, 1429, 2003, 2665, 2665, 2727, 2332, 
1647, 1363, 1775, 2463, 2734, 2320, 1634, 1369, 1796, 2480, 
2728, 2295, 1612, 1367, 2086, 2663, 2617, 1999, 1428, 1486, 
2113, 2675, 2609, 1980, 1419, 1495, 2127, 2679, 2595, 1955, 
1360, 1728, 2419, 2739, 2369, 1678, 1363, 1747, 2435, 2734, 
2346, 1656, 1361, 1764, 2452, 2735, 2056, 1453, 1456, 2059, 
2648, 2638, 2030, 1440, 1466, 2081, 2660, 2628, 2012, 1434, 
1479, 2100, 2735, 2412, 1723, 1358, 1697, 2391, 2740, 2399, 
1708, 1361, 1720, 2408, 2738, 2376, 1685, 1358, 2000, 2622, 
2664, 2088, 1472, 1441, 2028, 2637, 2657, 2067, 1460, 1451, 
2047, 2646, 2646, 2044, 1361, 1652, 2340, 2736, 2443, 1755, 
1364, 1673, 2365, 2739, 2424, 1732, 1361, 1691, 2381, 2739, 
2143, 1504, 1416, 1969, 2603, 2674, 2119, 1487, 1425, 1992, 
2617, 2672, 2100, 1479, 1435, 2015, 2731, 2487, 1803, 1368, 
1624, 2312, 2732, 2469, 1783, 1368, 1644, 2332, 2737, 2453, 
1763, 1364, 1919, 2571, 2700, 2177, 1524, 1404, 1937, 2584, 
2689, 2153, 1508, 1411, 1961, 2599, 2684, 2135, 1381, 1587, 
2262, 2726, 2512, 1833, 1373, 1599, 2277, 2727, 2494, 1812, 
1370, 1617, 2303, 2732, 2227, 1560, 1387, 1889, 2551, 2710, 
2207, 1545, 1393, 1907, 2564, 2702, 2185, 1530, 1400, 1928, 
2711, 2552, 1888, 1390, 1563, 2230, 2716, 2535, 1865, 1380, 
1574, 2248, 2716, 2517, 1843, 1378, 1839, 2513, 2722, 2257, 
1583, 1377, 1852, 2525, 2717, 2239, 1569, 1386, 1876, 2544, 
2713, 2220, 1405, 1524, 2175, 2699, 2571, 1918, 1396, 1537, 
2195, 2707, 2559, 1896, 1390, 1553, 2219, 2715, 2311, 1627, 
1367, 1803, 2484, 2728, 2288, 1609, 1372, 1823, 2502, 2726, 
2272, 1593, 1376, 1846, 2681, 2608, 1974, 1419, 1503, 2142, 
2684, 2590, 1947, 1408, 1516, 2164, 2697, 2579, 1930, 1401, 
1754, 2444, 2737, 2343, 1652, 1364, 1772, 2460, 2734, 2319, 
1635, 1366, 1793, 2479, 2732, 2300, 1440, 1473, 2091, 2668, 
2625, 2007, 1433, 1484, 2109, 2672, 2609, 1980, 1419, 1495, 
2132, 2683, 2391, 1698, 1361, 1725, 2416, 2739, 2372, 1681, 
1362, 1744, 2435, 2736, 2350, 1663, 1363, 1764, 2639, 2653, 
2060, 1455, 1455, 2059, 2654, 2643, 2039, 1443, 1468, 2079, 
2660, 2628, 2014, 1432, 1679, 2369, 2739, 2419, 1727, 1362, 
1698, 2387, 2744, 2403, 1710, 1361, 1716, 2407, 2736, 2383, 
1484, 1428, 2001, 2623, 2668, 2092, 1475, 1439, 2023, 2635, 
2658, 2070, 1460, 1446, 2044, 2648, 2464, 1776, 1365, 1651, 
2339, 2736, 2445, 1756, 1363, 1671, 2361, 2739, 2433, 1740, 
1363, 1687, 2592, 2688, 2144, 1504, 1415, 1967, 2602, 2682, 
2124, 1493, 1425, 1991, 2617, 2673, 2104, 1480, 1607, 2287, 
2729, 2490, 1806, 1369, 1624, 2312, 2734, 2471, 1785, 1367, 
1640, 2331, 2735, 2456, 1541, 1395, 1915, 2570, 2703, 2180, 
1527, 1404, 1938, 2585, 2692, 2157, 1511, 1411, 1958, 2598, 
2530, 1856, 1379, 1582, 2259, 2723, 2513, 1837, 1376, 1599, 
2279, 2729, 2500, 1815, 1372, 1617, 2532, 2716, 2231, 1563, 
1384, 1883, 2547, 2712, 2211, 1548, 1393, 1904, 2563, 2704, 
2191, 1535, 1547, 2204, 2711, 2552, 1888, 1388, 1559, 2227, 
2716, 2537, 1867, 1380, 1574, 2247, 2721, 2524, 1605, 1376, 
1833, 2510, 2723, 2262, 1584, 1377, 1852, 2527, 2720, 2242, 
1572, 1385, 1873, 2540, 2590, 1942, 1407, 1520, 2174, 2698, 
2574, 1920, 1398, 1537, 2193, 2705, 2559, 1900, 1392, 1551, 
2467, 2734, 2315, 1630, 1369, 1803, 2486, 2732, 2295, 1612, 
1371, 1821, 2499, 2726, 2275, 1596, 1489, 2116, 2675, 2607, 
1975, 1417, 1501, 2140, 2687, 2595, 1954, 1409, 1514, 2161, 
2695, 2580, 1673, 1362, 1752, 2440, 2737, 2345, 1656, 1363, 
1768, 2457, 2735, 2326, 1638, 1367, 1792, 2476, 2636, 2030, 
1440, 1470, 2086, 2665, 2627, 2008, 1431, 1482, 2108, 2671, 
2582, 1870, 1366, 1782, 2679, 2595, 1932, 1398, 1540, 2224, 
2730, 2481, 1798, 1368, 1631, 2319, 2729, 2465, 1777, 1366, 
1904, 2562, 2704, 2190, 1534, 1399, 1924, 2577, 2699, 2170, 
1521, 1406, 1946, 2590, 2689, 2148, 1383, 1574, 2245, 2720, 
2522, 1848, 1379, 1587, 2265, 2724, 2508, 1829, 1372, 1604, 
2286, 2728, 2243, 1572, 1383, 1871, 2539, 2713, 2223, 1558, 
1388, 1892, 2553, 2707, 2203, 1542, 1395, 1913, 2707, 2559, 
1901, 1392, 1551, 2214, 2713, 2547, 1880, 1387, 1564, 2234, 
2718, 2531, 1859, 1379, 1820, 2500, 2726, 2276, 1596, 1376, 
1839, 2516, 2723, 2254, 1581, 1380, 1860, 2531, 2719, 2235, 
1409, 1514, 2160, 2696, 2582, 1932, 1403, 1527, 2181, 2702, 
2567, 1912, 1394, 1541, 2201, 2707, 2324, 1639, 1367, 1789, 
2474, 2731, 2307, 1623, 1371, 1809, 2492, 2728, 2287, 1603, 
1374, 1829, 2672, 2616, 1988, 1422, 1492, 2128, 2682, 2603, 
1966, 1414, 1506, 2148, 2689, 2591, 1944, 1407, 1741, 2429, 
2737, 2358, 1666, 1363, 1760, 2448, 2739, 2338, 1649, 1365, 
1779, 2467, 2736, 2317, 1447, 1463, 2074, 2662, 2632, 2021, 
1437, 1475, 2094, 2668, 2622, 1999, 1428, 1488, 2116, 2676, 
2404, 1713, 1360, 1710, 2403, 2740, 2387, 1694, 1361, 1731, 
2422, 2739, 2366, 1676, 1363, 1750, 2631, 2663, 2075, 1464, 
1446, 2040, 2644, 2650, 2054, 1453, 1458, 2063, 2655, 2638, 
2032, 1441, 1666, 2354, 2736, 2435, 1740, 1363, 1685, 2374, 
2740, 2415, 1725, 1362, 1702, 2394, 2740, 2396, 1496, 1422, 
1987, 2615, 2675, 2108, 1482, 1431, 2008, 2627, 2667, 2084, 
1470, 1443, 2030, 2638, 2476, 1792, 1366, 1639, 2324, 2735, 
2460, 1770, 1364, 1656, 2344, 2739, 2441, 1752, 1363, 1674, 
2583, 2696, 2161, 1515, 1410, 1955, 2595, 2687, 2140, 1503, 
1420, 1976, 2608, 2679, 2119, 1491, 1596, 2272, 2728, 2502, 
1820, 1372, 1612, 2296, 2732, 2485, 1799, 1368, 1628, 2315, 
2734, 2467, 1551, 1391, 1901, 2560, 2705, 2195, 1536, 1397, 
1923, 2576, 2695, 2172, 1522, 1405, 1943, 2588, 2541, 1871, 
1385, 1571, 2243, 2720, 2526, 1852, 1379, 1586, 2263, 2724, 
2511, 1831, 1374, 1604, 2522, 2720, 2247, 1575, 1379, 1868, 
2537, 2716, 2228, 1558, 1388, 1889, 2552, 2707, 2206, 1544, 
1531, 2190, 2705, 2563, 1904, 1394, 1548, 2209, 2712, 2548, 
1884, 1387, 1564, 2232, 2716, 2535, 1615, 1372, 1815, 2499, 
2727, 2279, 1598, 1376, 1838, 2515, 2723, 2259, 1583, 1378, 
1858, 2530, 2599, 1958, 1411, 1511, 2159, 2694, 2584, 1936, 
1403, 1525, 2179, 2702, 2570, 1916, 1396, 1539, 2455, 2734, 
2328, 1642, 1365, 1786, 2471, 2734, 2310, 1624, 1369, 1806, 
2488, 2729, 2287, 1608, 1480, 2103, 2672, 2616, 1991, 1424, 
1493, 2124, 2680, 2604, 1969, 1415, 1502, 2145, 2689, 2593, 
1687, 1361, 1737, 2428, 2739, 2359, 1668, 1363, 1760, 2445, 
2736, 2339, 1651, 1365, 1777, 2464, 2644, 2044, 1448, 1462, 
2070, 2657, 2635, 2024, 1438, 1475, 2092, 2668, 2624, 2001, 
1431, 1487, 2382, 2740, 2407, 1715, 1360, 1710, 2400, 2741, 
2388, 1699, 1361, 1729, 2419, 2740, 2369, 1679, 1436, 2016, 
2630, 2662, 2077, 1467, 1446, 2038, 2643, 2650, 2058, 1454, 
1456, 2057, 2652, 2640, 1765, 1366, 1663, 2353, 2738, 2434, 
1743, 1361, 1680, 2372, 2740, 2417, 1726, 1361, 1698, 2391, 
2684, 2135, 1497, 1423, 1982, 2614, 2678, 2111, 1485, 1432, 
2004, 2627, 2667, 2090, 1473, 1440, 2303, 2735, 2478, 1793, 
1367, 1636, 2323, 2735, 2462, 1774, 1365, 1654, 2343, 2738, 
2444, 1753, 1402, 1931, 2580, 2695, 2164, 1520, 1409, 1951, 
2593, 2689, 2144, 1506, 1416, 1972, 2606, 2680, 1844, 1376, 
1592, 2271, 2727, 2502, 1824, 1372, 1609, 2292, 2731, 2488, 
1803, 1367, 1627, 2313, 2712, 2217, 1553, 1390, 1897, 2558, 
2707, 2195, 1539, 1398, 1919, 2571, 2700, 2175, 1524, 1405, 
2217, 2715, 1362, 1726, 2416, 2737, 2367, 1679, 1362, 1745, 
2435, 2736, 2348, 1660, 1363, 1764, 2639, 2648, 2058, 1454, 
1454, 2056, 2649, 2639, 2035, 1443, 1464, 2079, 2660, 2628, 
2013, 1433, 1678, 2367, 2740, 2416, 1725, 1359, 1697, 2390, 
2739, 2399, 1708, 1362, 1717, 2407, 2739, 2377, 1484, 1428, 
2003, 2623, 2667, 2091, 1472, 1438, 2025, 2634, 2656, 2068, 
1460, 1452, 2046, 2643, 2460, 1776, 1365, 1652, 2339, 2736, 
2444, 1755, 1363, 1667, 2359, 2741, 2427, 1736, 1360, 1688, 
2592, 2689, 2144, 1504, 1416, 1970, 2604, 2679, 2122, 1491, 
1424, 1992, 2614, 2672, 2100, 1478, 1608, 2288, 2729, 2487, 
1804, 1369, 1623, 2311, 2732, 2471, 1785, 1366, 1643, 2329, 
2736, 2454, 1539, 1396, 1917, 2572, 2699, 2177, 1525, 1404, 
1936, 2586, 2695, 2155, 1511, 1411, 1959, 2598, 2528, 1856, 
1379, 1584, 2259, 2723, 2511, 1834, 1375, 1600, 2279, 2727, 
2497, 1815, 1372, 1617, 2534, 2716, 2229, 1562, 1384, 1884, 
2547, 2711, 2208, 1547, 1392, 1906, 2564, 2703, 2188, 1533, 
1547, 2207, 2710, 2550, 1888, 1388, 1560, 2227, 2716, 2537, 
1867, 1382, 1575, 2248, 2721, 2522, 1603, 1373, 1832, 2511, 
2726, 2261, 1584, 1379, 1854, 2527, 2719, 2243, 1571, 1385, 
1873, 2543, 2586, 1942, 1404, 1523, 2174, 2700, 2572, 1920, 
1398, 1538, 2195, 2707, 2558, 1898, 1393, 1553, 2467, 2732, 
2312, 1628, 1368, 1802, 2488, 2731, 2292, 1611, 1372, 1823, 
2504, 2727, 2272, 1594, 1491, 2119, 2680, 2608, 1974, 1419, 
1503, 2142, 2688, 2593, 1953, 1412, 1514, 2163, 2695, 2582, 
1672, 1361, 1753, 2441, 2736, 2344, 1655, 1362, 1772, 2461, 
2734, 2323, 1638, 1368, 1791, 2476, 2636, 2028, 1439, 1471, 
2088, 2666, 2625, 2007, 1432, 1483, 2110, 2672, 2611, 1985, 
1422, 1496, 2396, 2740, 2392, 1702, 1360, 1724, 2412, 2739, 
2372, 1683, 1361, 1743, 2432, 2739, 2354, 1664, 1443, 2032, 
2639, 2654, 2062, 1457, 1452, 2055, 2651, 2642, 2038, 1445, 
1465, 2077, 2662, 2631, 1747, 1363, 1678, 2366, 2740, 2420, 
1729, 1361, 1695, 2387, 2740, 2403, 1711, 1363, 1715, 2406, 
2679, 2115, 1487, 1427, 2001, 2625, 2671, 2094, 1475, 1439, 
2022, 2632, 2659, 2073, 1464, 1448, 2318, 2736, 2465, 1777, 
1366, 1653, 2336, 2739, 2447, 1758, 1363, 1667, 2360, 2739, 
2428, 1739, 1408, 1945, 2591, 2690, 2148, 1507, 1415, 1968, 
2603, 2684, 2129, 1494, 1424, 1990, 2616, 2673, 1828, 1375, 
1606, 2288, 2729, 2492, 1807, 1370, 1625, 2308, 2734, 2473, 
1788, 1368, 1642, 2326, 2707, 2200, 1542, 1398, 1914, 2570, 
2703, 2182, 1527, 1404, 1935, 2584, 2695, 2159, 1513, 1409, 
2235, 2719, 2531, 1859, 1379, 1583, 2255, 2723, 2515, 1839, 
1377, 1597, 2277, 2726, 2499, 1819, 1382, 1862, 2532, 2718, 
2233, 1564, 1388, 1883, 2547, 2712, 2210, 1548, 1393, 1905, 
2563, 2703, 1912, 1395, 1543, 2205, 2710, 2553, 1890, 1388, 
1556, 2225, 2716, 2540, 1869, 1383, 1575, 2244, 2728, 2284, 
1604, 1374, 1831, 2508, 2726, 2263, 1589, 1378, 1850, 2526, 
2721, 2243, 1572, 1383, 2149, 2691, 2590, 1944, 1404, 1520, 
2175, 2700, 2576, 1924, 1400, 1535, 2193, 2704, 2560, 1901, 
1366, 1780, 2467, 2733, 2316, 1631, 1368, 1798, 2483, 2731, 
2296, 1612, 1372, 1820, 2499, 2727, 1999, 1425, 1487, 2116, 
2681, 2609, 1976, 1418, 1500, 2139, 2685, 2596, 1957, 1411, 
1514, 2161, 2739, 2367, 1676, 1361, 1748, 2441, 2736, 2346, 
1656, 1364, 1770, 2457, 2735, 2327, 1639, 1367, 2063, 2656, 
2636, 2031, 1442, 1471, 2083, 2664, 2627, 2008, 1434, 1482, 
2105, 2672, 2616, 1989, 1361, 1702, 2393, 2740, 2396, 1703, 
1360, 1722, 2414, 2740, 2375, 1686, 1363, 1741, 2428, 2739, 
2087, 1470, 1443, 2030, 2638, 2656, 2065, 1459, 1452, 2051, 
2649, 2646, 2041, 1448, 1465, 2072, 2736, 2395, 1631, 1403, 
2061, 2665, 2616, 1967, 1413, 1515, 2167, 2716, 2535, 1862, 
1380, 1579, 2499, 2727, 2277, 1598, 1375, 1840, 2516, 2723, 
2255, 1582, 1381, 1859, 2529, 2716, 2235, 1566, 1513, 2160, 
2694, 2583, 1935, 1403, 1526, 2180, 2703, 2569, 1916, 1397, 
1542, 2202, 2708, 2559, 1641, 1367, 1788, 2473, 2732, 2307, 
1622, 1370, 1808, 2488, 2731, 2287, 1607, 1374, 1828, 2507, 
2616, 1990, 1425, 1493, 2127, 2678, 2602, 1971, 1416, 1505, 
2147, 2691, 2588, 1946, 1408, 1520, 2431, 2737, 2356, 1667, 
1363, 1759, 2448, 2736, 2336, 1651, 1364, 1779, 2464, 2734, 
2316, 1632, 1460, 2075, 2659, 2635, 2022, 1438, 1475, 2094, 
2668, 2622, 2000, 1428, 1486, 2115, 2675, 2611, 1715, 1361, 
1710, 2400, 2739, 2386, 1697, 1360, 1731, 2419, 2739, 2367, 
1673, 1362, 1748, 2440, 2660, 2076, 1465, 1446, 2038, 2641, 
2652, 2055, 1453, 1458, 2062, 2654, 2639, 2034, 1442, 1474, 
2354, 2739, 2433, 1743, 1363, 1683, 2374, 2741, 2415, 1723, 
1359, 1701, 2395, 2743, 2398, 1705, 1424, 1985, 2613, 2676, 
2109, 1483, 1431, 2006, 2624, 2668, 2086, 1471, 1439, 2027, 
2636, 2657, 1793, 1367, 1638, 2325, 2736, 2460, 1772, 1364, 
1657, 2342, 2736, 2440, 1754, 1363, 1672, 2363, 2697, 2166, 
1516, 1411, 1953, 2595, 2687, 2143, 1503, 1418, 1976, 2608, 
2680, 2121, 1491, 1426, 2272, 2727, 2503, 1823, 1372, 1613, 
2288, 2732, 2487, 1801, 1367, 1630, 2313, 2734, 2470, 1783, 
1392, 1898, 2558, 2706, 2196, 1537, 1399, 1921, 2576, 2700, 
2175, 1526, 1404, 1942, 2588, 2692, 1879, 1387, 1571, 2240, 
2722, 2528, 1855, 1378, 1586, 2263, 2724, 2511, 1833, 1374, 
1603, 2282, 2721, 2249, 1576, 1383, 1865, 2535, 2716, 2230, 
1559, 1390, 1887, 2552, 2708, 2207, 1548, 1395, 2187, 2705, 
2563, 1905, 1393, 1549, 2209, 2711, 2548, 1884, 1387, 1563, 
2232, 2718, 2536, 1864, 1371, 1817, 2497, 2727, 2279, 1600, 
1375, 1836, 2515, 2724, 2259, 1585, 1380, 1857, 2531, 2716, 
1959, 1414, 1513, 2158, 2695, 2585, 1938, 1404, 1524, 2176, 
2702, 2572, 1918, 1398, 1541, 2199, 2736, 2330, 1644, 1369, 
1786, 2472, 2734, 2310, 1626, 1370, 1805, 2485, 2728, 2291, 
1609, 1372, 2102, 2672, 2618, 1993, 1425, 1491, 2124, 2681, 
2607, 1971, 1417, 1504, 2145, 2687, 2593, 1949, 1363, 1738, 
2428, 2739, 2360, 1674, 1363, 1756, 2447, 2740, 2340, 1654, 
1366, 1776, 2463, 2736, 2047, 1451, 1462, 2070, 2656, 2636, 
2024, 1438, 1474, 2091, 2668, 2624, 2004, 1429, 1484, 2112, 
2739, 2407, 1720, 1361, 1709, 2396, 2739, 2390, 1699, 1360, 
1729, 2419, 2739, 2371, 1680, 1363, 2014, 2631, 2663, 2078, 
1468, 1444, 2036, 2643, 2652, 2060, 1455, 1456, 2056, 2652, 
2640, 2038, 1363, 1661, 2353, 2740, 2436, 1745, 1363, 1681, 
2371, 2739, 2419, 1727, 1361, 1698, 2390, 2741, 2134, 1499, 
1421, 1982, 2613, 2678, 2113, 1484, 1429, 2003, 2624, 2667, 
2092, 1474, 1440, 2024, 2729, 2480, 1795, 1369, 1634, 2323, 
2736, 2463, 1776, 1366, 1653, 2343, 2739, 2447, 1757, 1363, 
1927, 2579, 2697, 2169, 1519, 1408, 1948, 2594, 2690, 2146, 
1506, 1417, 1968, 2606, 2680, 2123, 1376, 1592, 2270, 2727, 
2506, 1825, 1373, 1609, 2290, 2732, 2489, 1807, 1372, 1629, 
2313, 2734, 2222, 1554, 1388, 1895, 2554, 2704, 2199, 1543, 
1398, 1915, 2571, 2701, 2179, 1523, 1404, 1940, 2715, 2547, 
1879, 1387, 1568, 2240, 2719, 2528, 1855, 1380, 1583, 2262, 
2726, 2512, 1837, 1376, 1847, 2520, 2720, 2252, 1579, 1382, 
1865, 2537, 2719, 2231, 1563, 1388, 1886, 2547, 2708, 2209, 
1403, 1532, 2185, 2705, 2567, 1910, 1397, 1547, 2208, 2712, 
2552, 1889, 1389, 1560, 2225, 2716, 2302, 1617, 1371, 1811, 
2499, 2731, 2283, 1605, 1377, 1837, 2512, 2726, 2262, 1584, 
1378, 1853, 2684, 2601, 1963, 1414, 1510, 2153, 2694, 1358, 
1667, 2354, 2736, 2425, 1736, 1360, 1684, 2377, 2687, 2145, 
1505, 1415, 1968, 2602, 2679, 2123, 1492, 1424, 1990, 2615, 
2670, 2103, 1479, 1432, 2284, 2726, 2486, 1802, 1368, 1626, 
2307, 2730, 2471, 1785, 1366, 1642, 2329, 2734, 2454, 1764, 
1395, 1915, 2568, 2700, 2175, 1524, 1403, 1935, 2582, 2691, 
2156, 1512, 1410, 1958, 2600, 2687, 1859, 1379, 1582, 2258, 
2722, 2512, 1836, 1373, 1597, 2278, 2726, 2498, 1817, 1372, 
1619, 2300, 2718, 2231, 1561, 1385, 1881, 2544, 2710, 2211, 
1548, 1393, 1905, 2561, 2705, 2192, 1539, 1403, 2206, 2707, 
2551, 1887, 1386, 1553, 2224, 2715, 2537, 1868, 1382, 1574, 
2245, 2719, 2521, 1848, 1375, 1832, 2510, 2727, 2265, 1589, 
1382, 1855, 2524, 2717, 2241, 1567, 1380, 1868, 2537, 2713, 
1941, 1407, 1523, 2174, 2700, 2575, 1921, 1398, 1536, 2192, 
2705, 2559, 1899, 1391, 1551, 2214, 2732, 2312, 1627, 1364, 
1801, 2482, 2732, 2292, 1609, 1372, 1820, 2499, 2727, 2275, 
1596, 1376, 2119, 2679, 2607, 1974, 1416, 1500, 2144, 2687, 
2598, 1954, 1412, 1518, 2164, 2697, 2582, 1931, 1360, 1748, 
2439, 2739, 2346, 1653, 1363, 1774, 2462, 2739, 2328, 1641, 
1369, 1792, 2476, 2729, 2027, 1438, 1467, 2084, 2664, 2627, 
2007, 1432, 1482, 2108, 2674, 2613, 1987, 1422, 1496, 2131, 
2743, 2399, 1705, 1363, 1725, 2419, 2740, 2373, 1683, 1359, 
1742, 2430, 2737, 2356, 1667, 1364, 2032, 2640, 2655, 2063, 
1458, 1453, 2053, 2651, 2643, 2042, 1447, 1465, 2076, 2660, 
2631, 2022, 1361, 1675, 2364, 2737, 2420, 1731, 1361, 1695, 
2387, 2742, 2404, 1715, 1362, 1714, 2403, 2739, 2115, 1485, 
1425, 1998, 2620, 2672, 2097, 1480, 1439, 2023, 2633, 2660, 
2071, 1461, 1446, 2035, 2734, 2467, 1779, 1368, 1652, 2340, 
2739, 2451, 1759, 1364, 1667, 2355, 2737, 2430, 1739, 1360, 
1945, 2590, 2692, 2151, 1510, 1414, 1967, 2603, 2681, 2127, 
1494, 1422, 1988, 2617, 2675, 2104, 1376, 1608, 2288, 2732, 
2492, 1807, 1367, 1620, 2303, 2732, 2475, 1790, 1368, 1641, 
2328, 2737, 2204, 1543, 1394, 1908, 2567, 2701, 2182, 1528, 
1408, 1939, 2587, 2695, 2160, 1515, 1408, 1954, 2715, 2531, 
1859, 1380, 1578, 2257, 2723, 2516, 1841, 1376, 1596, 2272, 
2726, 2501, 1819, 1372, 1861, 2531, 2719, 2236, 1567, 1388, 
1883, 2543, 2711, 2210, 1550, 1388, 1900, 2561, 2706, 2193, 
1399, 1545, 2204, 2712, 2558, 1891, 1388, 1561, 2224, 2715, 
2541, 1870, 1384, 1572, 2243, 2719, 2286, 1611, 1375, 1827, 
2505, 2727, 2267, 1590, 1379, 1851, 2524, 2723, 2247, 1575, 
1384, 1870, 2688, 2588, 1944, 1406, 1519, 2170, 2699, 2577, 
1926, 1400, 1535, 2191, 2707, 2564, 1903, 1391, 1780, 2467, 
2732, 2319, 1632, 1368, 1798, 2482, 2729, 2296, 1612, 1372, 
1820, 2500, 2729, 2278, 1428, 1486, 2113, 2675, 2606, 1976, 
1419, 1500, 2137, 2686, 2599, 1959, 1416, 1517, 2164, 2698, 
2367, 1678, 1363, 1751, 2439, 2739, 2349, 1661, 1364, 1769, 
2456, 2735, 2328, 1641, 1367, 1789, 2656, 2640, 2035, 1444, 
1470, 2083, 2664, 2627, 2012, 1432, 1480, 2100, 2673, 2616, 
1990, 1427, 1703, 2393, 2742, 2396, 1705, 1361, 1720, 2411, 
2740, 2376, 1688, 1363, 1740, 2433, 2740, 2359, 1472, 1438, 
2028, 2636, 2655, 2064, 1457, 1451, 2052, 2647, 2647, 2044, 
1447, 1463, 2072, 2657, 2441, 1752, 1364, 1676, 2367, 2742, 
2426, 1735, 1361, 1692, 2383, 2739, 2403, 1715, 1360, 1710, 
2609, 2681, 2123, 1489, 1429, 1996, 2617, 2669, 2096, 1477, 
1436, 2017, 2633, 2663, 2078, 1467, 1629, 2313, 2732, 2467, 
1781, 1364, 1648, 2335, 2739, 2456, 1763, 1367, 1665, 2355, 
2737, 2431, 1522, 1406, 1944, 2591, 2695, 2156, 1511, 1415, 
1964, 2599, 2682, 2127, 1493, 1419, 1983, 2615, 2512, 1835, 
1376, 1606, 2285, 2732, 2416, 1650, 1395, 2039, 2653, 2628, 
1988, 1421, 1499, 2143, 2737, 2350, 1660, 1366, 1768, 2458, 
2739, 2331, 1646, 1369, 1788, 2475, 2733, 2308, 1623, 1367, 
2079, 2663, 2630, 2013, 1435, 1482, 2104, 2674, 2619, 1991, 
1424, 1490, 2129, 2684, 2600, 1969, 1361, 1720, 2411, 2743, 
2381, 1689, 1364, 1740, 2429, 2739, 2359, 1667, 1364, 1756, 
2447, 2736, 2067, 1459, 1451, 2048, 2647, 2648, 2046, 1448, 
1460, 2075, 2660, 2638, 2027, 1442, 1475, 2094, 2742, 2423, 
1733, 1361, 1689, 2380, 2739, 2406, 1718, 1361, 1711, 2401, 
2741, 2391, 1699, 1361, 1992, 2616, 2673, 2101, 1476, 1436, 
2013, 2632, 2663, 2075, 1464, 1443, 2035, 2639, 2649, 2056, 
1366, 1647, 2334, 2739, 2455, 1766, 1365, 1663, 2352, 2737, 
2438, 1744, 1362, 1683, 2374, 2742, 2155, 1511, 1414, 1961, 
2603, 2684, 2134, 1499, 1424, 1986, 2615, 2676, 2111, 1481, 
1428, 2003, 2727, 2496, 1812, 1371, 1622, 2305, 2737, 2482, 
1796, 1369, 1636, 2322, 2731, 2459, 1775, 1361, 1908, 2569, 
2704, 2191, 1533, 1401, 1931, 2579, 2697, 2166, 1515, 1408, 
1950, 2596, 2692, 2146, 1383, 1580, 2251, 2720, 2518, 1843, 
1374, 1592, 2271, 2727, 2505, 1827, 1375, 1614, 2292, 2731, 
2240, 1567, 1385, 1871, 2540, 2712, 2219, 1553, 1392, 1897, 
2559, 2709, 2199, 1539, 1398, 1916, 2707, 2559, 1897, 1392, 
1555, 2222, 2716, 2546, 1879, 1385, 1568, 2240, 2721, 2523, 
1853, 1379, 1827, 2507, 2729, 2273, 1596, 1378, 1846, 2519, 
2718, 2247, 1574, 1380, 1865, 2537, 2718, 2233, 1411, 1519, 
2168, 2697, 2580, 1929, 1400, 1531, 2188, 2705, 2564, 1909, 
1395, 1548, 2208, 2712, 2319, 1635, 1367, 1793, 2478, 2732, 
2303, 1620, 1373, 1817, 2499, 2731, 2283, 1602, 1374, 1832, 
2673, 2611, 1982, 1421, 1499, 2143, 2691, 2604, 1966, 1418, 
1512, 2158, 2695, 2588, 1940, 1406, 1745, 2435, 2737, 2351, 
1660, 1362, 1763, 2452, 2736, 2333, 1644, 1369, 1787, 2475, 
2736, 2313, 1446, 1464, 2077, 2656, 2627, 2012, 1435, 1480, 
2101, 2675, 2622, 1999, 1428, 1491, 2125, 2680, 2398, 1706, 
1359, 1714, 2406, 2739, 2380, 1689, 1361, 1736, 2427, 2739, 
2364, 1678, 1368, 1759, 2641, 2658, 2070, 1459, 1446, 2043, 
2643, 2646, 2048, 1453, 1461, 2072, 2661, 2639, 2031, 1443, 
1669, 2358, 2736, 2427, 1735, 1359, 1688, 2380, 2743, 2414, 
1723, 1363, 1707, 2399, 2740, 2390, 1493, 1425, 1993, 2619, 
2673, 2104, 1481, 1435, 2014, 2631, 2666, 2083, 1470, 1443, 
2033, 2639, 2470, 1783, 1364, 1640, 2328, 2736, 2457, 1769, 
1364, 1664, 2351, 2740, 2439, 1751, 1363, 1678, 2585, 2694, 
2159, 1514, 1412, 1960, 2599, 2686, 2135, 1498, 1420, 1981, 
2612, 2678, 2115, 1487, 1600, 2278, 2726, 2495, 1814, 1368, 
1615, 2296, 2737, 2483, 1798, 1373, 1641, 2323, 2738, 2466, 
1546, 1390, 1902, 2559, 2700, 2187, 1533, 1404, 1931, 2584, 
2703, 2174, 1523, 1410, 1948, 2590, 2532, 1863, 1379, 1573, 
2248, 2725, 2524, 1852, 1380, 1595, 2268, 2727, 2505, 1827, 
1372, 1605, 2525, 2723, 2243, 1571, 1386, 1875, 2542, 2713, 
2220, 1555, 1388, 1894, 2558, 2712, 2204, 1542, 1542, 2196, 
2707, 2558, 1896, 1388, 1551, 2215, 2711, 2547, 1880, 1388, 
1572, 2242, 2721, 2534, 1615, 1373, 1822, 2499, 2726, 2272, 
1592, 1376, 1840, 2518, 2723, 2252, 1578, 1380, 1863, 2533, 
2595, 1952, 1411, 1512, 2160, 2695, 2581, 1931, 1403, 1531, 
2186, 2703, 2567, 1910, 1395, 1544, 2460, 2736, 2326, 1642, 
1371, 1796, 2480, 2733, 2303, 1620, 1366, 1807, 2486, 2724, 
2284, 1605, 1486, 2113, 2681, 2620, 1991, 1424, 1495, 2129, 
2681, 2599, 1961, 1411, 1505, 2151, 2691, 2591, 1686, 1365, 
1746, 2436, 2741, 2357, 1667, 1362, 1761, 2452, 2736, 2331, 
1647, 1364, 1778, 2463, 2645, 2040, 1448, 1468, 2080, 2663, 
2634, 2019, 1437, 1476, 2097, 2670, 1452, 1458, 2065, 2655, 
2447, 1761, 1366, 1667, 2353, 2734, 2424, 1732, 1357, 1681, 
2372, 2739, 2412, 1724, 1363, 1706, 2604, 2683, 2125, 1491, 
1419, 1983, 2611, 2671, 2104, 1481, 1438, 2011, 2632, 2667, 
2087, 1469, 1620, 2303, 2727, 2468, 1784, 1363, 1639, 2328, 
2736, 2457, 1771, 1368, 1658, 2344, 2735, 2436, 1524, 1401, 
1932, 2585, 2695, 2161, 1521, 1416, 1959, 2599, 2688, 2138, 
1504, 1420, 1976, 2604, 2513, 1838, 1374, 1597, 2275, 2725, 
2499, 1819, 1372, 1614, 2294, 2729, 2480, 1798, 1370, 1632, 
2547, 2713, 2215, 1551, 1392, 1901, 2556, 2703, 2187, 1531, 
END
1396, 1921, 2578, 2650, 1956, 1395, 1796, 2511, 2706, 2167, 
1491, 1435, 2062, 2663, 2567, 1880, 1370, 1612, 2336, 2730, 
2360, 1639, 1479, 2143, 2696, 2523, 1811, 1359, 1679, 2403, 
2726, 2288, 1513, 1421, 2030, 2649, 2591, 1913, 1359, 1831, 
2536, 2690, 2124, 1466, 1458, 2108, 2684, 2544, 1843, 1362, 
1648, 2372, 2726, 2316, 1426, 1499, 2183, 2707, 2491, 1771, 
1361, 1718, 2444, 2723, 2248, 1545, 1401, 1980, 2627, 2624, 
1707, 1358, 1785, 2502, 2709, 2177, 1499, 1430, 2052, 2660, 
2577, 1892, 1374, 1607, 2328, 2734, 2105, 1459, 1473, 2131, 
2694, 2532, 1824, 1359, 1669, 2393, 2729, 2306, 1590, 1388, 
1931, 2605, 2480, 1758, 1357, 1734, 2457, 2718, 2227, 1529, 
1408, 2001, 2641, 2616, 1952, 1396, 1571, 2278, 2704, 2158, 
1488, 1443, 2079, 2675, 2568, 1876, 1373, 1627, 2351, 2736, 
2353, 1629, 1368, 1877, 2703, 2522, 1808, 1363, 1689, 2416, 
2730, 2281, 1571, 1386, 1947, 2614, 2647, 2006, 1415, 1535, 
2480, 2723, 2213, 1520, 2476, 1755, 1359, 1739, 2464, 2727, 
2236, 1536, 1411, 1999, 2639, 2612, 1688, 1362, 1806, 2523, 
2707, 2163, 1490, 1444, 2080, 2676, 2569, 1880, 1372, 1623, 
2347, 2736, 2085, 1447, 1486, 2156, 2704, 2523, 1809, 1363, 
1690, 2416, 2729, 2284, 1571, 1391, 1948, 2611, 2463, 1740, 
1359, 1756, 2478, 2718, 2214, 1524, 1423, 2027, 2657, 2609, 
1935, 1387, 1584, 2297, 2694, 2136, 1474, 1454, 2100, 2687, 
2561, 1863, 1372, 1644, 2367, 2732, 2331, 1609, 1373, 1894, 
2716, 2508, 1794, 1366, 1710, 2438, 2733, 2265, 1558, 1398, 
1971, 2627, 2636, 1988, 1408, 1550, 2496, 2716, 2192, 1500, 
1427, 2042, 2660, 2592, 1916, 1385, 1606, 2324, 2737, 2385, 
1659, 1368, 2118, 2689, 2543, 1840, 1367, 1662, 2390, 2736, 
2321, 1601, 1387, 1922, 2596, 2663, 2041, 1427, 1726, 2452, 
2728, 2243, 1544, 1405, 1991, 2639, 2624, 1967, 1399, 1564, 
2270, 2732, 2433, 1708, 1440, 2068, 2674, 2580, 1891, 1374, 
1616, 2339, 2737, 2368, 1640, 1374, 1868, 2567, 2684, 2097, 
1364, 1678, 2404, 2731, 2296, 1579, 1389, 1939, 2609, 2654, 
2023, 1420, 1525, 2220, 2721, 2475, 1530, 1415, 2015, 2651, 
2615, 1947, 1393, 1579, 2292, 2732, 2416, 1688, 1363, 1812, 
2524, 2700, 1873, 1373, 1635, 2363, 2741, 2352, 1624, 1376, 
1888, 2576, 2675, 2073, 1440, 1489, 2164, 2710, 2280, 1569, 
1398, 1960, 2623, 2647, 2001, 1411, 1538, 2239, 2726, 2459, 
1731, 1356, 1763, 2484, 2604, 1927, 1387, 1595, 2311, 2739, 
2400, 1671, 1368, 1834, 2539, 2695, 2129, 1468, 1460, 2111, 
2736, 2332, 1609, 1382, 1907, 2590, 2668, 2057, 1436, 1503, 
2183, 2713, 2502, 1781, 1359, 1713, 2638, 2601, 1853, 1361, 
1827, 2567, 2680, 2058, 1432, 1516, 2211, 2731, 2421, 1696, 
1363, 1806, 2680, 2577, 1886, 1376, 1625, 2345, 2735, 2359, 
1632, 1374, 1875, 2572, 2684, 2091, 1451, 1484, 2415, 2727, 
2286, 1574, 1392, 1946, 2616, 2654, 2016, 1418, 1533, 2230, 
2726, 2467, 1744, 1359, 2022, 2652, 2611, 1939, 1389, 1584, 
2297, 2734, 2404, 1678, 1362, 1823, 2533, 2702, 2144, 1479, 
1647, 2368, 2742, 2342, 1616, 1373, 1890, 2580, 2671, 2064, 
1439, 1496, 2176, 2715, 2515, 1795, 1402, 1967, 2624, 2636, 
1987, 1405, 1543, 2246, 2728, 2454, 1729, 1359, 1773, 2492, 
2718, 2194, 1382, 1600, 2320, 2740, 2391, 1663, 1369, 1843, 
2546, 2694, 2117, 1461, 1459, 2118, 2693, 2552, 1604, 1391, 
1923, 2599, 2667, 2045, 1427, 1505, 2187, 2712, 2492, 1772, 
1362, 1726, 2452, 2729, 1972, 1402, 1560, 2267, 2729, 2433, 
1711, 1364, 1793, 2511, 2712, 2171, 1493, 1432, 2060, 2669, 
2369, 1644, 1376, 1868, 2568, 2691, 2103, 1457, 1476, 2140, 
2699, 2532, 1820, 1365, 1678, 2406, 2659, 2025, 1423, 1523, 
2215, 2720, 2479, 1756, 1359, 1744, 2467, 2724, 2227, 1532, 
1415, 2008, 2734, 2417, 1689, 1363, 1811, 2527, 2710, 2156, 
1487, 1451, 2089, 2681, 2571, 1876, 1372, 1631, 2574, 2678, 
2079, 1444, 1490, 2163, 2710, 2521, 1804, 1365, 1694, 2421, 
2732, 2283, 1571, 1397, 2236, 2724, 2464, 1736, 1358, 1760, 
2484, 2719, 2211, 1519, 1426, 2034, 2663, 2608, 1932, 1388, 
1831, 2538, 2697, 2134, 1472, 1458, 2111, 2691, 2558, 1853, 
1370, 1648, 2375, 2738, 2334, 1612, 1504, 2183, 2715, 2504, 
1787, 1363, 1711, 2443, 2729, 2262, 1556, 1405, 1980, 2633, 
2636, 1984, 1359, 1779, 2502, 2716, 2185, 1505, 1430, 2053, 
2667, 2592, 1907, 1380, 1606, 2326, 2742, 2388, 1467, 1475, 
2131, 2700, 2545, 1835, 1364, 1663, 2388, 2732, 2309, 1593, 
1389, 1927, 2601, 2663, 1772, 1360, 1735, 2459, 2728, 2244, 
1543, 1412, 1999, 2639, 2620, 1960, 1395, 1563, 2275, 2732, 
2172, 1496, 1446, 2077, 2680, 2579, 1887, 1375, 1621, 2343, 
2736, 2365, 1639, 1375, 1873, 2568, 2528, 1816, 1363, 1683, 
2412, 2734, 2294, 1582, 1396, 1947, 2613, 2652, 2015, 1415, 
1523, 2223, 2721, 2223, 1528, 1422, 2026, 2659, 2615, 1940, 
1389, 1580, 2295, 2735, 2408, 1682, 1365, 1820, 2683, 2565, 
1868, 1371, 1638, 2364, 2736, 2343, 1624, 1379, 1896, 2585, 
2677, 2072, 1439, 1493, 2432, 2727, 2271, 1563, 1398, 1967, 
2627, 2644, 1998, 1411, 1544, 2245, 2731, 2456, 1727, 1359, 
2040, 2663, 2603, 1924, 1386, 1598, 2316, 2736, 2390, 1663, 
1370, 1839, 2543, 2699, 2128, 1473, 1660, 2383, 2737, 2322, 
1601, 1379, 1910, 2592, 2668, 2049, 1434, 1510, 2192, 2718, 
2499, 1779, 1405, 1986, 2636, 2631, 1975, 1400, 1557, 2264, 
2732, 2435, 1711, 1359, 1790, 2507, 2713, 2181, 1381, 1615, 
2336, 2739, 2376, 1647, 1368, 1857, 2560, 2687, 2104, 1456, 
1475, 2139, 2700, 2539, 1593, 1390, 1936, 2608, 2660, 2031, 
1420, 1519, 2208, 2718, 2478, 1755, 1358, 1741, 2467, 2728, 
1961, 1400, 1576, 2287, 2736, 2418, 1692, 1360, 1807, 2521, 
2705, 2159, 1489, 1446, 2081, 2679, 2353, 1629, 1375, 1880, 
2575, 2682, 2083, 1448, 1489, 2160, 2708, 2524, 1806, 1361, 
1689, 2419, 2649, 2008, 1414, 1534, 2234, 2726, 2464, 1740, 
1360, 1759, 2483, 2721, 2215, 1520, 1423, 2028, 2735, 2401, 
1672, 1364, 1828, 2537, 2702, 2143, 1478, 1457, 2107, 2690, 
2559, 1861, 1369, 1647, 2584, 2670, 2060, 1435, 1497, 2182, 
2715, 2506, 1790, 1366, 1714, 2443, 2736, 2267, 1560, 1401, 
2251, 2724, 2444, 1718, 1358, 1776, 2496, 2719, 1377, 1902, 
2585, 2667, 2054, 1432, 1507, 2191, 2729, 2252, 1548, 1402, 
1980, 2631, 2627, 1974, 1404, 1555, 2262, 2730, 2439, 1711, 
1355, 1784, 2668, 2585, 1900, 1380, 1612, 2332, 2737, 2375, 
1651, 1371, 1856, 2556, 2687, 2103, 1454, 1474, 2400, 2734, 
2305, 1588, 1387, 1930, 2606, 2656, 2028, 1421, 1518, 2211, 
2721, 2487, 1761, 1360, 2004, 2646, 2615, 1950, 1390, 1565, 
2279, 2732, 2420, 1696, 1369, 1812, 2526, 2710, 2161, 1487, 
1623, 2346, 2734, 2350, 1628, 1374, 1880, 2577, 2687, 2088, 
1449, 1487, 2156, 2698, 2521, 1807, 1392, 1951, 2619, 2649, 
2008, 1414, 1531, 2228, 2723, 2463, 1740, 1356, 1757, 2483, 
2727, 2216, 1391, 1590, 2299, 2731, 2403, 1671, 1363, 1827, 
2535, 2702, 2139, 1479, 1457, 2103, 2687, 2559, 1612, 1379, 
1899, 2587, 2675, 2065, 1436, 1496, 2176, 2707, 2506, 1785, 
1358, 1707, 2436, 2732, 1992, 1409, 1551, 2252, 2727, 2447, 
1720, 1359, 1772, 2492, 2711, 2191, 1506, 1429, 2049, 2671, 
2388, 1662, 1369, 1850, 2552, 2691, 2116, 1465, 1466, 2124, 
2691, 2542, 1838, 1366, 1660, 2392, 2667, 2046, 1432, 1516, 
2203, 2719, 2492, 1771, 1356, 1724, 2447, 2724, 2244, 1544, 
1411, 1996, 2735, 2436, 1703, 1361, 1792, 2507, 2708, 2171, 
1497, 1445, 2070, 2679, 2588, 1899, 1379, 1617, 2559, 2680, 
2094, 1452, 1480, 2147, 2705, 2536, 1824, 1368, 1682, 2410, 
2734, 2291, 1578, 1391, 2219, 2723, 2475, 1747, 1356, 1748, 
2471, 2722, 2224, 1529, 1420, 2020, 2659, 2622, 1951, 1393, 
1811, 2523, 2697, 2144, 1478, 1445, 2086, 2686, 2572, 1880, 
1379, 1640, 2366, 2741, 2348, 1622, 1488, 2163, 2710, 2513, 
1797, 1361, 1699, 2428, 2735, 2283, 1572, 1404, 1965, 2626, 
2646, 2000, 1356, 1761, 2483, 2714, 2201, 1512, 1424, 2038, 
2663, 2607, 1930, 1391, 1598, 2308, 2735, 2398, 1473, 1460, 
2110, 2689, 2555, 1851, 1366, 1651, 2377, 2739, 2328, 1611, 
1385, 1913, 2599, 2673, 1783, 1360, 1717, 2442, 2727, 2255, 
1551, 1401, 1984, 2636, 2631, 1979, 1404, 1556, 2260, 2732, 
2188, 1505, 1436, 2059, 2670, 2590, 1903, 1377, 1605, 2328, 
2736, 2378, 1650, 1370, 1856, 2561, 2544, 1836, 1368, 1670, 
2394, 2734, 2310, 1590, 1385, 1927, 2603, 2662, 2035, 1426, 
1517, 2209, 2727, 2240, 1539, 1414, 2005, 2647, 2624, 1960, 
1392, 1567, 2276, 2730, 2421, 1698, 1363, 1804, 2678, 2579, 
1888, 1375, 1625, 2348, 2737, 2356, 1633, 1374, 1875, 2572, 
2684, 2091, 1452, 1484, 2417, 2733, 2287, 1578, 1394, 1948, 
2615, 2652, 2016, 1417, 1534, 2229, 2727, 2467, 1740, 1359, 
2021, 2652, 2608, 1935, 1390, 1584, 2300, 2737, 2409, 1682, 
1368, 1827, 2535, 2700, 2144, 1476, 1639, 2365, 2736, 2336, 
1612, 1375, 1895, 2585, 2676, 2071, 1443, 1499, 2178, 2715, 
2511, 1798, 1397, 1968, 2623, 2636, 1988, 1406, 1544, 2249, 
2731, 2457, 1730, 1368, 1779, 2496, 2718, 2195, 1381, 1593, 
2308, 2732, 2387, 1661, 1371, 1845, 2552, 2699, 2126, 1470, 
1468, 2121, 2695, 2547, 1599, 1384, 1912, 2594, 2663, 2041, 
1429, 1509, 2197, 2719, 2498, 1775, 1366, 1729, 2454, 2729, 
1971, 1398, 1556, 2265, 2728, 2432, 1705, 1360, 1793, 2511, 
2712, 2178, 1496, 1438, 2067, 2674, 2375, 1647, 1372, 1863, 
2559, 2685, 2101, 1450, 1473, 2140, 2703, 2535, 1827, 1368, 
1680, 2407, 2657, 2025, 1419, 1518, 2213, 2719, 2477, 1753, 
1361, 1746, 2471, 2727, 2231, 1532, 1416, 2011, 2731, 2415, 
1691, 1366, 1816, 2524, 2711, 2158, 1486, 1448, 2084, 2680, 
2567, 1874, 1372, 1632, 2579, 2681, 2080, 1446, 1490, 2163, 
2708, 2477, 1680, 1388, 2078, 2691, 2545, 1814, 1365, 1689, 
2627, 2636, 1990, 1406, 1540, 2247, 2731, 2459, 1731, 1364, 
1775, 2495, 2716, 2196, 1508, 1423, 2313, 2734, 2387, 1663, 
1369, 1844, 2552, 2700, 2126, 1469, 1467, 2120, 2696, 2553, 
1844, 1368, 1913, 2592, 2662, 2044, 1427, 1508, 2192, 2719, 
2499, 1779, 1366, 1727, 2454, 2732, 2249, 1545, 1555, 2263, 
2724, 2432, 1710, 1364, 1794, 2507, 2716, 2179, 1502, 1438, 
2066, 2674, 2587, 1898, 1371, 1862, 2560, 2687, 2099, 1455, 
1473, 2140, 2700, 2537, 1828, 1370, 1681, 2406, 2739, 2304, 
1419, 1520, 2211, 2719, 2476, 1752, 1359, 1743, 2468, 2727, 
2235, 1537, 1418, 2012, 2650, 2617, 1688, 1362, 1809, 2523, 
2705, 2156, 1484, 1444, 2084, 2680, 2569, 1875, 1375, 1630, 
2356, 2744, 2084, 1448, 1490, 2162, 2707, 2520, 1801, 1360, 
1691, 2421, 2732, 2283, 1572, 1398, 1957, 2621, 2463, 1737, 
1359, 1760, 2483, 2717, 2211, 1520, 1423, 2030, 2656, 2606, 
1931, 1387, 1587, 2304, 2700, 2137, 1475, 1461, 2111, 2692, 
2563, 1857, 1371, 1648, 2374, 2735, 2329, 1609, 1380, 1903, 
2716, 2508, 1789, 1364, 1716, 2439, 2727, 2263, 1556, 1404, 
1977, 2633, 2635, 1984, 1404, 1548, 2499, 2714, 2188, 1508, 
1432, 2055, 2671, 2595, 1912, 1383, 1604, 2320, 2735, 2379, 
1651, 1368, 2128, 2697, 2544, 1838, 1371, 1668, 2396, 2739, 
2317, 1598, 1387, 1925, 2601, 2660, 2038, 1424, 1729, 2456, 
2726, 2240, 1540, 1412, 1999, 2648, 2631, 1969, 1400, 1564, 
2272, 2731, 2428, 1697, 1439, 2070, 2675, 2579, 1889, 1377, 
1624, 2348, 2742, 2365, 1639, 1374, 1870, 2568, 2686, 2095, 
1364, 1683, 2410, 2734, 2296, 1580, 1391, 1938, 2613, 2656, 
2017, 1418, 1528, 2224, 2723, 2473, 1526, 1417, 2019, 2654, 
2614, 1943, 1392, 1580, 2296, 2735, 2409, 1681, 1364, 1820, 
2529, 2703, 1868, 1372, 1640, 2367, 2739, 2346, 1620, 1376, 
1891, 2578, 2673, 2070, 1439, 1494, 2174, 2714, 2278, 1567, 
1400, 1963, 2623, 2640, 1996, 1409, 1540, 2240, 2727, 2457, 
1732, 1360, 1768, 2487, 2599, 1922, 1385, 1596, 2315, 2737, 
2393, 1665, 1367, 1837, 2543, 2695, 2126, 1468, 1463, 2116, 
2740, 2329, 1608, 1387, 1915, 2597, 2670, 2044, 1426, 1504, 
2188, 2712, 2496, 1777, 1359, 1720, 2636, 2632, 1977, 1404, 
1557, 2265, 2732, 2440, 1713, 1363, 1790, 2506, 2712, 2180, 
1500, 1432, 2332, 2739, 2375, 1648, 1372, 1859, 2563, 2694, 
2108, 1460, 1474, 2136, 2700, 2538, 1828, 1367, 1932, 2607, 
2658, 2030, 1424, 1518, 2216, 2720, 2486, 1761, 1362, 1741, 
2465, 2724, 2232, 1532, 1568, 2281, 2733, 2420, 1692, 1364, 
1811, 2524, 2710, 2165, 1489, 1446, 2081, 2678, 2569, 1879, 
1372, 1880, 2574, 2681, 2085, 1447, 1488, 2158, 2708, 2527, 
1811, 1366, 1692, 2419, 2738, 2289, 1414, 1534, 2231, 2723, 
2463, 1734, 1357, 1759, 2478, 2722, 2215, 1525, 1423, 2030, 
2660, 2609, 1676, 1368, 1828, 2535, 2700, 2136, 1478, 1456, 
2107, 2687, 2560, 1862, 1368, 1648, 2374, 2739, 2064, 1438, 
1500, 2180, 2712, 2508, 1788, 1359, 1707, 2435, 2728, 2265, 
1556, 1400, 1976, 2631, 2452, 1726, 1362, 1779, 2499, 2716, 
2190, 1506, 1429, 2048, 2665, 2595, 1915, 1385, 1605, 2323, 
2694, 2118, 1464, 1468, 2126, 2696, 2547, 1841, 1367, 1663, 
2388, 2736, 2315, 1595, 1385, 1920, 2719, 2493, 1774, 1364, 
1731, 2457, 2732, 2244, 1543, 1408, 1991, 2638, 2625, 1964, 
1399, 1562, 2514, 2713, 2175, 1499, 1442, 2072, 2676, 2583, 
1895, 1383, 1619, 2339, 2739, 2364, 1639, 1372, 2144, 2701, 
2531, 1822, 1366, 1683, 2409, 2737, 2299, 1584, 1390, 1944, 
2611, 1497, 1439, 2071, 2736, 2367, 1639, 1373, 1867, 2563, 
2684, 2096, 1451, 1479, 2144, 2702, 2531, 1822, 1364, 1679, 
2607, 2654, 2019, 1417, 1524, 2217, 2719, 2475, 1750, 1357, 
1744, 2467, 2720, 2222, 1529, 1415, 2286, 2732, 2414, 1687, 
1364, 1816, 2528, 2704, 2151, 1484, 1451, 2092, 2681, 2567, 
1870, 1369, 1883, 2571, 2674, 2075, 1438, 1490, 2170, 2712, 
2519, 1803, 1364, 1702, 2425, 2732, 2275, 1563, 1536, 2236, 
2727, 2457, 1733, 1362, 1767, 2488, 2720, 2205, 1518, 1425, 
2035, 2659, 2600, 1926, 1364, 1829, 2535, 2697, 2130, 1472, 
1464, 2113, 2694, 2559, 1855, 1375, 1656, 2381, 2736, 2323, 
1431, 1499, 2183, 2712, 2500, 1783, 1362, 1719, 2447, 2731, 
2259, 1551, 1404, 1984, 2632, 2632, 1715, 1363, 1783, 2502, 
2712, 2184, 1504, 1433, 2056, 2670, 2590, 1904, 1380, 1611, 
2332, 2740, 2111, 1458, 1472, 2134, 2696, 2537, 1831, 1365, 
1669, 2397, 2732, 2311, 1592, 1390, 1932, 2605, 2487, 1761, 
1358, 1735, 2458, 2723, 2233, 1536, 1409, 2001, 2645, 2623, 
1960, 1399, 1571, 2280, 2710, 2166, 1490, 1448, 2079, 2678, 
2575, 1884, 1372, 1622, 2345, 2736, 2356, 1633, 1374, 1877, 
2708, 2528, 1814, 1365, 1688, 2416, 2732, 2288, 1575, 1393, 
1950, 2616, 2652, 2022, 1415, 1530, 2475, 2721, 2216, 1521, 
1418, 2023, 2655, 2609, 1937, 1390, 1584, 2299, 2734, 2407, 
1679, 1364, 2099, 2686, 2563, 1865, 1374, 1645, 2371, 2739, 
2343, 1616, 1377, 1898, 2583, 2671, 2066, 1433, 1704, 2433, 
2729, 2268, 1560, 1402, 1972, 2630, 2643, 1993, 1412, 1547, 
2249, 2728, 2451, 1722, 1425, 2042, 2662, 2595, 1918, 1383, 
1603, 2324, 2739, 2392, 1663, 1370, 1843, 2548, 2691, 2119, 
1365, 1656, 2385, 2736, 2322, 1603, 1388, 1920, 2599, 2668, 
2047, 1429, 1506, 2195, 2716, 2492, 1542, 1406, 1991, 2640, 
2628, 1971, 1401, 1560, 2268, 2731, 2433, 1705, 1364, 1795, 
2511, 2712, 1897, 1377, 1615, 2336, 2735, 2367, 1643, 1370, 
1864, 2563, 2688, 2104, 1456, 1478, 2145, 2702, 2303, 1585, 
1392, 1938, 2609, 2656, 2023, 1420, 1520, 2215, 2720, 2479, 
1752, 1362, 1745, 2468, 2617, 1953, 1395, 1576, 2288, 2735, 
2415, 1686, 1363, 1812, 2528, 2703, 2156, 1487, 1452, 2087, 
2739, 2350, 1623, 1375, 1884, 2575, 2679, 2076, 1441, 1486, 
2162, 2707, 2518, 1804, 1365, 1697, 2622, 2648, 2003, 1415, 
1538, 2239, 2726, 2462, 1734, 1358, 1762, 2488, 2719, 2209, 
1517, 1423, 2307, 2736, 2399, 1671, 1367, 1832, 2542, 2702, 
2132, 1471, 1463, 2109, 2688, 2557, 1857, 1371, 1900, 2588, 
2671, 2059, 1434, 1500, 2185, 2713, 2504, 1789, 1360, 1715, 
2441, 2728, 2259, 1552, 1548, 2255, 2728, 2445, 1719, 1363, 
1784, 2503, 2718, 2191, 1506, 1436, 2052, 2667, 2590, 1907, 
1367, 1851, 2552, 2691, 2112, 1462, 1472, 2132, 2700, 2544, 
1840, 1366, 1668, 2395, 2734, 2310, 1422, 1510, 2201, 2716, 
2488, 1766, 1363, 1736, 2459, 2729, 2241, 1542, 1410, 1996, 
2640, 2619, 1699, 1360, 1802, 2517, 2711, 2169, 1495, 1444, 
2075, 2673, 2579, 1888, 1375, 1623, 2347, 2739, 2091, 1452, 
1483, 2151, 2703, 2526, 1815, 1363, 1687, 2412, 2739, 2293, 
1580, 1395, 1948, 2616, 2470, 1746, 1359, 1752, 2475, 2723, 
2220, 1523, 1422, 2020, 2652, 2611, 1939, 1391, 1580, 2295, 
2703, 2150, 1482, 1456, 2099, 2688, 2566, 1865, 1369, 1637, 
2364, 2736, 2339, 1620, 1377, 1894, 2714, 2516, 1800, 1364, 
1703, 2432, 2731, 2268, 1560, 1396, 1967, 2624, 2642, 1996, 
1413, 1548, 2492, 2719, 2201, 1512, 1427, 2041, 2659, 2604, 
1920, 1384, 1596, 2315, 2737, 2283, 1532, 1491, 2482, 2712, 
2149, 1471, 1479, 2162, 2726, 2464, 1735, 1358, 1758, 2480, 
2719, 2209, 1519, 1423, 2306, 2735, 2401, 1673, 1365, 1831, 
2535, 2700, 2135, 1474, 1459, 2108, 2691, 2559, 1858, 1372, 
1904, 2585, 2672, 2062, 1433, 1500, 2183, 2715, 2507, 1791, 
1363, 1712, 2436, 2729, 2260, 1555, 1548, 2254, 2728, 2447, 
1721, 1364, 1780, 2499, 2716, 2192, 1504, 1431, 2051, 2668, 
2592, 1908, 1368, 1848, 2552, 2691, 2116, 1464, 1468, 2127, 
2697, 2547, 1841, 1367, 1665, 2393, 2733, 2315, 1425, 1514, 
2204, 2719, 2491, 1771, 1358, 1728, 2455, 2727, 2240, 1539, 
1409, 1999, 2644, 2627, 1703, 1363, 1799, 2515, 2707, 2167, 
1494, 1441, 2073, 2676, 2582, 1891, 1380, 1622, 2344, 2739, 
2094, 1452, 1480, 2151, 2703, 2529, 1817, 1365, 1686, 2412, 
2732, 2294, 1578, 1390, 1944, 2612, 2475, 1751, 1362, 1753, 
2472, 2726, 2224, 1527, 1417, 2015, 2651, 2611, 1943, 1392, 
1583, 2297, 2703, 2148, 1484, 1450, 2094, 2687, 2566, 1869, 
1369, 1638, 2364, 2739, 2345, 1623, 1379, 1891, 2711, 2513, 
1796, 1367, 1703, 2431, 2732, 2273, 1564, 1396, 1963, 2623, 
2640, 1996, 1409, 1543, 2489, 2719, 2204, 1516, 1429, 2043, 
2666, 2600, 1923, 1385, 1596, 2315, 2736, 2393, 1664, 1366, 
2115, 2692, 2552, 1854, 1370, 1655, 2383, 2738, 2326, 1608, 
1383, 1912, 2592, 2668, 2051, 1432, 1721, 2447, 2734, 2255, 
1553, 1404, 1987, 2636, 2630, 1976, 1402, 1556, 2264, 2730, 
2441, 1712, 1438, 2066, 2668, 2587, 1903, 1380, 1615, 2336, 
2740, 2376, 1650, 1370, 1857, 2558, 2686, 2104, 1365, 1672, 
2403, 2735, 2307, 1590, 1390, 1932, 2605, 2659, 2031, 1422, 
1520, 2214, 2721, 2484, 1536, 1414, 2004, 2645, 2619, 1953, 
1394, 1570, 2283, 2734, 2423, 1695, 1366, 1810, 2521, 2707, 
1879, 1375, 1630, 2352, 2739, 2358, 1631, 1374, 1878, 2572, 
2681, 2086, 1447, 1487, 2155, 2707, 2291, 1574, 1395, 1953, 
2617, 2647, 2009, 1415, 1532, 2232, 2726, 2468, 1743, 1361, 
1759, 2480, 2608, 1937, 1390, 1586, 2302, 2735, 2403, 1676, 
1365, 1826, 2535, 2699, 2137, 1475, 1458, 2104, 2741, 2339, 
1613, 1382, 1898, 2586, 2672, 2062, 1436, 1495, 2177, 2712, 
2508, 1792, 1362, 1712, 2632, 2639, 1987, 1405, 1545, 2248, 
2727, 2450, 1723, 1362, 1779, 2496, 2718, 2194, 1510, 1430, 
2319, 2738, 2387, 1660, 1372, 1847, 2551, 2695, 2119, 1464, 
1467, 2124, 2695, 2547, 1840, 1363, 1923, 2601, 2664, 2044, 
1430, 1511, 2197, 2718, 2491, 1771, 1360, 1728, 2454, 2728, 
2248, 1545, 1563, 2272, 2732, 2432, 1706, 1363, 1790, 2511, 
2712, 2174, 1498, 1441, 2071, 2676, 2583, 1895, 1371, 1868, 
2563, 2685, 2097, 1454, 1479, 2145, 2702, 2533, 1822, 1366, 
1681, 2408, 2740, 2296, 1420, 1524, 2220, 2723, 2476, 1752, 
1359, 1746, 2471, 2721, 2228, 1533, 1420, 2016, 2649, 2616, 
1683, 1363, 1816, 2527, 2703, 2148, 1480, 1448, 2092, 2684, 
2568, 1875, 1375, 1639, 2360, 2739, 2077, 1443, 1489, 2164, 
2707, 2515, 1800, 1361, 1697, 2427, 2734, 2278, 1569, 1395, 
1963, 2622, 2460, 1735, 1361, 1767, 2487, 2719, 2207, 1516, 
1425, 2036, 2663, 2606, 1928, 1392, 1595, 2313, 2700, 2129, 
1470, 1459, 2110, 2689, 2553, 1852, 1370, 1655, 2380, 2739, 
2331, 1606, 1377, 1905, 2711, 2499, 1781, 1361, 1717, 2446, 
2732, 2260, 1553, 1403, 1982, 2633, 2632, 1977, 1402, 1551, 
2503, 2716, 2188, 1505, 1436, 2057, 2671, 2590, 1904, 1379, 
1607, 2328, 2734, 2379, 1651, 1371, 2133, 2699, 2544, 1835, 
1369, 1672, 2399, 2736, 2309, 1591, 1388, 1927, 2602, 2662, 
2032, 1423, 1735, 2460, 2727, 1368, 1855, 2550, 2687, 2108, 
1458, 1467, 2131, 2699, 2543, 1835, 1370, 1671, 2601, 2656, 
2031, 1421, 1508, 2201, 2715, 2483, 1761, 1361, 1735, 2460, 
2726, 2236, 1537, 1400, 2275, 2727, 2422, 1697, 1363, 1805, 
2517, 2710, 2163, 1490, 1442, 2076, 2675, 2574, 1883, 1375, 
1875, 2568, 2682, 2089, 1449, 1482, 2151, 2704, 2523, 1809, 
1363, 1688, 2415, 2734, 2287, 1575, 1527, 2225, 2723, 2467, 
1744, 1359, 1755, 2477, 2723, 2218, 1524, 1420, 2022, 2652, 
2608, 1937, 1362, 1820, 2529, 2703, 2142, 1479, 1455, 2100, 
2685, 2564, 1864, 1371, 1640, 2367, 2736, 2339, 1438, 1495, 
2175, 2713, 2513, 1797, 1364, 1708, 2435, 2729, 2270, 1560, 
1398, 1967, 2625, 2638, 1726, 1360, 1775, 2491, 2716, 2195, 
1512, 1428, 2044, 2662, 2596, 1916, 1383, 1599, 2321, 2738, 
2125, 1466, 1462, 2119, 2694, 2551, 1843, 1369, 1659, 2385, 
2737, 2321, 1600, 1383, 1915, 2595, 2494, 1774, 1358, 1726, 
2449, 2727, 2247, 1546, 1407, 1991, 2636, 2626, 1972, 1402, 
1561, 2270, 2713, 2179, 1498, 1436, 2067, 2672, 2584, 1897, 
1378, 1616, 2336, 2740, 2368, 1644, 1372, 1863, 2702, 2534, 
1827, 1364, 1679, 2406, 2736, 2302, 1585, 1389, 1935, 2608, 
2656, 2027, 1422, 1524, 2468, 2729, 2230, 1532, 1411, 2010, 
2646, 2616, 1949, 1393, 1574, 2288, 2732, 2419, 1691, 1363, 
2085, 2680, 2567, 1875, 1373, 1632, 2359, 2741, 2355, 1628, 
1376, 1884, 2575, 2679, 2078, 1442, 1694, 2423, 2736, 2279, 
1575, 1399, 1959, 2621, 2646, 2003, 1408, 1534, 2235, 2723, 
2462, 1734, 1427, 2032, 2662, 2608, 1933, 1389, 1591, 2308, 
2736, 2400, 1671, 1365, 1829, 2536, 2699, 2135, 1366, 1651, 
2377, 2739, 2332, 1610, 1379, 1902, 2588, 2671, 2059, 1436, 
1503, 2183, 2714, 2504, 1554, 1406, 1979, 2635, 2635, 1984, 
1408, 1555, 2259, 2731, 2446, 1717, 1358, 1778, 2498, 2712, 
1910, 1380, 1610, 2329, 2740, 2381, 1655, 1369, 1848, 2550, 
2689, 2111, 1461, 1470, 2132, 2701, 2319, 1599, 1387, 1924, 
2600, 2660, 2034, 1422, 1511, 2201, 2719, 2492, 1769, 1363, 
1735, 2457, 2622, 1964, 1395, 1561, 2273, 2735, 2425, 1699, 
1363, 1801, 2517, 2712, 2169, 1497, 1442, 2080, 2737, 2365, 
1637, 1373, 1871, 2567, 2684, 2092, 1449, 1482, 2150, 2704, 
2528, 1817, 1366, 1685, 2617, 2654, 2017, 1417, 1527, 2222, 
2719, 2468, 1744, 1360, 1750, 2478, 2728, 2224, 1532, 1424, 
2300, 2738, 2412, 1680, 1359, 1816, 2528, 2701, 2147, 1483, 
1456, 2100, 2688, 2568, 1871, 1371, 1888, 2577, 2670, 2067, 
1439, 1496, 2175, 2716, 2518, 1801, 1366, 1704, 2430, 2728, 
2265, 1563, 1540, 2244, 2728, 2458, 1731, 1363, 1771, 2491, 
2718, 2199, 1511, 1423, 2040, 2663, 2599, 1921, 1368, 1843, 
2544, 2697, 2126, 1470, 1464, 2118, 2695, 2554, 1851, 1369, 
1656, 2384, 2736, 2323, 1428, 1503, 2192, 2715, 2496, 1778, 
1361, 1722, 2449, 2730, 2254, 1551, 1407, 1982, 2636, 2628, 
1711, 1362, 1791, 2508, 2716, 2183, 1503, 1439, 2065, 2671, 
2586, 1899, 1379, 1608, 2335, 2736, 2105, 1459, 1478, 2141, 
2705, 2539, 1831, 1365, 1672, 2400, 2733, 2302, 1587, 1391, 
1933, 2612, 2484, 1761, 1362, 1742, 2463, 2723, 2230, 1531, 
1413, 2008, 2648, 2622, 1956, 1400, 1573, 2288, 2705, 2159, 
1487, 1447, 2082, 2679, 2572, 1875, 1372, 1628, 2353, 2739, 
2354, 1633, 1377, 1884, 2709, 2525, 1811, 1364, 1693, 2419, 
2732, 2283, 1571, 1395, 1955, 2619, 2654, 2009, 1411, 1536, 
2480, 2720, 2211, 1520, 1422, 2028, 2656, 2606, 1931, 1387, 
1587, 2307, 2740, 2403, 1682, 1368, 2107, 2696, 2507, 1711, 
1377, 2038, 2673, 2565, 1848, 1371, 1657, 2422, 2739, 2286, 
1574, 1395, 2231, 2722, 2463, 1739, 1358, 1760, 2483, 2724, 
2218, 1524, 1425, 2032, 2656, 2604, 1929, 1387, 1825, 2534, 
2702, 2139, 1479, 1458, 2108, 2689, 2563, 1860, 1367, 1647, 
2371, 2736, 2332, 1614, 1497, 2182, 2712, 2510, 1793, 1363, 
1712, 2439, 2733, 2265, 1559, 1403, 1972, 2629, 2634, 1987, 
1360, 1778, 2497, 2717, 2195, 1510, 1431, 2051, 2670, 2597, 
1915, 1382, 1603, 2324, 2737, 2382, 1462, 1466, 2124, 2696, 
2550, 1843, 1370, 1668, 2396, 2737, 2319, 1598, 1378, 1916, 
2596, 2661, 1769, 1361, 1733, 2457, 2732, 2246, 1544, 1409, 
1993, 2638, 2623, 1963, 1398, 1564, 2272, 2735, 2175, 1498, 
1443, 2072, 2676, 2581, 1893, 1377, 1617, 2343, 2736, 2370, 
1644, 1374, 1871, 2567, 2531, 1819, 1363, 1679, 2408, 2735, 
2295, 1583, 1391, 1943, 2614, 2656, 2019, 1419, 1526, 2221, 
2724, 2225, 1531, 1419, 2019, 2654, 2616, 1945, 1392, 1572, 
2289, 2735, 2412, 1683, 1362, 1818, 2686, 2572, 1875, 1374, 
1636, 2361, 2737, 2345, 1625, 1372, 1887, 2583, 2683, 2079, 
1447, 1498, 2430, 2734, 2276, 1564, 1395, 1959, 2621, 2640, 
1996, 1410, 1540, 2244, 2729, 2460, 1733, 1360, 2038, 2659, 
2601, 1924, 1388, 1596, 2317, 2740, 2399, 1671, 1367, 1834, 
2541, 2693, 2126, 1467, 1653, 2382, 2739, 2329, 1610, 1383, 
1910, 2595, 2665, 2052, 1432, 1503, 2188, 2716, 2502, 1783, 
1406, 1984, 2637, 2633, 1980, 1404, 1554, 2260, 2729, 2442, 
1714, 1360, 1787, 2503, 2714, 2184, 1380, 1612, 2332, 2739, 
2378, 1652, 1370, 1855, 2561, 2690, 2111, 1459, 1473, 2134, 
2698, 2540, 1592, 1386, 1931, 2606, 2662, 2035, 1426, 1519, 
2209, 2716, 2485, 1762, 1358, 1737, 2463, 2727, 1960, 1398, 
1574, 2283, 2733, 2424, 1694, 1361, 1802, 2515, 2703, 2159, 
1489, 1447, 2081, 2683, 2363, 1638, 1374, 1875, 2568, 2678, 
2079, 1448, 1484, 2156, 2707, 2528, 1816, 1368, 1691, 2418, 
2648, 2009, 1412, 1528, 2227, 2721, 2471, 1743, 1357, 1755, 
2480, 2723, 2218, 1526, 1424, 2029, 2739, 2408, 1679, 1365, 
1825, 2531, 2699, 2137, 1479, 1452, 2099, 2687, 2563, 1864, 
1374, 1644, 2586, 2675, 2065, 1438, 1496, 2172, 2715, 2513, 
1793, 1361, 1709, 2436, 2732, 2271, 1562, 1401, 2249, 2728, 
2451, 1724, 1359, 1774, 2495, 2716, 2195, 1511, 1429, 2046, 
2668, 2596, 1919, 1385, 1846, 2550, 2697, 2121, 1465, 1468, 
2118, 2697, 2548, 1843, 1370, 1662, 2387, 2735, 2319, 1599, 
1509, 2197, 2719, 2496, 1774, 1363, 1727, 2457, 2729, 2248, 
1545, 1408, 1991, 2638, 2627, 1969, 1361, 1794, 2511, 2712, 
2173, 1499, 1441, 2069, 2675, 2584, 1895, 1377, 1615, 2335, 
2736, 2371, 1456, 1480, 2144, 2703, 2541, 1824, 1364, 1679, 
2407, 2732, 2299, 1583, 1389, 1936, 2609, 2656, 1752, 1360, 
1745, 2470, 2727, 2229, 1533, 1419, 2014, 2652, 2619, 1951, 
1393, 1574, 2288, 2734, 2152, 1484, 1448, 2088, 2684, 2572, 
1874, 1374, 1632, 2357, 2737, 2350, 1626, 1376, 1884, 2577, 
2520, 1806, 1366, 1703, 2423, 2735, 2281, 1571, 1395, 1959, 
2623, 2645, 2003, 1416, 1542, 2239, 2719, 2207, 1518, 1425, 
2028, 2660, 2603, 1927, 1385, 1590, 2310, 2739, 2401, 1673, 
1368, 1834, 2690, 2557, 1854, 1368, 1648, 2377, 2737, 2331, 
1608, 1382, 1904, 2589, 2670, 2059, 1434, 1502, 2444, 2732, 
2262, 1557, 1407, 1979, 2632, 2636, 1982, 1404, 1551, 2256, 
2729, 2444, 1719, 1363, 2056, 2670, 2594, 1903, 1377, 1605, 
2328, 2737, 2379, 1656, 1369, 1855, 2557, 2694, 2115, 1461, 
1668, 2395, 2736, 2307, 1592, 1388, 1925, 2604, 1495, 1437, 
2063, 2672, 2583, 1896, 1379, 1615, 2561, 2687, 2099, 1454, 
1475, 2139, 2697, 2531, 1823, 1363, 1673, 2403, 2732, 2299, 
1584, 1392, 2215, 2723, 2480, 1752, 1358, 1743, 2465, 2723, 
2228, 1532, 1418, 2007, 2647, 2615, 1949, 1392, 1810, 2523, 
2704, 2155, 1484, 1448, 2085, 2680, 2570, 1876, 1375, 1628, 
2355, 2739, 2351, 1631, 1491, 2163, 2711, 2520, 1806, 1361, 
1692, 2421, 2729, 2279, 1569, 1395, 1952, 2619, 2644, 2003, 
1359, 1760, 2483, 2718, 2207, 1520, 1423, 2032, 2661, 2606, 
1928, 1388, 1587, 2303, 2732, 2398, 1472, 1459, 2108, 2689, 
2558, 1857, 1372, 1649, 2376, 2739, 2327, 1610, 1382, 1901, 
2589, 2670, 1784, 1360, 1712, 2439, 2728, 2262, 1553, 1403, 
1980, 2632, 2632, 1984, 1404, 1548, 2256, 2727, 2187, 1503, 
1431, 2052, 2668, 2591, 1910, 1383, 1607, 2328, 2742, 2380, 
1657, 1369, 1849, 2551, 2543, 1836, 1366, 1665, 2392, 2735, 
2312, 1594, 1388, 1921, 2601, 2663, 2040, 1427, 1513, 2204, 
2726, 2240, 1539, 1409, 1999, 2643, 2624, 1964, 1398, 1567, 
2275, 2735, 2427, 1700, 1361, 1798, 2675, 2578, 1887, 1376, 
1621, 2344, 2737, 2361, 1635, 1375, 1873, 2571, 2687, 2096, 
1453, 1482, 2411, 2733, 2291, 1576, 1389, 1943, 2614, 2652, 
2016, 1418, 1531, 2224, 2723, 2471, 1747, 1360, 2017, 2654, 
2616, 1945, 1393, 1584, 2296, 2736, 2406, 1679, 1363, 1819, 
2527, 2700, 2147, 1481, 1642, 2366, 2739, 2344, 1620, 1377, 
1891, 2574, 2677, 2069, 1440, 1494, 2172, 2713, 2516, 1799, 
1401, 1966, 2626, 2641, 1994, 1408, 1543, 2241, 2729, 2453, 
1728, 1360, 1767, 2488, 2719, 2201, 1384, 1599, 2319, 2737, 
2396, 1667, 1369, 1841, 2542, 2696, 2121, 1463, 1460, 2115, 
2691, 2553, 1607, 1387, 1918, 2599, 2669, 2052, 1428, 1505, 
2191, 2713, 2497, 1780, 1360, 1723, 2449, 2732, 1978, 1403, 
1556, 2262, 2728, 2436, 1712, 1361, 1790, 2508, 2715, 2180, 
1501, 1436, 2060, 2671, 2374, 1648, 1372, 1861, 2562, 2689, 
2108, 1457, 1474, 2136, 2699, 2539, 1833, 1366, 1675, 2404, 
2659, 2030, 1422, 1518, 2211, 2719, 2482, 1756, 1355, 1742, 
2463, 2727, 2236, 1537, 1417, 2011, 2734, 2420, 1692, 1362, 
1808, 2518, 2707, 2159, 1484, 1445, 2084, 2681, 2576, 1884, 
1377, 1629, 2576, 2681, 2083, 1443, 1484, 2158, 2703, 2521, 
1809, 1365, 1692, 2423, 2737, 2289, 1576, 1397, 2232, 2723, 
2463, 1736, 1357, 1756, 2477, 2721, 2212, 1523, 1423, 2031, 
2659, 2609, 1935, 1389, 1830, 2535, 2703, 2134, 1475, 1457, 
2103, 2687, 2559, 1859, 1371, 1647, 2373, 2739, 2335, 1615, 
1499, 2182, 2715, 2510, 1791, 1361, 1710, 2438, 2729, 2263, 
1555, 1401, 1971, 2628, 2638, 1990, 1363, 1784, 2500, 2719, 
2196, 1507, 1428, 2049, 2664, 2591, 1911, 1382, 1603, 2323, 
2738, 2387, 1466, 1471, 2128, 2700, 2547, 1842, 1368, 1661, 
2387, 2732, 2312, 1595, 1382, 1920, 2600, 2667, 1776, 1364, 
1734, 2459, 2728, 2244, 1543, 1407, 1993, 2640, 2624, 1967, 
1400, 1564, 2275, 2734, 2174, 1488, 1440, 2069, 2672, 2580, 
1891, 1379, 1621, 2344, 2739, 2366, 1643, 1372, 1867, 2564, 
2531, 1821, 1366, 1681, 2412, 2736, 2298, 1582, 1390, 1939, 
2609, 2656, 2021, 1419, 1529, 2225, 2727, 2226, 1529, 1415, 
2012, 2646, 2610, 1940, 1390, 1578, 2296, 2739, 2419, 1691, 
1368, 1820, 2684, 2564, 1868, 1368, 1631, 2355, 2735, 2348, 
1625, 1383, 1894, 2585, 2683, 2076, 1445, 1490, 2424, 2729, 
2272, 1563, 1396, 1961, 2623, 2645, 2000, 1412, 1541, 2243, 
2729, 2461, 1735, 1362, 2044, 2662, 2601, 1923, 1384, 1591, 
2310, 2736, 2316, 1559, 1475, 2264, 2735, 2416, 1679, 1368, 
2155, 2723, 2467, 1738, 1357, 1757, 2478, 2720, 2215, 1523, 
1420, 2027, 2657, 2611, 1938, 1392, 1828, 2536, 2702, 2140, 
1475, 1454, 2101, 2686, 2561, 1862, 1371, 1646, 2371, 2737, 
2337, 1614, 1496, 2176, 2713, 2510, 1794, 1363, 1711, 2439, 
2732, 2267, 1556, 1399, 1968, 2624, 2636, 1988, 1363, 1778, 
2500, 2720, 2199, 1511, 1429, 2045, 2664, 2592, 1912, 1380, 
1601, 2321, 2739, 2387, 1466, 1468, 2126, 2698, 2551, 1843, 
1367, 1664, 2390, 2735, 2318, 1599, 1383, 1916, 2596, 2664, 
1774, 1359, 1726, 2454, 2727, 2247, 1545, 1409, 1991, 2641, 
2628, 1971, 1401, 1564, 2272, 2732, 2171, 1494, 1436, 2066, 
2672, 2583, 1896, 1382, 1619, 2343, 2743, 2369, 1643, 1373, 
1865, 2562, 2530, 1819, 1362, 1678, 2406, 2735, 2300, 1585, 
1393, 1943, 2615, 2658, 2024, 1422, 1524, 2217, 2722, 2224, 
1528, 1414, 2012, 2648, 2615, 1945, 1395, 1578, 2295, 2739, 
2422, 1691, 1364, 1816, 2680, 2567, 1868, 1368, 1629, 2355, 
2736, 2348, 1628, 1380, 1891, 2583, 2683, 2080, 1445, 1490, 
2423, 2731, 2275, 1566, 1396, 1960, 2623, 2645, 2000, 1411, 
1537, 2240, 2728, 2463, 1740, 1362, 2039, 2662, 2604, 1923, 
1382, 1587, 2305, 2734, 2396, 1670, 1371, 1838, 2546, 2703, 
2137, 1473, 1650, 2379, 2735, 2329, 1608, 1383, 1908, 2592, 
2670, 2055, 1432, 1498, 2179, 2711, 2501, 1785, 1408, 1988, 
2638, 2637, 1984, 1404, 1550, 2255, 2726, 2443, 1715, 1359, 
1785, 2504, 2716, 2188, 1383, 1609, 2329, 2737, 2378, 1652, 
1368, 1855, 2556, 2691, 2110, 1458, 1470, 2128, 2695, 2539, 
1591, 1387, 1927, 2607, 2662, 2037, 1428, 1519, 2207, 2719, 
2486, 1763, 1359, 1734, 2459, 2726, 1959, 1396, 1567, 2280, 
2733, 2427, 1699, 1364, 1806, 2519, 2710, 2166, 1490, 1443, 
2076, 2676, 2357, 1633, 1369, 1873, 2571, 2684, 2094, 1453, 
1488, 2158, 2710, 2530, 1815, 1364, 1684, 2411, 2647, 2009, 
1413, 1529, 2227, 2724, 2472, 1747, 1361, 1756, 2476, 2723, 
2220, 1526, 1422, 2025, 2736, 2408, 1678, 1363, 1820, 2529, 
2700, 2143, 1480, 1459, 2102, 2691, 2569, 1868, 1372, 1641, 
2579, 2671, 2067, 1436, 1494, 2172, 2711, 2512, 1796, 1364, 
1708, 2435, 2733, 2271, 1562, 1401, 2248, 2727, 2454, 1726, 
1360, 1773, 2492, 2717, 2198, 1511, 1428, 2045, 2666, 2598, 
1919, 1385, 1841, 2545, 2695, 2124, 1467, 1467, 2120, 2696, 
2548, 1844, 1366, 1657, 2385, 2737, 2323, 1603, 1512, 2199, 
2720, 2497, 1777, 1359, 1721, 2447, 2725, 2247, 1543, 1404, 
1993, 2639, 2631, 1971, 1366, 1795, 2508, 2712, 2177, 1499, 
1439, 2067, 2673, 2587, 1897, 1379, 1614, 2337, 2737, 2371, 
1455, 1476, 2143, 2703, 2539, 1830, 1368, 1678, 2408, 2737, 
2304, 1584, 1388, 1934, 2604, 2655, 1753, 1359, 1742, 2467, 
2729, 2235, 1536, 1418, 2012, 2649, 2617, 1950, 1392, 1571, 
2287, 2734, 2156, 1487, 1447, 2088, 2684, 2575, 1880, 1376, 
1632, 2356, 2736, 2350, 1625, 1373, 1881, 2573, 2520, 1806, 
1363, 1697, 2425, 2735, 2286, 1574, 1400, 1960, 2625, 2648, 
2006, 1411, 1535, 2233, 2718, 2207, 1516, 1420, 2031, 2659, 
2606, 1932, 1391, 1591, 2308, 2737, 2401, 1672, 1367, 1830, 
2688, 2558, 1857, 1371, 1650, 2378, 2737, 2334, 1611, 1381, 
1905, 2588, 2671, 2058, 1435, 1502, 2440, 2731, 2263, 1556, 
1402, 1977, 2631, 2633, 1983, 1403, 1550, 2256, 2731, 2447, 
1721, 1362, 2054, 2670, 2592, 1910, 1382, 1605, 2327, 2737, 
2383, 1654, 1368, 1850, 2553, 2691, 2113, 1463, 1667, 2396, 
2739, 2316, 1598, 1387, 1925, 2599, 2659, 2034, 1422, 1508, 
2200, 2719, 1381, 1600, 2545, 2684, 2110, 1457, 1467, 2125, 
2695, 2544, 1838, 1368, 1667, 2393, 2736, 2313, 1595, 1384, 
2200, 2716, 2486, 1764, 1358, 1728, 2452, 2722, 2239, 1539, 
1410, 2000, 2644, 2625, 1967, 1400, 1800, 2512, 2707, 2164, 
1489, 1438, 2068, 2672, 2576, 1888, 1377, 1623, 2347, 2740, 
2365, 1640, 1481, 2148, 2700, 2527, 1815, 1362, 1682, 2409, 
2733, 2294, 1579, 1390, 1944, 2612, 2651, 2018, 1359, 1750, 
2472, 2721, 2220, 1525, 1417, 2016, 2652, 2611, 1942, 1392, 
1582, 2294, 2734, 2412, 1481, 1452, 2096, 2685, 2567, 1871, 
1375, 1639, 2364, 2739, 2340, 1618, 1374, 1888, 2576, 2673, 
1798, 1366, 1706, 2433, 2735, 2275, 1563, 1395, 1961, 2620, 
2640, 1996, 1409, 1544, 2247, 2730, 2203, 1515, 1426, 2038, 
2660, 2597, 1920, 1385, 1596, 2316, 2737, 2395, 1665, 1369, 
1835, 2539, 2547, 1844, 1366, 1654, 2385, 2742, 2330, 1609, 
1387, 1915, 2594, 2667, 2049, 1430, 1503, 2187, 2727, 2252, 
1548, 1407, 1987, 2636, 2631, 1977, 1404, 1559, 2265, 2731, 
2440, 1713, 1362, 1788, 2670, 2584, 1897, 1375, 1608, 2332, 
2736, 2375, 1652, 1376, 1867, 2566, 2691, 2108, 1457, 1472, 
2398, 2732, 2300, 1585, 1387, 1931, 2606, 2660, 2032, 1424, 
1520, 2212, 2721, 2483, 1760, 1360, 2008, 2647, 2619, 1952, 
1391, 1567, 2279, 2732, 2423, 1696, 1368, 1816, 2529, 2713, 
2163, 1487, 1624, 2347, 2731, 2348, 1625, 1371, 1878, 2576, 
2686, 2089, 1451, 1489, 2159, 2707, 2523, 1808, 1395, 1956, 
2619, 2652, 2011, 1415, 1532, 2227, 2719, 2460, 1737, 1358, 
1759, 2484, 2727, 2219, 1392, 1588, 2301, 2734, 2399, 1670, 
1362, 1826, 2536, 2703, 2141, 1481, 1459, 2104, 2690, 2559, 
1613, 1377, 1898, 2587, 2673, 2065, 1438, 1501, 2180, 2712, 
2507, 1790, 1360, 1709, 2435, 2732, 1990, 1408, 1548, 2254, 
2731, 2449, 1724, 1361, 1779, 2496, 2716, 2195, 1508, 1432, 
2052, 2668, 2386, 1657, 1368, 1846, 2550, 2693, 2117, 1464, 
1468, 2128, 2699, 2547, 1841, 1364, 1661, 2388, 2660, 2040, 
1427, 1512, 2201, 2723, 2496, 1775, 1363, 1730, 2455, 2727, 
2244, 1543, 1407, 1993, 2731, 2430, 1703, 1363, 1796, 2511, 
2710, 2170, 1496, 1442, 2074, 2680, 2588, 1895, 1379, 1617, 
2561, 2680, 2091, 1448, 1476, 2147, 2705, 2536, 1826, 1370, 
1684, 2412, 2736, 2298, 1580, 1388, 2223, 2721, 2476, 1749, 
1359, 1751, 2473, 2726, 2227, 1530, 1418, 2016, 2653, 2616, 
1945, 1393, 1816, 2527, 2702, 2149, 1480, 1449, 2091, 2686, 
2569, 1875, 1377, 1638, 2364, 2740, 2349, 1623, 1488, 2164, 
2707, 2514, 1800, 1363, 1695, 2427, 2734, 2279, 1567, 1399, 
1963, 2624, 2646, 2003, 1362, 1769, 2489, 2719, 2205, 1515, 
1424, 2038, 2662, 2601, 1926, 1385, 1594, 2312, 2736, 2396, 
1471, 1462, 2112, 2691, 2553, 1852, 1370, 1654, 2382, 2736, 
2329, 1609, 1382, 1906, 2592, 2671, 1784, 1363, 1719, 2446, 
2734, 2257, 1552, 1404, 1983, 2632, 2631, 1978, 1401, 1554, 
2262, 2729, 2183, 1504, 1436, 2060, 2671, 2590, 1904, 1382, 
1612, 2334, 2741, 2383, 1652, 1372, 1856, 2555, 2539, 1830, 
1363, 1670, 2397, 2737, 2311, 1594, 1390, 1932, 2607, 2662, 
2033, 1423, 1514, 2206, 2721, 2234, 1536, 1411, 2005, 2646, 
2623, 1960, 1399, 1571, 2283, 2735, 2427, 1699, 1363, 1806, 
2677, 2574, 1883, 1373, 1625, 2350, 2739, 2361, 1636, 1378, 
1880, 2574, 2684, 2089, 1447, 1481, 2412, 2728, 2285, 1572, 
1392, 1952, 2620, 2652, 2018, 1421, 1536, 2232, 2726, 2470, 
1743, 1358, 2020, 2654, 2608, 1935, 1389, 1585, 2301, 2735, 
2407, 1679, 1366, 1826, 2534, 2683, 2057, 1411, 1917, 2607, 
2643, 1991, 1401, 1575, 2300, 2739, 2351, 1629, 1377, 1888, 
2579, 2680, 2079, 1443, 1695, 2424, 2728, 2278, 1568, 1397, 
1959, 2620, 2643, 2001, 1409, 1539, 2239, 2727, 2463, 1736, 
1427, 2038, 2662, 2606, 1929, 1388, 1593, 2311, 2734, 2395, 
1667, 1366, 1832, 2540, 2698, 2134, 1372, 1653, 2380, 2738, 
2331, 1607, 1382, 1907, 2588, 2669, 2055, 1432, 1502, 2187, 
2716, 2505, 1557, 1408, 1984, 2636, 2635, 1980, 1403, 1549, 
2256, 2726, 2441, 1716, 1360, 1785, 2505, 2718, 1908, 1380, 
1605, 2328, 2735, 2378, 1654, 1372, 1857, 2559, 2694, 2113, 
1460, 1468, 2127, 2694, 2308, 1589, 1388, 1931, 2607, 2665, 
2038, 1427, 1516, 2206, 2719, 2483, 1763, 1359, 1736, 2465, 
2627, 1963, 1398, 1566, 2275, 2729, 2423, 1697, 1363, 1807, 
2521, 2713, 2169, 1494, 1444, 2076, 2734, 2356, 1631, 1371, 
1873, 2573, 2688, 2095, 1455, 1488, 2156, 2704, 2528, 1810, 
1360, 1683, 2612, 2651, 2014, 1417, 1532, 2227, 2725, 2473, 
1747, 1360, 1756, 2478, 2726, 2220, 1528, 1419, 2300, 2734, 
2406, 1678, 1363, 1822, 2534, 2705, 2147, 1480, 1456, 2101, 
2686, 2561, 1865, 1371, 1893, 2581, 2676, 2071, 1444, 1495, 
2174, 2715, 2515, 1797, 1362, 1705, 2432, 2731, 2270, 1561, 
1538, 2238, 2724, 2463, 1737, 1359, 1760, 2482, 2719, 2207, 
1516, 1423, 2032, 2659, 2611, 1929, 1369, 1833, 2539, 2700, 
2134, 1472, 1459, 2110, 2691, 2558, 1856, 1368, 1648, 2375, 
2736, 2329, 1436, 1503, 2187, 2716, 2507, 1788, 1361, 1712, 
2439, 2727, 2257, 1553, 1404, 1980, 2636, 2639, 1722, 1364, 
1782, 2499, 2712, 2184, 1501, 1431, 2053, 2670, 2594, 1912, 
1384, 1608, 2328, 2739, 2113, 1461, 1471, 2131, 2700, 2547, 
1838, 1368, 1668, 2396, 2733, 2310, 1593, 1384, 1924, 2603, 
2488, 1768, 1362, 1734, 2458, 2728, 2240, 1539, 1409, 2001, 
2646, 2625, 1966, 1399, 1568, 2278, 2707, 2165, 1489, 1439, 
2073, 2675, 2579, 1888, 1378, 1624, 2351, 2740, 2364, 1638, 
1371, 1870, 2700, 2528, 1816, 1364, 1685, 2414, 2736, 2294, 
1580, 1395, 1947, 2616, 2652, 2016, 1417, 1527, 2472, 2722, 
2219, 1526, 1420, 2022, 2655, 2611, 1942, 1393, 1585, 2303, 
2739, 2409, 1681, 1366, 2096, 2683, 2562, 1865, 1371, 1640, 
2367, 2742, 2345, 1624, 1379, 1894, 2583, 2675, 2070, 1439, 
1702, 2433, 2735, 2276, 1567, 1403, 1968, 2624, 2638, 1992, 
1406, 1540, 2245, 2728, 2459, 1733, 1431, 2044, 2664, 2599, 
1920, 1382, 1596, 2305, 2734, 2393, 1663, 1369, 1842, 2547, 
2697, 2127, 1369, 1657, 2383, 2739, 2324, 1603, 1382, 1912, 
2595, 2667, 2048, 1429, 1505, 2192, 2717, 2499, 1550, 1407, 
1988, 2639, 2632, 1979, 1403, 1559, 2264, 2729, 2435, 1708, 
1359, 1788, 2504, 2713, 1902, 1383, 1616, 2337, 2739, 2373, 
1644, 1368, 1858, 2558, 2687, 2105, 1457, 1479, 2142, 2703, 
2306, 1588, 1387, 1932, 2603, 2655, 2028, 1423, 1522, 2219, 
2723, 2483, 1759, 1359, 1740, 2463, 2616, 1951, 1395, 1574, 
2286, 2736, 2423, 1695, 1364, 1811, 2523, 2705, 2157, 1487, 
1449, 2086, 2741, 2354, 1630, 1374, 1880, 2573, 2677, 2080, 
1446, 1488, 2159, 2708, 2526, 1810, 1365, 1695, 2618, 2647, 
2004, 1411, 1532, 2232, 2726, 2467, 1741, 1363, 1763, 2483, 
2723, 2213, 1520, 1420, 2303, 2734, 2400, 1673, 1366, 1832, 
2540, 2703, 2140, 1476, 1460, 2108, 2691, 2559, 1858, 1371, 
1900, 2585, 2671, 2062, 1435, 1498, 2179, 2716, 2508, 1792, 
1363, 1712, 2438, 2732, 2265, 1559, 1548, 2253, 2729, 2447, 
1720, 1359, 1779, 2499, 2716, 2192, 1507, 1433, 2051, 2670, 
2596, 1911, 1368, 1847, 2550, 1550, 1403, 1983, 2633, 2628, 
1975, 1401, 1555, 2262, 2727, 2436, 1710, 1360, 2058, 2668, 
2584, 1899, 1379, 1614, 2336, 2738, 2378, 1648, 1369, 1857, 
2553, 2686, 2103, 1456, 1672, 2400, 2734, 2304, 1587, 1387, 
1930, 2604, 2657, 2028, 1423, 1518, 2209, 2719, 2480, 1758, 
1412, 2004, 2644, 2616, 1954, 1398, 1573, 2284, 2734, 2422, 
1695, 1360, 1805, 2518, 2703, 2156, 1375, 1628, 2353, 2738, 
2354, 1631, 1374, 1878, 2571, 2680, 2082, 1445, 1485, 2157, 
2707, 2524, 1575, 1395, 1952, 2619, 2648, 2007, 1413, 1534, 
2231, 2725, 2467, 1742, 1355, 1756, 2480, 2720, 1934, 1388, 
1587, 2303, 2735, 2403, 1675, 1365, 1827, 2534, 2697, 2137, 
1473, 1454, 2100, 2687, 2336, 1616, 1380, 1900, 2586, 2672, 
2063, 1436, 1497, 2177, 2713, 2508, 1792, 1364, 1711, 2439, 
2636, 1988, 1407, 1547, 2249, 2727, 2450, 1723, 1361, 1778, 
2496, 2715, 2190, 1505, 1427, 2047, 2737, 2388, 1661, 1373, 
1851, 2553, 2695, 2116, 1463, 1464, 2121, 2692, 2546, 1842, 
1371, 1667, 2601, 2667, 2044, 1430, 1507, 2194, 2712, 2491, 
1772, 1362, 1731, 2457, 2729, 2247, 1543, 1407, 2270, 2729, 
2431, 1705, 1364, 1801, 2516, 2713, 2174, 1495, 1439, 2064, 
2669, 2577, 1889, 1377, 1870, 2570, 2691, 2103, 1455, 1478, 
2140, 2697, 2528, 1818, 1364, 1680, 2411, 2739, 2301, 1585, 
1527, 2220, 2723, 2475, 1749, 1358, 1744, 2470, 2724, 2227, 
1530, 1417, 2016, 2650, 2612, 1944, 1363, 1816, 2528, 2707, 
2155, 1485, 1452, 2093, 2686, 2569, 1870, 1371, 1633, 2359, 
2739, 2352, 1447, 1495, 2170, 2712, 2519, 1800, 1359, 1695, 
2422, 2729, 2275, 1567, 1400, 1965, 2627, 2647, 1733, 1360, 
1764, 2487, 2719, 2206, 1516, 1428, 2040, 2663, 2604, 1926, 
1383, 1591, 2307, 2732, 2130, 1473, 1464, 2118, 2692, 2558, 
1854, 1369, 1649, 2376, 2734, 2328, 1606, 1383, 1911, 2593, 
2505, 1784, 1361, 1715, 2443, 2727, 2257, 1553, 1405, 1984, 
2639, 2634, 1982, 1401, 1553, 2260, 2712, 2183, 1503, 1436, 
2060, 2675, 2593, 1907, 1382, 1609, 2329, 2736, 2375, 1648, 
1369, 1855, 2700, 2544, 1836, 1369, 1672, 2399, 2734, 2308, 
1590, 1387, 1929, 2604, 2660, 2035, 1425, 1515, 2459, 2726, 
2236, 1536, 1412, 2004, 2645, 2623, 1960, 1398, 1571, 2282, 
2732, 2425, 1697, 1363, 2080, 2680, 2577, 1884, 1377, 1627, 
2353, 2736, 2355, 1631, 1372, 1875, 2571, 2682, 2089, 1450, 
1688, 2419, 2733, 2288, 1576, 1394, 1950, 2616, 2651, 2015, 
1417, 1533, 2229, 2725, 2472, 1746, 1421, 2025, 2656, 2611, 
1938, 1392, 1584, 2299, 2732, 2403, 1674, 1363, 1822, 2532, 
2703, 2147, 1377, 1646, 2374, 2740, 2341, 1615, 1376, 1893, 
2581, 2672, 2067, 1440, 1498, 2180, 2719, 2515, 1564, 1400, 
1968, 2625, 2636, 1988, 1405, 1543, 2248, 2729, 2454, 1727, 
1363, 1775, 2496, 2712, 1916, 1382, 1601, 2321, 2739, 2393, 
1662, 1365, 1845, 2548, 2692, 2119, 1463, 1465, 2121, 2697, 
2325, 1605, 1388, 1919, 2596, 2664, 2042, 1424, 1503, 2191, 
2714, 2496, 1778, 1366, 1731, 2456, 2630, 1972, 1398, 1555, 
2267, 2727, 2433, 1709, 1366, 1799, 2515, 2719, 2177, 1498, 
1437, 2063, 2734, 2367, 1641, 1371, 1867, 2567, 2691, 2104, 
1456, 1478, 2140, 2697, 2532, 1822, 1365, 1678, 2612, 2659, 
2027, 1423, 1524, 2217, 2723, 2479, 1755, 1360, 1747, 2471, 
2728, 2230, 1534, 1416, 2287, 2730, 2412, 1687, 1362, 1813, 
2526, 2707, 2155, 1487, 1451, 2091, 2683, 2572, 1877, 1374, 
1888, 2577, 2678, 2079, 1446, 1491, 2164, 2711, 2520, 1806, 
1363, 1695, 2424, 2732, 2280, 1569, 1536, 2236, 2729, 2417, 
1644, 1407, 2111, 2692, 2559, 1839, 1366, 1695, 2468, 2726, 
2232, 1534, 1576, 2291, 2736, 2419, 1691, 1363, 1811, 2521, 
2702, 2151, 1483, 1446, 2088, 2684, 2576, 1881, 1380, 1889, 
2576, 2680, 2079, 1441, 1486, 2160, 2708, 2520, 1807, 1366, 
1699, 2427, 2735, 2283, 1412, 1536, 2235, 2725, 2461, 1737, 
1361, 1763, 2484, 2719, 2208, 1516, 1421, 2030, 2659, 2608, 
1674, 1369, 1835, 2542, 2699, 2132, 1472, 1456, 2105, 2688, 
2556, 1857, 1372, 1652, 2380, 2741, 2062, 1435, 1500, 2182, 
2714, 2502, 1786, 1361, 1713, 2441, 2729, 2260, 1554, 1402, 
1977, 2631, 2444, 1719, 1363, 1784, 2502, 2717, 2189, 1507, 
1436, 2055, 2671, 2591, 1910, 1382, 1607, 2326, 2689, 2109, 
1459, 1471, 2131, 2697, 2545, 1840, 1370, 1670, 2396, 2736, 
2311, 1592, 1383, 1923, 2718, 2488, 1769, 1363, 1739, 2463, 
2732, 2246, 1540, 1410, 1999, 2643, 2620, 1960, 1395, 1563, 
2515, 2707, 2167, 1492, 1445, 2076, 2680, 2582, 1881, 1379, 
1624, 2347, 2739, 2363, 1636, 1373, 2148, 2703, 2528, 1816, 
1363, 1685, 2414, 2738, 2296, 1580, 1395, 1945, 2614, 2651, 
2015, 1411, 1747, 2471, 2723, 2223, 1532, 1423, 2026, 2658, 
2615, 1941, 1390, 1578, 2295, 2732, 2409, 1683, 1456, 2100, 
2688, 2568, 1870, 1372, 1638, 2364, 2735, 2340, 1620, 1379, 
1897, 2587, 2683, 2075, 1364, 1702, 2429, 2732, 2271, 1560, 
1398, 1966, 2627, 2643, 1998, 1411, 1543, 2247, 2731, 2455, 
1515, 1432, 2044, 2666, 2600, 1920, 1383, 1595, 2313, 2735, 
2391, 1663, 1369, 1843, 2548, 2700, 1863, 1369, 1648, 2373, 
2739, 2335, 1609, 1380, 1902, 2588, 2672, 2062, 1437, 1498, 
2183, 2716, 2276, 1567, 1400, 1967, 2625, 2641, 1993, 1404, 
1539, 2240, 2727, 2455, 1731, 1364, 1772, 2492, 2608, 1934, 
1390, 1590, 2307, 2736, 2403, 1674, 1366, 1831, 2540, 2703, 
2137, 1473, 1455, 2104, 2736, 2342, 1619, 1376, 1892, 2584, 
2679, 2073, 1443, 1495, 2169, 2710, 2512, 1796, 1361, 1700, 
2625, 2644, 1999, 1412, 1548, 2247, 2732, 2460, 1731, 1361, 
1768, 2489, 2716, 2199, 1510, 1423, 2312, 2735, 2393, 1667, 
1369, 1843, 2548, 2701, 2130, 1471, 1464, 2118, 2692, 2549, 
1848, 1367, 1912, 2595, 2668, 2052, 1433, 1508, 2192, 2718, 
2499, 1780, 1363, 1721, 2446, 2728, 2249, 1548, 1551, 2262, 
2731, 2439, 1713, 1365, 1793, 2511, 2719, 2185, 1503, 1435, 
2061, 2668, 2584, 1896, 1368, 1860, 2563, 2694, 2112, 1462, 
1479, 2137, 2699, 2536, 1823, 1363, 1672, 2402, 2737, 2307, 
1424, 1520, 2211, 2719, 2480, 1758, 1359, 1736, 2463, 2729, 
2240, 1540, 1418, 2010, 2648, 2617, 1691, 1360, 1805, 2520, 
2707, 2161, 1491, 1449, 2085, 2681, 2575, 1880, 1374, 1624, 
2352, 2736, 2083, 1447, 1488, 2160, 2710, 2527, 1811, 1365, 
1691, 2419, 2735, 2287, 1574, 1395, 1955, 2620, 2467, 1741, 
1360, 1757, 2479, 2719, 2211, 1519, 1420, 2028, 2659, 2611, 
1938, 1390, 1591, 2307, 2701, 2137, 1473, 1455, 2103, 2689, 
2563, 1865, 1374, 1649, 2377, 2741, 2338, 1614, 1377, 1897, 
2707, 2503, 1788, 1362, 1711, 2441, 2734, 2270, 1560, 1404, 
1977, 2628, 2635, 1987, 1405, 1546, 2495, 2716, 2195, 1508, 
1432, 2051, 2668, 2597, 1916, 1385, 1606, 2323, 2739, 2385, 
1655, 1366, 2121, 2694, 2546, 1842, 1370, 1667, 2395, 2739, 
2319, 1599, 1385, 1920, 2598, 2663, 2040, 1425, 1727, 2455, 
2726, 2245, 1544, 1409, 1997, 2640, 2627, 1969, 1401, 1564, 
2273, 2732, 2430, 1700, 1434, 2066, 2674, 2582, 1894, 1380, 
1623, 2347, 2742, 2369, 1641, 1371, 1865, 2563, 2684, 2096, 
1368, 1685, 2414, 2740, 2300, 1584, 1392, 1937, 2608, 1499, 
1441, 2068, 2672, 2576, 1888, 1373, 1864, 2563, 2686, 2098, 
1454, 1481, 2145, 2702, 2531, 1820, 1364, 1679, 2409, 2733, 
2296, 1581, 1520, 2215, 2720, 2471, 1747, 1356, 1747, 2470, 
2726, 2228, 1533, 1419, 2017, 2652, 2615, 1943, 1363, 1814, 
2525, 2703, 2150, 1483, 1452, 2092, 2684, 2569, 1874, 1372, 
1634, 2359, 2731, 2342, 1439, 1489, 2164, 2707, 2515, 1801, 
1364, 1699, 2427, 2734, 2280, 1569, 1398, 1960, 2623, 2644, 
1730, 1359, 1764, 2486, 2716, 2204, 1515, 1426, 2035, 2660, 
2603, 1925, 1385, 1593, 2311, 2735, 2129, 1470, 1460, 2112, 
2691, 2552, 1851, 1370, 1650, 2380, 2739, 2331, 1610, 1385, 
1910, 2593, 2502, 1783, 1356, 1712, 2443, 2727, 2256, 1552, 
1404, 1983, 2635, 2635, 1982, 1403, 1553, 2257, 2712, 2183, 
1504, 1436, 2060, 2671, 2589, 1904, 1379, 1608, 2329, 2734, 
2376, 1651, 1368, 1857, 2700, 2544, 1835, 1368, 1669, 2395, 
2732, 2303, 1590, 1388, 1928, 2606, 2662, 2035, 1425, 1516, 
2459, 2724, 2235, 1536, 1412, 2006, 2648, 2623, 1962, 1400, 
1571, 2281, 2733, 2423, 1695, 1361, 2079, 2679, 2579, 1887, 
1377, 1628, 2350, 2739, 2358, 1632, 1371, 1873, 2571, 2681, 
2089, 1451, 1689, 2419, 2735, 2292, 1576, 1395, 1951, 2618, 
2652, 2014, 1418, 1533, 2228, 2723, 2467, 1740, 1417, 2022, 
2654, 2609, 1938, 1392, 1586, 2303, 2737, 2409, 1679, 1364, 
1823, 2531, 2699, 2142, 1371, 1641, 2372, 2742, 2342, 1616, 
1376, 1896, 2582, 2672, 2065, 1437, 1495, 2175, 2713, 2512, 
1563, 1397, 1970, 2627, 2638, 1991, 1409, 1548, 2252, 2731, 
2456, 1729, 1360, 1772, 2491, 2715, 1925, 1387, 1591, 2313, 
2740, 2403, 1673, 1368, 1835, 2539, 2696, 2129, 1468, 1458, 
2111, 2692, 2334, 1612, 1384, 1908, 2587, 2670, 2054, 1431, 
1499, 2183, 2715, 2503, 1786, 1361, 1716, 2445, 2636, 1983, 
1407, 1555, 2262, 2732, 2444, 1719, 1363, 1783, 2501, 2712, 
2184, 1502, 1432, 2055, 2739, 2383, 1655, 1374, 1857, 2556, 
2691, 2111, 1459, 1471, 2129, 2696, 2543, 1835, 1367, 1669, 
2604, 2664, 2039, 1428, 1517, 2207, 2719, 2485, 1762, 1357, 
1731, 2458, 2727, 2240, 1538, 1411, 2279, 2734, 2427, 1699, 
1365, 1805, 2518, 2712, 2166, 1495, 1444, 2078, 2678, 2576, 
1885, 1375, 1873, 2570, 2684, 2092, 1453, 1486, 2154, 2707, 
2527, 1816, 1364, 1685, 2411, 2732, 2291, 1583, 1532, 2228, 
2726, 2472, 1746, 1359, 1752, 2476, 2723, 2219, 1526, 1421, 
2021, 2656, 2611, 1937, 1363, 1822, 2531, 2703, 2145, 1481, 
1454, 2098, 2691, 2567, 1869, 1372, 1643, 2368, 2738, 2342, 
1439, 1495, 2174, 2711, 2511, 1795, 1363, 1703, 2432, 2732, 
2272, 1563, 1401, 1971, 2623, 2641, 1726, 1360, 1772, 2491, 
2719, 2200, 1513, 1430, 2046, 2668, 2599, 1920, 1385, 1599, 
2319, 2737, 2122, 1468, 1464, 2119, 2694, 2550, 1846, 1368, 
1659, 2388, 2736, 2326, 1604, 1388, 1916, 2595, 2494, 1775, 
1358, 1720, 2447, 2727, 2251, 1547, 1408, 1991, 2638, 2631, 
1975, 1403, 1560, 2267, 2709, 2176, 1498, 1438, 2064, 2674, 
2587, 1900, 1379, 1614, 2335, 2736, 2372, 1644, 1371, 1864, 
2703, 2536, 1828, 1370, 1674, 2406, 2736, 2303, 1584, 1388, 
1935, 2608, 2659, 2028, 1424, 1523, 2467, 2721, 2229, 1531, 
1411, 2008, 2648, 2617, 1952, 1396, 1575, 2288, 2733, 2419, 
1691, 1361, 2083, 2683, 2574, 1881, 1377, 1635, 2360, 2740, 
2354, 1628, 1374, 1880, 2571, 2678, 2079, 1447, 1694, 2423, 
2735, 2284, 1573, 1396, 1957, 2620, 2646, 2003, 1411, 1535, 
2236, 2727, 2466, 1740, 1424, 2032, 2659, 2604, 1929, 1385, 
1587, 2304, 2738, 2332, 1561, 1475, 2288, 2737, 2392, 1651, 
1473, 2145, 2720, 2481, 1759, 1361, 1743, 2468, 2727, 2233, 
1535, 1414, 2008, 2648, 2616, 1951, 1362, 1811, 2524, 2708, 
2159, 1488, 1448, 2089, 2679, 2573, 1878, 1372, 1630, 2355, 
2740, 2355, 1448, 1487, 2161, 2708, 2520, 1806, 1362, 1692, 
2419, 2732, 2284, 1572, 1398, 1956, 2622, 2651, 1738, 1359, 
1761, 2481, 2719, 2211, 1521, 1420, 2032, 2659, 2608, 1932, 
1391, 1589, 2307, 2736, 2136, 1473, 1455, 2104, 2687, 2559, 
1859, 1371, 1647, 2374, 2737, 2335, 1613, 1379, 1904, 2590, 
2505, 1788, 1363, 1712, 2441, 2731, 2264, 1556, 1401, 1976, 
2628, 2635, 1985, 1406, 1551, 2255, 2718, 2201, 1515, 1427, 
2041, 2663, 2599, 1921, 1384, 1596, 2316, 2737, 2393, 1665, 
1367, 1838, 2691, 2551, 1848, 1368, 1657, 2384, 2736, 2327, 
1606, 1384, 1911, 2592, 
END
Manual trigger reset! Waiting for next signal...
reset bools done, waiting for next trigger...
Trigger at idx=8191 raw=2184
Capture ready: pre-trigger + post-trigger window complete.
TRIGGER TYPE IS: RISING
Sample threshold is: 2048

----DEBUG INFO----
Core: 0, Trigger: 8191, Size: 16384
START
0, 2603, 2675, 2127, 1491, 1540, 2200, 2675, 2491, 1829, 
1356, 1557, 2223, 2684, 2482, 1814, 1358, 1577, 2247, 2692, 
2465, 1559, 1362, 1838, 2501, 2684, 2207, 1546, 1371, 1861, 
2516, 2679, 2184, 1529, 1375, 1881, 2534, 2540, 1893, 1382, 
1528, 2179, 2677, 2524, 1867, 1370, 1533, 2203, 2688, 2515, 
1854, 1374, 1563, 2471, 2703, 2263, 1588, 1361, 1811, 2484, 
2698, 2243, 1576, 1371, 1839, 2507, 2701, 2227, 1560, 1492, 
2129, 2665, 2564, 1924, 1394, 1508, 2160, 2681, 2559, 1911, 
1390, 1525, 2175, 2683, 2540, 1635, 1355, 1769, 2453, 2719, 
2303, 1623, 1361, 1789, 2468, 2712, 2280, 1602, 1364, 1811, 
2487, 2604, 1986, 1420, 1480, 2105, 2659, 2591, 1963, 1410, 
1493, 2129, 2673, 2584, 1946, 1404, 1506, 2408, 2723, 2351, 
1664, 1353, 1744, 2429, 2724, 2335, 1649, 1357, 1760, 2447, 
2722, 2314, 1632, 1452, 2053, 2643, 2626, 2019, 1434, 1463, 
2076, 2653, 2616, 2000, 1428, 1478, 2101, 2665, 2607, 1717, 
1356, 1697, 2385, 2731, 2387, 1700, 1358, 1720, 2407, 2732, 
2367, 1679, 1356, 1735, 2419, 2652, 2076, 1463, 1436, 2023, 
2631, 2648, 2059, 1455, 1449, 2045, 2639, 2633, 2033, 1440, 
1456, 2335, 2729, 2435, 1748, 1362, 1675, 2364, 2734, 2417, 
1727, 1356, 1686, 2376, 2731, 2396, 1708, 1416, 1973, 2604, 
2675, 2116, 1486, 1423, 1991, 2610, 2663, 2091, 1472, 1435, 
2017, 2631, 2659, 1798, 1367, 1626, 2310, 2726, 2460, 1775, 
1361, 1644, 2334, 2733, 2447, 1756, 1363, 1662, 2350, 2689, 
2164, 1515, 1403, 1939, 2587, 2691, 2151, 1510, 1416, 1964, 
2598, 2676, 2124, 1489, 1416, 2259, 2719, 2508, 1831, 1376, 
1607, 2284, 2727, 2491, 1806, 1366, 1616, 2300, 2724, 2470, 
1787, 1388, 1889, 2552, 2707, 2203, 1543, 1393, 1909, 2564, 
2699, 2179, 1526, 1400, 1930, 2579, 2692, 1880, 1385, 1560, 
2231, 2715, 2532, 1861, 1380, 1577, 2252, 2720, 2516, 1839, 
1375, 1593, 2271, 2719, 2253, 1580, 1378, 1856, 2531, 2718, 
2235, 1567, 1387, 1880, 2544, 2712, 2212, 1551, 1391, 2177, 
2700, 2566, 1910, 1398, 1540, 2199, 2707, 2555, 1895, 1391, 
1556, 2222, 2713, 2540, 1871, 1368, 1805, 2485, 2725, 2284, 
1604, 1373, 1828, 2507, 2724, 2267, 1590, 1378, 1848, 2520, 
2719, 1968, 1417, 1507, 2149, 2691, 2590, 1944, 1404, 1514, 
2163, 2692, 2574, 1924, 1400, 1536, 2192, 2739, 2342, 1651, 
1364, 1778, 2462, 2729, 2313, 1628, 1365, 1798, 2480, 2732, 
2299, 1617, 1375, 2096, 2670, 2622, 1999, 1427, 1484, 2111, 
2675, 2607, 1978, 1417, 1496, 2135, 2684, 2596, 1956, 1361, 
1729, 2418, 2739, 2369, 1680, 1368, 1750, 2439, 2737, 2347, 
1656, 1361, 1766, 2453, 2735, 2055, 1455, 1460, 2063, 2656, 
2643, 2035, 1443, 1467, 2080, 2659, 2624, 2007, 1431, 1481, 
2102, 2742, 2416, 1725, 1361, 1700, 2390, 2739, 2396, 1704, 
1360, 1720, 2412, 2742, 2380, 1689, 1363, 2007, 2624, 2665, 
2086, 1470, 1439, 2025, 2634, 2653, 2067, 1461, 1452, 2051, 
2648, 2647, 2045, 1364, 1654, 2343, 2736, 2441, 1752, 1361, 
1672, 2363, 2739, 2424, 1736, 1363, 1693, 2384, 2744, 2144, 
1505, 1417, 1971, 2606, 2678, 2119, 1488, 1423, 1993, 2619, 
2672, 2100, 1478, 1436, 2017, 2732, 2488, 1802, 1369, 1629, 
2313, 2734, 2470, 1783, 1366, 1645, 2332, 2736, 2451, 1762, 
1365, 1921, 2575, 2703, 2178, 1527, 1408, 1940, 2587, 2691, 
2150, 1507, 1409, 1960, 2600, 2684, 2134, 1380, 1587, 2263, 
2727, 2512, 1835, 1373, 1601, 2282, 2729, 2496, 1814, 1372, 
1620, 2303, 2732, 2227, 1560, 1387, 1888, 2551, 2709, 2208, 
1549, 1398, 1912, 2569, 2704, 2186, 1529, 1400, 1927, 2708, 
2550, 1886, 1389, 1565, 2233, 2720, 2540, 1866, 1383, 1577, 
2248, 2719, 2520, 1843, 1375, 1836, 2513, 2723, 2259, 1583, 
1379, 1854, 2527, 2719, 2175, 1480, 1464, 2172, 2714, 2531, 
1835, 1379, 1866, 2543, 2692, 2154, 1510, 1413, 1963, 2600, 
2688, 2135, 1499, 1423, 1984, 2612, 2676, 1833, 1373, 1600, 
2279, 2726, 2494, 1811, 1370, 1618, 2302, 2734, 2480, 1795, 
1369, 1636, 2323, 2710, 2207, 1546, 1393, 1908, 2566, 2703, 
2187, 1533, 1404, 1929, 2581, 2697, 2167, 1518, 1409, 2227, 
2715, 2537, 1866, 1383, 1577, 2250, 2723, 2520, 1844, 1375, 
1591, 2269, 2724, 2503, 1825, 1379, 1856, 2528, 2719, 2240, 
1570, 1386, 1876, 2543, 2713, 2219, 1560, 1392, 1897, 2558, 
2707, 1918, 1396, 1538, 2193, 2707, 2557, 1897, 1391, 1555, 
2220, 2715, 2544, 1876, 1384, 1567, 2239, 2728, 2291, 1609, 
1366, 1825, 2503, 2727, 2272, 1595, 1377, 1847, 2520, 2723, 
2249, 1576, 1382, 2142, 2687, 2591, 1950, 1409, 1516, 2166, 
2699, 2583, 1929, 1403, 1532, 2187, 2704, 2566, 1907, 1363, 
1775, 2463, 2736, 2323, 1638, 1369, 1795, 2479, 2732, 2302, 
1619, 1370, 1814, 2496, 2727, 2004, 1430, 1484, 2111, 2675, 
2614, 1984, 1423, 1496, 2133, 2683, 2599, 1966, 1413, 1511, 
2154, 2740, 2372, 1679, 1362, 1745, 2437, 2737, 2352, 1663, 
1363, 1763, 2453, 2736, 2334, 1644, 1366, 2056, 2652, 2640, 
2036, 1445, 1465, 2079, 2663, 2633, 2017, 1437, 1480, 2101, 
2673, 2617, 1991, 1356, 1695, 2387, 2740, 2400, 1711, 1361, 
1717, 2408, 2740, 2382, 1690, 1361, 1737, 2424, 2737, 2092, 
1475, 1439, 2024, 2635, 2657, 2070, 1462, 1448, 2044, 2648, 
2649, 2052, 1454, 1463, 2070, 2738, 2446, 1755, 1362, 1668, 
2358, 2739, 2428, 1737, 1363, 1690, 2382, 2744, 2412, 1721, 
1362, 1971, 2604, 2680, 2123, 1490, 1423, 1989, 2616, 2672, 
2104, 1479, 1434, 2012, 2630, 2665, 2083, 1372, 1628, 2311, 
2734, 2479, 1787, 1366, 1641, 2329, 2735, 2456, 1763, 1364, 
1659, 2349, 2739, 2179, 1527, 1405, 1938, 2587, 2694, 2158, 
1511, 1411, 1958, 2598, 2686, 2136, 1500, 1419, 1980, 2723, 
2515, 1839, 1377, 1602, 2281, 2729, 2498, 1816, 1370, 1614, 
2295, 2732, 2480, 1798, 1367, 1884, 2551, 2712, 2211, 1550, 
1395, 1907, 2568, 2705, 2194, 1536, 1402, 1927, 2578, 2699, 
2168, 1387, 1559, 2225, 2713, 2538, 1868, 1382, 1576, 2248, 
2721, 2524, 1849, 1379, 1593, 2269, 2723, 2263, 1582, 1374, 
1849, 2524, 2721, 2240, 1573, 1385, 1875, 2543, 2716, 2222, 
1556, 1390, 1894, 2700, 2572, 1920, 1399, 1537, 2196, 2708, 
2561, 1900, 1392, 1552, 2215, 2712, 2544, 1883, 1387, 1803, 
2487, 2732, 2296, 1615, 1374, 1823, 2500, 2724, 2272, 1594, 
1376, 1843, 2519, 2721, 2255, 1419, 1503, 2143, 2687, 2595, 
1955, 1410, 1514, 2161, 2695, 2583, 1930, 1404, 1529, 2183, 
2703, 2344, 1656, 1363, 1770, 2457, 2735, 2326, 1639, 1369, 
1792, 2478, 2735, 2307, 1622, 1371, 1811, 2663, 2623, 2005, 
1431, 1483, 2110, 2677, 2616, 1990, 1424, 1497, 2131, 2684, 
2599, 1964, 1411, 1723, 2414, 2739, 2375, 1684, 1364, 1743, 
2433, 2739, 2356, 1665, 1363, 1760, 2449, 2736, 2335, 1458, 
1454, 2054, 2651, 2643, 2044, 1444, 1464, 2076, 2659, 2630, 
2016, 1436, 1476, 2099, 2670, 2419, 1732, 1362, 1695, 2385, 
2741, 2403, 1711, 1360, 1712, 2403, 2740, 2383, 1693, 1361, 
1733, 2623, 2670, 2097, 1478, 1437, 2021, 2633, 2659, 2073, 
1463, 1447, 2041, 2644, 2649, 2052, 1453, 1650, 2339, 2739, 
2451, 1762, 1365, 1668, 2355, 2737, 2429, 1739, 1362, 1686, 
2380, 2744, 2414, 1509, 1416, 1968, 2604, 2683, 2128, 1496, 
1425, 1990, 2616, 2674, 2108, 1482, 1432, 2009, 2627, 2491, 
1808, 1369, 1621, 2305, 2733, 2474, 1790, 1367, 1641, 2332, 
2737, 2460, 1770, 1367, 1659, 2569, 2702, 2179, 1528, 1400, 
1934, 2584, 2696, 2161, 1516, 1412, 1959, 2598, 2688, 2140, 
1503, 1579, 2252, 2723, 2516, 1840, 1377, 1599, 2273, 2726, 
2500, 1819, 1371, 1612, 2296, 2483, 2483, 1785, 2468, 2728, 
2303, 1620, 1369, 1807, 2489, 2727, 2285, 1606, 1373, 1829, 
2505, 2722, 2263, 1422, 1492, 2125, 2682, 2601, 1967, 1415, 
1507, 2150, 2691, 2590, 1945, 1406, 1520, 2169, 2696, 2355, 
1665, 1361, 1758, 2446, 2734, 2335, 1648, 1364, 1776, 2465, 
2732, 2316, 1632, 1368, 1800, 2659, 2631, 2019, 1435, 1474, 
2093, 2667, 2620, 1998, 1427, 1487, 2116, 2676, 2608, 1976, 
1419, 1711, 2400, 2738, 2387, 1694, 1362, 1731, 2421, 2739, 
2367, 1675, 1361, 1747, 2435, 2736, 2344, 1463, 1446, 2039, 
2643, 2648, 2053, 1452, 1457, 2062, 2653, 2638, 2031, 1443, 
1468, 2083, 2664, 2431, 1740, 1361, 1683, 2372, 2739, 2411, 
1722, 1364, 1704, 2393, 2741, 2396, 1703, 1359, 1719, 2614, 
2675, 2108, 1483, 1432, 2007, 2624, 2667, 2087, 1473, 1443, 
2030, 2637, 2655, 2063, 1457, 1638, 2324, 2735, 2457, 1771, 
1364, 1656, 2343, 2735, 2440, 1752, 1363, 1676, 2364, 2739, 
2424, 1516, 1411, 1955, 2595, 2686, 2140, 1502, 1417, 1974, 
2608, 2680, 2119, 1489, 1427, 1997, 2620, 2502, 1820, 1373, 
1614, 2294, 2728, 2485, 1801, 1368, 1629, 2313, 2734, 2468, 
1782, 1364, 1647, 2560, 2705, 2195, 1538, 1399, 1923, 2575, 
2699, 2172, 1522, 1404, 1940, 2588, 2692, 2151, 1508, 1571, 
2243, 2719, 2527, 1854, 1379, 1587, 2262, 2723, 2508, 1831, 
1373, 1603, 2283, 2727, 2492, 1575, 1383, 1868, 2536, 2716, 
2227, 1560, 1389, 1890, 2555, 2708, 2206, 1546, 1395, 1908, 
2567, 2565, 1905, 1393, 1548, 2211, 2711, 2548, 1884, 1386, 
1563, 2232, 2717, 2534, 1863, 1382, 1577, 2496, 2726, 2278, 
1599, 1376, 1836, 2515, 2726, 2262, 1584, 1379, 1855, 2528, 
2717, 2236, 1568, 1511, 2158, 2694, 2585, 1937, 1404, 1525, 
2176, 2699, 2569, 1916, 1395, 1540, 2199, 2708, 2555, 1643, 
1367, 1787, 2471, 2734, 2307, 1624, 1369, 1806, 2488, 2727, 
2289, 1608, 1372, 1827, 2504, 2617, 1991, 1424, 1492, 2129, 
2681, 2605, 1969, 1415, 1504, 2145, 2687, 2590, 1948, 1408, 
1518, 2430, 2739, 2360, 1669, 1364, 1759, 2446, 2736, 2339, 
1651, 1363, 1773, 2463, 2736, 2320, 1635, 1461, 2070, 2657, 
2633, 2023, 1439, 1473, 2093, 2668, 2623, 2001, 1431, 1487, 
2111, 2678, 2611, 1715, 1359, 1708, 2399, 2739, 2387, 1697, 
1362, 1728, 2419, 2739, 2369, 1679, 1363, 1747, 2436, 2662, 
2078, 1467, 1446, 2036, 2641, 2651, 2057, 1456, 1456, 2063, 
2654, 2639, 2035, 1444, 1465, 2352, 2739, 2435, 1744, 1361, 
1681, 2371, 2740, 2417, 1725, 1361, 1699, 2390, 2742, 2399, 
1708, 1421, 1983, 2612, 2676, 2111, 1484, 1430, 2001, 2623, 
2667, 2090, 1474, 1438, 2026, 2634, 2658, 1795, 1369, 1637, 
2323, 2735, 2462, 1773, 1364, 1653, 2342, 2737, 2444, 1754, 
1363, 1671, 2362, 2697, 2165, 1518, 1409, 1952, 2592, 2688, 
2145, 1506, 1416, 1971, 2606, 2683, 2123, 1492, 1425, 2270, 
2727, 2504, 1824, 1373, 1611, 2291, 2732, 2488, 1804, 1368, 
1626, 2313, 2733, 2470, 1784, 1391, 1895, 2557, 2711, 2199, 
1539, 1398, 1920, 2572, 2700, 2173, 1526, 1406, 1941, 2587, 
2694, 1875, 1383, 1569, 2238, 2719, 2529, 1855, 1379, 1584, 
2260, 2724, 2512, 1835, 1375, 1602, 2280, 2723, 2252, 1577, 
1381, 1867, 2535, 2716, 2228, 1562, 1387, 1887, 2550, 2712, 
2208, 1545, 1395, 2187, 2705, 2566, 1907, 1393, 1545, 2207, 
2711, 2552, 1887, 1387, 1560, 2228, 2718, 2535, 1867, 1371, 
1816, 2496, 2727, 2284, 1603, 1376, 1836, 2513, 2723, 2262, 
1585, 1379, 1855, 2528, 2719, 1961, 1413, 1511, 2155, 2692, 
2587, 1939, 1406, 1523, 2178, 2700, 2569, 1919, 1398, 1538, 
2198, 2736, 2333, 1645, 1366, 1784, 2470, 2734, 2312, 1627, 
1370, 1804, 2487, 2731, 2293, 1610, 1372, 2101, 2671, 2619, 
1994, 1426, 1494, 2124, 2681, 2605, 1974, 1418, 1503, 2143, 
2688, 2582, 1906, 1401, 2035, 2672, 2586, 1919, 1391, 1553, 
2238, 2727, 2496, 1816, 1372, 1617, 2299, 2731, 2480, 1563, 
1386, 1884, 2550, 2710, 2209, 1546, 1395, 1908, 2564, 2705, 
2190, 1532, 1403, 1927, 2579, 2552, 1888, 1387, 1562, 2227, 
2716, 2537, 1868, 1383, 1575, 2248, 2721, 2521, 1847, 1377, 
1591, 2512, 2723, 2262, 1585, 1380, 1853, 2527, 2718, 2240, 
1569, 1382, 1872, 2540, 2713, 2220, 1555, 1523, 2175, 2700, 
2574, 1920, 1398, 1537, 2195, 2705, 2559, 1898, 1391, 1555, 
2218, 2715, 2544, 1629, 1369, 1801, 2486, 2731, 2294, 1612, 
1371, 1823, 2502, 2727, 2272, 1594, 1377, 1843, 2519, 2607, 
1973, 1417, 1502, 2142, 2688, 2595, 1953, 1410, 1514, 2162, 
2696, 2583, 1931, 1403, 1530, 2443, 2736, 2343, 1655, 1367, 
1775, 2460, 2735, 2326, 1639, 1368, 1793, 2478, 2732, 2303, 
1620, 1472, 2088, 2667, 2626, 2005, 1432, 1488, 2111, 2675, 
2611, 1984, 1423, 1496, 2129, 2684, 2600, 1700, 1360, 1724, 
2414, 2739, 2373, 1682, 1361, 1743, 2432, 2738, 2355, 1664, 
1363, 1764, 2452, 2653, 2060, 1456, 1453, 2055, 2650, 2645, 
2040, 1446, 1466, 2076, 2660, 2632, 2016, 1436, 1480, 2369, 
2739, 2421, 1729, 1362, 1696, 2387, 2740, 2401, 1711, 1361, 
1714, 2406, 2741, 2384, 1694, 1427, 1999, 2621, 2672, 2095, 
1475, 1437, 2022, 2635, 2659, 2070, 1462, 1448, 2044, 2644, 
2648, 1779, 1365, 1651, 2337, 2737, 2447, 1759, 1364, 1668, 
2359, 2739, 2430, 1740, 1363, 1687, 2376, 2692, 2150, 1507, 
1416, 1968, 2604, 2682, 2128, 1496, 1423, 1988, 2615, 2675, 
2104, 1481, 1433, 2287, 2729, 2489, 1807, 1369, 1624, 2307, 
2732, 2474, 1789, 1368, 1639, 2327, 2739, 2460, 1770, 1396, 
1915, 2570, 2702, 2182, 1528, 1404, 1932, 2584, 2695, 2160, 
1513, 1411, 1956, 2596, 2687, 1859, 1380, 1582, 2255, 2723, 
2516, 1840, 1376, 1597, 2275, 2726, 2499, 1819, 1373, 1615, 
2299, 2718, 2233, 1565, 1388, 1883, 2547, 2710, 2212, 1548, 
1393, 1903, 2563, 2704, 2191, 1536, 1400, 2204, 2710, 2555, 
1891, 1388, 1559, 2225, 2715, 2537, 1871, 1383, 1571, 2247, 
2720, 2524, 1849, 1375, 1831, 2505, 2724, 2266, 1588, 1377, 
1851, 2524, 2719, 2244, 1573, 1383, 1871, 2539, 2715, 1943, 
1407, 1521, 2172, 2695, 2575, 1923, 1400, 1535, 2193, 2706, 
2560, 1902, 1394, 1550, 2215, 2734, 2316, 1631, 1368, 1801, 
2484, 2731, 2296, 1614, 1372, 1820, 2500, 2727, 2275, 1596, 
1381, 2119, 2676, 2606, 1976, 1420, 1502, 2140, 2687, 2596, 
1955, 1412, 1513, 2160, 2695, 2582, 1935, 1363, 1752, 2440, 
2737, 2345, 1656, 1364, 1771, 2457, 2735, 2327, 1640, 1368, 
1789, 2475, 2735, 2032, 1442, 1470, 2084, 2665, 2628, 2009, 
1433, 1483, 2106, 2675, 2617, 1989, 1423, 1494, 2128, 2741, 
2396, 1704, 1360, 1723, 2412, 2742, 2377, 1687, 1360, 1740, 
2431, 2741, 2356, 1667, 1363, 2030, 2639, 2654, 2064, 1459, 
1454, 2052, 2649, 2646, 2044, 1449, 1464, 2076, 2660, 2635, 
2022, 1363, 1676, 2364, 2739, 2422, 1732, 1360, 1695, 2387, 
2742, 2406, 1715, 1362, 1711, 2403, 2739, 2119, 1488, 1427, 
1999, 2622, 2668, 2096, 1478, 1436, 2019, 2631, 2662, 2077, 
1467, 1448, 2043, 2736, 2470, 1782, 1361, 1645, 2332, 2739, 
2449, 1761, 1364, 1666, 2355, 2740, 2432, 1744, 1363, 1945, 
2591, 2692, 2151, 1510, 1415, 1964, 2601, 2683, 2129, 1496, 
1423, 1987, 2616, 2675, 2110, 1375, 1606, 2288, 2729, 2495, 
1811, 1372, 1623, 2303, 2732, 2476, 1790, 1367, 1638, 2323, 
2736, 2208, 1548, 1397, 1913, 2571, 2703, 2183, 1529, 1402, 
1932, 2583, 2695, 2163, 1518, 1414, 1958, 2716, 2535, 1863, 
1380, 1578, 2253, 2720, 2518, 1843, 1377, 1598, 2275, 2729, 
2503, 1823, 1372, 1858, 2529, 2717, 2235, 1567, 1386, 1880, 
2546, 2713, 2218, 1554, 1394, 1904, 2563, 2708, 2196, 1396, 
1539, 2200, 2707, 2554, 1518, 2169, 2699, 2575, 1924, 1400, 
1532, 2187, 2703, 2559, 1903, 1364, 1776, 2464, 2736, 2317, 
1632, 1369, 1799, 2480, 2727, 2295, 1615, 1370, 1816, 2495, 
2723, 1998, 1427, 1486, 2112, 2675, 2608, 1977, 1420, 1498, 
2136, 2686, 2598, 1958, 1412, 1511, 2158, 2736, 2366, 1676, 
1361, 1747, 2436, 2736, 2347, 1657, 1363, 1766, 2454, 2735, 
2328, 1648, 1369, 2059, 2653, 2638, 2032, 1443, 1467, 2080, 
2660, 2627, 2012, 1434, 1481, 2103, 2670, 2617, 1990, 1362, 
1702, 2391, 2740, 2397, 1706, 1360, 1719, 2408, 2736, 2376, 
1686, 1360, 1739, 2425, 2737, 2088, 1472, 1442, 2029, 2638, 
2656, 2067, 1461, 1450, 2047, 2643, 2643, 2045, 1448, 1461, 
2071, 2738, 2444, 1754, 1366, 1675, 2363, 2740, 2425, 1734, 
1361, 1690, 2380, 2738, 2403, 1714, 1360, 1972, 2606, 2680, 
2120, 1491, 1428, 1996, 2616, 2672, 2100, 1479, 1436, 2016, 
2630, 2660, 2076, 1369, 1628, 2312, 2734, 2471, 1784, 1368, 
1647, 2332, 2736, 2452, 1764, 1364, 1663, 2351, 2736, 2174, 
1523, 1406, 1943, 2587, 2691, 2153, 1518, 1415, 1964, 2601, 
2687, 2132, 1499, 1422, 1984, 2724, 2511, 1833, 1374, 1600, 
2279, 2728, 2495, 1812, 1369, 1618, 2302, 2732, 2479, 1794, 
1367, 1888, 2554, 2714, 2209, 1546, 1396, 1908, 2564, 2702, 
2187, 1530, 1402, 1931, 2582, 2699, 2168, 1388, 1560, 2230, 
2718, 2536, 1864, 1380, 1575, 2249, 2719, 2520, 1845, 1376, 
1596, 2271, 2727, 2260, 1585, 1381, 1857, 2528, 2719, 2240, 
1570, 1386, 1876, 2544, 2713, 2223, 1552, 1390, 1899, 2700, 
2572, 1918, 1399, 1539, 2198, 2708, 2559, 1897, 1388, 1553, 
2219, 2717, 2543, 1875, 1383, 1804, 2487, 2729, 2291, 1612, 
1374, 1827, 2504, 2727, 2272, 1594, 1378, 1848, 2520, 2723, 
2251, 1419, 1505, 2144, 2687, 2591, 1948, 1407, 1516, 2167, 
2695, 2580, 1930, 1404, 1535, 2188, 2706, 2342, 1653, 1364, 
1774, 2460, 2734, 2320, 1636, 1367, 1795, 2482, 2734, 2303, 
1621, 1375, 1819, 2668, 2625, 2003, 1428, 1484, 2108, 2675, 
2611, 1983, 1422, 1498, 2134, 2687, 2601, 1964, 1415, 1728, 
2417, 2739, 2371, 1680, 1360, 1744, 2436, 2739, 2352, 1663, 
1365, 1766, 2454, 2737, 2334, 1459, 1457, 2056, 2648, 2639, 
2038, 1443, 1467, 2079, 2663, 2631, 2016, 1436, 1479, 2100, 
2672, 2418, 1726, 1360, 1696, 2387, 2739, 2401, 1709, 1361, 
1718, 2408, 2742, 2383, 1690, 1363, 1735, 2620, 2668, 2090, 
1472, 1439, 2023, 2635, 2659, 2072, 1465, 1452, 2047, 2648, 
2649, 2049, 1452, 1652, 2337, 2734, 2443, 1753, 1361, 1670, 
2360, 2740, 2430, 1741, 1365, 1692, 2380, 2743, 2411, 1506, 
1416, 1968, 2601, 2678, 2124, 1493, 1424, 1993, 2620, 2675, 
2104, 1482, 1433, 2014, 2628, 2487, 1806, 1369, 1627, 2310, 
2734, 2473, 1787, 1368, 1645, 2329, 2735, 2455, 1764, 1365, 
1662, 2573, 2703, 2181, 1529, 1407, 1939, 2585, 2692, 2156, 
1511, 1409, 1956, 2596, 2686, 2135, 1502, 1585, 2260, 2725, 
2515, 1840, 1377, 1603, 2278, 2728, 2499, 1817, 1371, 1617, 
2299, 2731, 2481, 1562, 1387, 1884, 2550, 2712, 2211, 1549, 
1392, 1907, 2566, 2707, 2191, 1536, 1401, 1926, 2577, 2552, 
1889, 1389, 1561, 2227, 2716, 2541, 1870, 1383, 1576, 2249, 
2721, 2522, 1846, 1376, 1589, 2508, 2723, 2262, 1587, 1379, 
1851, 2527, 2724, 2246, 1575, 1386, 1876, 2542, 2715, 2222, 
1556, 1522, 2174, 2700, 2575, 1920, 1396, 1536, 2195, 2707, 
2559, 1898, 1390, 1551, 2216, 2713, 2547, 1631, 1371, 1804, 
2486, 2732, 2293, 1613, 1371, 1823, 2502, 2727, 2275, 1597, 
1379, 1843, 2520, 2608, 1974, 1420, 1502, 2142, 2689, 2596, 
1955, 1411, 1515, 2163, 2695, 2580, 1931, 1402, 1529, 2443, 
2739, 2347, 1658, 1364, 1773, 2460, 2736, 2324, 1639, 1367, 
1792, 2472, 2730, 2303, 1619, 1471, 2087, 2668, 2610, 1933, 
1388, 1697, 2479, 2731, 2275, 1587, 1383, 1885, 2555, 2691, 
2147, 1382, 1574, 2248, 2720, 2524, 1849, 1377, 1592, 2271, 
2727, 2507, 1829, 1375, 1608, 2288, 2731, 2243, 1574, 1384, 
1872, 2540, 2713, 2222, 1556, 1388, 1894, 2555, 2709, 2200, 
1541, 1398, 1918, 2707, 2560, 1900, 1392, 1550, 2215, 2713, 
2548, 1883, 1387, 1568, 2238, 2719, 2532, 1859, 1379, 1819, 
2499, 2726, 2273, 1597, 1377, 1843, 2516, 2722, 2254, 1583, 
1381, 1861, 2531, 2716, 2233, 1408, 1514, 2163, 2696, 2584, 
1935, 1404, 1531, 2180, 2702, 2566, 1909, 1394, 1543, 2204, 
2712, 2329, 1642, 1372, 1794, 2477, 2734, 2304, 1622, 1370, 
1809, 2491, 2729, 2285, 1604, 1376, 1832, 2675, 2611, 1986, 
1423, 1496, 2130, 2684, 2604, 1967, 1415, 1507, 2149, 2691, 
2586, 1943, 1408, 1741, 2432, 2739, 2355, 1664, 1363, 1761, 
2448, 2736, 2336, 1645, 1367, 1783, 2470, 2736, 2316, 1446, 
1464, 2072, 2659, 2632, 2019, 1438, 1476, 2097, 2670, 2620, 
1997, 1427, 1487, 2118, 2678, 2403, 1712, 1363, 1715, 2406, 
2742, 2384, 1694, 1361, 1732, 2424, 2739, 2365, 1676, 1364, 
1754, 2636, 2662, 2076, 1467, 1448, 2041, 2643, 2648, 2051, 
1450, 1458, 2064, 2657, 2639, 2032, 1443, 1664, 2356, 2739, 
2430, 1738, 1361, 1683, 2375, 2737, 2413, 1723, 1362, 1700, 
2395, 2741, 2395, 1495, 1422, 1990, 2616, 2677, 2110, 1484, 
1434, 2010, 2627, 2665, 2084, 1471, 1440, 2029, 2638, 2475, 
1790, 1366, 1640, 2326, 2736, 2460, 1774, 1364, 1656, 2347, 
2739, 2443, 1752, 1363, 1676, 2583, 2695, 2160, 1514, 1410, 
1954, 2595, 2687, 2140, 1504, 1421, 1980, 2609, 2681, 2119, 
1488, 1597, 2273, 2729, 2501, 1820, 1374, 1616, 2296, 2732, 
2486, 1799, 1369, 1629, 2315, 2734, 2467, 1551, 1392, 1903, 
2563, 2707, 2197, 1539, 1401, 1921, 2574, 2700, 2174, 1523, 
1410, 1945, 2593, 2540, 1872, 1384, 1571, 2243, 2719, 2527, 
1852, 1380, 1589, 2267, 2726, 2511, 1832, 1375, 1605, 2521, 
2718, 2244, 1575, 1383, 1871, 2540, 2717, 2228, 1566, 1392, 
1892, 2552, 2708, 2204, 1540, 1532, 2190, 2705, 2564, 1906, 
1396, 1552, 2215, 2713, 2549, 1884, 1387, 1564, 2233, 2719, 
2534, 1615, 1372, 1819, 2499, 2728, 2278, 1601, 1376, 1838, 
2512, 2723, 2256, 1584, 1382, 1860, 2531, 2598, 1955, 1411, 
1511, 2158, 2693, 2582, 1934, 1404, 1528, 2182, 2703, 2572, 
1918, 1396, 1542, 2455, 2735, 2327, 1643, 1366, 1789, 2471, 
2731, 2309, 1624, 1370, 1809, 2489, 2728, 2288, 1607, 1479, 
2104, 2672, 2616, 1990, 1424, 1494, 2127, 2682, 2606, 1971, 
1416, 1507, 2148, 2694, 2591, 1687, 1363, 1740, 2428, 2739, 
2359, 1669, 1364, 1761, 2448, 2736, 2338, 1651, 1365, 1777, 
2463, 2646, 2044, 1449, 1463, 2073, 2659, 2636, 2023, 1439, 
1473, 2092, 2667, 2622, 1999, 1432, 1487, 2384, 2743, 2407, 
1715, 1361, 1710, 2401, 2742, 2388, 1699, 1363, 1731, 2420, 
2740, 2371, 1679, 1436, 2019, 2631, 2660, 2076, 1465, 1445, 
2038, 2643, 2654, 2057, 1456, 1459, 2060, 2656, 2640, 1763, 
1365, 1663, 2352, 2737, 2434, 1743, 1363, 1683, 2374, 2742, 
2418, 1721, 1361, 1703, 2393, 2686, 2133, 1499, 1424, 1985, 
2613, 2675, 2110, 1484, 1430, 2005, 2623, 2668, 2092, 1475, 
1443, 2306, 2735, 2480, 1794, 1370, 1636, 2321, 2732, 2460, 
1772, 1364, 1655, 2344, 2739, 2446, 1756, 1405, 1932, 2582, 
2695, 2164, 1516, 1408, 1951, 2593, 2691, 2141, 1504, 1416, 
1973, 2607, 2679, 1845, 1379, 1598, 2275, 2729, 2505, 1824, 
1373, 1611, 2291, 2728, 2485, 1801, 1368, 1628, 2313, 2716, 
2220, 1559, 1395, 1901, 2561, 2707, 2195, 1538, 1398, 1920, 
2572, 2701, 2176, 1525, 1407, 2220, 2716, 2543, 1875, 1384, 
1569, 2241, 2720, 2529, 1855, 1380, 1587, 2262, 2725, 2511, 
1830, 1375, 1847, 2518, 2722, 2250, 1579, 1385, 1870, 2536, 
2716, 1372, 1826, 2503, 2723, 2268, 1592, 1490, 2119, 2678, 
2604, 1969, 1418, 1505, 2145, 2687, 2590, 1949, 1407, 1516, 
2164, 2692, 2575, 1668, 1361, 1754, 2443, 2736, 2339, 1652, 
1367, 1777, 2462, 2735, 2323, 1635, 1367, 1795, 2479, 2632, 
2023, 1442, 1473, 2091, 2665, 2624, 2003, 1429, 1487, 2112, 
2676, 2611, 1981, 1420, 1497, 2398, 2739, 2389, 1698, 1360, 
1727, 2416, 2736, 2369, 1680, 1363, 1745, 2437, 2736, 2352, 
1659, 1445, 2035, 2639, 2651, 2056, 1455, 1453, 2056, 2650, 
2638, 2035, 1444, 1468, 2080, 2661, 2630, 1747, 1363, 1680, 
2370, 2738, 2415, 1723, 1359, 1695, 2385, 2739, 2399, 1710, 
1366, 1720, 2412, 2678, 2115, 1487, 1431, 2003, 2622, 2668, 
2091, 1473, 1440, 2026, 2638, 2659, 2070, 1461, 1450, 2321, 
2734, 2463, 1775, 1364, 1653, 2342, 2740, 2447, 1757, 1365, 
1672, 2360, 2737, 2425, 1738, 1410, 1952, 2595, 2692, 2147, 
1508, 1418, 1971, 2604, 2680, 2119, 1488, 1424, 1990, 2616, 
2672, 1827, 1376, 1611, 2291, 2729, 2484, 1801, 1364, 1624, 
2308, 2734, 2472, 1788, 1369, 1646, 2334, 2707, 2198, 1538, 
1395, 1915, 2569, 2700, 2178, 1528, 1408, 1941, 2588, 2695, 
2156, 1511, 1410, 2238, 2717, 2529, 1859, 1383, 1584, 2260, 
2723, 2512, 1836, 1374, 1599, 2279, 2726, 2495, 1816, 1383, 
1866, 2536, 2717, 2230, 1563, 1386, 1884, 2547, 2708, 2209, 
1550, 1396, 1909, 2566, 2706, 1911, 1395, 1540, 2204, 2710, 
2550, 1889, 1388, 1562, 2228, 2717, 2538, 1868, 1383, 1576, 
2248, 2728, 2283, 1603, 1375, 1836, 2511, 2724, 2263, 1586, 
1380, 1854, 2527, 2719, 2243, 1572, 1385, 2152, 2692, 2585, 
1939, 1403, 1522, 2173, 2699, 2572, 1921, 1400, 1540, 2200, 
2710, 2562, 1901, 1368, 1784, 2467, 2731, 2312, 1628, 1369, 
1804, 2487, 2732, 2296, 1613, 1374, 1825, 2503, 2726, 1992, 
1425, 1489, 2119, 2680, 2606, 1974, 1417, 1504, 2144, 2690, 
2595, 1955, 1411, 1516, 2164, 2739, 2364, 1674, 1363, 1755, 
2441, 2739, 2343, 1651, 1362, 1772, 2457, 2735, 2324, 1638, 
1371, 2069, 2657, 2636, 2028, 1442, 1473, 2087, 2665, 2625, 
2007, 1432, 1485, 2111, 2676, 2616, 1986, 1362, 1705, 2396, 
2739, 2390, 1697, 1360, 1726, 2416, 2736, 2376, 1683, 1364, 
1742, 2433, 2736, 2080, 1468, 1442, 2033, 2640, 2656, 2065, 
1461, 1457, 2058, 2651, 2643, 2039, 1446, 1461, 2073, 2736, 
2437, 1743, 1360, 1681, 2366, 2742, 2423, 1732, 1363, 1699, 
2387, 2740, 2403, 1711, 1360, 1977, 2609, 2676, 2114, 1487, 
1430, 2003, 2624, 2672, 2097, 1479, 1440, 2020, 2631, 2656, 
2071, 1370, 1632, 2318, 2736, 2467, 1780, 1368, 1652, 2339, 
2736, 2448, 1759, 1364, 1671, 2359, 2740, 2171, 1520, 1408, 
1945, 2588, 2689, 2145, 1507, 1417, 1971, 2608, 2686, 2131, 
1502, 1426, 1992, 2720, 2507, 1824, 1371, 1603, 2286, 2731, 
2492, 1811, 1372, 1625, 2310, 2734, 2473, 1786, 1366, 1891, 
2554, 2711, 2204, 1544, 1401, 1920, 2571, 2703, 2180, 1526, 
1400, 1931, 2580, 2692, 2160, 1387, 1569, 2240, 2720, 2534, 
1860, 1379, 1580, 2252, 2719, 2511, 1836, 1374, 1599, 2280, 
2729, 2257, 1583, 1383, 1863, 2532, 2718, 2234, 1567, 1388, 
1881, 2547, 2710, 2211, 1550, 1392, 1903, 2700, 2567, 1912, 
1395, 1544, 2204, 2707, 2555, 1893, 1390, 1560, 2225, 2716, 
2538, 1870, 1383, 1812, 2492, 2729, 2286, 1607, 1376, 1833, 
2515, 2731, 2268, 1588, 1379, 1852, 2524, 2716, 2240, 1413, 
1507, 2151, 2693, 2591, 1948, 1410, 1523, 2172, 2697, 2573, 
1920, 1396, 1533, 2191, 2706, 2339, 1647, 1369, 1786, 2469, 
2734, 2313, 1628, 1366, 1796, 2479, 2727, 2296, 1616, 1374, 
1823, 2671, 2623, 1998, 1430, 1487, 2117, 2675, 2608, 1975, 
1417, 1500, 2140, 2686, 2595, 1955, 1412, 1733, 2419, 2739, 
2367, 1675, 1363, 1752, 2440, 2737, 2275, 1543, 1431, 2118, 
2702, 2530, 1840, 1379, 1860, 2539, 2696, 2161, 1517, 1414, 
1958, 2598, 2689, 2140, 1501, 1417, 1975, 2604, 2675, 1839, 
1377, 1599, 2279, 2732, 2505, 1824, 1375, 1614, 2295, 2729, 
2483, 1798, 1368, 1629, 2316, 2712, 2215, 1552, 1394, 1903, 
2563, 2704, 2191, 1535, 1398, 1921, 2576, 2700, 2175, 1528, 
1409, 2226, 2716, 2540, 1871, 1380, 1569, 2243, 2718, 2524, 
1852, 1380, 1592, 2269, 2728, 2511, 1830, 1376, 1847, 2520, 
2716, 2240, 1571, 1381, 1871, 2543, 2720, 2228, 1564, 1395, 
1894, 2555, 2710, 1924, 1400, 1533, 2191, 2705, 2561, 1904, 
1392, 1549, 2211, 2711, 2548, 1883, 1386, 1566, 2235, 2733, 
2300, 1615, 1372, 1822, 2499, 2727, 2274, 1596, 1375, 1837, 
2515, 2724, 2259, 1585, 1384, 2140, 2688, 2599, 1958, 1410, 
1508, 2157, 2691, 2581, 1932, 1403, 1527, 2181, 2703, 2572, 
1918, 1368, 1771, 2457, 2732, 2324, 1639, 1364, 1785, 2471, 
2732, 2308, 1626, 1372, 1812, 2495, 2732, 2013, 1433, 1479, 
2102, 2670, 2614, 1988, 1424, 1494, 2128, 2682, 2604, 1969, 
1415, 1506, 2146, 2738, 2376, 1686, 1361, 1741, 2428, 2739, 
2358, 1668, 1363, 1759, 2449, 2739, 2342, 1653, 1368, 2053, 
2651, 2645, 2044, 1447, 1464, 2072, 2657, 2632, 2022, 1439, 
1474, 2096, 2671, 2623, 2003, 1361, 1695, 2383, 2743, 2406, 
1716, 1359, 1710, 2400, 2737, 2385, 1696, 1362, 1732, 2423, 
2744, 2104, 1480, 1439, 2018, 2630, 2659, 2072, 1461, 1442, 
2039, 2639, 2652, 2059, 1458, 1459, 2065, 2735, 2451, 1760, 
1366, 1664, 2354, 2737, 2435, 1746, 1364, 1685, 2374, 2739, 
2415, 1723, 1359, 1961, 2599, 2684, 2133, 1497, 1424, 1990, 
2616, 2676, 2111, 1483, 1427, 2000, 2620, 2664, 2086, 1371, 
1620, 2307, 2735, 2480, 1794, 1369, 1638, 2324, 2736, 2460, 
1774, 1365, 1655, 2343, 2736, 2184, 1529, 1400, 1931, 2579, 
2694, 2166, 1517, 1412, 1954, 2598, 2689, 2143, 1503, 1417, 
1972, 2718, 2526, 1853, 1380, 1587, 2265, 2728, 2513, 1836, 
1378, 1606, 2285, 2729, 2495, 1814, 1374, 1855, 2531, 2718, 
2236, 1568, 1387, 1878, 2543, 2715, 2217, 1556, 1392, 1900, 
2559, 2705, 2195, 1394, 1536, 2198, 2706, 2556, 1897, 1392, 
1559, 2224, 2718, 2544, 1874, 1384, 1569, 2239, 2716, 2288, 
1608, 1372, 1827, 2504, 2729, 2272, 1596, 1380, 1849, 2523, 
2721, 2247, 1574, 1380, 1867, 2689, 2592, 1949, 1410, 1518, 
2168, 2697, 2581, 1930, 1403, 1535, 2191, 2703, 2567, 1907, 
1395, 1775, 2460, 2732, 2319, 1634, 1367, 1798, 2480, 2734, 
2303, 1620, 1374, 1819, 2496, 2729, 2279, 1428, 1484, 2110, 
2675, 2611, 1982, 1423, 1503, 2137, 2687, 2601, 1964, 1414, 
1511, 2155, 2690, 2366, 1678, 1361, 1747, 2435, 2739, 2351, 
1663, 1364, 1767, 2456, 2735, 2332, 1644, 1368, 1788, 2654, 
2641, 2036, 1447, 1467, 2079, 2663, 2628, 2015, 1435, 1480, 
2104, 2674, 2619, 1993, 1427, 1699, 2390, 2739, 2398, 1706, 
1358, 1715, 2407, 2739, 2381, 1690, 1364, 1740, 2427, 2740, 
2362, 1475, 1440, 2027, 2638, 2658, 2070, 1464, 1451, 2047, 
2647, 2645, 2046, 1449, 1461, 2068, 2657, 2445, 1756, 1366, 
1673, 2363, 2740, 2427, 1735, 1361, 1688, 2380, 2742, 2408, 
1714, 1362, 1710, 2610, 2684, 2124, 1494, 1426, 1992, 2618, 
2675, 2104, 1480, 1435, 2016, 2631, 2664, 2081, 1469, 1627, 
2311, 2734, 2471, 1786, 1367, 1644, 2332, 2736, 2454, 1764, 
1364, 1660, 2349, 2740, 2438, 1528, 1408, 1941, 2588, 2694, 
2155, 1511, 1411, 1959, 2599, 2684, 2134, 1500, 1424, 1985, 
2615, 2516, 1838, 1376, 1600, 2279, 2727, 2495, 1814, 1372, 
1617, 2300, 2733, 2478, 1796, 1368, 1635, 2551, 2712, 2215, 
1553, 1399, 1910, 2567, 2703, 2187, 1530, 1398, 1925, 2576, 
2695, 2164, 1519, 1563, 2232, 2718, 2540, 1873, 1386, 1579, 
2250, 2720, 2520, 1846, 1376, 1592, 2270, 2505, 2505, 2658, 
2076, 1464, 1440, 2032, 2635, 2649, 2057, 1456, 1452, 2050, 
2649, 2639, 2038, 1445, 1468, 2349, 2734, 2434, 1745, 1359, 
1677, 2364, 2735, 2416, 1727, 1362, 1698, 2387, 2739, 2401, 
1710, 1419, 1979, 2607, 2673, 2110, 1485, 1426, 2001, 2623, 
2668, 2092, 1475, 1439, 2023, 2631, 2655, 1793, 1368, 1633, 
2319, 2734, 2464, 1777, 1366, 1651, 2337, 2735, 2445, 1755, 
1361, 1668, 2356, 2695, 2168, 1522, 1408, 1948, 2589, 2687, 
2145, 1504, 1415, 1969, 2603, 2678, 2124, 1494, 1423, 2269, 
2726, 2504, 1825, 1372, 1606, 2288, 2727, 2489, 1808, 1372, 
1625, 2312, 2735, 2475, 1788, 1390, 1890, 2552, 2703, 2195, 
1537, 1396, 1915, 2572, 2702, 2180, 1529, 1406, 1938, 2584, 
2691, 1877, 1384, 1564, 2238, 2716, 2531, 1858, 1380, 1584, 
2258, 2721, 2513, 1838, 1375, 1598, 2279, 2720, 2255, 1580, 
1383, 1863, 2531, 2713, 2228, 1561, 1387, 1880, 2548, 2710, 
2212, 1550, 1393, 2187, 2703, 2567, 1910, 1395, 1544, 2204, 
2710, 2552, 1888, 1390, 1559, 2231, 2716, 2537, 1868, 1370, 
1815, 2495, 2729, 2285, 1606, 1375, 1833, 2508, 2723, 2262, 
1587, 1377, 1852, 2526, 2720, 1966, 1416, 1511, 2153, 2692, 
2589, 1944, 1407, 1521, 2172, 2696, 2575, 1920, 1396, 1536, 
2193, 2736, 2335, 1647, 1364, 1783, 2466, 2738, 2316, 1635, 
1371, 1804, 2488, 2732, 2295, 1610, 1370, 2096, 2667, 2616, 
1991, 1426, 1488, 2119, 2680, 2612, 1979, 1419, 1503, 2140, 
2687, 2592, 1951, 1359, 1734, 2421, 2740, 2367, 1678, 1365, 
1755, 2443, 2736, 2344, 1652, 1361, 1772, 2459, 2737, 2054, 
1456, 1462, 2063, 2655, 2636, 2025, 1438, 1468, 2084, 2665, 
2627, 2011, 1438, 1485, 2113, 2739, 2411, 1720, 1359, 1701, 
2393, 2739, 2394, 1703, 1363, 1725, 2417, 2740, 2375, 1684, 
1362, 2008, 2628, 2662, 2083, 1471, 1447, 2035, 2642, 2656, 
2065, 1457, 1452, 2052, 2648, 2642, 2039, 1364, 1659, 2348, 
2740, 2442, 1751, 1364, 1677, 2367, 2739, 2422, 1728, 1361, 
1694, 2384, 2739, 2139, 1504, 1421, 1980, 2611, 2680, 2119, 
1488, 1427, 2000, 2623, 2672, 2096, 1476, 1437, 2019, 2731, 
2484, 1799, 1368, 1632, 2318, 2734, 2467, 1779, 1367, 1648, 
2337, 2738, 2451, 1760, 1366, 1925, 2576, 2698, 2171, 1521, 
1407, 1944, 2591, 2691, 2149, 1510, 1416, 1968, 2603, 2683, 
2128, 1379, 1589, 2265, 2727, 2510, 1832, 1376, 1607, 2287, 
2729, 2492, 1808, 1369, 1622, 2307, 2733, 2225, 1559, 1392, 
1895, 2557, 2708, 2204, 1543, 1395, 1910, 2567, 2700, 2183, 
1528, 1402, 1935, 2716, 2551, 1886, 1391, 1570, 2238, 2720, 
2533, 1860, 1378, 1579, 2252, 2719, 2513, 1839, 1376, 1840, 
2518, 2724, 2257, 1585, 1383, 1860, 2531, 2718, 2232, 1565, 
1385, 1880, 2544, 2712, 2215, 1406, 1531, 2183, 2703, 2569, 
1912, 1398, 1541, 2205, 2708, 2554, 1892, 1390, 1558, 2224, 
2713, 2305, 1624, 1368, 1812, 2492, 2732, 2289, 1609, 1375, 
1832, 2508, 2725, 2265, 1587, 1377, 1846, 2681, 2604, 1968, 
1416, 1507, 2150, 2692, 2592, 1947, 1408, 1519, 2171, 2696, 
2573, 1921, 1401, 1761, 2450, 2739, 2342, 1652, 1368, 1781, 
2465, 2733, 2315, 1631, 1364, 1796, 2480, 2731, 2300, 1442, 
1479, 2099, 2672, 2624, 2000, 1429, 1484, 2113, 2675, 2609, 
1980, 1421, 1503, 2141, 2689, 2387, 1697, 1361, 1729, 2420, 
2739, 2367, 1676, 1364, 1752, 2439, 2737, 2351, 1659, 1363, 
1768, 2643, 2647, 2052, 1452, 1458, 2064, 2656, 2643, 2033, 
1445, 1472, 2083, 2665, 2625, 2008, 1431, 1681, 2372, 2740, 
2415, 1725, 1363, 1701, 2398, 2743, 2399, 1708, 1363, 1721, 
2412, 2740, 2379, 1484, 1433, 2008, 2628, 2667, 2087, 1471, 
1441, 2029, 2636, 2656, 2066, 1462, 1456, 2054, 2652, 2463, 
1771, 1364, 1654, 2342, 2735, 2441, 1751, 1363, 1676, 2367, 
2745, 2383, 1637, 1391, 2039, 2737, 2395, 1684, 1359, 1758, 
2463, 2719, 2247, 1576, 1384, 1868, 2540, 2716, 2227, 1562, 
1393, 2169, 2697, 2578, 1926, 1399, 1532, 2190, 2704, 2563, 
1904, 1394, 1551, 2214, 2715, 2550, 1887, 1368, 1796, 2480, 
2730, 2299, 1617, 1372, 1819, 2499, 2729, 2280, 1608, 1379, 
1840, 2518, 2726, 1982, 1420, 1499, 2136, 2685, 2596, 1959, 
1412, 1512, 2158, 2695, 2585, 1939, 1406, 1528, 2179, 2737, 
2348, 1659, 1362, 1766, 2451, 2734, 2331, 1644, 1368, 1792, 
2473, 2735, 2311, 1627, 1370, 2080, 2663, 2627, 2009, 1431, 
1478, 2102, 2672, 2616, 1991, 1427, 1492, 2129, 2686, 2608, 
1972, 1361, 1719, 2407, 2737, 2376, 1683, 1359, 1735, 2428, 
2740, 2363, 1672, 1366, 1760, 2449, 2737, 2064, 1459, 1450, 
2048, 2647, 2644, 2046, 1450, 1464, 2071, 2657, 2634, 2024, 
1438, 1473, 2092, 2742, 2428, 1734, 1363, 1691, 2380, 2740, 
2405, 1713, 1358, 1705, 2399, 2740, 2390, 1697, 1364, 1999, 
2622, 2675, 2102, 1480, 1436, 2016, 2630, 2662, 2076, 1465, 
1445, 2036, 2641, 2652, 2057, 1366, 1644, 2333, 2739, 2454, 
1766, 1365, 1665, 2355, 2740, 2436, 1745, 1362, 1680, 2371, 
2739, 2153, 1509, 1417, 1967, 2603, 2691, 2136, 1503, 1424, 
1986, 2613, 2676, 2110, 1482, 1427, 2003, 2727, 2495, 1816, 
1375, 1624, 2306, 2736, 2481, 1795, 1368, 1635, 2327, 2735, 
2463, 1776, 1367, 1910, 2567, 2704, 2188, 1531, 1402, 1930, 
2579, 2697, 2170, 1522, 1412, 1953, 2596, 2690, 2144, 1380, 
1579, 2248, 2720, 2520, 1846, 1378, 1596, 2275, 2728, 2505, 
1823, 1373, 1607, 2292, 2729, 2239, 1569, 1387, 1880, 2547, 
2718, 2222, 1556, 1392, 1897, 2556, 2703, 2195, 1537, 1399, 
1920, 2705, 2560, 1900, 1393, 1558, 2222, 2712, 2544, 1875, 
1384, 1568, 2238, 2718, 2528, 1855, 1378, 1824, 2503, 2726, 
2270, 1594, 1379, 1847, 2520, 2723, 2252, 1579, 1383, 1864, 
2532, 2713, 2225, 1405, 1513, 2163, 2697, 2582, 1932, 1406, 
1537, 2190, 2707, 2567, 1907, 1395, 1542, 2204, 2705, 2320, 
1635, 1368, 1795, 2481, 2732, 2303, 1619, 1372, 1815, 2495, 
2727, 2281, 1601, 1376, 1836, 2676, 2612, 1983, 1422, 1496, 
2131, 2681, 2598, 1964, 1414, 1511, 2157, 2696, 2590, 1944, 
1408, 1747, 2435, 2737, 2350, 1658, 1361, 1763, 2451, 2736, 
2332, 1646, 1368, 1788, 2471, 2735, 2316, 1447, 1467, 2080, 
2663, 2630, 2017, 1435, 1480, 2100, 2671, 2617, 1995, 1426, 
1488, 2124, 2681, 2401, 1710, 1364, 1719, 2409, 2741, 2382, 
1688, 1361, 1734, 2422, 2736, 2361, 1672, 1364, 1756, 2636, 
2660, 2071, 1463, 1451, 2046, 2647, 2646, 2049, 1451, 1462, 
2067, 2656, 2636, 2027, 1439, 1670, 2360, 2740, 2428, 1738, 
1363, 1690, 2382, 2743, 2412, 1720, 1360, 1704, 2398, 2740, 
2390, 1492, 1425, 1993, 2619, 2675, 2104, 1480, 1436, 2014, 
2631, 2665, 2083, 1469, 1445, 2036, 2641, 2473, 1787, 1366, 
1641, 2328, 2733, 2454, 1766, 1362, 1657, 2351, 2740, 2444, 
1752, 1365, 1681, 2588, 2694, 2152, 1510, 1410, 1955, 2595, 
2684, 2134, 1499, 1421, 1983, 2611, 2679, 2116, 1488, 1602, 
2280, 2728, 2497, 1816, 1371, 1616, 2301, 2731, 2481, 1799, 
1369, 1632, 2320, 2735, 2467, 1548, 1396, 1905, 2567, 2707, 
2190, 1535, 1400, 1923, 2574, 2695, 2166, 1519, 1401, 1948, 
2592, 2540, 1871, 1384, 1576, 2249, 2723, 2520, 1847, 1376, 
1590, 2267, 2723, 2504, 1828, 1374, 1607, 2527, 2719, 2243, 
1573, 1387, 1875, 2544, 2716, 2225, 1558, 1393, 1895, 2558, 
2707, 2199, 1539, 1536, 2193, 2705, 2556, 1901, 1392, 1554, 
2219, 2715, 2547, 1882, 1387, 1571, 2240, 2721, 2532, 1612, 
1373, 1824, 2501, 2726, 2274, 1596, 1378, 1843, 2519, 2723, 
2254, 1581, 1382, 1864, 2534, 2595, 1954, 1409, 1516, 2163, 
2695, 2580, 1931, 1402, 1528, 2181, 2703, 2567, 1911, 1396, 
1541, 2462, 2736, 1417, 1976, 2607, 2675, 2115, 1489, 1427, 
1999, 2621, 2668, 2092, 1473, 1436, 2017, 2729, 2478, 1794, 
1366, 1629, 2316, 2732, 2464, 1777, 1366, 1650, 2337, 2736, 
2449, 1760, 1365, 1924, 2575, 2695, 2167, 1515, 1403, 1942, 
2585, 2686, 2144, 1505, 1415, 1972, 2607, 2684, 2128, 1378, 
1591, 2267, 2723, 2504, 1827, 1372, 1606, 2287, 2727, 2489, 
1807, 1369, 1622, 2305, 2731, 2221, 1556, 1390, 1892, 2555, 
2707, 2201, 1541, 1396, 1917, 2569, 2699, 2181, 1528, 1402, 
1933, 2710, 2545, 1881, 1387, 1567, 2237, 2719, 2532, 1860, 
1380, 1581, 2255, 2720, 2514, 1839, 1373, 1840, 2518, 2722, 
2254, 1580, 1382, 1861, 2532, 2718, 2234, 1563, 1386, 1882, 
2547, 2711, 2213, 1403, 1528, 2180, 2700, 2566, 1911, 1396, 
1542, 2204, 2703, 2552, 1893, 1392, 1558, 2227, 2716, 2309, 
1624, 1369, 1807, 2492, 2726, 2283, 1603, 1373, 1831, 2509, 
2727, 2267, 1590, 1380, 1852, 2683, 2601, 1968, 1414, 1507, 
2150, 2689, 2588, 1945, 1407, 1524, 2171, 2697, 2576, 1921, 
1400, 1763, 2447, 2737, 2336, 1648, 1363, 1779, 2464, 2732, 
2315, 1628, 1367, 1801, 2481, 2732, 2297, 1439, 1479, 2100, 
2672, 2623, 1999, 1430, 1488, 2114, 2675, 2607, 1976, 1417, 
1496, 2140, 2686, 2384, 1692, 1363, 1731, 2422, 2740, 2367, 
1678, 1363, 1757, 2441, 2737, 2346, 1656, 1363, 1768, 2642, 
2648, 2052, 1452, 1458, 2065, 2656, 2639, 2036, 1444, 1473, 
2087, 2664, 2628, 2008, 1431, 1682, 2372, 2737, 2412, 1721, 
1362, 1705, 2397, 2744, 2399, 1705, 1362, 1721, 2412, 2739, 
2375, 1482, 1430, 2009, 2627, 2665, 2088, 1471, 1446, 2034, 
2639, 2657, 2064, 1459, 1453, 2051, 2648, 2459, 1771, 1366, 
1656, 2344, 2736, 2440, 1749, 1360, 1672, 2364, 2740, 2424, 
1736, 1363, 1696, 2598, 2691, 2144, 1505, 1419, 1977, 2600, 
2678, 2118, 1489, 1429, 1998, 2622, 2671, 2097, 1477, 1612, 
2296, 2732, 2483, 1801, 1371, 1631, 2317, 2736, 2469, 1783, 
1367, 1646, 2335, 2736, 2446, 1534, 1397, 1918, 2577, 2700, 
2175, 1525, 1409, 1945, 2590, 2691, 2151, 1507, 1412, 1963, 
2598, 2524, 1853, 1379, 1589, 2267, 2727, 2511, 1833, 1376, 
1603, 2284, 2728, 2494, 1811, 1370, 1622, 2537, 2716, 2227, 
1559, 1388, 1891, 2552, 2707, 2205, 1544, 1396, 1913, 2569, 
2703, 2185, 1531, 1548, 2211, 2707, 2545, 1880, 1384, 1562, 
2233, 2716, 2534, 1864, 1383, 1581, 2255, 2724, 2520, 1599, 
1374, 1838, 2514, 2723, 2255, 1580, 1379, 1859, 2531, 2718, 
2236, 1568, 1388, 1878, 2545, 2583, 1937, 1406, 1530, 2183, 
2704, 2571, 1915, 1398, 1539, 2201, 2707, 2556, 1894, 1391, 
1558, 2475, 2734, 2311, 1627, 1371, 1807, 2489, 2731, 2287, 
1607, 1372, 1827, 2505, 2726, 2270, 1592, 1495, 2128, 2683, 
2606, 1971, 1415, 1508, 2148, 2687, 2591, 1948, 1410, 1520, 
2169, 2697, 2577, 1670, 1363, 1758, 2448, 2737, 2344, 1652, 
1368, 1779, 2466, 2735, 2320, 1632, 1369, 1798, 2480, 2636, 
2023, 1438, 1472, 2094, 2668, 2622, 2001, 1430, 1488, 2115, 
2677, 2611, 1982, 1422, 1500, 2401, 2742, 2388, 1696, 1361, 
1729, 2413, 2734, 2367, 1674, 1361, 1750, 2439, 2739, 2352, 
1661, 1449, 2039, 2643, 2652, 2055, 1452, 1453, 2059, 2651, 
2639, 2033, 1443, 1469, 2084, 2664, 2631, 1745, 1364, 1681, 
2373, 2739, 2416, 1724, 1360, 1696, 2391, 2739, 2396, 1705, 
1360, 1716, 2412, 2678, 2112, 1485, 1433, 2006, 2625, 2668, 
2089, 1474, 1442, 2027, 2636, 2657, 2068, 1459, 1449, 2325, 
2736, 2463, 1774, 1367, 1655, 2340, 2737, 2444, 1754, 1359, 
1672, 2363, 2739, 2425, 1732, 1408, 1951, 2593, 2687, 2142, 
1504, 1418, 1976, 2609, 2681, 2123, 1493, 1424, 1995, 2618, 
2671, 1824, 1371, 1608, 2296, 2731, 2488, 1804, 1373, 1632, 
2314, 2735, 2470, 1784, 1367, 1644, 2332, 2701, 2142, 1452, 
1539, 2322, 2737, 2424, 1717, 1362, 1718, 2419, 2738, 2315, 
1628, 1372, 1808, 2662, 2631, 2012, 1433, 1475, 2100, 2671, 
2616, 1995, 1425, 1496, 2128, 2684, 2608, 1972, 1416, 1716, 
2407, 2743, 2379, 1689, 1363, 1740, 2429, 2741, 2362, 1671, 
1363, 1756, 2444, 2736, 2342, 1459, 1451, 2048, 2648, 2648, 
2048, 1451, 1461, 2070, 2657, 2633, 2023, 1438, 1470, 2092, 
2665, 2426, 1736, 1361, 1689, 2381, 2740, 2408, 1719, 1362, 
1709, 2401, 2742, 2392, 1699, 1363, 1726, 2615, 2671, 2100, 
1478, 1435, 2016, 2631, 2664, 2083, 1469, 1447, 2038, 2641, 
2649, 2054, 1452, 1641, 2328, 2736, 2454, 1767, 1367, 1664, 
2353, 2740, 2436, 1748, 1363, 1679, 2371, 2736, 2417, 1511, 
1411, 1959, 2597, 2683, 2132, 1499, 1421, 1983, 2613, 2676, 
2114, 1487, 1431, 2003, 2623, 2496, 1816, 1371, 1617, 2300, 
2731, 2481, 1795, 1369, 1636, 2322, 2736, 2465, 1777, 1367, 
1651, 2566, 2707, 2188, 1533, 1403, 1929, 2579, 2698, 2167, 
1519, 1409, 1949, 2591, 2689, 2144, 1503, 1576, 2252, 2723, 
2524, 1848, 1380, 1592, 2272, 2727, 2504, 1826, 1371, 1607, 
2288, 2729, 2488, 1570, 1387, 1877, 2544, 2716, 2222, 1556, 
1393, 1896, 2556, 2707, 2199, 1539, 1396, 1916, 2572, 2559, 
1900, 1391, 1552, 2220, 2716, 2547, 1879, 1387, 1570, 2239, 
2719, 2528, 1853, 1378, 1580, 2502, 2727, 2273, 1595, 1378, 
1846, 2521, 2722, 2252, 1580, 1383, 1865, 2534, 2718, 2232, 
1563, 1520, 2166, 2700, 2582, 1928, 1400, 1529, 2185, 2701, 
2567, 1908, 1395, 1547, 2208, 2712, 2553, 1639, 1368, 1795, 
2476, 2731, 2300, 1619, 1371, 1813, 2494, 2728, 2285, 1601, 
1376, 1835, 2511, 2614, 1985, 1423, 1498, 2135, 2686, 2601, 
1962, 1412, 1507, 2151, 2691, 2585, 1939, 1406, 1523, 2435, 
2740, 2355, 1662, 1363, 1764, 2453, 2735, 2332, 1642, 1363, 
1780, 2468, 2732, 2316, 1631, 1470, 2081, 2665, 2633, 2019, 
1435, 1478, 2100, 2671, 2618, 1993, 1425, 1489, 2119, 2679, 
2607, 1712, 1362, 1716, 2409, 2742, 2381, 1691, 1360, 1733, 
2427, 2738, 2363, 1673, 1363, 1754, 2444, 2660, 2072, 1463, 
1450, 2044, 2641, 2648, 2049, 1453, 1459, 2067, 2658, 2638, 
2029, 1441, 1473, 2360, 2740, 2429, 1739, 1359, 1686, 2375, 
2740, 2412, 1716, 1360, 1706, 2399, 2742, 2395, 1702, 1424, 
1992, 2616, 2673, 2104, 1480, 1432, 2009, 2627, 2663, 2081, 
1468, 1443, 2034, 2640, 2653, 1790, 1367, 1641, 2332, 2735, 
2456, 1767, 1363, 1658, 2346, 2737, 2438, 1747, 1364, 1679, 
2368, 2696, 2162, 1515, 1413, 1957, 2596, 2684, 2135, 1500, 
1419, 1980, 2608, 2680, 2118, 1488, 1431, 2278, 2730, 2499, 
1818, 1371, 1614, 2299, 2732, 2486, 1802, 1370, 1630, 2318, 
2735, 2465, 1776, 1391, 1903, 2561, 2705, 2191, 1536, 1403, 
1928, 2579, 2703, 2173, 1520, 1409, 1945, 2588, 2688, 1871, 
1384, 1576, 2249, 2723, 2523, 1849, 1378, 1590, 2268, 2724, 
2508, 1830, 1376, 1608, 2288, 2721, 2243, 1573, 1383, 1871, 
2536, 2713, 2221, 1557, 1392, 1891, 2553, 2712, 2203, 1542, 
1396, 2193, 2707, 2559, 1899, 1391, 1551, 2215, 2711, 2545, 
1881, 1388, 1566, 2238, 2720, 2534, 1862, 1372, 1822, 2500, 
2728, 2275, 1594, 1376, 1841, 2516, 2723, 2255, 1581, 1380, 
1862, 2531, 2719, 1956, 1410, 1515, 2161, 2695, 2583, 1933, 
1404, 1528, 2183, 2703, 2567, 1915, 1398, 1540, 2203, 2734, 
2326, 1640, 1368, 1791, 2476, 2732, 2304, 1623, 1371, 1812, 
2492, 2729, 2287, 1608, 1375, 2108, 2673, 2615, 1987, 1423, 
1495, 2130, 2681, 2601, 1966, 1416, 1507, 2151, 2691, 2587, 
1945, 1361, 1743, 2431, 2736, 2358, 1665, 1363, 1760, 2450, 
2736, 2339, 1651, 1368, 1783, 2467, 2734, 2041, 1445, 1464, 
2073, 2659, 2631, 2020, 1439, 1476, 2098, 2672, 2623, 1999, 
1430, 1489, 2118, 2739, 2404, 1711, 1361, 1713, 2404, 2740, 
1393, 1910, 2567, 2700, 2181, 1529, 1401, 1932, 2579, 2544, 
1878, 1383, 1564, 2232, 2716, 2530, 1862, 1380, 1582, 2255, 
2720, 2515, 1840, 1375, 1595, 2512, 2719, 2254, 1580, 1380, 
1860, 2528, 2716, 2235, 1567, 1386, 1879, 2544, 2714, 2215, 
1550, 1527, 2178, 2700, 2567, 1910, 1395, 1541, 2200, 2706, 
2550, 1891, 1388, 1555, 2224, 2713, 2539, 1622, 1368, 1809, 
2491, 2728, 2286, 1606, 1372, 1827, 2506, 2723, 2263, 1588, 
1377, 1851, 2521, 2603, 1967, 1412, 1505, 2147, 2687, 2587, 
1942, 1404, 1518, 2171, 2699, 2576, 1921, 1399, 1535, 2447, 
2735, 2336, 1649, 1364, 1777, 2464, 2734, 2318, 1631, 1368, 
1804, 2483, 2729, 2297, 1611, 1472, 2092, 2667, 2620, 1998, 
1430, 1488, 2117, 2677, 2609, 1979, 1420, 1496, 2135, 2684, 
2596, 1695, 1362, 1731, 2419, 2736, 2367, 1676, 1360, 1748, 
2438, 2734, 2349, 1659, 1360, 1767, 2454, 2648, 2049, 1452, 
1456, 2060, 2653, 2638, 2031, 1443, 1471, 2083, 2664, 2627, 
2015, 1436, 1481, 2372, 2740, 2412, 1723, 1360, 1702, 2393, 
2742, 2395, 1704, 1359, 1719, 2409, 2739, 2378, 1689, 1434, 
2008, 2625, 2665, 2087, 1470, 1441, 2028, 2635, 2655, 2065, 
1459, 1453, 2052, 2646, 2642, 1772, 1366, 1654, 2342, 2737, 
2442, 1754, 1363, 1676, 2364, 2740, 2424, 1732, 1360, 1691, 
2380, 2684, 2140, 1503, 1419, 1975, 2611, 2682, 2121, 1491, 
1426, 1996, 2622, 2673, 2099, 1476, 1436, 2298, 2731, 2486, 
1802, 1369, 1628, 2316, 2734, 2467, 1782, 1366, 1646, 2335, 
2736, 2452, 1763, 1401, 1923, 2573, 2699, 2175, 1523, 1406, 
1943, 2588, 2693, 2152, 1512, 1415, 1964, 2601, 2684, 1849, 
1376, 1587, 2264, 2724, 2510, 1834, 1375, 1602, 2283, 2728, 
2495, 1812, 1371, 1620, 2304, 2716, 2227, 1559, 1387, 1886, 
2551, 2707, 2204, 1548, 1395, 1912, 2569, 2704, 2190, 1534, 
1403, 2211, 2710, 2553, 1885, 1386, 1563, 2230, 2716, 2534, 
1863, 1380, 1578, 2252, 2721, 2519, 1843, 1377, 1838, 2516, 
2724, 2260, 1583, 1379, 1858, 2528, 2719, 2236, 1568, 1384, 
1877, 2543, 2713, 1937, 1405, 1527, 2180, 2700, 2571, 1916, 
1397, 1539, 2198, 2707, 2556, 1895, 1391, 1555, 2222, 2732, 
2311, 1624, 1369, 1811, 2491, 2729, 2290, 1611, 1374, 1826, 
2505, 2727, 2271, 1592, 1378, 2126, 2681, 2604, 1971, 1416, 
1502, 2142, 2689, 2591, 1948, 1408, 1518, 2168, 2695, 2579, 
1928, 1363, 1756, 2444, 2735, 2339, 1652, 1364, 1776, 2462, 
2736, 2323, 1637, 1370, 1799, 2480, 2732, 2024, 1439, 1473, 
2091, 2667, 2622, 2006, 1430, 1485, 2111, 2676, 2611, 1980, 
1422, 1497, 2135, 2740, 2391, 1696, 1361, 1727, 2416, 2739, 
2366, 1677, 1359, 1747, 2435, 2738, 2351, 1660, 1364, 2038, 
2641, 2652, 2057, 1455, 1454, 2057, 2654, 2640, 2033, 1444, 
1468, 2083, 2664, 2630, 2016, 1363, 1683, 2371, 2739, 2416, 
1727, 1360, 1697, 2393, 2744, 2402, 1711, 1364, 1720, 2409, 
2739, 2112, 1484, 1429, 2003, 2623, 2667, 2091, 1473, 1440, 
2025, 2636, 2659, 2068, 1462, 1450, 2048, 2733, 2463, 1775, 
1364, 1651, 2342, 2736, 2446, 1756, 1364, 1672, 2362, 2739, 
2427, 1738, 1362, 1951, 2593, 2689, 2144, 1504, 1415, 1971, 
2605, 2681, 2123, 1496, 1427, 1994, 2619, 2674, 2103, 1374, 
1610, 2292, 2729, 2488, 1805, 1368, 1627, 2311, 2732, 2472, 
1785, 1367, 1644, 2332, 2741, 2201, 1541, 1398, 1917, 2569, 
2696, 2172, 1523, 1404, 1942, 2588, 2700, 2160, 1515, 1417, 
1964, 2719, 2528, 1855, 1377, 1582, 2260, 2724, 2512, 1838, 
1379, 1604, 2284, 2733, 2497, 1815, 1369, 1864, 2532, 2716, 
2229, 1561, 1390, 1887, 2550, 2713, 2209, 1549, 1394, 1906, 
2564, 2701, 2188, 1393, 1545, 2207, 2710, 2552, 1889, 1389, 
1563, 2228, 2716, 2539, 1867, 1382, 1577, 2252, 2721, 2281, 
1601, 1374, 1833, 2511, 2720, 2167, 1468, 1524, 2303, 2736, 
2448, 1740, 1363, 1696, 2400, 2666, 2092, 1472, 1438, 2023, 
2636, 2659, 2071, 1464, 1451, 2047, 2648, 2649, 2050, 1449, 
1457, 2335, 2735, 2445, 1755, 1362, 1669, 2360, 2739, 2430, 
1740, 1363, 1689, 2380, 2742, 2412, 1721, 1416, 1970, 2600, 
2684, 2124, 1493, 1427, 1993, 2620, 2675, 2104, 1480, 1434, 
2012, 2627, 2659, 1804, 1369, 1625, 2311, 2735, 2474, 1788, 
1367, 1639, 2329, 2734, 2455, 1767, 1366, 1662, 2351, 2705, 
2181, 1530, 1408, 1939, 2585, 2694, 2156, 1513, 1414, 1958, 
2599, 2684, 2136, 1498, 1419, 2262, 2726, 2512, 1838, 1376, 
1601, 2281, 2729, 2499, 1817, 1372, 1616, 2299, 2732, 2480, 
1797, 1387, 1883, 2547, 2711, 2211, 1548, 1394, 1907, 2565, 
2708, 2191, 1534, 1400, 1925, 2575, 2694, 1888, 1387, 1561, 
2228, 2719, 2540, 1871, 1384, 1576, 2248, 2719, 2523, 1848, 
1376, 1591, 2268, 2724, 2264, 1584, 1378, 1854, 2527, 2720, 
2242, 1570, 1383, 1873, 2540, 2712, 2220, 1556, 1391, 2175, 
2703, 2578, 1922, 1401, 1536, 2193, 2702, 2556, 1898, 1390, 
1551, 2217, 2715, 2548, 1881, 1371, 1805, 2486, 2731, 2293, 
1612, 1371, 1821, 2502, 2727, 2273, 1594, 1375, 1842, 2517, 
2723, 1975, 1420, 1502, 2143, 2689, 2591, 1953, 1408, 1514, 
2161, 2695, 2580, 1933, 1404, 1530, 2184, 2737, 2344, 1654, 
1364, 1773, 2462, 2736, 2326, 1638, 1367, 1792, 2474, 2729, 
2303, 1620, 1370, 2087, 2667, 2627, 2011, 1435, 1484, 2108, 
2672, 2612, 1981, 1420, 1494, 2129, 2682, 2600, 1968, 1364, 
1726, 2418, 2743, 2375, 1682, 1358, 1740, 2430, 2736, 2352, 
1663, 1364, 1763, 2454, 2740, 2065, 1460, 1455, 2055, 2649, 
2641, 2037, 1439, 1462, 2075, 2660, 2633, 2022, 1439, 1480, 
2101, 2741, 2421, 1728, 1362, 1693, 2384, 2739, 2401, 1712, 
1360, 1712, 2404, 2739, 2384, 1693, 1364, 2003, 2624, 2672, 
2096, 1476, 1439, 2020, 2632, 2656, 2072, 1464, 1451, 2044, 
2644, 2651, 2053, 1367, 1649, 2339, 2737, 2451, 1760, 1364, 
1667, 2355, 2738, 2428, 1735, 1356, 1684, 2376, 2740, 2151, 
1512, 1417, 1970, 2604, 2681, 2124, 1493, 1422, 1985, 2614, 
2675, 2106, 1485, 1435, 2013, 2731, 2492, 1808, 1368, 1620, 
2303, 2729, 2472, 1788, 1368, 1641, 2332, 2737, 2462, 1774, 
1369, 1915, 2568, 2700, 2180, 1526, 1401, 1934, 2583, 2695, 
2161, 1516, 1416, 1960, 2599, 2687, 2140, 1380, 1581, 2254, 
2722, 2517, 1839, 1375, 1596, 2275, 2726, 2499, 1820, 1371, 
1615, 2297, 2732, 2236, 1568, 1389, 1882, 2547, 2712, 2214, 
1551, 1393, 1903, 2562, 2706, 2194, 1538, 1402, 1927, 2711, 
2555, 1894, 1389, 1558, 2222, 2712, 2539, 1868, 1381, 1572, 
2246, 2721, 2524, 1852, 1381, 1833, 2510, 2727, 2267, 1588, 
1375, 1848, 2523, 2719, 2246, 1578, 1388, 1872, 2542, 2718, 
2229, 1405, 1518, 2168, 2697, 2574, 1923, 1400, 1536, 2193, 
2707, 2564, 1904, 1392, 1550, 2212, 2710, 2316, 1633, 1367, 
1799, 2484, 2733, 2300, 1619, 1375, 1826, 2503, 2729, 2276, 
1596, 1376, 1842, 2677, 2608, 1977, 1419, 1500, 2139, 2687, 
2595, 1956, 1412, 1514, 2160, 2695, 2584, 1935, 1404, 1749, 
2439, 2735, 2347, 1657, 1363, 1769, 2456, 2736, 2328, 1642, 
1366, 1790, 2476, 2735, 2308, 1442, 1469, 2083, 2663, 2624, 
2009, 1432, 1480, 2105, 2675, 2618, 1991, 1427, 1496, 2127, 
2681, 2393, 1703, 1356, 1718, 2409, 2740, 2380, 1688, 1366, 
1743, 2435, 2740, 2359, 1666, 1361, 1757, 2635, 2654, 2062, 
1457, 1449, 2051, 2652, 2646, 2046, 1449, 1464, 2075, 2659, 
2632, 2020, 1438, 1672, 2364, 2743, 2425, 1735, 1363, 1694, 
2386, 2743, 2407, 1716, 1361, 1711, 2400, 2739, 2385, 1488, 
1426, 1996, 2619, 2669, 2097, 1479, 1438, 2019, 2631, 2662, 
2079, 1467, 1447, 2040, 2643, 2467, 1780, 1366, 1646, 2336, 
2737, 2455, 1764, 1366, 1666, 2356, 2742, 1365, 1635, 2323, 
2732, 2206, 1546, 1396, 1912, 2568, 2700, 2183, 1528, 1400, 
1927, 2577, 2692, 2161, 1519, 1412, 1952, 2717, 2532, 1862, 
1379, 1575, 2251, 2718, 2515, 1841, 1376, 1596, 2275, 2727, 
2503, 1828, 1372, 1858, 2526, 2715, 2235, 1566, 1385, 1880, 
2544, 2712, 2217, 1552, 1392, 1898, 2556, 2704, 2193, 1395, 
1536, 2199, 2704, 2552, 1894, 1388, 1554, 2219, 2711, 2539, 
1873, 1383, 1571, 2243, 2720, 2291, 1609, 1373, 1827, 2504, 
2724, 2268, 1591, 1378, 1847, 2520, 2720, 2247, 1575, 1383, 
1868, 2687, 2588, 1950, 1409, 1519, 2167, 2695, 2575, 1923, 
END
1399, 1529, 2184, 2703, 2256, 1553, 1395, 2243, 2719, 2444, 
1723, 1770, 1770, 2536, 2680, 2109, 1457, 1461, 2113, 2683, 
2536, 1835, 1361, 1910, 2586, 2652, 2037, 1427, 1502, 2188, 
2708, 2481, 1766, 1356, 1720, 2443, 2716, 2239, 1538, 1555, 
2261, 2719, 2419, 1697, 1356, 1789, 2503, 2703, 2168, 1494, 
1436, 2062, 2665, 2574, 1888, 1366, 1859, 2555, 2679, 2094, 
1451, 1476, 2138, 2694, 2526, 1816, 1359, 1672, 2400, 2727, 
2294, 1417, 1522, 2211, 2716, 2471, 1749, 1355, 1740, 2462, 
2716, 2222, 1527, 1412, 2009, 2643, 2614, 1685, 1362, 1811, 
2524, 2703, 2147, 1479, 1446, 2084, 2675, 2563, 1870, 1369, 
1630, 2355, 2734, 2073, 1443, 1486, 2160, 2706, 2515, 1800, 
1361, 1693, 2420, 2727, 2273, 1564, 1394, 1956, 2617, 2457, 
1728, 1361, 1763, 2483, 2715, 2203, 1513, 1422, 2030, 2655, 
2599, 1924, 1385, 1590, 2306, 2695, 2127, 1472, 1456, 2108, 
2687, 2553, 1852, 1370, 1649, 2376, 2734, 2328, 1608, 1380, 
1905, 2712, 2500, 1780, 1362, 1713, 2439, 2727, 2256, 1552, 
1402, 1979, 2630, 2631, 1980, 1402, 1548, 2496, 2715, 2183, 
1502, 1434, 2054, 2668, 2588, 1907, 1379, 1608, 2328, 2736, 
2378, 1651, 2599, 1664, 1365, 1831, 2537, 2696, 2131, 1472, 
1459, 2110, 2687, 2551, 1851, 1368, 1652, 2374, 2735, 2055, 
1435, 1496, 2180, 2708, 2500, 1783, 1359, 1713, 2441, 2728, 
2259, 1552, 1403, 1975, 2631, 2439, 1713, 1359, 1781, 2500, 
2713, 2187, 1505, 1432, 2052, 2667, 2588, 1904, 1379, 1607, 
2323, 2691, 2111, 1459, 1470, 2128, 2695, 2539, 1833, 1365, 
1667, 2393, 2732, 2312, 1591, 1388, 1925, 2719, 2485, 1763, 
1358, 1731, 2455, 2723, 2237, 1537, 1411, 1999, 2643, 2623, 
1959, 1398, 1565, 2515, 2708, 2163, 1492, 1445, 2077, 2676, 
2575, 1885, 1374, 1619, 2343, 2736, 2360, 1632, 1374, 2151, 
2705, 2528, 1815, 1363, 1686, 2412, 2732, 2289, 1577, 1392, 
1945, 2612, 2649, 2012, 1416, 1752, 2476, 2719, 2217, 1526, 
1419, 2020, 2652, 2609, 1939, 1388, 1582, 2296, 2735, 2408, 
1679, 1456, 2097, 2684, 2563, 1867, 1372, 1641, 2366, 2736, 
2340, 1617, 1375, 1889, 2581, 2673, 2067, 1363, 1704, 2433, 
2732, 2273, 1562, 1396, 1966, 2623, 2639, 1991, 1407, 1546, 
2243, 2727, 2454, 1511, 1428, 2043, 2664, 2599, 1920, 1385, 
1600, 2318, 2736, 2392, 1659, 1367, 1841, 2544, 2695, 1846, 
1368, 1659, 2384, 2736, 2323, 1602, 1384, 1916, 2596, 2663, 
2050, 1430, 1508, 2191, 2713, 2249, 1545, 1406, 1987, 2636, 
2630, 1973, 1401, 1558, 2265, 2727, 2438, 1709, 1361, 1791, 
2508, 2584, 1896, 1378, 1615, 2335, 2737, 2372, 1646, 1371, 
1863, 2560, 2688, 2103, 1454, 1478, 2139, 2734, 2241, 1487, 
1513, 2336, 2737, 2323, 1585, 1388, 1937, 2630, 2639, 1984, 
1406, 1552, 2257, 2712, 2188, 1505, 1431, 2052, 2668, 2592, 
1910, 1382, 1603, 2326, 2736, 2380, 1652, 1368, 1852, 2696, 
2544, 1839, 1368, 1667, 2392, 2736, 2311, 1598, 1383, 1922, 
2598, 2662, 2036, 1427, 1515, 2459, 2727, 2242, 1542, 1411, 
1999, 2641, 2621, 1959, 1395, 1563, 2276, 2731, 2428, 1701, 
1363, 2074, 2676, 2579, 1888, 1375, 1618, 2344, 2736, 2360, 
1638, 1369, 1868, 2567, 2681, 2091, 1450, 1684, 2412, 2736, 
2296, 1580, 1393, 1944, 2615, 2651, 2015, 1415, 1526, 2222, 
2721, 2471, 1747, 1420, 2020, 2656, 2615, 1942, 1392, 1580, 
2292, 2735, 2408, 1681, 1360, 1820, 2529, 2703, 2148, 1373, 
1639, 2365, 2737, 2343, 1619, 1376, 1891, 2580, 2675, 2070, 
1441, 1496, 2170, 2710, 2515, 1564, 1398, 1964, 2623, 2640, 
1995, 1408, 1540, 2246, 2727, 2457, 1731, 1362, 1770, 2491, 
2718, 1920, 1385, 1591, 2315, 2734, 2393, 1662, 1371, 1840, 
2543, 2695, 2127, 1468, 1464, 2116, 2692, 2324, 1604, 1382, 
1910, 2591, 2664, 2047, 1432, 1505, 2193, 2716, 2499, 1782, 
1363, 1722, 2446, 2628, 1973, 1399, 1552, 2261, 2727, 2439, 
1710, 1363, 1791, 2508, 2716, 2183, 1503, 1438, 2063, 2736, 
2372, 1644, 1368, 1856, 2556, 2687, 2105, 1463, 1476, 2139, 
2700, 2538, 1831, 1366, 1674, 2604, 2657, 2028, 1423, 1519, 
2209, 2719, 2480, 1759, 1359, 1736, 2463, 2724, 2233, 1536, 
1415, 2286, 2734, 2420, 1692, 1362, 1811, 2520, 2707, 2158, 
1488, 1445, 2081, 2678, 2572, 1880, 1373, 1880, 2573, 2680, 
2085, 1447, 1486, 2158, 2707, 2523, 1807, 1363, 1690, 2417, 
2732, 2284, 1572, 1534, 2232, 2726, 2467, 1742, 1362, 1759, 
2478, 2719, 2211, 1518, 1420, 2027, 2656, 2609, 1935, 1368, 
1830, 2536, 2703, 2141, 1475, 1457, 2103, 2687, 2559, 1858, 
1369, 1644, 2371, 2739, 2336, 1436, 1500, 2180, 2716, 2508, 
1792, 1363, 1709, 2436, 2728, 2264, 1555, 1400, 1974, 2628, 
2636, 1722, 1361, 1777, 2496, 2715, 2191, 1508, 1431, 2050, 
2668, 2595, 1915, 1383, 1604, 2323, 2736, 2115, 1463, 1466, 
2124, 2695, 2547, 1844, 1369, 1664, 2391, 2735, 2317, 1596, 
1385, 1920, 2599, 2492, 1771, 1360, 1726, 2454, 2724, 2241, 
1541, 1408, 1995, 2640, 2627, 1969, 1402, 1566, 2275, 2709, 
2170, 1492, 1436, 2067, 2673, 2582, 1892, 1380, 1622, 2347, 
2744, 2370, 1641, 1373, 1868, 2700, 2528, 1817, 1363, 1679, 
2408, 2734, 2299, 1583, 1392, 1942, 2611, 2654, 2019, 1419, 
1527, 2472, 2724, 2225, 1531, 1415, 2014, 2648, 2608, 1944, 
1393, 1580, 2295, 2737, 2416, 1688, 1365, 2090, 2681, 2567, 
1870, 1371, 1633, 2360, 2736, 2348, 1621, 1377, 1888, 2579, 
2678, 2073, 1442, 1699, 2428, 2732, 2278, 1568, 1399, 1963, 
2623, 2643, 1999, 1409, 1539, 2240, 2724, 2457, 1732, 1426, 
2037, 2663, 2603, 1925, 1388, 1596, 2312, 2735, 2395, 1665, 
1364, 1834, 2540, 2696, 2128, 1372, 1654, 2383, 2739, 2332, 
1609, 1383, 1909, 2591, 2668, 2052, 1432, 1500, 2184, 2712, 
2499, 1552, 1404, 1985, 2636, 2636, 1982, 1405, 1555, 2259, 
2728, 2439, 1713, 1359, 1783, 2504, 2713, 1905, 1379, 1610, 
2330, 2738, 2376, 1648, 1370, 1856, 2558, 2691, 2110, 1460, 
1474, 2133, 2696, 2306, 1588, 1384, 1926, 2603, 2659, 2033, 
1426, 1519, 2209, 2720, 2484, 1763, 1360, 1735, 2460, 2619, 
1955, 1395, 1567, 2279, 2732, 2423, 1696, 1363, 1809, 2522, 
2710, 2164, 1491, 1443, 2079, 2736, 2357, 1632, 1372, 1875, 
2569, 2681, 2086, 1448, 1486, 2156, 2708, 2528, 1816, 1368, 
1691, 2616, 2648, 2008, 1411, 1527, 2225, 2723, 1372, 1631, 
2355, 2734, 2345, 1622, 1374, 1884, 2575, 2515, 1800, 1361, 
1695, 2424, 2729, 2277, 1568, 1398, 1959, 2620, 2641, 1999, 
1408, 1536, 2236, 2716, 2205, 1515, 1424, 2035, 2660, 2599, 
1924, 1385, 1591, 2308, 2735, 2398, 1670, 1368, 1834, 2688, 
2551, 1851, 1365, 1648, 2374, 2734, 2328, 1609, 1383, 1908, 
2592, 2671, 2057, 1433, 1500, 2439, 2726, 2255, 1552, 1402, 
1980, 2631, 2631, 1979, 1404, 1552, 2258, 2734, 2444, 1719, 
1363, 2059, 2672, 2591, 1906, 1379, 1604, 2324, 2734, 2374, 
1648, 1368, 1854, 2555, 2692, 2113, 1463, 1670, 2400, 2735, 
2308, 1591, 1384, 1925, 2599, 2659, 2032, 1423, 1516, 2206, 
2718, 2486, 1765, 1412, 2003, 2646, 2620, 1958, 1395, 1566, 
2276, 2728, 2422, 1695, 1359, 1801, 2515, 2707, 2164, 1378, 
1628, 2352, 2740, 2360, 1635, 1372, 1871, 2565, 2676, 2078, 
1448, 1481, 2153, 2703, 2528, 1577, 1393, 1948, 2614, 2649, 
2012, 1415, 1528, 2225, 2721, 2468, 1743, 1359, 1752, 2475, 
2721, 1937, 1392, 1584, 2303, 2737, 2409, 1679, 1364, 1823, 
2529, 2699, 2140, 1476, 1452, 2097, 2686, 2342, 1619, 1378, 
1895, 2582, 2674, 2068, 1439, 1495, 2173, 2710, 2510, 1793, 
1361, 1705, 2432, 2639, 1992, 1408, 1544, 2247, 2727, 2452, 
1726, 1360, 1772, 2493, 2716, 2198, 1511, 1428, 2044, 2736, 
2387, 1659, 1368, 1841, 2545, 2694, 2121, 1466, 1465, 2121, 
2694, 2550, 1846, 1369, 1659, 2595, 2666, 2047, 1431, 1507, 
2192, 2714, 2492, 1774, 1358, 1723, 2450, 2728, 2250, 1548, 
1408, 2268, 2729, 2435, 1707, 1359, 1791, 2509, 2711, 2177, 
1499, 1438, 2065, 2673, 2587, 1899, 1380, 1864, 2563, 2687, 
2101, 1455, 1477, 2140, 2700, 2532, 1823, 1362, 1676, 2401, 
2737, 2303, 1587, 1524, 2216, 2721, 2479, 1754, 1356, 1739, 
2464, 2722, 2227, 1532, 1416, 2012, 2652, 2620, 1953, 1364, 
1811, 2524, 2707, 2155, 1484, 1446, 2084, 2679, 2569, 1875, 
1373, 1630, 2355, 2739, 2354, 1446, 1491, 2164, 2710, 2523, 
1807, 1362, 1692, 2422, 2730, 2280, 1569, 1395, 1957, 2620, 
2647, 1739, 1362, 1762, 2483, 2720, 2208, 1518, 1421, 2032, 
2657, 2604, 1931, 1388, 1592, 2307, 2736, 2136, 1475, 1458, 
2108, 2691, 2559, 1857, 1371, 1648, 2375, 2736, 2334, 1610, 
1379, 1903, 2589, 2503, 1788, 1360, 1715, 2440, 2726, 2261, 
1554, 1402, 1978, 2632, 2636, 1984, 1408, 1552, 2257, 2713, 
2188, 1505, 1429, 2049, 2667, 2590, 1908, 1383, 1607, 2327, 
2739, 2384, 1657, 1371, 1852, 2695, 2542, 1835, 1365, 1665, 
2392, 2734, 2312, 1592, 1385, 1923, 2599, 2663, 2038, 1428, 
1516, 2460, 2727, 2243, 1542, 1409, 1997, 2640, 2621, 1960, 
1397, 1566, 2275, 2732, 2429, 1702, 1363, 2073, 2673, 2576, 
1886, 1373, 1619, 2342, 2736, 2361, 1636, 1374, 1874, 2570, 
2687, 2096, 1454, 1684, 2413, 2735, 2291, 1576, 1391, 1943, 
2611, 2651, 2014, 1417, 1528, 2225, 2724, 2475, 1749, 1419, 
2022, 2656, 2613, 1942, 1392, 1580, 2295, 2735, 2411, 1681, 
1363, 1820, 2529, 2703, 2147, 1374, 1640, 2366, 2737, 2343, 
1619, 1373, 1891, 2580, 2676, 2072, 1441, 1493, 2171, 2710, 
2511, 1564, 1396, 1964, 2624, 2640, 1997, 1411, 1543, 2245, 
2727, 2456, 1729, 1359, 1768, 2488, 2718, 1922, 1385, 1598, 
2316, 2737, 2393, 1663, 1367, 1840, 2544, 2696, 2126, 1469, 
1464, 2117, 2692, 2323, 1602, 1381, 1910, 2593, 2668, 2052, 
1433, 1509, 2194, 2719, 2497, 1779, 1359, 1717, 2444, 2627, 
1971, 1401, 1555, 2264, 2730, 2438, 1713, 1362, 1790, 2507, 
2712, 2180, 1500, 1437, 2062, 2737, 2373, 1646, 1370, 1859, 
2558, 2670, 2017, 1399, 1692, 2524, 2707, 2128, 1465, 1483, 
2170, 2720, 2223, 1524, 1415, 2015, 2649, 2611, 1943, 1392, 
1584, 2298, 2737, 2414, 1684, 1363, 1820, 2682, 2566, 1869, 
1373, 1637, 2364, 2737, 2345, 1622, 1378, 1889, 2579, 2676, 
2073, 1441, 1494, 2430, 2732, 2274, 1563, 1396, 1962, 2623, 
2641, 1996, 1412, 1543, 2246, 2731, 2460, 1734, 1363, 2041, 
2661, 2599, 1922, 1383, 1593, 2312, 2736, 2392, 1663, 1367, 
1837, 2544, 2696, 2129, 1471, 1657, 2385, 2739, 2328, 1605, 
1383, 1911, 2592, 2668, 2050, 1431, 1503, 2190, 2716, 2499, 
1781, 1406, 1984, 2634, 2630, 1976, 1403, 1556, 2263, 2731, 
2439, 1712, 1360, 1788, 2503, 2711, 2183, 1380, 1612, 2335, 
2740, 2376, 1649, 1372, 1858, 2557, 2687, 2106, 1456, 1472, 
2135, 2699, 2539, 1590, 1388, 1932, 2607, 2659, 2031, 1424, 
1518, 2209, 2719, 2483, 1760, 1359, 1739, 2464, 2726, 1955, 
1394, 1570, 2281, 2732, 2422, 1695, 1366, 1810, 2524, 2707, 
2163, 1488, 1444, 2081, 2676, 2352, 1628, 1374, 1878, 2572, 
2681, 2085, 1448, 1486, 2156, 2707, 2524, 1809, 1363, 1690, 
2419, 2647, 2008, 1413, 1531, 2230, 2724, 2467, 1742, 1361, 
1758, 2483, 2724, 2217, 1523, 1423, 2026, 2732, 2401, 1672, 
1361, 1825, 2533, 2700, 2140, 1477, 1458, 2105, 2689, 2563, 
1862, 1371, 1643, 2583, 2671, 2062, 1436, 1497, 2177, 2712, 
2508, 1792, 1359, 1708, 2435, 2729, 2265, 1558, 1401, 2252, 
2729, 2449, 1724, 1362, 1778, 2498, 2715, 2193, 1507, 1429, 
2048, 2667, 2596, 1915, 1384, 1848, 2552, 2694, 2118, 1463, 
1465, 2123, 2694, 2545, 1841, 1368, 1662, 2391, 2737, 2316, 
1599, 1510, 2197, 2718, 2492, 1774, 1360, 1727, 2454, 2727, 
2246, 1543, 1405, 1991, 2639, 2623, 1968, 1362, 1796, 2513, 
2712, 2175, 1496, 1441, 2068, 2672, 2579, 1891, 1376, 1617, 
2340, 2737, 2367, 1453, 1479, 2144, 2702, 2530, 1823, 1365, 
1680, 2408, 2734, 2299, 1583, 1392, 1939, 2611, 2654, 1750, 
1358, 1746, 2470, 2724, 2227, 1532, 1417, 2016, 2651, 2615, 
1945, 1391, 1576, 2289, 2734, 2151, 1481, 1449, 2091, 2683, 
2569, 1874, 1374, 1636, 2364, 2742, 2352, 1626, 1377, 1887, 
2576, 2513, 1796, 1359, 1693, 2424, 2731, 2279, 1569, 1400, 
1964, 2624, 2643, 2001, 1412, 1538, 2239, 2718, 2204, 1515, 
1425, 2036, 2662, 2603, 1927, 1388, 1594, 2312, 2736, 2398, 
1670, 1366, 1833, 2688, 2552, 1851, 1367, 1649, 2379, 2736, 
2329, 1611, 1385, 1909, 2593, 2673, 2057, 1434, 1502, 2441, 
2726, 2254, 1552, 1403, 1981, 2635, 2635, 1981, 1404, 1555, 
2260, 2728, 2441, 1714, 1360, 2056, 2668, 2591, 1904, 1381, 
1609, 2332, 2737, 2379, 1649, 1368, 1853, 2555, 2689, 2110, 
1461, 1672, 2399, 2737, 2311, 1593, 1387, 1928, 2602, 2659, 
2032, 1424, 1515, 2206, 2719, 2483, 1763, 1413, 2003, 2648, 
2623, 1960, 1399, 1569, 2279, 2730, 2423, 1694, 1359, 1801, 
2515, 2707, 2163, 1377, 1628, 2353, 2742, 2362, 1635, 1376, 
1875, 2569, 2679, 2086, 1446, 1482, 2151, 2703, 2526, 1577, 
1396, 1952, 2619, 2652, 2013, 1417, 1529, 2227, 2723, 2468, 
1745, 1360, 1756, 2476, 2723, 1948, 1393, 1575, 2290, 2734, 
2415, 1689, 1365, 1816, 2527, 2704, 2153, 1482, 1446, 2086, 
2680, 2351, 1625, 1377, 1886, 2579, 2681, 2079, 1442, 1489, 
2163, 2707, 2519, 1806, 1364, 1696, 2423, 2643, 2000, 1409, 
1532, 2235, 2724, 2460, 1737, 1363, 1767, 2489, 2723, 2208, 
1517, 1420, 2029, 2732, 2395, 1667, 1366, 1835, 2543, 2702, 
2136, 1475, 1460, 2109, 2690, 2556, 1853, 1368, 1650, 2588, 
2668, 2056, 1433, 1500, 2183, 2713, 2503, 1788, 1364, 1718, 
2446, 2732, 1362, 1831, 2536, 2552, 1855, 1370, 1649, 2375, 
2732, 2328, 1606, 1376, 1903, 2588, 2668, 2056, 1433, 1500, 
2184, 2727, 2259, 1552, 1400, 1977, 2629, 2632, 1980, 1404, 
1552, 2257, 2728, 2444, 1717, 1360, 1780, 2667, 2588, 1905, 
1379, 1606, 2326, 2736, 2379, 1651, 1370, 1852, 2553, 2691, 
2111, 1462, 1472, 2396, 2733, 2308, 1590, 1382, 1921, 2598, 
2656, 2036, 1427, 1518, 2207, 2721, 2488, 1765, 1359, 1996, 
2638, 2616, 1956, 1394, 1566, 2278, 2732, 2428, 1702, 1363, 
1803, 2515, 2706, 2164, 1490, 1623, 2347, 2736, 2360, 1634, 
1372, 1870, 2565, 2680, 2088, 1450, 1484, 2153, 2707, 2529, 
1817, 1392, 1945, 2611, 2647, 2012, 1413, 1527, 2225, 2723, 
2471, 1748, 1361, 1753, 2475, 2721, 2218, 1389, 1583, 2299, 
2735, 2410, 1681, 1364, 1821, 2528, 2700, 2142, 1477, 1451, 
2096, 2685, 2567, 1621, 1379, 1895, 2583, 2673, 2069, 1438, 
1493, 2169, 2708, 2511, 1796, 1364, 1703, 2433, 2732, 1995, 
1409, 1543, 2244, 2724, 2452, 1726, 1359, 1769, 2492, 2716, 
2199, 1511, 1426, 2042, 2664, 2393, 1663, 1370, 1843, 2547, 
2696, 2122, 1467, 1462, 2115, 2691, 2548, 1847, 1369, 1659, 
2387, 2668, 2047, 1431, 1504, 2190, 2713, 2492, 1776, 1360, 
1721, 2451, 2729, 2252, 1550, 1408, 1988, 2729, 2436, 1708, 
1360, 1788, 2507, 2712, 2179, 1500, 1437, 2064, 2672, 2588, 
1900, 1379, 1615, 2561, 2688, 2104, 1455, 1472, 2137, 2696, 
2535, 1825, 1367, 1676, 2406, 2736, 2305, 1588, 1390, 2212, 
2719, 2476, 1756, 1358, 1739, 2465, 2726, 2233, 1537, 1417, 
2011, 2649, 2618, 1951, 1393, 1808, 2520, 2703, 2156, 1485, 
1448, 2086, 2680, 2575, 1882, 1376, 1631, 2355, 2737, 2353, 
1628, 1487, 2160, 2707, 2521, 1807, 1364, 1691, 2422, 2734, 
2284, 1570, 1395, 1955, 2619, 2646, 2007, 1359, 1760, 2481, 
2719, 2211, 1519, 1420, 2031, 2657, 2605, 1932, 1387, 1588, 
2304, 2735, 2400, 1474, 1457, 2107, 2689, 2559, 1860, 1372, 
1648, 2375, 2737, 2334, 1611, 1377, 1900, 2587, 2672, 1790, 
1362, 1712, 2440, 2731, 2263, 1556, 1400, 1974, 2627, 2633, 
1984, 1404, 1551, 2255, 2727, 2192, 1507, 1432, 2051, 2667, 
2592, 1910, 1381, 1603, 2323, 2736, 2382, 1655, 1368, 1850, 
2551, 2544, 1840, 1365, 1665, 2395, 2736, 2314, 1593, 1383, 
1920, 2598, 2660, 2038, 1427, 1512, 2204, 2727, 2244, 1542, 
1408, 1996, 2641, 2625, 1965, 1400, 1564, 2274, 2731, 2430, 
1702, 1362, 1798, 2675, 2579, 1889, 1376, 1620, 2343, 2737, 
2364, 1638, 1372, 1869, 2566, 2683, 2095, 1452, 1483, 2411, 
2734, 2300, 1580, 1392, 1943, 2611, 2652, 2016, 1417, 1527, 
2222, 2723, 2473, 1751, 1359, 2017, 2652, 2614, 1942, 1390, 
1579, 2294, 2734, 2412, 1685, 1365, 1818, 2531, 2703, 2148, 
1480, 1635, 2362, 2736, 2343, 1621, 1376, 1889, 2581, 2679, 
2076, 1442, 1492, 2169, 2711, 2515, 1798, 1398, 1965, 2623, 
2639, 1996, 1411, 1543, 2243, 2725, 2456, 1730, 1359, 1767, 
2488, 2717, 2203, 1386, 1596, 2313, 2736, 2395, 1666, 1366, 
1838, 2540, 2695, 2126, 1471, 1462, 2115, 2692, 2553, 1606, 
1382, 1910, 2592, 2668, 2052, 1430, 1504, 2190, 2716, 2499, 
1781, 1362, 1720, 2447, 2729, 1977, 1403, 1558, 2262, 2731, 
2440, 1713, 1362, 1787, 2504, 2712, 2180, 1500, 1434, 2059, 
2667, 2375, 1651, 1372, 1860, 2559, 2689, 2107, 1456, 1472, 
2132, 2695, 2537, 1832, 1367, 1675, 2401, 2659, 2031, 1422, 
1518, 2208, 2718, 2480, 1760, 1359, 1739, 2463, 2726, 2235, 
1536, 1413, 2004, 2731, 2421, 1694, 1365, 1808, 2523, 2708, 
2160, 1488, 1444, 2080, 2678, 2544, 1800, 1359, 1909, 2736, 
2356, 1622, 1379, 1907, 2596, 2648, 2011, 1415, 1532, 2230, 
2724, 2467, 1742, 1359, 1756, 2657, 2608, 1936, 1390, 1588, 
2303, 2735, 2403, 1675, 1362, 1824, 2532, 2700, 2140, 1476, 
1456, 2372, 2739, 2339, 1615, 1376, 1896, 2582, 2671, 2063, 
1437, 1498, 2177, 2712, 2507, 1792, 1361, 1973, 2630, 2636, 
1988, 1408, 1547, 2251, 2728, 2448, 1723, 1359, 1774, 2495, 
2715, 2192, 1507, 1602, 2323, 2738, 2387, 1657, 1368, 1844, 
2547, 2691, 2115, 1461, 1465, 2123, 2695, 2549, 1846, 1387, 
1923, 2600, 2666, 2042, 1425, 1507, 2198, 2716, 2489, 1773, 
1360, 1727, 2454, 2727, 2247, 1399, 1561, 2271, 2731, 2432, 
1705, 1363, 1795, 2511, 2708, 2171, 1493, 1436, 2068, 2673, 
2584, 1644, 1376, 1871, 2567, 2687, 2097, 1451, 1477, 2140, 
2700, 2531, 1821, 1366, 1682, 2411, 2737, 2022, 1420, 1523, 
2218, 2721, 2475, 1753, 1359, 1748, 2471, 2724, 2227, 1529, 
1415, 2014, 2648, 2415, 1688, 1365, 1820, 2528, 2704, 2152, 
1481, 1446, 2087, 2681, 2569, 1875, 1374, 1636, 2362, 2684, 
2077, 1443, 1491, 2163, 2707, 2518, 1801, 1362, 1696, 2427, 
2731, 2278, 1568, 1396, 1961, 2725, 2459, 1735, 1360, 1766, 
2487, 2719, 2204, 1516, 1424, 2035, 2660, 2604, 1927, 1387, 
1593, 2541, 2699, 2130, 1472, 1460, 2110, 2690, 2554, 1852, 
1369, 1651, 2380, 2737, 2330, 1607, 1379, 2186, 2713, 2502, 
1784, 1361, 1712, 2441, 2727, 2256, 1550, 1401, 1983, 2634, 
2633, 1983, 1407, 1788, 2505, 2716, 2184, 1502, 1431, 2054, 
2665, 2586, 1903, 1378, 1610, 2332, 2740, 2382, 1654, 1474, 
2132, 2697, 2538, 1831, 1363, 1664, 2392, 2735, 2309, 1591, 
1388, 1929, 2607, 2663, 2036, 1363, 1740, 2460, 2727, 2238, 
1536, 1409, 1999, 2641, 2617, 1956, 1394, 1567, 2280, 2734, 
2428, 1492, 1447, 2080, 2680, 2576, 1883, 1372, 1619, 2350, 
2735, 2358, 1634, 1375, 1879, 2575, 2687, 1818, 1367, 1688, 
2415, 2731, 2287, 1572, 1388, 1946, 2613, 2651, 2014, 1417, 
1533, 2231, 2726, 2217, 1524, 1419, 2024, 2655, 2609, 1938, 
1390, 1584, 2299, 2734, 2406, 1679, 1363, 1823, 2531, 2564, 
1867, 1373, 1643, 2369, 2737, 2340, 1616, 1376, 1894, 2582, 
2672, 2067, 1439, 1496, 2176, 2732, 2271, 1563, 1400, 1971, 
2627, 2639, 1991, 1408, 1544, 2247, 2727, 2451, 1727, 1360, 
1773, 2664, 2598, 1916, 1383, 1600, 2319, 2737, 2389, 1660, 
1368, 1841, 2545, 2695, 2120, 1466, 1463, 2385, 2736, 2321, 
1602, 1384, 1918, 2599, 2668, 2047, 1431, 1508, 2194, 2715, 
2492, 1774, 1359, 1990, 2639, 2631, 1972, 1401, 1560, 2268, 
2728, 2432, 1705, 1360, 1792, 2508, 2712, 2178, 1500, 1619, 
2340, 2740, 2371, 1643, 1370, 1862, 2560, 2685, 2101, 1454, 
1479, 2142, 2703, 2534, 1827, 1388, 1936, 2606, 2654, 2022, 
1418, 1520, 2214, 2721, 2478, 1756, 1362, 1745, 2469, 2727, 
2231, 1395, 1576, 2288, 2733, 2416, 1688, 1362, 1811, 2523, 
2704, 2153, 1485, 1447, 2087, 2684, 2573, 1628, 1377, 1885, 
2575, 2680, 2079, 1443, 1486, 2160, 2706, 2520, 1805, 1364, 
1695, 2425, 2736, 2007, 1415, 1536, 2236, 2723, 2460, 1733, 
1359, 1760, 2483, 2719, 2209, 1520, 1424, 2035, 2660, 2400, 
1671, 1363, 1830, 2535, 2697, 2134, 1474, 1459, 2109, 2691, 
2558, 1857, 1369, 1647, 2374, 2670, 2056, 1434, 1502, 2183, 
2713, 2503, 1788, 1361, 1712, 2439, 2727, 2259, 1551, 1402, 
1977, 2729, 2444, 1721, 1363, 1782, 2500, 2715, 2188, 1505, 
1433, 2052, 2667, 2591, 1911, 1383, 1609, 2553, 2692, 2113, 
1462, 1470, 2127, 2696, 2540, 1836, 1366, 1664, 2393, 2735, 
2314, 1594, 1385, 2203, 2716, 1379, 1614, 2332, 2732, 2367, 
1639, 1367, 1857, 2558, 2687, 2103, 1459, 1477, 2137, 2729, 
2298, 1580, 1383, 1931, 2606, 2656, 2028, 1423, 1522, 2215, 
2719, 2476, 1756, 1356, 1737, 2644, 2614, 1950, 1394, 1573, 
2287, 2732, 2419, 1689, 1361, 1807, 2520, 2703, 2154, 1485, 
1446, 2353, 2736, 2351, 1625, 1372, 1879, 2574, 2680, 2082, 
1447, 1489, 2163, 2705, 2519, 1805, 1360, 1952, 2617, 2643, 
2005, 1415, 1536, 2234, 2726, 2464, 1739, 1360, 1760, 2481, 
2719, 2209, 1519, 1587, 2303, 2732, 2399, 1670, 1366, 1827, 
2538, 2702, 2138, 1476, 1456, 2106, 2686, 2555, 1855, 1375, 
1898, 2586, 2670, 2060, 1437, 1501, 2183, 2712, 2503, 1785, 
1358, 1707, 2436, 2728, 2263, 1407, 1555, 2257, 2731, 2448, 
1719, 1360, 1777, 2495, 2712, 2188, 1505, 1432, 2053, 2668, 
2593, 1655, 1368, 1847, 2548, 2687, 2111, 1459, 1467, 2124, 
2696, 2544, 1840, 1369, 1667, 2392, 2737, 2040, 1425, 1512, 
2201, 2718, 2488, 1768, 1360, 1729, 2455, 2726, 2241, 1541, 
1408, 2000, 2642, 2428, 1701, 1362, 1799, 2513, 2708, 2167, 
1492, 1438, 2071, 2675, 2580, 1891, 1379, 1623, 2347, 2687, 
2096, 1452, 1481, 2145, 2700, 2526, 1816, 1361, 1679, 2408, 
2735, 2296, 1580, 1393, 1943, 2723, 2471, 1746, 1356, 1745, 
2470, 2723, 2223, 1528, 1420, 2022, 2656, 2617, 1944, 1391, 
1580, 2527, 2701, 2147, 1478, 1448, 2092, 2683, 2566, 1870, 
1372, 1636, 2362, 2736, 2344, 1620, 1376, 2168, 2707, 2512, 
1799, 1361, 1701, 2428, 2733, 2275, 1564, 1399, 1965, 2624, 
2642, 1998, 1409, 1768, 2488, 2716, 2203, 1512, 1424, 2038, 
2660, 2599, 1922, 1386, 1598, 2314, 2736, 2395, 1664, 1462, 
2113, 2691, 2551, 1849, 1369, 1656, 2383, 2739, 2328, 1607, 
1383, 1911, 2592, 2668, 2051, 1359, 1718, 2446, 2727, 2255, 
1548, 1401, 1986, 2632, 2628, 1972, 1399, 1555, 2261, 2729, 
2439, 1500, 1436, 2062, 2672, 2588, 1902, 1380, 1611, 2332, 
2737, 2375, 1647, 1372, 1859, 2559, 2691, 1831, 1365, 1671, 
2401, 2734, 2304, 1587, 1385, 1928, 2603, 2656, 2030, 1423, 
1518, 2211, 2720, 2235, 1537, 1414, 2006, 2648, 2620, 1955, 
1396, 1571, 2281, 2731, 2420, 1692, 1359, 1806, 2519, 2575, 
1883, 1374, 1627, 2352, 2736, 2355, 1631, 1372, 1878, 2572, 
2681, 2086, 1448, 1486, 2157, 2734, 2287, 1573, 1394, 1952, 
2616, 2648, 2008, 1414, 1531, 2229, 2724, 2465, 1743, 1361, 
1759, 2656, 2607, 1933, 1386, 1584, 2301, 2734, 2404, 1676, 
1367, 1830, 2537, 2703, 2140, 1476, 1454, 2367, 2734, 2335, 
1614, 1379, 1899, 2587, 2674, 2067, 1439, 1499, 2179, 2712, 
2508, 1791, 1360, 1971, 2627, 2636, 1987, 1407, 1547, 2251, 
2729, 2451, 1724, 1363, 1779, 2496, 2716, 2199, 1507, 1601, 
2319, 2734, 2381, 1656, 1367, 1846, 2549, 2695, 2120, 1465, 
1469, 2124, 2695, 2546, 1841, 1382, 1916, 2596, 2662, 2041, 
1428, 1511, 2200, 2718, 2495, 1774, 1363, 1728, 2454, 2728, 
2245, 1398, 1561, 2271, 2729, 2432, 1704, 1362, 1795, 2511, 
2710, 2172, 1494, 1440, 2070, 2675, 2583, 1641, 1372, 1867, 
2563, 2681, 2094, 1450, 1478, 2143, 2702, 2534, 1823, 1364, 
1681, 2407, 2734, 2019, 1423, 1520, 2217, 2721, 2474, 1751, 
1358, 1745, 2467, 2721, 2225, 1529, 1417, 2016, 2652, 2417, 
1688, 1364, 1815, 2524, 2700, 2150, 1484, 1447, 2091, 2683, 
2569, 1875, 1375, 1635, 2359, 2675, 2075, 1441, 1490, 2167, 
2710, 2517, 1804, 1363, 1697, 2425, 2730, 2279, 1567, 1399, 
1963, 2729, 2462, 1735, 1361, 1764, 2485, 2717, 2203, 1511, 
1424, 2035, 2662, 2604, 1927, 1387, 1592, 2541, 2681, 2043, 
1407, 1669, 2503, 2712, 2151, 1478, 1468, 2144, 2713, 2500, 
1784, 1359, 1715, 2631, 2631, 1978, 1403, 1554, 2260, 2731, 
2444, 1717, 1360, 1784, 2502, 2712, 2183, 1500, 1432, 2329, 
2737, 2378, 1649, 1372, 1854, 2556, 2694, 2112, 1460, 1475, 
2135, 2700, 2541, 1833, 1365, 1925, 2601, 2659, 2034, 1424, 
1518, 2209, 2720, 2485, 1764, 1359, 1735, 2459, 2724, 2236, 
1536, 1567, 2279, 2732, 2425, 1696, 1363, 1806, 2519, 2710, 
2164, 1492, 1445, 2079, 2678, 2576, 1884, 1372, 1874, 2568, 
2681, 2088, 1449, 1483, 2153, 2704, 2526, 1814, 1363, 1687, 
2415, 2734, 2290, 1415, 1529, 2228, 2723, 2468, 1745, 1360, 
1755, 2478, 2723, 2219, 1524, 1420, 2025, 2655, 2608, 1678, 
1363, 1823, 2531, 2701, 2142, 1475, 1452, 2100, 2686, 2563, 
1864, 1372, 1642, 2366, 2737, 2067, 1438, 1493, 2175, 2711, 
2510, 1792, 1361, 1705, 2434, 2731, 2271, 1561, 1400, 1969, 
2627, 2451, 1726, 1360, 1772, 2492, 2716, 2198, 1511, 1430, 
2046, 2666, 2599, 1918, 1384, 1599, 2318, 2694, 2121, 1465, 
1465, 2120, 2694, 2550, 1847, 1368, 1659, 2387, 2736, 2320, 
1599, 1382, 1915, 2717, 2494, 1774, 1356, 1724, 2449, 2727, 
2248, 1544, 1408, 1990, 2639, 2628, 1971, 1400, 1560, 2508, 
2711, 2175, 1496, 1439, 2066, 2673, 2587, 1898, 1376, 1615, 
2339, 2736, 2368, 1643, 1369, 2141, 2700, 2535, 1825, 1364, 
1676, 2404, 2735, 2302, 1585, 1391, 1937, 2608, 2656, 2024, 
1420, 1741, 2465, 2721, 2229, 1528, 1415, 2011, 2651, 2616, 
1950, 1393, 1574, 2288, 2734, 2416, 1689, 1448, 2087, 2683, 
2572, 1879, 1374, 1631, 2357, 2736, 2352, 1626, 1375, 1884, 
2577, 2679, 2079, 1362, 1694, 2422, 2731, 2281, 1568, 1395, 
1956, 2619, 2643, 2004, 1412, 1537, 2241, 2726, 2460, 1519, 
1423, 2032, 2659, 2603, 1929, 1387, 1590, 2307, 2736, 2400, 
1671, 1364, 1832, 2538, 2699, 1856, 1370, 1650, 2375, 2737, 
2332, 1608, 1380, 1903, 2588, 2671, 2058, 1436, 1499, 2183, 
2712, 2262, 1555, 1403, 1980, 2633, 2633, 1983, 1407, 1549, 
2257, 2730, 2444, 1719, 1362, 1779, 2500, 2591, 1910, 1381, 
1606, 2326, 2736, 2382, 1652, 1368, 1852, 2555, 2690, 2112, 
1460, 1471, 2129, 2735, 2312, 1595, 1386, 1923, 2603, 2664, 
2039, 1426, 1516, 2206, 2716, 2486, 1764, 1357, 1731, 2641, 
2623, 1963, 1398, 1566, 2276, 2731, 2426, 1698, 1361, 1800, 
2515, 2708, 2167, 1492, 1442, 2348, 2739, 2361, 1636, 1372, 
1871, 2567, 2684, 2092, 1451, 1482, 2151, 2704, 2528, 1816, 
1363, 1943, 2613, 2651, 2015, 1417, 1528, 2225, 2723, 2471, 
1748, 1358, 1752, 2473, 2723, 2219, 1527, 1580, 2296, 2735, 
2409, 1682, 1364, 1819, 2528, 2701, 2146, 1479, 1451, 2096, 
2684, 2566, 1868, 1377, 1892, 2583, 2676, 2072, 1439, 1492, 
2168, 2707, 2511, 1795, 1362, 1703, 2432, 2731, 2273, 1408, 
1542, 2244, 2725, 2446, 1728, 1360, 1771, 2491, 2717, 2200, 
1513, 1428, 2041, 2662, 2599, 1660, 1366, 1840, 2542, 2695, 
2126, 1468, 1463, 2117, 2692, 2550, 1848, 1371, 1657, 2384, 
2736, 2049, 1431, 1507, 2191, 2713, 2496, 1778, 1359, 1720, 
2447, 2727, 2252, 1550, 1406, 1987, 2636, 2438, 1712, 1362, 
1790, 2508, 2713, 2177, 1499, 1435, 2062, 2672, 2585, 1900, 
1379, 1612, 2335, 2687, 2104, 1457, 1475, 2137, 2699, 2535, 
1832, 1365, 1673, 2403, 2734, 2304, 1586, 1388, 1932, 2721, 
2480, 1759, 1356, 1739, 2464, 2726, 2231, 1534, 1414, 2008, 
2647, 2618, 1953, 1394, 1571, 2522, 2705, 2156, 1486, 1447, 
2083, 2680, 2574, 1880, 1375, 1628, 2353, 2739, 2353, 1629, 
1375, 2160, 2705, 2523, 1807, 1363, 1692, 2419, 2732, 1361, 
1807, 2521, 2703, 2156, 1485, 1445, 2081, 2736, 2353, 1627, 
1375, 1879, 2572, 2678, 2081, 1445, 1485, 2156, 2703, 2520, 
1807, 1363, 1691, 2617, 2644, 2006, 1411, 1533, 2232, 2721, 
2462, 1739, 1358, 1757, 2479, 2719, 2212, 1518, 1420, 2302, 
2732, 2401, 1673, 1364, 1827, 2534, 2700, 2136, 1474, 1455, 
2103, 2686, 2559, 1859, 1368, 1897, 2585, 2670, 2062, 1435, 
1497, 2179, 2711, 2505, 1788, 1361, 1706, 2436, 2729, 2264, 
1556, 1548, 2253, 2727, 2449, 1720, 1361, 1777, 2496, 2714, 
2193, 1507, 1430, 2050, 2667, 2592, 1912, 1368, 1847, 2549, 
2692, 2115, 1464, 1468, 2124, 2694, 2545, 1841, 1367, 1663, 
2390, 2735, 2316, 1427, 1511, 2199, 2716, 2488, 1770, 1360, 
1728, 2453, 2727, 2243, 1543, 1408, 1995, 2640, 2624, 1710, 
1363, 1796, 2513, 2708, 2170, 1493, 1439, 2070, 2675, 2582, 
1892, 1376, 1619, 2343, 2737, 2096, 1453, 1478, 2145, 2703, 
2529, 1820, 1365, 1681, 2409, 2735, 2296, 1580, 1392, 1943, 
2612, 2473, 1750, 1359, 1747, 2471, 2722, 2224, 1528, 1417, 
2016, 2652, 2613, 1945, 1393, 1579, 2295, 2703, 2148, 1481, 
1450, 2092, 2684, 2568, 1872, 1373, 1636, 2365, 2737, 2348, 
1623, 1376, 1888, 2708, 2515, 1800, 1363, 1700, 2428, 2731, 
2275, 1566, 1399, 1961, 2623, 2643, 1999, 1411, 1539, 2487, 
2718, 2204, 1512, 1425, 2039, 2660, 2600, 1923, 1386, 1593, 
2312, 2736, 2395, 1667, 1367, 2114, 2689, 2552, 1852, 1370, 
1651, 2380, 2736, 2328, 1606, 1381, 1908, 2591, 2668, 2054, 
1431, 1717, 2450, 2727, 2255, 1551, 1405, 1983, 2633, 2631, 
1976, 1403, 1555, 2260, 2728, 2441, 1712, 1434, 2058, 2669, 
2588, 1904, 1380, 1610, 2332, 2737, 2377, 1651, 1372, 1856, 
2556, 2690, 2108, 1367, 1670, 2399, 2735, 2308, 1591, 1388, 
1928, 2603, 2659, 2032, 1424, 1518, 2208, 2719, 2483, 1536, 
1412, 2003, 2646, 2620, 1957, 1396, 1568, 2283, 2732, 2423, 
1696, 1363, 1805, 2520, 2707, 1884, 1376, 1627, 2350, 2737, 
2360, 1632, 1374, 1876, 2572, 2681, 2087, 1448, 1485, 2155, 
2705, 2288, 1575, 1394, 1950, 2616, 2648, 2012, 1414, 1531, 
2228, 2723, 2467, 1743, 1360, 1756, 2478, 2608, 1934, 1389, 
1584, 2300, 2734, 2406, 1676, 1365, 1825, 2534, 2700, 2141, 
1478, 1454, 2103, 2739, 2340, 1616, 1379, 1897, 2584, 2675, 
2067, 1438, 1497, 2176, 2712, 2508, 1792, 1361, 1705, 2627, 
2638, 1991, 1408, 1545, 2249, 2727, 2451, 1726, 1360, 1773, 
2494, 2716, 2194, 1510, 1430, 2320, 2737, 2388, 1660, 1367, 
1845, 2548, 2692, 2121, 1465, 1466, 2123, 2694, 2547, 1843, 
1368, 1917, 2596, 2665, 2045, 1429, 1511, 2196, 2716, 2493, 
1774, 1361, 1726, 2453, 2727, 2247, 1547, 1561, 2270, 2729, 
2433, 1708, 1361, 1795, 2512, 2712, 2175, 1496, 1438, 2069, 
2672, 2584, 1895, 1372, 1865, 2563, 2686, 2100, 1455, 1478, 
2144, 2701, 2532, 1824, 1366, 1679, 2406, 2735, 2301, 1420, 
1524, 2216, 2721, 2476, 1754, 1359, 1745, 2468, 2723, 2227, 
1531, 1415, 2012, 2649, 2616, 1687, 1363, 1814, 2526, 2705, 
2153, 1484, 1449, 2089, 2683, 2571, 1876, 1375, 1633, 2359, 
2739, 2078, 1444, 1488, 2163, 2707, 2518, 1803, 1365, 1696, 
2424, 2732, 2280, 1569, 1398, 1959, 2622, 2460, 1736, 1359, 
1764, 2484, 2719, 2207, 1518, 1427, 2035, 2659, 2603, 1927, 
1387, 1591, 2309, 2698, 2132, 1472, 1459, 2110, 2691, 2556, 
1855, 1371, 1651, 2378, 2736, 2332, 1609, 1380, 1905, 2713, 
2500, 1785, 1360, 1715, 2442, 2729, 2258, 1553, 1403, 1980, 
2632, 2633, 1982, 1404, 1553, 2501, 2713, 2187, 1504, 1433, 
2056, 2671, 2563, 1824, 1360, 1884, 2655, 2586, 1876, 1371, 
1671, 2621, 2644, 2004, 1412, 1537, 2237, 2724, 2462, 1735, 
1359, 1763, 2484, 2719, 2207, 1516, 1422, 2310, 2735, 2398, 
1671, 1367, 1832, 2539, 2699, 2132, 1473, 1458, 2110, 2689, 
2556, 1855, 1370, 1904, 2588, 2670, 2059, 1434, 1502, 2183, 
2712, 2503, 1784, 1359, 1714, 2441, 2729, 2260, 1554, 1551, 
2258, 2729, 2441, 1716, 1361, 1780, 2500, 2716, 2188, 1505, 
1432, 2054, 2668, 2591, 1907, 1369, 1852, 2553, 2691, 2112, 
1461, 1472, 2129, 2695, 2543, 1835, 1366, 1667, 2395, 2736, 
2311, 1424, 1515, 2204, 2718, 2488, 1766, 1360, 1732, 2457, 
2726, 2240, 1540, 1411, 1999, 2643, 2623, 1699, 1363, 1801, 
2516, 2708, 2167, 1492, 1443, 2076, 2678, 2579, 1888, 1376, 
1623, 2349, 2737, 2092, 1451, 1483, 2151, 2703, 2527, 1815, 
1364, 1684, 2413, 2734, 2291, 1577, 1392, 1947, 2614, 2468, 
1747, 1359, 1752, 2474, 2721, 2222, 1526, 1417, 2023, 2654, 
2610, 1939, 1391, 1583, 2297, 2703, 2145, 1480, 1452, 2096, 
2686, 2566, 1869, 1372, 1640, 2364, 2737, 2343, 1619, 1378, 
1892, 2709, 2513, 1795, 1361, 1701, 2431, 2731, 2272, 1562, 
1399, 1967, 2625, 2640, 1996, 1408, 1544, 2491, 2717, 2200, 
1511, 1426, 2040, 2663, 2599, 1920, 1384, 1598, 2316, 2736, 
2392, 1663, 1368, 2118, 2694, 2550, 1848, 1369, 1657, 2386, 
2736, 2323, 1603, 1382, 1912, 2595, 2667, 2049, 1432, 1720, 
2449, 2729, 2252, 1546, 1404, 1987, 2636, 2628, 1974, 1400, 
1558, 2266, 2731, 2437, 1710, 1437, 2063, 2671, 2586, 1897, 
1379, 1614, 2335, 2738, 2374, 1645, 1372, 1862, 2559, 2687, 
2104, 1365, 1673, 2403, 2736, 2302, 1587, 1388, 1936, 2607, 
2656, 2027, 1421, 1521, 2212, 2721, 2480, 1534, 1415, 2008, 
2647, 2617, 1952, 1395, 1572, 2286, 2735, 2421, 1692, 1363, 
1810, 2523, 2707, 1879, 1375, 1627, 2353, 2738, 2354, 1630, 
1375, 1881, 2574, 2680, 2082, 1446, 1487, 2159, 2707, 2284, 
1571, 1396, 1956, 2619, 2648, 2007, 1413, 1534, 2232, 2725, 
2463, 1740, 1361, 1763, 2481, 2607, 1932, 1388, 1589, 2305, 
2735, 2402, 1675, 1367, 1830, 2536, 2701, 2137, 1475, 1457, 
2107, 2736, 2334, 1612, 1380, 1902, 2588, 2673, 2062, 1436, 
1502, 2180, 2713, 2505, 1788, 1362, 1711, 2630, 2636, 1987, 
1406, 1549, 2254, 2728, 2446, 1720, 1361, 1779, 2497, 2715, 
2191, 1507, 1430, 2324, 2737, 2387, 1656, 1369, 1852, 2551, 
2691, 2115, 1464, 1468, 2127, 2695, 2545, 1840, 1367, 1921, 
2599, 2663, 2040, 1427, 1512, 2201, 2719, 2488, 1769, 1360, 
1731, 2456, 2723, 2243, 1541, 1561, 2273, 2731, 2429, 1703, 
1363, 1798, 2514, 2711, 2169, 1495, 1441, 2072, 2675, 2580, 
1891, 1372, 1867, 2564, 2684, 2092, 1451, 1480, 2148, 2702, 
2529, 1820, 1364, 1682, 2411, 2734, 2296, 1418, 1526, 2222, 
2720, 2472, 1750, 1358, 1748, 2472, 2723, 2222, 1527, 1417, 
2019, 2652, 2614, 1686, 1363, 1819, 2528, 2702, 2148, 1482, 
1451, 2094, 2685, 2568, 1871, 1373, 1636, 2363, 2738, 2072, 
1442, 1491, 2168, 2711, 2514, 1799, 1363, 1699, 2430, 2732, 
2273, 1563, 1398, 1964, 2624, 2458, 1731, 1363, 1768, 2488, 
2719, 2203, 1514, 1425, 2039, 2662, 2601, 1923, 1386, 1595, 
2313, 2697, 2128, 1470, 1461, 2115, 2694, 2551, 1852, 1371, 
1654, 2383, 2732, 2328, 1606, 1381, 1908, 2715, 2499, 1779, 
1360, 1719, 2446, 2729, 2255, 1550, 1404, 1984, 2636, 2631, 
1976, 1403, 1558, 2507, 2713, 2182, 1501, 1436, 2059, 2671, 
2587, 1903, 1380, 1612, 2333, 2737, 2376, 1649, 1369, 2136, 
2698, 2540, 1831, 1367, 1673, 2400, 2735, 2307, 1589, 1387, 
1931, 2605, 2659, 1431, 2055, 2735, 2374, 1647, 1368, 1856, 
2555, 2687, 2104, 1456, 1472, 2132, 2695, 2539, 1830, 1366, 
1671, 2601, 2656, 2029, 1422, 1518, 2207, 2717, 2480, 1759, 
1360, 1736, 2460, 2723, 2234, 1536, 1411, 2279, 2729, 2421, 
1694, 1361, 1806, 2518, 2703, 2159, 1487, 1442, 2079, 2676, 
2574, 1881, 1372, 1876, 2568, 2683, 2086, 1444, 1486, 2155, 
2704, 2521, 1810, 1363, 1689, 2416, 2732, 2287, 1574, 1532, 
2229, 2723, 2465, 1742, 1359, 1756, 2476, 2719, 2212, 1523, 
1418, 2023, 2654, 2607, 1934, 1361, 1824, 2532, 2699, 2140, 
1475, 1454, 2100, 2686, 2560, 1862, 1370, 1642, 2368, 2736, 
2337, 1436, 1496, 2176, 2712, 2508, 1791, 1363, 1708, 2435, 
2727, 2265, 1559, 1397, 1971, 2627, 2633, 1723, 1358, 1775, 
2494, 2715, 2194, 1510, 1428, 2047, 2663, 2595, 1915, 1383, 
1600, 2320, 2737, 2120, 1464, 1467, 2119, 2694, 2547, 1841, 
1369, 1661, 2389, 2736, 2319, 1599, 1384, 1917, 2597, 2491, 
1772, 1359, 1725, 2452, 2727, 2247, 1545, 1408, 1992, 2639, 
2627, 1968, 1399, 1564, 2270, 2712, 2172, 1492, 1439, 2069, 
2673, 2580, 1894, 1377, 1616, 2340, 2737, 2367, 1641, 1372, 
1865, 2700, 2531, 1823, 1364, 1678, 2407, 2735, 2299, 1584, 
1391, 1940, 2611, 2652, 2023, 1419, 1523, 2468, 2724, 2227, 
1530, 1416, 2014, 2651, 2615, 1949, 1392, 1575, 2291, 2732, 
2415, 1687, 1364, 2089, 2682, 2571, 1871, 1373, 1634, 2359, 
2736, 2350, 1626, 1372, 1886, 2577, 2679, 2079, 1443, 1696, 
2425, 2732, 2279, 1567, 1397, 1959, 2622, 2644, 2001, 1411, 
1537, 2239, 2726, 2460, 1736, 1423, 2036, 2662, 2604, 1926, 
1389, 1592, 2309, 2735, 2398, 1668, 1367, 1834, 2540, 2697, 
2131, 1369, 1651, 2379, 2736, 2332, 1607, 1382, 1906, 2591, 
2672, 2057, 1432, 1502, 2187, 2715, 2500, 1551, 1404, 1980, 
2632, 2631, 1983, 1403, 1554, 2259, 2729, 2444, 1718, 1363, 
1785, 2504, 2715, 1905, 1379, 1608, 2328, 2731, 2380, 1651, 
1369, 1854, 2558, 2692, 2111, 1460, 1471, 2132, 2696, 2311, 
1592, 1385, 1926, 2603, 2662, 2035, 1424, 1518, 2207, 2719, 
2487, 1766, 1359, 1733, 2459, 2620, 1958, 1394, 1568, 2278, 
2730, 2425, 1698, 1363, 1804, 2520, 2712, 2167, 1493, 1443, 
2076, 2736, 2358, 1634, 1372, 1875, 2571, 2683, 2089, 1450, 
1483, 2152, 2704, 2526, 1814, 1364, 1686, 2616, 2651, 2016, 
1421, 1533, 2227, 2724, 2469, 1744, 1359, 1752, 2475, 2721, 
2219, 1524, 1420, 2300, 2735, 2408, 1680, 1364, 1822, 2531, 
2702, 2144, 1479, 1452, 2099, 2684, 2564, 1867, 1369, 1894, 
2584, 2675, 2067, 1439, 1495, 2173, 2710, 2511, 1792, 1363, 
1704, 2432, 2732, 2272, 1562, 1545, 2247, 2728, 2452, 1726, 
1360, 1771, 2491, 2716, 2196, 1511, 1425, 2044, 2664, 2598, 
1920, 1369, 1844, 2548, 2696, 2124, 1468, 1467, 2119, 2692, 
2548, 1844, 1367, 1658, 2386, 2737, 2319, 1433, 1510, 2195, 
2717, 2497, 1778, 1358, 1723, 2449, 2729, 2251, 1548, 1408, 
1990, 2640, 2631, 1711, 1363, 1792, 2508, 2710, 2175, 1496, 
1438, 2065, 2673, 2585, 1898, 1382, 1617, 2339, 2739, 2100, 
1454, 1475, 2137, 2700, 2534, 1827, 1366, 1678, 2403, 2735, 
2303, 1587, 1391, 1937, 2611, 2479, 1758, 1360, 1743, 2465, 
2723, 2228, 1531, 1414, 2012, 2651, 2616, 1952, 1396, 1575, 
2291, 2707, 2156, 1484, 1445, 2083, 2680, 2571, 1879, 1376, 
1633, 2359, 2740, 2357, 1630, 1376, 1882, 2704, 2515, 1804, 
1363, 1695, 2425, 2735, 2283, 1575, 1399, 1957, 2620, 2647, 
2007, 1413, 1533, 2484, 2722, 2211, 1518, 1422, 2030, 2656, 
2604, 1929, 1388, 1591, 2307, 2736, 2325, 1542, 1464, 2491, 
2705, 2123, 1468, 1470, 2140, 2712, 2515, 1798, 1365, 1703, 
2432, 2731, 2272, 1560, 1396, 2243, 2727, 2454, 1728, 1361, 
1772, 2492, 2719, 2201, 1512, 1426, 2040, 2661, 2595, 1923, 
1387, 1841, 2545, 2697, 2126, 1471, 1467, 2120, 2695, 2552, 
1847, 1368, 1654, 2382, 2736, 2326, 1602, 1508, 2195, 2716, 
2497, 1779, 1360, 1722, 2448, 2726, 2248, 1544, 1402, 1986, 
2636, 2629, 1976, 1363, 1790, 2508, 2712, 2177, 1497, 1434, 
2060, 2672, 2585, 1899, 1380, 1615, 2339, 2740, 2375, 1457, 
1475, 2136, 2700, 2534, 1830, 1364, 1675, 2404, 2736, 2307, 
1589, 1390, 1934, 2607, 2657, 1758, 1360, 1743, 2464, 2724, 
2233, 1535, 1415, 2009, 2648, 2617, 1952, 1395, 1571, 2284, 
2728, 2159, 1486, 1448, 2087, 2679, 2574, 1881, 1376, 1630, 
2355, 2737, 2351, 1627, 1372, 1880, 2574, 2524, 1810, 1365, 
1694, 2422, 2734, 2284, 1571, 1396, 1955, 2620, 2643, 2008, 
1417, 1532, 2233, 2716, 2207, 1518, 1419, 2028, 2656, 2607, 
1932, 1389, 1588, 2304, 2736, 2403, 1676, 1367, 1828, 2688, 
2558, 1859, 1370, 1647, 2373, 2737, 2334, 1615, 1379, 1903, 
2588, 2672, 2060, 1434, 1498, 2439, 2732, 2266, 1559, 1404, 
1976, 2630, 2636, 1987, 1404, 1548, 2251, 2728, 2448, 1722, 
1365, 2051, 2672, 2593, 1912, 1382, 1601, 2320, 2735, 2383, 
1655, 1369, 1849, 2553, 2694, 2116, 1463, 1665, 2392, 2736, 
2315, 1596, 1385, 1921, 2599, 2663, 2040, 1425, 1511, 2198, 
2713, 2488, 1771, 1410, 1996, 2643, 2628, 1968, 1403, 1566, 
2273, 2729, 2428, 1700, 1361, 1798, 2515, 2711, 2172, 1379, 
1622, 2345, 2740, 2364, 1637, 1371, 1867, 2564, 2683, 2095, 
1452, 1480, 2150, 2705, 2529, 1577, 1388, 1941, 2611, 2652, 
2020, 1420, 1529, 2224, 2724, 2475, 1749, 1357, 1747, 2470, 
2721, 1944, 1392, 1580, 2296, 2736, 2416, 1689, 1367, 1815, 
2526, 2700, 2148, 1480, 1451, 2094, 2686, 2348, 1623, 1376, 
1888, 2577, 2675, 2073, 1441, 1494, 2169, 2715, 2516, 1804, 
1365, 1700, 2428, 2639, 1996, 1409, 1541, 2240, 2729, 2457, 
1735, 1363, 1769, 2489, 2719, 2204, 1513, 1425, 2037, 2736, 
2393, 1664, 1366, 1835, 2543, 2696, 2128, 1470, 1462, 2115, 
2692, 2555, 1852, 1368, 1657, 2592, 2668, 2054, 1431, 1504, 
2188, 2713, 2498, 1779, 1360, 1718, 2438, 2729, 2256, 1551, 
1405, 2263, 2731, 2441, 1713, 1361, 1787, 2504, 2716, 2183, 
1501, 1436, 2060, 2671, 2590, 1903, 1380, 1857, 2558, 2690, 
2105, 1459, 1473, 2134, 2699, 2539, 1833, 1367, 1673, 2402, 
2738, 2309, 1590, 1518, 2208, 2715, 2481, 1762, 1363, 1738, 
2462, 2727, 2236, 1537, 1412, 2004, 2645, 2617, 1953, 1363, 
1808, 2523, 2711, 2166, 1492, 1447, 2081, 2679, 2574, 1880, 
1372, 1625, 2351, 2739, 2359, 1447, 1487, 2158, 2707, 2524, 
1811, 1366, 1689, 2419, 2736, 2288, 1575, 1395, 1951, 2616, 
2646, 1740, 1358, 1756, 2478, 2723, 2216, 1527, 1423, 2030, 
2662, 2608, 1934, 1386, 1581, 2299, 2735, 2136, 1476, 1456, 
2102, 2688, 2564, 1865, 1374, 1645, 2372, 2735, 2337, 1614, 
1376, 1895, 2583, 2507, 1791, 1361, 1708, 2436, 2727, 2267, 
1562, 1404, 1972, 2630, 2639, 1985, 1408, 1548, 2251, 2715, 
2195, 1508, 1429, 2047, 2667, 2597, 1916, 1385, 1603, 2323, 
2737, 2386, 1657, 1369, 1846, 2695, 2547, 1842, 1363, 1662, 
2388, 2735, 2320, 1600, 1385, 1919, 2599, 2667, 2046, 1428, 
1512, 2451, 2727, 2247, 1543, 1406, 1992, 2639, 2625, 1967, 
1400, 1561, 2271, 2728, 2433, 1708, 1366, 2070, 2674, 2584, 
1896, 1377, 1618, 2342, 2736, 2366, 1639, 1371, 1865, 2563, 
2687, 2099, 1457, 1683, 2410, 2736, 1363, 1794, 2512, 2712, 
2172, 1495, 1438, 2065, 2675, 2580, 1894, 1376, 1616, 2562, 
2684, 2096, 1452, 1476, 2140, 2697, 2529, 1821, 1365, 1680, 
2408, 2736, 2303, 1586, 1394, 2215, 2718, 2471, 1750, 1356, 
1742, 2464, 2722, 2227, 1532, 1418, 2015, 2650, 2614, 1948, 
1391, 1813, 2523, 2702, 2151, 1481, 1447, 2087, 2681, 2568, 
1872, 1372, 1632, 2360, 2743, 2352, 1627, 1491, 2164, 2708, 
2515, 1800, 1360, 1694, 2422, 2731, 2280, 1571, 1399, 1963, 
2624, 2645, 2005, 1360, 1763, 2483, 2716, 2203, 1515, 1420, 
2032, 2657, 2600, 1927, 1389, 1591, 2308, 2736, 2400, 1473, 
1461, 2110, 2689, 2552, 1849, 1365, 1648, 2375, 2736, 2331, 
1609, 1383, 1908, 2591, 2670, 1786, 1359, 1711, 2438, 2726, 
2257, 1552, 1402, 1983, 2634, 2634, 1982, 1404, 1552, 2256, 
2726, 2186, 1504, 1437, 2059, 2670, 2592, 1908, 1380, 1607, 
2328, 2736, 2377, 1650, 1366, 1855, 2555, 2540, 1833, 1367, 
1670, 2394, 2736, 2311, 1592, 1385, 1926, 2603, 2661, 2035, 
1425, 1518, 2206, 2725, 2239, 1538, 1411, 2002, 2646, 2623, 
1960, 1400, 1567, 2278, 2731, 2424, 1699, 1360, 1799, 2676, 
2576, 1887, 1377, 1625, 2350, 2740, 2363, 1635, 1373, 1874, 
2567, 2680, 2087, 1447, 1481, 2415, 2733, 2293, 1579, 1396, 
1948, 2617, 2651, 2015, 1412, 1527, 2225, 2721, 2471, 1747, 
1360, 2025, 2655, 2611, 1939, 1389, 1582, 2297, 2732, 2407, 
1679, 1365, 1823, 2535, 2703, 2146, 1478, 1643, 2371, 2736, 
2348, 1618, 1377, 1892, 2582, 2676, 2069, 1438, 1495, 2173, 
2711, 2511, 1795, 1400, 1968, 2627, 2641, 1993, 1411, 1545, 
2247, 2721, 2455, 1727, 1360, 1769, 2494, 2719, 2199, 1388, 
1599, 2319, 2735, 2388, 1660, 1366, 1839, 2543, 2692, 2121, 
1466, 1465, 2120, 2695, 2551, 1603, 1384, 1915, 2596, 2663, 
2046, 1430, 1509, 2192, 2717, 2497, 1779, 1363, 1726, 2448, 
2726, 1969, 1398, 1559, 2264, 2728, 2435, 1710, 1364, 1795, 
2512, 2713, 2177, 1496, 1433, 2062, 2670, 2370, 1643, 1371, 
1865, 2563, 2690, 2104, 1457, 1477, 2140, 2698, 2533, 1827, 
1365, 1676, 2403, 2656, 2025, 1420, 1522, 2215, 2721, 2480, 
1758, 1360, 1743, 2467, 2724, 2232, 1533, 1414, 2011, 2732, 
2419, 1690, 1360, 1809, 2524, 2707, 2156, 1487, 1448, 2088, 
2683, 2575, 1878, 1375, 1630, 2571, 2675, 2076, 1444, 1488, 
2163, 2712, 2522, 1813, 1366, 1696, 2419, 2729, 2279, 1566, 
1394, 2233, 2723, 2465, 1744, 1364, 1763, 2484, 2719, 2206, 
1515, 1419, 2029, 2657, 2607, 1933, 1391, 1834, 2541, 2703, 
2134, 1471, 1454, 2104, 2687, 2556, 1859, 1372, 1651, 2378, 
2740, 2335, 1614, 1502, 2180, 2712, 2503, 1783, 1361, 1710, 
2439, 2729, 2263, 1555, 1401, 1976, 2627, 2635, 1987, 1364, 
1782, 2499, 2717, 2190, 1504, 1432, 2051, 2667, 2590, 1910, 
1383, 1606, 2325, 2740, 2383, 1464, 1471, 2127, 2696, 2541, 
1836, 1364, 1663, 2391, 2734, 2313, 1596, 1389, 1923, 2604, 
2664, 1771, 1362, 1731, 2456, 2726, 2242, 1538, 1408, 1998, 
2644, 2626, 1968, 1403, 1569, 2278, 2732, 2166, 1490, 1437, 
2070, 2672, 2580, 1889, 1377, 1624, 2348, 2743, 2366, 1639, 
1373, 1870, 2566, 2524, 1814, 1364, 1683, 2412, 2736, 2295, 
1581, 1393, 1945, 2615, 2652, 2017, 1417, 1526, 2220, 2719, 
2220, 1527, 1418, 2016, 2650, 2615, 1944, 1392, 1588, 2297, 
2735, 2414, 1685, 1367, 1819, 2682, 2564, 1868, 1372, 1636, 
2363, 2736, 2345, 1622, 1380, 1896, 2584, 2681, 2074, 1438, 
1492, 2424, 2726, 2268, 1560, 1397, 1966, 2627, 2645, 2001, 
1412, 1544, 2245, 2726, 2454, 1727, 1357, 2038, 2663, 2575, 
1842, 1365, 1873, 2646, 2593, 1888, 1366, 1653, 2400, 2726, 
2235, 1537, 1417, 2288, 2732, 2419, 1688, 1357, 1806, 2520, 
2704, 2159, 1490, 1448, 2088, 2686, 2578, 1884, 1375, 1879, 
2571, 2676, 2080, 1447, 1485, 2159, 2710, 2523, 1811, 1363, 
1691, 2417, 2731, 2286, 1571, 1534, 2233, 2727, 2467, 1743, 
1361, 1759, 2479, 2720, 2211, 1519, 1420, 2028, 2660, 2606, 
1934, 1367, 1827, 2536, 2700, 2136, 1472, 1453, 2102, 2686, 
2559, 1860, 1371, 1648, 2375, 2739, 2336, 1437, 1499, 2178, 
2711, 2504, 1788, 1367, 1710, 2439, 2734, 2268, 1559, 1402, 
1975, 2630, 2633, 1718, 1357, 1776, 2496, 2716, 2193, 1508, 
1432, 2051, 2669, 2596, 1915, 1382, 1604, 2320, 2735, 2114, 
1461, 1467, 2124, 2699, 2547, 1843, 1371, 1668, 2395, 2736, 
2318, 1598, 1384, 1917, 2598, 2488, 1768, 1357, 1728, 2456, 
2729, 2247, 1543, 1411, 1996, 2641, 2624, 1967, 1399, 1564, 
2272, 2708, 2172, 1491, 1440, 2068, 2672, 2579, 1894, 1379, 
1623, 2347, 2743, 2368, 1643, 1370, 1863, 2694, 2524, 1816, 
1363, 1681, 2412, 2737, 2302, 1584, 1394, 1944, 2609, 2652, 
2016, 1415, 1526, 2470, 2724, 2227, 1531, 1421, 2019, 2652, 
2612, 1943, 1387, 1575, 2292, 2732, 2415, 1687, 1367, 2095, 
2684, 2567, 1871, 1372, 1633, 2360, 2737, 2348, 1624, 1376, 
1891, 2580, 2679, 2076, 1443, 1696, 2425, 2728, 2275, 1564, 
1399, 1966, 2627, 2643, 2000, 1410, 1537, 2239, 2723, 2456, 
1731, 1425, 2039, 2662, 2604, 1929, 1391, 1595, 2312, 2735, 
2392, 1666, 1366, 1835, 2543, 2697, 2130, 1372, 1646, 2374, 
2736, 2337, 1613, 1377, 1897, 2584, 2672, 2063, 1438, 1499, 
2177, 2712, 2508, 1564, 1396, 1962, 2624, 2641, 2000, 1412, 
1540, 2241, 2727, 2460, 1735, 1360, 1767, 2487, 2720, 1932, 
1386, 1583, 2301, 2734, 2404, 1678, 1367, 1828, 2536, 2702, 
2143, 1479, 1455, 2099, 2688, 2345, 1623, 1376, 1888, 2579, 
2680, 2079, 1443, 1494, 2169, 2712, 2515, 1803, 1363, 1695, 
2425, 2640, 1999, 1408, 1537, 2238, 2727, 2459, 1731, 1365, 
1768, 2488, 2719, 2206, 1516, 1425, 2036, 2735, 2394, 1667, 
1363, 1833, 2542, 2700, 2131, 1472, 1462, 2112, 2692, 2555, 
1854, 1369, 1651, 2587, 2664, 2052, 1430, 1501, 2187, 2716, 
2505, 1785, 1364, 1719, 2446, 2728, 2257, 1551, 1403, 2257, 
2728, 2441, 1718, 1366, 1788, 2505, 2713, 2182, 1499, 1431, 
2054, 2668, 2588, 1907, 1385, 1860, 2557, 2691, 2108, 1459, 
1470, 2130, 2695, 2540, 1833, 1369, 1670, 2400, 2739, 2312, 
1592, 1517, 2207, 2719, 2483, 1763, 1361, 1737, 2462, 2729, 
2238, 1537, 1410, 2001, 2639, 2619, 1956, 1363, 1806, 2520, 
2711, 2165, 1493, 1446, 2081, 2677, 2574, 1882, 1375, 1623, 
2349, 2737, 2359, 1451, 1486, 2158, 2706, 2526, 1815, 1364, 
1687, 2414, 2731, 2288, 1574, 1394, 1950, 2617, 2650, 1744, 
1359, 1753, 2476, 2721, 2219, 1522, 1422, 2028, 2658, 2611, 
1939, 1391, 1582, 2300, 2732, 2140, 1478, 1456, 2099, 2688, 
2564, 1868, 1373, 1646, 2371, 2738, 2340, 1616, 1377, 1895, 
2582, 2508, 1792, 1364, 1708, 2433, 2731, 2271, 1561, 1403, 
1971, 2630, 2641, 1995, 1406, 1547, 2247, 2715, 2195, 1508, 
1426, 2043, 2664, 2596, 1919, 1385, 1603, 2324, 2740, 2390, 
1662, 1369, 1843, 2692, 2546, 1843, 1367, 1659, 2387, 2736, 
2321, 1600, 1386, 1916, 2598, 2667, 2046, 1432, 1510, 2451, 
2724, 2248, 1545, 1404, 1987, 2638, 2628, 1969, 1401, 1563, 
2271, 2732, 2436, 1709, 1361, 2066, 2672, 2584, 1895, 1378, 
1617, 2339, 2737, 2371, 1644, 1372, 1865, 2563, 2688, 2102, 
1456, 1679, 2406, 2737, 2299, 1582, 1388, 1937, 2609, 2656, 
1439, 2064, 2668, 2583, 1895, 1378, 1616, 2560, 2684, 2098, 
1454, 1474, 2137, 2698, 2530, 1825, 1366, 1676, 2403, 2732, 
2300, 1584, 1390, 2214, 2720, 2473, 1756, 1356, 1742, 2462, 
2720, 2226, 1531, 1414, 2010, 2648, 2614, 1949, 1393, 1811, 
2523, 2703, 2152, 1483, 1446, 2084, 2680, 2567, 1874, 1373, 
1631, 2356, 2736, 2352, 1628, 1492, 2163, 2707, 2520, 1805, 
1363, 1695, 2418, 2728, 2278, 1566, 1394, 1955, 2620, 2641, 
2006, 1363, 1764, 2484, 2719, 2208, 1516, 1421, 2029, 2652, 
2600, 1927, 1387, 1590, 2308, 2736, 2401, 1473, 1458, 2108, 
2688, 2555, 1856, 1369, 1649, 2375, 2735, 2332, 1608, 1379, 
1902, 2586, 2668, 1784, 1363, 1715, 2444, 2731, 2264, 1556, 
1401, 1976, 2627, 2630, 1978, 1400, 1548, 2255, 2730, 2190, 
1506, 1433, 2054, 2668, 2590, 1907, 1379, 1606, 2327, 2737, 
2383, 1655, 1370, 1852, 2553, 2540, 1836, 1366, 1668, 2395, 
2736, 2315, 1596, 1388, 1925, 2601, 2660, 2035, 1423, 1512, 
2200, 2724, 2239, 1540, 1414, 2003, 2646, 2625, 1962, 1396, 
1563, 2273, 2728, 2422, 1696, 1362, 1801, 2680, 2582, 1891, 
1379, 1623, 2345, 2736, 2360, 1635, 1375, 1873, 2568, 2687, 
2094, 1455, 1484, 2412, 2732, 2291, 1575, 1391, 1944, 2614, 
2652, 2018, 1419, 1529, 2223, 2722, 2468, 1746, 1359, 2020, 
2655, 2613, 1945, 1394, 1582, 2296, 2731, 2407, 1676, 1359, 
1819, 2531, 2703, 2148, 1484, 1641, 2368, 2739, 2342, 1619, 
1375, 1888, 2579, 2675, 2072, 1438, 1495, 2172, 2712, 2515, 
1800, 1401, 1968, 2627, 2642, 1995, 1410, 1541, 2243, 2723, 
2454, 1727, 1360, 1770, 2492, 2723, 2204, 1390, 1589, 2307, 
2735, 2400, 1670, 1363, 1827, 2535, 2697, 2136, 1475, 1459, 
2108, 2691, 2560, 1612, 1379, 1904, 2590, 2670, 2061, 1435, 
1499, 2180, 2711, 2504, 1787, 1361, 1711, 2439, 2731, 1985, 
1407, 1552, 2256, 2731, 2447, 1720, 1360, 1777, 2496, 2713, 
2188, 1504, 1431, 2051, 2670, 2384, 1657, 1371, 1849, 2555, 
2691, 2113, 1460, 1467, 2126, 2696, 2546, 1839, 1369, 1664, 
2391, 2661, 2036, 1423, 1513, 2203, 2719, 2492, 1771, 1364, 
1730, 2456, 2727, 2237, 1539, 1406, 1996, 2733, 2432, 1702, 
1366, 1804, 2515, 2712, 2168, 1491, 1439, 2070, 2674, 2579, 
1890, 1378, 1623, 2569, 2683, 2093, 1449, 1479, 2145, 2699, 
2526, 1819, 1366, 1683, 2412, 2736, 2296, 1583, 1395, 2224, 
2723, 2471, 1749, 1357, 1747, 2471, 2723, 2222, 1527, 1414, 
2020, 2652, 2614, 1944, 1393, 1820, 2531, 2707, 2148, 1481, 
1452, 2092, 2681, 2564, 1868, 1367, 1638, 2364, 2738, 2350, 
1624, 1497, 2172, 2712, 2513, 1799, 1361, 1697, 2426, 2728, 
2273, 1563, 1399, 1968, 2628, 2643, 2000, 1364, 1769, 2487, 
2717, 2203, 1516, 1425, 2036, 2660, 2598, 1921, 1384, 1597, 
2316, 2739, 2398, 1473, 1465, 2115, 2692, 2550, 1848, 1367, 
1652, 2380, 2734, 2327, 1604, 1384, 1912, 2596, 2671, 1782, 
1363, 1717, 2444, 2727, 2255, 1551, 1404, 1985, 2636, 2631, 
1975, 1401, 1555, 2262, 2728, 2182, 1501, 1438, 2061, 2672, 
2588, 1902, 1380, 1612, 2331, 2736, 2375, 1646, 1368, 1859, 
2561, 2538, 1832, 1366, 1673, 2400, 2735, 2305, 1587, 1388, 
1932, 2606, 2659, 2031, 1425, 1520, 2211, 2723, 2230, 1534, 
1412, 2007, 2647, 2622, 1959, 1402, 1574, 2284, 2731, 2419, 
1692, 1359, 1803, 2676, 2575, 1883, 1377, 1632, 2356, 2742, 
2360, 1632, 1373, 1877, 2569, 2680, 2082, 1444, 1486, 2420, 
2734, 2287, 1571, 1394, 1951, 2618, 2647, 2008, 1415, 1533, 
2232, 2727, 2470, 1744, 1362, 2027, 2656, 2607, 1933, 1386, 
1584, 2303, 2736, 2337, 1554, 1457, 2243, 2732, 2415, 1663, 
1367, 2125, 2709, 2518, 1800, 1363, 1699, 2425, 2731, 2273, 
1564, 1396, 1965, 2627, 2647, 2004, 1414, 1768, 2488, 2716, 
2201, 1510, 1423, 2034, 2660, 2600, 1926, 1388, 1596, 2316, 
2737, 2398, 1669, 1462, 2114, 2692, 2556, 1851, 1368, 1652, 
2377, 2735, 2326, 1604, 1380, 1910, 2596, 2672, 2058, 1363, 
1722, 2446, 2728, 2252, 1548, 1400, 1979, 2631, 2631, 1979, 
1406, 1560, 2264, 2733, 2443, 1500, 1432, 2055, 2668, 2588, 
1904, 1381, 1611, 2332, 2741, 2375, 1651, 1371, 1857, 2558, 
2689, 1831, 1368, 1676, 2403, 2737, 2311, 1592, 1385, 1927, 
2603, 2657, 2030, 1422, 1518, 2208, 2720, 2247, 1545, 1408, 
1991, 2638, 2623, 1964, 1399, 1561, 2272, 2728, 2433, 1705, 
1361, 1794, 2508, 2579, 1890, 1376, 1619, 2343, 2741, 2371, 
1645, 1376, 1867, 2564, 
END
