---Starting setup---
allocating ring buffer
bufferMutex created successfully
---finished setup---
Printing Task started
starting ADC Task on core: 1
Trigger at idx=8192 raw=2521
Capture ready: pre-trigger + post-trigger window complete.
TRIGGER TYPE IS: RISING
Sample threshold is: 2048

----DEBUG INFO----
Core: 0, Trigger: 8192, Size: 16384
START
0, 4095, 2646, 1759, 2084, 2515, 1371, 2106, 2503, 1362, 
2127, 2489, 1359, 2153, 2481, 1355, 2176, 2470, 1351, 2197, 
1950, 1451, 2609, 1931, 1465, 2619, 1911, 1479, 2628, 1891, 
1495, 2638, 1873, 1507, 2648, 1855, 2019, 2584, 1416, 2039, 
2571, 1406, 2060, 2561, 1397, 2082, 2550, 1388, 2107, 2539, 
1382, 2128, 1339, 2347, 2352, 1337, 2364, 2335, 1340, 2386, 
2318, 1343, 2404, 2303, 1348, 2424, 2283, 1345, 2692, 1727, 
1648, 2694, 1708, 1669, 2697, 1692, 1687, 2697, 1672, 1703, 
2699, 1653, 1723, 2696, 1351, 2280, 2435, 1351, 2303, 2419, 
1349, 2323, 2403, 1347, 2342, 1751, 1636, 2702, 1735, 1656, 
2520, 1376, 2205, 2505, 1370, 2225, 2488, 1363, 2244, 2472, 
1358, 2265, 2456, 1356, 2287, 2442, 1512, 2672, 1900, 1528, 
2680, 1879, 1542, 2686, 1859, 1556, 2691, 1836, 1572, 2695, 
1817, 1589, 2580, 1407, 2128, 2571, 1400, 2150, 2556, 1392, 
2169, 2542, 1383, 2190, 2529, 1376, 2210, 2514, 1464, 2648, 
1990, 1479, 2656, 1968, 1491, 2664, 1949, 1503, 2672, 1926, 
1511, 2677, 1905, 1532, 2633, 1449, 2047, 2625, 1439, 2067, 
2612, 1427, 2087, 2599, 1417, 2108, 2588, 1411, 2133, 2580, 
1425, 2609, 2078, 1433, 2618, 2054, 1444, 2628, 2034, 1456, 
2641, 2017, 1468, 2649, 1995, 1481, 2674, 1501, 1962, 2666, 
1486, 1983, 2658, 1475, 2004, 2648, 1462, 2027, 2638, 1451, 
2044, 2628, 1392, 2558, 2168, 1401, 2575, 2145, 1408, 2587, 
2126, 1418, 2599, 2105, 1427, 2612, 2083, 1438, 2706, 1560, 
1880, 2700, 1544, 1899, 2692, 1528, 1922, 2685, 1513, 1940, 
2676, 1501, 1962, 2669, 1372, 2503, 2256, 1379, 2518, 2234, 
1381, 2531, 2211, 1386, 2547, 2193, 1397, 2566, 2175, 1406, 
2728, 1627, 1799, 2719, 1606, 1816, 2716, 1592, 1838, 2713, 
1578, 1863, 2711, 1564, 1883, 2704, 1358, 2433, 2336, 1365, 
2453, 2318, 1367, 2468, 2299, 1371, 2489, 2279, 1376, 2506, 
2259, 1379, 2732, 1699, 1721, 2732, 1677, 1739, 2731, 1660, 
1760, 2728, 1644, 1782, 2729, 1629, 1801, 2725, 1367, 2366, 
2419, 1365, 2384, 2398, 1360, 2400, 2379, 1361, 2422, 2360, 
1363, 2439, 2341, 1366, 2731, 1778, 1651, 2729, 1756, 1662, 
2729, 1737, 1683, 2732, 1720, 1703, 2736, 1702, 1724, 2737, 
1375, 2286, 2487, 1374, 2305, 2468, 1364, 2324, 2452, 1363, 
2347, 2439, 1368, 2368, 2419, 1364, 2713, 1857, 1580, 2716, 
1834, 1594, 2721, 1820, 1616, 2729, 1801, 1631, 2734, 1779, 
1648, 2731, 1394, 2200, 2551, 1389, 2225, 2536, 1385, 2240, 
2521, 1380, 2265, 2507, 1376, 2285, 2489, 1372, 2688, 1944, 
1522, 2695, 1918, 1536, 2703, 1902, 1552, 2708, 1881, 1569, 
2716, 1862, 1583, 2722, 1430, 2118, 2607, 1420, 2136, 2593, 
1409, 2155, 2579, 1404, 2181, 2569, 1400, 2204, 2557, 1393, 
2652, 2030, 1470, 2659, 2006, 1481, 2668, 1987, 1496, 2683, 
1967, 1510, 2688, 1948, 1524, 2697, 1473, 2031, 2649, 1459, 
2051, 2641, 1450, 2071, 2630, 1442, 2096, 2619, 1430, 2116, 
2606, 1423, 2606, 2118, 1429, 2620, 2097, 1443, 2632, 2076, 
1451, 2641, 2052, 1459, 2650, 2028, 1470, 2662, 1524, 1945, 
2691, 1511, 1966, 2683, 1498, 1987, 2671, 1485, 2009, 2667, 
1472, 2028, 2652, 1459, 2550, 2204, 1396, 2567, 2183, 1406, 
2581, 2163, 1411, 2595, 2144, 1421, 2604, 2121, 1496, 2727, 
1374, 2520, 2204, 1411, 2617, 2077, 1447, 2652, 1906, 1547, 
2709, 1886, 1568, 2714, 1864, 1582, 2620, 1431, 2113, 2607, 
1423, 2136, 2598, 1417, 2160, 2585, 1409, 2179, 2568, 1397, 
2200, 2553, 1460, 2652, 2033, 1472, 2665, 2016, 1486, 2675, 
1993, 1495, 2678, 1966, 1505, 2686, 1945, 1519, 2664, 1475, 
2030, 2659, 1466, 2054, 2646, 1450, 2069, 2630, 1438, 2095, 
2623, 1432, 2115, 2614, 1422, 2607, 2124, 1430, 2620, 2100, 
1436, 2628, 2077, 1446, 2639, 2055, 1457, 2648, 2035, 1471, 
2700, 1528, 1944, 2692, 1514, 1966, 2684, 1500, 1984, 2673, 
1486, 2005, 2663, 1475, 2028, 2657, 1392, 2549, 2207, 1398, 
2566, 2187, 1404, 2579, 2166, 1411, 2591, 2141, 1416, 2602, 
2116, 1424, 2719, 1586, 1857, 2719, 1574, 1881, 2715, 1555, 
1902, 2707, 1542, 1920, 2699, 1524, 1938, 2692, 1371, 2488, 
2293, 1378, 2505, 2272, 1381, 2519, 2248, 1382, 2531, 2225, 
1387, 2547, 2210, 1401, 2739, 1655, 1780, 2736, 1638, 1795, 
2729, 1619, 1815, 2726, 1602, 1836, 2723, 1588, 1858, 2720, 
1365, 2419, 2375, 1368, 2435, 2352, 1367, 2451, 2332, 1366, 
2467, 2311, 1369, 2484, 2291, 1375, 2742, 1731, 1703, 2742, 
1712, 1720, 2737, 1692, 1737, 2738, 1672, 1755, 2736, 1654, 
1775, 2734, 1363, 2339, 2447, 1369, 2363, 2428, 1366, 2380, 
2401, 1362, 2396, 2388, 1363, 2414, 2372, 1365, 2727, 1808, 
1630, 2736, 1790, 1644, 2736, 1769, 1661, 2735, 1745, 1679, 
2737, 1729, 1699, 2740, 1386, 2261, 2513, 1378, 2278, 2495, 
1372, 2296, 2478, 1368, 2320, 2463, 1369, 2343, 2448, 1369, 
2710, 1891, 1564, 2715, 1868, 1575, 2720, 1849, 1594, 2726, 
1830, 1611, 2731, 1809, 1628, 2734, 1408, 2175, 2574, 1398, 
2193, 2559, 1392, 2215, 2544, 1388, 2236, 2531, 1384, 2259, 
2515, 1379, 2679, 1975, 1507, 2687, 1953, 1518, 2693, 1935, 
1532, 2702, 1912, 1547, 2707, 1891, 1561, 2713, 1447, 2089, 
2627, 1436, 2108, 2613, 1426, 2131, 2600, 1415, 2150, 2586, 
1408, 2174, 2576, 1404, 2643, 2063, 1459, 2651, 2039, 1463, 
2657, 2016, 1478, 2668, 1999, 1494, 2679, 1978, 1504, 2687, 
1491, 2000, 2667, 1476, 2020, 2657, 1465, 2045, 2647, 1456, 
2064, 2639, 1447, 2087, 2627, 1436, 2589, 2147, 1416, 2601, 
2127, 1425, 2613, 2104, 1436, 2631, 2087, 1447, 2639, 2063, 
1455, 2648, 1544, 1915, 2695, 1528, 1935, 2692, 1516, 1961, 
2688, 1503, 1978, 2679, 1491, 2001, 2670, 1479, 2532, 2236, 
1389, 2546, 2215, 1395, 2560, 2191, 1403, 2574, 2170, 1409, 
2589, 2151, 1419, 2604, 1608, 1831, 2723, 1590, 1849, 2717, 
1573, 1871, 2716, 1561, 1895, 2711, 1548, 1917, 2703, 1532, 
2465, 2316, 1369, 2483, 2296, 1374, 2499, 2276, 1379, 2516, 
2256, 1384, 2531, 2235, 1388, 2544, 1676, 1751, 2735, 1659, 
1769, 2735, 1643, 1792, 2732, 1627, 1811, 2732, 1609, 1831, 
2724, 1592, 2393, 2395, 1364, 2412, 2377, 1365, 2431, 2359, 
1368, 2449, 2339, 1369, 2468, 2323, 1374, 2481, 1752, 1676, 
2737, 1734, 1695, 2739, 1716, 1715, 2740, 1699, 1734, 2740, 
1680, 1752, 2735, 1662, 2317, 2469, 1369, 2335, 2447, 1367, 
2355, 2431, 1364, 2375, 2417, 1367, 2396, 2400, 1368, 2412, 
1832, 1606, 2727, 1810, 1620, 2730, 1792, 1639, 2735, 1775, 
1659, 2739, 1756, 1678, 2737, 1736, 2232, 2532, 1384, 2253, 
2516, 1380, 2276, 2504, 1376, 2296, 2487, 1372, 2315, 2470, 
1371, 2335, 1916, 1540, 2707, 1896, 1557, 2713, 1875, 1575, 
2720, 1855, 1590, 2723, 1834, 1604, 2726, 1814, 2145, 2591, 
1411, 2168, 2578, 1404, 2191, 2563, 1396, 2209, 2549, 1393, 
2232, 2534, 1385, 2252, 2003, 1489, 2676, 1981, 1502, 2684, 
1960, 1515, 2692, 1939, 1531, 2701, 1920, 1545, 2707, 1897, 
2060, 2638, 1447, 2081, 2627, 1438, 2104, 2617, 1428, 2125, 
2604, 1418, 2145, 2591, 1409, 2167, 2090, 1441, 2636, 2068, 
1680, 1748, 2735, 1662, 1767, 2732, 1642, 1780, 2729, 1627, 
1806, 2725, 1364, 2371, 2416, 1364, 2390, 2398, 1364, 2407, 
2379, 1368, 2428, 2360, 1364, 2444, 2337, 1364, 2731, 1774, 
1653, 2734, 1755, 1672, 2736, 1738, 1692, 2739, 1718, 1710, 
2737, 1698, 1727, 2736, 1374, 2289, 2485, 1371, 2309, 2469, 
1367, 2329, 2452, 1365, 2351, 2437, 1366, 2368, 2416, 1363, 
2717, 1856, 1584, 2721, 1838, 1601, 2727, 1816, 1619, 2732, 
1798, 1635, 2733, 1777, 1656, 2736, 1396, 2205, 2548, 1390, 
2227, 2534, 1385, 2248, 2520, 1381, 2270, 2505, 1376, 2291, 
2488, 1372, 2691, 1942, 1527, 2699, 1921, 1543, 2704, 1898, 
1555, 2712, 1878, 1570, 2716, 1856, 1584, 2719, 1428, 2121, 
2606, 1420, 2144, 2593, 1409, 2163, 2584, 1407, 2185, 2567, 
1398, 2211, 2552, 1390, 2654, 2025, 1474, 2664, 2006, 1487, 
2676, 1986, 1500, 2684, 1964, 1512, 2691, 1944, 1526, 2694, 
1472, 2033, 2650, 1459, 2056, 2640, 1451, 2079, 2631, 1440, 
2100, 2619, 1429, 2120, 2606, 1419, 2608, 2115, 1429, 2620, 
2094, 1440, 2633, 2071, 1451, 2642, 2049, 1464, 2656, 2030, 
1475, 2662, 1523, 1946, 2688, 1508, 1967, 2679, 1495, 1988, 
2672, 1483, 2012, 2663, 1472, 2033, 2652, 1459, 2552, 2199, 
1396, 2567, 2181, 1406, 2584, 2159, 1415, 2595, 2137, 1423, 
2609, 2115, 1432, 2620, 1581, 1863, 2716, 1567, 1883, 2710, 
1551, 1905, 2703, 1535, 1925, 2695, 1522, 1948, 2689, 1510, 
2492, 2283, 1376, 2508, 2265, 1382, 2524, 2244, 1386, 2539, 
2221, 1392, 2552, 2201, 1399, 2567, 1648, 1781, 2732, 1633, 
1802, 2731, 1616, 1823, 2728, 1600, 1843, 2722, 1582, 1864, 
2716, 1566, 2423, 2364, 1362, 2439, 2345, 1369, 2457, 2326, 
1369, 2471, 2305, 1372, 2488, 2284, 1376, 2507, 1724, 1707, 
2739, 1707, 1726, 2737, 1686, 1743, 2736, 1666, 1763, 2736, 
1651, 1783, 2735, 1634, 2348, 2440, 1364, 2363, 2419, 1361, 
2382, 2404, 1366, 2403, 2387, 1366, 2424, 2368, 1367, 2440, 
1801, 1633, 2733, 1780, 1651, 2737, 1761, 1668, 2729, 1743, 
1685, 2739, 1725, 1705, 2740, 1707, 2267, 2508, 1376, 2285, 
2492, 1372, 2304, 2473, 1370, 2327, 2460, 1368, 2347, 2441, 
1366, 2365, 1884, 1567, 2715, 1866, 1584, 2723, 1846, 1603, 
2727, 1822, 1612, 2728, 1800, 1628, 2732, 1784, 2180, 2569, 
1401, 2203, 2556, 1394, 2220, 2542, 1387, 2246, 2526, 1383, 
2265, 2511, 1379, 2286, 1968, 1508, 2687, 1946, 1521, 2695, 
1927, 1541, 2707, 1908, 1555, 2713, 1886, 1568, 2718, 1863, 
2092, 2619, 1430, 2116, 2611, 1425, 2140, 2599, 1418, 2161, 
2586, 1407, 2177, 2569, 1399, 2200, 2055, 1458, 2652, 2033, 
1472, 2663, 2013, 1484, 2673, 1991, 1495, 2680, 1971, 1512, 
2689, 1951, 2008, 2666, 1475, 2028, 2652, 1460, 2047, 2643, 
1450, 2075, 2633, 1441, 2094, 2623, 1433, 2115, 2141, 1421, 
2608, 2122, 1430, 2620, 2100, 1439, 2632, 2079, 1447, 2639, 
2055, 1459, 2650, 2034, 1920, 2698, 1525, 1944, 2692, 1513, 
1965, 2684, 1501, 1985, 2675, 1488, 2007, 2664, 1473, 2027, 
2227, 1390, 2550, 2207, 1396, 2566, 2187, 1404, 2580, 2166, 
1411, 2592, 2142, 1418, 2603, 2120, 1836, 2721, 1587, 1859, 
2719, 1573, 1882, 2718, 1559, 1902, 2708, 1541, 1921, 2699, 
1524, 1939, 2308, 1369, 2487, 2291, 1377, 2505, 2271, 1381, 
2520, 2251, 1384, 2535, 2228, 1390, 2550, 2204, 1759, 2739, 
1656, 1779, 2735, 1638, 1796, 2729, 1619, 1817, 2727, 1603, 
1832, 2724, 1588, 1855, 2390, 1364, 2417, 2369, 1363, 2435, 
2351, 1366, 2455, 2332, 1369, 2471, 2312, 1372, 2487, 2291, 
1683, 2739, 1729, 1700, 2738, 1711, 1720, 2740, 1691, 1737, 
2737, 1672, 1755, 2735, 1655, 1775, 2463, 1369, 2343, 2447, 
1368, 2363, 2428, 1365, 2380, 2407, 1362, 2396, 2390, 1363, 
2416, 2374, 1612, 2732, 1771, 1798, 2709, 1445, 2340, 2409, 
1365, 2468, 2292, 1375, 2520, 2127, 1427, 2616, 1588, 1855, 
2719, 1572, 1876, 2713, 1558, 1897, 2710, 1544, 1920, 2700, 
1528, 1939, 2693, 1515, 2485, 2295, 1377, 2503, 2273, 1380, 
2519, 2252, 1385, 2532, 2232, 1390, 2548, 2213, 1399, 2567, 
1656, 1777, 2736, 1639, 1793, 2729, 1618, 1811, 2724, 1603, 
1834, 2723, 1590, 1857, 2723, 1576, 2422, 2375, 1366, 2438, 
2353, 1364, 2451, 2332, 1366, 2467, 2312, 1371, 2484, 2295, 
1376, 2503, 1733, 1699, 2742, 1713, 1718, 2739, 1691, 1733, 
2735, 1671, 1752, 2736, 1657, 1776, 2739, 1645, 2345, 2454, 
1373, 2363, 2431, 1364, 2376, 2409, 1361, 2392, 2390, 1363, 
2414, 2376, 1367, 2436, 1811, 1627, 2736, 1792, 1644, 2736, 
1770, 1660, 2736, 1749, 1678, 2739, 1733, 1699, 2739, 1714, 
2259, 2515, 1380, 2279, 2499, 1375, 2300, 2481, 1370, 2316, 
2464, 1368, 2337, 2449, 1368, 2360, 1895, 1563, 2716, 1872, 
1579, 2719, 1850, 1590, 2723, 1830, 1607, 2727, 1811, 1627, 
2734, 1793, 2175, 2577, 1404, 2193, 2561, 1394, 2211, 2543, 
1387, 2232, 2529, 1382, 2257, 2518, 1382, 2279, 1980, 1506, 
2687, 1956, 1515, 2691, 1931, 1529, 2700, 1913, 1546, 2710, 
1895, 1564, 2716, 1873, 2087, 2628, 1436, 2108, 2616, 1427, 
2129, 2604, 1417, 2150, 2588, 1408, 2168, 2574, 1401, 2191, 
2067, 1457, 2651, 2046, 1470, 2663, 2023, 1478, 2667, 1999, 
1489, 2676, 1979, 1504, 2686, 1958, 1998, 2672, 1479, 2020, 
2660, 1468, 2043, 2648, 1458, 2064, 2640, 1446, 2084, 2625, 
1435, 2104, 2149, 1415, 2599, 2130, 1426, 2616, 2110, 1436, 
2627, 2088, 1441, 2638, 2066, 1454, 2648, 2044, 1913, 2700, 
1531, 1932, 2694, 1517, 1955, 2687, 1505, 1979, 2680, 1493, 
1999, 2670, 1479, 2020, 2233, 1386, 2541, 2214, 1394, 2559, 
2196, 1403, 2575, 2175, 1411, 2588, 2152, 1417, 2601, 2131, 
1830, 2724, 1592, 1849, 2719, 1575, 1868, 2715, 1563, 1891, 
2712, 1548, 1912, 2704, 1533, 1932, 2318, 1368, 2479, 2296, 
1373, 2498, 2279, 1379, 2515, 2259, 1384, 2528, 2238, 1385, 
2542, 2215, 1750, 2737, 1660, 1769, 2735, 1644, 1788, 2732, 
1626, 1808, 2727, 1609, 1830, 2724, 1592, 1847, 2400, 1363, 
2409, 2379, 1365, 2432, 2363, 1368, 2449, 2343, 1371, 2464, 
2321, 1370, 2480, 2298, 1671, 2736, 1732, 1689, 2739, 1716, 
1711, 2740, 1702, 1733, 2741, 1682, 1752, 2739, 1662, 1766, 
2467, 1365, 2330, 2449, 1364, 2352, 2435, 1367, 2375, 2422, 
1368, 2396, 2403, 1367, 2412, 2380, 1603, 2726, 1814, 1619, 
2731, 1795, 1636, 2734, 1776, 1655, 2736, 1761, 1674, 2740, 
1740, 1694, 2537, 1386, 2252, 2519, 1378, 2268, 2500, 1374, 
2290, 2486, 1373, 2312, 2472, 1372, 2335, 2452, 1546, 2707, 
1899, 1556, 2713, 1878, 1572, 2719, 1855, 1586, 2722, 1835, 
1601, 2726, 1814, 1618, 2592, 1412, 2167, 2583, 1408, 2193, 
2568, 1399, 2209, 2549, 1390, 2227, 2534, 1383, 2248, 2519, 
1488, 2677, 1985, 1502, 2685, 1963, 1514, 2691, 1943, 1528, 
2700, 1921, 1543, 2707, 1900, 1556, 2639, 1445, 2078, 2627, 
1437, 2100, 2619, 1431, 2126, 2610, 1424, 2147, 2594, 1415, 
2165, 2578, 1438, 2631, 2068, 1449, 2643, 2047, 1463, 2657, 
2030, 1475, 2668, 2007, 1488, 2675, 1984, 1500, 2679, 1494, 
1993, 2672, 1483, 2015, 2662, 1471, 2035, 2652, 1459, 2058, 
2642, 1450, 2080, 2632, 1409, 2585, 2156, 1414, 2595, 2134, 
1422, 2608, 2111, 1431, 2622, 2094, 1442, 2636, 2076, 1454, 
2711, 1551, 1907, 2704, 1535, 1928, 2696, 1521, 1949, 2688, 
1505, 1968, 2679, 1496, 1991, 2673, 1383, 2527, 2243, 1389, 
2542, 2223, 1394, 2555, 2199, 1397, 2567, 2177, 1406, 2582, 
2156, 1414, 2729, 1614, 1825, 2725, 1599, 1846, 2723, 1584, 
1867, 2718, 1568, 1887, 2710, 1550, 1906, 2703, 1366, 2457, 
2324, 1371, 2476, 2306, 1375, 2494, 2288, 2380, 1363, 2421, 
2361, 1364, 2441, 2345, 1633, 2734, 1781, 1654, 2734, 1759, 
1668, 2736, 1739, 1685, 2735, 1719, 1703, 2735, 1699, 1722, 
2504, 1375, 2286, 2489, 1374, 2308, 2476, 1372, 2329, 2457, 
1367, 2346, 2436, 1364, 2366, 2422, 1567, 2715, 1859, 1583, 
2720, 1839, 1600, 2724, 1820, 1615, 2728, 1799, 1632, 2731, 
1778, 1648, 2563, 1398, 2204, 2552, 1392, 2224, 2540, 1388, 
2245, 2523, 1381, 2267, 2508, 1375, 2286, 2490, 1510, 2687, 
1944, 1521, 2692, 1921, 1535, 2703, 1900, 1552, 2712, 1883, 
1571, 2718, 1863, 1585, 2622, 1431, 2118, 2607, 1420, 2137, 
2594, 1412, 2158, 2579, 1404, 2179, 2566, 1400, 2202, 2554, 
1462, 2654, 2033, 1473, 2663, 2009, 1483, 2670, 1985, 1494, 
2678, 1966, 1508, 2688, 1946, 1523, 2664, 1474, 2031, 2655, 
1463, 2055, 2644, 1451, 2075, 2631, 1439, 2093, 2619, 1430, 
2115, 2608, 1422, 2608, 2120, 1431, 2622, 2099, 1439, 2631, 
2075, 1447, 2642, 2052, 1459, 2651, 2032, 1471, 2695, 1523, 
1944, 2689, 1511, 1968, 2684, 1500, 1989, 2676, 1487, 2009, 
2663, 1471, 2025, 2650, 1389, 2548, 2204, 1398, 2567, 2185, 
1406, 2582, 2163, 1412, 2592, 2140, 1420, 2606, 2119, 1428, 
2723, 1586, 1860, 2717, 1568, 1882, 2712, 1552, 1901, 2707, 
1539, 1922, 2700, 1526, 1944, 2691, 1372, 2488, 2287, 1374, 
2505, 2267, 1379, 2520, 2247, 1384, 2534, 2226, 1390, 2549, 
2205, 1398, 2736, 1653, 1780, 2735, 1637, 1800, 2731, 1619, 
1820, 2726, 1600, 1838, 2720, 1584, 1859, 2718, 1365, 2421, 
2369, 1367, 2439, 2351, 1367, 2455, 2329, 1368, 2471, 2309, 
1369, 2487, 2288, 1374, 2737, 1727, 1703, 2740, 1711, 1724, 
2741, 1691, 1742, 2740, 1672, 1759, 2735, 1651, 1775, 2731, 
1366, 2341, 2442, 1364, 2364, 2425, 1367, 2385, 2411, 1368, 
2403, 2393, 1367, 2420, 2369, 1363, 2726, 1803, 1627, 2729, 
1784, 1647, 2736, 1768, 1667, 2740, 1750, 1685, 2741, 1729, 
1702, 2739, 1383, 2262, 2511, 1375, 2280, 2495, 1372, 2303, 
2478, 1372, 2323, 2464, 1370, 2344, 2447, 1368, 2710, 1887, 
1562, 2712, 1865, 1576, 2719, 1846, 1596, 2729, 1828, 1614, 
2732, 1808, 1631, 2735, 1408, 2177, 2572, 1400, 2197, 2556, 
1392, 2217, 2544, 1387, 2240, 2527, 1383, 2261, 2513, 1379, 
2681, 1975, 1508, 2687, 1954, 1521, 2698, 1934, 1536, 2702, 
1910, 1549, 2707, 1887, 1561, 2711, 1441, 2089, 2624, 1434, 
2115, 2614, 1425, 2135, 2600, 1415, 2154, 2585, 1408, 2176, 
2574, 1403, 2641, 2061, 1457, 2651, 2037, 1468, 2662, 2016, 
1481, 2672, 1996, 1495, 2681, 1976, 1505, 2686, 1486, 2002, 
2663, 1474, 2023, 2656, 1465, 2047, 2648, 1456, 2071, 2636, 
1445, 2091, 2625, 1435, 2590, 2147, 1420, 2604, 2124, 1426, 
2616, 2100, 1430, 2627, 2082, 1447, 2641, 2064, 1460, 2654, 
1544, 1919, 2700, 1526, 1936, 2691, 1512, 1958, 2684, 1501, 
1982, 2678, 1491, 2004, 2668, 1479, 2534, 2233, 1391, 2550, 
2212, 1399, 2563, 2190, 1402, 2574, 2165, 1407, 2585, 2144, 
1417, 2603, 1607, 1836, 2727, 1592, 1856, 2721, 1575, 1874, 
2712, 1557, 1894, 2703, 1540, 1915, 2698, 1527, 2467, 2315, 
1372, 2487, 2296, 1377, 2502, 2277, 1380, 2515, 2252, 1382, 
2529, 2230, 1387, 2544, 1674, 1752, 2736, 1659, 1775, 2736, 
1641, 1795, 2732, 1624, 1814, 2727, 1605, 1832, 2723, 1588, 
2395, 2393, 1364, 2416, 2376, 1368, 2433, 2358, 1368, 2451, 
2336, 1368, 2467, 2313, 1369, 2481, 1748, 1677, 2737, 1733, 
1695, 2743, 1713, 1716, 2739, 1694, 1734, 2737, 1670, 1753, 
2737, 1660, 2318, 2467, 1371, 2339, 2449, 1366, 2356, 2430, 
1363, 2374, 2411, 1362, 2395, 2396, 1365, 2416, 1833, 1611, 
2731, 1811, 1627, 2734, 1792, 1643, 2736, 1772, 1659, 2736, 
1752, 1677, 2738, 1733, 2236, 2532, 1384, 2257, 2518, 1382, 
2278, 2484, 1365, 2465, 2211, 1529, 2732, 1589, 1913, 2696, 
1376, 2517, 2175, 1412, 2591, 2152, 1419, 2601, 2129, 1424, 
2614, 2107, 1436, 2625, 2087, 1444, 2715, 1555, 1892, 2708, 
1546, 1913, 2703, 1532, 1937, 2697, 1518, 1958, 2686, 1504, 
1976, 2678, 1376, 2512, 2255, 1383, 2531, 2237, 1392, 2547, 
2216, 1396, 2563, 2195, 1403, 2575, 2175, 1409, 2734, 1627, 
1812, 2727, 1608, 1830, 2722, 1591, 1847, 2716, 1576, 1871, 
2716, 1564, 1894, 2711, 1368, 2448, 2339, 1367, 2462, 2315, 
1367, 2479, 2295, 1372, 2499, 2279, 1381, 2517, 2261, 1387, 
2740, 1697, 1730, 2736, 1676, 1747, 2732, 1656, 1769, 2736, 
1643, 1790, 2734, 1627, 1810, 2729, 1365, 2374, 2417, 1365, 
2393, 2399, 1363, 2411, 2378, 1364, 2428, 2358, 1365, 2447, 
2339, 1370, 2737, 1777, 1659, 2739, 1755, 1675, 2737, 1734, 
1692, 2737, 1717, 1712, 2739, 1701, 1734, 2740, 1376, 2294, 
2488, 1371, 2312, 2468, 1369, 2335, 2455, 1370, 2355, 2439, 
1368, 2375, 2416, 1364, 2718, 1854, 1586, 2723, 1835, 1604, 
2728, 1815, 1623, 2732, 1796, 1639, 2735, 1775, 1658, 2737, 
1398, 2212, 2551, 1389, 2230, 2532, 1383, 2249, 2517, 1378, 
2274, 2504, 1379, 2295, 2491, 1375, 2694, 1940, 1524, 2697, 
1917, 1541, 2705, 1897, 1557, 2713, 1877, 1574, 2719, 1858, 
1588, 2723, 1429, 2126, 2606, 1420, 2146, 2593, 1411, 2167, 
2579, 1404, 2185, 2563, 1397, 2207, 2549, 1390, 2656, 2025, 
1476, 2668, 2007, 1488, 2678, 1984, 1500, 2684, 1960, 1511, 
2691, 1942, 1528, 2700, 1471, 2040, 2654, 1460, 2060, 2640, 
1447, 2080, 2631, 1438, 2105, 2620, 1430, 2126, 2606, 1420, 
2609, 2110, 1429, 2623, 2090, 1444, 2636, 2074, 1457, 2651, 
2052, 1465, 2656, 2025, 1473, 2663, 1518, 1948, 2688, 1508, 
1972, 2684, 1497, 1995, 2673, 1485, 2017, 2663, 1472, 2036, 
2652, 1457, 2553, 2196, 1395, 2567, 2175, 1404, 2583, 2156, 
1416, 2599, 2137, 1427, 2614, 2115, 1432, 2623, 1579, 1863, 
2712, 1563, 1885, 2708, 1549, 1907, 2704, 1535, 1929, 2697, 
1521, 1949, 2687, 1507, 2495, 2284, 1377, 2510, 2264, 1383, 
2526, 2241, 1386, 2540, 2220, 1392, 2556, 2200, 1399, 2568, 
1648, 1784, 2734, 1631, 1804, 2729, 1614, 1825, 2726, 1597, 
1845, 2721, 1580, 1863, 2715, 1565, 2425, 2363, 1365, 2443, 
2344, 1368, 2461, 2327, 1371, 2478, 2305, 1374, 2495, 2284, 
1375, 2510, 1719, 1705, 2738, 1702, 1727, 2739, 1686, 1748, 
2740, 1669, 1766, 2735, 1646, 1782, 2731, 1627, 2345, 2438, 
1366, 2369, 2424, 1367, 2390, 2405, 1366, 2407, 2383, 1364, 
2424, 2363, 1364, 2441, 1801, 1636, 2735, 1782, 1654, 2735, 
1760, 1668, 2737, 1741, 1688, 2740, 1724, 1708, 2740, 1705, 
2268, 2507, 1377, 2288, 2492, 1372, 2310, 2473, 1371, 2326, 
2458, 1367, 2348, 2441, 1367, 2369, 1883, 1568, 2719, 1862, 
1584, 2723, 1841, 1600, 2728, 1820, 1616, 2728, 1800, 1633, 
2732, 1780, 2183, 2572, 1403, 2207, 2556, 1395, 2227, 2539, 
1385, 2243, 2520, 1377, 2263, 2505, 1376, 2287, 1971, 1513, 
2694, 1948, 1531, 2702, 1925, 1539, 2704, 1901, 1551, 2708, 
1880, 1566, 2716, 1860, 2097, 2623, 1433, 2123, 2613, 1424, 
2142, 2596, 1414, 2160, 2580, 1404, 2179, 2567, 1398, 2203, 
2054, 1463, 2656, 2033, 1473, 2664, 2009, 1483, 2671, 1988, 
1494, 2680, 1969, 1510, 2692, 1947, 2009, 2663, 1470, 2029, 
2652, 1462, 2054, 2646, 1453, 2077, 2635, 1442, 2096, 2620, 
1429, 2115, 2139, 1420, 2608, 2120, 1432, 2623, 2100, 1441, 
2632, 2076, 1447, 2640, 2054, 1458, 2652, 2032, 1926, 2703, 
1527, 1946, 2692, 1511, 1964, 2681, 1495, 1985, 2672, 1484, 
2008, 2665, 1474, 2030, 2227, 1392, 2552, 2205, 1398, 2566, 
2182, 1402, 2577, 2160, 1411, 2592, 2143, 1422, 2608, 2120, 
1840, 2723, 1585, 1860, 2718, 1569, 1880, 2713, 1551, 1902, 
2707, 1540, 1924, 2696, 1524, 1615, 2362, 2424, 1363, 2382, 
2407, 1364, 2399, 2385, 1363, 2417, 2366, 1364, 2435, 2347, 
1366, 2454, 1783, 1647, 2734, 1766, 1665, 2736, 1744, 1681, 
2736, 1724, 1700, 2732, 1707, 1719, 2736, 1688, 2283, 2492, 
1374, 2302, 2476, 1369, 2322, 2460, 1368, 2343, 2443, 1365, 
2360, 2425, 1362, 2379, 1862, 1580, 2718, 1846, 1599, 2726, 
1828, 1614, 2728, 1804, 1628, 2727, 1781, 1643, 2731, 1763, 
2198, 2558, 1395, 2222, 2543, 1388, 2240, 2525, 1382, 2262, 
2508, 1376, 2279, 2492, 1372, 2302, 1950, 1520, 2695, 1929, 
1535, 2700, 1906, 1548, 2707, 1887, 1563, 2716, 1866, 1580, 
2720, 1847, 2113, 2609, 1423, 2133, 2596, 1414, 2156, 2584, 
1408, 2177, 2572, 1400, 2198, 2556, 1392, 2217, 2036, 1468, 
2659, 2015, 1481, 2672, 1995, 1495, 2680, 1972, 1507, 2684, 
1951, 1519, 2694, 1930, 2027, 2656, 1465, 2048, 2645, 1454, 
2070, 2635, 1442, 2091, 2623, 1434, 2112, 2611, 1424, 2130, 
2122, 1426, 2615, 2099, 1435, 2627, 2079, 1447, 2640, 2059, 
1456, 2649, 2035, 1466, 2659, 2014, 1939, 2692, 1513, 1959, 
2686, 1501, 1983, 2676, 1487, 2001, 2665, 1474, 2021, 2655, 
1464, 2047, 2211, 1396, 2562, 2188, 1401, 2575, 2164, 1409, 
2589, 2147, 1421, 2606, 2126, 1429, 2617, 2104, 1855, 2717, 
1571, 1874, 2710, 1556, 1895, 2707, 1543, 1919, 2701, 1529, 
1939, 2694, 1516, 1959, 2292, 1375, 2500, 2271, 1377, 2512, 
2251, 1384, 2531, 2231, 1390, 2548, 2214, 1398, 2563, 2189, 
1774, 2734, 1639, 1793, 2730, 1619, 1812, 2727, 1603, 1833, 
2721, 1587, 1856, 2719, 1573, 1878, 2375, 1368, 2435, 2355, 
1367, 2449, 2332, 1366, 2465, 2311, 1368, 2484, 2292, 1376, 
2502, 2273, 1699, 2739, 1712, 1717, 2739, 1692, 1735, 2737, 
1673, 1753, 2735, 1656, 1774, 2734, 1639, 1793, 2448, 1367, 
2360, 2431, 1367, 2379, 2412, 1365, 2395, 2392, 1363, 2414, 
2372, 1364, 2431, 2354, 1628, 2734, 1793, 1644, 2736, 1772, 
1661, 2736, 1748, 1677, 2736, 1730, 1697, 2737, 1712, 1716, 
2516, 1381, 2279, 2499, 1376, 2300, 2483, 1373, 2320, 2467, 
1368, 2337, 2447, 1366, 2355, 2430, 1560, 2715, 1872, 1578, 
2720, 1852, 1592, 2726, 1830, 1607, 2726, 1810, 1623, 2729, 
1790, 1642, 2575, 1403, 2195, 2562, 1396, 2215, 2546, 1390, 
2236, 2530, 1382, 2255, 2514, 1377, 2278, 2499, 1504, 2687, 
1958, 1518, 2695, 1936, 1532, 2700, 1915, 1544, 2707, 1892, 
1559, 2713, 1871, 1576, 2625, 1436, 2105, 2616, 1427, 2128, 
2605, 1420, 2155, 2591, 1411, 2171, 2575, 1401, 2190, 2556, 
1452, 2647, 2043, 1467, 2661, 2023, 1479, 2671, 1999, 1489, 
2676, 1977, 1501, 2685, 1956, 1519, 2671, 1480, 2020, 2662, 
1468, 2042, 2650, 1454, 2063, 2639, 1446, 2083, 2627, 1437, 
2105, 2614, 1414, 2600, 2128, 1425, 2615, 2111, 1436, 2628, 
2087, 1444, 2635, 2064, 1453, 2645, 2041, 1464, 2700, 1532, 
1937, 2697, 1520, 1956, 2688, 1504, 1982, 2678, 1491, 1996, 
2669, 1479, 2017, 2662, 1390, 2544, 2215, 1394, 2558, 2193, 
1400, 2572, 2172, 1408, 2586, 2151, 1416, 2599, 2132, 1424, 
2725, 1593, 1851, 2721, 1578, 1871, 2716, 1563, 1891, 2710, 
1548, 1911, 2703, 1531, 1935, 2695, 1368, 2480, 2300, 1374, 
2497, 2276, 1378, 2516, 2259, 1383, 2528, 2236, 1387, 2542, 
2215, 1395, 2736, 1663, 1769, 2736, 1644, 1791, 2734, 1629, 
1810, 2728, 1611, 1828, 2726, 1593, 1848, 2719, 1363, 2410, 
2378, 1366, 2428, 2360, 1365, 2447, 2341, 1368, 2466, 2320, 
1372, 2482, 2302, 1375, 2740, 1739, 1693, 2737, 1718, 1710, 
2737, 1696, 1728, 2737, 1680, 1748, 2737, 1663, 1769, 2736, 
1368, 2332, 2451, 1366, 2352, 2436, 1366, 2372, 2419, 1365, 
2392, 2399, 1366, 2410, 2379, 1367, 2728, 1816, 1622, 2732, 
1796, 1639, 2735, 1776, 1655, 2735, 1755, 1672, 2739, 1679, 
1828, 2696, 1415, 2723, 1777, 1712, 2739, 1663, 1807, 2709, 
1548, 1908, 2703, 1533, 1930, 2695, 1520, 1952, 2302, 1375, 
2496, 2283, 1379, 2511, 2261, 1380, 2527, 2238, 1385, 2540, 
2219, 1392, 2556, 2199, 1763, 2735, 1646, 1785, 2732, 1627, 
1806, 2729, 1612, 1827, 2728, 1598, 1849, 2723, 1582, 1867, 
2380, 1362, 2423, 2360, 1365, 2444, 2343, 1368, 2463, 2324, 
1374, 2481, 2303, 1376, 2496, 2279, 1690, 2736, 1716, 1707, 
2736, 1699, 1726, 2737, 1683, 1749, 2739, 1668, 1768, 2737, 
1648, 1784, 2454, 1366, 2348, 2435, 1364, 2371, 2421, 1367, 
2391, 2402, 1366, 2408, 2382, 1365, 2424, 2363, 1620, 2732, 
1800, 1638, 2736, 1779, 1655, 2736, 1756, 1670, 2736, 1740, 
1691, 2742, 1724, 1712, 2524, 1381, 2270, 2502, 1373, 2286, 
2486, 1369, 2311, 2476, 1372, 2335, 2460, 1370, 2352, 2438, 
1552, 2709, 1876, 1567, 2718, 1860, 1587, 2725, 1842, 1604, 
2728, 1820, 1619, 2731, 1797, 1633, 2579, 1404, 2185, 2567, 
1399, 2207, 2552, 1392, 2227, 2539, 1385, 2247, 2520, 1380, 
2268, 2504, 1498, 2681, 1965, 1512, 2690, 1944, 1526, 2699, 
1923, 1542, 2706, 1901, 1556, 2711, 1881, 1571, 2630, 1438, 
2094, 2617, 1428, 2119, 2606, 1421, 2142, 2596, 1415, 2164, 
2583, 1406, 2186, 2566, 1450, 2643, 2051, 1463, 2655, 2032, 
1475, 2665, 2008, 1485, 2675, 1988, 1498, 2686, 1967, 1512, 
2674, 1484, 2011, 2663, 1470, 2030, 2649, 1459, 2054, 2644, 
1451, 2079, 2634, 1440, 2097, 2620, 1411, 2592, 2136, 1419, 
2608, 2118, 1432, 2623, 2099, 1444, 2633, 2073, 1446, 2643, 
2051, 1459, 2704, 1537, 1927, 2701, 1527, 1948, 2691, 1511, 
1966, 2680, 1494, 1986, 2670, 1483, 2009, 2664, 1387, 2539, 
2225, 1393, 2555, 2206, 1400, 2567, 2180, 1405, 2582, 2160, 
1413, 2592, 2139, 1421, 2727, 1599, 1840, 2720, 1582, 1862, 
2716, 1568, 1883, 2712, 1554, 1903, 2706, 1536, 1923, 2696, 
1367, 2471, 2302, 1371, 2491, 2287, 1376, 2508, 2268, 1383, 
2527, 2247, 1386, 2537, 2222, 1390, 2735, 1667, 1759, 2736, 
1652, 1782, 2736, 1635, 1801, 2729, 1615, 1817, 2723, 1599, 
1843, 2723, 1366, 2407, 2388, 1368, 2423, 2369, 1366, 2438, 
2347, 1364, 2456, 2327, 1368, 2473, 2308, 1372, 2737, 1742, 
1685, 2738, 1724, 1704, 2739, 1707, 1723, 2739, 1687, 1739, 
2736, 1665, 1758, 2734, 1369, 2325, 2463, 1368, 2348, 2444, 
1370, 2367, 2427, 1365, 2383, 2404, 1363, 2401, 2387, 1364, 
2727, 1823, 1614, 2729, 1803, 1632, 2735, 1784, 1651, 2737, 
1766, 1671, 2739, 1746, 1688, 2739, 1385, 2241, 2523, 1380, 
2264, 2510, 1379, 2288, 2496, 1377, 2307, 2480, 1370, 2323, 
2459, 1363, 2703, 1905, 1551, 2712, 1888, 1568, 2718, 1866, 
1580, 2719, 1842, 1596, 2724, 1825, 1614, 2733, 1419, 2161, 
2588, 1409, 2178, 2568, 1398, 2197, 2553, 1392, 2222, 2543, 
1391, 2247, 2531, 1385, 2675, 1992, 1493, 2678, 1967, 1504, 
2684, 1949, 1517, 2696, 1928, 1535, 2704, 1907, 1551, 2711, 
1453, 2072, 2636, 1443, 2094, 2623, 1433, 2115, 2610, 1422, 
2133, 2596, 1414, 2156, 2585, 1410, 2632, 2083, 1449, 2648, 
2060, 1459, 2651, 2032, 1467, 2660, 2012, 1481, 2672, 1994, 
1495, 2681, 1502, 1988, 2679, 1489, 2006, 2668, 1475, 2026, 
2655, 1461, 2046, 2646, 1452, 2071, 2634, 1443, 2579, 2166, 
1412, 2592, 2144, 1420, 2602, 2123, 1427, 2615, 2102, 1437, 
2629, 2080, 1447, 2643, 1558, 1901, 2709, 1543, 1920, 2699, 
1526, 1939, 2690, 1511, 1960, 2684, 1500, 1983, 2678, 1489, 
2521, 2249, 1385, 2532, 2228, 1389, 2547, 2211, 1398, 2564, 
2190, 1406, 2577, 2167, 1411, 2591, 1620, 1815, 2726, 1603, 
1836, 2723, 1588, 1857, 2719, 1573, 1879, 2712, 1553, 1899, 
2703, 1541, 2452, 2335, 1372, 2472, 2316, 1373, 2488, 2293, 
1372, 2499, 2269, 1378, 2518, 2252, 1385, 2535, 1694, 1740, 
2740, 1674, 1766, 1663, 2736, 1746, 1679, 2735, 1727, 1696, 
2734, 1708, 1715, 2736, 1377, 2280, 2496, 1374, 2300, 2480, 
1371, 2318, 2463, 1367, 2338, 2443, 1364, 2359, 2427, 1363, 
2715, 1870, 1575, 2719, 1849, 1592, 2723, 1825, 1607, 2724, 
1806, 1624, 2729, 1788, 1644, 2734, 1402, 2194, 2558, 1395, 
2215, 2544, 1388, 2236, 2528, 1383, 2259, 2512, 1375, 2276, 
2496, 1373, 2685, 1951, 1517, 2694, 1932, 1532, 2700, 1912, 
1547, 2708, 1889, 1560, 2712, 1869, 1575, 2718, 1434, 2109, 
2612, 1426, 2131, 2602, 1419, 2154, 2590, 1414, 2172, 2575, 
1401, 2192, 2557, 1392, 2648, 2039, 1466, 2658, 2018, 1479, 
2670, 1996, 1492, 2675, 1976, 1504, 2684, 1955, 1518, 2695, 
1484, 2023, 2659, 1467, 2043, 2647, 1454, 2060, 2634, 1442, 
2087, 2625, 1435, 2108, 2616, 1429, 2603, 2128, 1425, 2614, 
2104, 1432, 2623, 2081, 1443, 2637, 2062, 1456, 2648, 2041, 
1468, 2660, 1530, 1936, 2692, 1516, 1958, 2687, 1502, 1979, 
2676, 1487, 1999, 2667, 1476, 2019, 2657, 1467, 2547, 2215, 
1396, 2560, 2193, 1403, 2574, 2170, 1408, 2586, 2147, 1415, 
2598, 2127, 1426, 2612, 1591, 1854, 2720, 1575, 1872, 2715, 
1560, 1893, 2707, 1543, 1912, 2699, 1528, 1934, 2693, 1516, 
2483, 2297, 1375, 2499, 2275, 1377, 2512, 2253, 1382, 2528, 
2233, 1388, 2550, 2215, 1396, 2561, 1659, 1771, 2734, 1640, 
1791, 2729, 1625, 1811, 2729, 1609, 1831, 2724, 1592, 1851, 
2719, 1576, 2411, 2375, 1363, 2428, 2358, 1366, 2447, 2338, 
1367, 2464, 2317, 1371, 2481, 2297, 1375, 2502, 1735, 1695, 
2739, 1715, 1713, 2736, 1695, 1731, 2736, 1678, 1751, 2736, 
1662, 1770, 2736, 1643, 2335, 2452, 1367, 2354, 2433, 1364, 
2371, 2415, 1363, 2392, 2396, 1364, 2411, 2379, 1366, 2431, 
1816, 1624, 2732, 1795, 1640, 2735, 1775, 1657, 2736, 1753, 
1675, 2736, 1733, 1692, 2737, 1716, 2254, 2518, 1380, 2273, 
2502, 1376, 2294, 2483, 1368, 2310, 2467, 1368, 2334, 2450, 
1366, 2353, 1895, 1558, 2712, 1874, 1572, 2719, 1854, 1590, 
2724, 1835, 1606, 2728, 1815, 1620, 2729, 1793, 2165, 2577, 
1406, 2190, 2564, 1398, 2209, 2551, 1389, 2231, 2533, 1385, 
2252, 2518, 1380, 2273, 1982, 1502, 2684, 1961, 1515, 2692, 
1939, 1528, 2700, 1920, 1543, 2707, 1897, 1558, 2712, 1876, 
2083, 2627, 1436, 2102, 2616, 1428, 2123, 2605, 1420, 2145, 
2593, 1412, 2168, 2579, 1404, 2189, 2069, 1454, 2647, 2046, 
1465, 2656, 2025, 1475, 2667, 2003, 1487, 2675, 1982, 1500, 
2684, 1959, 1993, 2671, 1480, 2016, 2662, 1469, 2039, 2652, 
1459, 2062, 2641, 1447, 2079, 2627, 1436, 2100, 2153, 1415, 
2598, 2135, 1424, 2611, 2112, 1432, 2622, 2089, 1442, 2633, 
2067, 1449, 2644, 2049, 1909, 2703, 1533, 1929, 2695, 1519, 
1952, 2687, 1507, 1974, 2681, 1495, 1995, 2672, 1479, 2014, 
2236, 1385, 2540, 2220, 1395, 2556, 2199, 1401, 2571, 2178, 
1411, 2585, 2156, 1413, 2597, 2133, 1824, 2724, 1596, 1847, 
2721, 1580, 1868, 2716, 1564, 1888, 2711, 1549, 1908, 2704, 
1536, 1929, 2323, 1370, 2478, 2300, 1371, 2492, 2280, 1376, 
2508, 2261, 1383, 2526, 2241, 1388, 2540, 2220, 1746, 2735, 
1663, 1765, 2735, 1648, 1784, 2732, 1630, 1805, 2730, 1612, 
1824, 2726, 1596, 1846, 2401, 1363, 2407, 2383, 1367, 2424, 
2363, 1366, 2443, 2343, 1366, 2462, 2323, 1371, 2477, 2304, 
1671, 2738, 1739, 1689, 2737, 1720, 1708, 2739, 1703, 1727, 
2737, 1683, 1746, 2737, 1667, 1764, 2471, 1369, 2329, 2456, 
1366, 2350, 2439, 1366, 2368, 2421, 1364, 2387, 2402, 1363, 
2404, 2383, 1600, 2727, 1820, 1619, 2732, 1801, 1635, 2734, 
1784, 1652, 2735, 1760, 1671, 2739, 1742, 1688, 2537, 1387, 
2248, 2522, 1380, 2268, 2505, 1376, 2288, 2491, 1372, 2310, 
2473, 1370, 2329, 2456, 1541, 2705, 1840, 1670, 2725, 1430, 
2367, 2384, 1367, 2494, 2265, 1382, 2539, 2096, 1439, 2631, 
1567, 1885, 2712, 1549, 1905, 2705, 1536, 1927, 2698, 1523, 
1948, 2689, 1510, 1969, 2683, 1496, 2508, 2264, 1380, 2524, 
2244, 1387, 2539, 2224, 1391, 2552, 2203, 1397, 2569, 2182, 
1406, 2583, 1632, 1801, 2728, 1615, 1820, 2726, 1599, 1841, 
2723, 1583, 1863, 2716, 1567, 1883, 2711, 1552, 2439, 2345, 
1364, 2456, 2328, 1370, 2476, 2307, 1374, 2492, 2288, 1379, 
2509, 2267, 1382, 2523, 1704, 1724, 2739, 1685, 1742, 2737, 
1668, 1762, 2736, 1652, 1780, 2733, 1634, 1803, 2729, 1615, 
2367, 2424, 1362, 2384, 2403, 1363, 2403, 2383, 1364, 2420, 
2367, 1365, 2439, 2348, 1367, 2458, 1785, 1651, 2736, 1763, 
1669, 2738, 1743, 1686, 2739, 1724, 1704, 2739, 1707, 1724, 
2739, 1687, 2286, 2494, 1372, 2307, 2476, 1370, 2328, 2460, 
1368, 2346, 2442, 1368, 2366, 2424, 1364, 2384, 1863, 1582, 
2721, 1843, 1599, 2727, 1824, 1614, 2730, 1805, 1632, 2734, 
1784, 1648, 2736, 1765, 2203, 2556, 1393, 2223, 2542, 1387, 
2243, 2527, 1382, 2264, 2510, 1376, 2284, 2493, 1372, 2305, 
1948, 1523, 2697, 1928, 1536, 2704, 1907, 1549, 2711, 1887, 
1566, 2715, 1863, 1580, 2721, 1843, 2115, 2610, 1422, 2136, 
2598, 1415, 2158, 2584, 1408, 2179, 2568, 1400, 2200, 2556, 
1392, 2221, 2035, 1470, 2663, 2013, 1481, 2672, 1991, 1495, 
2681, 1970, 1510, 2688, 1950, 1523, 2696, 1927, 2027, 2656, 
1463, 2051, 2645, 1451, 2072, 2633, 1442, 2094, 2623, 1432, 
2113, 2608, 1423, 2136, 2122, 1426, 2616, 2100, 1438, 2630, 
2078, 1448, 2641, 2056, 1459, 2652, 2035, 1471, 2662, 2016, 
1942, 2691, 1511, 1964, 2684, 1499, 1984, 2676, 1486, 2005, 
2667, 1474, 2027, 2656, 1463, 2050, 2207, 1398, 2565, 2188, 
1404, 2582, 2164, 1412, 2589, 2144, 1418, 2606, 2122, 1428, 
2617, 2101, 1857, 2718, 1572, 1879, 2713, 1555, 1899, 2706, 
1540, 1920, 2700, 1528, 1942, 2691, 1511, 1962, 2291, 1375, 
2503, 2271, 1379, 2518, 2249, 1384, 2535, 2230, 1391, 2550, 
2208, 1396, 2564, 2187, 1777, 2734, 1637, 1796, 2732, 1620, 
1816, 2728, 1604, 1838, 2723, 1587, 1857, 2719, 1572, 1877, 
2370, 1364, 2438, 2353, 1367, 2452, 2333, 1367, 2471, 2312, 
1372, 2487, 2291, 1375, 2503, 2272, 1700, 2739, 1711, 1718, 
2739, 1692, 1738, 2737, 1672, 1758, 2736, 1655, 1776, 2736, 
1639, 1795, 2447, 1367, 2360, 2428, 1358, 2380, 2411, 1364, 
2399, 2391, 1365, 2416, 2374, 1367, 2435, 2355, 1628, 2732, 
1789, 1644, 2735, 1771, 1664, 2737, 1750, 1681, 2739, 1731, 
1699, 2736, 1711, 1717, 2515, 1379, 2279, 2497, 1374, 2300, 
2480, 1371, 2321, 2463, 1368, 2340, 2447, 1366, 2360, 2429, 
1563, 2715, 1870, 1575, 2721, 1849, 1595, 2725, 1827, 1608, 
2729, 1809, 1627, 2732, 1789, 1646, 2573, 1403, 2196, 2559, 
1395, 2217, 2544, 1389, 2238, 2528, 1383, 2259, 2515, 1380, 
2280, 2499, 1505, 2687, 1955, 1520, 2695, 1932, 1532, 2703, 
1912, 1547, 2710, 1891, 1561, 2715, 1870, 1577, 2625, 1434, 
2108, 2614, 1425, 2131, 2600, 1417, 2153, 2588, 1409, 2174, 
2572, 1402, 2194, 2559, 1455, 2649, 2041, 1468, 2661, 2019, 
1478, 2669, 1999, 1492, 2678, 1977, 1504, 2687, 1956, 1518, 
2668, 1476, 2022, 2659, 1465, 2043, 2648, 1453, 2064, 2638, 
1447, 2087, 2625, 1434, 2109, 2614, 1415, 2600, 2127, 1428, 
2616, 2105, 1436, 2627, 2085, 1445, 2638, 2063, 1456, 2649, 
2042, 1467, 2702, 1529, 1936, 2695, 1516, 1956, 2685, 1501, 
1977, 2680, 1490, 2000, 2670, 1477, 2020, 2657, 1390, 2547, 
2214, 1395, 2563, 2192, 1403, 2575, 2172, 1410, 2588, 2150, 
1417, 2601, 2130, 1426, 2724, 1592, 1853, 2719, 1576, 1872, 
2715, 1560, 1895, 2710, 1544, 1915, 2703, 1530, 1935, 2695, 
1371, 2483, 2297, 1374, 2499, 2275, 1379, 2515, 2255, 2355, 
1367, 2446, 2335, 1367, 2464, 2316, 1658, 2732, 1750, 1676, 
2737, 1732, 1693, 2738, 1712, 1713, 2736, 1695, 1732, 2736, 
1677, 1750, 2483, 1371, 2314, 2466, 1370, 2335, 2447, 1363, 
2352, 2431, 1364, 2373, 2412, 1362, 2395, 2398, 1588, 2721, 
1832, 1606, 2726, 1812, 1622, 2731, 1791, 1639, 2731, 1774, 
1657, 2735, 1752, 1675, 2546, 1387, 2232, 2531, 1383, 2253, 
2515, 1379, 2273, 2499, 1375, 2294, 2483, 1372, 2316, 2468, 
1529, 2699, 1915, 1544, 2707, 1895, 1559, 2713, 1874, 1573, 
2718, 1855, 1589, 2723, 1835, 1606, 2602, 1419, 2149, 2590, 
1410, 2168, 2575, 1403, 2189, 2563, 1396, 2209, 2547, 1388, 
2232, 2532, 1476, 2667, 2002, 1488, 2675, 1981, 1502, 2684, 
1960, 1514, 2691, 1939, 1529, 2700, 1916, 1543, 2649, 1458, 
2062, 2639, 1446, 2081, 2627, 1437, 2103, 2614, 1427, 2124, 
2604, 1419, 2147, 2590, 1433, 2623, 2088, 1443, 2634, 2067, 
1454, 2644, 2046, 1464, 2656, 2023, 1474, 2666, 2003, 1487, 
2687, 1505, 1974, 2680, 1492, 1995, 2671, 1482, 2015, 2659, 
1467, 2038, 2651, 1458, 2059, 2639, 1400, 2571, 2175, 1408, 
2584, 2155, 1415, 2599, 2130, 1422, 2610, 2112, 1431, 2623, 
2089, 1443, 2715, 1563, 1888, 2709, 1548, 1909, 2700, 1534, 
1932, 2695, 1519, 1951, 2687, 1505, 1972, 2680, 1378, 2510, 
2259, 1381, 2526, 2240, 1387, 2543, 2218, 1392, 2556, 2196, 
1400, 2570, 2175, 1408, 2732, 1631, 1805, 2729, 1612, 1827, 
2724, 1596, 1847, 2720, 1580, 1867, 2716, 1565, 1888, 2711, 
1366, 2444, 2343, 1367, 2461, 2323, 1370, 2479, 2302, 1373, 
2495, 2281, 1379, 2510, 2260, 1380, 2737, 1699, 1727, 2737, 
1682, 1747, 2736, 1664, 1767, 2736, 1647, 1785, 2732, 1631, 
1806, 2729, 1364, 2368, 2419, 1364, 2389, 2400, 1363, 2407, 
2383, 1366, 2424, 2363, 1368, 2444, 2343, 1367, 2734, 1777, 
1654, 2736, 1759, 1671, 2738, 1739, 1690, 2739, 1716, 1708, 
2739, 1703, 1730, 2737, 1376, 2291, 2490, 1374, 2310, 2473, 
1370, 2328, 2456, 1369, 2352, 2439, 1366, 2370, 2419, 1365, 
2719, 1860, 1585, 2723, 1840, 1601, 2727, 1820, 1618, 2729, 
1799, 1638, 2736, 1779, 1652, 2736, 1399, 2206, 2552, 1392, 
2230, 2537, 1386, 2247, 2522, 1380, 2270, 2506, 1376, 2288, 
2491, 1373, 2691, 1944, 1525, 2699, 1922, 1541, 2706, 1901, 
1555, 2712, 1881, 1570, 2718, 1860, 1585, 2723, 1430, 2121, 
2608, 1422, 2139, 2595, 1412, 2163, 2580, 1407, 2184, 2567, 
1399, 2205, 2552, 1392, 2655, 2031, 1475, 2664, 2008, 1484, 
2675, 1987, 1498, 2684, 1965, 1512, 2691, 1945, 1525, 2695, 
1472, 2036, 2655, 1461, 2054, 2643, 1449, 2076, 2631, 1439, 
2098, 2620, 1430, 2119, 2607, 1421, 2608, 2119, 1431, 2622, 
2096, 1440, 2633, 2075, 1449, 2645, 2053, 1464, 2655, 2030, 
1472, 2665, 1524, 1946, 2689, 1508, 1968, 2683, 1496, 1990, 
2673, 1484, 2011, 2664, 1472, 2032, 2654, 1460, 2552, 2203, 
1400, 2567, 2182, 1406, 2582, 2160, 1414, 2595, 2138, 1420, 
2609, 2119, 1431, 2619, 1583, 1862, 2717, 1568, 1882, 2707, 
1553, 1902, 2708, 1538, 1927, 2699, 1523, 1944, 2691, 1510, 
2491, 2286, 1376, 2506, 2266, 1380, 2523, 2245, 1385, 2537, 
2227, 1393, 2552, 2206, 1399, 2567, 1651, 1782, 2733, 1635, 
1801, 2731, 1617, 1820, 2727, 1598, 1841, 2723, 1584, 1861, 
2719, 1568, 2420, 2368, 1366, 2439, 2348, 1367, 2456, 2328, 
1369, 2475, 2308, 1372, 2491, 2288, 1377, 2507, 1724, 1704, 
2739, 1703, 1722, 2738, 1690, 1742, 2737, 1670, 1761, 2736, 
1652, 1780, 2732, 1635, 2344, 2442, 1368, 2366, 2424, 1363, 
2384, 2407, 1364, 2402, 2388, 1366, 2421, 2369, 1366, 2438, 
1804, 1628, 2732, 1787, 1651, 2736, 1765, 1668, 2739, 1745, 
1684, 2739, 1725, 1704, 2739, 1707, 2263, 2509, 1379, 2285, 
2495, 1374, 2305, 2460, 1366, 2507, 2164, 1566, 2726, 1555, 
1967, 2676, 1387, 2550, 2119, 1429, 2620, 2100, 1437, 2631, 
2079, 1448, 2643, 2056, 1459, 2654, 2036, 1471, 2700, 1526, 
1943, 2692, 1511, 1964, 2684, 1499, 1986, 2676, 1487, 2007, 
2667, 1475, 2028, 2656, 1391, 2550, 2208, 1396, 2566, 2185, 
1404, 2579, 2164, 1409, 2592, 2143, 1422, 2601, 2124, 1427, 
2723, 1587, 1859, 2719, 1572, 1879, 2713, 1558, 1900, 2707, 
1539, 1921, 2699, 1526, 1941, 2691, 1372, 2488, 2291, 1376, 
2505, 2268, 1379, 2520, 2251, 1384, 2534, 2228, 1390, 2551, 
2208, 1397, 2736, 1654, 1777, 2734, 1636, 1798, 2732, 1622, 
1818, 2727, 1603, 1836, 2723, 1587, 1857, 2718, 1365, 2417, 
2371, 1365, 2435, 2352, 1367, 2455, 2334, 1368, 2471, 2313, 
1373, 2488, 2292, 1376, 2739, 1728, 1702, 2740, 1707, 1721, 
2739, 1693, 1740, 2739, 1672, 1757, 2739, 1656, 1777, 2736, 
1368, 2342, 2446, 1365, 2365, 2430, 1366, 2380, 2411, 1363, 
2399, 2392, 1366, 2417, 2373, 1369, 2729, 1807, 1626, 2732, 
1788, 1646, 2736, 1768, 1664, 2737, 1750, 1682, 2739, 1728, 
1700, 2742, 1384, 2259, 2512, 1379, 2280, 2497, 1374, 2302, 
2483, 1372, 2321, 2464, 1370, 2340, 2447, 1368, 2708, 1890, 
1563, 2716, 1869, 1578, 2721, 1849, 1595, 2726, 1829, 1612, 
2729, 1811, 1628, 2731, 1408, 2175, 2574, 1402, 2197, 2559, 
1394, 2218, 2543, 1385, 2238, 2529, 1383, 2262, 2514, 1379, 
2679, 1976, 1506, 2689, 1955, 1520, 2696, 1934, 1534, 2703, 
1911, 1548, 2708, 1889, 1561, 2716, 1444, 2088, 2625, 1433, 
2110, 2613, 1426, 2130, 2600, 1421, 2156, 2588, 1410, 2175, 
2574, 1402, 2639, 2063, 1457, 2651, 2040, 1469, 2660, 2019, 
1482, 2670, 1993, 1493, 2680, 1976, 1503, 2687, 1491, 2001, 
2668, 1476, 2025, 2659, 1462, 2044, 2649, 1455, 2066, 2637, 
1443, 2087, 2625, 1435, 2590, 2148, 1418, 2603, 2128, 1425, 
2612, 2108, 1436, 2627, 2083, 1446, 2639, 2064, 1456, 2649, 
1545, 1916, 2701, 1528, 1935, 2694, 1516, 1959, 2686, 1503, 
1979, 2678, 1490, 2003, 2669, 1477, 2532, 2235, 1388, 2547, 
2214, 1396, 2561, 2193, 1403, 2575, 2171, 1409, 2590, 2150, 
1418, 2601, 1603, 1832, 2723, 1591, 1852, 2720, 1575, 1874, 
2715, 1560, 1894, 2708, 1543, 1916, 2702, 1531, 2467, 2316, 
1371, 2484, 2296, 1375, 2500, 2276, 1379, 2515, 2255, 1385, 
2531, 2234, 1390, 2544, 1676, 1753, 2737, 1660, 1772, 2736, 
1643, 1792, 2732, 1624, 1811, 2728, 1608, 1832, 2724, 1591, 
2396, 2396, 1364, 2415, 2376, 1365, 2430, 2358, 1367, 2448, 
2339, 1367, 2463, 2317, 1371, 2482, 1753, 1677, 2739, 1734, 
1695, 2738, 1715, 1715, 2739, 1697, 1732, 2739, 1679, 1751, 
2738, 1660, 2316, 2467, 1368, 2336, 2451, 1365, 2354, 2434, 
1366, 2375, 2415, 1366, 2393, 2396, 1365, 2412, 1833, 1606, 
2728, 1813, 1623, 2732, 1793, 1641, 2736, 1775, 1660, 2739, 
1755, 1676, 2739, 1735, 2232, 2531, 1387, 2254, 2518, 1379, 
2278, 2500, 1374, 2296, 2485, 1373, 2316, 2468, 1369, 2336, 
1916, 1544, 2707, 1895, 1560, 2715, 1876, 1574, 2720, 1855, 
1592, 2724, 1834, 1606, 2728, 1815, 2148, 2592, 1410, 2168, 
2576, 1404, 2191, 2561, 1397, 2212, 2549, 1391, 2232, 2534, 
1385, 2253, 2002, 1489, 2676, 1982, 1503, 2685, 1959, 1515, 
2695, 1940, 1530, 2700, 1919, 1542, 2707, 1897, 2062, 2640, 
1446, 2083, 2629, 1437, 2105, 2617, 1427, 2126, 2604, 1420, 
2148, 2591, 1411, 2168, 2088, 1443, 2636, 2070, 1455, 2647, 
2047, 1464, 2657, 2024, 1474, 2666, 2008, 1489, 2676, 1982, 
1974, 2680, 1491, 1996, 2672, 1479, 2017, 2661, 1468, 2039, 
2651, 1457, 2060, 2640, 1446, 2080, 2177, 1409, 2586, 2156, 
1417, 2599, 2134, 1423, 2610, 2111, 1435, 2625, 2091, 1443, 
2636, 2070, 1888, 2708, 1545, 1908, 2700, 1532, 1929, 2695, 
1519, 1951, 2687, 1506, 1974, 2680, 1494, 1563, 2427, 2359, 
1364, 2442, 2339, 1367, 2460, 2320, 1370, 2478, 2300, 1372, 
2494, 2280, 1375, 2508, 1717, 1708, 2735, 1699, 1728, 2735, 
1682, 1745, 2734, 1663, 1766, 2732, 1646, 1783, 2731, 1628, 
2351, 2435, 1364, 2368, 2416, 1363, 2388, 2400, 1363, 2406, 
2382, 1364, 2425, 2362, 1364, 2443, 1798, 1636, 2733, 1775, 
1651, 2734, 1758, 1670, 2736, 1737, 1691, 2736, 1720, 1710, 
2740, 1703, 2272, 2504, 1377, 2291, 2488, 1372, 2308, 2468, 
1367, 2328, 2455, 1368, 2347, 2435, 1368, 2368, 1877, 1569, 
2718, 1857, 1582, 2721, 1838, 1603, 2725, 1819, 1621, 2732, 
1800, 1637, 2734, 1777, 2183, 2561, 1395, 2205, 2550, 1391, 
2227, 2536, 1385, 2251, 2521, 1380, 2267, 2504, 1375, 2288, 
1964, 1512, 2693, 1943, 1528, 2697, 1922, 1540, 2707, 1900, 
1555, 2712, 1880, 1571, 2718, 1859, 2098, 2617, 1427, 2119, 
2607, 1420, 2143, 2594, 1412, 2164, 2580, 1404, 2184, 2566, 
1400, 2204, 2051, 1463, 2655, 2028, 1472, 2662, 2007, 1486, 
2675, 1987, 1499, 2683, 1967, 1515, 2692, 1946, 2013, 2663, 
1471, 2032, 2651, 1457, 2055, 2643, 1451, 2078, 2631, 1442, 
2099, 2620, 1431, 2119, 2136, 1420, 2608, 2113, 1431, 2620, 
2094, 1440, 2631, 2073, 1449, 2643, 2051, 1461, 2655, 2030, 
1927, 2700, 1524, 1950, 2689, 1508, 1969, 2681, 1495, 1987, 
2672, 1484, 2013, 2663, 1472, 2033, 2224, 1392, 2552, 2200, 
1398, 2567, 2181, 1405, 2582, 2161, 1414, 2595, 2140, 1423, 
2607, 2117, 1841, 2723, 1583, 1863, 2718, 1567, 1879, 2711, 
1552, 1903, 2703, 1536, 1923, 2695, 1521, 1946, 2305, 1372, 
2492, 2287, 1377, 2508, 2267, 1383, 2525, 2247, 1388, 2537, 
2224, 1393, 2552, 2203, 1760, 2735, 1651, 1781, 2735, 1634, 
1803, 2729, 1614, 1820, 2727, 1601, 1840, 2723, 1584, 1864, 
2388, 1368, 2422, 2368, 1367, 2438, 2347, 1365, 2454, 2326, 
1367, 2473, 2307, 1373, 2491, 2288, 1686, 2740, 1726, 1705, 
2739, 1708, 1724, 2737, 1688, 1742, 2737, 1669, 1760, 2736, 
1653, 1782, 2459, 1368, 2346, 2440, 1365, 2364, 2425, 1362, 
2384, 2404, 1366, 2401, 2386, 1365, 2420, 2369, 1615, 2729, 
1803, 1633, 2734, 1784, 1651, 2737, 1765, 1667, 2737, 1744, 
1684, 2739, 1726, 1703, 2525, 1381, 2267, 2511, 1379, 2287, 
2496, 1373, 2307, 2478, 1369, 2323, 2459, 1365, 2348, 2445, 
1551, 2712, 1887, 1568, 2719, 1865, 1582, 2722, 1845, 1596, 
2727, 1826, 1614, 2732, 1806, 1633, 2585, 1408, 2181, 2569, 
1400, 2199, 2555, 1392, 2224, 2542, 1388, 2243, 2526, 1384, 
2264, 2511, 1498, 2684, 1971, 1509, 2689, 1948, 1521, 2695, 
1924, 1536, 2703, 1907, 1551, 2710, 1886, 1567, 2633, 1441, 
2094, 2624, 1434, 2113, 2612, 1423, 2137, 2596, 1414, 2156, 
2584, 1407, 2179, 2571, 1450, 2643, 2059, 1462, 2653, 2036, 
1470, 2660, 2012, 1480, 2671, 1992, 1495, 2679, 1973, 1508, 
2676, 1490, 2006, 2666, 1475, 2028, 2655, 1461, 2049, 2643, 
1452, 2071, 2635, 1443, 2092, 2623, 1410, 2592, 2144, 1420, 
2606, 2124, 1431, 2620, 2104, 1439, 2631, 2083, 1448, 2640, 
2056, 1457, 2705, 1539, 1920, 2700, 1527, 1942, 2697, 1512, 
1964, 2684, 1499, 1982, 2674, 1486, 2005, 2666, 1384, 2535, 
2230, 1392, 2551, 2209, 1397, 2564, 2188, 1404, 2576, 2164, 
1409, 2590, 2145, 1419, 2728, 1605, 1838, 2724, 1587, 1856, 
2716, 1571, 1878, 2713, 1555, 1902, 2708, 1543, 1921, 2700, 
1369, 2468, 2312, 1371, 2487, 2294, 1374, 2503, 2271, 1379, 
2520, 2251, 1385, 2533, 2231, 1392, 2739, 1676, 1759, 2739, 
1657, 1777, 2735, 1637, 1795, 2731, 1620, 1816, 2728, 1606, 
1838, 2724, 1365, 2399, 2391, 1363, 2416, 2372, 1366, 2435, 
2355, 1368, 2453, 2336, 1370, 2470, 2315, 1372, 2736, 1748, 
1681, 2739, 1731, 1701, 2740, 1713, 1720, 2742, 1694, 1737, 
2738, 1604, 1917, 2656, 1494, 2720, 1850, 1648, 2743, 1733, 
1742, 2737, 1641, 1795, 2732, 1621, 1814, 2727, 1604, 1836, 
2412, 1364, 2398, 2394, 1366, 2417, 2374, 1367, 2433, 2355, 
1368, 2452, 2336, 1368, 2468, 2316, 1663, 2736, 1750, 1682, 
2739, 1732, 1699, 2740, 1715, 1718, 2739, 1695, 1737, 2737, 
1676, 1755, 2482, 1372, 2320, 2465, 1368, 2339, 2447, 1365, 
2358, 2430, 1363, 2379, 2414, 1366, 2398, 2396, 1593, 2727, 
1830, 1609, 2728, 1811, 1628, 2734, 1792, 1645, 2736, 1771, 
1660, 2736, 1748, 1679, 2544, 1388, 2238, 2531, 1385, 2259, 
2515, 1382, 2276, 2497, 1372, 2301, 2483, 1372, 2323, 2468, 
1533, 2703, 1915, 1547, 2708, 1891, 1560, 2715, 1873, 1577, 
2721, 1853, 1592, 2727, 1830, 1609, 2602, 1418, 2153, 2591, 
1412, 2176, 2576, 1404, 2193, 2561, 1396, 2215, 2544, 1388, 
2236, 2529, 1481, 2670, 2000, 1492, 2678, 1983, 1504, 2687, 
1957, 1517, 2695, 1937, 1531, 2700, 1913, 1545, 2648, 1455, 
2064, 2636, 1444, 2084, 2628, 1435, 2106, 2616, 1427, 2131, 
2603, 1420, 2152, 2591, 1435, 2627, 2086, 1444, 2638, 2064, 
1456, 2649, 2044, 1468, 2660, 2023, 1479, 2669, 1999, 1489, 
2686, 1504, 1982, 2681, 1494, 2003, 2673, 1481, 2023, 2660, 
1465, 2039, 2647, 1453, 2063, 2638, 1401, 2575, 2172, 1410, 
2588, 2151, 1415, 2600, 2129, 1425, 2615, 2109, 1437, 2627, 
2087, 1445, 2712, 1561, 1895, 2705, 1545, 1913, 2703, 1532, 
1936, 2696, 1518, 1956, 2687, 1505, 1979, 2680, 1380, 2513, 
2256, 1382, 2528, 2234, 1385, 2544, 2215, 1394, 2559, 2197, 
1401, 2575, 2176, 1409, 2732, 1624, 1806, 2728, 1607, 1831, 
2726, 1593, 1852, 2721, 1579, 1872, 2716, 1564, 1893, 2711, 
1367, 2447, 2339, 1367, 2465, 2318, 1368, 2480, 2298, 1372, 
2496, 2280, 1380, 2517, 2260, 1385, 2740, 1699, 1729, 2736, 
1679, 1751, 2737, 1663, 1772, 2736, 1645, 1790, 2734, 1626, 
1809, 2728, 1364, 2373, 2416, 1365, 2391, 2398, 1364, 2408, 
2379, 1363, 2427, 2359, 1362, 2446, 2343, 1369, 2736, 1777, 
1658, 2737, 1754, 1676, 2737, 1736, 1694, 2741, 1720, 1713, 
2742, 1701, 1732, 2739, 1376, 2291, 2484, 1372, 2313, 2471, 
1372, 2337, 2460, 1369, 2357, 2440, 1368, 2375, 2419, 1365, 
2719, 1856, 1587, 2722, 1836, 1605, 2727, 1816, 1622, 2732, 
1796, 1640, 2736, 1778, 1659, 2738, 1399, 2210, 2545, 1388, 
2230, 2532, 1382, 2252, 2519, 1379, 2272, 2503, 1378, 2295, 
2489, 1375, 2695, 1942, 1529, 2699, 1918, 1542, 2705, 1897, 
1556, 2713, 1879, 1573, 2720, 1859, 1591, 2731, 1429, 2131, 
2607, 1419, 2147, 2593, 1412, 2167, 2578, 1404, 2190, 2563, 
1399, 2209, 2552, 1392, 2659, 2028, 1477, 2668, 2005, 1487, 
2675, 1983, 1499, 2685, 1963, 1513, 2689, 1940, 1526, 2700, 
1470, 2036, 2652, 1458, 2060, 2643, 1449, 2079, 2630, 1438, 
2100, 2616, 1427, 2121, 2606, 1420, 2611, 2114, 1434, 2625, 
2093, 1443, 2636, 2071, 1454, 2647, 2049, 1462, 2656, 2027, 
1472, 2667, 1520, 1951, 2689, 1507, 1975, 2683, 1495, 1995, 
2673, 1483, 2015, 2662, 1470, 2044, 2653, 1459, 2559, 2204, 
1402, 2572, 2180, 1408, 2583, 2152, 1411, 2595, 2134, 1422, 
2609, 2115, 1432, 2622, 1581, 1867, 2715, 1565, 1887, 2711, 
1551, 1909, 2706, 1537, 1931, 2698, 1523, 1950, 2689, 1507, 
2492, 2282, 1376, 2510, 2261, 1383, 2526, 2245, 1388, 2542, 
2222, 1392, 2553, 2197, 1396, 2567, 1648, 1785, 2735, 1636, 
1808, 2735, 1619, 1827, 2727, 1595, 1843, 2718, 1577, 1863, 
2716, 1567, 2427, 2368, 1370, 2447, 2351, 1369, 2458, 2326, 
1368, 2475, 2303, 1372, 2492, 2284, 1377, 2508, 1721, 1705, 
2737, 1704, 1727, 2740, 1687, 1747, 2740, 1668, 1764, 2736, 
1648, 1783, 2732, 1631, 2349, 2440, 1365, 2369, 2424, 1368, 
2387, 2404, 1366, 2406, 2384, 1365, 2423, 2364, 1364, 2439, 
1799, 1633, 2732, 1781, 1879, 1563, 2716, 1859, 1584, 2720, 
1844, 1603, 2729, 1822, 1618, 2728, 1410, 2158, 2577, 1400, 
2177, 2563, 1396, 2201, 2551, 1393, 2225, 2537, 1387, 2247, 
2522, 1380, 2672, 1984, 1494, 2678, 1967, 1509, 2687, 1944, 
1524, 2697, 1926, 1540, 2705, 1904, 1553, 2710, 1449, 2075, 
2630, 1439, 2095, 2619, 1430, 2117, 2607, 1422, 2139, 2593, 
1412, 2160, 2585, 1407, 2632, 2079, 1452, 2644, 2055, 1462, 
2652, 2031, 1469, 2659, 2004, 1482, 2671, 1987, 1498, 2683, 
1499, 1989, 2675, 1484, 2004, 2659, 1468, 2027, 2654, 1459, 
2052, 2639, 1452, 2075, 2636, 1443, 2580, 2161, 1411, 2592, 
2136, 1418, 2606, 2119, 1430, 2621, 2099, 1440, 2631, 2075, 
1447, 2639, 1548, 1900, 2703, 1539, 1926, 2702, 1528, 1947, 
2691, 1512, 1964, 2680, 1495, 1986, 2670, 1485, 2523, 2249, 
1388, 2540, 2228, 1393, 2553, 2207, 1399, 2567, 2183, 1404, 
2578, 2161, 1411, 2592, 1616, 1819, 2726, 1601, 1840, 2723, 
1583, 1861, 2719, 1565, 1881, 2708, 1551, 1902, 2704, 1539, 
2456, 2331, 1371, 2473, 2311, 1373, 2489, 2291, 1375, 2505, 
END
2268, 1379, 2521, 2035, 1453, 2667, 1419, 2175, 2471, 1351, 
2427, 2229, 1395, 2611, 1951, 1547, 2706, 1693, 1779, 2687, 
1487, 2049, 2081, 1466, 2675, 1810, 1665, 1355, 2508, 2127, 
1443, 2662, 1852, 1628, 2711, 1604, 1879, 2651, 1389, 2604, 
1977, 1535, 2703, 1719, 1763, 2697, 1502, 2030, 2577, 1376, 
2302, 2373, 1362, 2531, 1596, 1907, 2651, 1426, 2182, 2476, 
1351, 2428, 2232, 1397, 2620, 1961, 1554, 2716, 1704, 1787, 
2361, 1366, 2545, 2089, 1468, 2681, 1817, 1669, 2719, 1580, 
1928, 2643, 1417, 2207, 2464, 1358, 2719, 1687, 1807, 2693, 
1478, 2075, 2555, 1367, 2342, 2339, 1371, 2564, 2073, 1487, 
2698, 1803, 2227, 2454, 1358, 2472, 2201, 1419, 2646, 1921, 
1584, 2723, 1666, 1823, 2689, 1471, 2100, 2550, 1500, 2704, 
1784, 1708, 2719, 1551, 1971, 2624, 1400, 2246, 2436, 1361, 
2491, 2184, 1432, 2661, 1462, 2124, 2536, 1566, 2722, 1691, 
1805, 2696, 1485, 2081, 2566, 1375, 2348, 2346, 1372, 2563, 
1567, 1950, 2639, 1413, 2228, 2457, 1360, 2476, 2205, 1419, 
2648, 1926, 1583, 2727, 1673, 1830, 2331, 1381, 2582, 2059, 
1500, 2706, 1787, 1708, 2723, 1551, 1971, 2628, 1406, 2250, 
2442, 1361, 2730, 1654, 1847, 2684, 1463, 2124, 2540, 1371, 
2388, 2313, 1384, 2594, 2033, 1515, 2713, 1766, 2272, 2427, 
1363, 2508, 2166, 1440, 2670, 1888, 1619, 2731, 1637, 1867, 
2678, 1450, 2144, 2526, 1528, 2719, 1748, 1753, 2721, 1528, 
2016, 2608, 1391, 2288, 2406, 1363, 2524, 2146, 1455, 2683, 
1445, 2167, 2511, 1363, 2424, 2269, 1460, 2726, 1513, 2311, 
2335, 1395, 2635, 1977, 1560, 2731, 2121, 2540, 1367, 2389, 
2316, 1388, 2596, 2041, 1515, 2713, 1772, 1728, 2723, 1542, 
1995, 2623, 1443, 2672, 1891, 1619, 2731, 1638, 1867, 2681, 
1455, 2147, 2529, 1368, 2411, 2297, 1395, 2608, 1528, 2014, 
2608, 1391, 2290, 2407, 1364, 2525, 2149, 1455, 2681, 1873, 
1640, 2734, 1625, 1889, 2275, 1398, 2620, 1992, 1539, 2723, 
1734, 1767, 2718, 1516, 2039, 2601, 1389, 2313, 2396, 1371, 
2735, 1607, 1908, 2665, 1433, 2186, 2497, 1361, 2442, 2255, 
1408, 2633, 1982, 1558, 2727, 1714, 2331, 2375, 1372, 2556, 
2107, 1475, 2696, 1832, 1673, 2736, 1591, 1931, 2657, 1425, 
2209, 2484, 1573, 2732, 1699, 1809, 2708, 1491, 2080, 2574, 
1375, 2348, 2355, 1376, 2569, 2087, 1490, 2704, 1419, 2231, 
2465, 1364, 2476, 2214, 1420, 2654, 1939, 1589, 2736, 1681, 
1827, 2700, 1479, 2101, 2064, 1498, 2707, 1793, 1708, 2729, 
1561, 1972, 2636, 1409, 2248, 2448, 1364, 2494, 2195, 1432, 
2696, 1469, 2124, 2547, 1372, 2388, 2318, 1384, 2593, 2043, 
1513, 2718, 1779, 1730, 2729, 1548, 2509, 2172, 1437, 2670, 
1894, 1617, 2736, 1644, 1868, 2691, 1459, 2146, 2535, 1371, 
2408, 2300, 1746, 2723, 1531, 2014, 2615, 1396, 2291, 2416, 
1367, 2525, 2153, 1448, 2683, 1879, 1639, 2739, 1368, 2427, 
2279, 1396, 2616, 1999, 1536, 2723, 1735, 1764, 2719, 1521, 
2037, 2607, 1392, 2311, 1856, 1651, 2734, 1607, 1905, 2668, 
1436, 2185, 2503, 1364, 2444, 2263, 1406, 2632, 1984, 1552, 
2591, 1384, 2330, 2378, 1373, 2555, 2110, 1474, 2697, 1836, 
1670, 2735, 1595, 1930, 2660, 1428, 2644, 1961, 1569, 2731, 
1700, 1803, 2705, 1496, 2078, 2579, 1382, 2348, 2363, 1378, 
2569, 2092, 1947, 2648, 1417, 2226, 2471, 1362, 2473, 2221, 
1421, 2655, 1944, 1585, 2735, 1683, 1824, 2703, 1379, 2583, 
2070, 1498, 2708, 1798, 1707, 2728, 1564, 1968, 2643, 1409, 
2247, 2455, 1365, 2492, 1665, 1844, 2694, 1470, 2118, 2550, 
1371, 2385, 2323, 1387, 2596, 2051, 1512, 2715, 1780, 1727, 
2435, 1364, 2507, 2176, 1439, 2671, 1899, 1617, 2736, 1649, 
1867, 2688, 1459, 2143, 2535, 1368, 2719, 1759, 1743, 2725, 
1536, 2012, 2621, 1399, 2289, 2420, 1363, 2523, 2156, 1451, 
2680, 1881, 2163, 2520, 1365, 2417, 2283, 1397, 2620, 2008, 
1539, 2727, 1742, 1766, 2723, 1521, 2032, 2604, 1459, 2684, 
1858, 1647, 2735, 1615, 1905, 2672, 1439, 2185, 2507, 1366, 
2438, 2264, 1404, 2631, 1508, 2053, 2592, 1385, 2326, 2383, 
1371, 2552, 2114, 1472, 2695, 1840, 1671, 2737, 1601, 1927, 
2243, 1408, 2638, 1962, 1564, 2727, 1700, 1800, 2708, 1497, 
2074, 2580, 1384, 2345, 2367, 1376, 2733, 1580, 1943, 2649, 
1419, 2222, 2472, 1363, 2473, 2224, 1419, 2654, 1947, 1585, 
2734, 1687, 2366, 2347, 1381, 2580, 2073, 1496, 2707, 1798, 
1703, 2730, 1567, 1966, 2643, 1415, 2248, 2462, 1599, 2737, 
1668, 1839, 2692, 1469, 2115, 2553, 1371, 2380, 2328, 1388, 
2594, 2055, 1509, 2715, 1403, 2263, 2437, 1364, 2504, 2184, 
1439, 2672, 1905, 1615, 2736, 1650, 1860, 2687, 1459, 2136, 
2032, 1526, 2718, 1766, 1742, 2724, 1542, 2006, 2620, 1399, 
2284, 2424, 1369, 2522, 2160, 1447, 2680, 1447, 2155, 2520, 
1364, 2417, 2285, 1398, 2619, 2011, 1540, 2724, 1744, 1760, 
2721, 1521, 2532, 2140, 1458, 2687, 1864, 1648, 2738, 1617, 
1902, 2675, 1442, 2179, 2508, 1359, 2435, 2267, 1778, 2715, 
1511, 2050, 2595, 1387, 2323, 2387, 1372, 2550, 2119, 1471, 
2696, 1843, 1663, 2736, 1363, 2452, 2244, 1411, 2640, 1967, 
1565, 2732, 1705, 1799, 2711, 1497, 1511, 2047, 2593, 1384, 
2692, 1842, 1663, 2732, 1598, 1919, 2662, 1431, 2195, 2489, 
1362, 2451, 2243, 1408, 2636, 1968, 2068, 2582, 1380, 2340, 
2367, 1375, 2559, 2096, 1479, 2699, 1822, 1679, 2728, 1584, 
1939, 2652, 1417, 2648, 1944, 1579, 2729, 1688, 1816, 2704, 
1486, 2091, 2567, 1376, 2358, 2347, 1379, 2574, 1568, 1960, 
2643, 1415, 2240, 2459, 1367, 2488, 2204, 1427, 2658, 1926, 
1592, 2732, 1668, 1835, 2327, 1382, 2588, 2057, 1509, 2713, 
1787, 1719, 2727, 1553, 1980, 2629, 1404, 2257, 2441, 1363, 
2736, 1652, 1856, 2689, 1463, 2134, 2540, 1368, 2395, 2310, 
1389, 2603, 2033, 1520, 2720, 1764, 2279, 2424, 1364, 2516, 
2164, 1447, 2678, 1888, 1628, 2737, 1636, 1874, 2678, 1450, 
2155, 2526, 1534, 2723, 1747, 1758, 2721, 1529, 2025, 2609, 
1392, 2297, 2406, 1367, 2531, 2143, 1456, 2686, 1442, 2175, 
2511, 1367, 2432, 2270, 1400, 2625, 1991, 1542, 2724, 1728, 
1775, 2716, 1516, 2049, 2124, 1469, 2692, 1847, 1661, 2736, 
1602, 1916, 2659, 1431, 2193, 2494, 1364, 2450, 2251, 1410, 
2711, 1499, 2065, 2584, 1382, 2339, 2371, 1375, 2560, 2099, 
1479, 2699, 1826, 1679, 2734, 1587, 2467, 2231, 1420, 2651, 
1952, 1577, 2732, 1691, 1812, 2704, 1486, 2087, 2572, 1379, 
2359, 2347, 1697, 2731, 1570, 1958, 2644, 1416, 2236, 2463, 
1364, 2485, 2212, 1425, 2656, 1930, 1591, 2732, 1372, 2375, 
2333, 1383, 2588, 2060, 1506, 2715, 1791, 1716, 2732, 1557, 
1982, 2636, 1405, 2253, 1908, 1607, 2735, 1656, 1853, 2690, 
1465, 2131, 2547, 1372, 2396, 2316, 1390, 2600, 2036, 1515, 
2620, 1399, 2275, 2427, 1366, 2515, 2170, 1447, 2678, 1893, 
1626, 2736, 1638, 1870, 2684, 1453, 2612, 2019, 1532, 2723, 
1747, 1752, 2722, 1529, 2021, 2612, 1395, 2297, 2412, 1370, 
2531, 2147, 1891, 2675, 1443, 2171, 2513, 1366, 2430, 2276, 
1401, 2623, 1996, 1543, 2723, 1731, 1771, 2716, 1371, 2547, 
2127, 1468, 2695, 1852, 1659, 2736, 1604, 1911, 2665, 1432, 
2191, 2495, 1363, 2448, 1713, 1792, 2713, 1502, 2064, 2586, 
1383, 2335, 2373, 1372, 2559, 2104, 1474, 2697, 1830, 1678, 
2483, 1365, 2467, 2236, 1416, 2647, 1955, 1572, 2731, 1694, 
1809, 2703, 1489, 2084, 2574, 1379, 2706, 1811, 1695, 2732, 
1575, 1954, 2648, 1419, 2233, 2467, 1363, 2480, 2215, 1425, 
2656, 1935, 2106, 2563, 1374, 2374, 2336, 1384, 2587, 2066, 
1503, 2712, 1792, 1712, 2729, 1558, 1974, 2635, 1432, 2664, 
1914, 1607, 2737, 1661, 1852, 2691, 1465, 2125, 2545, 1370, 
2391, 2318, 1388, 2598, 1543, 1995, 2623, 1400, 2272, 2431, 
1367, 2515, 2175, 1447, 2677, 1896, 1623, 2736, 1642, 1869, 
2294, 1390, 2609, 2022, 1530, 2723, 1755, 1752, 2727, 1535, 
2019, 2615, 1395, 2295, 2414, 1364, 2734, 1623, 1888, 2676, 
1444, 2168, 2516, 1367, 2428, 2276, 1400, 2625, 2001, 1544, 
2726, 1734, 2312, 2395, 1368, 2540, 2129, 1464, 2691, 1855, 
1656, 2735, 1608, 1912, 2668, 1437, 2188, 2500, 1558, 2729, 
1716, 1789, 2713, 1504, 2058, 2588, 1382, 2332, 2376, 1373, 
2558, 2110, 1475, 2700, 1430, 2212, 2488, 1366, 2465, 2240, 
1414, 2643, 1957, 1569, 2728, 1696, 1806, 2708, 1491, 2083, 
2091, 1490, 2706, 1816, 1691, 2732, 1576, 1952, 2648, 1417, 
2229, 2467, 1363, 2479, 2218, 1422, 2700, 1481, 2105, 2563, 
1377, 2371, 2337, 1381, 2583, 2066, 1499, 2710, 1795, 1709, 
2732, 1560, 2497, 2196, 1431, 2665, 1918, 1603, 2736, 1663, 
1846, 2694, 1469, 2123, 2548, 1372, 2387, 2320, 1727, 2727, 
1548, 1994, 2628, 1404, 2272, 2436, 1367, 2510, 2151, 1524, 
2734, 1516, 2289, 2396, 1691, 2731, 1563, 2014, 2564, 1376, 
2369, 2342, 1384, 2587, 2069, 1500, 2710, 1793, 1705, 2727, 
1362, 2492, 2196, 1433, 2667, 1921, 1603, 2739, 1666, 1847, 
2695, 1468, 2120, 2547, 1369, 2384, 1775, 1726, 2729, 1547, 
1991, 2630, 1403, 2271, 2439, 1367, 2512, 2179, 1442, 2672, 
1896, 1615, 2531, 1367, 2403, 2302, 1393, 2609, 2028, 1526, 
2723, 1760, 1747, 2724, 1536, 2008, 2615, 1395, 2681, 1877, 
1634, 2736, 1630, 1886, 2680, 1447, 2164, 2520, 1366, 2424, 
2283, 1398, 2622, 2006, 2034, 2604, 1389, 2308, 2398, 1367, 
2535, 2134, 1461, 2687, 1857, 1653, 2737, 1614, 1907, 2673, 
1408, 2633, 1985, 1554, 2728, 1719, 1782, 2713, 1505, 2054, 
2590, 1384, 2329, 2379, 1372, 2556, 1597, 1927, 2663, 1429, 
2206, 2491, 1364, 2458, 2241, 1411, 2641, 1961, 1567, 2731, 
1703, 1804, 2365, 1379, 2569, 2092, 1486, 2702, 1819, 1688, 
2735, 1580, 1947, 2652, 1419, 2224, 2473, 1365, 2731, 1686, 
1823, 2704, 1483, 2099, 2566, 1376, 2366, 2345, 1382, 2582, 
2072, 1497, 2710, 1799, 2247, 2451, 1366, 2493, 2201, 1431, 
2663, 1923, 1600, 2734, 1664, 1843, 2696, 1469, 2118, 2550, 
1511, 2716, 1780, 1726, 2728, 1551, 1991, 2630, 1406, 2267, 
2439, 1363, 2506, 2181, 1437, 2670, 1459, 2140, 2536, 1369, 
2401, 2303, 1391, 2609, 2030, 1523, 2721, 1761, 1743, 2724, 
1537, 2010, 2158, 1449, 2679, 1881, 1632, 2737, 1632, 1885, 
2681, 1449, 2161, 2524, 1368, 2420, 2287, 1398, 2720, 1523, 
2030, 2605, 1388, 2305, 2401, 1369, 2538, 2140, 1462, 2689, 
1863, 1650, 2736, 1616, 2437, 2264, 1403, 2628, 1987, 1551, 
2727, 1723, 1780, 2719, 1511, 2055, 2596, 1387, 2328, 2387, 
1668, 2735, 1597, 1920, 2660, 1428, 2200, 2488, 1361, 2455, 
2247, 1413, 2642, 1964, 1570, 2736, 1384, 2344, 2367, 1375, 
2564, 2094, 1480, 2698, 1819, 1684, 2735, 1583, 1947, 2656, 
1424, 2223, 1948, 1583, 2734, 1687, 1819, 2703, 1484, 2092, 
2566, 1376, 2363, 2347, 1380, 2581, 2076, 1497, 2642, 1415, 
2241, 2463, 1362, 2490, 2204, 1427, 2659, 1926, 1597, 2735, 
1668, 1840, 2696, 1473, 2592, 2054, 1508, 2716, 1782, 1721, 
2729, 1555, 1987, 2633, 1406, 2264, 2441, 1364, 2503, 2184, 
1857, 2691, 1459, 2135, 2540, 1371, 2400, 2310, 1392, 2604, 
2032, 1523, 2720, 1763, 1740, 2724, 1364, 2518, 2161, 1445, 
2676, 1884, 1631, 2737, 1636, 1881, 2686, 1451, 2158, 2527, 
1368, 2417, 1745, 1760, 2721, 1524, 2028, 2608, 1393, 2303, 
2407, 1369, 2535, 2143, 1459, 2687, 1863, 1645, 2506, 1361, 
2435, 2270, 1402, 2630, 1993, 1551, 2728, 1729, 1777, 2718, 
1511, 2049, 2595, 1384, 2692, 1838, 1662, 2734, 1599, 1919, 
2663, 1432, 2201, 2494, 1365, 2454, 2252, 1410, 2639, 1971, 
2069, 2584, 1380, 2340, 2367, 1376, 2563, 2099, 1481, 2703, 
1826, 1683, 2737, 1587, 1943, 2655, 1419, 2649, 1948, 1578, 
2732, 1689, 1816, 2702, 1487, 2090, 2568, 1375, 2361, 2348, 
1379, 2579, 1573, 1961, 2644, 1415, 2239, 2459, 1362, 2483, 
2206, 1426, 2659, 1928, 1596, 2736, 1674, 1838, 2329, 1384, 
2588, 2060, 1505, 2712, 1784, 1717, 2729, 1555, 1982, 2630, 
1406, 2259, 2444, 1365, 2736, 1656, 1859, 2692, 1464, 2134, 
2543, 1371, 2396, 2311, 1388, 2599, 2033, 1518, 2716, 1767, 
2280, 2428, 1367, 2519, 2168, 1449, 2680, 1891, 1626, 2736, 
1640, 1876, 2684, 1451, 2153, 2527, 1532, 2723, 1747, 1755, 
2721, 1528, 2024, 2611, 1395, 2299, 2409, 1366, 2532, 2144, 
1456, 2684, 1439, 2172, 2511, 1364, 2432, 2271, 1401, 2625, 
1996, 1548, 2728, 1729, 1772, 2717, 1513, 2044, 2123, 2144, 
1457, 2683, 1868, 1639, 2734, 1617, 1894, 2672, 1440, 2169, 
2508, 1364, 2429, 2271, 1774, 2712, 1517, 2044, 2598, 1388, 
2316, 2389, 1369, 2542, 2120, 1461, 2688, 1845, 1656, 2732, 
1364, 2444, 2255, 1409, 2636, 1974, 1560, 2728, 1712, 1793, 
2711, 1500, 2064, 2584, 1380, 2333, 1827, 1675, 2734, 1588, 
1937, 2656, 1425, 2215, 2481, 1363, 2465, 2231, 1414, 2644, 
1951, 1574, 2572, 1375, 2355, 2352, 1376, 2574, 2082, 1490, 
2705, 1808, 1695, 2731, 1572, 1955, 2643, 1414, 2659, 1932, 
1590, 2733, 1673, 1834, 2700, 1480, 2107, 2556, 1372, 2372, 
2334, 1382, 2585, 2063, 1978, 2633, 1408, 2256, 2446, 1364, 
2497, 2190, 1432, 2665, 1912, 1608, 2737, 1661, 1852, 2694, 
1389, 2598, 2036, 1513, 2715, 1768, 1729, 2724, 1541, 1999, 
2623, 1401, 2275, 2428, 1364, 2517, 1639, 1873, 2684, 1454, 
2147, 2528, 1366, 2407, 2294, 1393, 2612, 2019, 1532, 2723, 
1752, 1757, 2410, 1366, 2528, 2149, 1454, 2682, 1871, 1639, 
2735, 1623, 1891, 2675, 1444, 2172, 2515, 1367, 2726, 1734, 
1772, 2716, 1515, 2038, 2599, 1386, 2312, 2396, 1370, 2545, 
2129, 1465, 2694, 1850, 2190, 2498, 1364, 2446, 2256, 1408, 
2635, 1978, 1558, 2727, 1713, 1788, 2710, 1502, 2062, 2587, 
1478, 2699, 1832, 1676, 2735, 1592, 1934, 2659, 1427, 2211, 
2481, 1363, 2463, 2235, 1415, 2644, 1491, 2083, 2574, 1379, 
2355, 2360, 1379, 2574, 2087, 1488, 2705, 1811, 1692, 2736, 
1572, 1953, 2213, 1422, 2655, 1935, 1589, 2735, 1680, 1830, 
2700, 1480, 2106, 2559, 1375, 2374, 2335, 1380, 2727, 1558, 
1974, 2636, 1410, 2253, 2450, 1367, 2499, 2195, 1431, 2668, 
1916, 1603, 2736, 1661, 2389, 2318, 1389, 2599, 2044, 1511, 
2715, 1772, 1729, 2727, 1546, 1996, 2629, 1400, 2273, 2432, 
1620, 2736, 1644, 1868, 2684, 1457, 2145, 2532, 1369, 2408, 
2297, 1395, 2614, 2023, 1529, 2721, 1398, 2292, 2416, 1370, 
2526, 2151, 1449, 2680, 1875, 1635, 2736, 1628, 1888, 2681, 
1447, 2168, 2003, 1542, 2726, 1736, 1767, 2713, 1516, 2036, 
2601, 1387, 2312, 2395, 1369, 2544, 2135, 1466, 2673, 1438, 
2188, 2499, 1362, 2440, 2255, 1403, 2631, 1979, 1558, 2727, 
1721, 1787, 2716, 1504, 2558, 2111, 1476, 2696, 1833, 1671, 
2735, 1593, 1929, 2659, 1426, 2207, 2486, 1363, 2462, 2240, 
1805, 2708, 1492, 2079, 2576, 1379, 2348, 2359, 1377, 2571, 
2091, 1487, 2703, 1816, 1690, 2735, 1363, 2476, 2219, 1422, 
2655, 1939, 1587, 2734, 1681, 1826, 2704, 1479, 2101, 2561, 
1374, 2368, 1796, 1708, 2729, 1563, 1971, 2641, 1411, 2250, 
2454, 1363, 2494, 2198, 1431, 2662, 1919, 1600, 2547, 1372, 
2383, 2321, 1390, 2599, 2051, 1515, 2719, 1780, 1725, 2727, 
1551, 1987, 2625, 1400, 2670, 1895, 1616, 2739, 1648, 1865, 
2687, 1459, 2144, 2535, 1369, 2404, 2303, 1395, 2607, 2028, 
2012, 2616, 1394, 2289, 2418, 1367, 2521, 2156, 1449, 2676, 
1881, 1633, 2737, 1630, 1885, 2680, 1398, 2620, 2006, 1538, 
2724, 1739, 1763, 2719, 1519, 2035, 2604, 1391, 2310, 2402, 
1369, 2539, 1612, 1907, 2671, 1436, 2183, 2504, 1364, 2440, 
2257, 1405, 2631, 1987, 1552, 2729, 1720, 1784, 2383, 1374, 
2553, 2114, 1473, 2696, 1838, 1667, 2735, 1593, 1926, 2662, 
1428, 2207, 2491, 1366, 2732, 1704, 1802, 2708, 1491, 2074, 
2575, 1376, 2345, 2365, 1379, 2567, 2096, 1487, 2703, 1820, 
2224, 2471, 1364, 2473, 2222, 1420, 2652, 1939, 1586, 2734, 
1682, 1822, 2702, 1481, 2097, 2564, 1498, 2710, 1799, 1705, 
2732, 1566, 1966, 2643, 1410, 2247, 2455, 1363, 2492, 2200, 
1428, 2662, 1447, 2265, 2345, 1539, 2719, 1472, 2161, 2488, 
1366, 2523, 2008, 1539, 2724, 1743, 1761, 2720, 1368, 2536, 
2137, 1459, 2687, 1860, 1651, 2736, 1612, 1904, 2672, 1437, 
2182, 2505, 1363, 2438, 1722, 1779, 2712, 1507, 2055, 2599, 
1385, 2328, 2387, 1374, 2552, 2115, 1471, 2694, 1839, 1664, 
2488, 1363, 2456, 2246, 1413, 2643, 1969, 1566, 2731, 1705, 
1802, 2711, 1496, 2073, 2579, 1382, 2700, 1823, 1685, 2732, 
1580, 1948, 2650, 1422, 2222, 2475, 1364, 2473, 2224, 1420, 
2652, 1945, 2095, 2567, 1376, 2364, 2351, 1376, 2579, 2072, 
1496, 2709, 1801, 1703, 2732, 1569, 1966, 2644, 1428, 2661, 
1927, 1606, 2732, 1671, 1839, 2697, 1475, 2115, 2553, 1372, 
2381, 2328, 1386, 2594, 1555, 1987, 2631, 1404, 2263, 2439, 
1360, 2503, 2180, 1437, 2668, 1907, 1615, 2738, 1654, 1863, 
2310, 1391, 2604, 2032, 1516, 2718, 1761, 1737, 2723, 1537, 
2008, 2622, 1401, 2287, 2425, 1366, 2736, 1633, 1880, 2680, 
1452, 2156, 2522, 1366, 2419, 2288, 1398, 2617, 2012, 1536, 
2724, 1743, 2303, 2406, 1369, 2535, 2139, 1457, 2688, 1864, 
1648, 2735, 1616, 1899, 2673, 1440, 2177, 2508, 1548, 2726, 
1727, 1776, 2718, 1514, 2049, 2597, 1387, 2323, 2387, 1372, 
2550, 2121, 1470, 2695, 1431, 2196, 2489, 1364, 2451, 2247, 
1410, 2640, 1971, 1567, 2729, 1707, 1799, 2711, 1496, 2067, 
2100, 1480, 2703, 1824, 1683, 2735, 1587, 1943, 2654, 1422, 
2219, 2476, 1362, 2468, 2227, 1417, 2703, 1486, 2091, 2571, 
1375, 2362, 2352, 1380, 2579, 2080, 1495, 2708, 1804, 1699, 
2732, 1569, 2485, 2207, 1429, 2656, 1929, 1596, 2735, 1671, 
1837, 2696, 1475, 2113, 2556, 1375, 2379, 2331, 1718, 2727, 
1555, 1981, 2631, 1406, 2260, 2443, 1366, 2503, 2188, 1438, 
2670, 1910, 1609, 2740, 1369, 2396, 2311, 1390, 2604, 2037, 
1520, 2720, 1767, 1739, 2726, 1542, 2003, 2622, 1398, 2280, 
1888, 1627, 2736, 1639, 1875, 2681, 1452, 2154, 2526, 1368, 
2416, 2291, 1396, 2615, 2014, 1533, 2608, 1395, 2300, 2409, 
1369, 2532, 2144, 1457, 2684, 1871, 1646, 2736, 1621, 1896, 
2674, 1444, 2627, 1995, 1548, 2727, 1728, 1776, 2717, 1513, 
2047, 2598, 1388, 2319, 2390, 1369, 2547, 2123, 1918, 2666, 
1433, 2196, 2497, 1366, 2451, 2251, 1409, 2636, 1972, 1561, 
2730, 1708, 1793, 2712, 1371, 2561, 2099, 1479, 2701, 1827, 
1679, 2735, 1588, 1939, 2657, 1424, 2215, 2478, 1363, 2467, 
1692, 1814, 2703, 1490, 2088, 2572, 1379, 2359, 2352, 1377, 
2574, 2080, 1490, 2706, 1809, 1690, 2465, 1363, 2483, 2210, 
1425, 2657, 1932, 1592, 2736, 1675, 1835, 2699, 1475, 2109, 
2556, 1374, 2712, 1791, 1716, 2731, 1559, 1982, 2638, 1408, 
2258, 2445, 1363, 2499, 2189, 1434, 2668, 1912, 2131, 2543, 
1368, 2395, 2313, 1388, 2600, 2039, 1518, 2719, 1769, 1735, 
2727, 1544, 2004, 2622, 1443, 2675, 1891, 1625, 2736, 1639, 
1873, 2684, 1454, 2143, 2528, 1367, 2412, 2295, 1392, 2616, 
1531, 2023, 2612, 1393, 2298, 2408, 1369, 2529, 2147, 1456, 
2687, 1871, 1641, 2737, 1625, 1892, 2277, 1400, 2623, 1996, 
1545, 2726, 1731, 1772, 2719, 1516, 2041, 2599, 1388, 2316, 
2395, 1369, 2734, 1606, 1915, 2668, 1433, 2193, 2499, 1363, 
2447, 2254, 1408, 2636, 1977, 1564, 2728, 1715, 2335, 2375, 
1374, 2559, 2105, 1476, 2698, 1830, 1677, 2735, 1591, 1935, 
2659, 1422, 2212, 2480, 1577, 2731, 1695, 1811, 2707, 1491, 
2086, 2575, 1377, 2353, 2352, 1376, 2574, 2086, 1489, 2707, 
1418, 2233, 2466, 1364, 2481, 2215, 1424, 2654, 1935, 1590, 
2736, 1678, 1830, 2700, 1478, 2104, 2063, 1502, 2713, 1792, 
1712, 2731, 1560, 1571, 1953, 2644, 1417, 2231, 2463, 1363, 
2476, 2211, 1828, 2696, 1477, 2103, 2559, 1373, 2371, 2334, 
1383, 2584, 2063, 1500, 2708, 1789, 1711, 2728, 1363, 2496, 
2193, 1432, 2659, 1915, 1601, 2732, 1654, 1845, 2688, 1464, 
2124, 2543, 1370, 2390, 1772, 1729, 2726, 1545, 1998, 2623, 
1403, 2273, 2432, 1365, 2511, 2171, 1440, 2672, 1893, 1620, 
2528, 1367, 2408, 2297, 1393, 2609, 2024, 1526, 2721, 1753, 
1747, 2721, 1531, 2015, 2614, 1395, 2684, 1873, 1639, 2736, 
1624, 1890, 2675, 1444, 2166, 2515, 1365, 2425, 2277, 1400, 
2622, 2002, 2036, 2600, 1388, 2308, 2396, 1368, 2540, 2128, 
1464, 2691, 1855, 1655, 2736, 1609, 1909, 2670, 1406, 2632, 
1979, 1555, 2728, 1716, 1785, 2712, 1504, 2060, 2591, 1383, 
2332, 2380, 1373, 2555, 1591, 1928, 2656, 1426, 2204, 2485, 
1363, 2460, 2239, 1415, 2646, 1961, 1571, 2732, 1700, 1807, 
2360, 1377, 2566, 2088, 1485, 2703, 1815, 1690, 2732, 1577, 
1952, 2649, 1420, 2230, 2470, 1364, 2735, 1680, 1830, 2697, 
1479, 2099, 2561, 1375, 2369, 2342, 1384, 2585, 2071, 1501, 
2711, 1795, 2248, 2451, 1362, 2490, 2193, 1427, 2665, 1919, 
1606, 2736, 1664, 1847, 2694, 1468, 2121, 2547, 1512, 2716, 
1774, 1728, 2727, 1550, 1994, 2627, 1404, 2270, 2435, 1364, 
2508, 2174, 1439, 2675, 1457, 2144, 2534, 1370, 2408, 2303, 
1395, 2611, 2023, 1526, 2719, 1756, 1744, 2721, 1532, 2013, 
2155, 1452, 2684, 1879, 1639, 2739, 1630, 1887, 2679, 1446, 
2163, 2517, 1366, 2424, 2281, 1399, 2719, 1521, 2033, 2603, 
1392, 2308, 2399, 1369, 2540, 2135, 1463, 2691, 1856, 1651, 
2736, 1612, 2441, 2263, 1408, 2635, 1987, 1556, 2730, 1720, 
1783, 2712, 1504, 2055, 2590, 1383, 2328, 2382, 1672, 2736, 
1598, 1928, 2660, 1429, 2204, 2487, 1362, 2457, 2240, 1413, 
2643, 1962, 1570, 2733, 1379, 2347, 2364, 1376, 2567, 2092, 
1483, 2703, 1819, 1688, 2735, 1580, 1948, 2652, 1420, 2227, 
1965, 1567, 2732, 1701, 1802, 2708, 1495, 2076, 2577, 1379, 
2347, 2366, 1378, 2568, 2094, 1485, 2648, 1423, 2227, 2472, 
1363, 2475, 2222, 1421, 2654, 1940, 1584, 2734, 1684, 1824, 
2704, 1484, 2583, 2073, 1498, 2712, 1799, 1703, 2729, 1562, 
1964, 2641, 1415, 2248, 2460, 1367, 2494, 2200, 1847, 2693, 
1469, 2115, 2547, 1372, 2383, 2324, 1388, 2595, 2054, 1511, 
2715, 1781, 1724, 2724, 1364, 2504, 2182, 1440, 2673, 1903, 
1617, 2739, 1652, 1862, 2687, 1459, 2139, 2536, 1369, 2404, 
1760, 1745, 2723, 1538, 2008, 2619, 1398, 2287, 2419, 1366, 
2521, 2160, 1448, 2679, 1881, 1633, 2520, 1368, 2419, 2287, 
1399, 2620, 2008, 1537, 2724, 1741, 1761, 2721, 1521, 2031, 
2606, 1392, 2688, 1860, 1648, 2736, 1614, 1903, 2673, 1440, 
2182, 2506, 1364, 2439, 2267, 1403, 2631, 1988, 2051, 2592, 
1385, 2327, 2387, 1375, 2552, 2119, 1472, 2695, 1840, 1664, 
2734, 1597, 1922, 2660, 1411, 2641, 1968, 1567, 2731, 1705, 
1799, 2708, 1495, 2072, 2581, 1380, 2346, 2367, 1380, 2568, 
1586, 1944, 2652, 1420, 2220, 2472, 1361, 2471, 2226, 1421, 
2654, 1948, 1584, 2739, 1688, 1819, 2345, 1378, 2576, 2072, 
1493, 2707, 1802, 1702, 2734, 1570, 1967, 2644, 1415, 2246, 
2458, 1364, 2736, 1667, 1840, 2697, 1473, 2115, 2553, 1372, 
2381, 2328, 1383, 2592, 2054, 1507, 2716, 1784, 2264, 2441, 
1364, 2504, 2183, 1436, 2670, 1905, 1613, 2739, 1655, 1863, 
2693, 1464, 2140, 2539, 1522, 2718, 1760, 1739, 2721, 1536, 
2007, 2620, 1401, 2284, 2424, 1367, 2523, 2160, 1447, 2676, 
1449, 2156, 2523, 1367, 2419, 2289, 1449, 2729, 1541, 2283, 
2367, 1382, 2611, 2011, 1534, 2732, 1374, 2380, 2331, 1388, 
2591, 2055, 1507, 2713, 1783, 1718, 2727, 1554, 1983, 2631, 
1406, 2261, 1910, 1613, 2737, 1655, 1859, 2691, 1463, 2135, 
2541, 1369, 2398, 2310, 1388, 2601, 2035, 1520, 2620, 1399, 
2281, 2424, 1366, 2520, 2166, 1448, 2676, 1885, 1627, 2737, 
1635, 1875, 2681, 1451, 2616, 2015, 1536, 2726, 1748, 1759, 
2723, 1526, 2025, 2608, 1392, 2300, 2406, 1366, 2531, 2142, 
1899, 2676, 1444, 2177, 2511, 1364, 2432, 2267, 1400, 2623, 
1991, 1544, 2727, 1729, 1777, 2719, 1372, 2550, 2121, 1468, 
2691, 1846, 1659, 2734, 1605, 1920, 2666, 1432, 2200, 2495, 
1363, 2450, 1707, 1793, 2709, 1499, 2067, 2583, 1382, 2339, 
2372, 1374, 2563, 2103, 1479, 2703, 1825, 1680, 2480, 1363, 
2467, 2230, 1415, 2647, 1949, 1577, 2732, 1691, 1815, 2705, 
1488, 2089, 2571, 1376, 2708, 1806, 1697, 2732, 1572, 1960, 
2644, 1415, 2238, 2463, 1362, 2486, 2210, 1428, 2661, 1932, 
2111, 2556, 1372, 2376, 2331, 1382, 2588, 2058, 1507, 2715, 
1790, 1720, 2729, 1557, 1980, 2632, 1434, 2667, 1909, 1609, 
2738, 1657, 1857, 2693, 1466, 2129, 2542, 1371, 2394, 2311, 
1388, 2602, 1542, 2001, 2624, 1400, 2280, 2427, 1364, 2515, 
2169, 1441, 2676, 1888, 1626, 2737, 1639, 1876, 2293, 1397, 
2616, 2019, 1533, 2725, 1751, 1755, 2721, 1529, 2020, 2611, 
1392, 2296, 2409, 1368, 2737, 1622, 1894, 2676, 1443, 2172, 
2515, 1367, 2431, 2275, 1398, 2624, 1996, 1544, 2724, 1728, 
2318, 2392, 1370, 2548, 2128, 1471, 2695, 1851, 1660, 2734, 
1604, 1912, 2665, 1433, 2193, 2497, 1563, 2732, 1713, 1793, 
2712, 1501, 2063, 2579, 1381, 2334, 2373, 1371, 2563, 2107, 
1479, 2699, 1427, 2217, 2482, 1363, 2464, 2232, 1417, 2648, 
1953, 1575, 2732, 1695, 1812, 2707, 1490, 2086, 2083, 1489, 
2703, 1807, 1695, 2732, 1575, 1957, 2647, 1419, 2235, 2467, 
1366, 2483, 2214, 1426, 2699, 1478, 2107, 2559, 1372, 2372, 
2333, 1384, 2585, 2061, 1502, 2713, 1792, 1715, 2732, 1560, 
2498, 2192, 1433, 2665, 1912, 1606, 2732, 1660, 1851, 2694, 
1466, 2129, 2547, 1372, 2396, 2316, 1732, 2726, 1544, 1996, 
2623, 1399, 2275, 2430, 1364, 2512, 2173, 1445, 2677, 1895, 
1622, 2736, 1368, 2407, 2296, 1392, 2611, 2021, 1531, 2722, 
1757, 1752, 2722, 1529, 2017, 2611, 1395, 2292, 1873, 1641, 
2736, 1624, 1893, 2673, 1447, 2168, 2514, 1366, 2427, 2278, 
1402, 2624, 1999, 1543, 2601, 1387, 2313, 2396, 1369, 2545, 
2129, 1466, 2693, 1855, 1656, 2736, 1608, 1911, 2668, 1436, 
2635, 1979, 1558, 2728, 1715, 1791, 2711, 1505, 2061, 2588, 
1383, 2333, 2377, 1374, 2557, 2108, 1931, 2659, 1426, 2211, 
2486, 1367, 2464, 2239, 1417, 2646, 1956, 1571, 2731, 1695, 
1807, 2707, 1377, 2572, 2087, 1487, 2707, 1811, 1690, 2734, 
1576, 1954, 2649, 1419, 2231, 2468, 1366, 2480, 1679, 1828, 
2700, 1478, 2106, 2559, 1375, 2371, 2342, 1384, 2585, 2065, 
1502, 2710, 1793, 1710, 2451, 1364, 2495, 2195, 1434, 2663, 
1918, 1604, 2736, 1662, 1847, 2693, 1468, 2124, 2549, 1374, 
2716, 1772, 1728, 2726, 1548, 1993, 2627, 1403, 2272, 2432, 
1364, 2510, 2174, 1441, 2673, 1897, 2145, 2532, 1369, 2407, 
2297, 1394, 2609, 2024, 1528, 2723, 1756, 1748, 2724, 1534, 
2014, 2615, 1452, 2681, 1876, 1639, 2734, 1628, 1888, 2680, 
1447, 2165, 2518, 1366, 2424, 2281, 1400, 2622, 1520, 2035, 
2603, 1387, 2313, 2394, 1370, 2540, 2132, 1463, 2690, 1856, 
1652, 2735, 1611, 1910, 2260, 1410, 2635, 1982, 1558, 2729, 
1719, 1785, 2712, 1506, 2057, 2588, 2586, 1384, 2329, 2379, 
1670, 2732, 1594, 1927, 2656, 1425, 2204, 2483, 1362, 2459, 
2240, 1415, 2641, 1958, 1568, 2728, 1380, 2347, 2360, 1376, 
2567, 2089, 1484, 2702, 1814, 1687, 2731, 1577, 1950, 2647, 
1420, 2228, 1963, 1570, 2730, 1699, 1803, 2705, 1491, 2076, 
2577, 1378, 2348, 2361, 1377, 2567, 2091, 1485, 2651, 1419, 
2225, 2471, 1363, 2476, 2220, 1422, 2652, 1942, 1588, 2732, 
1681, 1824, 2700, 1483, 2581, 2071, 1499, 2710, 1795, 1705, 
2729, 1564, 1967, 2639, 1411, 2243, 2453, 1363, 2492, 2200, 
1844, 2695, 1473, 2118, 2548, 1372, 2384, 2323, 1385, 2593, 
2049, 1512, 2712, 1779, 1726, 2727, 1365, 2508, 2176, 1440, 
2673, 1903, 1618, 2736, 1648, 1865, 2684, 1459, 2139, 2535, 
1370, 2404, 1760, 1743, 2724, 1537, 2010, 2616, 1398, 2288, 
2419, 1368, 2521, 2158, 1452, 2680, 1880, 1634, 2519, 1365, 
2421, 2281, 1397, 2617, 2006, 1539, 2726, 1738, 1762, 2720, 
1524, 2033, 2606, 1391, 2688, 1860, 1651, 2735, 1614, 1903, 
2671, 1439, 2183, 2504, 1366, 2439, 2264, 1406, 2631, 1987, 
2053, 2593, 1385, 2327, 2383, 1372, 2552, 2114, 1472, 2691, 
1840, 1667, 2735, 1598, 1927, 2663, 1414, 2640, 1964, 1566, 
2730, 1702, 1800, 2708, 1495, 2073, 2579, 1378, 2343, 2364, 
1375, 2564, 1581, 1944, 2652, 1421, 2223, 2470, 1363, 2472, 
2222, 1421, 2652, 1945, 1584, 2734, 1686, 1821, 2345, 1381, 
2579, 2074, 1496, 2711, 1802, 1704, 2732, 1569, 1965, 2641, 
1415, 2244, 2460, 1364, 2737, 1670, 1843, 2697, 1472, 2116, 
2550, 1372, 2378, 2326, 1384, 2591, 2051, 1507, 2716, 1780, 
2264, 2440, 1365, 2505, 2183, 1439, 2671, 1903, 1614, 2736, 
1651, 1859, 2689, 1460, 2137, 2537, 1522, 2723, 1760, 1740, 
2724, 1539, 2009, 2620, 1400, 2286, 2423, 1366, 2520, 2160, 
1446, 2678, 1459, 2137, 2539, 1369, 2401, 2309, 1392, 2603, 
2033, 1521, 2719, 1763, 1740, 2726, 1540, 2008, 2183, 1437, 
2669, 1904, 1611, 2737, 1651, 1857, 2690, 1461, 2140, 2540, 
1370, 2402, 2308, 1391, 2726, 1539, 2007, 2620, 1399, 2281, 
2424, 1365, 2519, 2163, 1447, 2680, 1887, 1631, 2737, 1635, 
2415, 2287, 1396, 2616, 2011, 1535, 2722, 1743, 1760, 2723, 
1527, 2028, 2609, 1393, 2302, 2405, 1646, 2736, 1617, 1900, 
2673, 1439, 2176, 2508, 1363, 2433, 2267, 1404, 2630, 1991, 
1551, 2729, 1388, 2324, 2388, 1371, 2548, 2120, 1466, 2692, 
1844, 1663, 2736, 1603, 1923, 2667, 1433, 2200, 1971, 1564, 
2729, 1706, 1798, 2707, 1501, 2070, 2583, 1382, 2341, 2367, 
1373, 2561, 2099, 1481, 2657, 1424, 2222, 2479, 1367, 2470, 
2230, 1416, 2649, 1947, 1578, 2732, 1688, 1817, 2707, 1486, 
2578, 2080, 1495, 2710, 1806, 1699, 2731, 1574, 1960, 2643, 
1413, 2238, 2460, 1363, 2488, 2209, 1838, 2698, 1475, 2113, 
2556, 1374, 2377, 2332, 1384, 2591, 2059, 1507, 2715, 1786, 
1717, 2728, 1363, 2499, 2186, 1436, 2668, 1910, 1612, 2739, 
1656, 1857, 2691, 1464, 2133, 2542, 1371, 2399, 1767, 1736, 
2726, 1542, 2002, 2623, 1399, 2279, 2427, 1367, 2519, 2167, 
1447, 2679, 1888, 1628, 2524, 1366, 2415, 2289, 1396, 2612, 
2012, 1536, 2724, 1749, 1757, 2724, 1529, 2025, 2611, 1393, 
2684, 1866, 1639, 2734, 1620, 1896, 2675, 1443, 2177, 2511, 
1366, 2435, 2272, 1403, 2627, 1993, 2044, 2595, 1384, 2318, 
2388, 1369, 2545, 2123, 1468, 2695, 1849, 1663, 2739, 1606, 
1919, 2667, 1409, 2636, 1971, 1560, 2729, 1711, 1794, 2711, 
1504, 2066, 2584, 1381, 2339, 2371, 1375, 2563, 1588, 1939, 
2657, 1424, 2216, 2478, 1361, 2465, 2229, 1416, 2648, 1870, 
1797, 2678, 1366, 2639, 1477, 2153, 2528, 1368, 2415, 2272, 
1415, 2684, 1869, 1641, 2736, 1620, 1895, 2673, 1441, 2172, 
1997, 1546, 2728, 1733, 1776, 2719, 1516, 2042, 2596, 1385, 
2312, 2389, 1370, 2544, 2126, 1470, 2671, 1436, 2197, 2498, 
1363, 2447, 2247, 1406, 2635, 1972, 1560, 2729, 1712, 1793, 
2713, 1503, 2561, 2106, 1479, 2703, 1830, 1678, 2736, 1590, 
1935, 2656, 1421, 2211, 2479, 1362, 2468, 2233, 1813, 2708, 
1491, 2088, 2575, 1379, 2356, 2353, 1377, 2572, 2081, 1488, 
2705, 1809, 1695, 2733, 1365, 2484, 2214, 1425, 2659, 1931, 
1591, 2736, 1676, 1833, 2700, 1478, 2108, 2559, 1375, 2374, 
1789, 1709, 2728, 1558, 1978, 2639, 1411, 2257, 2450, 1365, 
2499, 2192, 1433, 2665, 1911, 1606, 2543, 1371, 2393, 2317, 
1389, 2599, 2041, 1518, 2718, 1773, 1734, 2728, 1547, 1999, 
2624, 1400, 2672, 1891, 1621, 2736, 1642, 1873, 2687, 1457, 
2154, 2532, 1370, 2412, 2296, 1395, 2611, 2018, 2019, 2611, 
1393, 2294, 2414, 1368, 2528, 2151, 1454, 2684, 1871, 1639, 
2735, 1623, 1891, 2678, 1401, 2624, 2000, 1544, 2727, 1732, 
1768, 2718, 1514, 2038, 2600, 1390, 2315, 2396, 1373, 2547, 
1609, 1914, 2670, 1436, 2191, 2499, 1364, 2447, 2256, 1407, 
2633, 1977, 1556, 2727, 1714, 1790, 2379, 1376, 2560, 2110, 
1478, 2700, 1832, 1671, 2732, 1590, 1928, 2657, 1427, 2212, 
2484, 1366, 2735, 1699, 1810, 2708, 1493, 2083, 2574, 1377, 
2351, 2356, 1374, 2577, 2086, 1487, 2706, 1815, 2234, 2468, 
1366, 2483, 2216, 1423, 2655, 1936, 1587, 2732, 1678, 1830, 
2700, 1479, 2102, 2563, 1503, 2712, 1795, 1711, 2731, 1561, 
1972, 2636, 1408, 2249, 2449, 1362, 2495, 2195, 1433, 2667, 
1468, 2126, 2547, 1370, 2390, 2319, 1388, 2599, 2046, 1516, 
2719, 1776, 1731, 2728, 1547, 1993, 2174, 1441, 2672, 1895, 
1620, 2736, 1643, 1868, 2687, 1457, 2147, 2535, 1368, 2409, 
2300, 1393, 2721, 1532, 2014, 2614, 1396, 2291, 2415, 1367, 
2526, 2153, 1452, 2684, 1875, 1639, 2737, 1628, 2425, 2278, 
1400, 2619, 1999, 1540, 2725, 1735, 1767, 2720, 1522, 2039, 
2606, 1392, 2311, 2398, 1651, 2736, 1611, 1908, 2670, 1437, 
2188, 2503, 1363, 2444, 2259, 1406, 2633, 1980, 1555, 2728, 
1384, 2329, 2379, 1372, 2556, 2111, 1475, 2697, 1835, 1672, 
2735, 1595, 1930, 2662, 1429, 2209, 1962, 1572, 2734, 1700, 
1806, 2707, 1492, 2076, 2575, 1377, 2347, 2360, 1378, 2571, 
2091, 1487, 2651, 1421, 2228, 2471, 1365, 2476, 2218, 1420, 
2655, 1939, 1585, 2734, 1679, 1826, 2703, 1483, 2584, 2072, 
1500, 2711, 1796, 1707, 2731, 1563, 1969, 2639, 1411, 2248, 
2453, 1363, 2492, 2198, 1845, 2694, 1471, 2123, 2552, 1373, 
2390, 2324, 1386, 2595, 2046, 1509, 2713, 1776, 1727, 2731, 
1368, 2512, 2182, 1442, 2672, 1899, 1616, 2735, 1644, 1864, 
2687, 1457, 2143, 2535, 1368, 2403, 1756, 1744, 2723, 1536, 
2014, 2620, 1400, 2291, 2421, 1367, 2524, 2157, 1451, 2680, 
1880, 1633, 2520, 1366, 2423, 2283, 1399, 2619, 2005, 1539, 
2726, 1740, 1766, 2723, 1523, 2034, 2607, 1392, 2689, 1860, 
1651, 2736, 1612, 1905, 2672, 1438, 2184, 2505, 1365, 2441, 
2263, 1406, 2631, 1984, 2054, 2591, 1381, 2324, 2380, 1371, 
2553, 2115, 1472, 2697, 1840, 1670, 2736, 1598, 1926, 2663, 
1413, 2643, 1963, 1568, 2730, 1702, 1801, 2708, 1497, 2075, 
2582, 1382, 2348, 2364, 1377, 2568, 1581, 1944, 2648, 1418, 
2224, 2470, 1361, 2473, 2223, 1422, 2653, 1944, 1586, 2735, 
1686, 1823, 2345, 1381, 2580, 2072, 1496, 2708, 1798, 1702, 
2728, 1564, 1966, 2640, 1413, 2249, 2459, 1367, 2737, 1671, 
1665, 1841, 2695, 1472, 2117, 2551, 1370, 2380, 2323, 1383, 
2589, 2051, 1509, 2715, 1407, 2264, 2436, 1361, 2502, 2177, 
1435, 2667, 1900, 1614, 2736, 1650, 1863, 2687, 1457, 2137, 
2027, 1521, 2719, 1760, 1742, 2723, 1538, 2008, 2618, 1398, 
2283, 2419, 1364, 2519, 2158, 1447, 2679, 1447, 2157, 2520, 
1365, 2417, 2284, 1396, 2615, 2008, 1536, 2723, 1743, 1761, 
2719, 1524, 2535, 2140, 1460, 2687, 1861, 1648, 2732, 1613, 
1900, 2672, 1439, 2179, 2507, 1364, 2436, 2264, 1777, 2713, 
1510, 2049, 2593, 1385, 2324, 2385, 1372, 2550, 2116, 1468, 
2694, 1840, 1665, 2734, 1364, 2454, 2247, 1412, 2640, 1967, 
1564, 2728, 1702, 1798, 2710, 1498, 2071, 2581, 1380, 2341, 
1822, 1681, 2732, 1584, 1943, 2652, 1423, 2222, 2476, 1363, 
2471, 2224, 1419, 2649, 1946, 1580, 2566, 1375, 2361, 2345, 
1379, 2579, 2078, 1497, 2710, 1804, 1701, 2731, 1568, 1962, 
2641, 1413, 2658, 1924, 1596, 2735, 1669, 1838, 2695, 1473, 
2115, 2555, 1374, 2382, 2331, 1386, 2591, 2054, 1982, 2630, 
1404, 2260, 2440, 1364, 2504, 2187, 1438, 2670, 1907, 1610, 
2736, 1651, 1859, 2689, 1390, 2604, 2034, 1520, 2719, 1764, 
1739, 2726, 1540, 2005, 2622, 1400, 2282, 2424, 1366, 2519, 
1633, 1878, 2680, 1449, 2154, 2523, 1367, 2415, 2288, 1395, 
2615, 2013, 1536, 2726, 1745, 1758, 2407, 1368, 2533, 2142, 
1458, 2686, 1865, 1646, 2736, 1618, 1899, 2673, 1439, 2175, 
2508, 1364, 2727, 1726, 1777, 2716, 1512, 2047, 2595, 1384, 
2320, 2389, 1371, 2549, 2122, 1470, 2695, 1846, 2197, 2494, 
1365, 2452, 2251, 1411, 2638, 1971, 1562, 2728, 1705, 1793, 
2710, 1499, 2069, 2584, 1479, 2702, 1827, 1680, 2735, 1587, 
1940, 2656, 1424, 2218, 2478, 1363, 2468, 2227, 1417, 2648, 
1487, 2091, 2571, 1378, 2360, 2352, 1379, 2575, 2080, 1491, 
2705, 1805, 1699, 2731, 1570, 1961, 2209, 1427, 2659, 1932, 
1596, 2737, 1674, 1836, 2700, 1476, 2111, 2556, 1372, 2376, 
2329, 1383, 2729, 1556, 1982, 2635, 1411, 2259, 2446, 1367, 
2503, 2190, 1437, 2668, 1911, 1609, 2736, 1653, 2393, 2310, 
1388, 2601, 2038, 1520, 2720, 1770, 1737, 2727, 1543, 2002, 
2623, 1400, 2278, 2427, 1625, 2736, 1638, 1874, 2683, 1453, 
2151, 2526, 1367, 2414, 2292, 1395, 2614, 2017, 1532, 2723, 
1393, 2297, 2410, 1368, 2532, 2147, 1457, 2687, 1871, 1644, 
2739, 1622, 1895, 2674, 1443, 2172, 1996, 1545, 2727, 1728, 
1773, 2716, 1514, 2043, 2597, 1386, 2316, 2392, 1369, 2547, 
2125, 1470, 2668, 1435, 2194, 2497, 1362, 2447, 2250, 1408, 
2636, 1972, 1560, 2730, 1712, 1794, 2712, 1502, 2560, 2104, 
1478, 2700, 1828, 1676, 2735, 1589, 1935, 2656, 1425, 2215, 
2483, 1365, 2467, 2234, 1814, 2709, 1489, 2087, 2572, 1376, 
2353, 2353, 1377, 2572, 2081, 1489, 2705, 1809, 1696, 2736, 
1367, 2484, 2215, 1427, 2657, 1932, 1590, 2734, 1673, 1831, 
2698, 1476, 2108, 2559, 1374, 2375, 1788, 1713, 2728, 1559, 
1977, 2636, 1411, 2257, 2448, 1364, 2498, 2190, 1432, 2663, 
1909, 1606, 2544, 1371, 2394, 2317, 1391, 2599, 2042, 1516, 
2718, 1769, 1731, 2727, 1543, 1998, 2625, 1402, 2667, 1913, 
1605, 2736, 1658, 1852, 2694, 1466, 2128, 2548, 1372, 2392, 
2316, 1386, 2596, 2039, 1974, 2635, 1408, 2255, 2449, 1366, 
2502, 2194, 1436, 2668, 1914, 1605, 2735, 1658, 1851, 2694, 
1389, 2600, 2041, 1516, 2718, 1770, 1730, 2724, 1544, 1996, 
2624, 1401, 2275, 2431, 1366, 2513, 1641, 1870, 2686, 1455, 
2150, 2532, 1369, 2412, 2299, 1395, 2611, 2020, 1527, 2721, 
1751, 1749, 2413, 1408, 2705, 1608, 2190, 2449, 1367, 2557, 
2105, 1475, 2723, 1752, 1748, 2723, 1535, 2019, 2153, 1456, 
2683, 1871, 1636, 2732, 1620, 1887, 2673, 1444, 2168, 2517, 
1368, 2430, 2280, 1402, 2719, 1518, 2038, 2601, 1388, 2312, 
2397, 1372, 2544, 2128, 1464, 2689, 1850, 1655, 2736, 1612, 
2448, 2261, 1411, 2636, 1978, 1554, 2724, 1710, 1784, 2710, 
1503, 2062, 2591, 1387, 2335, 2380, 1676, 2736, 1591, 1929, 
2657, 1425, 2211, 2483, 1363, 2462, 2236, 1415, 2643, 1958, 
1572, 2732, 1383, 2335, 2380, 1375, 2558, 2111, 1476, 2699, 
1834, 1671, 2735, 1592, 1929, 2659, 1426, 2209, 1959, 1572, 
2732, 1695, 1806, 2706, 1491, 2080, 2576, 1381, 2353, 2361, 
1379, 2572, 2089, 1486, 2647, 1417, 2229, 2468, 1363, 2478, 
2218, 1424, 2656, 1939, 1588, 2733, 1678, 1824, 2700, 1480, 
2584, 2070, 1500, 2712, 1796, 1711, 2732, 1564, 1973, 2639, 
1411, 2251, 2452, 1364, 2493, 2195, 1846, 2691, 1467, 2121, 
2547, 1371, 2387, 2323, 1384, 2595, 2047, 1515, 2716, 1776, 
1729, 2728, 1366, 2510, 2176, 1446, 2673, 1897, 1619, 2737, 
1644, 1867, 2686, 1456, 2142, 2532, 1368, 2407, 1758, 1747, 
2724, 1534, 2016, 2614, 1395, 2288, 2415, 1365, 2527, 2155, 
1453, 2684, 1880, 1637, 2519, 1367, 2424, 2281, 1397, 2617, 
2003, 1537, 2723, 1736, 1764, 2719, 1520, 2038, 2606, 1395, 
2694, 1859, 1655, 2737, 1610, 1905, 2667, 1433, 2182, 2500, 
1362, 2442, 2263, 1408, 2636, 1987, 2059, 2593, 1384, 2329, 
2380, 1371, 2551, 2111, 1471, 2695, 1838, 1668, 2737, 1599, 
1928, 2663, 1416, 2644, 1961, 1568, 2731, 1699, 1804, 2707, 
1494, 2078, 2578, 1378, 2348, 2363, 1376, 2569, 1580, 1951, 
2652, 1422, 2229, 2472, 1365, 2476, 2220, 1420, 2652, 1942, 
1585, 2735, 1684, 1823, 2343, 1380, 2580, 2070, 1494, 2709, 
1798, 1706, 2732, 1567, 1971, 2643, 1412, 2247, 2451, 1364, 
2737, 1666, 1841, 2695, 1469, 2118, 2550, 1371, 2385, 2323, 
1388, 2593, 2051, 1510, 2715, 1779, 2246, 2454, 1364, 2492, 
2203, 1432, 2665, 1923, 1602, 2737, 1665, 1843, 2694, 1467, 
2116, 2550, 1509, 2716, 1777, 1722, 2726, 1548, 1987, 2630, 
1404, 2267, 2439, 1366, 2508, 2182, 1441, 2672, 1459, 2140, 
2536, 1368, 2403, 2303, 1391, 2606, 2030, 1523, 2720, 1759, 
1743, 2726, 1540, 2012, 2160, 1451, 2680, 1879, 1629, 2735, 
1629, 1882, 2679, 1450, 2161, 2524, 1368, 2422, 2284, 1398, 
2723, 1537, 2008, 2619, 1396, 2284, 2419, 1366, 2520, 2157, 
1447, 2679, 1882, 1634, 2740, 1636, 2425, 2289, 1400, 2618, 
2007, 1532, 2720, 1737, 1758, 2718, 1521, 2032, 2608, 1395, 
2307, 2406, 1651, 2736, 1615, 1900, 2671, 1436, 2178, 2503, 
1364, 2439, 2265, 1406, 2631, 1990, 1553, 2729, 1386, 2323, 
2383, 1371, 2550, 2115, 1468, 2695, 1840, 1666, 2735, 1600, 
1925, 2665, 1432, 2203, 1969, 1568, 2732, 1704, 1798, 2708, 
1494, 2070, 2579, 1379, 2343, 2367, 1376, 2567, 2098, 1481, 
2654, 1420, 2222, 2474, 1363, 2472, 2224, 1420, 2651, 1945, 
1582, 2734, 1686, 1819, 2703, 1484, 2580, 2077, 1495, 2707, 
1801, 1700, 2729, 1566, 1963, 2642, 1414, 2243, 2460, 1364, 
2491, 2206, 1840, 2695, 1472, 2115, 2552, 1373, 2383, 2329, 
1388, 2595, 2055, 1507, 2716, 1782, 1717, 2726, 1363, 2503, 
2185, 1438, 2672, 1907, 1614, 2736, 1651, 1857, 2687, 1459, 
2136, 2540, 1370, 2403, 1767, 1742, 2726, 1539, 2004, 2617, 
1395, 2279, 2420, 1364, 2521, 2165, 1450, 2683, 1887, 1631, 
2524, 1368, 2417, 2287, 1396, 2617, 2015, 1535, 2727, 1745, 
1757, 2719, 1523, 2023, 2607, 1392, 2687, 1866, 1649, 2738, 
1619, 1901, 1439, 1439, 1500, 2070, 2580, 1379, 2337, 2364, 
1372, 2558, 1583, 1937, 2652, 1422, 2219, 2477, 1364, 2470, 
2228, 1419, 2648, 1950, 1579, 2729, 1686, 1815, 2348, 1377, 
2575, 2078, 1491, 2707, 1806, 1697, 2731, 1568, 1960, 2642, 
1414, 2238, 2457, 1362, 2732, 1670, 1835, 2697, 1475, 2112, 
2555, 1374, 2379, 2329, 1384, 2588, 2054, 1503, 2715, 1784, 
2259, 2444, 1364, 2503, 2187, 1436, 2668, 1907, 1609, 2735, 
1652, 1855, 2689, 1461, 2131, 2540, 1517, 2716, 1764, 1736, 
2726, 1541, 2003, 2623, 1400, 2279, 2423, 1363, 2512, 2161, 
1443, 2674, 1450, 2153, 2528, 1369, 2417, 2292, 1397, 2613, 
2014, 1532, 2721, 1747, 1755, 2721, 1527, 2023, 2145, 1456, 
2684, 1867, 1644, 2735, 1620, 1896, 2675, 1443, 2176, 2511, 
1364, 2436, 2271, 1402, 2716, 1513, 2046, 2599, 1388, 2319, 
2390, 1371, 2546, 2124, 1467, 2691, 1846, 1660, 2734, 1601, 
2430, 2266, 1403, 2627, 1996, 1548, 2728, 1731, 1775, 2716, 
1514, 2046, 2596, 1388, 2316, 2390, 1643, 2735, 1619, 1895, 
2675, 1441, 2174, 2511, 1367, 2433, 2272, 1402, 2624, 1995, 
1544, 2724, 1384, 2315, 2391, 1372, 2547, 2125, 1468, 2693, 
1849, 1660, 2744, 1605, 1915, 2667, 1432, 2195, 1972, 1560, 
2727, 1710, 1792, 2711, 1501, 2066, 2585, 1383, 2337, 2372, 
1376, 2559, 2103, 1477, 2655, 1424, 2215, 2481, 1363, 2466, 
2232, 1416, 2647, 1952, 1575, 2732, 1693, 1813, 2705, 1489, 
2575, 2081, 1489, 2705, 1807, 1695, 2732, 1573, 1957, 2647, 
1417, 2235, 2463, 1363, 2482, 2212, 1833, 2699, 1476, 2108, 
2559, 1374, 2375, 2334, 1383, 2587, 2063, 1504, 2714, 1790, 
1714, 2729, 1362, 2497, 2189, 1432, 2666, 1912, 1607, 2736, 
1658, 1852, 2692, 1464, 2126, 2544, 1371, 2392, 1771, 1733, 
2727, 1545, 1999, 2624, 1400, 2274, 2428, 1364, 2513, 2171, 
1444, 2676, 1892, 1624, 2528, 1366, 2406, 2296, 1395, 2612, 
2019, 1531, 2723, 1751, 1751, 2723, 1529, 2019, 2612, 1394, 
2685, 1873, 1641, 2739, 1626, 1892, 2676, 1443, 2171, 2515, 
1367, 2431, 2275, 1400, 2622, 1998, 2040, 2598, 1386, 2313, 
2395, 1371, 2547, 2131, 1468, 2691, 1851, 1657, 2736, 1607, 
1912, 2670, 1408, 2636, 1977, 1558, 2728, 1712, 1788, 2711, 
1503, 2062, 2588, 1383, 2334, 2375, 1373, 2550, 1591, 1931, 
2656, 1426, 2211, 2484, 1365, 2466, 2236, 1416, 2648, 1955, 
1575, 2732, 1696, 1809, 2357, 1378, 2572, 2087, 1486, 2703, 
1808, 1693, 2734, 1577, 1955, 2651, 1416, 2233, 2468, 1363, 
2734, 1677, 1829, 2699, 1478, 2104, 2560, 1375, 2371, 2338, 
1383, 2587, 2067, 1503, 2712, 1795, 2255, 2449, 1361, 2494, 
2192, 1430, 2663, 1915, 1604, 2738, 1662, 1850, 2695, 1468, 
2124, 2545, 1513, 2716, 1772, 1729, 2727, 1547, 1996, 2626, 
1403, 2271, 2432, 1366, 2513, 2174, 1443, 2675, 1456, 2147, 
2531, 1367, 2407, 2296, 1391, 2608, 2023, 1529, 2723, 1756, 
1752, 2724, 1532, 2014, 2151, 1450, 2680, 1872, 1636, 2737, 
1628, 1889, 2678, 1447, 2166, 2516, 1364, 2425, 2276, 1398, 
2716, 1519, 2036, 2599, 1389, 2313, 2397, 1371, 2542, 2132, 
1464, 2691, 1855, 1656, 2736, 1608, 2443, 2256, 1407, 2633, 
1981, 1555, 2732, 1719, 1788, 2715, 1507, 2060, 2588, 1381, 
2328, 2376, 1669, 2732, 1593, 1931, 2662, 1426, 2211, 2489, 
1365, 2462, 2240, 1414, 2644, 1959, 1567, 2729, 1379, 2348, 
2359, 1376, 2568, 2088, 1486, 2703, 1816, 1692, 2734, 1579, 
1952, 2650, 1419, 2228, 1936, 1585, 2732, 1679, 1826, 2703, 
1483, 2104, 2564, 1374, 2371, 2342, 1382, 2582, 2068, 1496, 
2636, 1411, 2250, 2453, 1364, 2494, 2198, 1497, 2734, 1547, 
2248, 2435, 1372, 2585, 2050, 1541, 2533, 1367, 2401, 2297, 
1389, 2606, 2024, 1527, 2726, 1762, 1751, 2728, 1538, 2013, 
2616, 1393, 2678, 1875, 1632, 2735, 1628, 1887, 2680, 1448, 
2164, 2519, 1366, 2424, 2279, 1398, 2620, 2007, 2033, 2603, 
1391, 2307, 2398, 1367, 2538, 2134, 1460, 2691, 1859, 1655, 
2739, 1615, 1910, 2670, 1406, 2630, 1982, 1551, 2726, 1719, 
1784, 2715, 1508, 2056, 2593, 1386, 2329, 2382, 1372, 2553, 
1595, 1926, 2662, 1430, 2206, 2489, 1367, 2460, 2243, 1415, 
2644, 1964, 1568, 2731, 1700, 1801, 2362, 1374, 2565, 2092, 
1484, 2704, 1818, 1691, 2735, 1583, 1948, 2651, 1420, 2225, 
2471, 1363, 2732, 1683, 1824, 2702, 1484, 2097, 2566, 1377, 
2367, 2344, 1380, 2579, 2070, 1495, 2708, 1797, 2246, 2456, 
1366, 2493, 2201, 1433, 2663, 1921, 1600, 2736, 1666, 1843, 
2695, 1471, 2117, 2552, 1507, 2713, 1776, 1723, 2727, 1551, 
1991, 2633, 1408, 2268, 2440, 1365, 2505, 2179, 1436, 2668, 
1455, 2139, 2536, 1372, 2406, 2309, 1395, 2608, 2032, 1523, 
2719, 1757, 1740, 2724, 1537, 2011, 2161, 1451, 2681, 1881, 
1632, 2735, 1629, 1880, 2679, 1449, 2159, 2523, 1370, 2423, 
2286, 1395, 2716, 1520, 2026, 2603, 1390, 2305, 2403, 1373, 
2542, 2144, 1462, 2689, 1861, 1648, 2735, 1614, 2436, 2263, 
1404, 2630, 1987, 1551, 2727, 1724, 1782, 2716, 1511, 2052, 
2595, 1386, 2324, 2383, 1667, 2732, 1598, 1921, 2663, 1429, 
2203, 2492, 1366, 2457, 2244, 1415, 2642, 1967, 1566, 2729, 
1378, 2341, 2362, 1372, 2563, 2096, 1480, 2702, 1822, 1686, 
2735, 1587, 1946, 2655, 1423, 2222, 1944, 1580, 2732, 1686, 
1820, 2703, 1485, 2096, 2568, 1379, 2366, 2349, 1383, 2575, 
2073, 1492, 2637, 1411, 2240, 2456, 1363, 2488, 2206, 1431, 
2663, 1927, 1598, 2736, 1667, 1838, 2694, 1470, 2590, 2054, 
1507, 2714, 1784, 1723, 2730, 1550, 1985, 2633, 1399, 2262, 
2440, 1364, 2503, 2183, 1859, 2688, 1460, 2134, 2538, 1368, 
2399, 2307, 1391, 2606, 2035, 1524, 2721, 1764, 1739, 2723, 
1364, 2516, 2160, 1446, 2678, 1887, 1633, 2739, 1637, 1883, 
2683, 1448, 2153, 2519, 1363, 2416, 1763, 1739, 2727, 1539, 
2005, 2622, 1400, 2283, 2423, 1365, 2519, 2162, 1447, 2680, 
1886, 1632, 2541, 1371, 2399, 2308, 1390, 2603, 2032, 1519, 
2717, 1761, 1740, 2727, 1542, 2006, 2621, 1398, 2678, 1883, 
1627, 2735, 1633, 1880, 2682, 1452, 2157, 2527, 1368, 2419, 
2290, 1398, 2614, 2014, 2025, 2608, 1392, 2300, 2406, 1367, 
2534, 2143, 1457, 2687, 1865, 1646, 2736, 1619, 1899, 2673, 
1403, 2627, 1991, 1548, 2727, 1728, 1778, 2718, 1512, 2047, 
2598, 1387, 2320, 2385, 1370, 2546, 1601, 1917, 2663, 1431, 
2196, 2494, 1363, 2451, 2247, 1409, 2638, 1977, 1564, 2732, 
1711, 1799, 2369, 1376, 2562, 2099, 1476, 2699, 1825, 1681, 
2736, 1590, 1945, 2659, 1425, 2219, 2476, 1360, 2727, 1686, 
1814, 2705, 1489, 2092, 2573, 1380, 2361, 2351, 1378, 2574, 
2077, 1488, 2705, 1805, 2240, 2462, 1365, 2487, 2209, 1427, 
2658, 1929, 1591, 2736, 1673, 1836, 2700, 1473, 2111, 2556, 
1502, 2711, 1784, 1716, 2728, 1557, 1982, 2635, 1410, 2260, 
2444, 1365, 2500, 2187, 1434, 2667, 1462, 2132, 2543, 1372, 
2397, 2312, 1390, 2600, 2038, 1518, 2717, 1766, 1734, 2723, 
1539, 2000, 2166, 1446, 2679, 1888, 1626, 2737, 1640, 1876, 
2684, 1452, 2151, 2527, 1367, 2413, 2292, 1396, 2724, 1530, 
2025, 2613, 1393, 2297, 2407, 1365, 2529, 2143, 1455, 2685, 
1870, 1644, 2739, 1624, 2415, 2294, 1395, 2614, 2016, 1529, 
2721, 1748, 1753, 2723, 1529, 2023, 2611, 2609, 1393, 2296, 
1887, 1622, 2733, 1635, 1871, 2680, 1452, 2149, 2528, 1368, 
2412, 2292, 1394, 2611, 2018, 1527, 2609, 1392, 2294, 2407, 
1366, 2528, 2145, 1455, 2684, 1869, 1641, 2735, 1621, 1892, 
2673, 1440, 2621, 1993, 1543, 2724, 1728, 1772, 2718, 1516, 
2042, 2599, 1387, 2313, 2388, 1368, 2542, 2126, 1912, 2665, 
1436, 2194, 2499, 1365, 2447, 2252, 1407, 2633, 1974, 1558, 
2727, 1712, 1792, 2712, 1371, 2544, 2126, 1464, 2689, 1848, 
1657, 2734, 1606, 1915, 2668, 1434, 2192, 2499, 1365, 2447, 
1729, 1770, 2714, 1515, 2041, 2599, 1391, 2316, 2393, 1369, 
2544, 2126, 1464, 2690, 1848, 1656, 2513, 1366, 2431, 2275, 
1401, 2623, 1999, 1543, 2727, 1731, 1770, 2718, 1516, 2040, 
2599, 1387, 2689, 1851, 1657, 2734, 1605, 1910, 2665, 1431, 
2191, 2497, 1363, 2446, 2254, 1408, 2635, 1976, 2061, 2586, 
1382, 2333, 2375, 1372, 2558, 2107, 1476, 2699, 1831, 1675, 
2734, 1591, 1932, 2657, 1415, 2644, 1955, 1572, 2731, 1696, 
1811, 2708, 1495, 2084, 2574, 1377, 2351, 2355, 1374, 2569, 
1574, 1952, 2646, 1417, 2232, 2467, 1364, 2483, 2214, 1426, 
2656, 1932, 1587, 2733, 1676, 1827, 2336, 1382, 2585, 2065, 
1501, 2712, 1792, 1712, 2730, 1561, 1975, 2636, 1409, 2252, 
2449, 1363, 2736, 1660, 1847, 2692, 1466, 2126, 2548, 1372, 
2390, 2317, 1388, 2597, 2043, 1511, 2713, 1769, 2271, 2432, 
1365, 2512, 2172, 1443, 2675, 1895, 1619, 2737, 1643, 1869, 
2685, 1456, 2144, 2531, 1526, 2721, 1756, 1750, 2723, 1533, 
2016, 2614, 1394, 2291, 2412, 1366, 2524, 2151, 1452, 2683, 
1446, 2167, 2516, 1367, 2425, 2278, 1399, 2620, 2001, 1543, 
2727, 1735, 1769, 2719, 1521, 2036, 2131, 1464, 2693, 1855, 
1655, 2734, 1609, 1909, 2668, 1435, 2188, 2499, 1363, 2443, 
2258, 1407, 2713, 1507, 2060, 2591, 1385, 2331, 2377, 1371, 
2553, 2107, 1473, 2697, 1835, 1672, 2736, 1594, 2459, 2238, 
1414, 2643, 1959, 1570, 2731, 1698, 1807, 2706, 1493, 2079, 
2576, 1378, 2350, 2358, 1690, 2734, 1580, 1951, 2651, 1421, 
2230, 2468, 1363, 2476, 2215, 1420, 2652, 1938, 1587, 2735, 
1376, 2371, 2339, 1383, 2584, 2071, 1498, 2710, 1795, 1707, 
2731, 1564, 1971, 2639, 1410, 2249, 1919, 1601, 2737, 1663, 
1846, 2695, 1470, 2124, 2550, 1372, 2387, 2320, 1385, 2594, 
2045, 1510, 2628, 1404, 2271, 2435, 1366, 2510, 2179, 1441, 
2672, 1896, 1615, 2735, 1643, 1867, 2687, 1459, 2609, 2028, 
1526, 2721, 1756, 1745, 2725, 1536, 2013, 2616, 1396, 2289, 
2416, 1365, 2523, 2153, 1884, 2678, 1447, 2163, 2519, 1368, 
2425, 2283, 1399, 2619, 2004, 1539, 2723, 1736, 1764, 2719, 
1371, 2540, 2137, 1463, 2691, 1858, 1651, 2735, 1611, 1905, 
2668, 1438, 2184, 2504, 1366, 2443, 1737, 1763, 2718, 1520, 
2032, 2605, 1392, 2309, 2401, 1371, 2540, 2135, 1459, 2690, 
1858, 1651, 2503, 1367, 2442, 2264, 1408, 2631, 1984, 1552, 
2728, 1718, 1780, 2713, 1508, 2054, 2593, 1387, 2698, 1840, 
1668, 2736, 1597, 1925, 2661, 1429, 2206, 2488, 1364, 2459, 
2242, 1410, 2643, 1964, 2073, 2580, 1379, 2348, 2363, 1377, 
2569, 2094, 1485, 2703, 1818, 1686, 2732, 1579, 1945, 2650, 
1423, 2651, 1944, 1585, 2736, 1685, 1823, 2702, 1482, 2095, 
2563, 1376, 2365, 2344, 1381, 2583, 1568, 1968, 2640, 1413, 
2246, 2450, 1361, 2489, 2207, 1431, 2662, 1923, 1600, 2736, 
1667, 1840, 2323, 1384, 2593, 2051, 1510, 2716, 1782, 1723, 
2728, 1545, 1987, 2627, 1402, 2264, 2437, 1367, 2737, 1648, 
1864, 2688, 1459, 2137, 2535, 1368, 2400, 2303, 1392, 2606, 
1946, 1726, 2704, 1369, 2738, 1582, 1987, 2605, 1380, 2384, 
2182, 1439, 2671, 1902, 1615, 2735, 1649, 1859, 2687, 1459, 
2605, 2031, 1522, 2720, 1761, 1743, 2724, 1538, 2008, 2619, 
1396, 2283, 2419, 1366, 2522, 2160, 1882, 2680, 1449, 2158, 
2521, 1366, 2417, 2284, 1396, 2619, 2012, 1539, 2726, 1742, 
1760, 2719, 1366, 2533, 2137, 1457, 2688, 1863, 1649, 2736, 
1617, 1902, 2672, 1439, 2180, 2508, 1368, 2438, 1726, 1782, 
2716, 1511, 2050, 2595, 1384, 2321, 2383, 1369, 2550, 2118, 
1470, 2695, 1842, 1667, 2491, 1362, 2454, 2246, 1412, 2639, 
1967, 1564, 2730, 1703, 1799, 2710, 1497, 2072, 2581, 1379, 
2703, 1823, 1684, 2735, 1583, 1944, 2652, 1425, 2222, 2474, 
1363, 2471, 2225, 1419, 2650, 1945, 2093, 2567, 1377, 2363, 
2347, 1380, 2577, 2078, 1491, 2706, 1802, 1700, 2731, 1571, 
1964, 2644, 1429, 2661, 1927, 1597, 2736, 1671, 1838, 2696, 
1472, 2113, 2553, 1373, 2380, 2329, 1386, 2584, 1554, 1982, 
2632, 1408, 2263, 2440, 1365, 2503, 2185, 1437, 2668, 1904, 
1612, 2736, 1652, 1858, 2308, 1391, 2604, 2034, 1518, 2719, 
1761, 1739, 2724, 1539, 2004, 2620, 1398, 2280, 2424, 1365, 
2736, 1636, 1875, 2681, 1449, 2154, 2523, 1367, 2417, 2288, 
1396, 2616, 2012, 1536, 2724, 1747, 2300, 2407, 1366, 2531, 
2142, 1457, 2686, 1865, 1646, 2737, 1623, 1897, 2675, 1444, 
2177, 2510, 1547, 2723, 1727, 1774, 2716, 1513, 2047, 2596, 
1387, 2320, 2390, 1372, 2551, 2124, 1473, 2695, 1435, 2198, 
2491, 1361, 2451, 2249, 1411, 2639, 1972, 1564, 2731, 1708, 
1796, 2711, 1500, 2067, 2122, 1468, 2694, 1846, 1663, 2736, 
1603, 1919, 2665, 1431, 2195, 2495, 1361, 2451, 2251, 1409, 
2710, 1500, 2066, 2582, 1380, 2338, 2369, 1375, 2563, 2100, 
1480, 2702, 1826, 1680, 2735, 1587, 2468, 2228, 1418, 2648, 
1952, 1580, 2733, 1692, 1815, 2704, 1488, 2088, 2569, 1376, 
2359, 2352, 1698, 2732, 1571, 1959, 2644, 1415, 2240, 2463, 
1364, 2484, 2208, 1425, 
END
Manual trigger reset! Waiting for next signal...
reset bools done, waiting for next trigger...
Trigger at idx=8193 raw=2663
Capture ready: pre-trigger + post-trigger window complete.
TRIGGER TYPE IS: RISING
Sample threshold is: 2048

----DEBUG INFO----
Core: 0, Trigger: 8193, Size: 16384
2663, 1434, 2611, 1519, 1891, 2659, 1507, 1912, 2655, 1494, 
1935, 2647, 1480, 1955, 2639, 1468, 1977, 2631, 1456, 2502, 
2202, 1373, 2518, 2183, 1379, 2532, 2163, 1388, 2546, 2144, 
1394, 2560, 2122, 1401, 2574, 1586, 1816, 2691, 1570, 1840, 
2691, 1556, 1857, 2684, 1541, 1878, 2680, 1527, 1900, 2673, 
1513, 2447, 2291, 1359, 2463, 2272, 1362, 2480, 2252, 1368, 
2496, 2231, 1372, 2512, 2212, 1378, 2528, 1660, 1744, 2713, 
1642, 1760, 2712, 1624, 1780, 2710, 1609, 1801, 2707, 1592, 
1822, 2703, 1577, 2380, 2374, 1355, 2399, 2356, 1356, 2417, 
2337, 1356, 2436, 2320, 1359, 2452, 2299, 1363, 2470, 1737, 
1670, 2723, 1720, 1688, 2723, 1701, 1707, 2723, 1684, 1726, 
2723, 1665, 1747, 2720, 1648, 2306, 2451, 1361, 2327, 2435, 
1359, 2348, 2417, 1358, 2367, 2400, 1358, 2386, 2382, 1357, 
2403, 1820, 1601, 2716, 1801, 1619, 2719, 1782, 1637, 2724, 
1762, 1655, 2726, 1744, 1672, 2727, 1724, 2229, 2519, 1377, 
2251, 2506, 1374, 2270, 2488, 1370, 2292, 2472, 1366, 2311, 
2456, 1364, 2331, 1907, 1542, 2700, 1886, 1556, 2705, 1865, 
1571, 2711, 1844, 1588, 2717, 1824, 1604, 2720, 1806, 2145, 
2580, 1405, 2168, 2566, 1398, 2189, 2553, 1392, 2209, 2539, 
1385, 2232, 2524, 1380, 2252, 1994, 1487, 2671, 1973, 1500, 
2680, 1951, 1513, 2688, 1929, 1527, 2695, 1909, 1542, 2702, 
1888, 2060, 2631, 1440, 2081, 2620, 1432, 2103, 2608, 1423, 
2124, 2596, 1415, 2146, 2584, 1407, 2168, 2081, 1442, 2632, 
2060, 1452, 2643, 2039, 1464, 2654, 2019, 1475, 2663, 1997, 
1487, 2670, 1974, 1953, 2682, 1503, 1975, 2673, 1488, 1995, 
2665, 1476, 2016, 2656, 1464, 2039, 2644, 1453, 2061, 2191, 
1399, 2571, 2170, 1407, 2585, 2148, 1414, 2598, 2127, 1423, 
2608, 2104, 1433, 2622, 2084, 1872, 2711, 1560, 1891, 2705, 
1544, 1912, 2699, 1529, 1932, 2691, 1516, 1953, 2683, 1502, 
1975, 2275, 1377, 2512, 2254, 1382, 2527, 2235, 1388, 2542, 
2215, 1393, 2559, 2192, 1400, 2571, 2172, 1790, 2729, 1625, 
1809, 2726, 1608, 1829, 2721, 1593, 1851, 2717, 1576, 1869, 
2712, 1560, 1890, 2356, 1364, 2446, 2337, 1366, 2463, 2316, 
1369, 2479, 2297, 1374, 2496, 2277, 1378, 2512, 2258, 1712, 
2736, 1696, 1731, 2737, 1679, 1749, 2736, 1660, 1770, 2734, 
1643, 1789, 2731, 1627, 1809, 2432, 1365, 2372, 2415, 1364, 
2390, 2396, 1364, 2409, 2379, 1364, 2428, 2358, 1366, 2446, 
2339, 1638, 2734, 1775, 1656, 2736, 1754, 1675, 2737, 1736, 
1692, 2737, 1718, 1712, 2739, 1698, 1729, 2500, 1375, 2293, 
2484, 1371, 2313, 2468, 1368, 2333, 2451, 1366, 2352, 2433, 
1366, 2372, 2416, 1573, 2718, 1855, 1588, 2724, 1836, 1604, 
2727, 1815, 1621, 2731, 1795, 1639, 2732, 1776, 1656, 2563, 
1396, 2211, 2547, 1391, 2232, 2534, 1385, 2253, 2519, 1379, 
2272, 2503, 1376, 2291, 2487, 1514, 2692, 1939, 1528, 2700, 
1920, 1542, 2706, 1899, 1558, 2712, 1876, 1574, 2719, 1856, 
1588, 2616, 1428, 2124, 2603, 1420, 2145, 2591, 1411, 2166, 
2578, 1404, 2188, 2564, 1397, 2209, 2549, 1464, 2656, 2027, 
1475, 2665, 2004, 1487, 2673, 1984, 1500, 2685, 1961, 1515, 
2691, 1940, 1527, 2660, 1470, 2036, 2651, 1457, 2059, 2640, 
1447, 2081, 2628, 1438, 2102, 2616, 1429, 2123, 2604, 1423, 
2610, 2112, 1433, 2622, 2091, 1443, 2634, 2071, 1452, 2646, 
2049, 1464, 2655, 2028, 1475, 2696, 1521, 1951, 2688, 1508, 
1972, 2681, 1495, 1993, 2671, 1481, 2014, 2662, 1468, 2035, 
2652, 1393, 2556, 2200, 1401, 2571, 2179, 1407, 2584, 2156, 
1415, 2597, 2136, 1424, 2611, 2114, 1433, 2721, 1582, 1866, 
2716, 1567, 1888, 2709, 1551, 1907, 2703, 1535, 1928, 2695, 
1521, 1948, 2687, 1374, 2495, 2283, 1377, 2510, 2262, 1382, 
2526, 2221, 1431, 2691, 1839, 1766, 2720, 1536, 1970, 1845, 
2715, 1551, 1969, 2680, 1496, 1991, 2672, 1484, 2012, 2662, 
1469, 2033, 2652, 1459, 2055, 2200, 1400, 2570, 2179, 1407, 
2583, 2158, 1415, 2595, 2137, 1422, 2609, 2116, 1432, 2620, 
2094, 1865, 2715, 1567, 1886, 2711, 1551, 1907, 2702, 1536, 
1927, 2695, 1522, 1947, 2690, 1509, 1969, 2284, 1376, 2508, 
2264, 1382, 2524, 2243, 1386, 2540, 2222, 1392, 2554, 2202, 
1399, 2569, 2180, 1784, 2732, 1631, 1802, 2728, 1618, 1823, 
2724, 1599, 1843, 2720, 1583, 1864, 2715, 1567, 1884, 2364, 
1365, 2440, 2344, 1367, 2458, 2324, 1369, 2475, 2304, 1373, 
2492, 2285, 1377, 2508, 2264, 1705, 2741, 1703, 1726, 2738, 
1686, 1743, 2736, 1668, 1763, 2736, 1649, 1783, 2733, 1633, 
1803, 2439, 1366, 2366, 2422, 1364, 2385, 2403, 1364, 2403, 
2385, 1365, 2423, 2366, 1365, 2443, 2346, 1634, 2733, 1782, 
1651, 2736, 1763, 1669, 2737, 1743, 1686, 2739, 1723, 1705, 
2739, 1704, 1724, 2508, 1377, 2287, 2492, 1373, 2307, 2475, 
1371, 2327, 2459, 1369, 2347, 2442, 1367, 2366, 2423, 1567, 
2718, 1863, 1584, 2722, 1843, 1599, 2727, 1822, 1616, 2731, 
1803, 1633, 2734, 1783, 1651, 2569, 1399, 2204, 2555, 1392, 
2224, 2540, 1387, 2247, 2527, 1380, 2264, 2510, 1378, 2284, 
2492, 1508, 2689, 1948, 1523, 2697, 1926, 1538, 2704, 1905, 
1552, 2714, 1885, 1567, 2716, 1864, 1583, 2620, 1432, 2118, 
2609, 1423, 2136, 2597, 1415, 2159, 2583, 1407, 2182, 2568, 
1400, 2202, 2556, 1460, 2652, 2035, 1472, 2665, 2014, 1484, 
2672, 1991, 1496, 2680, 1970, 1508, 2689, 1948, 1522, 2665, 
1473, 2030, 2652, 1460, 2052, 2645, 1451, 2072, 2633, 1441, 
2094, 2622, 1432, 2115, 2610, 1420, 2607, 2120, 1430, 2619, 
2099, 1439, 2630, 2078, 1448, 2643, 2057, 1460, 2652, 2035, 
1472, 2699, 1526, 1944, 2691, 1513, 1964, 2684, 1500, 1985, 
2676, 1487, 2004, 2665, 1474, 2028, 2655, 1391, 2550, 2207, 
1398, 2566, 2185, 1405, 2579, 2164, 1412, 2592, 2143, 1420, 
2604, 2125, 1428, 2721, 1587, 1859, 2718, 1570, 1880, 2712, 
1555, 1900, 2706, 1540, 1921, 2699, 1527, 1942, 2691, 1372, 
2488, 2291, 1376, 2504, 2270, 1379, 2520, 2247, 1385, 2536, 
2228, 1391, 2551, 2207, 1396, 2736, 1654, 1777, 2735, 1636, 
1798, 2731, 1620, 1817, 2727, 1603, 1839, 2723, 1587, 1857, 
2718, 1364, 2417, 2371, 1365, 2436, 2351, 1367, 2452, 2332, 
1368, 2471, 2312, 1371, 2487, 2292, 1375, 2739, 1728, 1700, 
2739, 1709, 1719, 2738, 1691, 1739, 2737, 1673, 1758, 2736, 
1655, 1777, 2735, 1368, 2341, 2446, 1366, 2362, 2428, 1367, 
2380, 2408, 1364, 2399, 2392, 1364, 2417, 2371, 1365, 2729, 
1807, 1629, 2732, 1788, 1646, 2736, 1767, 1665, 2737, 1748, 
1682, 2739, 1729, 1701, 2739, 1383, 2262, 2513, 1379, 2279, 
2497, 1374, 2299, 2480, 1372, 2321, 2464, 1368, 2340, 2447, 
1366, 2711, 1890, 1563, 2716, 1869, 1580, 2721, 1848, 1595, 
2727, 1829, 1611, 2729, 1808, 1628, 2732, 1409, 2176, 2572, 
1401, 2199, 2559, 1395, 2219, 2544, 1388, 2240, 2528, 1383, 
2260, 2514, 1379, 2679, 1976, 1505, 2687, 1951, 1519, 2695, 
1932, 1533, 2703, 1912, 1547, 2707, 1891, 1563, 2715, 1443, 
2087, 2625, 1434, 2111, 2612, 1425, 2131, 2600, 1417, 2153, 
2588, 1408, 2175, 2574, 1401, 2639, 2063, 1456, 2650, 2041, 
1468, 2660, 2019, 1479, 2671, 1999, 1492, 2679, 1977, 1506, 
2686, 1490, 2003, 2668, 1478, 2023, 2659, 1465, 2044, 2647, 
1454, 2066, 2638, 1444, 2088, 2625, 1433, 2590, 2148, 1417, 
2603, 2127, 1427, 2613, 2105, 1435, 2624, 2083, 1446, 2639, 
2063, 1456, 2649, 1544, 1916, 2700, 1532, 1936, 2693, 1517, 
1958, 2687, 1503, 1979, 2678, 1491, 2001, 2670, 1479, 2532, 
2233, 1390, 2550, 2214, 1396, 2563, 2193, 1402, 2577, 2171, 
1409, 2590, 2150, 2252, 1383, 2735, 1694, 1732, 2735, 1675, 
1752, 2732, 1657, 1771, 2732, 1639, 1792, 2729, 1623, 1811, 
2724, 1364, 2374, 2411, 1363, 2392, 2393, 1364, 2412, 2374, 
1364, 2430, 2355, 1366, 2447, 2335, 1368, 2733, 1771, 1658, 
2736, 1751, 1676, 2736, 1731, 1697, 2738, 1713, 1714, 2737, 
1694, 1731, 2737, 1375, 2296, 2483, 1371, 2316, 2466, 1368, 
2336, 2448, 1367, 2355, 2430, 1365, 2375, 2415, 1364, 2719, 
1852, 1592, 2723, 1831, 1607, 2727, 1813, 1623, 2732, 1792, 
1641, 2732, 1772, 1657, 2737, 1395, 2214, 2547, 1389, 2233, 
2531, 1383, 2255, 2515, 1379, 2275, 2500, 1375, 2295, 2483, 
1372, 2694, 1937, 1529, 2701, 1915, 1544, 2707, 1896, 1559, 
2713, 1873, 1575, 2719, 1854, 1591, 2724, 1427, 2127, 2603, 
1419, 2148, 2589, 1410, 2169, 2576, 1403, 2191, 2561, 1398, 
2212, 2547, 1390, 2656, 2023, 1476, 2665, 2001, 1488, 2673, 
1980, 1501, 2684, 1959, 1515, 2692, 1937, 1528, 2702, 1468, 
2040, 2649, 1456, 2062, 2638, 1446, 2083, 2627, 1437, 2104, 
2616, 1426, 2128, 2603, 1420, 2612, 2111, 1431, 2623, 2087, 
1443, 2635, 2067, 1454, 2646, 2046, 1465, 2657, 2023, 1476, 
2667, 1519, 1953, 2687, 1507, 1975, 2678, 1493, 1996, 2671, 
1480, 2016, 2659, 1468, 2038, 2649, 1456, 2559, 2196, 1400, 
2572, 2175, 1408, 2585, 2154, 1415, 2599, 2133, 1424, 2611, 
2110, 1431, 2622, 1578, 1870, 2715, 1563, 1890, 2710, 1548, 
1908, 2703, 1534, 1932, 2695, 1520, 1952, 2686, 1506, 2496, 
2279, 1378, 2512, 2259, 1384, 2528, 2239, 1388, 2544, 2218, 
1394, 2558, 2198, 1400, 2572, 1647, 1788, 2733, 1628, 1808, 
2731, 1612, 1827, 2724, 1596, 1848, 2720, 1579, 1868, 2715, 
1564, 2425, 2360, 1365, 2444, 2341, 1367, 2462, 2321, 1371, 
2478, 2302, 1374, 2496, 2280, 1377, 2511, 1719, 1709, 2736, 
1699, 1728, 2739, 1681, 1747, 2737, 1665, 1766, 2735, 1646, 
1785, 2732, 1629, 2351, 2435, 1365, 2370, 2418, 1364, 2390, 
2400, 1364, 2408, 2382, 1366, 2425, 2361, 1367, 2444, 1797, 
1636, 2732, 1776, 1654, 2735, 1757, 1672, 2737, 1740, 1689, 
2739, 1720, 1709, 2739, 1702, 2270, 2504, 1376, 2291, 2489, 
1373, 2310, 2470, 1370, 2331, 2455, 1367, 2350, 2438, 1364, 
2369, 1879, 1571, 2718, 1857, 1586, 2724, 1837, 1605, 2727, 
1819, 1619, 2731, 1796, 1637, 2734, 1779, 2187, 2567, 1398, 
2207, 2552, 1391, 2231, 2535, 1385, 2248, 2521, 1380, 2270, 
2505, 1376, 2289, 1966, 1512, 2691, 1944, 1526, 2699, 1921, 
1540, 2704, 1900, 1554, 2712, 1880, 1569, 2718, 1860, 2099, 
2619, 1430, 2122, 2607, 1421, 2139, 2593, 1414, 2164, 2580, 
1404, 2185, 2567, 1397, 2206, 2051, 1463, 2654, 2030, 1473, 
2664, 2008, 1486, 2675, 1987, 1499, 2684, 1964, 1511, 2692, 
1944, 2011, 2663, 1472, 2032, 2654, 1459, 2056, 2644, 1448, 
2077, 2631, 1439, 2099, 2619, 1431, 2119, 2137, 1423, 2608, 
2116, 1431, 2620, 2096, 1439, 2632, 2073, 1451, 2643, 2052, 
1462, 2654, 2032, 1927, 2697, 1524, 1947, 2689, 1511, 1968, 
2681, 1500, 1990, 2673, 1484, 2011, 2664, 1472, 2032, 2223, 
1393, 2555, 2203, 1400, 2568, 2182, 1405, 2582, 2160, 1414, 
2596, 2138, 1422, 2608, 2118, 1844, 2720, 1583, 1864, 2716, 
1567, 1884, 2711, 1553, 1904, 2703, 1538, 1926, 2696, 1524, 
1946, 2304, 1373, 2492, 2286, 1376, 2508, 2264, 1382, 2524, 
2244, 1387, 2539, 2226, 1392, 2555, 2204, 1762, 2736, 1651, 
1780, 2734, 1632, 1801, 2728, 1616, 1822, 2726, 1600, 1841, 
2722, 1583, 1863, 2384, 1366, 2422, 2366, 1365, 2439, 2347, 
1367, 2459, 2328, 1370, 2474, 2307, 1374, 2491, 2287, 1687, 
2739, 1725, 1704, 2739, 1706, 1724, 2737, 1688, 1743, 2737, 
1669, 1761, 2736, 1651, 1782, 2458, 1368, 2347, 2439, 1366, 
2366, 2423, 1364, 2383, 2406, 1365, 2403, 2368, 1405, 2662, 
1904, 2224, 2508, 1372, 2345, 2424, 1365, 2440, 2227, 1392, 
2552, 2206, 1399, 2568, 2185, 1405, 2584, 1636, 1802, 2728, 
1619, 1820, 2726, 1600, 1840, 2722, 1584, 1862, 2717, 1570, 
1881, 2712, 1554, 2438, 2348, 1367, 2455, 2328, 1369, 2473, 
2308, 1372, 2490, 2288, 1376, 2507, 2267, 1380, 2523, 1707, 
1721, 2739, 1689, 1743, 2736, 1671, 1760, 2736, 1654, 1779, 
2734, 1635, 1799, 2731, 1617, 2363, 2424, 1365, 2382, 2407, 
1364, 2400, 2387, 1366, 2422, 2370, 1366, 2438, 2349, 1367, 
2456, 1785, 1648, 2736, 1766, 1666, 2737, 1745, 1683, 2739, 
1727, 1703, 2739, 1709, 1722, 2738, 1690, 2284, 2495, 1375, 
2303, 2478, 1371, 2324, 2460, 1369, 2342, 2441, 1366, 2362, 
2425, 1365, 2382, 1865, 1581, 2723, 1846, 1598, 2726, 1826, 
1613, 2730, 1807, 1631, 2732, 1786, 1649, 2736, 1766, 2201, 
2557, 1395, 2224, 2543, 1390, 2242, 2528, 1382, 2262, 2511, 
1378, 2283, 2496, 1377, 2303, 1949, 1520, 2696, 1928, 1536, 
2703, 1908, 1550, 2710, 1888, 1564, 2715, 1867, 1580, 2720, 
1846, 2113, 2611, 1424, 2135, 2599, 1415, 2156, 2585, 1408, 
2178, 2572, 1401, 2199, 2559, 1393, 2220, 2038, 1470, 2660, 
2016, 1481, 2670, 1995, 1495, 2680, 1972, 1507, 2688, 1951, 
1520, 2697, 1929, 2023, 2655, 1463, 2047, 2644, 1452, 2069, 
2634, 1441, 2091, 2623, 1433, 2112, 2611, 1424, 2134, 2124, 
1427, 2616, 2104, 1436, 2627, 2080, 1447, 2639, 2060, 1458, 
2648, 2036, 1469, 2659, 2017, 1940, 2692, 1515, 1960, 2684, 
1502, 1983, 2676, 1487, 2002, 2664, 1478, 2023, 2657, 1464, 
2046, 2210, 1396, 2563, 2188, 1404, 2576, 2168, 1411, 2590, 
2145, 1419, 2604, 2125, 1427, 2616, 2103, 1856, 2718, 1573, 
1876, 2712, 1558, 1900, 2709, 1544, 1918, 2700, 1529, 1938, 
2691, 1515, 1960, 2292, 1376, 2501, 2273, 1380, 2518, 2252, 
1385, 2531, 2231, 1390, 2548, 2211, 1395, 2563, 2191, 1776, 
2734, 1639, 1795, 2732, 1623, 1815, 2727, 1606, 1836, 2723, 
1588, 1855, 2719, 1573, 1875, 2374, 1365, 2433, 2352, 1366, 
2449, 2335, 1368, 2468, 2313, 1372, 2484, 2295, 1375, 2501, 
2275, 1699, 2737, 1712, 1719, 2738, 1695, 1736, 2736, 1676, 
1756, 2736, 1658, 1775, 2735, 1643, 1794, 2448, 1365, 2360, 
2430, 1364, 2375, 2412, 1365, 2396, 2392, 1365, 2414, 2374, 
1366, 2432, 2355, 1626, 2732, 1790, 1643, 2735, 1770, 1661, 
2737, 1751, 1676, 2738, 1731, 1697, 2739, 1715, 1715, 2513, 
1379, 2278, 2499, 1376, 2299, 2483, 1370, 2319, 2466, 1368, 
2338, 2450, 1367, 2358, 2431, 1561, 2715, 1872, 1577, 2720, 
1851, 1592, 2724, 1831, 1608, 2728, 1810, 1625, 2734, 1793, 
1643, 2577, 1403, 2194, 2559, 1395, 2215, 2547, 1389, 2237, 
2531, 1385, 2257, 2516, 1380, 2278, 2500, 1504, 2686, 1955, 
1516, 2695, 1936, 1531, 2702, 1914, 1546, 2711, 1894, 1560, 
2715, 1874, 1575, 2625, 1435, 2107, 2614, 1427, 2130, 2602, 
1417, 2151, 2590, 1410, 2172, 2577, 1403, 2192, 2562, 1455, 
2648, 2044, 1467, 2658, 2020, 1479, 2668, 1999, 1491, 2676, 
1979, 1502, 2685, 1957, 1516, 2670, 1478, 2019, 2659, 1465, 
2040, 2649, 1455, 2063, 2639, 1446, 2085, 2628, 1436, 2108, 
2616, 1417, 2600, 2128, 1425, 2611, 2110, 1435, 2623, 2087, 
1445, 2636, 2066, 1455, 2648, 2044, 1467, 2702, 1533, 1935, 
2694, 1519, 1954, 2687, 1504, 1975, 2679, 1492, 1997, 2671, 
1480, 2019, 2657, 1389, 2545, 2216, 1394, 2560, 2195, 1402, 
2574, 2175, 1409, 2587, 2152, 1416, 2600, 2131, 1426, 2724, 
1592, 1850, 2720, 1578, 1870, 2716, 1562, 1891, 2707, 1548, 
1912, 2700, 1532, 1933, 2695, 1370, 2480, 2299, 1374, 2496, 
2278, 1378, 2513, 2258, 1383, 2528, 2237, 1388, 2544, 2216, 
1393, 2736, 1662, 1769, 2735, 1644, 1788, 2732, 1628, 1809, 
2728, 1610, 1829, 2723, 1596, 1850, 2722, 1364, 2411, 2379, 
1980, 1500, 2681, 1959, 1513, 2689, 1937, 1526, 2696, 1915, 
1541, 2703, 1894, 2057, 2635, 1444, 2079, 2625, 1436, 2100, 
2614, 1427, 2123, 2601, 1420, 2144, 2590, 1410, 2167, 2088, 
1441, 2632, 2067, 1452, 2643, 2046, 1464, 2654, 2025, 1475, 
2664, 2003, 1487, 2672, 1983, 1971, 2679, 1494, 1993, 2670, 
1481, 2015, 2659, 1469, 2036, 2648, 1456, 2057, 2640, 1446, 
2079, 2175, 1407, 2583, 2153, 1415, 2596, 2132, 1422, 2611, 
2111, 1431, 2621, 2089, 1443, 2631, 2068, 1887, 2708, 1548, 
1907, 2700, 1534, 1928, 2696, 1521, 1951, 2686, 1507, 1971, 
2679, 1494, 1992, 2260, 1382, 2526, 2240, 1385, 2543, 2217, 
1393, 2555, 2197, 1400, 2570, 2176, 1406, 2583, 2155, 1804, 
2727, 1612, 1824, 2723, 1595, 1846, 2720, 1580, 1867, 2713, 
1566, 1887, 2708, 1550, 1907, 2341, 1367, 2460, 2323, 1368, 
2476, 2300, 1373, 2493, 2280, 1377, 2509, 2260, 1382, 2524, 
2240, 1727, 2736, 1681, 1745, 2736, 1665, 1766, 2734, 1648, 
1785, 2732, 1630, 1804, 2728, 1613, 1826, 2415, 1365, 2387, 
2400, 1364, 2407, 2382, 1365, 2424, 2363, 1365, 2443, 2343, 
1367, 2461, 2323, 1654, 2736, 1759, 1671, 2737, 1740, 1689, 
2738, 1721, 1708, 2738, 1702, 1727, 2739, 1683, 1744, 2488, 
1372, 2311, 2471, 1369, 2328, 2456, 1368, 2350, 2438, 1365, 
2367, 2419, 1364, 2386, 2403, 1585, 2723, 1839, 1601, 2727, 
1820, 1618, 2731, 1799, 1636, 2734, 1779, 1654, 2735, 1759, 
1671, 2552, 1390, 2225, 2538, 1385, 2248, 2521, 1380, 2268, 
2506, 1376, 2288, 2491, 1373, 2309, 2473, 1524, 2699, 1924, 
1539, 2707, 1903, 1554, 2712, 1880, 1569, 2717, 1862, 1585, 
2722, 1839, 1601, 2608, 1422, 2142, 2595, 1414, 2163, 2582, 
1406, 2186, 2567, 1398, 2204, 2552, 1392, 2225, 2537, 1473, 
2663, 2010, 1484, 2673, 1987, 1497, 2680, 1966, 1510, 2690, 
1944, 1523, 2699, 1923, 1538, 2653, 1460, 2054, 2643, 1449, 
2076, 2631, 1439, 2095, 2619, 1430, 2119, 2608, 1421, 2139, 
2594, 1431, 2620, 2097, 1440, 2631, 2077, 1449, 2643, 2054, 
1462, 2652, 2032, 1473, 2663, 2010, 1484, 2689, 1511, 1967, 
2684, 1498, 1989, 2676, 1486, 2010, 2665, 1472, 2031, 2654, 
1462, 2054, 2643, 1400, 2568, 2183, 1407, 2580, 2162, 1412, 
2594, 2140, 1421, 2607, 2118, 1429, 2618, 2096, 1439, 2715, 
1568, 1883, 2711, 1554, 1904, 2703, 1539, 1926, 2697, 1526, 
1946, 2691, 1508, 1964, 2684, 1376, 2508, 2268, 1382, 2521, 
2246, 1386, 2537, 2227, 1393, 2552, 2206, 1399, 2567, 2186, 
1406, 2735, 1635, 1799, 2729, 1617, 1820, 2725, 1600, 1840, 
2721, 1584, 1859, 2716, 1570, 1881, 2712, 1365, 2439, 2348, 
1367, 2455, 2328, 1368, 2472, 2308, 1373, 2489, 2291, 1377, 
2507, 2271, 1383, 2739, 1708, 1721, 2739, 1689, 1742, 2737, 
1672, 1761, 2736, 1654, 1780, 2733, 1636, 1799, 2731, 1366, 
2366, 2424, 1365, 2383, 2405, 1364, 2401, 2386, 1364, 2420, 
2367, 1364, 2438, 2350, 1367, 2732, 1784, 1648, 2736, 1763, 
1665, 2739, 1747, 1684, 2739, 1728, 1703, 2739, 1707, 1722, 
2742, 1378, 2284, 2495, 1374, 2303, 2480, 1370, 2324, 2463, 
1368, 2345, 2444, 1367, 2364, 2425, 1366, 2716, 1866, 1580, 
2721, 1844, 1596, 2727, 1825, 1612, 2729, 1806, 1630, 2732, 
1785, 1648, 2736, 1400, 2200, 2557, 1392, 2220, 2542, 1387, 
2240, 2528, 1380, 2262, 2512, 1377, 2283, 2496, 1373, 2689, 
1951, 1522, 2697, 1931, 1536, 2704, 1908, 1549, 2710, 1887, 
1565, 2716, 1867, 1581, 2721, 1433, 2115, 2612, 1423, 2134, 
2599, 1415, 2156, 2586, 1408, 2178, 2568, 1399, 2200, 2558, 
1393, 2652, 2036, 1470, 2662, 2016, 1481, 2671, 1994, 1495, 
2680, 1973, 1507, 2688, 1951, 1521, 2696, 1477, 2025, 2657, 
1464, 2047, 2646, 1453, 2072, 2636, 1441, 2091, 2622, 1433, 
2112, 2612, 1424, 2604, 2080, 1534, 2729, 1656, 2025, 2636, 
1424, 2176, 2559, 1394, 2239, 2427, 1366, 2377, 2411, 1580, 
2721, 1848, 1596, 2726, 1827, 1614, 2728, 1808, 1630, 2732, 
1788, 1647, 2736, 1769, 1664, 2558, 1393, 2219, 2544, 1388, 
2239, 2528, 1382, 2258, 2513, 1377, 2281, 2496, 1376, 2300, 
2480, 1519, 2695, 1931, 1532, 2703, 1911, 1547, 2710, 1889, 
1563, 2713, 1868, 1579, 2719, 1848, 1594, 2611, 1424, 2132, 
2600, 1417, 2155, 2590, 1408, 2175, 2572, 1401, 2197, 2559, 
1395, 2219, 2544, 1470, 2659, 2019, 1481, 2668, 1998, 1492, 
2679, 1975, 1505, 2687, 1955, 1519, 2694, 1931, 1533, 2657, 
1465, 2046, 2647, 1455, 2067, 2638, 1445, 2087, 2625, 1435, 
2111, 2612, 1424, 2131, 2601, 1429, 2615, 2104, 1436, 2627, 
2083, 1446, 2639, 2062, 1457, 2648, 2041, 1469, 2659, 2019, 
1479, 2692, 1516, 1959, 2687, 1503, 1980, 2677, 1491, 2001, 
2668, 1477, 2023, 2658, 1465, 2043, 2647, 1395, 2560, 2192, 
1403, 2575, 2171, 1411, 2591, 2148, 1417, 2601, 2127, 1426, 
2613, 2104, 1436, 2717, 1574, 1872, 2712, 1559, 1894, 2707, 
1547, 1917, 2700, 1530, 1937, 2694, 1516, 1958, 2687, 1376, 
2500, 2275, 1381, 2515, 2255, 1384, 2531, 2234, 1390, 2547, 
2212, 1398, 2563, 2193, 1404, 2734, 1641, 1792, 2732, 1624, 
1810, 2727, 1606, 1832, 2725, 1592, 1852, 2719, 1575, 1872, 
2713, 1364, 2431, 2356, 1366, 2449, 2336, 1368, 2465, 2315, 
1372, 2483, 2296, 1375, 2499, 2276, 1379, 2739, 1715, 1714, 
2738, 1694, 1733, 2739, 1678, 1753, 2736, 1660, 1772, 2735, 
1643, 1792, 2731, 1367, 2355, 2432, 1366, 2375, 2414, 1363, 
2393, 2396, 1363, 2412, 2375, 1364, 2430, 2358, 1367, 2732, 
1794, 1643, 2734, 1772, 1660, 2736, 1752, 1676, 2738, 1735, 
1695, 2739, 1716, 1714, 2739, 1379, 2275, 2502, 1376, 2295, 
2488, 1372, 2314, 2467, 1369, 2336, 2451, 1366, 2353, 2432, 
1366, 2713, 1874, 1575, 2719, 1852, 1592, 2723, 1832, 1607, 
2728, 1814, 1623, 2732, 1793, 1641, 2733, 1403, 2191, 2563, 
1395, 2212, 2548, 1390, 2235, 2532, 1383, 2254, 2518, 1380, 
2273, 2502, 1376, 2686, 1959, 1516, 2694, 1937, 1530, 2700, 
1916, 1544, 2707, 1895, 1559, 2713, 1875, 1574, 2720, 1438, 
2108, 2616, 1429, 2127, 2604, 1418, 2148, 2591, 1412, 2169, 
2578, 1403, 2191, 2564, 1396, 2647, 2041, 1466, 2656, 2023, 
1476, 2667, 2003, 1488, 2675, 1982, 1501, 2684, 1959, 1514, 
2691, 1480, 2018, 2660, 1468, 2040, 2649, 1456, 2062, 2639, 
1446, 2083, 2629, 1437, 2105, 2617, 1427, 2599, 2133, 1425, 
2611, 2111, 1433, 2624, 2090, 1443, 2636, 2070, 1453, 2647, 
2046, 1465, 2656, 1534, 1931, 2696, 1521, 1951, 2688, 1507, 
1974, 2679, 1493, 1995, 2672, 1480, 2016, 2662, 1468, 2544, 
2219, 1394, 2558, 2198, 1401, 2572, 2174, 1407, 2587, 2154, 
1415, 2599, 2135, 1423, 2611, 1593, 1845, 2719, 1579, 1867, 
2715, 1564, 1888, 2710, 1549, 1910, 2703, 1535, 1931, 2695, 
1522, 2478, 2302, 1375, 2496, 2281, 1379, 2512, 2260, 1385, 
2528, 2240, 1390, 2543, 2220, 1395, 2559, 1663, 1767, 2735, 
1645, 1785, 2732, 1628, 1806, 2728, 1612, 1827, 2725, 1596, 
1847, 2719, 1580, 2407, 2380, 1364, 2425, 2364, 1364, 2444, 
2342, 1368, 2460, 2323, 1371, 2478, 2303, 1373, 2495, 1740, 
1691, 2739, 1721, 1709, 2737, 1702, 1728, 2739, 1683, 1747, 
2737, 1665, 1767, 2737, 1648, 2331, 2454, 1368, 2352, 2436, 
1364, 2368, 2419, 1364, 2390, 2400, 1364, 2407, 2382, 1364, 
2425, 1817, 1618, 2729, 1798, 1635, 2734, 1778, 1654, 2737, 
1759, 1672, 2738, 1740, 1689, 2739, 1721, 2248, 2522, 1382, 
2271, 2505, 1376, 2290, 2490, 1373, 2311, 2473, 1369, 2329, 
2456, 1368, 2351, 1900, 1555, 2712, 1880, 1571, 2718, 1859, 
1586, 2723, 1838, 1603, 2727, 1819, 1617, 2731, 1799, 2161, 
2580, 1405, 2183, 2567, 1398, 2207, 2552, 2604, 1419, 2140, 
2592, 1411, 2160, 2579, 1403, 2631, 2071, 1449, 2640, 2051, 
1462, 2649, 2028, 1473, 2660, 2007, 1484, 2673, 1984, 1497, 
2680, 1496, 1988, 2671, 1482, 2011, 2661, 1471, 2032, 2650, 
1459, 2053, 2639, 1448, 2076, 2629, 1438, 2580, 2160, 1411, 
2596, 2137, 1419, 2607, 2115, 1432, 2617, 2095, 1440, 2631, 
2073, 1449, 2641, 1551, 1904, 2703, 1536, 1924, 2695, 1523, 
1945, 2687, 1508, 1967, 2679, 1496, 1988, 2672, 1483, 2521, 
2244, 1387, 2540, 2223, 1391, 2553, 2204, 1396, 2567, 2180, 
1407, 2581, 2161, 1413, 2595, 1615, 1823, 2724, 1599, 1841, 
2721, 1582, 1862, 2714, 1567, 1880, 2710, 1553, 1903, 2706, 
1536, 2454, 2326, 1369, 2473, 2304, 1372, 2489, 2287, 1375, 
2507, 2265, 1381, 2524, 2244, 1388, 2537, 1687, 1743, 2736, 
1668, 1761, 2735, 1651, 1782, 2732, 1635, 1800, 2731, 1616, 
1822, 2727, 1599, 2383, 2403, 1364, 2403, 2385, 1364, 2421, 
2366, 1364, 2439, 2348, 1367, 2456, 2327, 1368, 2473, 1763, 
1669, 2739, 1744, 1686, 2737, 1725, 1704, 2737, 1707, 1721, 
2737, 1689, 1741, 2737, 1671, 2305, 2476, 1370, 2326, 2460, 
1368, 2345, 2441, 1367, 2364, 2423, 1364, 2383, 2406, 1365, 
2401, 1843, 1598, 2725, 1822, 1614, 2731, 1802, 1633, 2734, 
1783, 1649, 2735, 1764, 1667, 2739, 1744, 2224, 2542, 1387, 
2244, 2524, 1382, 2263, 2510, 1377, 2284, 2494, 1374, 2303, 
2476, 1368, 2323, 1927, 1535, 2707, 1907, 1552, 2712, 1885, 
1566, 2716, 1865, 1580, 2723, 1843, 1597, 2727, 1824, 2136, 
2598, 1415, 2159, 2584, 1408, 2179, 2571, 1400, 2201, 2556, 
1392, 2224, 2542, 1387, 2243, 2015, 1483, 2671, 1993, 1496, 
2680, 1971, 1508, 2689, 1950, 1523, 2697, 1928, 1536, 2704, 
1908, 2050, 2646, 1451, 2072, 2635, 1441, 2093, 2622, 1433, 
2114, 2611, 1424, 2131, 2597, 1416, 2158, 2100, 1439, 2628, 
2079, 1448, 2640, 2058, 1459, 2651, 2036, 1471, 2660, 2015, 
1482, 2671, 1993, 1963, 2684, 1500, 1984, 2675, 1487, 2005, 
2665, 1475, 2023, 2656, 1462, 2047, 2646, 1452, 2070, 2187, 
1403, 2580, 2166, 1412, 2593, 2144, 1420, 2606, 2123, 1429, 
2617, 2103, 1438, 2628, 2081, 1879, 2712, 1556, 1900, 2705, 
1540, 1920, 2700, 1527, 1940, 2691, 1515, 1962, 2683, 1500, 
1984, 2271, 1379, 2519, 2250, 1385, 2535, 2229, 1391, 2551, 
2209, 1397, 2566, 2188, 1404, 2579, 2167, 1796, 2729, 1619, 
1816, 2727, 1602, 1837, 2723, 1587, 1856, 2719, 1572, 1876, 
2712, 1557, 1899, 2350, 1366, 2451, 2332, 1368, 2470, 2311, 
1372, 2487, 2292, 1376, 2503, 2272, 1381, 2519, 2253, 1719, 
2739, 1692, 1736, 2737, 1674, 1756, 2736, 1656, 1776, 2734, 
1638, 1795, 2732, 1622, 1816, 2428, 1365, 2379, 2411, 1365, 
2397, 2391, 1364, 2417, 2371, 1365, 2435, 2353, 1365, 2451, 
2331, 1647, 2739, 1768, 1663, 2736, 1750, 1681, 2739, 1730, 
1699, 2739, 1711, 1719, 2739, 1694, 1737, 2497, 1374, 2300, 
2481, 1371, 2319, 2463, 1368, 2340, 2447, 1368, 2360, 2428, 
1366, 2377, 2411, 1576, 2720, 1849, 1594, 2725, 1830, 1612, 
2729, 1810, 1627, 2733, 1789, 1645, 2736, 1769, 1661, 2560, 
1395, 2218, 2545, 1390, 2237, 2529, 1381, 2257, 2514, 1377, 
2278, 2499, 1375, 2299, 2480, 1519, 2695, 1935, 1533, 2702, 
1912, 1546, 2708, 1893, 1562, 2716, 1871, 1576, 2720, 1850, 
1593, 2614, 1425, 2129, 2601, 1417, 2153, 2587, 1411, 2179, 
2575, 1403, 2196, 2561, 1393, 2216, 2547, 1468, 2660, 2020, 
1479, 2668, 2000, 1492, 2679, 1979, 1504, 2687, 1956, 1518, 
2695, 1935, 1532, 2659, 1466, 2047, 2648, 1455, 2064, 2636, 
1444, 2087, 2627, 1436, 2108, 2615, 1427, 2131, 2602, 1426, 
2615, 2108, 1434, 2624, 2086, 1445, 2638, 2065, 1457, 2648, 
2042, 1467, 2657, 2021, 1476, 2692, 1517, 1953, 2687, 1503, 
1979, 2668, 1435, 2172, 2499, 1384, 2696, 1872, 1624, 2735, 
1752, 2235, 2466, 1368, 2336, 2448, 1365, 2356, 2432, 1365, 
2375, 2414, 1365, 2395, 2396, 1367, 2414, 1832, 1607, 2727, 
1811, 1624, 2732, 1792, 1642, 2735, 1772, 1660, 2737, 1753, 
1682, 2739, 1735, 2234, 2531, 1383, 2255, 2516, 1378, 2273, 
2500, 1375, 2296, 2483, 1371, 2316, 2465, 1370, 2336, 1916, 
1545, 2709, 1896, 1559, 2713, 1874, 1575, 2719, 1853, 1590, 
2724, 1833, 1608, 2729, 1812, 2150, 2590, 1410, 2168, 2577, 
1403, 2191, 2563, 1395, 2211, 2549, 1388, 2233, 2531, 1384, 
2254, 2001, 1489, 2678, 1982, 1503, 2687, 1959, 1515, 2691, 
1939, 1528, 2701, 1916, 1544, 2707, 1895, 2063, 2640, 1447, 
2084, 2632, 1438, 2108, 2616, 1429, 2127, 2604, 1419, 2148, 
2591, 1410, 2169, 2088, 1444, 2636, 2067, 1454, 2647, 2045, 
1465, 2657, 2024, 1478, 2667, 2003, 1489, 2678, 1982, 1974, 
2676, 1492, 1995, 2671, 1480, 2017, 2661, 1469, 2039, 2650, 
1457, 2062, 2640, 1446, 2084, 2175, 1408, 2587, 2154, 1416, 
2599, 2132, 1425, 2611, 2110, 1434, 2624, 2090, 1443, 2636, 
2070, 1891, 2708, 1548, 1912, 2703, 1534, 1932, 2696, 1520, 
1952, 2687, 1506, 1974, 2680, 1492, 1996, 2259, 1383, 2528, 
2238, 1388, 2543, 2217, 1393, 2558, 2196, 1401, 2572, 2175, 
1406, 2584, 2153, 1808, 2729, 1613, 1828, 2726, 1596, 1848, 
2720, 1579, 1868, 2716, 1563, 1888, 2708, 1548, 1910, 2340, 
1368, 2463, 2321, 1371, 2480, 2300, 1374, 2495, 2279, 1378, 
2512, 2259, 1382, 2527, 2238, 1729, 2737, 1681, 1749, 2736, 
1664, 1768, 2736, 1647, 1788, 2732, 1630, 1807, 2727, 1614, 
1826, 2416, 1364, 2388, 2399, 1364, 2407, 2381, 1366, 2428, 
2363, 1368, 2446, 2343, 1369, 2463, 2322, 1656, 2736, 1758, 
1673, 2737, 1738, 1691, 2739, 1720, 1710, 2739, 1701, 1728, 
2739, 1682, 1748, 2488, 1372, 2312, 2470, 1369, 2332, 2451, 
1367, 2350, 2435, 1366, 2369, 2417, 1365, 2389, 2401, 1587, 
2723, 1839, 1603, 2727, 1817, 1619, 2731, 1799, 1636, 2734, 
1776, 1655, 2736, 1759, 1673, 2552, 1391, 2227, 2536, 1384, 
2248, 2521, 1379, 2272, 2504, 1377, 2291, 2489, 1372, 2311, 
2472, 1527, 2700, 1921, 1540, 2707, 1901, 1555, 2712, 1880, 
1570, 2719, 1859, 1586, 2723, 1839, 1603, 2608, 1420, 2144, 
2595, 1412, 2163, 2581, 1404, 2187, 2567, 1398, 2207, 2555, 
1391, 2227, 2537, 1474, 2664, 2008, 1486, 2675, 1986, 1499, 
2683, 1964, 1512, 2690, 1944, 1526, 2700, 1923, 1539, 2651, 
1457, 2055, 2641, 1448, 2077, 2631, 1439, 2100, 2620, 1430, 
2120, 2608, 1422, 2144, 2594, 1432, 2620, 2092, 1442, 2632, 
2075, 1452, 2644, 2054, 1464, 2656, 2031, 1475, 2664, 2011, 
1486, 2690, 1510, 1969, 2680, 1496, 1991, 2673, 1484, 2012, 
2663, 1472, 2033, 2652, 1460, 2055, 2643, 1400, 2569, 2182, 
1406, 2583, 2159, 1415, 2597, 2140, 1422, 2608, 2119, 1431, 
2620, 2096, 1440, 2716, 1567, 1884, 2710, 1553, 1904, 2703, 
1538, 1926, 2697, 1523, 1947, 2691, 1510, 1968, 2681, 1377, 
2507, 2263, 1381, 2524, 2243, 1387, 2536, 2222, 1392, 2553, 
2204, 1400, 2569, 2182, 1406, 2732, 1632, 1801, 2731, 1615, 
1822, 2726, 1599, 1842, 2720, 1584, 1862, 2717, 1568, 1883, 
2710, 1365, 2439, 2346, 1368, 2457, 2327, 1369, 2473, 2306, 
1372, 2491, 2287, 1377, 2508, 2265, 1381, 2738, 1704, 1726, 
2739, 1687, 1743, 2737, 1668, 1763, 2736, 1651, 1782, 2734, 
1631, 1800, 2732, 1367, 2364, 2423, 1364, 2384, 2404, 1364, 
2403, 2385, 1364, 2423, 2366, 1365, 2439, 2347, 1367, 2732, 
1783, 1649, 2735, 1763, 1668, 2736, 1745, 1686, 2739, 1726, 
1703, 2739, 1710, 1723, 2739, 1378, 2284, 2495, 1375, 2305, 
2477, 1370, 2325, 2460, 1368, 2346, 2442, 1366, 2365, 2424, 
1365, 2716, 1865, 1583, 2722, 1844, 1599, 2728, 1824, 1616, 
2732, 1807, 1633, 2735, 1784, 1885, 1565, 2631, 1440, 2094, 
2620, 1430, 2115, 2608, 1422, 2136, 2595, 1413, 2158, 2581, 
1408, 2179, 2571, 1449, 2639, 2055, 1456, 2651, 2034, 1471, 
2660, 2012, 1481, 2670, 1991, 1495, 2679, 1969, 1506, 2673, 
1486, 2006, 2664, 1473, 2028, 2655, 1460, 2049, 2643, 1448, 
2071, 2632, 1439, 2093, 2622, 1412, 2591, 2141, 1420, 2605, 
2120, 1428, 2617, 2099, 1437, 2627, 2079, 1448, 2639, 2056, 
1460, 2703, 1540, 1921, 2697, 1527, 1941, 2689, 1514, 1963, 
2681, 1500, 1983, 2675, 1484, 2006, 2665, 1386, 2534, 2227, 
1390, 2550, 2207, 1396, 2564, 2185, 1404, 2578, 2164, 1411, 
2592, 2144, 1420, 2726, 1603, 1836, 2722, 1589, 1859, 2719, 
1572, 1878, 2712, 1555, 1900, 2707, 1540, 1920, 2700, 1368, 
2471, 2311, 1372, 2486, 2291, 1376, 2504, 2271, 1380, 2520, 
2249, 1385, 2535, 2229, 1391, 2736, 1668, 1756, 2736, 1653, 
1776, 2735, 1639, 1798, 2731, 1619, 1817, 2726, 1603, 1836, 
2721, 1364, 2398, 2388, 1364, 2417, 2371, 1364, 2436, 2351, 
1367, 2454, 2332, 1369, 2471, 2312, 1373, 2736, 1748, 1681, 
2739, 1728, 1701, 2739, 1710, 1719, 2739, 1693, 1739, 2739, 
1674, 1758, 2736, 1372, 2320, 2460, 1368, 2339, 2444, 1359, 
2359, 2428, 1365, 2380, 2412, 1367, 2399, 2392, 1363, 2726, 
1828, 1612, 2729, 1809, 1630, 2732, 1788, 1647, 2736, 1768, 
1663, 2736, 1749, 1681, 2738, 1390, 2239, 2527, 1384, 2260, 
2513, 1378, 2280, 2497, 1372, 2300, 2480, 1371, 2320, 2463, 
1369, 2703, 1911, 1547, 2711, 1891, 1563, 2716, 1870, 1578, 
2721, 1850, 1595, 2728, 1828, 1611, 2729, 1417, 2153, 2588, 
1409, 2175, 2574, 1402, 2196, 2560, 1397, 2217, 2545, 1390, 
2239, 2529, 1384, 2669, 1998, 1492, 2679, 1976, 1505, 2687, 
1955, 1520, 2695, 1934, 1533, 2703, 1912, 1547, 2709, 1453, 
2067, 2636, 1444, 2087, 2626, 1434, 2111, 2613, 1425, 2131, 
2600, 1417, 2151, 2588, 1409, 2627, 2084, 1446, 2639, 2063, 
1458, 2649, 2041, 1468, 2659, 2019, 1479, 2668, 1998, 1492, 
2679, 1502, 1979, 2675, 1489, 2000, 2667, 1478, 2023, 2656, 
1465, 2043, 2647, 1455, 2067, 2638, 1444, 2576, 2172, 1411, 
2591, 2149, 1419, 2603, 2128, 1427, 2614, 2107, 1436, 2627, 
2086, 1447, 2639, 1560, 1895, 2707, 1544, 1915, 2703, 1531, 
1936, 2695, 1517, 1958, 2686, 1504, 1979, 2678, 1490, 2515, 
2255, 1385, 2531, 2234, 1390, 2547, 2212, 1397, 2559, 2192, 
1405, 2574, 2172, 1409, 2588, 1625, 1811, 2729, 1608, 1832, 
2724, 1592, 1852, 2720, 1575, 1873, 2713, 1560, 1894, 2708, 
1547, 2449, 2336, 1368, 2467, 2317, 1372, 2483, 2297, 1376, 
2499, 2275, 1378, 2515, 2255, 1384, 2529, 1695, 1734, 2737, 
1678, 1753, 2737, 1660, 1772, 2735, 1641, 1791, 2732, 1625, 
1811, 2728, 1608, 2375, 2415, 1364, 2393, 2396, 1366, 2412, 
2376, 1366, 2431, 2359, 1367, 2448, 2336, 1370, 2467, 1774, 
1659, 2737, 1755, 1678, 2739, 1735, 1696, 2739, 1716, 1714, 
2739, 1697, 1735, 2739, 1679, 2296, 2484, 1374, 2316, 2470, 
1371, 2336, 2451, 1368, 2354, 2432, 1366, 2375, 2415, 1363, 
2393, 1854, 1590, 2724, 1832, 1606, 2728, 1813, 1624, 2731, 
1795, 1641, 2735, 1774, 1660, 2737, 1754, 2212, 2550, 1388, 
2232, 2534, 1383, 2255, 2518, 1379, 2275, 2502, 1377, 2296, 
2486, 1371, 2315, 1939, 1529, 2700, 1918, 1545, 2707, 1896, 
1559, 2715, 1876, 1575, 2719, 1857, 1590, 2724, 1836, 2127, 
2604, 1419, 2147, 2591, 1411, 2168, 2579, 1404, 2190, 2567, 
1396, 2212, 2549, 1391, 2232, 2024, 1476, 2667, 2004, 1488, 
2676, 1982, 1502, 2686, 1962, 1515, 2694, 1940, 1529, 2702, 
1919, 2039, 2650, 1459, 2064, 2640, 1447, 2081, 2630, 1436, 
2104, 2616, 1427, 2126, 2604, 1419, 2146, 2112, 1433, 2623, 
2089, 1443, 2635, 2069, 1452, 2646, 2048, 1464, 2657, 1940, 
1656, 2736, 1494, 2623, 1961, 1556, 2714, 1855, 1621, 2739, 
1736, 1692, 2738, 1719, 1711, 2739, 1699, 1731, 2739, 1376, 
2291, 2488, 1372, 2311, 2471, 1368, 2329, 2454, 1367, 2352, 
2435, 1366, 2371, 2416, 1365, 2719, 1857, 1589, 2723, 1837, 
1603, 2727, 1816, 1620, 2731, 1796, 1637, 2734, 1775, 1655, 
2735, 1397, 2209, 2552, 1391, 2228, 2535, 1386, 2250, 2520, 
1380, 2271, 2503, 1376, 2291, 2488, 1372, 2695, 1943, 1527, 
2700, 1920, 1542, 2707, 1901, 1556, 2712, 1880, 1571, 2718, 
1860, 1587, 2723, 1425, 2122, 2606, 1422, 2144, 2592, 1412, 
2166, 2579, 1404, 2188, 2565, 1399, 2207, 2551, 1391, 2655, 
2028, 1475, 2665, 2008, 1486, 2673, 1986, 1499, 2684, 1964, 
1512, 2691, 1942, 1525, 2699, 1471, 2040, 2655, 1458, 2057, 
2640, 1447, 2078, 2632, 1438, 2099, 2618, 1430, 2122, 2606, 
1421, 2609, 2115, 1430, 2621, 2093, 1441, 2633, 2073, 1452, 
2644, 2050, 1464, 2654, 2028, 1476, 2663, 1523, 1949, 2689, 
1507, 1971, 2683, 1495, 1993, 2672, 1484, 2013, 2664, 1470, 
2035, 2652, 1459, 2556, 2201, 1399, 2574, 2180, 1404, 2582, 
2158, 1415, 2597, 2138, 1423, 2609, 2115, 1431, 2620, 1581, 
1865, 2715, 1567, 1887, 2710, 1551, 1906, 2704, 1536, 1927, 
2697, 1523, 1948, 2689, 1511, 2494, 2287, 1376, 2510, 2265, 
1380, 2526, 2246, 1387, 2540, 2224, 1393, 2556, 2204, 1401, 
2570, 1651, 1784, 2732, 1633, 1804, 2731, 1615, 1824, 2724, 
1598, 1843, 2721, 1583, 1863, 2716, 1567, 2424, 2364, 1364, 
2441, 2344, 1367, 2459, 2327, 1368, 2476, 2307, 1375, 2492, 
2286, 1376, 2508, 1723, 1706, 2739, 1704, 1724, 2737, 1683, 
1744, 2737, 1665, 1766, 2736, 1649, 1782, 2732, 1632, 2348, 
2439, 1367, 2366, 2422, 1364, 2385, 2403, 1364, 2404, 2383, 
1364, 2424, 2365, 1366, 2439, 1801, 1632, 2734, 1782, 1650, 
2736, 1760, 1672, 2739, 1743, 1691, 2739, 1726, 1705, 2739, 
1705, 2267, 2508, 1377, 2287, 2492, 1374, 2305, 2475, 1372, 
2328, 2460, 1367, 2347, 2442, 1367, 2366, 1884, 1570, 2716, 
1863, 1583, 2721, 1843, 1598, 2728, 1823, 1615, 2732, 1803, 
1631, 2734, 1782, 2182, 2569, 1399, 2203, 2556, 1393, 2223, 
2540, 1387, 2241, 2524, 1379, 2265, 2510, 1377, 2284, 1968, 
1509, 2691, 1948, 1523, 2697, 1926, 1537, 2704, 1905, 1551, 
2710, 1884, 1567, 2717, 1865, 2096, 2621, 1431, 2117, 2611, 
1424, 2140, 2596, 1415, 2160, 2582, 1406, 2180, 2572, 1399, 
2200, 2055, 1461, 2651, 2032, 1472, 2661, 2013, 1484, 2672, 
1991, 1496, 2685, 1969, 1509, 2689, 1950, 2008, 2665, 1473, 
2030, 2655, 1462, 2052, 2644, 1451, 2072, 2633, 1441, 2096, 
2623, 1433, 2117, 2143, 1420, 2608, 2121, 1430, 2619, 2100, 
1439, 2630, 2079, 1449, 2641, 2060, 1463, 2652, 2033, 1920, 
2699, 1525, 1944, 2691, 1512, 1964, 2682, 1498, 1985, 2675, 
1488, 2007, 2667, 1479, 2030, 2227, 1391, 2551, 2207, 1398, 
2566, 2184, 1404, 2579, 2163, 1411, 2592, 2145, 1423, 2606, 
2120, 1839, 2720, 1585, 1858, 2716, 1573, 1878, 2712, 1556, 
1899, 2707, 1543, 1920, 2699, 1526, 1943, 2310, 1371, 2488, 
2291, 1376, 2505, 2272, 1381, 2521, 2249, 1384, 2535, 2229, 
1391, 2550, 2207, 1758, 2737, 1653, 1777, 2734, 1636, 1796, 
2731, 1620, 1816, 2725, 1601, 1839, 2721, 1587, 1857, 2388, 
1364, 2418, 2369, 1365, 2436, 2351, 1367, 2454, 2331, 1369, 
2471, 2311, 1372, 2487, 2291, 1680, 2739, 1728, 1701, 2739, 
1709, 1720, 2737, 1691, 1739, 2739, 1672, 1758, 2736, 1655, 
1776, 2456, 1366, 2340, 2447, 1364, 2360, 2428, 1364, 2380, 
2408, 1364, 2400, 2390, 1364, 2418, 2370, 1610, 2729, 1807, 
1628, 2734, 1788, 1647, 2736, 1768, 1663, 2737, 1748, 1680, 
2739, 1729, 1700, 2528, 1378, 2258, 2512, 1379, 2283, 2496, 
1376, 2301, 2483, 1372, 2321, 2462, 1367, 2340, 2446, 1547, 
2710, 1888, 1994, 1490, 2676, 1973, 1504, 2684, 1951, 1517, 
2692, 1929, 1532, 2703, 1909, 2044, 2645, 1452, 2066, 2633, 
1442, 2088, 2623, 1432, 2111, 2611, 1423, 2131, 2596, 1414, 
2152, 2102, 1436, 2624, 2081, 1444, 2636, 2060, 1456, 2648, 
2038, 1467, 2659, 2019, 1479, 2667, 1993, 1956, 2683, 1500, 
1979, 2675, 1488, 2000, 2667, 1476, 2023, 2656, 1465, 2044, 
2645, 1452, 2066, 2191, 1402, 2575, 2169, 1411, 2588, 2147, 
1417, 2602, 2126, 1427, 2615, 2104, 1438, 2627, 2084, 1874, 
2711, 1558, 1894, 2706, 1543, 1916, 2699, 1528, 1936, 2692, 
1516, 1958, 2687, 1505, 1983, 2275, 1379, 2518, 2254, 1384, 
2531, 2232, 1389, 2547, 2212, 1399, 2563, 2191, 1404, 2576, 
2172, 1792, 2731, 1623, 1813, 2727, 1607, 1832, 2723, 1591, 
1852, 2716, 1575, 1872, 2712, 1559, 1892, 2355, 1365, 2448, 
2335, 1367, 2465, 2315, 1370, 2480, 2295, 1375, 2499, 2275, 
1379, 2515, 2254, 1715, 2737, 1694, 1734, 2736, 1676, 1753, 
2736, 1656, 1772, 2735, 1643, 1792, 2731, 1624, 1811, 2429, 
1365, 2375, 2409, 1365, 2393, 2393, 1364, 2414, 2375, 1365, 
2431, 2355, 1367, 2447, 2336, 1641, 2732, 1769, 1659, 2736, 
1753, 1678, 2737, 1733, 1696, 2739, 1715, 1715, 2739, 1695, 
1734, 2500, 1376, 2296, 2482, 1373, 2319, 2465, 1369, 2336, 
2449, 1367, 2357, 2432, 1366, 2375, 2414, 1575, 2719, 1855, 
1589, 2724, 1833, 1607, 2727, 1811, 1623, 2732, 1792, 1643, 
2735, 1772, 1658, 2562, 1396, 2213, 2546, 1392, 2233, 2531, 
1385, 2255, 2516, 1379, 2273, 2500, 1376, 2295, 2484, 1516, 
2695, 1939, 1530, 2702, 1918, 1544, 2707, 1896, 1560, 2715, 
1875, 1572, 2719, 1855, 1590, 2616, 1427, 2127, 2604, 1423, 
2151, 2591, 1411, 2169, 2577, 1403, 2191, 2563, 1397, 2211, 
2547, 1466, 2659, 2023, 1478, 2668, 2004, 1489, 2676, 1982, 
1501, 2684, 1959, 1515, 2693, 1938, 1529, 2660, 1468, 2041, 
2651, 1456, 2063, 2639, 1447, 2084, 2627, 1439, 2104, 2617, 
1427, 2127, 2604, 1424, 2612, 2110, 1433, 2624, 2088, 1439, 
2634, 2067, 1455, 2647, 2047, 1465, 2656, 2024, 1476, 2695, 
1519, 1953, 2687, 1506, 1975, 2680, 1491, 1995, 2671, 1481, 
2018, 2661, 1470, 2040, 2651, 1395, 2559, 2197, 1401, 2574, 
2175, 1409, 2587, 2156, 1416, 2595, 2131, 1424, 2612, 2111, 
1433, 2719, 1578, 1871, 2715, 1564, 1888, 2708, 1548, 1916, 
2704, 1532, 1932, 2694, 1520, 1952, 2687, 1374, 2496, 2280, 
1377, 2512, 2259, 1383, 2527, 2240, 1389, 2543, 2219, 1395, 
2558, 2197, 1401, 2735, 1645, 1788, 2731, 1628, 1807, 2729, 
1612, 1827, 2722, 1595, 1848, 2719, 1580, 1870, 2716, 1366, 
2428, 2360, 1366, 2444, 2342, 1368, 2460, 2322, 1372, 2478, 
2302, 1374, 2494, 2282, 1378, 2738, 1719, 1710, 2737, 1700, 
1729, 2736, 1681, 1748, 2737, 1663, 1769, 2738, 1647, 1787, 
2734, 1367, 2352, 2437, 1367, 2371, 2417, 1364, 2390, 2400, 
1364, 2407, 2378, 1364, 2428, 2359, 1366, 2728, 1798, 1636, 
2733, 1778, 1655, 2736, 1756, 1672, 2738, 1739, 1691, 2739, 
1719, 1710, 2739, 1380, 2271, 2504, 1376, 2291, 2489, 1373, 
2311, 2472, 1369, 2331, 2454, 1367, 2350, 2436, 1366, 2712, 
1880, 1571, 2719, 1861, 1586, 2723, 1839, 1601, 2728, 1818, 
1619, 2730, 1801, 1637, 2732, 1406, 2185, 2567, 1397, 2208, 
2552, 1390, 2228, 2537, 1385, 2247, 2523, 1380, 2270, 2508, 
1377, 2681, 1964, 1513, 2692, 1944, 1527, 2700, 1922, 1540, 
2706, 1902, 1555, 2713, 1881, 1571, 2718, 1440, 2102, 2620, 
1430, 2123, 2608, 1422, 2144, 2595, 1415, 2163, 2580, 1406, 
2185, 2567, 1400, 2643, 2050, 1463, 2655, 2030, 1474, 2664, 
2008, 1487, 2673, 1987, 1499, 2684, 1965, 1511, 2689, 1484, 
2012, 2664, 1472, 2035, 2652, 1459, 2055, 2642, 1449, 2076, 
2632, 1439, 2099, 2620, 1427, 2599, 2097, 1499, 2718, 1705, 
1969, 2663, 1449, 2120, 2595, 1414, 2186, 2475, 1372, 2329, 
2457, 1539, 2706, 1904, 1551, 2712, 1884, 1569, 2716, 1862, 
1583, 2723, 1841, 1599, 2727, 1820, 1616, 2595, 1415, 2160, 
2579, 1406, 2183, 2567, 1399, 2204, 2553, 1391, 2224, 2539, 
1386, 2246, 2523, 1485, 2672, 1987, 1495, 2681, 1965, 1512, 
2690, 1945, 1525, 2699, 1924, 1539, 2704, 1903, 1553, 2643, 
1451, 2080, 2636, 1441, 2099, 2620, 1431, 2119, 2608, 1422, 
2141, 2596, 1414, 2162, 2582, 1439, 2632, 2074, 1451, 2643, 
2055, 1460, 2654, 2033, 1472, 2664, 2012, 1486, 2672, 1990, 
1497, 2683, 1497, 1989, 2675, 1484, 2008, 2667, 1473, 2032, 
2652, 1461, 2054, 2646, 1451, 2075, 2632, 1404, 2581, 2162, 
1412, 2590, 2142, 1421, 2606, 2119, 1431, 2619, 2096, 1439, 
2630, 2076, 1450, 2711, 1553, 1904, 2704, 1539, 1926, 2699, 
1524, 1943, 2691, 1511, 1966, 2683, 1498, 1990, 2675, 1382, 
2523, 2249, 1385, 2537, 2225, 1390, 2553, 2202, 1397, 2567, 
2183, 1404, 2580, 2163, 1413, 2729, 1617, 1820, 2726, 1601, 
1841, 2723, 1587, 1860, 2716, 1571, 1883, 2712, 1555, 1902, 
2705, 1368, 2456, 2328, 1369, 2472, 2308, 1372, 2491, 2291, 
1377, 2505, 2270, 1380, 2524, 2248, 1386, 2738, 1688, 1741, 
2738, 1670, 1760, 2735, 1652, 1778, 2732, 1636, 1799, 2731, 
1619, 1820, 2727, 1366, 2382, 2407, 1365, 2401, 2388, 1364, 
2420, 2371, 1367, 2439, 2348, 1368, 2456, 2329, 1368, 2736, 
1766, 1666, 2739, 1746, 1684, 2739, 1728, 1703, 2740, 1707, 
1722, 2739, 1689, 1742, 2738, 1374, 2303, 2478, 1372, 2324, 
2460, 1368, 2344, 2444, 1364, 2361, 2424, 1363, 2382, 2407, 
1365, 2722, 1848, 1596, 2727, 1825, 1614, 2729, 1807, 1630, 
2734, 1790, 1649, 2736, 1767, 1665, 2737, 1393, 2220, 2544, 
1388, 2241, 2527, 1381, 2263, 2511, 1377, 2284, 2495, 1371, 
2302, 2479, 1371, 2697, 1930, 1533, 2703, 1909, 1549, 2712, 
1888, 1564, 2716, 1868, 1580, 2723, 1848, 1597, 2727, 1425, 
2136, 2599, 1416, 2159, 2586, 1407, 2179, 2572, 1400, 2199, 
2558, 1395, 2220, 2544, 1388, 2662, 2016, 1481, 2671, 1994, 
1494, 2680, 1972, 1507, 2688, 1952, 1521, 2696, 1929, 1536, 
2703, 1464, 2047, 2646, 1452, 2070, 2636, 1443, 2092, 2625, 
1434, 2114, 2613, 1424, 2135, 2601, 1417, 2615, 2103, 1438, 
2629, 2080, 1448, 2640, 2060, 1458, 2652, 2038, 1470, 2660, 
2016, 1478, 2667, 1512, 1963, 2683, 1501, 1982, 2677, 1489, 
2004, 2668, 1476, 2025, 2657, 1464, 2047, 2647, 1453, 2562, 
2188, 1404, 2578, 2168, 1411, 2591, 2147, 1419, 2604, 2125, 
1428, 2616, 2104, 1438, 2628, 1573, 1876, 2715, 1558, 1897, 
2707, 1544, 1918, 2700, 1529, 1939, 2693, 1516, 1961, 2684, 
1502, 2500, 2272, 1378, 2518, 2255, 1385, 2534, 2232, 1389, 
2547, 2211, 1395, 2562, 2190, 1403, 2576, 1639, 1795, 2732, 
1623, 1815, 2727, 1606, 1834, 2723, 1590, 1855, 2718, 1574, 
1875, 2713, 1559, 2432, 2353, 1364, 2452, 2335, 1366, 2467, 
2314, 1372, 2484, 2295, 1375, 2503, 2275, 1379, 2518, 1712, 
1716, 2737, 1695, 1737, 2739, 1675, 1755, 2736, 1657, 1774, 
2735, 1640, 1793, 2732, 1625, 2359, 2430, 1364, 2378, 2414, 
1368, 2397, 2393, 1364, 2415, 2376, 1365, 2433, 2355, 1367, 
2451, 1791, 1644, 2736, 1768, 1659, 2737, 1751, 1679, 2740, 
1733, 1697, 2739, 1713, 1716, 2739, 1695, 2278, 2499, 1375, 
2299, 2482, 1375, 2319, 2467, 1367, 2339, 2449, 1368, 2358, 
2432, 1365, 2376, 1872, 1576, 2719, 1853, 1592, 2724, 1831, 
1608, 2728, 1812, 1625, 2732, 1791, 1643, 2735, 1772, 2195, 
2563, 1396, 2216, 2547, 1390, 2236, 2531, 1380, 2257, 2515, 
1380, 2278, 2501, 1376, 2297, 1959, 1518, 2695, 1938, 1532, 
2703, 1918, 1546, 2708, 1894, 1561, 2715, 1874, 1575, 2720, 
1852, 2108, 2616, 1427, 2129, 2604, 1415, 2152, 2589, 2647, 
1455, 2062, 2636, 1444, 2084, 2625, 1435, 2588, 2151, 1420, 
2599, 2128, 1425, 2612, 2108, 1435, 2623, 2087, 1444, 2636, 
2064, 1455, 2645, 1544, 1911, 2699, 1531, 1932, 2692, 1516, 
1955, 2685, 1504, 1976, 2678, 1491, 1998, 2668, 1478, 2528, 
2235, 1388, 2544, 2215, 1393, 2559, 2192, 1401, 2572, 2172, 
1408, 2586, 2151, 1416, 2599, 1608, 1829, 2723, 1593, 1854, 
2719, 1577, 1871, 2713, 1560, 1891, 2707, 1546, 1913, 2700, 
1533, 2462, 2316, 1367, 2479, 2297, 1372, 2497, 2278, 1377, 
2513, 2256, 1381, 2528, 2238, 1387, 2543, 1678, 1749, 2736, 
1661, 1771, 2735, 1643, 1789, 2732, 1627, 1809, 2728, 1610, 
1828, 2723, 1594, 2391, 2396, 1363, 2410, 2376, 1361, 2428, 
2360, 1365, 2447, 2339, 1368, 2463, 2313, 1370, 2480, 1754, 
1675, 2738, 1736, 1697, 2742, 1717, 1711, 2739, 1698, 1730, 
2738, 1680, 1750, 2736, 1662, 2314, 2468, 1369, 2333, 2452, 
1366, 2352, 2433, 1365, 2372, 2416, 1364, 2391, 2398, 1364, 
2411, 1835, 1604, 2728, 1816, 1620, 2732, 1797, 1639, 2735, 
1776, 1654, 2736, 1756, 1673, 2737, 1737, 2232, 2535, 1384, 
2251, 2519, 1379, 2268, 2500, 1376, 2294, 2487, 1372, 2312, 
2471, 1369, 2332, 1919, 1542, 2707, 1899, 1558, 2713, 1878, 
1571, 2719, 1856, 1587, 2723, 1838, 1603, 2728, 1816, 2145, 
2592, 1412, 2167, 2579, 1404, 2189, 2566, 1397, 2209, 2550, 
1391, 2229, 2535, 1384, 2250, 2006, 1487, 2675, 1984, 1497, 
2682, 1963, 1512, 2688, 1939, 1527, 2702, 1919, 1542, 2706, 
1900, 2060, 2643, 1447, 2081, 2630, 1438, 2102, 2619, 1430, 
2124, 2608, 1421, 2144, 2593, 1412, 2167, 2092, 1443, 2633, 
2071, 1455, 2647, 2048, 1464, 2655, 2027, 1475, 2665, 2006, 
1488, 2675, 1984, 1973, 2680, 1496, 1993, 2671, 1484, 2016, 
2663, 1471, 2036, 2655, 1462, 2058, 2641, 1449, 2079, 2177, 
1409, 2585, 2159, 1415, 2598, 2136, 1424, 2610, 2113, 1433, 
2623, 2092, 1441, 2635, 2072, 1887, 2711, 1551, 1908, 2703, 
1536, 1928, 2696, 1520, 1948, 2687, 1508, 1969, 2681, 1496, 
1992, 2264, 1381, 2525, 2242, 1387, 2540, 2222, 1393, 2560, 
2200, 1400, 2571, 2178, 1408, 2585, 2157, 1804, 2729, 1614, 
1825, 2724, 1597, 1844, 2720, 1583, 1864, 2716, 1566, 1884, 
2708, 1551, 1907, 2343, 1364, 2460, 2326, 1370, 2476, 2304, 
1372, 2492, 2284, 1377, 2510, 2264, 1382, 2526, 2246, 1724, 
2736, 1684, 1743, 2737, 1666, 1763, 2736, 1650, 1783, 2732, 
1633, 1803, 2729, 1616, 1823, 2422, 1366, 2384, 2402, 1365, 
2404, 2384, 1365, 2424, 2365, 1365, 2441, 2345, 1368, 2459, 
2329, 1653, 2738, 1760, 1668, 2736, 1740, 1688, 2738, 1723, 
1707, 2739, 1704, 1725, 2739, 1684, 1743, 2488, 1372, 2305, 
2473, 1370, 2328, 2457, 1368, 2347, 2440, 1366, 2367, 2420, 
1366, 2384, 2403, 1584, 2723, 1841, 1599, 2726, 1820, 1616, 
2731, 1800, 1633, 2734, 1781, 1651, 2736, 1762, 1670, 2555, 
1391, 2221, 2539, 1385, 2247, 2524, 1381, 2267, 2508, 1376, 
2287, 2492, 1374, 2307, 2475, 1523, 2700, 1926, 1537, 2703, 
1904, 1553, 2711, 1883, 1568, 2716, 1862, 1583, 2721, 1843, 
1599, 2608, 1423, 2137, 2595, 1414, 2159, 2582, 1404, 2182, 
2568, 1399, 2204, 2556, 1392, 2225, 2540, 1472, 2663, 2012, 
1483, 2672, 1990, 1496, 2682, 1969, 1509, 2690, 1948, 1523, 
2698, 1926, 1538, 2655, 1460, 2052, 2643, 1450, 2075, 2635, 
1441, 2096, 2623, 1432, 2116, 2609, 1422, 2137, 2595, 1431, 
2619, 2098, 1439, 2627, 2075, 1449, 2643, 2055, 1459, 2652, 
2033, 1472, 2662, 2011, 1484, 2689, 1511, 1966, 2682, 1498, 
1988, 2675, 1487, 2009, 2668, 1473, 2030, 2656, 1462, 2052, 
2644, 1397, 2567, 2184, 1406, 2581, 2163, 1411, 2592, 2141, 
1421, 2606, 2120, 1430, 2617, 2098, 1439, 2716, 1569, 1880, 
2711, 1555, 1901, 2702, 1472, 2094, 2556, 1369, 2661, 1948, 
1565, 2721, 1823, 2159, 2525, 1382, 2262, 2510, 1379, 2283, 
2494, 1374, 2302, 2479, 1371, 2323, 2460, 1368, 2344, 1908, 
1551, 2710, 1887, 1565, 2716, 1867, 1579, 2723, 1846, 1598, 
2725, 1824, 1612, 2729, 1804, 2158, 2584, 1407, 2178, 2569, 
1400, 2200, 2555, 1393, 2222, 2544, 1385, 2242, 2527, 1382, 
2262, 1992, 1495, 2680, 1971, 1507, 2688, 1949, 1521, 2696, 
1930, 1536, 2703, 1908, 1550, 2710, 1888, 2071, 2634, 1442, 
2092, 2624, 1433, 2113, 2613, 1424, 2136, 2600, 1413, 2156, 
2585, 1407, 2177, 2079, 1448, 2640, 2057, 1459, 2651, 2036, 
1470, 2660, 2015, 1483, 2670, 1995, 1495, 2679, 1972, 1984, 
2675, 1488, 2006, 2666, 1476, 2027, 2656, 1464, 2047, 2648, 
1454, 2070, 2633, 1443, 2092, 2166, 1411, 2591, 2144, 1417, 
2606, 2122, 1428, 2616, 2103, 1438, 2627, 2080, 1448, 2639, 
2057, 1898, 2705, 1542, 1919, 2700, 1528, 1939, 2691, 1514, 
1961, 2683, 1500, 1984, 2678, 1491, 2005, 2251, 1385, 2534, 
2231, 1391, 2550, 2209, 1396, 2564, 2188, 1403, 2577, 2166, 
1409, 2590, 2144, 1815, 2727, 1604, 1836, 2722, 1588, 1856, 
2718, 1574, 1877, 2711, 1557, 1896, 2707, 1545, 1919, 2332, 
1368, 2468, 2313, 1371, 2486, 2294, 1376, 2503, 2274, 1379, 
2518, 2252, 1384, 2531, 2228, 1738, 2737, 1673, 1756, 2736, 
1656, 1775, 2735, 1639, 1795, 2732, 1622, 1815, 2727, 1604, 
1835, 2410, 1364, 2398, 2393, 1364, 2416, 2374, 1365, 2435, 
2354, 1367, 2452, 2335, 1368, 2467, 2317, 1664, 2739, 1751, 
1680, 2737, 1731, 1698, 2739, 1712, 1717, 2739, 1693, 1736, 
2737, 1675, 1755, 2479, 1371, 2321, 2466, 1368, 2339, 2448, 
1366, 2357, 2431, 1366, 2377, 2412, 1365, 2398, 2394, 1596, 
2727, 1831, 1610, 2732, 1811, 1626, 2734, 1792, 1643, 2736, 
1772, 1661, 2739, 1751, 1679, 2545, 1388, 2235, 2529, 1384, 
2258, 2515, 1379, 2279, 2499, 1375, 2299, 2483, 1372, 2319, 
2467, 1532, 2705, 1917, 1547, 2707, 1893, 1561, 2715, 1872, 
1576, 2719, 1852, 1592, 2726, 1831, 1609, 2603, 1417, 2153, 
2589, 1408, 2174, 2576, 1401, 2193, 2563, 1395, 2215, 2547, 
1389, 2237, 2531, 1479, 2670, 2000, 1491, 2678, 1979, 1505, 
2686, 1956, 1518, 2695, 1935, 1534, 2703, 1915, 1547, 2649, 
1456, 2064, 2639, 1444, 2087, 2628, 1436, 2108, 2616, 1426, 
2131, 2603, 1418, 2151, 2590, 1436, 2626, 2087, 1444, 2636, 
2064, 1456, 2648, 2043, 1468, 2659, 2021, 1479, 2668, 2000, 
1492, 2687, 1504, 1978, 2678, 1491, 2000, 2672, 1475, 2022, 
2660, 1467, 2042, 2649, 1456, 2065, 2639, 1402, 2575, 2174, 
1409, 2588, 2153, 1418, 2600, 2127, 1425, 2615, 2108, 1436, 
2625, 2087, 1446, 2713, 1561, 1892, 2708, 1546, 1914, 2705, 
1533, 1934, 2694, 1518, 1955, 2686, 1504, 1976, 2679, 1379, 
2515, 2259, 1383, 2530, 2236, 1389, 2544, 2215, 1394, 2559, 
2195, 1401, 2575, 2174, 1409, 2733, 1626, 1811, 2729, 1609, 
1831, 2726, 1596, 1852, 2719, 1574, 1871, 2715, 1561, 1891, 
2707, 1366, 2447, 2340, 1369, 2465, 2320, 1369, 2481, 2297, 
1372, 2499, 2280, 1377, 2514, 2259, 1383, 2739, 1699, 1732, 
2739, 1680, 1752, 2737, 1662, 1770, 2733, 1644, 1790, 2732, 
1627, 1809, 2729, 1365, 2372, 2416, 1365, 2392, 2398, 1364, 
2412, 2380, 1364, 2429, 2360, 1368, 2444, 2339, 1368, 2735, 
1776, 1656, 2739, 1756, 1675, 2739, 1738, 1695, 2739, 1715, 
1711, 2739, 1700, 1731, 2739, 1375, 2296, 2488, 1374, 2314, 
2470, 1370, 2336, 2453, 1368, 2354, 2438, 1367, 2374, 2417, 
1366, 2719, 1859, 1590, 2724, 1837, 1606, 2729, 1816, 1622, 
2732, 1796, 1639, 2733, 1776, 1656, 2737, 1397, 2209, 2550, 
1390, 2231, 2535, 1384, 2252, 2519, 1379, 2272, 2503, 1377, 
2293, 2488, 1372, 2689, 1942, 1528, 2700, 1921, 1543, 2707, 
1900, 1557, 2713, 1878, 1571, 2719, 1857, 1961, 1513, 2670, 
1480, 2015, 2660, 1468, 2036, 2649, 1456, 2059, 2638, 1446, 
2079, 2627, 1437, 2101, 2616, 1415, 2597, 2132, 1423, 2609, 
2111, 1430, 2622, 2089, 1441, 2632, 2068, 1452, 2644, 2047, 
1464, 2702, 1535, 1927, 2696, 1520, 1951, 2687, 1505, 1972, 
2679, 1495, 1992, 2670, 1482, 2013, 2660, 1386, 2541, 2219, 
1395, 2555, 2199, 1400, 2570, 2177, 1407, 2584, 2155, 1414, 
2595, 2134, 1423, 2723, 1596, 1844, 2719, 1581, 1865, 2714, 
1565, 1886, 2707, 1550, 1907, 2702, 1534, 1928, 2695, 1369, 
2476, 2303, 1372, 2494, 2283, 1377, 2510, 2262, 1381, 2526, 
END
2241, 1388, 2663, 1817, 2319, 1831, 1662, 2724, 1591, 1918, 
2651, 1423, 2196, 2480, 1359, 2449, 2235, 1409, 2635, 1958, 
1564, 2571, 1375, 2339, 2355, 1372, 2559, 2086, 1481, 2696, 
1814, 1683, 2675, 1452, 2131, 2527, 1363, 2712, 1752, 1736, 
2714, 1530, 2003, 2609, 1392, 2279, 2412, 1362, 2515, 2151, 
1447, 2672, 1875, 2155, 2511, 1362, 2414, 2278, 1393, 2611, 
2001, 1534, 2716, 1735, 1758, 2711, 1519, 2022, 2599, 1457, 
2681, 1855, 1644, 2728, 1610, 1898, 2663, 1435, 2175, 2498, 
1361, 2433, 2259, 1402, 2624, 1505, 2051, 2587, 1381, 2320, 
2378, 1370, 2547, 2112, 1470, 2691, 1838, 1664, 2731, 1595, 
1920, 2240, 1409, 2636, 1961, 1562, 2724, 1700, 1797, 2703, 
1495, 2070, 2575, 1377, 2339, 2360, 1374, 2728, 1580, 1940, 
2648, 1418, 2219, 2468, 1361, 2468, 2217, 1417, 2648, 1943, 
1579, 2729, 1683, 2361, 2342, 1378, 2576, 2072, 1493, 2707, 
1799, 2728, 2728, 1364, 2516, 2157, 1447, 2673, 1880, 2156, 
2519, 1364, 2417, 2284, 1392, 2612, 2007, 1534, 2720, 1742, 
1756, 2716, 1522, 2025, 2604, 1457, 2683, 1862, 1644, 2732, 
1613, 1898, 2670, 1437, 2177, 2504, 1361, 2434, 2264, 1403, 
2625, 1509, 2049, 2592, 1384, 2319, 2383, 1369, 2547, 2116, 
1468, 2692, 1842, 1662, 2734, 1599, 1920, 2244, 1410, 2638, 
1966, 1563, 2727, 1703, 1796, 2707, 1496, 2070, 2579, 1379, 
2340, 2364, 1374, 2732, 1583, 1941, 2652, 1422, 2219, 2473, 
1363, 2467, 2224, 1424, 2648, 1947, 1578, 2732, 1686, 2360, 
2347, 1378, 2576, 2076, 1493, 2707, 1803, 1700, 2731, 1568, 
1961, 2641, 1413, 2240, 2457, 1595, 2735, 1668, 1836, 2695, 
1472, 2114, 2552, 1372, 2379, 2327, 1383, 2590, 2055, 1507, 
2712, 1413, 2240, 2459, 1362, 2487, 2205, 1427, 2659, 1927, 
1595, 2734, 1669, 1837, 2696, 1473, 2112, 2056, 1506, 2713, 
1784, 1719, 2727, 1555, 1983, 2632, 1405, 2260, 2441, 1364, 
2502, 2185, 1437, 2688, 1462, 2132, 2540, 1368, 2396, 2310, 
1389, 2601, 2035, 1520, 2718, 1765, 1737, 2723, 1539, 2516, 
2164, 1447, 2676, 1887, 1627, 2735, 1635, 1876, 2681, 1452, 
2156, 2526, 1368, 2416, 2291, 1757, 2720, 1525, 2025, 2609, 
1391, 2299, 2407, 1366, 2532, 2144, 1458, 2686, 1867, 1644, 
2735, 1364, 2432, 2270, 1402, 2624, 1992, 1547, 2725, 1727, 
1773, 2715, 1513, 2044, 2597, 1386, 2319, 1847, 1662, 2734, 
1603, 1916, 2663, 1431, 2194, 2494, 1362, 2449, 2252, 1409, 
2636, 1971, 1563, 2583, 1381, 2339, 2369, 1373, 2561, 2102, 
1479, 2700, 1826, 1680, 2734, 1587, 1938, 2656, 1423, 2648, 
1951, 1576, 2732, 1691, 1814, 2704, 1487, 2087, 2569, 1377, 
2355, 2350, 1378, 2577, 2080, 1959, 2633, 1376, 2467, 2036, 
1660, 2724, 1513, 2088, 2556, 1374, 2414, 2251, 1410, 2636, 
1974, 2066, 2585, 1380, 2337, 2371, 1374, 2560, 2103, 1478, 
2700, 1827, 1679, 2734, 1588, 1937, 2655, 1417, 2648, 1952, 
1575, 2734, 1692, 1812, 2704, 1488, 2087, 2571, 1376, 2355, 
2352, 1376, 2575, 1572, 1956, 2645, 1415, 2235, 2463, 1363, 
2483, 2209, 1426, 2656, 1932, 1591, 2734, 1673, 1831, 2331, 
1382, 2588, 2060, 1502, 2712, 1788, 1715, 2729, 1558, 1979, 
2636, 1406, 2255, 2446, 1363, 2736, 1656, 1850, 2691, 1464, 
2129, 2543, 1369, 2394, 2313, 1388, 2600, 2040, 1517, 2719, 
1769, 2277, 2428, 1366, 2514, 2168, 1444, 2676, 1891, 1624, 
2736, 1639, 1872, 2684, 1454, 2150, 2529, 1530, 2723, 1750, 
1751, 2720, 1529, 2019, 2612, 1395, 2296, 2411, 1368, 2529, 
2148, 1455, 2684, 1443, 2171, 2513, 1366, 2430, 2275, 1400, 
2625, 1998, 1546, 2726, 1731, 1772, 2718, 1516, 2040, 2127, 
1466, 2691, 1851, 1657, 2736, 1606, 1912, 2668, 1435, 2191, 
2497, 1363, 2446, 2254, 1409, 2712, 1503, 2062, 2587, 1382, 
2335, 2374, 1373, 2558, 2107, 1476, 2700, 1831, 1676, 2735, 
1590, 2463, 2233, 1416, 2646, 1955, 1574, 2732, 1695, 1809, 
2705, 1491, 2083, 2574, 1377, 2353, 2355, 1693, 2732, 1576, 
1955, 2647, 1417, 2232, 2467, 1363, 2481, 2214, 1424, 2655, 
1935, 1587, 2736, 1374, 2372, 2336, 1383, 2587, 2065, 1502, 
2712, 1792, 1713, 2730, 1561, 1975, 2636, 1409, 2252, 1916, 
1605, 2736, 1660, 1849, 2691, 1465, 2124, 2545, 1372, 2390, 
2318, 1388, 2599, 2044, 1514, 2626, 1403, 2271, 2431, 1364, 
2511, 2172, 1443, 2673, 1895, 1622, 2737, 1642, 1868, 2684, 
1456, 2610, 2022, 1528, 2721, 1753, 1749, 2721, 1532, 2016, 
2615, 1395, 2292, 2414, 1368, 2528, 2152, 1889, 2676, 1445, 
2168, 2515, 1366, 2427, 2278, 1399, 2623, 2002, 1543, 2727, 
1736, 1767, 2718, 1369, 2542, 2130, 1464, 2691, 1854, 1655, 
2736, 1609, 1909, 2668, 1436, 2188, 2501, 1364, 2444, 1715, 
1787, 2716, 1504, 2058, 2590, 1383, 2331, 2379, 1372, 2558, 
2111, 1475, 2698, 1835, 1673, 2485, 1363, 2460, 2238, 1414, 
2645, 1960, 1571, 2732, 1697, 1807, 2707, 1492, 2080, 2576, 
1379, 2704, 1815, 1691, 2732, 1578, 1951, 2649, 1418, 2229, 
2468, 1363, 2476, 2217, 1423, 2655, 1939, 2100, 2563, 1375, 
2370, 2339, 1381, 2584, 2068, 1499, 2711, 1795, 1708, 2731, 
1563, 1974, 2639, 1432, 2663, 1919, 1603, 2736, 1663, 1846, 
2694, 1468, 2120, 2548, 1371, 2388, 2320, 1384, 2595, 1547, 
1994, 2627, 1402, 2269, 2435, 1365, 2510, 2176, 1441, 2672, 
1900, 1618, 2737, 1644, 1866, 2300, 1392, 2609, 2026, 1526, 
2721, 1756, 1746, 2723, 1534, 2014, 2617, 1396, 2290, 2417, 
1369, 2737, 1628, 1885, 2679, 1446, 2164, 2520, 1367, 2425, 
2284, 1400, 2622, 2006, 1540, 2727, 1738, 2310, 2400, 1368, 
2540, 2134, 1463, 2690, 1859, 1651, 2735, 1612, 1905, 2670, 
1438, 2183, 2503, 1555, 2727, 1719, 1782, 2714, 1507, 2055, 
2592, 1383, 2329, 2380, 1372, 2554, 2113, 1475, 2697, 1428, 
2205, 2488, 1364, 2460, 2241, 1412, 2643, 1964, 1570, 2732, 
1700, 1804, 2708, 1494, 2076, 2093, 1487, 2702, 1818, 1688, 
2734, 1581, 1947, 2652, 1420, 2225, 2471, 1363, 2474, 2220, 
1422, 2700, 1481, 2097, 2564, 1374, 2366, 2341, 1380, 2582, 
2072, 1497, 2710, 1799, 1707, 2732, 1565, 2492, 2200, 1436, 
2662, 1922, 1600, 2736, 1665, 1843, 2695, 1470, 2118, 2551, 
1372, 2384, 2324, 1724, 2727, 1550, 1990, 2629, 1404, 2265, 
2437, 1364, 2508, 2179, 1440, 2671, 1902, 1615, 2737, 1368, 
2403, 2305, 1391, 2607, 2028, 1524, 2720, 1759, 1777, 1723, 
2724, 1549, 1987, 2628, 1403, 2668, 1900, 1614, 2735, 1649, 
1860, 2686, 1459, 2137, 2535, 1368, 2401, 2304, 1390, 2603, 
2028, 2008, 2617, 1397, 2284, 2419, 1365, 2520, 2158, 1448, 
2678, 1881, 1630, 2736, 1631, 1881, 2679, 1396, 2616, 2008, 
1537, 2723, 1740, 1760, 2716, 1522, 2028, 2606, 1390, 2303, 
2401, 1368, 2535, 1614, 1902, 2671, 1438, 2179, 2505, 1364, 
2438, 2264, 1404, 2627, 1987, 1551, 2726, 1721, 1779, 2384, 
1371, 2550, 2117, 1471, 2695, 1842, 1666, 2734, 1599, 1921, 
2661, 1430, 2199, 2489, 1363, 2729, 1704, 1799, 2707, 1496, 
2072, 2580, 1379, 2343, 2364, 1374, 2564, 2097, 1481, 2700, 
1820, 2220, 2472, 1362, 2470, 2223, 1419, 2649, 1945, 1580, 
2732, 1686, 1819, 2703, 1484, 2092, 2567, 1494, 2707, 1802, 
1701, 2731, 1567, 1964, 2643, 1412, 2242, 2457, 1366, 2487, 
2204, 1428, 2660, 1472, 2114, 2552, 1372, 2380, 2327, 1384, 
2591, 2054, 1506, 2713, 1782, 1721, 2729, 1553, 1985, 2183, 
1438, 2668, 1905, 1612, 2736, 1651, 1859, 2688, 1461, 2135, 
2540, 1369, 2400, 2308, 1389, 2723, 1539, 2004, 2622, 1397, 
2282, 2423, 1366, 2520, 2162, 1448, 2677, 1886, 1628, 2736, 
1634, 2416, 2288, 1396, 2616, 2012, 1535, 2720, 1745, 1757, 
2719, 1523, 2027, 2609, 1392, 2302, 2406, 1646, 2736, 1616, 
1897, 2672, 1442, 2176, 2508, 1365, 2435, 2268, 1402, 2625, 
1991, 1548, 2727, 1385, 2320, 2387, 1372, 2550, 2121, 1470, 
2694, 1846, 1663, 2735, 1601, 1919, 2663, 1431, 2195, 1971, 
1564, 2730, 1706, 1796, 2710, 1499, 2068, 2584, 1381, 2340, 
2368, 1374, 2563, 2101, 1479, 2654, 1423, 2218, 2477, 1363, 
2470, 2228, 1419, 2649, 1950, 1578, 2732, 1691, 1815, 2703, 
1486, 2576, 2079, 1492, 2707, 1804, 1699, 2732, 1571, 1960, 
2643, 1417, 2238, 2461, 1363, 2486, 2209, 1836, 2697, 1473, 
2111, 2556, 1372, 2377, 2331, 1383, 2590, 2058, 1504, 2713, 
1786, 1718, 2728, 1364, 2501, 2187, 1436, 2668, 1909, 1611, 
2736, 1655, 1855, 2691, 1463, 2132, 2540, 1371, 2399, 1766, 
1737, 2724, 1542, 2003, 2623, 1399, 2278, 2426, 1366, 2516, 
2167, 1447, 2677, 1889, 1626, 2526, 1367, 2414, 2291, 1395, 
2615, 2016, 1533, 2723, 1748, 1756, 2721, 1528, 2023, 2611, 
1393, 2686, 1870, 1644, 2736, 1620, 1895, 2674, 1442, 2175, 
2511, 1365, 2432, 2272, 1401, 2625, 1995, 2044, 2598, 1387, 
2318, 2391, 1371, 2547, 2124, 1467, 2691, 1848, 1660, 2736, 
1604, 1914, 2667, 1410, 2637, 1975, 1560, 2729, 1711, 1792, 
2711, 1501, 2065, 2585, 1382, 2337, 2371, 1374, 2561, 1588, 
1937, 2656, 1424, 2216, 2481, 1363, 2467, 2232, 1418, 2647, 
1953, 1575, 2732, 1691, 1813, 2352, 1378, 2575, 2083, 1492, 
2705, 1809, 1697, 2733, 1573, 1959, 2642, 1416, 2235, 2463, 
1363, 2736, 1674, 1832, 2699, 1476, 2108, 2559, 1374, 2375, 
2334, 1383, 2588, 2060, 1504, 2712, 1786, 2255, 2447, 1364, 
2500, 2190, 1436, 2667, 1913, 1607, 2736, 1657, 1852, 2691, 
1465, 2128, 2544, 1516, 2718, 1769, 1735, 2724, 1543, 1999, 
2624, 1401, 2275, 2430, 1365, 2514, 2169, 1444, 2674, 1454, 
2150, 2528, 1367, 2412, 2296, 1393, 2612, 2020, 1530, 2721, 
1753, 1753, 2722, 1530, 2019, 2149, 1455, 2684, 1873, 1640, 
2736, 1624, 1891, 2675, 1443, 2169, 2514, 1365, 2429, 2275, 
1401, 2718, 1516, 2041, 2599, 1388, 2316, 2393, 1371, 2545, 
2128, 1466, 2692, 1854, 1660, 2736, 1607, 2446, 2254, 1408, 
2635, 1978, 1559, 2728, 1713, 1790, 2712, 1504, 2063, 2587, 
1382, 2334, 2374, 1675, 2734, 1591, 1935, 2657, 1425, 2211, 
2482, 1370, 2645, 1732, 2040, 2559, 1367, 2446, 2254, 1809, 
2676, 1444, 2168, 2515, 1365, 2428, 2278, 1400, 2623, 1999, 
1544, 2727, 1734, 1769, 2716, 1369, 2544, 2129, 1464, 2691, 
1854, 1656, 2736, 1607, 1909, 2668, 1435, 2188, 2499, 1363, 
2444, 1714, 1788, 2712, 1503, 2060, 2588, 1383, 2332, 2375, 
1372, 2556, 2108, 1476, 2697, 1831, 1674, 2483, 1363, 2463, 
2236, 1416, 2645, 1959, 1572, 2732, 1696, 1807, 2705, 1491, 
2081, 2575, 1379, 2704, 1814, 1691, 2732, 1577, 1952, 2648, 
1417, 2231, 2467, 1363, 2479, 2215, 1423, 2654, 1938, 2103, 
2561, 1375, 2371, 2338, 1382, 2585, 2066, 1499, 2712, 1793, 
1711, 2731, 1560, 1973, 2639, 1432, 2664, 1917, 1604, 2736, 
1661, 1847, 2692, 1468, 2124, 2547, 1371, 2390, 2319, 1386, 
2598, 1546, 1993, 2627, 1402, 2271, 2432, 1364, 2511, 2174, 
1442, 2672, 1898, 1619, 2739, 1644, 1866, 2300, 1392, 2609, 
2024, 1526, 2721, 1755, 1747, 2723, 1531, 2016, 2615, 1395, 
2291, 2415, 1367, 2736, 1628, 1888, 2678, 1446, 2165, 2518, 
1365, 2427, 2280, 1400, 2623, 2003, 1541, 2726, 1736, 2311, 
2397, 1368, 2540, 2133, 1463, 2691, 1856, 1654, 2736, 1608, 
1907, 2668, 1436, 2186, 2503, 1555, 2728, 1719, 1786, 2712, 
1505, 2055, 2591, 1383, 2329, 2379, 1372, 2555, 2112, 1475, 
2698, 1427, 2207, 2486, 1363, 2460, 2240, 1414, 2643, 1960, 
1569, 2732, 1699, 1805, 2707, 1493, 2078, 2090, 1486, 2704, 
1817, 1689, 2734, 1579, 1946, 2650, 1418, 2227, 2471, 1363, 
2476, 2220, 1423, 2701, 1481, 2099, 2564, 1375, 2368, 2342, 
1381, 2583, 2070, 1499, 2709, 1796, 1707, 2732, 1564, 2492, 
2199, 1433, 2663, 1921, 1601, 2736, 1665, 1844, 2692, 1470, 
2120, 2550, 1372, 2387, 2323, 1726, 2727, 1548, 1991, 2629, 
1402, 2267, 2438, 1364, 2508, 2177, 1441, 2672, 1901, 1617, 
2736, 1368, 2404, 2303, 1391, 2607, 2028, 1523, 2721, 1758, 
1744, 2723, 1539, 2011, 2617, 1396, 2288, 1880, 1634, 2739, 
1630, 1886, 2681, 1447, 2164, 2520, 1366, 2423, 2283, 1398, 
2620, 2007, 1538, 2607, 1391, 2307, 2401, 1369, 2539, 2136, 
1462, 2688, 1861, 1651, 2736, 1615, 1904, 2671, 1439, 2631, 
1987, 1553, 2728, 1721, 1782, 2713, 1508, 2055, 2595, 1385, 
2323, 2383, 1372, 2553, 2115, 1925, 2662, 1430, 2203, 2490, 
1364, 2456, 2243, 1412, 2639, 1964, 1568, 2729, 1703, 1802, 
2708, 1376, 2567, 2095, 1484, 2703, 1820, 1686, 2733, 1582, 
1945, 2651, 1421, 2224, 2473, 1363, 2473, 1684, 1822, 2703, 
1484, 2096, 2566, 1376, 2364, 2345, 1382, 2580, 2073, 1497, 
2712, 1800, 1704, 2456, 1364, 2489, 2201, 1430, 2661, 1925, 
1598, 2736, 1667, 1841, 2695, 1472, 2116, 2551, 1372, 2713, 
1780, 1724, 2727, 1552, 1987, 2630, 1406, 2264, 2438, 1364, 
2505, 2180, 1439, 2670, 1903, 2136, 2537, 1369, 2401, 2305, 
1390, 2605, 2031, 1521, 2719, 1760, 1740, 2723, 1538, 2008, 
2620, 1449, 2678, 1883, 1631, 2736, 1632, 1880, 2680, 1449, 
2159, 2524, 1366, 2419, 2286, 1396, 2619, 1524, 2029, 2607, 
1390, 2305, 2403, 1368, 2535, 2140, 1460, 2687, 1863, 1648, 
2736, 1615, 1900, 2267, 1404, 2628, 1988, 1551, 2728, 1725, 
1779, 2716, 1510, 2051, 2595, 1385, 2323, 2385, 1371, 2736, 
1599, 1920, 2663, 1430, 2203, 2492, 1363, 2453, 2247, 1411, 
2639, 1969, 1566, 2731, 1706, 2343, 2367, 1375, 2566, 2097, 
1483, 2702, 1823, 1683, 2735, 1584, 1943, 2654, 1423, 2220, 
2476, 1579, 2734, 1688, 1818, 2703, 1487, 2092, 2567, 1376, 
2361, 2348, 1379, 2577, 2077, 1495, 2708, 1414, 2241, 2459, 
1363, 2488, 2206, 1429, 2659, 1927, 1595, 2736, 1668, 1837, 
2697, 2694, 1472, 2588, 2053, 1504, 2710, 1780, 1717, 2726, 
1553, 1982, 2631, 1405, 2259, 2440, 1363, 2501, 2183, 1858, 
2687, 1462, 2133, 2540, 1369, 2396, 2308, 1388, 2601, 2032, 
1519, 2716, 1763, 1737, 2723, 1366, 2518, 2163, 1447, 2675, 
1886, 1628, 2735, 1635, 1876, 2680, 1451, 2155, 2524, 1365, 
2416, 1744, 1756, 2719, 1525, 2024, 2608, 1392, 2300, 2407, 
1368, 2532, 2142, 1456, 2685, 1865, 1644, 2508, 1364, 2432, 
2268, 1401, 2626, 1992, 1547, 2725, 1727, 1775, 2715, 1512, 
2045, 2595, 1386, 2692, 1847, 1662, 2736, 1603, 1918, 2663, 
1432, 2196, 2493, 1363, 2449, 2249, 1409, 2637, 1972, 2068, 
2584, 1380, 2339, 2368, 1375, 2562, 2100, 1479, 2700, 1825, 
1681, 2733, 1587, 1939, 2659, 1417, 2647, 1950, 1577, 2732, 
1689, 1814, 2704, 1486, 2088, 2570, 1376, 2359, 2350, 1377, 
2575, 1571, 1958, 2644, 1414, 2236, 2461, 1363, 2478, 2209, 
1428, 2656, 1931, 1593, 2736, 1673, 1834, 2332, 1383, 2588, 
2059, 1505, 2712, 1787, 1715, 2728, 1556, 1979, 2633, 1407, 
2257, 2444, 1363, 2736, 1656, 1854, 2689, 1464, 2130, 2543, 
1371, 2394, 2311, 1388, 2601, 2038, 1518, 2718, 1768, 2279, 
2428, 1364, 2515, 2168, 1447, 2675, 1890, 1624, 2737, 1638, 
1873, 2683, 1454, 2151, 2527, 1531, 2723, 1748, 1754, 2720, 
1528, 2022, 2611, 1393, 2299, 2409, 1367, 2530, 2147, 1456, 
2686, 1442, 2174, 2519, 1365, 2430, 2273, 1402, 2625, 1995, 
1545, 2727, 1730, 1773, 2717, 1515, 2042, 2126, 1467, 2692, 
1850, 1659, 2736, 1604, 1913, 2665, 1434, 2194, 2496, 1363, 
2447, 2253, 1409, 2711, 1501, 2064, 2587, 1382, 2338, 2374, 
1374, 2559, 2105, 1479, 2698, 1830, 1678, 2734, 1590, 2465, 
2232, 1416, 2648, 1955, 1574, 2732, 1693, 1812, 2707, 1488, 
2083, 2572, 1378, 2354, 2355, 1694, 2732, 1574, 1955, 2647, 
1415, 2234, 2463, 1364, 2481, 2212, 1425, 2657, 1935, 1591, 
2735, 1374, 2375, 2335, 1383, 2587, 2062, 1503, 2712, 1790, 
1713, 2730, 1559, 1977, 2636, 1409, 2254, 1914, 1607, 2736, 
1658, 1852, 2693, 1467, 2129, 2545, 1371, 2395, 2316, 1387, 
2599, 2041, 1514, 2625, 1400, 2275, 2430, 1365, 2515, 2172, 
1444, 2675, 1894, 1623, 2740, 1641, 1875, 2685, 1455, 2612, 
2022, 1529, 2723, 1752, 1751, 2722, 1531, 2019, 2614, 1395, 
2295, 2413, 1366, 2530, 2151, 1891, 2676, 1444, 2169, 2515, 
1366, 2428, 2276, 1401, 2623, 1999, 1543, 2726, 1734, 1769, 
2717, 1369, 2543, 2129, 1465, 2691, 1855, 1659, 2736, 1608, 
1911, 2668, 1435, 2189, 2500, 1363, 2444, 1715, 1788, 2713, 
1504, 2060, 2588, 1383, 2332, 2375, 1373, 2558, 2108, 1477, 
2699, 1833, 1675, 2484, 1363, 2462, 2236, 1415, 2645, 1958, 
1573, 2732, 1696, 1809, 2707, 1490, 2080, 2575, 1379, 2705, 
1812, 1693, 2734, 1576, 1953, 2648, 1417, 2231, 2467, 1364, 
2480, 2216, 1426, 2655, 1937, 2103, 2560, 1375, 2371, 2339, 
1382, 2585, 2066, 1500, 2711, 1793, 1711, 2730, 1563, 1974, 
2639, 1433, 2665, 1918, 1603, 2739, 1662, 1848, 2694, 1468, 
2124, 2547, 1370, 2391, 2319, 1387, 2599, 1548, 1995, 2627, 
1402, 2272, 2433, 1365, 2511, 2175, 1443, 2673, 1898, 1621, 
2738, 1646, 1867, 2300, 1393, 2611, 2023, 1527, 2721, 1757, 
1748, 2723, 1533, 2016, 2616, 1396, 2291, 2416, 1367, 2737, 
1628, 1888, 2678, 1447, 2166, 2518, 1367, 2425, 2280, 1399, 
2621, 2003, 1541, 2726, 1736, 2312, 2398, 1369, 2540, 2134, 
1463, 2691, 1857, 1654, 2736, 1612, 1909, 2670, 1438, 2187, 
2497, 1555, 2729, 1718, 1787, 2714, 1507, 2057, 2591, 1385, 
2331, 2379, 1372, 2556, 2025, 1603, 2734, 1414, 2689, 1816, 
1747, 2715, 1494, 2099, 2452, 1364, 2493, 2198, 1431, 2663, 
1920, 1602, 2736, 1372, 2387, 2322, 1386, 2596, 2047, 1511, 
2716, 1777, 1727, 2727, 1548, 1991, 2628, 1404, 2268, 1900, 
1616, 2736, 1647, 1864, 2687, 1458, 2142, 2534, 1368, 2406, 
2302, 1392, 2610, 2023, 1525, 2617, 1396, 2290, 2418, 1367, 
2524, 2156, 1452, 2681, 1880, 1635, 2736, 1630, 1886, 2679, 
1447, 2620, 2006, 1539, 2724, 1737, 1763, 2719, 1521, 2032, 
2604, 1389, 2308, 2399, 1368, 2538, 2136, 1900, 2671, 1438, 
2183, 2503, 1364, 2439, 2262, 1405, 2631, 1984, 1553, 2727, 
1720, 1783, 2714, 1372, 2554, 2115, 1473, 2697, 1839, 1670, 
2736, 1597, 1924, 2660, 1430, 2204, 2487, 1364, 2457, 1702, 
1803, 2707, 1494, 2075, 2579, 1378, 2347, 2363, 1375, 2567, 
2093, 1484, 2703, 1820, 1686, 2471, 1363, 2472, 2222, 1422, 
2652, 1943, 1584, 2733, 1683, 1823, 2703, 1483, 2096, 2564, 
1376, 2710, 1799, 1706, 2731, 1566, 1968, 2639, 1412, 2245, 
2456, 1358, 2492, 2200, 1431, 2661, 1923, 2115, 2550, 1370, 
2384, 2324, 1384, 2592, 2051, 1510, 2715, 1779, 1725, 2727, 
1550, 1987, 2631, 1439, 2671, 1903, 1615, 2737, 1651, 1863, 
2687, 1460, 2140, 2536, 1369, 2403, 2307, 1390, 2606, 1536, 
2009, 2619, 1398, 2286, 2421, 1367, 2523, 2160, 1449, 2680, 
1883, 1632, 2736, 1631, 1882, 2286, 1397, 2619, 2009, 1537, 
2726, 1740, 1760, 2720, 1521, 2029, 2606, 1391, 2305, 2402, 
1368, 2736, 1615, 1902, 2671, 1439, 2180, 2508, 1365, 2438, 
2265, 1404, 2630, 1988, 1551, 2727, 1723, 2323, 2384, 1372, 
2552, 2118, 1470, 2696, 1843, 1666, 2734, 1599, 1923, 2662, 
1428, 2199, 2491, 1565, 2731, 1704, 1799, 2710, 1496, 2070, 
2580, 1380, 2343, 2366, 1375, 2567, 2097, 1484, 2702, 1422, 
2222, 2476, 1363, 2471, 2224, 1420, 2651, 1947, 1582, 2734, 
1687, 1819, 2703, 1485, 2092, 2073, 1494, 2707, 1801, 1703, 
2731, 1568, 1964, 2643, 1412, 2241, 2459, 1363, 2488, 2204, 
1429, 2696, 1472, 2114, 2553, 1372, 2382, 2328, 1384, 2592, 
2055, 1508, 2715, 1783, 1720, 2728, 1553, 2505, 2183, 1439, 
2668, 1906, 1612, 2736, 1652, 1863, 2689, 1464, 2136, 2540, 
1370, 2400, 2309, 1740, 2724, 1539, 2006, 2620, 1399, 2283, 
2423, 1366, 2520, 2163, 1448, 2678, 1886, 1630, 2736, 1367, 
2417, 2288, 1397, 2616, 2014, 1535, 2723, 1743, 1758, 2720, 
1526, 2027, 2609, 1392, 2302, 1866, 1647, 2736, 1619, 1900, 
2672, 1441, 2177, 2510, 1365, 2435, 2269, 1403, 2628, 1992, 
1548, 2596, 1386, 2322, 2387, 1371, 2549, 2121, 1470, 2696, 
1846, 1663, 2735, 1603, 1919, 2663, 1432, 2639, 1970, 1564, 
2729, 1708, 1796, 2710, 1499, 2067, 2583, 1382, 2342, 2368, 
1375, 2563, 2100, 1939, 2654, 1422, 2219, 2478, 1363, 2470, 
2227, 1418, 2649, 1946, 1577, 2732, 1688, 1816, 2704, 1378, 
2576, 2079, 1491, 2706, 1806, 1700, 2731, 1571, 1959, 2644, 
1414, 2239, 2460, 1363, 2482, 1671, 1836, 2697, 1475, 2111, 
2556, 1374, 2379, 2331, 1383, 2591, 2058, 1505, 2713, 1785, 
1715, 2444, 1363, 2502, 2188, 1437, 2668, 1910, 1611, 2736, 
1655, 1854, 2690, 1463, 2131, 2542, 1370, 2719, 1767, 1735, 
2724, 1541, 2002, 2622, 1400, 2280, 2427, 1366, 2516, 2167, 
1446, 2676, 1890, 2153, 2527, 1368, 2415, 2294, 1395, 2615, 
2016, 1532, 2723, 1747, 1755, 2721, 1527, 2023, 2611, 1456, 
2684, 1869, 1646, 2737, 1620, 1896, 2675, 1444, 2174, 2512, 
1365, 2432, 2272, 1401, 2627, 1514, 2044, 2599, 1388, 2319, 
2391, 1371, 2547, 2124, 1468, 2694, 1848, 1660, 2736, 1605, 
1919, 2252, 1410, 2636, 1974, 1993, 1544, 2723, 1728, 1771, 
2713, 1512, 2041, 2596, 1387, 2316, 2389, 1659, 2732, 1602, 
1912, 2663, 1433, 2193, 2495, 1363, 2447, 2251, 1408, 2636, 
1974, 1560, 2728, 1381, 2335, 2369, 1374, 2559, 2103, 1478, 
2697, 1827, 1677, 2732, 1589, 1935, 2655, 1423, 2212, 1952, 
1573, 2730, 1692, 1811, 2703, 1488, 2083, 2574, 1378, 2355, 
2353, 1376, 2572, 2083, 1489, 2645, 1415, 2235, 2462, 1363, 
2481, 2211, 1425, 2656, 1933, 1592, 2735, 1675, 1831, 2699, 
1478, 2586, 2060, 1503, 2711, 1789, 1713, 2728, 1556, 1976, 
2635, 1407, 2254, 2447, 1363, 2497, 2191, 1851, 2691, 1465, 
2127, 2543, 1369, 2395, 2315, 1388, 2599, 2040, 1515, 2716, 
1769, 1731, 2726, 1366, 2514, 2170, 1444, 2675, 1894, 1624, 
2736, 1641, 1872, 2684, 1455, 2150, 2529, 1368, 2410, 1752, 
1751, 2722, 1531, 2019, 2612, 1393, 2295, 2411, 1367, 2528, 
2150, 1454, 2683, 1872, 1639, 2515, 1364, 2427, 2275, 1399, 
2623, 1998, 1543, 2725, 1731, 1768, 2716, 1516, 2035, 2600, 
1388, 2691, 1852, 1656, 2736, 1607, 1911, 2667, 1435, 2190, 
2499, 1364, 2446, 2256, 1408, 2635, 1978, 2060, 2588, 1383, 
2334, 2375, 1374, 2553, 2108, 1476, 2699, 1832, 1676, 2734, 
1591, 1932, 2657, 1415, 2645, 1956, 1573, 2731, 1695, 1808, 
2705, 1491, 2081, 2575, 1378, 2352, 2356, 1375, 2572, 1575, 
1952, 2648, 1417, 2233, 2467, 1363, 2480, 2215, 1423, 2654, 
1936, 1587, 2735, 1678, 1827, 2337, 1382, 2585, 2065, 1499, 
2710, 1792, 1711, 2730, 1561, 1975, 2638, 1409, 2251, 2450, 
1364, 2736, 1661, 1847, 2692, 1468, 2123, 2545, 1371, 2390, 
2319, 1388, 2599, 2043, 1513, 2717, 1773, 2272, 2432, 1365, 
2511, 2175, 1441, 2675, 1895, 1621, 2736, 1644, 1867, 2685, 
1456, 2146, 2531, 1527, 2721, 1754, 1748, 2721, 1532, 2015, 
2616, 1395, 2291, 2416, 1367, 2526, 2150, 1452, 2681, 1447, 
2165, 2517, 1366, 2425, 2279, 1399, 2622, 2002, 1541, 2726, 
1736, 1767, 2719, 1519, 2037, 2133, 1464, 2691, 1857, 1655, 
2739, 1612, 1908, 2668, 1437, 2188, 2503, 1364, 2444, 2260, 
1408, 2713, 1506, 2055, 2590, 1384, 2329, 2379, 1372, 2556, 
2111, 1474, 2697, 1836, 1673, 2735, 1593, 2459, 2239, 1415, 
2643, 1960, 1571, 2732, 1700, 1806, 2708, 1493, 2079, 2577, 
1379, 2352, 2360, 1692, 2733, 1578, 1950, 2649, 1420, 2229, 
2470, 1365, 2475, 2223, 1424, 2654, 1942, 1587, 2736, 1375, 
2368, 2342, 1380, 2584, 2070, 1499, 2710, 1796, 1708, 2730, 
1564, 1970, 2639, 1411, 2248, 1920, 1601, 2735, 1664, 1845, 
2693, 1468, 2119, 2548, 1371, 2387, 2323, 1387, 2596, 2047, 
1511, 2628, 1403, 2268, 2435, 1364, 2508, 2177, 1439, 2671, 
1900, 1618, 2736, 1647, 1864, 2687, 1459, 2608, 2027, 1526, 
2720, 1760, 1745, 2723, 1535, 2012, 2617, 1395, 2288, 2418, 
1367, 2524, 2158, 1886, 2677, 1449, 2163, 2520, 1366, 2423, 
2283, 1398, 2620, 2006, 1539, 2726, 1739, 1763, 2718, 1368, 
2539, 2136, 1462, 2689, 1860, 1651, 2736, 1614, 1905, 2671, 
1439, 2185, 2503, 1364, 2439, 1720, 1784, 2715, 1508, 2053, 
2592, 1384, 2329, 2382, 1371, 2553, 2115, 1473, 2696, 1840, 
1668, 2488, 1362, 2456, 2242, 1413, 2641, 1964, 1568, 2729, 
1703, 1803, 2707, 1495, 2075, 2579, 1379, 2703, 1819, 1687, 
2734, 1581, 1947, 2651, 1420, 2225, 2473, 1365, 2475, 2223, 
1422, 2652, 1944, 2097, 2567, 1375, 2366, 2345, 1381, 2583, 
2074, 1498, 2710, 1799, 1705, 2732, 1567, 1968, 2640, 1430, 
2659, 1923, 1599, 2736, 1667, 1842, 2695, 1472, 2117, 2552, 
1373, 2383, 2326, 1384, 2593, 1550, 1990, 2630, 1376, 2472, 
2030, 1668, 2723, 1508, 2096, 2551, 1369, 2419, 2160, 1450, 
2680, 1450, 2160, 2522, 1367, 2420, 2286, 1397, 2618, 2009, 
1537, 2725, 1740, 1760, 2719, 1524, 2030, 2138, 1460, 2688, 
1863, 1649, 2736, 1615, 1902, 2675, 1439, 2180, 2507, 1364, 
2438, 2265, 1403, 2714, 1510, 2050, 2593, 1385, 2328, 2385, 
1371, 2552, 2118, 1471, 2695, 1841, 1667, 2736, 1599, 2454, 
2244, 1411, 2640, 1967, 1567, 2727, 1705, 1800, 2708, 1497, 
2073, 2582, 1379, 2343, 2366, 1683, 2733, 1584, 1943, 2652, 
1422, 2222, 2475, 1363, 2471, 2224, 1420, 2649, 1945, 1580, 
2732, 1375, 2363, 2345, 1379, 2579, 2076, 1494, 2708, 1801, 
1702, 2732, 1568, 1963, 2641, 1414, 2240, 1926, 1597, 2735, 
1669, 1839, 2696, 1472, 2113, 2553, 1372, 2381, 2328, 1385, 
2592, 2053, 1507, 2631, 1406, 2262, 2440, 1363, 2504, 2183, 
1438, 2670, 1905, 1615, 2736, 1651, 1859, 2689, 1462, 2604, 
2032, 1520, 2719, 1763, 1739, 2724, 1536, 2006, 2620, 1399, 
2281, 2423, 1366, 2519, 2164, 1879, 2681, 1451, 2155, 2524, 
1367, 2416, 2287, 1396, 2616, 2013, 1535, 2723, 1744, 1757, 
2720, 1368, 2534, 2143, 1458, 2686, 1867, 1647, 2736, 1619, 
1899, 2673, 1441, 2176, 2510, 1365, 2435, 1726, 1776, 2715, 
1512, 2048, 2596, 1387, 2322, 2387, 1371, 2548, 2121, 1470, 
2694, 1844, 1665, 2493, 1365, 2451, 2248, 1411, 2638, 1971, 
1563, 2731, 1709, 1796, 2710, 1500, 2071, 2584, 1382, 2703, 
1826, 1683, 2734, 1587, 1940, 2654, 1423, 2218, 2478, 1362, 
2468, 2228, 1420, 2652, 1950, 2090, 2571, 1377, 2360, 2351, 
1378, 2576, 2079, 1492, 2708, 1806, 1698, 2732, 1569, 1961, 
2644, 1427, 2659, 1929, 1595, 2736, 1672, 1836, 2700, 1475, 
2112, 2558, 1372, 2377, 2332, 1383, 2591, 1555, 1981, 2633, 
1408, 2258, 2443, 1364, 2502, 2188, 1436, 2668, 1910, 1611, 
2736, 1656, 1855, 2311, 1388, 2604, 2036, 1519, 2718, 1767, 
1734, 2725, 1542, 2002, 2623, 1401, 2280, 2426, 1367, 2737, 
1638, 1876, 2683, 1454, 2153, 2526, 1368, 2414, 2293, 1395, 
2615, 2016, 1532, 2723, 1747, 2298, 2408, 1367, 2531, 2146, 
1457, 2685, 1869, 1648, 2737, 1621, 1896, 2675, 1443, 2174, 
2511, 1546, 2727, 1728, 1774, 2716, 1514, 2044, 2599, 1388, 
2319, 2394, 1371, 2546, 2124, 1468, 2692, 1432, 2194, 2496, 
1364, 2447, 2252, 1409, 2637, 1974, 1561, 2729, 1709, 1793, 
2712, 1502, 2065, 2103, 1479, 2700, 1827, 1679, 2734, 1589, 
1937, 2654, 1423, 2216, 2480, 1363, 2465, 2232, 1417, 2704, 
1489, 2087, 2573, 1376, 2358, 2353, 1379, 2575, 2083, 1491, 
2707, 1809, 1697, 2733, 1573, 2483, 2211, 1426, 2657, 1934, 
1592, 2736, 1676, 1833, 2699, 1478, 2107, 2558, 1374, 2375, 
2334, 1714, 2729, 1557, 1977, 2635, 1408, 2256, 2446, 1363, 
2497, 2190, 1435, 2666, 1912, 1607, 2736, 1372, 2393, 2314, 
1386, 2600, 2041, 1516, 2718, 1770, 1732, 2726, 1542, 1999, 
2623, 1401, 2275, 1892, 1624, 2736, 1640, 1873, 2684, 1455, 
2150, 2529, 1368, 2412, 2295, 1395, 2611, 2022, 1530, 2612, 
1395, 2295, 2412, 1368, 2528, 2150, 1455, 2684, 1872, 1640, 
2736, 1624, 1891, 2675, 1444, 2624, 1999, 1544, 2726, 1731, 
1769, 2716, 1517, 2040, 2600, 1388, 2316, 2393, 1370, 2542, 
2128, 1913, 2667, 1435, 2191, 2498, 1363, 2445, 2255, 1408, 
2636, 1977, 1558, 2729, 1713, 1790, 2712, 1374, 2559, 2107, 
1475, 2699, 1831, 1676, 2735, 1591, 1933, 2657, 1425, 2211, 
2483, 1363, 2464, 1695, 1810, 2706, 1491, 2083, 2575, 1375, 
2355, 2357, 1377, 2573, 2087, 1490, 2705, 1811, 1694, 2467, 
1364, 2480, 2215, 1425, 2656, 1936, 1590, 2736, 1678, 1676, 
1827, 2697, 1477, 2102, 2559, 1499, 2708, 1790, 1712, 2727, 
1560, 1972, 2635, 1408, 2249, 2447, 1362, 2494, 2192, 1433, 
2662, 1467, 2123, 2544, 1370, 2388, 2317, 1387, 2596, 2043, 
1513, 2715, 1772, 1728, 2724, 1545, 1995, 2172, 1442, 2672, 
1895, 1623, 2735, 1644, 1867, 2684, 1455, 2144, 2530, 1367, 
2407, 2298, 1392, 2719, 1531, 2015, 2612, 1393, 2291, 2412, 
1366, 2526, 2151, 1453, 2681, 1874, 1638, 2735, 1627, 2423, 
2277, 1398, 2620, 2003, 1541, 2725, 1735, 1766, 2716, 1518, 
2036, 2601, 1389, 2310, 2395, 1653, 2736, 1608, 1907, 2667, 
1436, 2186, 2500, 1363, 2443, 2257, 1406, 2632, 1982, 1555, 
2729, 1380, 2332, 2376, 1372, 2555, 2110, 1475, 2697, 1835, 
1672, 2735, 1592, 1929, 2659, 1427, 2207, 1960, 1570, 2731, 
1699, 1806, 2707, 1492, 2076, 2575, 1379, 2350, 2359, 1376, 
2569, 2088, 1487, 2648, 1419, 2227, 2468, 1363, 2476, 2217, 
1423, 2654, 1940, 1586, 2734, 1680, 1825, 2702, 1481, 2582, 
2069, 1499, 2707, 1795, 1709, 2731, 1564, 1971, 2639, 1411, 
2249, 2452, 1363, 2492, 2198, 1846, 2692, 1469, 2121, 2549, 
1371, 2387, 2320, 1386, 2595, 2048, 1512, 2716, 1776, 1725, 
2726, 1364, 2508, 2177, 1441, 2672, 1899, 1618, 2737, 1648, 
1865, 2686, 1459, 2143, 2534, 1369, 2406, 1758, 1744, 2723, 
1536, 2013, 2616, 1395, 2288, 2417, 1367, 2524, 2157, 1451, 
2681, 1879, 1635, 2519, 1367, 2423, 2281, 1399, 2620, 2005, 
1540, 2725, 1739, 1764, 2719, 1520, 2033, 2605, 1390, 2689, 
1859, 1653, 2736, 1612, 1905, 2670, 1439, 2184, 2504, 1366, 
2439, 2262, 1407, 2631, 1985, 2055, 2592, 1385, 2329, 2382, 
1372, 2554, 2114, 1473, 2696, 1839, 1672, 2735, 1596, 1927, 
2661, 1414, 2640, 1964, 1568, 2731, 1702, 1804, 2707, 1495, 
2076, 2579, 1379, 2348, 2363, 1375, 2567, 1580, 1948, 2651, 
1420, 2224, 2471, 1363, 2472, 2221, 1420, 2652, 1944, 1582, 
2736, 1685, 1823, 2343, 1379, 2582, 2072, 1497, 2710, 1798, 
1705, 2732, 1567, 1968, 2641, 1412, 2247, 2456, 1364, 2736, 
1666, 1842, 2696, 1472, 2119, 2552, 1373, 2383, 2324, 1388, 
2593, 2051, 1510, 2716, 1780, 2265, 2438, 1364, 2505, 2180, 
1440, 2671, 1903, 1615, 2737, 1649, 1862, 2687, 1460, 2140, 
2535, 1524, 2719, 1759, 1743, 2723, 1536, 2009, 2619, 1395, 
2286, 2420, 1367, 2521, 2160, 1449, 2680, 1449, 2160, 2522, 
1367, 2420, 2286, 1398, 2619, 2009, 1537, 2726, 1740, 1762, 
2719, 1522, 2031, 2139, 1460, 2687, 1863, 1648, 2737, 1615, 
1902, 2671, 1439, 2180, 2507, 1365, 2437, 2267, 1405, 2715, 
1509, 2051, 2593, 1385, 2326, 2385, 1373, 2551, 2119, 1470, 
2698, 1841, 1667, 2736, 1599, 2454, 2244, 1412, 2640, 1968, 
1567, 2730, 1705, 1799, 2710, 1497, 2073, 2582, 1380, 2344, 
2366, 1684, 2734, 1584, 1943, 2652, 1420, 2222, 2473, 1362, 
2471, 2224, 1420, 2651, 1946, 1582, 2734, 1376, 2364, 2347, 
1380, 2579, 2076, 1494, 2708, 1801, 1702, 2732, 1568, 1964, 
2643, 1414, 2242, 1928, 1598, 2734, 1668, 1838, 2695, 1473, 
2114, 2554, 1373, 2382, 2328, 1384, 2592, 2055, 1508, 2628, 
1405, 2263, 2439, 1364, 2505, 2184, 1438, 2670, 1905, 1614, 
2736, 1651, 1859, 2688, 1463, 2604, 2033, 1521, 2719, 1763, 
1739, 2724, 1539, 2007, 2620, 1396, 2283, 2425, 1366, 2520, 
2163, 1878, 2681, 1452, 2157, 2524, 1367, 2417, 2288, 1396, 
2616, 2012, 1534, 2723, 1745, 1758, 2720, 1368, 2535, 2142, 
1459, 2687, 1865, 1647, 2737, 1619, 1899, 2672, 1440, 2177, 
2508, 1364, 2435, 1726, 1779, 2715, 1513, 2047, 2595, 1387, 
2322, 2328, 1412, 2687, 1635, 2113, 2555, 1372, 2417, 1726, 
1817, 2673, 1441, 2177, 2510, 1365, 2435, 2270, 1404, 2628, 
1993, 1548, 2727, 1728, 1776, 2388, 1372, 2550, 2123, 1468, 
2695, 1846, 1663, 2735, 1602, 1919, 2664, 1432, 2198, 2494, 
1364, 2730, 1708, 1795, 2710, 1499, 2066, 2584, 1381, 2339, 
2369, 1376, 2564, 2103, 1481, 2702, 1825, 2219, 2478, 1363, 
2468, 2228, 1419, 2649, 1951, 1579, 2734, 1690, 1816, 2705, 
1487, 2090, 2572, 1494, 2707, 1804, 1699, 2732, 1571, 1956, 
2643, 1414, 2238, 2461, 1363, 2486, 2209, 1428, 2659, 1475, 
2111, 2556, 1372, 2377, 2332, 1383, 2590, 2059, 1505, 2713, 
1786, 1718, 2729, 1556, 1980, 2187, 1436, 2665, 1909, 1611, 
2737, 1655, 1855, 2691, 1464, 2131, 2542, 1370, 2396, 2312, 
1389, 2726, 1540, 2003, 2624, 1400, 2279, 2428, 1366, 2516, 
2168, 1446, 2676, 1891, 1627, 2739, 1637, 2412, 2294, 1395, 
2616, 2017, 1532, 2723, 1749, 1755, 2720, 1528, 2022, 2609, 
1393, 2299, 2408, 1644, 2737, 1622, 1896, 2675, 1444, 2174, 
2513, 1364, 2429, 2272, 1400, 2627, 1997, 1547, 2726, 1388, 
2318, 2391, 1371, 2545, 2126, 1467, 2693, 1849, 1660, 2736, 
1606, 1916, 2665, 1433, 2195, 1975, 1561, 2730, 1714, 1793, 
2712, 1503, 2064, 2587, 1383, 2339, 2373, 1375, 2561, 2105, 
1479, 2656, 1424, 2215, 2480, 1363, 2467, 2232, 1417, 2647, 
1955, 1577, 2734, 1694, 1812, 2707, 1492, 2575, 2084, 1491, 
2707, 1810, 1696, 2734, 1573, 1956, 2646, 1416, 2236, 2465, 
1364, 2483, 2213, 1832, 2700, 1477, 2107, 2559, 1374, 2375, 
2335, 1383, 2588, 2063, 1506, 2712, 1792, 1715, 2728, 1364, 
2497, 2191, 1435, 2665, 1913, 1608, 2736, 1659, 1852, 2692, 
1467, 2127, 2544, 1371, 2393, 1771, 1732, 2726, 1543, 2001, 
2624, 1400, 2278, 2432, 1368, 2514, 2172, 1446, 2675, 1895, 
1624, 2530, 1368, 2410, 2296, 1394, 2612, 2019, 1530, 2723, 
1752, 1752, 2723, 1529, 2019, 2612, 1394, 2683, 1871, 1638, 
2736, 1624, 1890, 2677, 1444, 2171, 2515, 1366, 2428, 2276, 
1401, 2623, 2000, 2040, 2601, 1390, 2316, 2395, 1371, 2544, 
2129, 1467, 2692, 1853, 1657, 2736, 1607, 1914, 2667, 1411, 
2633, 1979, 1560, 2729, 1715, 1790, 2712, 1503, 2062, 2588, 
1383, 2334, 2375, 1373, 2559, 1592, 1932, 2656, 1424, 2211, 
2483, 1363, 2463, 2234, 1416, 2643, 1957, 1573, 2732, 1697, 
1809, 2356, 1377, 2573, 2087, 1489, 2705, 1813, 1692, 2733, 
1576, 1953, 2647, 1418, 2232, 2466, 1362, 2735, 1680, 1827, 
2700, 1479, 2104, 2560, 1373, 2369, 2340, 1382, 2585, 2065, 
1502, 2712, 1793, 2252, 2449, 1363, 2496, 2194, 1433, 2665, 
1916, 1605, 2736, 1662, 1848, 2692, 1468, 2124, 2547, 1513, 
2718, 1774, 1729, 2726, 1546, 1993, 2627, 1403, 2272, 2432, 
1366, 2511, 2173, 1443, 2672, 1457, 2145, 2531, 1369, 2407, 
2299, 1393, 2609, 2023, 1527, 2721, 1755, 1747, 2720, 1531, 
2015, 2151, 1453, 2683, 1876, 1638, 2736, 1627, 1888, 2677, 
1446, 2166, 2517, 1366, 2425, 2280, 1400, 2718, 1519, 2035, 
2601, 1390, 2311, 2398, 1369, 2540, 2132, 1464, 2689, 1858, 
1655, 2736, 1609, 2442, 2259, 1406, 2633, 1982, 1556, 2728, 
1719, 1787, 2713, 1506, 2058, 2591, 1383, 2331, 2377, 1672, 
2735, 1593, 1929, 2657, 1427, 2206, 2488, 1363, 2460, 2237, 
1414, 2643, 1960, 1570, 2732, 1379, 2351, 2360, 1376, 2571, 
2089, 1487, 2704, 1816, 1689, 2732, 1579, 1950, 2649, 1419, 
2227, 1939, 1585, 2735, 1682, 1825, 2701, 1480, 2100, 2563, 
1375, 2367, 2340, 1384, 2584, 2070, 1500, 2639, 1410, 2248, 
2452, 1364, 2492, 2198, 1432, 2663, 1919, 1603, 2738, 1664, 
1846, 2695, 2699, 1379, 2581, 2068, 1497, 2707, 1795, 1707, 
2729, 1563, 1968, 2637, 1409, 2246, 2451, 1363, 2489, 1664, 
1842, 2694, 1468, 2118, 2547, 1371, 2384, 2320, 1384, 2593, 
2046, 1511, 2713, 1776, 1724, 2433, 1363, 2507, 2175, 1440, 
2670, 1899, 1616, 2734, 1646, 1864, 2684, 1457, 2140, 2534, 
1369, 2719, 1758, 1744, 2723, 1533, 2009, 2616, 1396, 2287, 
2419, 1366, 2523, 2156, 1451, 2680, 1879, 2160, 2519, 1367, 
2422, 2281, 1398, 2620, 2005, 1537, 2724, 1738, 1763, 2716, 
1521, 2031, 2604, 1462, 2688, 1859, 1651, 2735, 1613, 1904, 
2670, 1438, 2183, 2504, 1364, 2438, 2263, 1404, 2631, 1507, 
2053, 2591, 1385, 2328, 2383, 1371, 2552, 2115, 1472, 2695, 
1839, 1671, 2735, 1596, 1924, 2241, 1413, 2641, 1964, 1567, 
2731, 1703, 1802, 2710, 1495, 2075, 2579, 1379, 2347, 2366, 
1376, 2731, 1582, 1945, 2652, 1420, 2223, 2472, 1363, 2473, 
2222, 1421, 2651, 1943, 1583, 2734, 1685, 2364, 2344, 1380, 
2580, 2073, 1497, 2708, 1800, 1704, 2729, 1566, 1966, 2643, 
1411, 2246, 2456, 1600, 2735, 1668, 1841, 2696, 1472, 2115, 
2552, 1372, 2383, 2326, 1385, 2595, 2052, 1510, 2715, 1406, 
2265, 2438, 1364, 2507, 2181, 1439, 2668, 1902, 1615, 2737, 
1651, 1861, 2688, 1460, 2139, 2031, 1523, 2719, 1761, 1742, 
2723, 1536, 2007, 2619, 1398, 2284, 2420, 1367, 2520, 2160, 
1449, 2679, 1450, 2156, 2522, 1366, 2421, 2288, 1397, 2619, 
2011, 1537, 2723, 1743, 1760, 2719, 1523, 2536, 2140, 1459, 
2687, 1863, 1648, 2736, 1616, 1900, 2671, 1440, 2179, 2507, 
1365, 2436, 2267, 1779, 2716, 1511, 2049, 2595, 1386, 2324, 
2385, 1372, 2552, 2117, 1472, 2696, 1844, 1666, 2736, 1363, 
2453, 2243, 1411, 2639, 1968, 1566, 2729, 1708, 1799, 2711, 
1497, 2072, 2583, 1383, 2343, 1822, 1683, 2734, 1584, 1943, 
2652, 1420, 2222, 2475, 1363, 2471, 2224, 1419, 2650, 1949, 
1580, 2568, 1376, 2363, 2348, 1379, 2579, 2078, 1494, 2707, 
1802, 1699, 2732, 1569, 1963, 2643, 1414, 2660, 1927, 1596, 
2736, 1670, 1839, 2697, 1473, 2113, 2555, 1373, 2380, 2330, 
1384, 2591, 2056, 1984, 2630, 1407, 2264, 2441, 1364, 2503, 
2184, 1438, 2670, 1907, 1614, 2736, 1652, 1857, 2689, 1390, 
2604, 2034, 1520, 2719, 1764, 1738, 2724, 1540, 2003, 2618, 
1399, 2283, 2426, 1366, 2520, 1636, 1877, 2684, 1452, 2155, 
2524, 1366, 2416, 2288, 1395, 2616, 2014, 1533, 2724, 1747, 
1757, 2407, 1368, 2531, 2144, 1458, 2686, 1867, 1646, 2735, 
1620, 1899, 2673, 1443, 2177, 2510, 1365, 2727, 1727, 1776, 
2718, 1511, 2044, 2598, 1387, 2321, 2388, 1372, 2548, 2124, 
1468, 2694, 1846, 2197, 2492, 1364, 2452, 2248, 1411, 2639, 
1972, 1564, 2731, 1710, 1798, 2712, 1500, 2067, 2585, 1480, 
2700, 1826, 1681, 2735, 1587, 1939, 2656, 1424, 2219, 2478, 
1363, 2469, 2228, 1418, 2651, 1487, 2088, 2572, 1376, 2359, 
2350, 1379, 2576, 2080, 1493, 2707, 1807, 1699, 2734, 1572, 
1959, 2207, 1425, 2657, 1929, 1593, 2736, 1673, 1836, 2699, 
1478, 2110, 2556, 1372, 2376, 2332, 1384, 2728, 1555, 1981, 
2635, 1407, 2259, 2446, 1364, 2501, 2188, 1436, 2668, 1910, 
1609, 2739, 1655, 2396, 2315, 1389, 2603, 2038, 1518, 2721, 
1768, 1735, 2726, 1543, 2000, 2623, 1394, 2280, 2424, 1627, 
2737, 1639, 1875, 2682, 1453, 2151, 2528, 1367, 2414, 2294, 
1395, 2614, 2017, 1532, 2726, 1395, 2297, 2409, 1368, 2531, 
2147, 1456, 2685, 1871, 1643, 2736, 1622, 1894, 2675, 1443, 
2172, 1995, 1545, 2727, 1730, 1775, 2717, 1515, 2044, 2599, 
1388, 2317, 2388, 1370, 2547, 2063, 1532, 2463, 1404, 2668, 
1891, 1642, 2736, 1606, 1935, 2558, 1375, 2373, 2335, 1383, 
2588, 2063, 1504, 2635, 1408, 2255, 2446, 1364, 2499, 2191, 
1436, 2665, 1912, 1608, 2736, 1658, 1855, 2689, 1464, 2600, 
2040, 1517, 2716, 1769, 1733, 2724, 1543, 1998, 2624, 1401, 
2276, 2428, 1366, 2515, 2169, 1872, 2683, 1454, 2150, 2528, 
1369, 2411, 2295, 1392, 2611, 2019, 1530, 2722, 1752, 1753, 
2723, 1368, 2531, 2147, 1455, 2684, 1871, 1640, 2736, 1624, 
1893, 2675, 1444, 2171, 2513, 1365, 2432, 1731, 1772, 2716, 
1516, 2040, 2600, 1388, 2316, 2394, 1371, 2544, 2127, 1465, 
2691, 1851, 1657, 2499, 1363, 2447, 2254, 1408, 2636, 1977, 
1559, 2729, 1712, 1790, 2712, 1504, 2062, 2588, 1383, 2702, 
1832, 1676, 2733, 1591, 1932, 2657, 1425, 2212, 2483, 1363, 
2463, 2233, 1417, 2647, 1956, 2083, 2576, 1379, 2355, 2355, 
1377, 2572, 2084, 1488, 2705, 1812, 1693, 2732, 1575, 1953, 
2646, 1425, 2656, 1935, 1590, 2733, 1678, 1828, 2700, 1479, 
2104, 2560, 1372, 2372, 2336, 1382, 2586, 1559, 1975, 2637, 
1411, 2253, 2448, 1365, 2496, 2195, 1433, 2665, 1915, 1606, 
2736, 1661, 1851, 2319, 1386, 2599, 2044, 1515, 2716, 1773, 
1731, 2727, 1545, 1996, 2623, 1403, 2273, 2431, 1366, 2736, 
1660, 1849, 2693, 1467, 2124, 2547, 1372, 2391, 2319, 1388, 
2599, 2044, 1515, 2716, 1773, 2273, 2432, 1364, 2510, 2172, 
1443, 2673, 1899, 1622, 2735, 1643, 1868, 2684, 1457, 2144, 
2532, 1528, 2718, 1753, 1749, 2722, 1532, 2015, 2615, 1395, 
2292, 2412, 1367, 2527, 2152, 1452, 2684, 1446, 2166, 2516, 
1366, 2425, 2278, 1398, 2623, 2003, 1541, 2727, 1736, 1768, 
2718, 1519, 2036, 2131, 1462, 2689, 1855, 1656, 2737, 1609, 
1909, 2668, 1435, 2188, 2502, 1364, 2443, 2255, 1407, 2715, 
1505, 2057, 2591, 1385, 2332, 2379, 1371, 2555, 2109, 1473, 
2696, 1835, 1671, 2735, 1593, 2460, 2239, 1414, 2643, 1960, 
1571, 2732, 1699, 1806, 2708, 1492, 2079, 2575, 1379, 2350, 
2360, 1691, 2733, 1578, 1950, 2649, 1420, 2230, 2470, 1363, 
2476, 2217, 1420, 2654, 1940, 1587, 2734, 1375, 2368, 2339, 
1381, 2584, 2066, 1500, 2710, 1793, 1709, 2731, 1563, 1971, 
2638, 1411, 2249, 1920, 1602, 2736, 1664, 1847, 2695, 1471, 
2121, 2550, 1371, 2387, 2321, 1385, 2596, 2047, 1512, 2628, 
1401, 2270, 2436, 1366, 2509, 2176, 1441, 2672, 1900, 1617, 
2736, 1648, 1864, 2687, 1458, 2609, 2024, 1525, 2719, 1757, 
1745, 2723, 1536, 2013, 2618, 1396, 2289, 2417, 1367, 2524, 
2156, 1886, 2679, 1448, 2163, 2521, 1367, 2423, 2282, 1399, 
2619, 2007, 1540, 2725, 1739, 1764, 2719, 1368, 2539, 2135, 
1461, 2689, 1859, 1653, 2736, 1612, 1905, 2672, 1438, 2183, 
2505, 1364, 2440, 1720, 1783, 2713, 1507, 2054, 2593, 1385, 
2328, 2382, 1373, 2556, 2115, 1475, 2698, 1841, 1669, 2488, 
1363, 2458, 2242, 1413, 2642, 1964, 1568, 2732, 1703, 1803, 
2708, 1496, 2075, 2579, 1380, 2703, 1817, 1689, 2734, 1582, 
1947, 2651, 1421, 2224, 2471, 1361, 2473, 2222, 1420, 2652, 
1943, 2094, 2566, 1377, 2366, 2344, 1380, 2580, 2073, 1497, 
2712, 1799, 1706, 2731, 1566, 1968, 2642, 1431, 2663, 1923, 
1600, 2736, 1667, 1842, 2696, 1472, 2118, 2552, 1372, 2384, 
2323, 1385, 2593, 1552, 1988, 2630, 1404, 2266, 2438, 1364, 
2508, 2179, 1439, 2670, 1903, 1615, 2735, 1648, 1860, 2303, 
1390, 2606, 2030, 1523, 2720, 1757, 1743, 2727, 1537, 2008, 
2619, 1396, 2284, 2420, 1366, 2736, 1632, 1884, 2680, 1449, 
2159, 2524, 1367, 2420, 2285, 1398, 2617, 2009, 1537, 2727, 
1742, 2307, 2403, 1371, 2537, 2136, 2158, 1447, 2677, 1880, 
1631, 2734, 1631, 1880, 2678, 1448, 2151, 2008, 1536, 2723, 
1740, 1760, 2718, 1522, 2025, 2605, 1389, 2302, 2401, 1368, 
2532, 2138, 1459, 2670, 1439, 2177, 2504, 1364, 2436, 2264, 
1403, 2627, 1987, 1551, 2727, 1723, 1779, 2714, 1508, 2548, 
2117, 1470, 2694, 1841, 1665, 2733, 1599, 1920, 2660, 1431, 
2199, 2490, 1362, 2452, 2242, 1799, 2708, 1496, 2070, 2579, 
1380, 2341, 2364, 1374, 2563, 2096, 1480, 2701, 1824, 1684, 
2732, 1362, 2470, 2224, 1419, 2649, 1945, 1579, 2733, 1686, 
1817, 2703, 1485, 2092, 2568, 1376, 2361, 1801, 1702, 2732, 
1568, 1962, 2641, 1414, 2241, 2457, 1361, 2486, 2205, 1429, 
2660, 1924, 1595, 2553, 1372, 2379, 2328, 1384, 2591, 2054, 
1507, 2715, 1784, 1720, 2727, 1553, 1983, 2631, 1405, 2668, 
1905, 1612, 2736, 1651, 1857, 2689, 1459, 2135, 2541, 1369, 
2400, 2310, 1389, 2605, 2034, 2005, 2622, 1398, 2280, 2424, 
1364, 2519, 2163, 1448, 2678, 1887, 1629, 2736, 1634, 1878, 
2681, 1395, 2616, 2015, 1533, 2723, 1745, 1756, 2719, 1526, 
2024, 2609, 1392, 2301, 2404, 1368, 2533, 1620, 1897, 2672, 
1443, 2175, 2510, 1364, 2433, 2270, 1403, 2627, 1992, 1551, 
2727, 1727, 1775, 2387, 1372, 2547, 2120, 1468, 2693, 1846, 
1662, 2736, 1601, 1918, 2662, 1431, 2198, 2494, 1363, 2730, 
1709, 1795, 2711, 1499, 2067, 2584, 1377, 2342, 2369, 1373, 
2562, 2100, 1481, 2700, 1824, 2217, 2476, 1363, 2468, 2228, 
1418, 2648, 1951, 1576, 2734, 1695, 1815, 2706, 1486, 2087, 
2572, 1492, 2707, 1806, 1697, 2732, 1572, 1960, 2644, 1415, 
2239, 2461, 1362, 2483, 2208, 1426, 2659, 1475, 2111, 2556, 
1372, 2375, 2331, 1383, 2590, 2059, 1504, 2714, 1787, 1716, 
2729, 1555, 1979, 2188, 1435, 2667, 1910, 1611, 2736, 1655, 
1855, 2691, 1464, 2130, 2543, 1370, 2398, 2313, 1390, 2724, 
1542, 2001, 2623, 1399, 2278, 2426, 1364, 2515, 2166, 1444, 
2676, 1892, 1627, 2737, 1638, 2415, 2293, 1395, 2614, 2016, 
1532, 2723, 1748, 1754, 2721, 1528, 2020, 2612, 1393, 2297, 
2408, 1643, 2736, 1621, 1895, 2675, 1443, 2172, 2513, 1365, 
2432, 2273, 1401, 2626, 1996, 1546, 2728, 1388, 2318, 2392, 
1371, 2547, 2127, 1468, 2695, 1848, 1661, 2736, 1604, 1916, 
2666, 1435, 2195, 1975, 1561, 2731, 1711, 1792, 2713, 1502, 
2064, 2587, 1383, 2337, 2371, 1374, 2559, 2104, 1478, 2656, 
1424, 2212, 2480, 1361, 2467, 2232, 1416, 2647, 1952, 1575, 
2732, 1692, 1811, 2705, 1489, 2575, 2083, 1491, 2705, 1809, 
1695, 2732, 1574, 1958, 2647, 1415, 2236, 2464, 1364, 2482, 
2212, 1831, 2700, 1477, 2107, 2559, 1373, 2375, 2335, 1381, 
2588, 2065, 1503, 2711, 1790, 1714, 2728, 1363, 2498, 2191, 
1435, 2667, 1912, 1607, 2736, 1657, 1852, 2691, 1468, 2129, 
2545, 1371, 2393, 1768, 1733, 2727, 1544, 1999, 2625, 1403, 
2276, 2430, 1365, 2516, 2171, 1446, 2675, 1894, 1624, 2531, 
1366, 2412, 2297, 1393, 2611, 2018, 1531, 2721, 1752, 1750, 
2720, 1529, 2017, 2612, 1395, 2682, 1872, 1641, 2737, 1624, 
1892, 2675, 1444, 2168, 2516, 1366, 2430, 2275, 1402, 2623, 
2000, 2040, 2602, 1389, 2316, 2395, 1369, 2544, 2129, 1466, 
2691, 1852, 1656, 2736, 1610, 1912, 2667, 1408, 2636, 1977, 
1558, 2728, 1715, 1790, 2712, 1503, 2060, 2588, 1382, 2332, 
2375, 1372, 2559, 1591, 1932, 2659, 1426, 2211, 2482, 1363, 
2462, 2236, 1417, 2646, 1956, 1573, 2732, 1697, 1809, 2355, 
1378, 2572, 2087, 1488, 2705, 1811, 1694, 2735, 1576, 1953, 
2649, 1416, 2232, 2467, 1363, 2735, 1678, 1827, 2692, 1408, 
2371, 2151, 1574, 2737, 1591, 1973, 2625, 1395, 2313, 2278, 
1400, 2719, 1518, 2039, 2603, 1390, 2311, 2395, 1369, 2540, 
2129, 1465, 2691, 1855, 1652, 2739, 1609, 2444, 2259, 1407, 
2633, 1980, 1556, 2728, 1716, 1788, 2714, 1505, 2059, 2589, 
1383, 2332, 2375, 1673, 2735, 1593, 1931, 2659, 1427, 2211, 
2486, 1363, 2462, 2238, 1417, 2646, 1959, 1570, 2732, 1378, 
2352, 2359, 1377, 2569, 2088, 1487, 2704, 1814, 1691, 2732, 
1579, 1952, 2652, 1417, 2229, 1937, 1587, 2735, 1680, 1825, 
2700, 1479, 2099, 2563, 1375, 2371, 2340, 1382, 2584, 2067, 
1500, 2639, 1410, 2252, 2451, 1363, 2496, 2200, 1430, 2663, 
1918, 1604, 2736, 1663, 1846, 2695, 1469, 2598, 2047, 1515, 
2713, 1775, 1728, 2727, 1548, 1992, 2627, 1403, 2270, 2434, 
1364, 2510, 2176, 1866, 2688, 1459, 2145, 2535, 1367, 2405, 
2300, 1392, 2608, 2025, 1526, 2722, 1756, 1746, 2723, 1367, 
2526, 2155, 1452, 2683, 1878, 1635, 2737, 1627, 1888, 2678, 
1448, 2163, 2520, 1365, 2424, 1738, 1767, 2719, 1520, 2035, 
2604, 1390, 2307, 2399, 1369, 2540, 2134, 1463, 2691, 1858, 
1652, 2504, 1364, 2441, 2259, 1405, 2632, 1984, 1554, 2728, 
1720, 1785, 2717, 1507, 2054, 2591, 1385, 2696, 1837, 1671, 
2735, 1594, 1926, 2661, 1430, 2205, 2488, 1364, 2459, 2241, 
1414, 2643, 1964, 2077, 2577, 1379, 2348, 2361, 1375, 2568, 
2091, 1487, 2705, 1817, 1688, 2734, 1580, 1947, 2652, 1422, 
2654, 1943, 1584, 2734, 1683, 1823, 2703, 1482, 2097, 2566, 
1375, 2367, 2343, 1381, 2583, 1579, 1948, 2651, 1420, 2225, 
2471, 1364, 2476, 2222, 1422, 2652, 1942, 1586, 2735, 1683, 
1824, 2361, 1376, 2567, 2092, 1485, 2702, 1818, 1688, 2734, 
1582, 1947, 2652, 1420, 2227, 2472, 1362, 2732, 1703, 1803, 
2708, 1496, 2078, 2579, 1380, 2348, 2364, 1376, 2567, 2093, 
1485, 2703, 1818, 2204, 2488, 1363, 2457, 2243, 1412, 2642, 
1964, 1566, 2732, 1703, 1800, 2709, 1495, 2076, 2582, 1484, 
2703, 1819, 1686, 2734, 1582, 1944, 2652, 1420, 2224, 2471, 
1363, 2473, 2223, 1421, 2652, 1484, 2096, 2566, 1376, 2365, 
2344, 1381, 2579, 2073, 1496, 2708, 1799, 1705, 2730, 1567, 
1966, 2203, 1431, 2661, 1923, 1599, 2736, 1668, 1841, 2696, 
1472, 2117, 2552, 1372, 2384, 2327, 1386, 2728, 1551, 1988, 
2629, 1406, 2265, 2439, 1364, 2505, 2181, 1439, 2672, 1903, 
1615, 2736, 1648, 2401, 2305, 1390, 2606, 2031, 1521, 2719, 
1761, 1740, 2725, 1537, 2009, 2620, 1398, 2285, 2423, 1631, 
2737, 1633, 1885, 2680, 1450, 2157, 2524, 1368, 2420, 2288, 
1397, 2617, 2011, 1537, 2727, 1392, 2304, 2403, 1369, 2535, 
2140, 1460, 2687, 1862, 1648, 2736, 1617, 1902, 2672, 1440, 
2178, 1988, 1552, 2726, 1724, 1778, 2715, 1511, 2050, 2595, 
1386, 2323, 2383, 1372, 2548, 2120, 1469, 2663, 1430, 2199, 
2494, 1363, 2456, 2246, 1410, 2640, 1968, 1564, 2729, 1706, 
1799, 2711, 1497, 2564, 2097, 1482, 2702, 1822, 1683, 2734, 
1584, 1943, 2653, 1422, 2220, 2475, 1363, 2471, 2225, 1818, 
2707, 1486, 2092, 2568, 1376, 2359, 2348, 1379, 2575, 2076, 
1494, 2708, 1801, 1700, 2732, 1363, 2488, 2207, 1428, 2659, 
1927, 1597, 2735, 1670, 1837, 2697, 1476, 2112, 2555, 1373, 
2381, 1784, 1720, 2728, 1555, 1984, 2631, 1406, 2261, 2441, 
1364, 2503, 2184, 1437, 2669, 1906, 1612, 2539, 1372, 2399, 
2310, 1389, 2604, 2033, 1519, 2719, 1767, 1737, 2725, 1539, 
2005, 2622, 1399, 2679, 1886, 1629, 2736, 1635, 1878, 2681, 
1452, 2156, 2527, 1367, 2417, 2288, 1396, 2616, 2014, 2025, 
2609, 1392, 2300, 2408, 1366, 2534, 2144, 1457, 2685, 1865, 
1885, 1627, 2734, 1635, 1876, 2288, 1395, 2614, 2013, 1533, 
2721, 1744, 1756, 2719, 1524, 2023, 2608, 1392, 2296, 2404, 
1369, 2735, 1617, 1895, 2672, 1441, 2174, 2510, 1365, 2432, 
2268, 1401, 2624, 1991, 1547, 2725, 1727, 2319, 2386, 1369, 
2547, 2122, 1469, 2692, 1845, 1660, 2735, 1601, 1914, 2663, 
1432, 2196, 2494, 1561, 2729, 1710, 1794, 2709, 1500, 2066, 
2583, 1381, 2336, 2369, 1374, 2559, 2101, 1479, 2700, 1424, 
2215, 2479, 1362, 2467, 2229, 1418, 2647, 1950, 1576, 2732, 
1691, 1812, 2703, 1487, 2086, 2079, 1491, 2704, 1805, 1697, 
2731, 1572, 1958, 2643, 1415, 2235, 2461, 1363, 2484, 2209, 
1425, 2697, 1476, 2111, 2556, 1373, 2375, 2332, 1383, 2588, 
2060, 1504, 2712, 1788, 1715, 2727, 1558, 2499, 2188, 1435, 
2667, 1909, 1608, 2736, 1655, 1854, 2691, 1464, 2131, 2542, 
1369, 2392, 2311, 1735, 2724, 1539, 1998, 2622, 1400, 2276, 
2428, 1366, 2515, 2167, 1445, 2677, 1889, 1627, 2737, 1368, 
2412, 2294, 1395, 2612, 2017, 1531, 2720, 1750, 1753, 2721, 
1527, 2020, 2608, 1395, 2296, 1870, 1643, 2736, 1622, 1895, 
2673, 1444, 2171, 2513, 1366, 2430, 2272, 1401, 2624, 1996, 
1546, 2599, 1390, 2316, 2392, 1368, 2544, 2126, 1468, 2691, 
1849, 1659, 2736, 1605, 1915, 2665, 1435, 2636, 1976, 1559, 
2729, 1712, 1792, 2713, 1502, 2063, 2587, 1383, 2336, 2371, 
1373, 2556, 2107, 1935, 2656, 1427, 2214, 2482, 1363, 2464, 
2233, 1415, 2647, 1955, 1575, 2732, 1695, 1811, 2707, 1377, 
2574, 2084, 1489, 2705, 1807, 1694, 2732, 1577, 1955, 2648, 
1416, 2235, 2463, 1362, 2481, 1694, 1810, 2707, 1490, 2084, 
2574, 1377, 2355, 2356, 1377, 2572, 2084, 1491, 2704, 1811, 
1693, 2464, 1366, 2481, 2212, 1424, 2656, 1935, 1590, 2735, 
1678, 1830, 2700, 1479, 2105, 2559, 1374, 2712, 1792, 1712, 
2729, 1560, 1976, 2636, 1408, 2254, 2448, 1364, 2495, 2192, 
1436, 2663, 1915, 2124, 2544, 1371, 2393, 2315, 1387, 2598, 
2042, 1514, 2717, 1772, 1729, 2726, 1545, 1996, 2625, 1444, 
2675, 1893, 1624, 2737, 1643, 1870, 2686, 1457, 2146, 2531, 
1367, 2408, 2296, 1395, 2610, 1531, 2017, 2614, 1395, 2294, 
2413, 1367, 2528, 2151, 1456, 2685, 1871, 1639, 2737, 1625, 
1891, 2278, 1401, 2622, 2001, 1543, 2727, 1732, 1767, 2719, 
1517, 2039, 2602, 1390, 2312, 2395, 1371, 2737, 1608, 1911, 
2668, 1436, 2190, 2500, 1364, 2444, 2259, 1407, 2633, 1980, 
1558, 2729, 1716, 2332, 2377, 1374, 2553, 2110, 1476, 2699, 
1833, 1673, 2736, 1592, 1932, 2659, 1427, 2209, 2484, 1571, 
2732, 1697, 1807, 2707, 1491, 2080, 2576, 1377, 2352, 2359, 
1377, 2569, 2090, 1487, 2703, 1419, 2230, 2468, 1363, 2479, 
2217, 1424, 2654, 1938, 1588, 2736, 1680, 1825, 2701, 1480, 
2101, 2067, 1500, 2711, 1795, 1710, 2729, 1563, 1972, 2638, 
1410, 2250, 2452, 1364, 2494, 2196, 1433, 2694, 1470, 2123, 
2548, 1372, 2390, 2320, 1386, 2596, 2046, 1513, 2718, 1775, 
1728, 2727, 1548, 2511, 2175, 1443, 2674, 1898, 1619, 2737, 
1644, 1866, 2687, 1457, 2144, 2534, 1369, 2407, 2300, 1746, 
2723, 1533, 2014, 2615, 1396, 2289, 2416, 1368, 2526, 2155, 
1454, 2683, 1878, 1637, 2737, 1368, 2428, 2281, 1399, 2621, 
2004, 1540, 2725, 1739, 1766, 2719, 1520, 2035, 2604, 1391, 
2310, 1857, 1653, 2736, 1611, 1907, 2668, 1439, 2185, 2502, 
1364, 2441, 2260, 1403, 2631, 1984, 1554, 2592, 1381, 2328, 
2380, 1372, 2553, 2111, 1473, 2697, 1836, 1671, 2735, 1596, 
1928, 2660, 1429, 2643, 1962, 1570, 2731, 1702, 1803, 2710, 
1497, 2076, 2564, 1361, 2569, 1920, 1823, 2695, 1448, 2654, 
1941, 1601, 2735, 1596, 1927, 2660, 1428, 2207, 2487, 1363, 
2459, 2241, 1414, 2641, 1963, 2078, 2579, 1377, 2348, 2360, 
1379, 2567, 2094, 1486, 2703, 1818, 1688, 2734, 1581, 1948, 
2651, 1423, 2652, 1943, 1584, 2732, 1683, 1822, 2703, 1483, 
2097, 2564, 1376, 2366, 2343, 1380, 2584, 1565, 1967, 2639, 
1411, 2247, 2453, 1362, 2491, 2200, 1431, 2663, 1921, 1599, 
2736, 1665, 1841, 2323, 1384, 2593, 2047, 1512, 2715, 1780, 
1725, 2727, 1551, 1988, 2630, 1404, 2268, 2435, 1364, 2736, 
1649, 1863, 2687, 1460, 2139, 2535, 1368, 2403, 2304, 1392, 
2606, 2029, 1524, 2720, 1760, 2265, 2438, 1363, 2505, 2181, 
1439, 2668, 1901, 1615, 2737, 1649, 1862, 2687, 1460, 2139, 
2535, 1524, 2720, 1763, 1739, 2723, 1536, 2007, 2620, 1397, 
2286, 2420, 1367, 2521, 
END
Manual trigger reset! Waiting for next signal...
reset bools done, waiting for next trigger...
Trigger at idx=8191 raw=2729
Capture ready: pre-trigger + post-trigger window complete.
TRIGGER TYPE IS: RISING
Sample threshold is: 2048

----DEBUG INFO----
Core: 0, Trigger: 8191, Size: 16384
START
0, 1445, 2299, 1619, 1760, 2412, 1342, 2313, 2400, 1344, 
2337, 2381, 1346, 2360, 2367, 1343, 2371, 2354, 1353, 2395, 
2328, 1600, 2687, 1771, 1615, 2697, 1758, 1639, 2710, 1743, 
1660, 2712, 1720, 1670, 2703, 1697, 1688, 2488, 1365, 2247, 
2479, 1364, 2272, 2465, 1360, 2289, 2438, 1345, 2303, 2430, 
1359, 2325, 2420, 1550, 2689, 1862, 1554, 2689, 1837, 1567, 
2697, 1821, 1590, 2705, 1807, 1612, 2716, 1786, 1625, 2553, 
1388, 2165, 2539, 1390, 2195, 2532, 1388, 2215, 2520, 1370, 
2233, 2496, 1366, 2247, 2484, 1486, 2660, 1945, 1507, 2678, 
1934, 1521, 2684, 1911, 1532, 2687, 1887, 1545, 2694, 1865, 
1561, 2616, 1426, 2087, 2596, 1415, 2107, 2587, 1408, 2132, 
2579, 1404, 2156, 2572, 1401, 2179, 2552, 1442, 2626, 2033, 
1450, 2638, 2011, 1463, 2651, 1998, 1484, 2668, 1984, 1499, 
2674, 1958, 1508, 2659, 1469, 2003, 2652, 1464, 2020, 2643, 
1449, 2046, 2626, 1438, 2066, 2617, 1431, 2092, 2609, 1414, 
2591, 2132, 1417, 2596, 2103, 1422, 2608, 2076, 1433, 2622, 
2065, 1448, 2639, 2051, 1460, 2699, 1532, 1920, 2687, 1511, 
1932, 2675, 1500, 1961, 2670, 1492, 1991, 2667, 1481, 2010, 
2656, 1384, 2531, 2215, 1391, 2549, 2198, 1400, 2564, 2176, 
1404, 2575, 2148, 1410, 2585, 2119, 1415, 2713, 1596, 1843, 
2714, 1584, 1864, 2713, 1562, 1880, 2699, 1545, 1896, 2694, 
1532, 1923, 2692, 1367, 2472, 2303, 1372, 2489, 2281, 1369, 
2499, 2268, 1381, 2524, 2243, 1389, 2535, 2224, 1388, 2727, 
1658, 1752, 2724, 1643, 1781, 2731, 1631, 1807, 2732, 1618, 
1827, 2726, 1593, 1836, 2712, 1358, 2380, 2398, 1361, 2400, 
2383, 1362, 2417, 2365, 1359, 2439, 2335, 1363, 2451, 2323, 
1368, 2732, 1782, 1651, 2734, 1756, 1661, 2727, 1739, 1679, 
2731, 1722, 1706, 2739, 1703, 1729, 2736, 1376, 2287, 2488, 
1376, 2304, 2471, 1367, 2327, 2456, 1372, 2342, 2436, 1364, 
2362, 2420, 1361, 2716, 1860, 1584, 2723, 1844, 1599, 2726, 
1818, 1611, 2723, 1792, 1624, 2727, 1779, 1636, 2733, 1407, 
2203, 2558, 1404, 2228, 2540, 1387, 2247, 2523, 1377, 2263, 
2502, 1371, 2279, 2487, 1369, 2687, 1947, 1525, 2700, 1927, 
1541, 2706, 1902, 1550, 2703, 1878, 1572, 2713, 1867, 1585, 
2723, 1435, 2115, 2610, 1420, 2137, 2593, 1414, 2160, 2583, 
1406, 2182, 2571, 1399, 2200, 2552, 1384, 2643, 2021, 1466, 
2660, 2012, 1487, 2675, 1996, 1507, 2684, 1971, 1515, 2690, 
1940, 1521, 2691, 1475, 2030, 2659, 1467, 2055, 2647, 1449, 
2068, 2631, 1435, 2091, 2617, 1430, 2117, 2611, 1422, 2608, 
2119, 1429, 2620, 2096, 1436, 2624, 2071, 1441, 2636, 2053, 
1459, 2647, 2033, 1469, 2659, 1528, 1945, 2692, 1513, 1970, 
2684, 1497, 1984, 2671, 1481, 2001, 2659, 1470, 2031, 2656, 
1469, 2559, 2214, 1405, 2572, 2187, 1408, 2582, 2156, 1408, 
2593, 2139, 1419, 2606, 2123, 1431, 2620, 1591, 1861, 2718, 
1571, 1882, 2712, 1553, 1903, 2707, 1543, 1925, 2702, 1524, 
1937, 2688, 1509, 2481, 2288, 1371, 2500, 2272, 1379, 2523, 
2248, 1386, 2530, 2224, 1391, 2547, 2204, 1395, 2564, 1654, 
1780, 2732, 1636, 1800, 2733, 1619, 1820, 2727, 1600, 1840, 
2722, 1584, 1855, 2718, 1570, 2414, 2374, 1363, 2434, 2353, 
1363, 2456, 2333, 1370, 2470, 2314, 1376, 2492, 2294, 1382, 
2515, 1731, 1703, 2735, 1708, 1715, 2731, 1684, 1734, 2734, 
1672, 1760, 2742, 1663, 1792, 2740, 1642, 2344, 2443, 1361, 
2356, 2428, 1359, 2384, 2409, 1371, 2401, 2392, 1369, 2415, 
2367, 1359, 2432, 1804, 1629, 2731, 1788, 1651, 2740, 1770, 
1663, 2736, 1749, 1679, 2736, 1730, 1701, 2736, 1708, 2258, 
2504, 1376, 2274, 2493, 1372, 2303, 2483, 1375, 2329, 2467, 
1374, 2348, 2444, 1364, 2353, 1887, 1556, 2710, 1868, 1586, 
2726, 1854, 1606, 2730, 1752, 1814, 2695, 1428, 2219, 2494, 
1364, 1392, 2215, 2539, 1377, 2281, 2407, 1366, 2402, 2398, 
1373, 2428, 2379, 1370, 2435, 2349, 1358, 2720, 1776, 1631, 
2721, 1768, 1668, 2743, 1763, 1695, 2751, 1741, 1703, 2739, 
1710, 1711, 2727, 1368, 2268, 2489, 1369, 2300, 2483, 1377, 
2326, 2470, 1374, 2343, 2448, 1369, 2350, 2420, 1371, 2719, 
1875, 1584, 2724, 1852, 1592, 2720, 1825, 1600, 2721, 1803, 
1624, 2730, 1792, 1651, 2740, 1407, 2200, 2556, 1389, 2209, 
2537, 1381, 2237, 2530, 1387, 2267, 2521, 1382, 2284, 2495, 
1367, 2678, 1947, 1511, 2694, 1935, 1543, 2713, 1923, 1560, 
2716, 1894, 1560, 2712, 1863, 1571, 2711, 1433, 2112, 2618, 
1436, 2140, 2606, 1422, 2158, 2587, 1411, 2174, 2569, 1400, 
2195, 2556, 1399, 2652, 2039, 1467, 2652, 2016, 1479, 2671, 
1999, 1496, 2684, 1983, 1515, 2691, 1958, 1517, 2687, 1468, 
2012, 2651, 1454, 2034, 2644, 1456, 2071, 2639, 1454, 2087, 
2627, 1433, 2107, 2612, 1422, 2608, 2131, 1432, 2617, 2107, 
1435, 2623, 2081, 1436, 2631, 2057, 1449, 2649, 2043, 1474, 
2668, 1538, 1942, 2696, 1522, 1951, 2688, 1497, 1972, 2672, 
1487, 1992, 2660, 1476, 2023, 2658, 1470, 2554, 2227, 1404, 
2563, 2195, 1396, 2574, 2165, 1402, 2581, 2141, 1412, 2599, 
2128, 1428, 2616, 1599, 1863, 2721, 1583, 1878, 2719, 1561, 
1895, 2704, 1538, 1904, 2691, 1522, 1924, 2691, 1511, 2483, 
2307, 1383, 2515, 2292, 1392, 2524, 2259, 1380, 2518, 2221, 
1378, 2532, 2209, 1386, 2561, 1666, 1779, 2743, 1648, 1795, 
2732, 1625, 1808, 2726, 1607, 1830, 2726, 1598, 1858, 2727, 
1580, 2416, 2377, 1362, 2422, 2353, 1365, 2446, 2342, 1372, 
2471, 2324, 1370, 2484, 2297, 1373, 2496, 1733, 1689, 2740, 
1712, 1715, 2743, 1697, 1735, 2736, 1678, 1744, 2730, 1658, 
1767, 2734, 1648, 2343, 2463, 1377, 2362, 2439, 1363, 2368, 
2403, 1355, 2380, 2379, 1357, 2407, 2384, 1372, 2439, 1828, 
1635, 2737, 1794, 1643, 2727, 1766, 1644, 2731, 1749, 1670, 
2739, 1739, 1699, 2744, 1722, 2257, 2518, 1376, 2272, 2501, 
1381, 2296, 2484, 1374, 2314, 2463, 1363, 2327, 2441, 1352, 
2347, 1896, 1560, 2722, 1887, 1585, 2727, 1865, 1596, 2727, 
1831, 1598, 2726, 1812, 1614, 2727, 1795, 2175, 2580, 1406, 
2197, 2566, 1394, 2211, 2552, 1391, 2233, 2537, 1387, 2256, 
2523, 1380, 2276, 1978, 1493, 2668, 1951, 1505, 2687, 1939, 
1533, 2707, 1928, 1557, 2721, 1906, 1564, 2715, 1871, 2078, 
2608, 1431, 2096, 2614, 1423, 2129, 2608, 1426, 2158, 2596, 
1422, 2169, 2582, 1409, 2191, 2072, 1456, 2645, 2044, 1460, 
2648, 2015, 1471, 2657, 2000, 1488, 2679, 1995, 1513, 2700, 
1977, 2004, 2675, 1481, 2014, 2655, 1458, 2028, 2637, 1455, 
2060, 2638, 1456, 2087, 2636, 1442, 2105, 2153, 1411, 2592, 
2128, 1418, 2609, 2113, 1435, 2620, 2092, 1446, 2638, 2071, 
1451, 2640, 2047, 1910, 2703, 1534, 1931, 2697, 1521, 1952, 
2689, 1507, 1975, 2677, 1491, 1988, 2667, 1473, 2009, 2238, 
1385, 2540, 2223, 1399, 2554, 2201, 1403, 2567, 2179, 1409, 
2582, 2156, 1414, 2600, 2135, 1824, 2723, 1592, 1842, 2716, 
1574, 1863, 2710, 1567, 1892, 2727, 1562, 1920, 2715, 1542, 
1932, 2319, 1362, 2471, 2297, 1363, 2486, 2284, 1376, 2515, 
2265, 1390, 2531, 2247, 1392, 2545, 2219, 1747, 2732, 1667, 
1766, 2732, 1643, 1781, 2729, 1621, 1804, 2727, 1612, 1827, 
2730, 1603, 1858, 2411, 1371, 2415, 2383, 1364, 2419, 2358, 
1356, 2436, 2335, 1364, 2460, 2332, 1379, 2486, 2315, 1676, 
2740, 1742, 1688, 2737, 1718, 1703, 2736, 1697, 1724, 2733, 
1675, 1739, 2730, 1663, 1760, 2471, 1372, 2333, 2465, 1377, 
2360, 2447, 1373, 2369, 2420, 1360, 2379, 2393, 1356, 2399, 
2379, 1602, 2728, 1824, 1625, 2736, 1806, 1639, 2737, 1782, 
1653, 2735, 1759, 1673, 2739, 2717, 1862, 2103, 2620, 1437, 
2119, 2607, 1423, 2140, 2588, 1406, 2153, 2569, 1399, 2182, 
2566, 1401, 2212, 2057, 1467, 2650, 2025, 1471, 2654, 2000, 
1477, 2668, 1985, 1499, 2685, 1970, 1511, 2692, 1944, 2008, 
2663, 1463, 2029, 2648, 1461, 2056, 2648, 1455, 2079, 2633, 
1437, 2092, 2606, 1421, 2112, 2134, 1423, 2611, 2115, 1433, 
2622, 2097, 1443, 2632, 2073, 1446, 2642, 2058, 1465, 2660, 
2037, 1928, 2699, 1520, 1939, 2684, 1504, 1955, 2675, 1494, 
1988, 2670, 1490, 2015, 2671, 1479, 2038, 2224, 1388, 2548, 
2199, 1395, 2562, 2178, 1402, 2582, 2161, 1411, 2592, 2137, 
1422, 2611, 2122, 1848, 2727, 1591, 1868, 2720, 1567, 1880, 
2709, 1542, 1897, 2698, 1529, 1927, 2700, 1532, 1955, 2315, 
1378, 2494, 2284, 1374, 2502, 2258, 1376, 2510, 2243, 1383, 
2535, 2225, 1390, 2555, 2208, 1763, 2737, 1652, 1784, 2742, 
1640, 1807, 2737, 1621, 1816, 2721, 1594, 1834, 2711, 1574, 
1849, 2376, 1363, 2422, 2374, 1374, 2453, 2360, 1374, 2464, 
2331, 1372, 2471, 2304, 1369, 2486, 2286, 1682, 2736, 1717, 
1697, 2731, 1703, 1720, 2735, 1686, 1745, 2739, 1672, 1763, 
2738, 1656, 1781, 2461, 1363, 2344, 2446, 1367, 2371, 2428, 
1368, 2384, 2408, 1363, 2401, 2387, 1365, 2420, 2373, 1620, 
2735, 1814, 1632, 2737, 1783, 1648, 2731, 1761, 1660, 2735, 
1747, 1684, 2740, 1729, 1707, 2523, 1388, 2264, 2508, 1375, 
2279, 2489, 1369, 2301, 2477, 1372, 2321, 2463, 1368, 2348, 
2444, 1554, 2716, 1887, 1569, 2719, 1868, 1583, 2720, 1843, 
1591, 2719, 1817, 1606, 2726, 1802, 1627, 2587, 1413, 2188, 
2579, 1408, 2208, 2548, 1392, 2219, 2540, 1384, 2236, 2524, 
1379, 2263, 2511, 1497, 2680, 1968, 1506, 2687, 1950, 1523, 
2700, 1932, 1541, 2708, 1909, 1554, 2712, 1880, 1562, 2627, 
1437, 2089, 2622, 1436, 2118, 2617, 1424, 2140, 2604, 1412, 
2163, 2583, 1411, 2180, 2572, 1448, 2640, 2055, 1455, 2649, 
2029, 1465, 2656, 2007, 1483, 2673, 1998, 1502, 2686, 1976, 
1511, 2675, 1486, 1999, 2660, 1471, 2019, 2652, 1467, 2049, 
2649, 1460, 2078, 2640, 1451, 2096, 2625, 1411, 2591, 2142, 
1417, 2603, 2121, 1426, 2609, 2097, 1432, 2622, 2076, 1449, 
2646, 2064, 1468, 2721, 1552, 1928, 2707, 1528, 1939, 2686, 
1506, 1956, 2680, 1499, 1983, 2678, 1491, 2010, 2669, 1393, 
2532, 2231, 1394, 2550, 2209, 1399, 2564, 2190, 1401, 2577, 
2167, 1411, 2590, 2140, 1419, 2724, 1598, 1841, 2727, 1595, 
1861, 2723, 1577, 1881, 2712, 1559, 1900, 2703, 1539, 1916, 
2697, 1363, 2468, 2310, 1371, 2484, 2297, 1372, 2502, 2272, 
1379, 2521, 2253, 1393, 2535, 2238, 1399, 2739, 1671, 1752, 
2728, 1650, 1766, 2728, 1636, 1795, 2732, 1628, 1822, 2737, 
1607, 1847, 2728, 1368, 2400, 2396, 1368, 2414, 2371, 1359, 
2427, 2342, 1359, 2447, 2328, 1363, 2475, 2318, 1378, 2748, 
1756, 1683, 2742, 1730, 1693, 2734, 1703, 1711, 2735, 1695, 
1735, 2740, 1683, 1759, 2744, 1375, 2321, 2463, 1367, 2339, 
2440, 1363, 2356, 2428, 1360, 2375, 2408, 1363, 2396, 2392, 
1364, 2732, 1836, 1619, 2737, 1819, 1633, 2734, 1793, 1643, 
2733, 1765, 1652, 2726, 1736, 1671, 2736, 1389, 2239, 2534, 
1387, 2264, 2518, 1384, 2282, 2502, 1377, 2300, 2484, 1372, 
2321, 2467, 1364, 2700, 1910, 1542, 2705, 1893, 1561, 2715, 
1871, 1586, 2723, 1856, 1596, 2729, 1832, 1611, 2731, 1420, 
2151, 2592, 1412, 2175, 2574, 1400, 2190, 2559, 1395, 2216, 
2545, 1391, 2238, 2534, 1384, 2668, 1995, 1491, 2676, 1970, 
1503, 2684, 1952, 1520, 2697, 1939, 1536, 2707, 1911, 1544, 
2707, 1448, 2063, 2631, 1439, 2084, 2625, 1436, 2111, 2615, 
1431, 2124, 2597, 1416, 2147, 2587, 1410, 2631, 2098, 1452, 
2646, 2075, 1465, 2655, 2046, 1467, 2654, 2015, 1469, 2663, 
1888, 1675, 2719, 1400, 2596, 2111, 1459, 2667, 2003, 1523, 
2736, 1795, 1645, 2732, 1772, 1655, 2728, 1748, 1663, 2548, 
1390, 2236, 2539, 1393, 2263, 2527, 1391, 2284, 2503, 1376, 
2291, 2480, 1366, 2311, 2461, 1527, 2694, 1913, 1545, 2710, 
1896, 1565, 2719, 1879, 1577, 2722, 1856, 1593, 2723, 1831, 
1603, 2596, 1409, 2143, 2591, 1408, 2170, 2577, 1399, 2195, 
2563, 1397, 2212, 2547, 1388, 2231, 2529, 1475, 2663, 2003, 
1490, 2675, 1979, 1500, 2689, 1958, 1518, 2692, 1939, 1532, 
2702, 1923, 1548, 2654, 1458, 2064, 2636, 1446, 2079, 2625, 
1433, 2103, 2619, 1425, 2127, 2603, 1420, 2151, 2595, 1436, 
2627, 2096, 1445, 2638, 2071, 1458, 2651, 2047, 1466, 2656, 
2020, 1472, 2659, 2001, 1484, 2691, 1510, 1977, 2687, 1499, 
2000, 2675, 1483, 2017, 2656, 1462, 2034, 2643, 1455, 2062, 
2636, 1398, 2570, 2177, 1408, 2585, 2161, 1417, 2600, 2131, 
1422, 2611, 2104, 1432, 2623, 2083, 1441, 2713, 1561, 1888, 
2708, 1548, 1916, 2707, 1538, 1932, 2694, 1521, 1953, 2687, 
1505, 1974, 2679, 1376, 2512, 2256, 1385, 2526, 2240, 1391, 
2542, 2219, 1394, 2568, 2198, 1408, 2574, 2183, 1415, 2737, 
1632, 1808, 2727, 1607, 1822, 2714, 1585, 1840, 2712, 1575, 
1871, 2719, 1566, 1896, 2715, 1369, 2448, 2343, 1367, 2461, 
2319, 1367, 2473, 2297, 1367, 2489, 2279, 1378, 2512, 2264, 
1387, 2743, 1705, 1732, 2740, 1679, 1745, 2735, 1651, 1756, 
2721, 1635, 1782, 2732, 1632, 1812, 2737, 1372, 2379, 2416, 
1368, 2387, 2396, 1360, 2406, 2379, 1366, 2424, 2359, 1366, 
2447, 2345, 1370, 2729, 1776, 1653, 2739, 1760, 1676, 2743, 
1740, 1692, 2744, 1720, 1708, 2737, 1695, 1725, 2736, 1375, 
2291, 2484, 1371, 2318, 2468, 1372, 2330, 2456, 1371, 2355, 
2439, 1369, 2375, 2424, 1371, 2721, 1859, 1580, 2715, 1831, 
1592, 2720, 1809, 1619, 2731, 1799, 1639, 2740, 1787, 1654, 
2739, 1401, 2208, 2548, 1392, 2228, 2536, 1382, 2248, 2516, 
1380, 2267, 2500, 1376, 2290, 2496, 1376, 2696, 1944, 1527, 
2700, 1913, 1536, 2696, 1891, 1548, 2709, 1872, 1563, 2720, 
1862, 1596, 2734, 1436, 2125, 2608, 1420, 2140, 2588, 1407, 
2160, 2579, 1407, 2188, 2566, 1395, 2205, 2549, 1390, 2655, 
2028, 1475, 2667, 2014, 1492, 2679, 1994, 1501, 2681, 1966, 
1505, 2680, 1931, 1515, 2691, 1466, 2035, 2656, 1465, 2062, 
2643, 1451, 2079, 2631, 1439, 2103, 2623, 1435, 2120, 2604, 
1419, 2611, 2114, 1430, 2617, 2089, 1440, 2630, 2075, 1458, 
2650, 2057, 1464, 2662, 2032, 1471, 2660, 1523, 1940, 2683, 
1505, 1969, 2683, 1499, 1993, 2677, 1489, 2017, 2670, 1478, 
2040, 2649, 1457, 2551, 2199, 1391, 2561, 2175, 1398, 2579, 
2157, 1416, 2602, 2148, 1432, 2619, 2126, 1435, 2619, 1579, 
1853, 2708, 1560, 1879, 2707, 1555, 1905, 2711, 1544, 1935, 
2705, 1527, 1948, 2687, 1503, 2484, 2279, 1376, 2510, 2265, 
1384, 2527, 2247, 1387, 2540, 2220, 1391, 2553, 2200, 1398, 
2571, 1648, 1782, 2732, 1635, 1800, 2723, 1616, 1820, 2724, 
1601, 1846, 2729, 1591, 1868, 2719, 1572, 2412, 2360, 1358, 
2438, 2344, 1367, 2462, 2332, 1377, 2483, 2316, 1380, 2495, 
2284, 1372, 2500, 1717, 1695, 2732, 1702, 1722, 2742, 1691, 
1748, 2744, 1676, 1767, 2736, 1653, 1780, 2728, 1630, 2340, 
2440, 1359, 2360, 2424, 1364, 2387, 2406, 1367, 2410, 2395, 
1369, 2426, 2371, 1367, 2441, 1799, 1630, 2726, 1780, 1648, 
2737, 1763, 1668, 2739, 1740, 1686, 2743, 1723, 1703, 2736, 
1704, 2267, 2511, 1380, 2288, 2492, 1372, 2309, 2475, 1368, 
2320, 2451, 1365, 2344, 2443, 1368, 2367, 1888, 1571, 2719, 
1870, 1580, 2719, 1840, 1598, 2724, 1826, 1617, 2736, 1808, 
1635, 2732, 1784, 2176, 2565, 1398, 2199, 2552, 1392, 2229, 
2544, 1392, 2248, 2524, 1383, 2264, 2508, 1367, 2278, 1968, 
1510, 2691, 2713, 1577, 1855, 2712, 1564, 1879, 2709, 1552, 
1902, 2707, 1539, 1921, 2700, 1373, 2473, 2309, 1376, 2488, 
2289, 1374, 2501, 2264, 1379, 2515, 2244, 1383, 2534, 2220, 
1388, 2736, 1672, 1759, 2728, 1653, 1780, 2735, 1636, 1800, 
2732, 1621, 1821, 2726, 1600, 1837, 2716, 1364, 2394, 2386, 
1366, 2420, 2371, 1368, 2440, 2347, 1367, 2457, 2330, 1367, 
2470, 2312, 1372, 2739, 1750, 1684, 2737, 1728, 1699, 2736, 
1706, 1719, 2736, 1692, 1745, 2742, 1678, 1761, 2739, 1367, 
2314, 2456, 1357, 2332, 2435, 1363, 2363, 2431, 1372, 2390, 
2414, 1371, 2403, 2389, 1363, 2720, 1820, 1595, 2729, 1805, 
1627, 2734, 1789, 1648, 2742, 1766, 1666, 2739, 1750, 1686, 
2739, 1389, 2236, 2529, 1381, 2260, 2511, 1376, 2282, 2494, 
1374, 2302, 2479, 1371, 2324, 2463, 1372, 2705, 1911, 1551, 
2712, 1884, 1560, 2715, 1870, 1580, 2719, 1848, 1599, 2725, 
1830, 1612, 2728, 1419, 2157, 2596, 1411, 2177, 2575, 1400, 
2197, 2556, 1389, 2216, 2543, 1390, 2243, 2533, 1388, 2675, 
1998, 1495, 2677, 1969, 1500, 2684, 1951, 1519, 2695, 1932, 
1534, 2704, 1910, 1547, 2707, 1449, 2065, 2632, 1441, 2087, 
2627, 1440, 2115, 2616, 1426, 2133, 2599, 1415, 2150, 2583, 
1403, 2627, 2079, 1446, 2639, 2062, 1458, 2651, 2035, 1468, 
2659, 2015, 1481, 2671, 1997, 1495, 2680, 1498, 1983, 2680, 
1486, 1997, 2663, 1472, 2019, 2655, 1461, 2043, 2648, 1456, 
2071, 2641, 1448, 2584, 2173, 1412, 2593, 2151, 1422, 2604, 
2128, 1423, 2610, 2099, 1432, 2624, 2080, 1447, 2639, 1560, 
1900, 2709, 1545, 1918, 2701, 1532, 1932, 2689, 1517, 1956, 
2688, 1504, 1983, 2680, 1496, 2520, 2256, 1385, 2531, 2234, 
1390, 2551, 2211, 1392, 2558, 2189, 1400, 2572, 2163, 1404, 
2589, 1623, 1818, 2734, 1613, 1838, 2729, 1595, 1860, 2716, 
1568, 1871, 2711, 1556, 1889, 2703, 1536, 2451, 2337, 1369, 
2470, 2316, 1369, 2483, 2296, 1381, 2505, 2275, 1379, 2515, 
2254, 1386, 2532, 1695, 1733, 2736, 1674, 1753, 2735, 1657, 
1771, 2735, 1646, 1794, 2726, 1623, 1819, 2729, 1609, 2382, 
2420, 1363, 2397, 2396, 1364, 2411, 2372, 1361, 2427, 2351, 
1363, 2451, 2338, 1370, 2471, 1773, 1662, 2739, 1755, 1677, 
2734, 1732, 1695, 2739, 1716, 1712, 2739, 1696, 1737, 2740, 
1679, 2299, 2483, 1374, 2319, 2470, 1371, 2338, 2451, 1368, 
2352, 2431, 1359, 2371, 2410, 1360, 2396, 1853, 1596, 2727, 
1832, 1608, 2734, 1814, 1621, 2731, 1790, 1639, 2736, 1777, 
1658, 2742, 1756, 2219, 2547, 1391, 2236, 2531, 1386, 2258, 
2520, 1382, 2276, 2502, 1379, 2295, 2475, 1375, 2313, 1933, 
1528, 2703, 1917, 1551, 2712, 1899, 1565, 2719, 1878, 1574, 
2719, 1853, 1590, 2721, 1833, 2124, 2604, 1418, 2150, 2590, 
1408, 2168, 2575, 1401, 2192, 2562, 1398, 2214, 2556, 1395, 
2234, 2026, 1479, 2671, 2004, 1490, 2680, 1983, 1507, 2689, 
1960, 1519, 2695, 1936, 1528, 2703, 1918, 2040, 2652, 1456, 
2063, 2639, 1449, 2085, 2630, 1438, 2102, 2612, 1426, 2127, 
2600, 1415, 2147, 2110, 1436, 2624, 2089, 1445, 2639, 2063, 
1447, 2647, 2043, 1462, 2655, 2021, 1475, 2667, 2003, 1952, 
2687, 1516, 1975, 2684, 1498, 1999, 2672, 1476, 2019, 2663, 
1460, 2033, 2644, 1451, 2055, 2195, 1403, 2572, 2175, 1412, 
2588, 2156, 1418, 2600, 2131, 1424, 2611, 2110, 1434, 2626, 
2087, 1870, 2714, 1562, 1892, 2704, 1543, 1912, 2703, 1536, 
1934, 2694, 1519, 1952, 2687, 1502, 1968, 2276, 1376, 2515, 
2263, 1388, 2537, 2246, 1394, 2547, 2220, 1393, 2557, 2194, 
1398, 2570, 2173, 1788, 2731, 1623, 1809, 2727, 1606, 1828, 
2727, 1595, 1849, 2723, 1577, 1868, 2711, 1561, 1887, 2359, 
1368, 2443, 2342, 1371, 2464, 2326, 1374, 2480, 2298, 1369, 
2493, 2280, 1376, 2512, 2263, 1711, 2739, 1548, 2020, 2569, 
1366, 2483, 2259, 1390, 2574, 2176, 1415, 2663, 2002, 1482, 
2672, 1507, 1976, 2686, 1502, 1999, 2676, 1486, 2016, 2662, 
1467, 2032, 2648, 1452, 2055, 2638, 1444, 2572, 2179, 1407, 
2583, 2159, 1416, 2599, 2140, 1426, 2611, 2116, 1432, 2620, 
2088, 1439, 2630, 1563, 1889, 2712, 1555, 1913, 2708, 1540, 
1936, 2695, 1517, 1947, 2686, 1508, 1972, 2680, 1496, 2513, 
2265, 1386, 2527, 2241, 1386, 2537, 2216, 1388, 2553, 2196, 
1399, 2568, 2174, 1408, 2580, 1632, 1807, 2735, 1617, 1829, 
2726, 1600, 1848, 2719, 1579, 1867, 2716, 1564, 1889, 2712, 
1553, 2447, 2343, 1367, 2460, 2321, 1367, 2479, 2303, 1369, 
2491, 2284, 1379, 2512, 2265, 1383, 2528, 1703, 1728, 2740, 
1683, 1750, 2739, 1664, 1766, 2735, 1646, 1782, 2730, 1630, 
1800, 2727, 1615, 2369, 2423, 1368, 2390, 2404, 1367, 2408, 
2385, 1366, 2420, 2365, 1363, 2440, 2343, 1367, 2463, 1785, 
1660, 2744, 1765, 1673, 2736, 1741, 1691, 2734, 1720, 1706, 
2739, 1702, 1726, 2739, 1688, 2290, 2492, 1371, 2308, 2472, 
1367, 2326, 2454, 1367, 2346, 2428, 1367, 2371, 2423, 1368, 
2390, 1865, 1587, 2723, 1840, 1596, 2723, 1816, 1614, 2729, 
1800, 1636, 2740, 1784, 1654, 2739, 1763, 2208, 2538, 1388, 
2221, 2536, 1384, 2249, 2526, 1383, 2271, 2505, 1376, 2289, 
2494, 1372, 2307, 1947, 1523, 2699, 1924, 1539, 2705, 1902, 
1553, 2710, 1880, 1564, 2713, 1863, 1586, 2726, 1847, 2125, 
2614, 1424, 2144, 2598, 1410, 2157, 2579, 1401, 2179, 2565, 
1400, 2209, 2558, 1400, 2234, 2040, 1478, 2668, 2012, 1483, 
2673, 1987, 1494, 2679, 1964, 1508, 2688, 1940, 1520, 2697, 
1923, 2031, 2655, 1459, 2051, 2641, 1447, 2069, 2631, 1443, 
2104, 2625, 1440, 2126, 2614, 1425, 2140, 2115, 1426, 2619, 
2094, 1439, 2631, 2079, 1454, 2648, 2056, 1463, 2656, 2032, 
1469, 2655, 2004, 1944, 2685, 1510, 1968, 2684, 1500, 1987, 
2675, 1485, 2012, 2666, 1472, 2036, 2654, 1462, 2052, 2201, 
1398, 2565, 2182, 1403, 2580, 2164, 1416, 2598, 2143, 1423, 
2608, 2117, 1428, 2617, 2099, 1864, 2714, 1571, 1885, 2712, 
1556, 1903, 2707, 1539, 1919, 2697, 1527, 1948, 2695, 1518, 
1971, 2289, 1379, 2511, 2262, 1374, 2516, 2244, 1382, 2538, 
2224, 1400, 2556, 2209, 1400, 2567, 2179, 1772, 2725, 1629, 
1800, 2731, 1622, 1830, 2735, 1610, 1848, 2726, 1585, 1856, 
2710, 1561, 1874, 2362, 1362, 2444, 2358, 1373, 2462, 2330, 
1373, 2475, 2309, 1374, 2488, 2285, 1375, 2504, 2264, 1701, 
2732, 1701, 1719, 2736, 1689, 1743, 2743, 1676, 1767, 2740, 
1656, 1782, 2734, 1631, 1795, 2437, 1363, 2363, 2428, 1365, 
2387, 2409, 1364, 2405, 2388, 1357, 2416, 2371, 1362, 2440, 
2351, 1631, 2731, 1784, 1644, 2722, 1763, 1663, 2740, 1752, 
1694, 2748, 1734, 1710, 2745, 1710, 1719, 2504, 1368, 2275, 
2489, 1370, 2303, 2479, 1376, 2335, 2467, 1371, 2345, 2443, 
1360, 2359, 2420, 1559, 2712, 1866, 1585, 2731, 1851, 1603, 
2731, 1830, 1616, 2731, 1799, 1627, 2728, 1778, 1645, 2572, 
1406, 2204, 2559, 1400, 2224, 2543, 1384, 2243, 2527, 1377, 
2259, 2505, 1372, 2278, 2492, 1504, 2689, 1954, 1525, 2707, 
1935, 1542, 2708, 1915, 1551, 2712, 1888, 1564, 2713, 1864, 
1579, 2620, 1431, 2113, 2611, 1425, 2140, 2598, 1416, 2159, 
2587, 1412, 2180, 2572, 1401, 2195, 2551, 1456, 2649, 2036, 
1470, 2664, 2023, 1491, 2683, 2005, 1501, 2678, 1975, 1500, 
2681, 1944, 1511, 2661, 1471, 2022, 2657, 1467, 2051, 2655, 
1453, 2072, 2635, 1447, 2088, 2616, 1425, 2105, 2608, 1420, 
2611, 2131, 1438, 2626, 2108, 1441, 2630, 2080, 1442, 2631, 
2055, 1455, 2648, 2039, 1468, 2706, 1536, 1944, 2695, 1513, 
1957, 2676, 1495, 1976, 2672, 1484, 2006, 2668, 1475, 2030, 
2665, 1395, 2552, 2212, 1396, 2567, 2191, 1407, 2580, 2511, 
2248, 1385, 2530, 2228, 1390, 2550, 2211, 1756, 2732, 1656, 
1776, 2728, 1635, 1793, 2730, 1626, 1815, 2727, 1608, 1840, 
2728, 1596, 1860, 2391, 1366, 2407, 2364, 1356, 2412, 2343, 
1360, 2447, 2337, 1373, 2475, 2319, 1378, 2487, 2291, 1671, 
2733, 1721, 1690, 2736, 1712, 1720, 2743, 1701, 1746, 2743, 
1677, 1756, 2729, 1652, 1769, 2460, 1368, 2339, 2449, 1361, 
2356, 2432, 1368, 2377, 2412, 1363, 2394, 2391, 1359, 2411, 
2369, 1606, 2724, 1806, 1621, 2736, 1787, 1648, 2736, 1772, 
1662, 2741, 1755, 1680, 2736, 1728, 1695, 2527, 1382, 2254, 
2512, 1375, 2278, 2494, 1373, 2292, 2480, 1375, 2323, 2468, 
1374, 2339, 2448, 1543, 2705, 1887, 1553, 2708, 1865, 1575, 
2720, 1855, 1601, 2732, 1836, 1614, 2732, 1811, 1620, 2577, 
1404, 2164, 2569, 1400, 2195, 2561, 1402, 2220, 2547, 1393, 
2238, 2527, 1380, 2249, 2508, 1483, 2673, 1977, 1504, 2690, 
1958, 1523, 2699, 1937, 1533, 2699, 1916, 1540, 2703, 1888, 
1550, 2636, 1448, 2088, 2629, 1438, 2110, 2615, 1427, 2129, 
2601, 1414, 2149, 2586, 1409, 2174, 2572, 1448, 2636, 2064, 
1458, 2648, 2039, 1464, 2660, 2023, 1479, 2668, 2003, 1492, 
2680, 1976, 1499, 2672, 1484, 1993, 2667, 1480, 2019, 2666, 
1473, 2049, 2656, 1461, 2069, 2640, 1440, 2080, 2622, 1404, 
2585, 2147, 1414, 2599, 2130, 1429, 2619, 2115, 1444, 2628, 
2091, 1450, 2640, 2064, 1449, 2700, 1540, 1908, 2700, 1532, 
1936, 2698, 1524, 1958, 2687, 1498, 1976, 2672, 1484, 1993, 
2670, 1387, 2534, 2241, 1395, 2547, 2218, 1392, 2553, 2191, 
1398, 2574, 2172, 1410, 2593, 2159, 1423, 2736, 1611, 1831, 
2723, 1590, 1847, 2714, 1575, 1868, 2712, 1560, 1890, 2707, 
1543, 1913, 2692, 1368, 2468, 2323, 1377, 2485, 2303, 1375, 
2496, 2279, 1379, 2515, 2259, 1385, 2532, 2241, 1391, 2732, 
1677, 1749, 2731, 1659, 1765, 2733, 1644, 1791, 2735, 1627, 
1811, 2726, 1606, 1824, 2717, 1370, 2396, 2403, 1376, 2419, 
2385, 1372, 2431, 2359, 1363, 2443, 2337, 1361, 2459, 2323, 
1370, 2740, 1760, 1675, 2739, 1740, 1688, 2739, 1716, 1709, 
2741, 1698, 1732, 2740, 1683, 1753, 2739, 1377, 2316, 2472, 
1369, 2334, 2449, 1363, 2348, 2432, 1364, 2374, 2423, 1372, 
2398, 2400, 1372, 2722, 1832, 1599, 2727, 1814, 1619, 2729, 
1799, 1639, 2735, 1780, 1655, 2735, 1755, 1671, 2739, 1399, 
2238, 2538, 1387, 2255, 2521, 1379, 2268, 2499, 1372, 2288, 
2485, 1375, 2314, 2473, 1374, 2707, 1926, 1539, 2705, 1899, 
1555, 2712, 1877, 1573, 2720, 1859, 1591, 2726, 1836, 1605, 
2728, 1417, 2150, 2595, 1415, 2168, 2579, 1407, 2190, 2563, 
1393, 2206, 2550, 1391, 2230, 2537, 1388, 2670, 2007, 1485, 
2668, 1975, 1492, 2679, 1960, 1511, 2692, 1944, 1532, 2704, 
1927, 1549, 2708, 1455, 2056, 2639, 1444, 2078, 2625, 1446, 
2105, 2623, 1434, 2127, 2609, 1422, 2143, 2589, 1408, 2617, 
2085, 1438, 2627, 2068, 1456, 2645, 2054, 1467, 2666, 2033, 
1479, 2670, 2009, 1488, 2676, 1507, 1972, 2679, 1497, 1988, 
2670, 1481, 2011, 2662, 1466, 2031, 2653, 1463, 2059, 2645, 
1449, 2572, 2179, 1406, 2582, 2155, 1414, 2598, 2136, 1429, 
2611, 2119, 1435, 2629, 2092, 1443, 2639, 1569, 1891, 2711, 
1552, 1907, 2703, 1532, 1924, 2689, 1520, 1947, 2688, 1511, 
1971, 2684, 1497, 2511, 2262, 1382, 2520, 2240, 1387, 2547, 
2228, 1397, 2559, 2208, 1404, 2570, 2179, 1399, 2577, 1623, 
1793, 2731, 1611, 1828, 2730, 1600, 1847, 2720, 1583, 1868, 
2716, 1567, 1887, 2710, 1550, 2439, 2341, 1362, 2452, 2321, 
1364, 2476, 2303, 1379, 2500, 2292, 1386, 2515, 2268, 1388, 
2529, 1706, 1727, 2737, 1681, 1743, 2734, 1664, 1760, 2727, 
1646, 1786, 2739, 1635, 1807, 2732, 1618, 2366, 2416, 1371, 
2382, 2399, 1365, 2423, 2287, 1397, 2625, 1828, 1886, 2691, 
1471, 2056, 2632, 1416, 2643, 2052, 1461, 2654, 2031, 1469, 
2661, 2009, 1488, 2679, 1990, 1502, 2686, 1968, 1510, 2672, 
1482, 2007, 2662, 1471, 2035, 2652, 1461, 2055, 2641, 1448, 
2076, 2639, 1444, 2101, 2620, 1417, 2598, 2144, 1423, 2607, 
2116, 1430, 2616, 2094, 1437, 2637, 2077, 1449, 2640, 2054, 
1462, 2709, 1537, 1928, 2700, 1528, 1948, 2693, 1511, 1967, 
2681, 1497, 1990, 2670, 1482, 2012, 2668, 1388, 2540, 2222, 
1390, 2550, 2198, 1399, 2569, 2185, 1408, 2582, 2165, 1415, 
2595, 2144, 1423, 2726, 1600, 1843, 2723, 1584, 1860, 2712, 
1571, 1879, 2707, 1554, 1900, 2707, 1540, 1928, 2700, 1373, 
2476, 2307, 1371, 2487, 2283, 1374, 2504, 2264, 1384, 2526, 
2248, 1385, 2540, 2227, 1392, 2739, 1671, 1764, 2736, 1651, 
1783, 2735, 1633, 1799, 2727, 1615, 1812, 2724, 1600, 1843, 
2728, 1369, 2409, 2392, 1368, 2420, 2367, 1361, 2436, 2348, 
1369, 2459, 2329, 1372, 2475, 2306, 1368, 2732, 1743, 1679, 
2737, 1724, 1708, 2744, 1712, 1726, 2744, 1688, 1737, 2734, 
1668, 1758, 2734, 1369, 2322, 2463, 1372, 2346, 2443, 1367, 
2359, 2424, 1361, 2379, 2404, 1363, 2401, 2388, 1367, 2723, 
1827, 1615, 2727, 1808, 1634, 2735, 1786, 1653, 2739, 1768, 
1667, 2739, 1744, 1683, 2739, 1383, 2243, 2524, 1380, 2268, 
2509, 1379, 2286, 2496, 1373, 2303, 2479, 1374, 2328, 2463, 
1370, 2704, 1907, 1551, 2705, 1884, 1563, 2713, 1865, 1584, 
2725, 1849, 1603, 2726, 1828, 1615, 2728, 1415, 2148, 2579, 
1408, 2186, 2575, 1405, 2207, 2559, 1395, 2212, 2536, 1380, 
2233, 2519, 1377, 2672, 1996, 1505, 2691, 1980, 1512, 2693, 
1952, 1521, 2692, 1925, 1532, 2699, 1904, 1546, 2705, 1455, 
2070, 2636, 1442, 2094, 2626, 1436, 2116, 2614, 1424, 2136, 
2595, 1415, 2157, 2587, 1402, 2628, 2080, 1447, 2645, 2063, 
1460, 2654, 2041, 1476, 2667, 2020, 1487, 2675, 1992, 1489, 
2672, 1495, 1977, 2673, 1487, 2007, 2672, 1483, 2035, 2668, 
1472, 2052, 2647, 1450, 2067, 2627, 1431, 2569, 2160, 1408, 
2593, 2145, 1424, 2608, 2129, 1434, 2622, 2108, 1441, 2633, 
2083, 1446, 2638, 1553, 1895, 2701, 1539, 1914, 2696, 1529, 
1944, 2694, 1520, 1965, 2688, 1502, 1982, 2672, 1484, 2514, 
2248, 1383, 2534, 2231, 1392, 2550, 2217, 1400, 2566, 2193, 
1404, 2576, 2168, 1409, 2589, 1619, 1819, 2730, 1603, 1835, 
2723, 1592, 1862, 2727, 1582, 1879, 2716, 1559, 1894, 2703, 
1537, 2452, 2329, 1367, 2471, 2318, 1373, 2492, 2297, 1374, 
2505, 2272, 1383, 2521, 2255, 1383, 2531, 1692, 1735, 2736, 
1672, 1755, 2735, 1658, 1777, 2739, 1644, 1798, 2732, 1623, 
1813, 2726, 1593, 2375, 2403, 1360, 2400, 2397, 1369, 2419, 
2380, 1369, 2435, 2351, 1363, 2447, 2332, 1365, 2467, 1768, 
1667, 2739, 1750, 1679, 2736, 1728, 1695, 2735, 1714, 1721, 
2743, 1700, 1745, 2744, 1683, 2302, 2480, 1372, 2313, 2459, 
1363, 2332, 2443, 1363, 2357, 2430, 1359, 2377, 2415, 1364, 
2398, 1856, 1601, 2734, 1840, 1616, 2732, 1812, 1617, 2724, 
1779, 1630, 2726, 1763, 1656, 2739, 1756, 2225, 2555, 1398, 
2243, 2534, 1383, 2249, 2503, 1369, 2270, 2492, 1372, 2297, 
2485, 1379, 2325, 1945, 1542, 2708, 1919, 1550, 2708, 1890, 
1553, 2707, 1863, 1564, 2709, 1842, 1590, 2723, 1834, 2137, 
2611, 1427, 2160, 2595, 1415, 2172, 2572, 1398, 2188, 2555, 
1391, 2214, 2546, 1389, 2238, 2022, 1479, 2668, 2012, 1495, 
2680, 1982, 1503, 2687, 1955, 1514, 2688, 1932, 1523, 2697, 
1911, 2044, 2655, 1465, 2071, 2646, 1452, 2091, 2628, 1434, 
2103, 2607, 1420, 2123, 2598, 1420, 2155, 2113, 1443, 2631, 
2094, 1447, 2639, 2063, 1451, 2643, 2038, 1460, 2655, 2021, 
1480, 2671, 2001, 1963, 2691, 1507, 1980, 2680, 1488, 1996, 
2666, 1473, 2015, 2655, 1464, 2041, 2652, 2688, 1512, 2474, 
2292, 1371, 2495, 2275, 1379, 2511, 2255, 1383, 2531, 2236, 
1390, 2547, 2215, 1393, 2558, 1657, 1767, 2731, 1634, 1788, 
2731, 1624, 1809, 2727, 1611, 1832, 2724, 1593, 1849, 2716, 
1572, 2406, 2372, 1360, 2425, 2359, 1365, 2447, 2337, 1367, 
2463, 2314, 1368, 2479, 2294, 1372, 2496, 1740, 1692, 2743, 
1723, 1717, 2745, 1700, 1733, 2740, 1676, 1744, 2729, 1655, 
1763, 2727, 1636, 2331, 2451, 1369, 2360, 2439, 1371, 2375, 
2419, 1365, 2390, 2393, 1361, 2407, 2377, 1367, 2431, 1815, 
1627, 2733, 1796, 1640, 2736, 1776, 1655, 2736, 1756, 1675, 
2739, 1734, 1684, 2735, 1710, 2246, 2511, 1376, 2275, 2508, 
1383, 2302, 2495, 1379, 2315, 2469, 1366, 2327, 2447, 1360, 
2351, 1899, 1560, 2719, 1878, 1575, 2723, 1852, 1587, 2720, 
1831, 1599, 2727, 1817, 1621, 2732, 1796, 2168, 2580, 1398, 
2185, 2559, 1392, 2211, 2549, 1392, 2232, 2535, 1382, 2250, 
2515, 1376, 2271, 1984, 1504, 2689, 1967, 1520, 2697, 1944, 
1528, 2699, 1913, 1533, 2699, 1890, 1548, 2707, 1875, 2086, 
2630, 1443, 2108, 2623, 1436, 2130, 2604, 1420, 2140, 2585, 
1403, 2158, 2567, 1397, 2184, 2072, 1458, 2655, 2060, 1473, 
2664, 2033, 1478, 2667, 2000, 1479, 2667, 1976, 1492, 2679, 
1958, 1990, 2670, 1478, 2016, 2663, 1476, 2040, 2657, 1468, 
2066, 2648, 1448, 2082, 2623, 1431, 2094, 2148, 1408, 2592, 
2135, 1430, 2619, 2120, 1439, 2627, 2092, 1439, 2628, 2063, 
1444, 2639, 2044, 1907, 2703, 1537, 1932, 2696, 1520, 1948, 
2680, 1502, 1968, 2683, 1504, 2007, 2691, 1498, 2029, 2247, 
1381, 2527, 2205, 1374, 2539, 2186, 1392, 2569, 2185, 1417, 
2599, 2168, 1421, 2592, 2134, 1816, 2716, 1592, 1845, 2724, 
1587, 1876, 2723, 1573, 1888, 2710, 1545, 1900, 2695, 1531, 
1924, 2321, 1379, 2482, 2311, 1377, 2489, 2275, 1370, 2499, 
2254, 1374, 2522, 2240, 1390, 2546, 2228, 1752, 2742, 1670, 
1764, 2734, 1645, 1781, 2729, 1630, 1804, 2732, 1619, 1830, 
2726, 1598, 1844, 2399, 1361, 2403, 2383, 1366, 2427, 2369, 
1377, 2449, 2343, 1373, 2459, 2323, 1366, 2470, 2296, 1663, 
2735, 1740, 1691, 2742, 1724, 1708, 2743, 1707, 1729, 2741, 
1688, 1751, 2739, 1670, 1766, 2472, 1367, 2324, 2449, 1360, 
2336, 2432, 1362, 2367, 2423, 1373, 2400, 2412, 1376, 2409, 
2387, 1600, 2723, 1811, 1609, 2723, 1795, 1632, 2735, 1785, 
1658, 2747, 1770, 1678, 2744, 1743, 1688, 2536, 1383, 2244, 
2519, 1377, 2268, 2502, 1374, 2283, 2486, 1368, 2303, 2472, 
1371, 2332, 2464, 1544, 2716, 1908, 1555, 2709, 1875, 1564, 
2708, 1853, 1580, 2718, 1840, 1602, 2734, 1830, 1625, 2603, 
1419, 2161, 2577, 1399, 2175, 2558, 1392, 2200, 2551, 1392, 
2227, 2541, 1388, 2248, 2524, 1484, 2673, 1987, 1499, 2689, 
1975, 1522, 2703, 1953, 1532, 2696, 1921, 1529, 2692, 1890, 
1539, 2636, 1446, 2076, 2638, 1447, 2104, 2628, 1436, 2120, 
2608, 1419, 2135, 2595, 1417, 2164, 2588, 1445, 2636, 2078, 
1447, 2638, 2049, 1455, 2648, 2029, 1471, 2666, 2015, 1489, 
2676, 1991, 1501, 2684, 1496, 1983, 2670, 1483, 2008, 2663, 
1472, 2028, 2654, 1459, 2049, 2642, 1449, 2075, 2636, 1409, 
2584, 2168, 1418, 2595, 2141, 1420, 2599, 2115, 1422, 2616, 
2098, 1444, 2639, 2086, 1459, 2723, 1556, 1903, 2705, 1537, 
1919, 2691, 1518, 1937, 2686, 1507, 1961, 2681, 1499, 1987, 
2676, 1385, 2529, 2255, 1396, 2547, 2236, 1398, 2556, 2205, 
1393, 2560, 2175, 1395, 2572, 2157, 1409, 2732, 1620, 1823, 
2732, 1607, 1848, 2725, 1585, 1863, 2715, 1565, 1878, 2707, 
1551, 1900, 2704, 1370, 2460, 2332, 1373, 2476, 2312, 1376, 
2491, 2290, 1375, 2503, 2267, 1376, 2516, 2245, 1386, 2741, 
1692, 1740, 2739, 1670, 1756, 2733, 1651, 1776, 2735, 1638, 
1800, 2718, 1460, 2185, 2393, 1738, 2716, 1523, 1943, 2684, 
1475, 2095, 2624, 1432, 2111, 2608, 1421, 2130, 2592, 1411, 
2156, 2102, 1443, 2635, 2084, 1454, 2641, 2057, 1453, 2642, 
2033, 1467, 2659, 2016, 1484, 2673, 1997, 1964, 2687, 1505, 
1992, 2680, 1490, 2007, 2665, 1472, 2023, 2651, 1456, 2041, 
2639, 1448, 2072, 2193, 1413, 2588, 2175, 1418, 2595, 2144, 
1416, 2601, 2117, 1422, 2611, 2096, 1435, 2626, 2079, 1879, 
2713, 1560, 1902, 2710, 1546, 1929, 2705, 1534, 1943, 2695, 
1513, 1958, 2674, 1488, 1971, 2258, 1372, 2515, 2250, 1390, 
2544, 2240, 1402, 2560, 2217, 1404, 2564, 2185, 1400, 2575, 
2163, 1792, 2727, 1619, 1812, 2724, 1603, 1838, 2727, 1592, 
1864, 2725, 1582, 1881, 2712, 1554, 1892, 2345, 1359, 2444, 
2324, 1371, 2471, 2315, 1377, 2492, 2299, 1382, 2508, 2275, 
1383, 2523, 2254, 1723, 2743, 1693, 1735, 2734, 1668, 1750, 
2729, 1651, 1772, 2734, 1639, 1804, 2739, 1632, 1824, 2435, 
1368, 2378, 2407, 1358, 2392, 2386, 1362, 2416, 2374, 1368, 
2439, 2358, 1372, 2456, 2336, 1646, 2736, 1764, 1663, 2738, 
1746, 1681, 2736, 1727, 1694, 2734, 1704, 1709, 2736, 1691, 
1736, 2502, 1379, 2305, 2485, 1379, 2327, 2467, 1375, 2339, 
2446, 1364, 2359, 2428, 1366, 2377, 2409, 1574, 2716, 1844, 
1588, 2720, 1825, 1609, 2729, 1812, 1632, 2739, 1795, 1651, 
2739, 1771, 1656, 2553, 1388, 2211, 2541, 1387, 2239, 2532, 
1387, 2264, 2519, 1383, 2284, 2505, 1379, 2301, 2484, 1516, 
2693, 1934, 1534, 2702, 1909, 1543, 2702, 1886, 1557, 2713, 
1875, 1583, 2728, 1859, 1603, 2617, 1427, 2130, 2595, 1408, 
2144, 2578, 1402, 2171, 2575, 1406, 2205, 2568, 1403, 2220, 
2552, 1472, 2663, 2019, 1479, 2668, 1999, 1489, 2675, 1969, 
1494, 2676, 1945, 1505, 2685, 1928, 1532, 2665, 1479, 2060, 
2663, 1468, 2072, 2639, 1443, 2080, 2617, 1426, 2100, 2608, 
1422, 2130, 2603, 1430, 2619, 2111, 1435, 2631, 2082, 1444, 
2637, 2060, 1452, 2647, 2043, 1464, 2655, 2020, 1476, 2694, 
1520, 1960, 2691, 1510, 1987, 2686, 1499, 2006, 2675, 1481, 
2019, 2655, 1458, 2036, 2640, 1390, 2555, 2188, 1405, 2576, 
2178, 1417, 2595, 2156, 1424, 2607, 2129, 1426, 2611, 2107, 
1431, 2715, 1572, 1872, 2714, 1561, 1894, 2711, 1550, 1919, 
2702, 1531, 1933, 2693, 1516, 1956, 2687, 1375, 2497, 2275, 
1377, 2511, 2255, 1379, 2527, 2231, 1389, 2546, 2216, 1396, 
2559, 2193, 1400, 2735, 1643, 1792, 2734, 1628, 1816, 2732, 
1610, 1831, 2723, 1592, 1848, 2716, 1571, 1867, 2713, 1364, 
2434, 2363, 1372, 2454, 2343, 1372, 2465, 2314, 1364, 2473, 
2292, 1370, 2495, 2280, 1380, 2743, 1720, 1715, 2742, 1703, 
1735, 2747, 1684, 1756, 2743, 1666, 1772, 2734, 1640, 1785, 
2723, 1359, 2343, 2428, 1365, 2376, 2422, 1373, 2400, 2403, 
1368, 2412, 2378, 1360, 2425, 2356, 1364, 2732, 1794, 1646, 
2737, 1775, 1661, 2740, 1759, 1675, 2745, 1739, 1697, 2745, 
1723, 1716, 2739, 1376, 2268, 2495, 1365, 2284, 2479, 1367, 
2313, 2473, 1376, 2343, 2460, 1376, 2363, 2438, 1364, 2711, 
1877, 1571, 2716, 1853, 1590, 2723, 1831, 1602, 2723, 1814, 
1620, 2726, 1793, 1639, 2737, 1408, 2198, 2567, 1396, 2211, 
2545, 1383, 2224, 2528, 1382, 2252, 2523, 1384, 2276, 2511, 
1382, 2689, 1964, 1515, 2691, 1935, 1526, 2697, 1915, 1539, 
2704, 1896, 1556, 2714, 1879, 1574, 2719, 1440, 2111, 2624, 
1430, 2128, 2606, 1418, 2143, 2589, 1410, 2166, 2579, 1403, 
2191, 2566, 1401, 2651, 2050, 1465, 2652, 2022, 1470, 2660, 
2001, 1485, 2678, 1988, 1506, 2691, 1967, 1516, 2697, 1476, 
2011, 2657, 1463, 2035, 2648, 1452, 2059, 2641, 1450, 2084, 
2632, 1441, 2110, 2622, 1433, 2603, 2137, 1426, 2611, 2108, 
1427, 2618, 2085, 1438, 2631, 2068, 1456, 2652, 2055, 1471, 
2660, 1540, 1932, 2692, 2726, 1599, 1852, 2724, 1587, 1870, 
2720, 1568, 1890, 2709, 1548, 1904, 2692, 1359, 2451, 2314, 
1363, 2475, 2304, 1377, 2497, 2285, 1381, 2511, 2260, 1381, 
2524, 2240, 1388, 2739, 1684, 1750, 2737, 1665, 1764, 2731, 
1644, 1784, 2727, 1624, 1803, 2730, 1617, 1830, 2730, 1368, 
2390, 2400, 1363, 2403, 2377, 1359, 2421, 2359, 1365, 2440, 
2343, 1366, 2460, 2323, 1371, 2737, 1760, 1673, 2744, 1746, 
1695, 2742, 1721, 1706, 2731, 1693, 1718, 2732, 1676, 1745, 
2739, 1375, 2318, 2480, 1379, 2336, 2460, 1368, 2343, 2430, 
1358, 2360, 2411, 1359, 2383, 2400, 1367, 2726, 1843, 1606, 
2732, 1825, 1624, 2735, 1800, 1637, 2731, 1775, 1648, 2734, 
1755, 1663, 2736, 1398, 2233, 2541, 1391, 2253, 2527, 1385, 
2275, 2505, 1376, 2289, 2487, 1370, 2306, 2472, 1368, 2698, 
1923, 1542, 2707, 1905, 1555, 2713, 1880, 1569, 2713, 1859, 
1587, 2723, 1844, 1606, 2733, 1427, 2144, 2594, 1410, 2159, 
2574, 1400, 2174, 2558, 1390, 2203, 2556, 1401, 2232, 2543, 
1395, 2672, 2014, 1489, 2675, 1985, 1495, 2680, 1963, 1507, 
2685, 1942, 1520, 2689, 1921, 1533, 2701, 1461, 2057, 2649, 
1456, 2086, 2633, 1440, 2095, 2614, 1419, 2114, 2603, 1417, 
2142, 2598, 1423, 2631, 2112, 1450, 2638, 2079, 1447, 2639, 
2042, 1452, 2648, 2028, 1470, 2660, 2011, 1495, 2676, 1515, 
1969, 2681, 1495, 1988, 2672, 1487, 2015, 2670, 1476, 2036, 
2659, 1462, 2052, 2637, 1441, 2564, 2179, 1401, 2579, 2161, 
1419, 2601, 2146, 1428, 2614, 2120, 1432, 2619, 2091, 1434, 
2627, 1566, 1884, 2712, 1553, 1905, 2707, 1539, 1924, 2695, 
1520, 1944, 2688, 1512, 1967, 2687, 1505, 2517, 2272, 1383, 
2524, 2239, 1370, 2524, 2215, 1383, 2552, 2212, 1409, 2577, 
2198, 1418, 2588, 1634, 1796, 2719, 1603, 1813, 2719, 1597, 
1841, 2727, 1592, 1870, 2723, 1573, 1883, 2716, 1553, 2435, 
2347, 1365, 2460, 2332, 1368, 2471, 2304, 1368, 2480, 2276, 
1369, 2502, 2271, 1389, 2535, 1718, 1729, 2745, 1691, 1739, 
2732, 1660, 1754, 2733, 1650, 1779, 2736, 1639, 1808, 2738, 
1619, 2363, 2417, 1358, 2376, 2400, 1363, 2407, 2398, 1375, 
2430, 2375, 1368, 2437, 2339, 1359, 2445, 1777, 1647, 2737, 
1767, 1671, 2743, 1750, 1687, 2742, 1718, 1698, 2736, 1711, 
1724, 2744, 1694, 2290, 2496, 1372, 2299, 2470, 1360, 2315, 
2451, 1362, 2343, 2447, 1374, 2372, 2436, 1375, 2390, 1865, 
1569, 2720, 1836, 1590, 2723, 1827, 1622, 2736, 1815, 1640, 
2742, 1792, 1648, 2736, 1763, 2198, 2551, 1389, 2219, 2541, 
1386, 2245, 2520, 1379, 2262, 2508, 1375, 2281, 2496, 1377, 
2305, 1957, 1530, 2703, 1935, 1539, 2702, 1910, 1544, 2696, 
1882, 1553, 2712, 1862, 1580, 2725, 1852, 2120, 2613, 1428, 
2137, 2600, 1419, 2158, 2585, 1409, 2179, 2572, 1400, 2198, 
2553, 1391, 2214, 2030, 1472, 2662, 2015, 1482, 2672, 2000, 
1500, 2683, 1976, 1511, 2690, 1953, 1520, 2692, 1924, 2018, 
2648, 1460, 2044, 2647, 1458, 2079, 2643, 1449, 2100, 2628, 
1435, 2111, 2606, 1416, 2127, 2114, 1423, 2616, 2103, 1443, 
2635, 2088, 1455, 2647, 2063, 1463, 2652, 2035, 1468, 2657, 
2013, 1939, 2687, 1511, 1958, 2684, 1500, 1987, 2677, 1492, 
2007, 2671, 1481, 2035, 2662, 1470, 2048, 2211, 1398, 2562, 
2188, 1403, 2577, 2167, 1411, 2591, 2145, 1420, 2603, 2124, 
1427, 2616, 2102, 1863, 2721, 1577, 1881, 2718, 1566, 1900, 
2707, 1540, 1911, 2693, 1523, 1935, 2689, 1515, 1959, 2288, 
1376, 2504, 2272, 1382, 2510, 2249, 1383, 2528, 2232, 1391, 
2551, 2209, 1394, 2561, 2183, 1772, 2729, 1638, 1795, 2734, 
1628, 1828, 2740, 1612, 1843, 2723, 1589, 1852, 2709, 1566, 
1863, 2363, 1363, 2435, 2359, 1376, 2460, 2337, 1376, 2469, 
2314, 1369, 2480, 2288, 1368, 2496, 2270, 1699, 2738, 1591, 
1961, 2600, 1363, 2425, 2311, 1379, 2537, 2240, 1408, 2651, 
2074, 1460, 2655, 1537, 1907, 2688, 1520, 1925, 2686, 1511, 
1960, 2691, 1511, 1991, 2687, 1499, 2006, 2668, 1476, 2527, 
2228, 1389, 2548, 2212, 1395, 2561, 2188, 1398, 2571, 2164, 
1406, 2588, 2150, 1422, 2608, 1612, 1840, 2725, 1595, 1852, 
2712, 1567, 1865, 2707, 1556, 1894, 2708, 1550, 1926, 2711, 
1541, 2473, 2318, 1373, 2486, 2294, 1375, 2498, 2270, 1375, 
2511, 2247, 1379, 2527, 2230, 1391, 2552, 1685, 1765, 2747, 
1668, 1779, 2734, 1643, 1788, 2723, 1615, 1806, 2719, 1598, 
1831, 2729, 1596, 2400, 2400, 1368, 2418, 2376, 1361, 2432, 
2360, 1368, 2451, 2337, 1369, 2467, 2316, 1369, 2479, 1747, 
1674, 2736, 1731, 1699, 2745, 1720, 1719, 2743, 1702, 1734, 
2740, 1676, 1751, 2732, 1658, 2315, 2463, 1372, 2340, 2454, 
1370, 2358, 2431, 1363, 2373, 2407, 1359, 2390, 2389, 1363, 
2414, 1835, 1611, 2732, 1815, 1623, 2727, 1791, 1643, 2732, 
1766, 1658, 2737, 1756, 1680, 2743, 1735, 2232, 2532, 1382, 
2254, 2516, 1376, 2276, 2503, 1377, 2300, 2483, 1372, 2316, 
2463, 1364, 2337, 1917, 1551, 2719, 1901, 1564, 2719, 1876, 
1575, 2716, 1844, 1583, 2718, 1828, 1607, 2731, 1819, 2156, 
2598, 1417, 2174, 2584, 1403, 2192, 2561, 1396, 2215, 2551, 
1390, 2236, 2531, 1379, 2246, 1991, 1484, 2673, 1977, 1503, 
2689, 1966, 1524, 2700, 1941, 1531, 2699, 1912, 1536, 2700, 
1890, 2060, 2636, 1448, 2089, 2636, 1445, 2111, 2620, 1431, 
2124, 2596, 1412, 2138, 2584, 1405, 2164, 2086, 1437, 2633, 
2063, 1452, 2647, 2048, 1471, 2663, 2027, 1483, 2672, 2008, 
1493, 2676, 1979, 1969, 2675, 1488, 1995, 2670, 1483, 2022, 
2664, 1473, 2038, 2652, 1457, 2057, 2634, 1446, 2081, 2177, 
1408, 2585, 2151, 1416, 2601, 2134, 1428, 2616, 2113, 1436, 
2625, 2092, 1447, 2637, 2067, 1889, 2705, 1548, 1911, 2704, 
1532, 1935, 2699, 1517, 1954, 2684, 1503, 1975, 2679, 1494, 
1994, 2259, 1382, 2528, 2240, 1388, 2544, 2218, 1395, 2560, 
2201, 1403, 2576, 2179, 1408, 2584, 2152, 1807, 2727, 1609, 
1830, 2723, 1601, 1848, 2727, 1582, 1868, 2713, 1560, 1884, 
2704, 1543, 1910, 2342, 1369, 2463, 2323, 1371, 2476, 2300, 
1374, 2486, 2278, 1377, 2513, 2263, 1390, 2534, 2246, 1729, 
2739, 1680, 1741, 2730, 1657, 1764, 2732, 1645, 1788, 2739, 
1631, 1808, 2735, 1615, 1827, 2416, 1361, 2385, 2396, 1360, 
2407, 2382, 1367, 2430, 2364, 1367, 2447, 2344, 1371, 2468, 
2328, 1659, 2739, 1758, 1672, 2736, 1733, 1685, 2732, 1715, 
1704, 2735, 1703, 1731, 2744, 1688, 1755, 2491, 1372, 2311, 
2468, 1366, 2326, 2451, 1368, 2352, 2439, 1368, 2375, 2420, 
1367, 2388, 2403, 1584, 2721, 1843, 1601, 2731, 1821, 1619, 
2731, 1794, 1632, 2727, 1769, 1648, 2732, 1756, 1675, 2557, 
1397, 2235, 2543, 1387, 2252, 2516, 1373, 2260, 2499, 1376, 
2293, 2497, 1376, 2320, 2483, 1532, 2702, 1915, 1535, 2696, 
1891, 1550, 2708, 1879, 1572, 2724, 1865, 1593, 2731, 1843, 
1598, 2600, 1414, 2135, 2588, 1410, 2168, 2584, 1409, 2191, 
2570, 1401, 2206, 2552, 1389, 2226, 2536, 1475, 2668, 2011, 
1487, 2673, 1984, 1495, 2677, 1958, 1506, 2684, 1944, 1530, 
2706, 1929, 1548, 2659, 1463, 2057, 2643, 1443, 2073, 2624, 
1436, 2101, 2620, 1430, 2124, 2612, 1427, 2144, 2600, 1428, 
2622, 2095, 1438, 2633, 2072, 1448, 2641, 2048, 1458, 2654, 
2027, 1471, 2663, 2010, 1487, 2691, 1511, 1971, 2684, 1497, 
1992, 2668, 1484, 2009, 2667, 1473, 2039, 2659, 1465, 2060, 
2646, 1399, 2567, 2176, 1399, 2579, 2157, 1411, 2593, 2142, 
1424, 2614, 2122, 1432, 2617, 2098, 1438, 2719, 1563, 1884, 
2708, 1555, 1907, 2708, 1543, 1932, 2700, 1527, 1947, 2689, 
1508, 1963, 2679, 1372, 2505, 2264, 1379, 2524, 2246, 1387, 
2538, 2458, 2323, 1370, 2470, 2303, 1369, 2486, 2281, 1681, 
2734, 1723, 1706, 2741, 1710, 1726, 2738, 1686, 1740, 2732, 
1662, 1756, 2728, 1644, 1774, 2455, 1369, 2347, 2446, 1371, 
2367, 2422, 1363, 2381, 2400, 1358, 2399, 2383, 1365, 2422, 
2367, 1622, 2735, 1807, 1636, 2727, 1779, 1644, 2727, 1752, 
1661, 2732, 1742, 1688, 2746, 1729, 1708, 2526, 1381, 2262, 
2504, 1376, 2278, 2486, 1372, 2307, 2478, 1376, 2332, 2463, 
1370, 2347, 2444, 1551, 2710, 1882, 1567, 2716, 1863, 1582, 
2719, 1843, 1599, 2719, 1819, 1615, 2729, 1804, 1634, 2587, 
1408, 2184, 2571, 1397, 2199, 2552, 1390, 2218, 2538, 1387, 
2248, 2526, 1384, 2265, 2508, 1492, 2675, 1966, 1507, 2684, 
1947, 1516, 2696, 1927, 1536, 2703, 1902, 1548, 2705, 1877, 
1561, 2638, 1445, 2100, 2628, 1437, 2118, 2606, 1419, 2131, 
2591, 1410, 2155, 2586, 1417, 2195, 2583, 1459, 2648, 2059, 
1453, 2636, 2019, 1455, 2648, 2003, 1481, 2675, 2003, 1507, 
2691, 1980, 1515, 2675, 1483, 1996, 2656, 1471, 2025, 2656, 
1464, 2056, 2652, 1459, 2076, 2639, 1444, 2096, 2623, 1414, 
2593, 2144, 1421, 2604, 2114, 1424, 2612, 2092, 1431, 2622, 
2076, 1448, 2639, 2065, 1467, 2717, 1550, 1927, 2702, 1526, 
1939, 2686, 1504, 1958, 2678, 1496, 1981, 2676, 1489, 2014, 
2670, 1393, 2536, 2232, 1394, 2548, 2204, 1393, 2559, 2177, 
1396, 2572, 2161, 1407, 2590, 2144, 1423, 2734, 1610, 1846, 
2726, 1590, 1859, 2716, 1571, 1879, 2710, 1554, 1904, 2706, 
1544, 1924, 2703, 1371, 2471, 2308, 1365, 2485, 2287, 1370, 
2503, 2272, 1385, 2527, 2256, 1390, 2536, 2225, 1384, 2728, 
1666, 1756, 2735, 1657, 1784, 2748, 1651, 1805, 2740, 1625, 
1816, 2721, 1596, 1827, 2713, 1356, 2391, 2387, 1368, 2422, 
2376, 1369, 2439, 2347, 1364, 2451, 2331, 1371, 2473, 2316, 
1376, 2742, 1749, 1680, 2734, 1726, 1695, 2739, 1708, 1718, 
2743, 1699, 1742, 2745, 1685, 1756, 2737, 1367, 2315, 2456, 
1360, 2326, 2441, 1363, 2360, 2432, 1368, 2385, 2415, 1370, 
2403, 2393, 1364, 2724, 1826, 1606, 2723, 1806, 1630, 2734, 
1790, 1651, 2744, 1778, 1671, 2743, 1752, 1683, 2734, 1377, 
2230, 2524, 1375, 2256, 2513, 1382, 2286, 2504, 1382, 2300, 
2480, 1369, 2314, 2455, 1360, 2700, 1912, 1551, 2715, 1897, 
1571, 2723, 1875, 1580, 2720, 1845, 1591, 2721, 1825, 1607, 
2726, 1415, 2150, 2584, 1407, 2172, 2571, 1397, 2201, 2563, 
1397, 2220, 2550, 1392, 2239, 2533, 1382, 2665, 1993, 1482, 
2675, 1971, 1502, 2687, 1958, 1523, 2702, 1941, 1541, 2707, 
1915, 1546, 2705, 1447, 2056, 2627, 1436, 2082, 2624, 1436, 
2113, 2622, 1434, 2145, 2615, 1420, 2158, 2590, 1404, 2621, 
2077, 1443, 2635, 2063, 1459, 2656, 2051, 1475, 2665, 2022, 
1479, 2668, 1996, 1487, 2675, 1500, 1979, 2681, 1493, 2003, 
2671, 1478, 2017, 2654, 1464, 2039, 2643, 1452, 2070, 2645, 
1454, 2587, 2174, 1414, 2592, 2147, 1412, 2595, 2123, 1423, 
2611, 2101, 1435, 2627, 2086, 1448, 2640, 1562, 1895, 2707, 
1543, 1913, 2704, 1531, 1937, 2693, 1518, 1958, 2685, 1501, 
1977, 2678, 1488, 2520, 2259, 1390, 2536, 2239, 1393, 2547, 
2212, 1396, 2556, 2188, 1401, 2567, 2168, 1404, 2590, 1625, 
1807, 2731, 1607, 1833, 2727, 1596, 1857, 2723, 1577, 1872, 
2712, 1560, 1889, 2702, 1544, 2447, 2339, 1376, 2475, 2328, 
1385, 2492, 2300, 1375, 2495, 2267, 1366, 2504, 2247, 1376, 
2529, 1695, 1732, 2744, 1683, 1757, 2738, 1662, 1769, 2733, 
1637, 1793, 2736, 1632, 1817, 2736, 1614, 2375, 2416, 1363, 
2391, 2392, 1363, 2411, 2376, 1367, 2431, 2358, 1366, 2444, 
2335, 1365, 2460, 1767, 1659, 2737, 1753, 1680, 2736, 1740, 
1694, 2740, 1716, 1715, 2739, 1697, 1734, 2737, 1679, 2295, 
2484, 1372, 2316, 2468, 1367, 2353, 2358, 1372, 2575, 1892, 
1809, 2707, 1518, 1973, 2670, 1392, 2607, 2140, 1431, 2615, 
2107, 1431, 2620, 2082, 1431, 2632, 2060, 1453, 2652, 2054, 
1475, 2713, 1539, 1939, 2697, 1516, 1948, 2678, 1500, 1968, 
2675, 1489, 1998, 2672, 1484, 2023, 2666, 1391, 2547, 2224, 
1396, 2562, 2198, 1401, 2573, 2172, 1404, 2582, 2147, 1413, 
2598, 2130, 1431, 2733, 1601, 1855, 2725, 1579, 1868, 2710, 
1555, 1893, 2705, 1543, 1911, 2703, 1536, 1935, 2697, 1371, 
2479, 2300, 1376, 2497, 2280, 1383, 2515, 2261, 1385, 2528, 
2236, 1383, 2536, 2216, 1394, 2747, 1670, 1771, 2739, 1648, 
1791, 2729, 1622, 1803, 2719, 1601, 1823, 2726, 1595, 1848, 
2724, 1366, 2419, 2384, 1369, 2433, 2361, 1369, 2448, 2342, 
1368, 2464, 2321, 1371, 2477, 2299, 1374, 2739, 1737, 1689, 
2732, 1711, 1708, 2736, 1703, 1729, 2744, 1688, 1752, 2740, 
1666, 1771, 2735, 1367, 2328, 2451, 1366, 2352, 2439, 1369, 
2376, 2423, 1365, 2387, 2396, 1363, 2408, 2384, 1371, 2732, 
1821, 1622, 2731, 1795, 1633, 2727, 1769, 1650, 2734, 1753, 
1678, 2739, 1740, 1695, 2743, 1390, 2255, 2523, 1381, 2270, 
2502, 1376, 2288, 2491, 1371, 2310, 2471, 1368, 2328, 2449, 
1363, 2702, 1899, 1559, 2716, 1885, 1578, 2726, 1859, 1587, 
2719, 1832, 1596, 2720, 1814, 1618, 2727, 1417, 2172, 2580, 
1406, 2188, 2567, 1395, 2209, 2556, 1395, 2235, 2543, 1391, 
2254, 2522, 1376, 2670, 1978, 1493, 2680, 1959, 1511, 2697, 
1947, 1532, 2707, 1927, 1545, 2707, 1897, 1551, 2708, 1439, 
2076, 2627, 1444, 2102, 2623, 1432, 2129, 2611, 1424, 2142, 
2596, 1412, 2164, 2580, 1407, 2635, 2072, 1451, 2643, 2048, 
1459, 2652, 2026, 1472, 2665, 2009, 1490, 2679, 1990, 1500, 
2683, 1495, 1987, 2668, 1483, 2014, 2665, 1473, 2041, 2651, 
1462, 2059, 2644, 1447, 2073, 2628, 1434, 2579, 2153, 1411, 
2595, 2135, 1421, 2608, 2122, 1435, 2625, 2097, 1446, 2640, 
2079, 1453, 2644, 1549, 1905, 2703, 1534, 1927, 2697, 1524, 
1953, 2692, 1509, 1971, 2680, 1497, 1987, 2678, 1484, 2527, 
2240, 1385, 2537, 2220, 1391, 2551, 2203, 1400, 2575, 2185, 
1409, 2586, 2163, 1412, 2593, 1614, 1823, 2727, 1600, 1846, 
2725, 1587, 1867, 2716, 1568, 1887, 2712, 1551, 1905, 2703, 
1536, 2456, 2320, 1369, 2471, 2305, 1369, 2489, 2286, 1381, 
2514, 2270, 1388, 2532, 2248, 1390, 2540, 1684, 1739, 2734, 
1665, 1760, 2728, 1647, 1782, 2729, 1632, 1812, 2734, 1621, 
1829, 2735, 1604, 2387, 2404, 1362, 2396, 2375, 1359, 2412, 
2366, 1363, 2440, 2348, 1369, 2460, 2328, 1372, 2483, 1768, 
1675, 2739, 1750, 1688, 2737, 1722, 1702, 2735, 1701, 1722, 
2736, 1687, 1745, 2742, 1673, 2306, 2479, 1372, 2327, 2460, 
1370, 2345, 2438, 1363, 2364, 2422, 1358, 2383, 2402, 1365, 
2406, 1849, 1604, 2735, 1828, 1624, 2733, 1803, 1628, 2732, 
1782, 1646, 2732, 1760, 1665, 2734, 1741, 2224, 2540, 1388, 
2247, 2531, 1387, 2272, 2514, 1381, 2286, 2492, 1373, 2304, 
2469, 1369, 2325, 1926, 1539, 2707, 1905, 1551, 2712, 1887, 
1563, 2717, 1862, 1583, 2719, 1844, 1599, 2725, 1819, 2135, 
2598, 1416, 2160, 2586, 1409, 2184, 2575, 1404, 2208, 2560, 
1396, 2226, 2542, 1385, 2241, 2010, 1479, 2668, 1991, 1495, 
2681, 1967, 1512, 2691, 1956, 1532, 2707, 1932, 1540, 2699, 
1905, 2044, 2639, 1446, 2070, 2631, 1439, 2095, 2624, 1435, 
2118, 2609, 1423, 2136, 2603, 1416, 2163, 2105, 1445, 2631, 
2079, 1448, 2641, 2055, 1454, 2647, 2028, 1467, 2661, 2014, 
1484, 2675, 1994, 1969, 2680, 1499, 1987, 2673, 1487, 2006, 
2665, 1475, 2031, 2655, 1463, 2052, 2644, 1449, 2071, 2184, 
1403, 2581, 2167, 1412, 2595, 2143, 1418, 2611, 2123, 1432, 
2623, 2100, 1437, 2627, 2076, 1875, 2707, 1555, 1902, 2705, 
1539, 1923, 2702, 1531, 1944, 2694, 1511, 1964, 2684, 2715, 
1570, 2418, 2371, 1368, 2439, 2355, 1369, 2452, 2327, 1360, 
2460, 2302, 1366, 2484, 2289, 1377, 2505, 1730, 1703, 2737, 
1708, 1717, 2736, 1686, 1737, 2734, 1671, 1759, 2736, 1656, 
1779, 2732, 1634, 2335, 2440, 1363, 2359, 2423, 1363, 2383, 
2412, 1363, 2396, 2392, 1366, 2417, 2371, 1366, 2435, 1804, 
1628, 2732, 1783, 1646, 2730, 1759, 1663, 2737, 1751, 1683, 
2739, 1729, 1702, 2740, 1708, 2259, 2508, 1375, 2280, 2496, 
1373, 2302, 2480, 1372, 2311, 2460, 1367, 2339, 2444, 1368, 
2362, 1894, 1566, 2716, 1866, 1576, 2718, 1842, 1591, 2723, 
END
1824, 1610, 2729, 1809, 2144, 2519, 1365, 2723, 1581, 1928, 
2643, 1414, 2204, 2463, 1354, 2457, 2223, 1411, 2635, 1944, 
1573, 2724, 1686, 2349, 2347, 1376, 2568, 2072, 1483, 2692, 
1796, 1686, 2720, 1567, 1951, 2638, 1412, 2223, 2451, 1586, 
2726, 1670, 1827, 2691, 1475, 2104, 2552, 1369, 2370, 2328, 
1380, 2580, 2055, 1500, 2705, 1403, 2248, 2436, 1358, 2491, 
2183, 1432, 2660, 1907, 1601, 2728, 1651, 1846, 2686, 1462, 
2126, 2038, 1520, 2716, 1769, 1734, 2718, 1536, 1990, 2613, 
1394, 2268, 2423, 1361, 2510, 2164, 1444, 2672, 1447, 2142, 
2524, 1366, 2407, 2288, 1393, 2608, 2012, 1534, 2713, 1745, 
1752, 2715, 1527, 2524, 2145, 2462, 2229, 1413, 2634, 1947, 
1568, 2726, 1692, 1810, 2702, 1485, 2080, 2568, 1377, 2703, 
1809, 1696, 2731, 1572, 1952, 2639, 1411, 2228, 2459, 1360, 
2479, 2211, 1422, 2660, 1938, 2111, 2562, 1369, 2369, 2326, 
1374, 2576, 2056, 1501, 2710, 1788, 1710, 2720, 1556, 1970, 
2632, 1436, 2663, 1912, 1611, 2736, 1657, 1847, 2688, 1463, 
2116, 2535, 1366, 2384, 2312, 1390, 2595, 1544, 1998, 2625, 
1401, 2273, 2428, 1365, 2510, 2167, 1441, 2670, 1889, 1621, 
2735, 1639, 1871, 2292, 1390, 2607, 2016, 1526, 2724, 1752, 
1752, 2723, 1530, 2015, 2611, 1390, 2285, 2406, 1363, 2736, 
1622, 1888, 2676, 1444, 2167, 2514, 1367, 2427, 2279, 1401, 
2623, 2000, 1540, 2719, 1731, 2315, 2392, 1371, 2544, 2130, 
1468, 2691, 1854, 1662, 2737, 1609, 1912, 2668, 1434, 2188, 
2496, 1552, 2724, 1712, 1788, 2707, 1504, 2055, 2584, 1382, 
2332, 2372, 1376, 2555, 2107, 1475, 2693, 1424, 2207, 2481, 
1365, 2460, 2236, 1416, 2644, 1957, 1571, 2728, 1694, 1804, 
2704, 1489, 2079, 2083, 1485, 2707, 1812, 1691, 2731, 1579, 
1951, 2652, 1416, 2231, 2465, 1364, 2475, 2214, 1423, 2700, 
1483, 2101, 2560, 1372, 2367, 2336, 1379, 2583, 2065, 1499, 
2710, 1792, 1711, 2723, 1559, 2494, 2196, 1432, 2663, 1916, 
1599, 2729, 1655, 1848, 2693, 1467, 2123, 2547, 1372, 2392, 
2320, 1732, 2729, 1551, 1994, 2628, 1399, 2268, 2425, 1359, 
2511, 2173, 1440, 2675, 1897, 1619, 2733, 1369, 2406, 2298, 
1391, 2608, 2023, 1526, 2720, 1755, 1746, 2721, 1531, 2014, 
2620, 1397, 2292, 1876, 1643, 2742, 1628, 1887, 2681, 1447, 
2159, 2513, 1365, 2423, 2279, 1398, 2622, 2003, 1543, 2601, 
1392, 2311, 2396, 1369, 2540, 2133, 1462, 2691, 1857, 1653, 
2736, 1611, 1908, 2670, 1436, 2632, 1984, 1553, 2726, 1719, 
1785, 2713, 1505, 2059, 2588, 1384, 2328, 2377, 1371, 2553, 
2110, 1928, 2659, 1427, 2206, 2486, 1363, 2462, 2238, 1419, 
2648, 1966, 1577, 2731, 1706, 1802, 2701, 1372, 2566, 1920, 
1750, 2636, 1361, 2540, 2091, 1511, 2715, 1777, 1804, 2710, 
1491, 2076, 2577, 1486, 2704, 1814, 1689, 2731, 1580, 1951, 
2648, 1424, 2228, 2468, 1361, 2476, 2220, 1424, 2646, 1481, 
2099, 2563, 1376, 2367, 2340, 1382, 2582, 2071, 1497, 2712, 
1795, 1707, 2731, 1565, 1973, 2200, 1428, 2663, 1918, 1599, 
2733, 1663, 1841, 2697, 1471, 2121, 2554, 1372, 2385, 2321, 
1385, 2726, 1548, 1991, 2628, 1403, 2266, 2435, 1363, 2509, 
2179, 1441, 2672, 1900, 1616, 2735, 1648, 2400, 2303, 1393, 
2601, 2029, 1524, 2715, 1755, 1746, 2723, 1535, 2011, 2616, 
1396, 2288, 2419, 1634, 2738, 1630, 1884, 2679, 1449, 2160, 
2520, 1366, 2428, 2285, 1397, 2621, 2006, 1538, 2728, 1390, 
2311, 2403, 1368, 2539, 2136, 1462, 2686, 1860, 1651, 2735, 
1613, 1904, 2668, 1441, 2183, 1987, 1552, 2730, 1722, 1784, 
2712, 1510, 2051, 2592, 1387, 2331, 2382, 1370, 2557, 2115, 
1468, 2662, 1430, 2206, 2491, 1364, 2457, 2243, 1413, 2641, 
1964, 1566, 2732, 1704, 1802, 2710, 1496, 2568, 2092, 1484, 
2705, 1817, 1688, 2734, 1578, 1945, 2649, 1418, 2223, 2473, 
1363, 2472, 2222, 1820, 2701, 1484, 2096, 2566, 1376, 2361, 
2345, 1379, 2580, 2076, 1496, 2710, 1802, 1707, 2735, 1363, 
2494, 2206, 1427, 2668, 1926, 1598, 2736, 1668, 1840, 2696, 
1472, 2116, 2553, 1374, 2381, 1781, 1723, 2727, 1551, 1985, 
2630, 1405, 2264, 2435, 1363, 2508, 2180, 1434, 2673, 1907, 
1608, 2536, 1369, 2403, 2304, 1390, 2604, 2031, 1520, 2720, 
1763, 1742, 2726, 1539, 2009, 2620, 1397, 2680, 1886, 1631, 
2738, 1628, 1880, 2680, 1449, 2155, 2521, 1368, 2416, 2284, 
1401, 2619, 2013, 2028, 2604, 1392, 2304, 2407, 1369, 2535, 
2140, 1458, 2687, 1863, 1648, 2736, 1618, 1901, 2673, 1407, 
2630, 1992, 1551, 2732, 1724, 1777, 2719, 1513, 2051, 2595, 
1385, 2324, 2385, 1373, 2551, 1600, 1922, 2663, 1431, 2201, 
2492, 1363, 2453, 2247, 1409, 2640, 1969, 1562, 2730, 1698, 
1795, 2367, 1378, 2561, 2096, 1482, 2703, 1823, 1681, 2735, 
1586, 1942, 2652, 1421, 2219, 2472, 1363, 2734, 1688, 1817, 
2704, 1486, 2092, 2567, 1378, 2364, 2347, 1383, 2582, 2076, 
1499, 2710, 1803, 2237, 2463, 1364, 2487, 2206, 1430, 2660, 
1927, 1596, 2736, 1670, 1838, 2697, 1475, 2112, 2556, 1506, 
2712, 1783, 1726, 2730, 1554, 1986, 2639, 1403, 2262, 2446, 
1364, 2502, 2188, 1438, 2669, 1463, 2133, 2540, 1367, 2400, 
2311, 1392, 2605, 2038, 1519, 2719, 1767, 1739, 2724, 1542, 
1999, 2164, 1443, 2676, 1888, 1628, 2737, 1636, 1876, 2684, 
1455, 2156, 2527, 1368, 2417, 2289, 1396, 2721, 1526, 2024, 
2609, 1393, 2301, 2407, 1368, 2535, 2144, 1459, 2687, 1863, 
1655, 2739, 1616, 2435, 2273, 1405, 2624, 1996, 1549, 2727, 
1727, 1775, 2715, 1514, 2047, 2596, 1387, 2319, 2388, 1664, 
2736, 1603, 1919, 2664, 1432, 2195, 2489, 1366, 2441, 2247, 
1411, 2635, 1973, 1564, 2730, 1380, 2335, 2371, 1375, 2563, 
2102, 1480, 2700, 1827, 1680, 2734, 1587, 1940, 2655, 1425, 
2218, 1951, 1568, 2732, 1688, 1812, 2704, 1488, 2087, 2567, 
1378, 2359, 2349, 1377, 2576, 2080, 1491, 2643, 1417, 2236, 
2463, 1366, 2483, 2211, 1428, 2659, 1929, 1593, 2735, 1672, 
1834, 2703, 1479, 2588, 2063, 1502, 2716, 1788, 1715, 2731, 
1557, 1980, 2634, 1409, 2256, 2446, 1362, 2501, 2189, 1854, 
2691, 1464, 2131, 2544, 1372, 2399, 2315, 1387, 2603, 2040, 
1516, 2718, 1764, 1731, 2723, 1363, 2515, 2164, 1446, 2676, 
1891, 1625, 2739, 1640, 1873, 2686, 1454, 2153, 2529, 1370, 
2414, 1745, 1759, 2722, 1528, 2020, 2613, 1397, 2297, 2296, 
2403, 1366, 2528, 2147, 1455, 2683, 1868, 2169, 2511, 1362, 
2432, 2271, 1400, 2624, 1998, 1543, 2725, 1731, 1771, 2707, 
1518, 2043, 2591, 1469, 2691, 1853, 1658, 2736, 1605, 1913, 
2668, 1433, 2193, 2497, 1365, 2447, 2251, 1407, 2634, 1500, 
2062, 2590, 1382, 2335, 2372, 1375, 2561, 2107, 1480, 2706, 
1838, 1682, 2739, 1590, 1935, 2226, 1410, 2636, 1951, 1573, 
2736, 1695, 1810, 2704, 1489, 2086, 2575, 1379, 2355, 2356, 
1380, 2734, 1572, 1951, 2640, 1415, 2225, 2466, 1366, 2486, 
2220, 1432, 2663, 1937, 1593, 2735, 1676, 2368, 2328, 1377, 
2583, 2063, 1502, 2712, 1788, 1713, 2728, 1560, 1979, 2638, 
1412, 2263, 2454, 1607, 2740, 1660, 1855, 2691, 1466, 2126, 
2547, 1370, 2388, 2313, 1387, 2599, 2039, 1516, 2719, 1404, 
2276, 2432, 1368, 2515, 2172, 1443, 2674, 1894, 1622, 2732, 
1643, 1864, 2685, 1459, 2151, 2028, 1531, 2724, 1760, 1756, 
2727, 1534, 2016, 2611, 1389, 2287, 2403, 1363, 2528, 2153, 
1458, 2681, 1450, 2175, 2520, 1369, 2432, 2277, 1400, 2627, 
2006, 1542, 2721, 1731, 1767, 2715, 1515, 2542, 2134, 1468, 
2697, 1859, 1663, 2742, 1612, 1911, 2667, 1431, 2183, 2495, 
1359, 2443, 2257, 1788, 2718, 1507, 2060, 2595, 1387, 2337, 
2375, 1375, 2558, 2112, 1475, 2701, 1831, 1671, 2736, 1368, 
2467, 2239, 1420, 2647, 1958, 1570, 2732, 1694, 1806, 2705, 
1492, 2083, 2572, 1380, 2352, 1809, 1695, 2734, 1579, 1953, 
2651, 1418, 2235, 2470, 1370, 2484, 2221, 1429, 2659, 1942, 
1589, 2560, 1369, 2364, 2329, 1376, 2584, 2068, 1502, 2713, 
1795, 1714, 2734, 1568, 1976, 2644, 1412, 2668, 1917, 1603, 
2734, 1660, 1846, 2695, 1468, 2127, 2551, 1375, 2396, 2327, 
1396, 2600, 2048, 1992, 2622, 1394, 2264, 2427, 1366, 2508, 
2174, 1439, 2674, 1898, 1622, 2741, 1653, 1868, 2690, 1399, 
2609, 2028, 1527, 2721, 1757, 1747, 2719, 1532, 2014, 2613, 
1395, 2289, 2416, 1367, 2529, 1625, 1889, 2681, 1448, 2167, 
2520, 1369, 2424, 2279, 1396, 2617, 2002, 1538, 2727, 1738, 
1772, 2404, 1374, 2547, 2140, 1468, 2695, 1856, 1654, 2732, 
1610, 1904, 2668, 1429, 2183, 2495, 1357, 2728, 1721, 1789, 
2719, 1515, 2065, 2597, 1387, 2329, 2376, 1367, 2547, 2109, 
1473, 2700, 1841, 2215, 2496, 1374, 2467, 2246, 1419, 2641, 
1961, 1568, 2721, 1694, 1792, 2702, 1491, 2078, 2579, 1488, 
2705, 1821, 1695, 2739, 1587, 1953, 2652, 1420, 2225, 2467, 
1361, 2475, 2218, 1423, 2657, 1487, 2104, 2573, 1376, 2371, 
2348, 1386, 2586, 2070, 1497, 2709, 1792, 1705, 2732, 1565, 
1974, 2202, 1433, 2667, 1922, 1601, 2735, 1663, 1841, 2693, 
1476, 2128, 2561, 1383, 2396, 2326, 1391, 2720, 1540, 1976, 
2620, 1395, 2267, 2439, 1367, 2513, 2182, 1444, 2675, 1903, 
1620, 2742, 1649, 2406, 2304, 1393, 2604, 2025, 1521, 2719, 
1758, 1747, 2727, 1542, 2025, 2631, 1401, 2296, 2427, 1630, 
2732, 1624, 1875, 2674, 1447, 2161, 2524, 1370, 2428, 2289, 
1404, 2623, 2012, 1540, 2724, 1388, 2303, 2398, 1371, 2535, 
2147, 1464, 2703, 1868, 1649, 2739, 1616, 1902, 2668, 1439, 
2185, 1991, 1556, 2732, 1722, 1779, 2710, 1504, 2051, 2593, 
1390, 2331, 2390, 1379, 2560, 2118, 1472, 2657, 1422, 2201, 
2483, 1366, 2456, 2251, 1425, 2648, 1971, 1570, 2729, 1698, 
1794, 2700, 1494, 2564, 2097, 1491, 2712, 1828, 1695, 2739, 
1588, 1948, 2648, 1420, 2216, 2465, 1363, 2471, 2230, 1824, 
2715, 1500, 2109, 2576, 1385, 2368, 2343, 1376, 2571, 2062, 
1487, 2707, 1797, 1708, 2732, 1369, 2495, 2207, 1436, 2667, 
1928, 1602, 2741, 1500, 2188, 2223, 1570, 2736, 1649, 1883, 
2664, 1438, 2719, 1758, 1746, 2722, 1536, 2009, 2620, 1396, 
2289, 2428, 1370, 2527, 2162, 1449, 2678, 1446, 2153, 2516, 
1366, 2420, 2294, 1401, 2623, 2016, 1539, 2730, 1743, 1758, 
2719, 1520, 2027, 2136, 1461, 2688, 1864, 1651, 2739, 1614, 
1901, 2672, 1439, 2177, 2507, 1367, 2439, 2270, 1409, 2712, 
1508, 2054, 2595, 1387, 2324, 2386, 1376, 2555, 2124, 1477, 
2704, 1849, 1673, 2741, 1601, 2447, 2238, 1400, 2630, 1963, 
1566, 2732, 1712, 1809, 2711, 1507, 2079, 2588, 1383, 2339, 
2358, 1679, 2724, 1581, 1940, 2656, 1426, 2223, 2481, 1372, 
2472, 2225, 1417, 2645, 1944, 1577, 2732, 1377, 2368, 2353, 
1385, 2584, 2080, 1495, 2707, 1800, 1699, 2732, 1571, 1961, 
2651, 1417, 2249, 1933, 1598, 2736, 1669, 1836, 2697, 1475, 
2117, 2559, 1381, 2387, 2331, 1384, 2591, 2047, 1497, 2630, 
1404, 2264, 2455, 1377, 2519, 2198, 1451, 2673, 1898, 1600, 
2724, 1643, 1855, 2691, 1464, 2611, 2044, 1526, 2727, 1770, 
1739, 2726, 1543, 2004, 2617, 1394, 2278, 2415, 1362, 2519, 
2161, 1879, 2684, 1461, 2160, 2534, 1376, 2422, 2291, 1390, 
2612, 2005, 1528, 2721, 1747, 1762, 2726, 1374, 2536, 2146, 
1459, 2685, 1862, 1642, 2736, 1624, 1899, 2679, 1448, 2181, 
2512, 1367, 2439, 1730, 1778, 2720, 1515, 2056, 2601, 1390, 
2320, 2387, 1368, 2543, 2116, 1469, 2697, 1852, 1672, 2503, 
1372, 2456, 2243, 1406, 2623, 1959, 1559, 2728, 1706, 1800, 
2714, 1511, 2074, 2591, 1383, 2700, 1821, 1676, 2729, 1583, 
1937, 2656, 1426, 2222, 2483, 1369, 2474, 2240, 1424, 2651, 
1954, 2083, 2559, 1367, 2350, 2351, 1378, 2577, 2085, 1501, 
2720, 1818, 1706, 2735, 1570, 1954, 2639, 1423, 2660, 1933, 
1599, 2744, 1680, 1841, 2702, 1474, 2106, 2548, 1365, 2372, 
2335, 1388, 2594, 1567, 1990, 2648, 1418, 2263, 2443, 1359, 
2494, 2183, 1432, 2663, 1908, 1610, 2742, 1663, 1860, 2316, 
1390, 2599, 2034, 1513, 2713, 1764, 1732, 2727, 1548, 2011, 
2632, 1403, 2281, 2422, 1362, 2734, 1637, 1874, 2684, 1455, 
2158, 2532, 1372, 2419, 2298, 1396, 2613, 2016, 1528, 2721, 
1750, 2296, 2411, 1370, 2536, 2156, 1464, 2688, 1870, 1641, 
2732, 1619, 1888, 2669, 1438, 2172, 2513, 1551, 2732, 1735, 
1776, 2719, 1514, 2044, 2598, 1388, 2319, 2393, 1376, 2552, 
2127, 1470, 2697, 1438, 2188, 2492, 1356, 2441, 2249, 1408, 
2638, 1977, 1564, 2736, 1717, 1796, 2713, 1503, 2063, 2101, 
1475, 2697, 1827, 1679, 2737, 1591, 1937, 2659, 1432, 2217, 
2485, 1364, 2466, 2233, 1430, 2712, 1501, 2089, 2576, 1379, 
2356, 2351, 1374, 2568, 2079, 1489, 2711, 1819, 1705, 2742, 
1583, 2485, 2209, 1420, 2643, 1923, 1582, 2732, 1676, 1838, 
2710, 1486, 2115, 2566, 1374, 2376, 2327, 1708, 2724, 1558, 
1978, 2639, 1412, 2262, 2452, 1368, 2503, 2193, 1435, 2665, 
1911, 1606, 2736, 1375, 2390, 2320, 1390, 2601, 2041, 1514, 
2716, 1766, 1727, 2721, 1545, 1998, 2633, 1409, 2285, 1900, 
1631, 2739, 1640, 1868, 2683, 1451, 2152, 2535, 1372, 2417, 
2301, 1396, 2613, 2023, 1524, 2617, 1399, 2275, 2436, 1372, 
2526, 2180, 1448, 2678, 1891, 1622, 2732, 1639, 1868, 2687, 
1457, 2616, 2025, 1532, 2726, 1753, 1749, 2724, 1537, 2020, 
2616, 1395, 2300, 2419, 1368, 2531, 2148, 1890, 2670, 1445, 
2171, 2520, 1374, 2435, 2283, 1406, 2627, 1999, 1540, 2720, 
1727, 1764, 2712, 1370, 2544, 2136, 1470, 2701, 1866, 1660, 
2737, 1609, 1910, 2667, 1436, 2187, 2505, 1363, 2447, 1720, 
1792, 2716, 1502, 2059, 2587, 1383, 2331, 2379, 1378, 2562, 
2113, 1478, 2699, 2695, 1861, 2191, 2502, 1362, 2441, 2252, 
1400, 2627, 1978, 1559, 2732, 1716, 1790, 2715, 1508, 2060, 
2591, 1473, 2699, 1839, 1676, 2735, 1587, 1934, 2660, 1422, 
2204, 2477, 1359, 2456, 2232, 1414, 2648, 1496, 2086, 2574, 
1378, 2347, 2353, 1372, 2571, 2086, 1485, 2711, 1821, 1698, 
2737, 1574, 1946, 2219, 1419, 2646, 1933, 1585, 2735, 1683, 
1832, 2705, 1484, 2104, 2559, 1368, 2364, 2332, 1377, 2729, 
1564, 1975, 2640, 1414, 2252, 2452, 1367, 2497, 2199, 1439, 
2665, 1916, 1604, 2739, 1662, 2385, 2314, 1383, 2593, 2046, 
1510, 2720, 1778, 1731, 2731, 1549, 1996, 2627, 1406, 2268, 
2427, 1619, 2736, 1646, 1868, 2687, 1454, 2147, 2543, 1379, 
2412, 2306, 1395, 2608, 2020, 1517, 2716, 1390, 2289, 2411, 
1368, 2529, 2158, 1456, 2687, 1880, 1636, 2735, 1627, 1888, 
2679, 1447, 2168, 2007, 1543, 2724, 1732, 1764, 2713, 1516, 
2033, 2602, 1392, 2311, 2403, 1375, 2543, 2140, 1467, 2668, 
1436, 2179, 2502, 1366, 2440, 2264, 1410, 2633, 1983, 1552, 
2726, 1712, 1780, 2713, 1510, 2555, 2119, 1481, 2703, 1840, 
1671, 2732, 1590, 1929, 2663, 1430, 2204, 2492, 1368, 2460, 
2243, 1803, 2705, 1491, 2073, 2574, 1376, 2349, 2365, 1382, 
2569, 2087, 1479, 2711, 1819, 1689, 2738, 1368, 2473, 2227, 
1430, 2657, 1947, 1583, 2729, 1677, 1822, 2696, 1476, 2095, 
2561, 1376, 2368, 1803, 1713, 2736, 1566, 1967, 2646, 1411, 
2243, 2449, 1363, 2491, 2207, 1436, 2668, 1923, 1602, 2553, 
1365, 2384, 2322, 1385, 2599, 2052, 1515, 2723, 1786, 1727, 
2724, 1549, 1980, 2622, 1396, 2665, 1905, 1624, 2743, 1658, 
1870, 2695, 1465, 2140, 2531, 1368, 2398, 2303, 1389, 2604, 
2027, 2012, 2620, 1400, 2289, 2420, 1370, 2523, 2158, 1450, 
2680, 1879, 1629, 2738, 1633, 1887, 2680, 1403, 2618, 2015, 
1542, 2728, 1750, 1771, 2728, 1529, 2038, 2609, 1392, 2303, 
2395, 1354, 2527, 1612, 1905, 2678, 1440, 2193, 2515, 1370, 
2446, 2267, 1401, 2626, 1979, 1545, 2721, 1715, 1779, 2384, 
1375, 2560, 2126, 1483, 2703, 1842, 1671, 2740, 1594, 1921, 
2659, 1426, 2201, 2492, 1367, 2737, 1700, 1810, 2718, 1509, 
2073, 2581, 1376, 2342, 2360, 1369, 2561, 2092, 1484, 2708, 
1826, 2227, 2491, 1371, 2480, 2232, 1425, 2653, 1944, 1579, 
2731, 1681, 1815, 2702, 1481, 2089, 2568, 1496, 2712, 1801, 
1706, 2732, 1572, 1968, 2643, 1409, 2243, 2455, 1364, 2488, 
2207, 1432, 2668, 1480, 2126, 2562, 1379, 2385, 2324, 1380, 
2584, 2047, 1500, 2707, 1776, 1720, 2732, 1561, 1998, 2191, 
1443, 2669, 1901, 1605, 2729, 1644, 1851, 2691, 1470, 2148, 
2551, 1380, 2413, 2310, 1394, 2719, 1531, 1998, 2611, 1398, 
2283, 2427, 1377, 2528, 2163, 1454, 2680, 1883, 1628, 2729, 
1631, 2421, 2287, 1392, 2616, 2015, 1536, 2727, 1742, 1765, 
2719, 1531, 2036, 2614, 1399, 2307, 2409, 1644, 2735, 1613, 
1895, 2672, 1439, 2180, 2508, 1367, 2439, 2270, 1404, 2627, 
1993, 1557, 2734, 1387, 2332, 2383, 1369, 2547, 2115, 1464, 
2692, 1844, 1667, 2742, 1608, 1927, 2673, 1443, 2206, 1968, 
1560, 2724, 1700, 1795, 2715, 1500, 2078, 2583, 1380, 2342, 
2363, 1369, 2560, 2092, 1479, 2659, 1431, 2232, 2488, 1375, 
2471, 2225, 1411, 2639, 1935, 1567, 2728, 1688, 1829, 2719, 
1501, 2595, 2090, 1496, 2702, 1795, 1684, 2723, 1555, 1952, 
2640, 1415, 2247, 2469, 1371, 2494, 2211, 1843, 2703, 1479, 
2115, 2559, 1378, 2380, 2327, 1369, 2580, 2050, 1500, 2715, 
1786, 1724, 2735, 1371, 2510, 2194, 1439, 2668, 1904, 1606, 
2731, 1649, 1852, 2689, 1464, 2137, 2468, 1378, 2612, 1393, 
2377, 2314, 1397, 2633, 1926, 1599, 2717, 1539, 1972, 2629, 
1408, 2266, 2457, 1378, 2513, 1660, 1857, 2689, 1455, 2127, 
2530, 1363, 2394, 2310, 1396, 2611, 2048, 1536, 2724, 1771, 
1740, 2424, 1364, 2515, 2160, 1444, 2675, 1881, 1624, 2739, 
1643, 1883, 2685, 1455, 2156, 2529, 1365, 2723, 1740, 1752, 
2721, 1528, 2031, 2616, 1395, 2302, 2414, 1373, 2535, 2147, 
1455, 2684, 1865, 2174, 2511, 1372, 2438, 2272, 1402, 2623, 
1990, 1540, 2724, 1731, 1778, 2723, 1523, 2056, 2605, 1465, 
2692, 1834, 1656, 2720, 1598, 1916, 2672, 1443, 2209, 2511, 
1381, 2462, 2257, 1404, 2628, 1495, 2062, 2576, 1380, 2339, 
2375, 1380, 2572, 2108, 1481, 2699, 1822, 1675, 2730, 1576, 
1935, 2236, 1428, 2656, 1963, 1585, 2736, 1694, 1808, 2700, 
1484, 2082, 2571, 1383, 2367, 2353, 1382, 2743, 1577, 1958, 
2643, 1408, 2227, 2451, 1364, 2479, 2214, 1426, 2663, 1943, 
1603, 2746, 1680, 2377, 2329, 1383, 2584, 2057, 1501, 2707, 
1787, 1718, 2736, 1556, 1978, 2636, 1411, 2260, 2452, 1613, 
2737, 1660, 1857, 2687, 1462, 2128, 2542, 1364, 2395, 2313, 
1393, 2608, 2051, 1527, 2726, 1404, 2286, 2432, 1363, 2508, 
2168, 1441, 2672, 1887, 1619, 2734, 1639, 1876, 2687, 1462, 
2161, 2023, 1531, 2719, 1747, 1748, 2715, 1520, 2015, 2615, 
1398, 2309, 2423, 1380, 2540, 2156, 1458, 2673, 1435, 2161, 
2509, 1359, 2431, 2275, 1406, 2629, 2003, 1549, 2728, 1735, 
1773, 2716, 1515, 2544, 2127, 1465, 2694, 1850, 1657, 2736, 
1611, 1918, 2680, 1443, 2196, 2500, 1368, 2448, 2253, 1788, 
2708, 1500, 2060, 2588, 1383, 2339, 2378, 1382, 2560, 2105, 
1480, 2700, 1829, 1677, 2739, 1366, 2465, 2233, 1414, 2647, 
1956, 1576, 2735, 1699, 1824, 2716, 1502, 2095, 2580, 1374, 
2351, 1803, 1685, 2724, 1571, 1956, 2651, 1425, 2239, 2474, 
1368, 2480, 2208, 1417, 2648, 1930, 1587, 2566, 1379, 2383, 
2345, 1396, 2592, 2067, 1500, 2703, 1785, 1702, 2724, 1558, 
1983, 2646, 1412, 2668, 1923, 1607, 2734, 1656, 1846, 2686, 
1460, 2127, 2545, 1375, 2396, 2323, 1394, 2606, 2044, 2000, 
2624, 1404, 2275, 2433, 1367, 2515, 2175, 1439, 2673, 1894, 
1627, 2736, 1635, 1866, 2684, 1404, 2622, 2030, 1534, 2728, 
1756, 1749, 2719, 1526, 2013, 2611, 1388, 2296, 2423, 1377, 
2540, 1633, 1900, 2682, 1448, 2159, 2508, 1364, 2424, 2275, 
1399, 2623, 2003, 1546, 2731, 1739, 1770, 2396, 1367, 2543, 
2127, 1470, 2692, 1851, 1655, 2736, 1612, 1916, 2671, 1443, 
2188, 2503, 1369, 2731, 1719, 1796, 2716, 1504, 2057, 2588, 
1381, 2329, 2377, 1375, 2559, 2115, 1479, 2700, 1835, 2204, 
2483, 1364, 2459, 2232, 1415, 2646, 1966, 1580, 2739, 1705, 
1816, 2712, 1491, 2076, 2579, 1487, 2704, 1813, 1693, 2735, 
1577, 1951, 2644, 1414, 2224, 2464, 1363, 2483, 2223, 1428, 
2662, 1487, 2107, 2559, 1368, 2363, 2331, 1376, 2585, 2073, 
1517, 2721, 1813, 1721, 2739, 1569, 1971, 2188, 1423, 2652, 
1913, 1603, 2739, 1667, 1851, 2694, 1471, 2126, 2548, 1363, 
2384, 2318, 1388, 2736, 1559, 2004, 2636, 1409, 2275, 2432, 
1356, 2499, 2162, 1432, 2672, 1902, 1630, 2751, 1656, 2414, 
2303, 1392, 2603, 2015, 1518, 2711, 1754, 1744, 2726, 1537, 
2017, 2620, 1400, 2288, 2423, 1631, 2744, 1635, 1894, 2684, 
1451, 2164, 2512, 1358, 2418, 2273, 1396, 2619, 2008, 1545, 
2735, 1403, 2322, 2407, 1371, 2535, 2129, 1456, 2684, 1855, 
1651, 2737, 1614, 1907, 2676, 1441, 2190, 1988, 1558, 2734, 
1721, 1790, 2715, 1507, 2055, 2587, 1380, 2323, 2375, 1368, 
2555, 2114, 1482, 2668, 1438, 2488, 2488, 2582, 1385, 2355, 
2366, 1376, 2567, 2087, 1478, 2698, 1815, 1687, 2736, 1369, 
2483, 2227, 1425, 2647, 1936, 1580, 2731, 1678, 1824, 2696, 
1483, 2103, 2569, 1371, 2364, 1792, 1708, 2730, 1569, 1972, 
2648, 1420, 2251, 2457, 1365, 2488, 2192, 1419, 2653, 1915, 
1597, 2547, 1372, 2389, 2328, 1391, 2608, 2056, 1513, 2713, 
1774, 1723, 2726, 1548, 1985, 2627, 1401, 2677, 1910, 1623, 
2744, 1655, 1867, 2691, 1460, 2141, 2532, 1370, 2396, 2300, 
1387, 2600, 2024, 2012, 2613, 1399, 2295, 2427, 1371, 2528, 
2161, 1456, 2683, 1882, 1632, 2732, 1625, 1877, 2673, 1395, 
2616, 2009, 1536, 2727, 1752, 1770, 2723, 1528, 2034, 2604, 
1391, 2307, 2401, 1358, 2537, 1610, 1900, 2670, 1438, 2182, 
2506, 1369, 2446, 2272, 1414, 2636, 1988, 1551, 2727, 1718, 
1772, 2379, 1373, 2550, 2122, 1474, 2704, 1843, 1670, 2729, 
1599, 1923, 2664, 1432, 2200, 2492, 1365, 2731, 1703, 1799, 
2707, 1494, 2077, 2585, 1387, 2352, 2371, 1381, 2561, 2096, 
1480, 2704, 1816, 2222, 2472, 1364, 2475, 2231, 1420, 2646, 
1944, 1581, 2734, 1689, 1825, 2704, 1484, 2102, 2568, 1497, 
2711, 1799, 1702, 2729, 1569, 1967, 2649, 1417, 2244, 2457, 
1367, 2488, 2202, 1430, 2656, 1471, 2121, 2561, 1377, 2386, 
2329, 1385, 2592, 2051, 1503, 2711, 1777, 1716, 2731, 1547, 
1989, 2187, 1442, 2675, 1911, 1612, 2748, 1651, 1863, 2693, 
1463, 2144, 2539, 1365, 2398, 2299, 1387, 2723, 1539, 2012, 
2623, 1405, 2289, 2428, 1371, 2524, 2162, 1448, 2675, 1880, 
1628, 2734, 1636, 2418, 2291, 1403, 2624, 2020, 1542, 2728, 
1745, 1764, 2720, 1521, 2023, 2608, 1388, 2300, 2403, 1647, 
2735, 1619, 1903, 2681, 1447, 2185, 2513, 1368, 2439, 2266, 
1404, 2627, 1991, 1542, 2720, 1383, 2323, 2392, 1379, 2567, 
2128, 1483, 2707, 1846, 1661, 2729, 1598, 1915, 2659, 1430, 
2199, 1974, 1572, 2739, 1710, 1798, 2710, 1495, 2065, 2572, 
1377, 2342, 2374, 1379, 2566, 2101, 1487, 2659, 1412, 2214, 
2479, 1364, 2474, 2231, 1427, 2656, 1950, 1579, 2732, 1680, 
1811, 2697, 1485, 2582, 2083, 1503, 2718, 1811, 1696, 2735, 
1564, 1959, 2643, 1411, 2232, 2460, 1369, 2495, 2217, 1843, 
2703, 1475, 2112, 2553, 1367, 2375, 2327, 1382, 2593, 2060, 
1508, 2716, 1785, 1721, 2735, 1364, 2509, 2193, 1440, 2672, 
1910, 1612, 2732, 1649, 1855, 2688, 1460, 2134, 2544, 1373, 
2403, 1770, 1743, 2727, 1543, 2002, 2622, 1397, 2279, 2425, 
1364, 2527, 2164, 1448, 2679, 1894, 1628, 2530, 1363, 2417, 
2297, 1400, 2622, 2017, 1538, 2729, 1746, 1757, 2716, 1525, 
2022, 2608, 1390, 2687, 1871, 1649, 2740, 1623, 1902, 2676, 
1443, 2175, 2515, 1367, 2435, 2268, 1406, 2628, 1997, 2043, 
2595, 1383, 2315, 2395, 1371, 2552, 2129, 1475, 2703, 1855, 
1666, 2737, 1601, 1913, 2657, 1403, 2636, 1971, 1558, 2734, 
1720, 1802, 2726, 1504, 2060, 2580, 1382, 2336, 2363, 1372, 
2558, 1584, 1937, 2655, 1428, 2219, 2483, 1368, 2469, 2228, 
1425, 2650, 1955, 1579, 2732, 1692, 1811, 2345, 1376, 2575, 
2076, 1493, 2704, 1804, 1703, 2735, 1579, 1963, 2651, 1418, 
2240, 2463, 1367, 2737, 1673, 1835, 2699, 1474, 2108, 2555, 
1368, 2376, 2339, 1389, 2588, 2060, 1511, 2718, 1792, 2259, 
2454, 1367, 2499, 2187, 1433, 2668, 1907, 1607, 2736, 1658, 
1856, 2692, 1465, 2136, 2550, 1523, 2723, 1772, 1736, 2723, 
1541, 2000, 2625, 1395, 2272, 2418, 1363, 2521, 2176, 1453, 
2686, 1466, 2159, 2531, 1366, 2407, 2285, 1387, 2607, 2012, 
1530, 2725, 1755, 1761, 2730, 1536, 2028, 2151, 1454, 2703, 
1731, 1867, 2547, 1379, 2580, 2091, 1523, 2729, 1716, 1895, 
2676, 1440, 2168, 1993, 1543, 2721, 1732, 1776, 2721, 1523, 
2044, 2601, 1388, 2313, 2389, 1362, 2540, 2131, 1471, 2670, 
1440, 2197, 2501, 1366, 2451, 2255, 1411, 2639, 1979, 1564, 
2734, 1718, 1794, 2716, 1502, 2551, 2095, 1469, 2694, 1829, 
1683, 2745, 1606, 1953, 2672, 1427, 2215, 2476, 1355, 2451, 
2215, 1801, 2702, 1488, 2090, 2583, 1390, 2366, 2364, 1385, 
2576, 2086, 1488, 2704, 1807, 1691, 2729, 1363, 2478, 2211, 
1424, 2659, 1947, 1599, 2739, 1681, 1840, 2707, 1480, 2106, 
2556, 1372, 2372, 1787, 1711, 2727, 1562, 1976, 2638, 1411, 
2256, 2451, 1368, 2500, 2196, 1437, 2671, 1916, 1607, 2544, 
1374, 2388, 2324, 1387, 2604, 2040, 1518, 2723, 1772, 1731, 
2724, 1545, 2001, 2625, 1404, 2680, 1900, 1630, 2742, 1645, 
1870, 2680, 1455, 2143, 2529, 1367, 2415, 2300, 1402, 2620, 
2030, 2019, 2611, 1392, 2291, 2415, 1368, 2527, 2151, 1456, 
2687, 1878, 1640, 2739, 1630, 1892, 2679, 1406, 2631, 2006, 
1548, 2727, 1729, 1762, 2707, 1508, 2035, 2604, 1384, 2319, 
2409, 1387, 2552, 1616, 1911, 2667, 1424, 2185, 2497, 1364, 
2448, 2264, 1413, 2639, 1984, 1553, 2723, 1708, 1775, 2372, 
1370, 2565, 2116, 1480, 2707, 1849, 1681, 2735, 1591, 1931, 
2656, 1422, 2206, 2480, 1361, 2735, 1700, 1814, 2711, 1497, 
2086, 2582, 1384, 2356, 2360, 1377, 2571, 2085, 1476, 2695, 
1810, 2232, 2460, 1359, 2483, 2225, 1429, 2663, 1948, 1599, 
2744, 1683, 1830, 2700, 1475, 2091, 2552, 1487, 2702, 1793, 
1704, 2737, 1575, 1989, 2656, 1425, 2261, 2455, 1362, 2483, 
2191, 1417, 2650, 1460, 2123, 2555, 1380, 2399, 2331, 1397, 
2603, 2051, 1511, 2716, 1774, 1720, 2722, 1547, 1996, 2176, 
1445, 2676, 1899, 1619, 2739, 1649, 1868, 2695, 1462, 2144, 
2537, 1371, 2403, 2296, 1389, 2718, 1529, 2011, 2619, 1400, 
2296, 2425, 1376, 2532, 2159, 1451, 2680, 1874, 1632, 2737, 
1631, 2432, 2289, 1408, 2625, 2007, 1540, 2723, 1727, 1763, 
2716, 1517, 2036, 2608, 1398, 2318, 2406, 1657, 2740, 1612, 
1905, 2665, 1436, 2185, 2503, 1369, 2447, 2265, 1411, 2635, 
1981, 1551, 2727, 1391, 2329, 2391, 1377, 2563, 2120, 1476, 
2696, 1832, 1665, 2727, 1588, 1922, 2659, 1433, 2215, 1975, 
1581, 2741, 1701, 1798, 2695, 1487, 2071, 2576, 1383, 2359, 
2367, 1381, 2575, 2102, 1484, 2643, 1414, 2220, 2467, 1367, 
2484, 2231, 1438, 2664, 1948, 1584, 2728, 1674, 1811, 2692, 
1476, 2584, 2076, 1508, 2723, 1808, 1713, 2738, 1572, 1977, 
2632, 1400, 2241, 2449, 1361, 2487, 2198, 1844, 2696, 1475, 
2124, 2558, 1379, 2393, 2330, 1392, 2599, 2051, 1511, 2711, 
1772, 1718, 2719, 1359, 2503, 2179, 1439, 2683, 1921, 1628, 
2740, 1658, 1867, 2688, 1454, 2131, 2525, 1354, 2392, 1751, 
1743, 2727, 1544, 2024, 2632, 1411, 2299, 2428, 1369, 2520, 
2153, 1443, 2675, 1881, 1635, 2519, 1376, 2433, 2296, 1408, 
2623, 2011, 1535, 2721, 1735, 1759, 2713, 1518, 2028, 2604, 
1390, 2691, 1855, 1652, 2739, 1614, 1908, 2675, 1444, 2188, 
2511, 1366, 2435, 2257, 1403, 2632, 1984, 2052, 2596, 1387, 
2328, 2387, 1374, 2553, 2113, 1471, 2692, 1835, 1663, 2736, 
1599, 1927, 2672, 1420, 2647, 1971, 1573, 2735, 1704, 1798, 
2702, 1500, 2075, 2579, 1375, 2342, 2364, 1374, 2568, 1585, 
1948, 2659, 1427, 2230, 2479, 1368, 2475, 2220, 1414, 2644, 
1937, 1575, 2729, 1683, 1823, 2352, 1391, 2590, 2080, 1496, 
2711, 1801, 1702, 2727, 1567, 1964, 2639, 1415, 2243, 2459, 
1368, 2737, 1673, 1843, 2699, 1477, 2122, 2556, 1372, 2380, 
2367, 2350, 1387, 2585, 2080, 1500, 2711, 1416, 2240, 2456, 
1361, 2483, 2198, 1424, 2649, 1916, 1592, 2732, 1668, 1843, 
2700, 1484, 2127, 2057, 1512, 2716, 1784, 1711, 2718, 1543, 
1976, 2627, 1404, 2263, 2444, 1370, 2511, 2190, 1443, 2691, 
1460, 2134, 2534, 1370, 2398, 2305, 1390, 2601, 2024, 1520, 
2716, 1758, 1741, 2723, 1544, 2528, 2171, 1456, 2684, 1887, 
1627, 2730, 1624, 1868, 2678, 1443, 2158, 2527, 1374, 2424, 
2295, 1763, 2719, 1523, 2022, 2601, 1385, 2299, 2403, 1367, 
2538, 2148, 1460, 2689, 1865, 1646, 2736, 1367, 2439, 2271, 
1409, 2633, 1997, 1556, 2728, 1726, 1776, 2711, 1505, 2041, 
2591, 1379, 2321, 1843, 1665, 2737, 1607, 1925, 2661, 1432, 
2201, 2502, 1367, 2459, 2251, 1415, 2637, 1968, 1562, 2577, 
1371, 2332, 2364, 1372, 2564, 2100, 1487, 2707, 1830, 1686, 
2739, 1591, 1943, 2655, 1428, 2648, 1939, 1570, 2725, 1684, 
1815, 2697, 1484, 2093, 2574, 1380, 2366, 2354, 1383, 2577, 
2079, 1958, 2639, 1411, 2237, 2458, 1360, 2491, 2211, 1433, 
2661, 1935, 1596, 2743, 1677, 1836, 2694, 1380, 2587, 2053, 
1500, 2708, 1779, 1715, 2727, 1555, 1988, 2640, 1416, 2270, 
2454, 1371, 2509, 1656, 1855, 2686, 1455, 2124, 2531, 1365, 
2392, 2299, 1387, 2608, 2043, 1519, 2723, 1768, 1742, 2431, 
1369, 2521, 2168, 1450, 2679, 1890, 1627, 2736, 1635, 1873, 
2679, 1452, 2156, 2529, 1371, 2727, 1749, 1755, 2726, 1534, 
2019, 2606, 1395, 2302, 2408, 1369, 2525, 2145, 1455, 2684, 
1869, 2176, 2513, 1370, 2438, 2276, 1408, 2627, 1995, 1544, 
2723, 1729, 1773, 2719, 1515, 2049, 2595, 1471, 2694, 1849, 
1660, 2733, 1604, 1921, 2670, 1439, 2200, 2499, 1368, 2448, 
2249, 1406, 2629, 1497, 2063, 2587, 1385, 2347, 2379, 1384, 
2570, 2110, 1485, 2703, 1820, 1676, 2730, 1580, 1932, 2228, 
1417, 2648, 1955, 1580, 2736, 1700, 1819, 2709, 1488, 2092, 
2572, 1378, 2355, 2350, 1374, 2727, 1567, 1959, 2647, 1411, 
2238, 2472, 1376, 2486, 2216, 1430, 2657, 1935, 1591, 2735, 
1670, 2369, 2324, 1381, 2579, 2055, 1501, 2715, 1795, 1722, 
2739, 1567, 1987, 2643, 1408, 2256, 2445, 1601, 2729, 1648, 
1847, 2695, 1467, 2131, 2545, 1371, 2393, 2316, 1389, 2603, 
2043, 1520, 2721, 1403, 2276, 2428, 1363, 2503, 2164, 1436, 
2667, 1894, 1627, 2744, 1637, 1880, 2691, 1460, 2155, 2017, 
1529, 2723, 1748, 1751, 2719, 1526, 2019, 2611, 1392, 2297, 
2411, 1368, 2529, 2152, 1460, 2681, 1448, 2175, 2517, 1365, 
2430, 2273, 1396, 2620, 2000, 1539, 2729, 1736, 1779, 2716, 
1521, 2550, 2128, 1468, 2690, 1851, 1657, 2735, 1606, 1911, 
2663, 1431, 2191, 2497, 1361, 2446, 2257, 1796, 2719, 1517, 
2072, 2590, 1382, 2336, 2368, 1365, 2552, 2099, 1477, 2697, 
1832, 1676, 2732, 1364, 2465, 2232, 1417, 2646, 1960, 1580, 
2736, 1699, 1811, 2710, 1489, 2083, 2569, 1377, 2347, 1806, 
1695, 2737, 1577, 1961, 2654, 1425, 2240, 2469, 1366, 2483, 
2209, 1420, 2652, 1932, 1587, 2556, 1374, 2376, 2336, 1391, 
2590, 2070, 1503, 2715, 1793, 1716, 2729, 1549, 1974, 2635, 
1404, 2659, 1916, 1605, 2739, 1663, 1853, 2699, 1471, 2132, 
2547, 1375, 2391, 2317, 1388, 2598, 2043, 1992, 2621, 1397, 
2268, 2432, 1363, 2512, 2175, 1454, 2685, 1903, 1632, 2740, 
1645, 1871, 2687, 1390, 2608, 2020, 1524, 2720, 1755, 1744, 
2724, 1531, 2016, 2616, 1397, 2297, 2418, 1370, 2530, 1626, 
1888, 2673, 1438, 2171, 2515, 1367, 2431, 2284, 1398, 2624, 
2003, 1545, 2727, 1737, 1771, 2398, 1372, 2545, 2131, 1464, 
2692, 1846, 1646, 2724, 1530, 2146, 2259, 1591, 2743, 1637, 
1913, 2236, 1428, 2712, 1816, 1694, 2728, 1580, 1952, 2648, 
1417, 2231, 2460, 1364, 2480, 2217, 1427, 2705, 1485, 2104, 
2565, 1380, 2370, 2338, 1380, 2577, 2063, 1494, 2710, 1790, 
1711, 2731, 1567, 2502, 2203, 1443, 2673, 1927, 1608, 2735, 
1663, 1842, 2687, 1462, 2115, 2542, 1368, 2385, 2321, 1730, 
2732, 1552, 2005, 2628, 1415, 2273, 2435, 1368, 2511, 2175, 
1436, 2667, 1888, 1614, 2731, 1368, 2409, 2305, 1400, 2616, 
2037, 1534, 2729, 1759, 1747, 2721, 1528, 2011, 2609, 1392, 
2284, 1871, 1635, 2743, 1636, 1888, 2680, 1448, 2168, 2517, 
1364, 2424, 2278, 1394, 2619, 2000, 1540, 2604, 1391, 2311, 
2403, 1372, 2544, 2136, 1465, 2688, 1863, 1654, 2739, 1612, 
1908, 2669, 1433, 2628, 1976, 1552, 2722, 1715, 1790, 2713, 
1508, 2060, 2593, 1387, 2332, 2384, 1376, 2558, 2115, 1928, 
2657, 1429, 2199, 2480, 1361, 2456, 2236, 1411, 2647, 1968, 
1575, 2732, 1702, 1803, 2710, 1377, 2569, 2086, 1481, 2705, 
1816, 1686, 2734, 1583, 1952, 2652, 1425, 2236, 2478, 1372, 
2481, 1683, 1824, 2695, 1479, 2092, 2556, 1366, 2368, 2343, 
1383, 2582, 2076, 1504, 2711, 1799, 1706, 2456, 1364, 2492, 
2200, 1436, 2664, 1923, 1604, 2732, 1662, 1840, 2690, 1471, 
2116, 2552, 1372, 2720, 1782, 1729, 2732, 1553, 1995, 2628, 
1403, 2264, 2438, 1364, 2505, 2177, 1438, 2670, 1900, 2143, 
2535, 1373, 2407, 2311, 1397, 2614, 2030, 1527, 2717, 1753, 
1734, 2717, 1529, 2009, 2620, 1452, 2681, 1891, 1638, 2745, 
1637, 1886, 2680, 1448, 2159, 2518, 1355, 2416, 2279, 1392, 
2615, 1516, 2040, 2615, 1392, 2319, 2411, 1380, 2541, 2137, 
1461, 2684, 1852, 1644, 2735, 1611, 1897, 2264, 1412, 2633, 
1992, 1557, 2728, 1720, 1783, 2712, 1507, 2052, 2592, 1386, 
2329, 2387, 1363, 2740, 1595, 1923, 2661, 1431, 2203, 2488, 
1364, 2463, 2247, 1415, 2636, 1964, 1564, 2731, 1704, 2346, 
2366, 1377, 2566, 2094, 1482, 2700, 1821, 1686, 2732, 1583, 
1950, 2655, 1427, 2227, 2480, 1582, 2741, 1686, 1819, 2695, 
1479, 2095, 2563, 1372, 2364, 2345, 1380, 2583, 2078, 1501, 
2713, 1415, 2249, 2457, 1361, 2484, 2196, 1422, 2658, 1926, 
1602, 2739, 1671, 1851, 2702, 1478, 2121, 2056, 1505, 2710, 
1775, 1718, 2726, 1548, 1984, 2627, 1404, 2268, 2443, 1372, 
2513, 2183, 1443, 2690, 1458, 2136, 2539, 1367, 2403, 2305, 
1388, 2608, 2031, 1522, 2718, 1756, 1735, 2732, 1539, 2524, 
2167, 1456, 2684, 1888, 1633, 2738, 1633, 1873, 2676, 1447, 
2154, 2522, 1365, 2420, 2287, 1759, 2718, 1522, 2029, 2612, 
1397, 2312, 2407, 1372, 2535, 2139, 1456, 2682, 1861, 1642, 
2739, 1364, 2439, 2270, 1412, 2635, 1997, 1555, 2728, 1724, 
1776, 2707, 1505, 2048, 2585, 1383, 2320, 1845, 1668, 2740, 
1609, 1932, 2671, 1438, 2204, 2492, 1361, 2451, 2239, 1400, 
2639, 1967, 1567, 2590, 1385, 2348, 2370, 1378, 2563, 2099, 
1479, 2696, 1821, 1684, 2737, 1588, 1945, 2654, 1424, 2652, 
1948, 1580, 2731, 1688, 1817, 2704, 1486, 2092, 2569, 1376, 
2363, 2347, 1379, 2579, 2076, 1960, 2644, 1417, 2243, 2459, 
1361, 2488, 2206, 1427, 2660, 1931, 1601, 2739, 1674, 1842, 
2700, 1383, 2591, 2055, 1505, 2711, 1776, 1713, 2723, 1549, 
1980, 2633, 1408, 2272, 2446, 1370, 2510, 1658, 1859, 2687, 
1456, 2127, 2532, 1364, 2392, 2307, 1391, 2601, 2047, 1523, 
2723, 1770, 1743, 2426, 1364, 2517, 2163, 1440, 2672, 1884, 
1623, 2735, 1639, 1884, 2686, 1457, 2163, 2531, 1372, 2732, 
1747, 1753, 2720, 1524, 2022, 2612, 1392, 2304, 2408, 1368, 
2529, 2143, 1453, 2687, 2675, 1447, 2147, 2515, 1366, 2412, 
2291, 1399, 2616, 2015, 1533, 2716, 1743, 1752, 2715, 1523, 
2027, 2147, 1461, 2691, 1868, 1643, 2738, 1615, 1889, 2665, 
1439, 2176, 2508, 1371, 2432, 2275, 1408, 2715, 1516, 2032, 
2584, 1383, 2313, 2385, 1367, 2547, 2126, 1473, 2700, 1855, 
1667, 2740, 1607, 2451, 2248, 1410, 2635, 1966, 1555, 2723, 
1707, 1791, 2711, 1498, 2067, 2585, 1385, 2339, 2372, 1679, 
2734, 1586, 1937, 2659, 1427, 2220, 2483, 1367, 2469, 2232, 
1415, 2642, 1945, 1564, 2727, 1376, 2359, 2351, 1376, 2578, 
2084, 1491, 2704, 1808, 1695, 2734, 1574, 1961, 2646, 1415, 
2238, 1928, 1592, 2736, 1675, 1834, 2702, 1479, 2111, 2559, 
1379, 2380, 2329, 1374, 2584, 2057, 1499, 2627, 1407, 2259, 
2449, 1368, 2506, 2195, 1438, 2672, 1916, 1608, 2736, 1652, 
1849, 2685, 1459, 2592, 2036, 1522, 2719, 1776, 1745, 2734, 
1546, 2003, 2627, 1400, 2271, 2425, 1362, 2512, 2166, 1875, 
2684, 1458, 2158, 2534, 1372, 2415, 2294, 1395, 2616, 2019, 
1531, 2726, 1751, 1753, 2721, 1363, 2529, 2148, 1455, 2684, 
1871, 1642, 2740, 1630, 1897, 2679, 1447, 2175, 2517, 1371, 
2422, 1731, 1772, 2714, 1512, 2039, 2599, 1386, 2314, 2391, 
1366, 2544, 2126, 1468, 2692, 1852, 1657, 2499, 1365, 2451, 
2257, 1413, 2637, 1977, 1560, 2728, 1707, 1788, 2708, 1502, 
2063, 2588, 1380, 2703, 1839, 1677, 2732, 1586, 1934, 2654, 
1424, 2209, 2486, 1371, 2467, 2239, 1417, 2651, 1958, 2084, 
2575, 1377, 2351, 2356, 1375, 2572, 2082, 1484, 2701, 1805, 
1692, 2734, 1579, 1963, 2651, 1428, 2660, 1937, 1591, 2736, 
1680, 1834, 2699, 1480, 2104, 2558, 1372, 2371, 2334, 1380, 
2582, 1564, 1979, 2640, 1414, 2260, 2455, 1367, 2499, 2193, 
1431, 2663, 1914, 1604, 2740, 1660, 1852, 2321, 1390, 2599, 
2046, 1513, 2716, 1771, 1730, 2726, 1539, 1993, 2620, 1399, 
2265, 2435, 1365, 2739, 1648, 1875, 2691, 1459, 2151, 2534, 
1371, 2409, 2296, 1395, 2611, 2024, 1532, 2723, 1753, 2292, 
2409, 1364, 2524, 2149, 1447, 2684, 1875, 1643, 2743, 1627, 
1896, 2680, 1444, 2169, 2519, 1544, 2729, 1737, 1769, 2719, 
1518, 2036, 2600, 1387, 2308, 2394, 1369, 2552, 2131, 1469, 
2697, 1435, 2191, 2498, 1366, 2445, 2258, 1408, 2637, 1983, 
1562, 2734, 1720, 1785, 2713, 1507, 2060, 2105, 1470, 2696, 
1830, 1671, 2730, 1595, 1934, 2663, 1433, 2212, 2488, 1368, 
2457, 2234, 1411, 2706, 1489, 2077, 2573, 1378, 2350, 2359, 
1377, 2572, 2088, 1486, 2706, 1815, 1697, 2737, 1582, 2480, 
2216, 1425, 2657, 1937, 1587, 2737, 1683, 1831, 2704, 1484, 
2099, 2567, 1371, 2368, 2339, 1719, 2728, 1562, 1975, 2641, 
1413, 2251, 2451, 1362, 2494, 2196, 1431, 2667, 1920, 1607, 
2740, 1376, 2394, 2326, 1388, 2602, 2049, 1511, 2719, 1779, 
1729, 2727, 1547, 1987, 2630, 1393, 2267, 1895, 1618, 2739, 
1648, 1869, 2692, 1465, 2151, 2536, 1368, 2403, 2301, 1393, 
2608, 2027, 1526, 2616, 1394, 2291, 2421, 1367, 2527, 2154, 
1452, 2680, 1876, 1632, 2734, 1628, 1884, 2672, 1446, 2622, 
2010, 1547, 2735, 1743, 1770, 2723, 1520, 2037, 2603, 1383, 
2311, 2397, 1367, 2544, 2134, 1906, 2669, 1437, 2189, 2503, 
1367, 2444, 2267, 1409, 2635, 1993, 1557, 2728, 1718, 1783, 
2710, 1368, 2552, 2112, 1472, 2700, 1840, 1672, 2739, 1599, 
1926, 2668, 1432, 2209, 2489, 1367, 2460, 1701, 1804, 2705, 
1493, 2073, 2576, 1378, 2350, 2366, 1376, 2568, 2094, 1486, 
2703, 1821, 1688, 2469, 1364, 2476, 2220, 1420, 2651, 1943, 
1584, 2736, 1684, 1829, 2705, 1473, 2102, 2503, 1364, 2672, 
1364, 2494, 2156, 1472, 2694, 1833, 1740, 2723, 1528, 2008, 
2621, 1398, 2288, 2422, 1367, 2742, 1630, 1884, 2683, 1454, 
2170, 2526, 1367, 2426, 2283, 1397, 2611, 2000, 1531, 2723, 
1737, 2309, 2407, 1374, 2543, 2141, 1464, 2684, 1865, 1644, 
2736, 1613, 1907, 2674, 1441, 2188, 2508, 1557, 2732, 1720, 
1783, 2712, 1508, 2052, 2588, 1381, 2319, 2376, 1366, 2555, 
2116, 1475, 2702, 1435, 2208, 2494, 1367, 2460, 2243, 1412, 
2638, 1964, 1563, 2729, 1701, 1801, 2711, 1495, 2083, 2097, 
1486, 2705, 1824, 1691, 2734, 1583, 1938, 2643, 1415, 2220, 
2470, 1361, 2475, 2226, 1428, 2708, 1487, 2099, 2572, 1375, 
2366, 2348, 1376, 2576, 2070, 1495, 2708, 1801, 1709, 2739, 
1574, 2497, 2207, 1432, 2656, 1919, 1596, 2734, 1664, 1840, 
2697, 1478, 2120, 2556, 1372, 2385, 2323, 1718, 2723, 1547, 
1984, 2628, 1404, 2263, 2443, 1364, 2515, 2190, 1450, 2678, 
1911, 1618, 2740, 1366, 2396, 2300, 1384, 2600, 2031, 1516, 
2716, 1758, 1740, 2729, 1540, 2014, 2623, 1406, 2288, 1889, 
1631, 2732, 1631, 1877, 2672, 1452, 2162, 2528, 1368, 2419, 
2290, 1400, 2622, 2014, 1536, 2605, 1385, 2296, 2395, 1359, 
2528, 2136, 1457, 2689, 1871, 1656, 2744, 1625, 1903, 2672, 
1436, 2625, 1988, 1548, 2727, 1727, 1791, 2720, 1516, 2050, 
2595, 1383, 2319, 2379, 1364, 2546, 2114, 1923, 2665, 1439, 
2207, 2497, 1371, 2456, 2247, 1408, 2636, 1963, 1561, 2728, 
1704, 1798, 2712, 1376, 2570, 2104, 1489, 2703, 1819, 1684, 
2729, 1585, 1945, 2652, 1422, 2223, 2476, 1363, 2468, 1688, 
1820, 2707, 1488, 2096, 2574, 1382, 2363, 2347, 1379, 2579, 
2072, 1493, 2707, 1806, 1702, 2460, 1366, 2488, 2209, 1427, 
2654, 1932, 1595, 2735, 1669, 1835, 2696, 1471, 2105, 2549, 
1374, 2716, 1789, 1727, 2729, 1560, 1986, 2628, 1403, 2259, 
2435, 1362, 2503, 2190, 1444, 2678, 1916, 2142, 2543, 1367, 
2396, 2307, 1383, 2601, 2033, 1519, 2717, 1765, 1742, 2728, 
1543, 2003, 2620, 1443, 2673, 1883, 1625, 2735, 1637, 1878, 
2684, 1462, 2163, 2532, 1373, 2419, 2291, 1394, 2612, 1517, 
2018, 2598, 1390, 2298, 2403, 1368, 2534, 2144, 1462, 2687, 
1870, 1652, 2736, 1625, 1904, 2275, 1407, 2636, 1993, 1547, 
2724, 1724, 1772, 2713, 1511, 2047, 2597, 1391, 2325, 2391, 
1373, 2732, 1595, 1906, 2656, 1429, 2192, 2496, 1367, 2461, 
2262, 1420, 2648, 1979, 1564, 2731, 1702, 2335, 2363, 1371, 
2564, 2108, 1486, 2711, 1831, 1688, 2744, 1590, 1939, 2652, 
1419, 2210, 2471, 1575, 2739, 1688, 1821, 2712, 1493, 2090, 
2573, 1376, 2358, 2348, 1372, 2572, 2078, 1494, 2711, 1420, 
2244, 2464, 1365, 2483, 2209, 1426, 2657, 1931, 1590, 2734, 
1672, 1833, 2699, 1474, 2109, 2055, 1503, 2718, 1785, 1723, 
2735, 1562, 1983, 2639, 1407, 2259, 2444, 1363, 2498, 2185, 
1437, 2692, 1463, 2133, 2542, 1378, 2399, 2314, 1390, 2604, 
2038, 1513, 2713, 1757, 1727, 2715, 1536, 2515, 2171, 1451, 
2684, 1896, 1631, 2740, 1637, 1871, 2679, 1446, 2152, 2529, 
1373, 2424, 2303, 1756, 2727, 1525, 2015, 2603, 1383, 2288, 
2404, 1363, 2529, 2152, 1465, 2691, 1875, 1646, 2739, 1368, 
2427, 2271, 1399, 2624, 1996, 1548, 2732, 1734, 1781, 2721, 
1518, 2044, 2595, 1384, 2312, 1848, 1654, 2735, 1604, 1918, 
2668, 1433, 2193, 2498, 1362, 2451, 2251, 1405, 2636, 1978, 
1562, 2590, 1387, 2339, 2385, 1375, 2564, 2107, 1478, 2696, 
1827, 1675, 2734, 1591, 1938, 2660, 1422, 2648, 1952, 1572, 
2727, 1686, 1809, 2707, 1491, 2092, 2579, 1384, 2363, 2360, 
1379, 2570, 2086, 1944, 2643, 1408, 2233, 2227, 2455, 1356, 
2473, 2208, 1422, 2661, 1942, 1596, 2740, 1679, 1830, 2335, 
1376, 2577, 2057, 1497, 2705, 1788, 1716, 2736, 1566, 1982, 
2642, 1411, 2256, 2447, 1362, 2731, 1653, 1849, 2688, 1463, 
2125, 2541, 1372, 2392, 2315, 1388, 2600, 2040, 1515, 2716, 
1770, 2272, 2432, 1363, 2513, 2172, 1444, 2675, 1903, 1625, 
2734, 1647, 1872, 2686, 1451, 2147, 2525, 1525, 2715, 1745, 
1741, 2716, 1524, 2004, 2614, 1395, 2291, 2420, 1376, 2535, 
2154, 1459, 2683, 1439, 2163, 2508, 1361, 2428, 2280, 1412, 
2631, 2010, 1548, 2729, 1729, 1758, 2708, 1508, 2028, 2123, 
1462, 2695, 1857, 1664, 2744, 1617, 1912, 2669, 1431, 2183, 
2490, 1352, 2439, 2252, 1404, 2716, 1514, 2071, 2597, 1388, 
2337, 2377, 1372, 2547, 2103, 1469, 2690, 1827, 1669, 2735, 
1592, 2463, 2235, 1419, 2651, 1967, 1585, 2735, 1702, 1812, 
2707, 1488, 2075, 2568, 1369, 2347, 2352, 1691, 2734, 1581, 
1959, 2656, 1420, 2236, 2469, 1364, 2476, 2209, 1416, 2647, 
1927, 1582, 2732, 1377, 2378, 2347, 1389, 2594, 2070, 1496, 
2707, 1788, 1697, 2719, 1557, 1972, 2642, 1419, 2261, 1929, 
1612, 2739, 1662, 1845, 2684, 1460, 2121, 2540, 1367, 2391, 
2322, 1390, 2601, 2052, 1516, 2631, 1403, 2270, 2431, 1363, 
2508, 2172, 1441, 2675, 1900, 1620, 2737, 1648, 1871, 2688, 
1459, 2611, 2027, 1527, 2720, 1750, 1749, 2719, 1530, 2011, 
2611, 1393, 2291, 2416, 1368, 2532, 2159, 1891, 2684, 1451, 
2168, 2516, 1370, 2420, 2283, 1399, 2622, 2003, 1540, 2727, 
1737, 1767, 2720, 1372, 2542, 2131, 1459, 2687, 1848, 1646, 
2732, 1612, 1916, 2675, 1445, 2195, 2511, 1369, 2446, 1715, 
1784, 2709, 1497, 2060, 2592, 1387, 2332, 2385, 1374, 2552, 
2114, 1472, 2695, 1833, 1669, 2488, 1364, 2462, 2244, 1420, 
2642, 1963, 1571, 2731, 1697, 1798, 2702, 1486, 2076, 2579, 
1383, 2710, 1820, 1694, 2738, 1577, 1947, 2648, 1418, 2224, 
2467, 1360, 2478, 2218, 1417, 2652, 1938, 2099, 2564, 1377, 
2375, 2351, 1383, 2587, 2075, 1500, 2712, 1796, 1704, 2729, 
1564, 1968, 2636, 1431, 2663, 1921, 1603, 2737, 1670, 1851, 
2699, 1473, 2117, 2547, 1368, 2380, 2316, 1379, 2592, 1548, 
1992, 2634, 1406, 2279, 2436, 1365, 2504, 2175, 1438, 2669, 
1900, 1620, 2739, 1650, 1867, 2304, 1394, 2606, 2028, 1526, 
2716, 1754, 1741, 2719, 1536, 2012, 2620, 1398, 2292, 2421, 
1369, 2736, 1630, 1875, 2675, 1447, 2159, 2520, 1366, 2427, 
2291, 1404, 2625, 2011, 1542, 2727, 1740, 2307, 2406, 1368, 
2539, 2132, 1455, 2683, 1856, 1647, 2732, 1611, 1905, 2671, 
1442, 2190, 2505, 1555, 2726, 1726, 1782, 2716, 1509, 2055, 
2592, 1385, 2327, 2383, 1367, 2552, 2111, 1472, 2697, 1430, 
2201, 2486, 1356, 2449, 2242, 1407, 2639, 1965, 1573, 2736, 
1709, 1809, 2712, 1500, 2076, 2091, 1486, 2696, 1816, 1684, 
2734, 1585, 1948, 2655, 1423, 2227, 2477, 1365, 2475, 2220, 
1419, 2694, 1487, 2095, 2567, 1374, 2367, 2348, 1382, 2582, 
2072, 1495, 2704, 1798, 1701, 2731, 1571, 2492, 2208, 1429, 
2660, 1926, 1597, 2736, 1665, 1839, 2694, 1472, 2118, 2555, 
1375, 2383, 2324, 1719, 2723, 1553, 1987, 2633, 1408, 2268, 
2443, 1368, 2506, 2183, 1439, 2668, 1902, 1608, 2732, 1372, 
2395, 2302, 1387, 2607, 2032, 1526, 2723, 1766, 1745, 2724, 
1536, 2006, 2617, 1393, 2282, 1883, 1630, 2736, 1632, 1884, 
2681, 1447, 2157, 2523, 1369, 2425, 2294, 1406, 2623, 2015, 
1537, 2603, 1393, 2297, 2399, 1363, 2534, 2140, 1463, 2691, 
1867, 1650, 2737, 1615, 1900, 2672, 1444, 2625, 1992, 1551, 
2736, 1553, 2092, 2308, 1507, 2720, 1726, 1804, 2696, 1452, 
2245, 2459, 1363, 2733, 1671, 1838, 2694, 1475, 2108, 2548, 
1371, 2377, 2326, 1386, 2595, 2058, 1510, 2719, 1784, 2259, 
2438, 1364, 2508, 2185, 1443, 2672, 1912, 1616, 2741, 1651, 
1855, 2684, 1458, 2124, 2535, 1520, 2719, 1765, 1739, 2726, 
1538, 2001, 2619, 1395, 2284, 2422, 1366, 2521, 2169, 1447, 
2679, 1451, 2159, 2525, 1369, 2418, 2291, 1398, 2617, 2012, 
1533, 2726, 1745, 1761, 2716, 1530, 2027, 2144, 1462, 2691, 
1866, 1650, 2738, 1620, 1897, 2672, 1438, 2163, 2510, 1359, 
2427, 2272, 1398, 2720, 1517, 2054, 2602, 1390, 2324, 2391, 
1372, 2548, 2118, 1468, 2689, 1843, 1665, 2732, 1603, 2449, 
2247, 1417, 2643, 1979, 1567, 2732, 1710, 1795, 2705, 1495, 
2062, 2571, 1378, 2337, 2369, 1687, 2736, 1590, 1942, 2656, 
1426, 2220, 2478, 1364, 2470, 2228, 1419, 2650, 1943, 1580, 
2731, 1374, 2355, 2351, 1376, 2580, 2079, 1493, 2712, 1811, 
1703, 2736, 1573, 1964, 2640, 1418, 2238, 1925, 1593, 2734, 
1672, 1838, 2700, 1476, 2114, 2556, 1380, 2383, 2336, 1384, 
2597, 2058, 1501, 2628, 1401, 2254, 2440, 1361, 2508, 2189, 
1440, 2672, 1908, 1613, 2744, 1652, 1859, 2692, 1468, 2604, 
2040, 1520, 2717, 1763, 1729, 2719, 1536, 1996, 2619, 1400, 
2283, 2432, 1370, 2523, 2170, 1876, 2684, 1452, 2153, 2525, 
1368, 2414, 2291, 1396, 2611, 2012, 1531, 2722, 1740, 1755, 
2718, 1366, 2531, 2144, 1452, 2687, 1872, 1647, 2743, 1623, 
1901, 2681, 1440, 2172, 2509, 1362, 2430, 1748, 1756, 2722, 
1528, 2023, 2609, 1388, 2292, 2403, 1363, 2536, 2150, 1464, 
2694, 1880, 1655, 2535, 1371, 2411, 2290, 1386, 2607, 2009, 
1527, 2720, 1752, 1756, 2724, 1529, 2027, 2614, 1394, 2675, 
1888, 1624, 2734, 1642, 1876, 2688, 1459, 2155, 2529, 1371, 
2413, 2294, 1393, 2609, 2014, 1998, 2620, 1401, 2280, 2433, 
1369, 2518, 2170, 1443, 2668, 1889, 1623, 2736, 1640, 1873, 
2683, 1399, 2613, 2017, 1531, 2723, 1752, 1753, 2726, 1532, 
2029, 2613, 1394, 2295, 2410, 1363, 2526, 1619, 1895, 2671, 
1441, 2171, 2515, 1368, 2433, 2279, 1407, 2628, 2003, 1549, 
2724, 1729, 1770, 2385, 1366, 2544, 2123, 1468, 2696, 1858, 
1664, 2744, 1611, 1919, 2664, 1434, 2188, 2495, 1359, 2727, 
1710, 1792, 2712, 1504, 2067, 2590, 1387, 2346, 2371, 1375, 
2556, 2104, 1474, 2691, 1830, 2212, 2483, 1363, 2464, 2233, 
1416, 2645, 1952, 1572, 2731, 1696, 1811, 2710, 1496, 2088, 
2576, 1488, 2703, 1807, 1691, 2729, 1573, 1956, 2652, 1419, 
2236, 2465, 1366, 2479, 2211, 1423, 2652, 1475, 2103, 2559, 
1375, 2375, 2339, 1387, 2591, 2063, 1504, 2713, 1790, 1710, 
2727, 1556, 1975, 2193, 1433, 2665, 1914, 1607, 2734, 1660, 
1845, 2691, 1467, 2128, 2543, 1382, 2400, 2326, 1398, 2732, 
1547, 1999, 2623, 1397, 2268, 2425, 1356, 2511, 2168, 1444, 
2676, 1898, 1624, 2736, 1643, 2407, 2294, 1390, 2609, 2022, 
1531, 2726, 1758, 1755, 2732, 1536, 2019, 2614, 1391, 2289, 
2411, 1629, 2731, 1622, 1888, 2680, 1451, 2171, 2522, 1367, 
2429, 2277, 1402, 2621, 1996, 1537, 2719, 1382, 2311, 2392, 
1369, 2543, 2128, 1470, 2699, 1859, 1662, 2744, 1615, 1910, 
2665, 1430, 2182, 1967, 1546, 2724, 1715, 1792, 2719, 1513, 
2068, 2595, 1388, 2332, 2378, 1369, 2553, 2108, 1472, 2655, 
1424, 2207, 2480, 1361, 2464, 2239, 1419, 2648, 1967, 1580, 
2739, 1701, 1808, 2703, 1484, 2565, 2082, 1484, 2707, 1815, 
1700, 2740, 1585, 1958, 2648, 1415, 2224, 2458, 1356, 2471, 
2212, 1830, 2704, 1487, 2110, 2571, 1379, 2372, 2342, 1381, 
2584, 2554, 2108, 1473, 2696, 1835, 1671, 2480, 1361, 2456, 
2232, 1408, 2636, 1952, 1567, 2729, 1701, 1811, 2715, 1503, 
2088, 2582, 1379, 2695, 1804, 1678, 2719, 1567, 1947, 2647, 
1423, 2236, 2477, 1369, 2480, 2219, 1421, 2643, 1932, 2095, 
2559, 1375, 2369, 2339, 1385, 2585, 2068, 1497, 2709, 1792, 
1710, 2733, 1566, 1976, 2640, 1432, 2659, 1912, 1592, 2724, 
1655, 1837, 2692, 1470, 2124, 2555, 1377, 2390, 2324, 1387, 
2598, 1547, 1991, 2627, 1401, 2268, 2430, 1363, 2507, 2172, 
1437, 2670, 1896, 1619, 2736, 1648, 1871, 2308, 1395, 2611, 
2023, 1523, 2718, 1753, 1738, 2715, 1524, 2007, 2614, 1393, 
2290, 2422, 1372, 2743, 1633, 1888, 2680, 1446, 2156, 2511, 
1360, 2419, 2275, 1399, 2624, 2008, 1540, 2723, 1735, 2307, 
2400, 1371, 2546, 2141, 1467, 2691, 1852, 1644, 2724, 1597, 
1889, 2659, 1448, 2185, 2513, 1571, 2745, 1734, 1792, 2712, 
1503, 2043, 2582, 1372, 2321, 2380, 1373, 2560, 2117, 1476, 
2699, 1425, 2199, 2481, 1356, 2456, 2244, 1421, 2651, 1971, 
1572, 2731, 1696, 1795, 2703, 1488, 2072, 2091, 1491, 2711, 
1823, 1691, 2732, 1575, 1942, 2646, 1415, 2225, 2475, 1369, 
2480, 2222, 1423, 2699, 1472, 2084, 2554, 1364, 2362, 2345, 
1389, 2593, 2084, 1510, 2716, 1804, 1708, 2728, 1559, 2482, 
2192, 1424, 2659, 1916, 1597, 2734, 1667, 1844, 2697, 1473, 
2119, 2552, 1372, 2383, 2319, 1725, 2731, 1551, 1985, 2627, 
1401, 2259, 2436, 1367, 2511, 2186, 1447, 2682, 1911, 1623, 
2739, 1364, 2394, 2291, 1377, 2598, 2023, 1520, 2719, 1767, 
1751, 2732, 1543, 2012, 2617, 1392, 2281, 1896, 1610, 2735, 
1655, 1870, 2694, 1464, 2144, 2534, 1366, 2397, 2301, 1387, 
2606, 2033, 1529, 2627, 1404, 2290, 2420, 1361, 2512, 2150, 
1439, 2667, 1873, 1629, 2732, 1636, 1890, 2688, 1456, 2622, 
2012, 1536, 2721, 1740, 1760, 2718, 1524, 2025, 2604, 1390, 
2300, 2398, 1364, 2532, 2136, 1904, 2678, 1447, 2187, 2510, 
1366, 2436, 2257, 1395, 2621, 1979, 1543, 2723, 1724, 1783, 
2718, 1376, 2558, 2124, 1478, 2700, 1848, 1668, 2737, 1599, 
1921, 2656, 1429, 2195, 2488, 1360, 2451, 1703, 1798, 2710, 
1497, 2073, 2579, 1379, 2345, 2368, 1377, 2568, 2100, 1482, 
2703, 1820, 1682, 2471, 1363, 2471, 2225, 1423, 2653, 1951, 
1584, 2736, 1688, 1818, 2703, 1482, 2095, 2563, 1375, 2708, 
1799, 1695, 2725, 1563, 1959, 2640, 1416, 2246, 2465, 1374, 
2497, 2212, 1433, 2660, 1920, 2104, 2544, 1373, 2375, 2323, 
1379, 2593, 2056, 1511, 2719, 1785, 1720, 2727, 1553, 1985, 
2631, 1433, 2670, 1904, 1608, 2731, 1644, 1851, 2682, 1463, 
2135, 2547, 1381, 2414, 2324, 1401, 2611, 1536, 1998, 2610, 
1383, 2265, 2411, 1358, 2518, 2161, 1454, 2684, 1891, 1635, 
2744, 1636, 1880, 2287, 1393, 2618, 2008, 1529, 2720, 1743, 
1755, 2719, 1523, 2024, 2608, 1393, 2303, 2410, 1371, 2739, 
1620, 1895, 2675, 1439, 2174, 2502, 1357, 2424, 2260, 1399, 
2623, 1989, 1551, 2735, 1732, 2328, 2393, 1372, 2549, 2118, 
1464, 2691, 1836, 1662, 2735, 1603, 1919, 2664, 1430, 2193, 
2489, 1561, 2730, 1710, 1798, 2713, 1503, 2071, 2582, 1380, 
2338, 2359, 1366, 2555, 2092, 1479, 2704, 1431, 2227, 2487, 
1372, 2473, 2232, 1420, 2648, 1948, 1572, 2732, 1688, 1813, 
2700, 1481, 2083, 2073, 1487, 2708, 1806, 1705, 2740, 1580, 
1971, 2652, 1422, 2240, 2457, 1356, 2474, 2198, 1416, 2691, 
1471, 2111, 2559, 1379, 2385, 2336, 1388, 2592, 2063, 1507, 
2715, 1781, 1715, 2727, 1550, 2492, 2178, 1428, 2663, 1905, 
1608, 2739, 1660, 1863, 2683, 1415, 2364, 2015, 1751, 2695, 
1446, 2622, 1971, 1642, 2736, 1623, 1899, 2676, 1446, 2179, 
2513, 1368, 2433, 2269, 1400, 2627, 1991, 2036, 2590, 1378, 
2311, 2387, 1372, 2552, 2133, 1481, 2707, 1859, 1670, 2739, 
1603, 1909, 2657, 1400, 2625, 1966, 1558, 2727, 1712, 1798, 
2715, 1518, 2068, 2588, 1384, 2339, 2375, 1377, 2563, 1586, 
1937, 2652, 1422, 2213, 2476, 1360, 2465, 2228, 1417, 2648, 
1951, 1577, 2732, 1697, 1812, 2355, 1381, 2576, 2084, 1494, 
2705, 1806, 1694, 2727, 1567, 1951, 2637, 1404, 2233, 2462, 
1366, 2737, 1678, 1836, 2702, 1483, 2110, 2559, 1375, 2375, 
2332, 1379, 2585, 2056, 1500, 2709, 1788, 2237, 2467, 1368, 
2488, 2216, 1429, 2658, 1929, 1585, 2721, 1667, 1823, 2691, 
1470, 2107, 2558, 1508, 2723, 1799, 1726, 2739, 1567, 1982, 
2636, 1407, 2251, 2439, 
END
