---Starting setup---
allocating ring buffer
bufferMutex created successfully
---finished setup---
Printing Task started
starting ADC Task on core: 1
Trigger at idx=8193 raw=2732
Capture ready: pre-trigger + post-trigger window complete.
TRIGGER TYPE IS: RISING
Sample threshold is: 2048

----Core: 0, Trigger: 8193, Size: 16388
S0, 0, 2678, 2695, 1355, 2488, 1487, 2619, 1384, 2687, 
1348, 2691, 1382, 2624, 1483, 2496, 1639, 2320, 1835, 2113, 
2049, 2568, 1559, 2413, 1738, 2220, 1947, 2004, 2163, 1793, 
2368, 1606, 2544, 1459, 2652, 1372, 2704, 1694, 2460, 1524, 
2604, 1408, 2688, 1355, 2707, 1374, 2654, 1460, 2540, 1355, 
2707, 1379, 2648, 1447, 2667, 1369, 2711, 1359, 2684, 1420, 
2593, 1545, 2445, 1720, 2255, 1925, 2038, 2143, 1825, 1631, 
2353, 1823, 2145, 2037, 1929, 2254, 1724, 2447, 1548, 2597, 
1423, 2691, 1360, 2718, 1371, 2533, 1478, 2654, 1384, 2713, 
1358, 2703, 1404, 2627, 2707, 1398, 2635, 1503, 2503, 1664, 
2327, 1370, 2680, 1444, 2575, 1581, 2416, 1761, 2216, 1973, 
2000, 2192, 1788, 2395, 1601, 2563, 1460, 2088, 1892, 2301, 
1689, 2488, 1522, 2627, 1409, 2707, 1360, 2720, 1385, 2662, 
1476, 2543, 1627, 2723, 1365, 2699, 1428, 2608, 1548, 2460, 
1721, 2269, 1927, 2051, 2146, 1838, 2356, 1641, 2531, 2161, 
2040, 1942, 2257, 1734, 2451, 1559, 2603, 1431, 2697, 1368, 
2727, 1375, 2684, 1452, 2577, 1391, 2721, 1362, 2713, 1406, 
2638, 1516, 2500, 1681, 2318, 1882, 2106, 2099, 1888, 2315, 
1688, 1782, 2212, 1992, 1993, 2211, 1782, 2412, 1596, 2576, 
1456, 2684, 1377, 2732, 1368, 2703, 1431, 2640, 1408, 2716, 
1363, 2726, 1392, 2663, 1487, 2540, 1641, 2366, 1836, 2158, 
2052, 1939, 2269, 2456, 1742, 2263, 1947, 2046, 2163, 1831, 
2371, 1636, 2547, 1484, 2667, 1391, 2726, 1365, 2716, 1552, 
2616, 1428, 2707, 1368, 2731, 1381, 2684, 1460, 2575, 1604, 
2411, 1790, 2207, 2002, 1987, 1528, 2496, 1695, 2308, 1898, 
2097, 2116, 1879, 2328, 1679, 2511, 1515, 2647, 1407, 2720, 
1366, 2428, 1589, 2589, 1452, 2692, 1377, 2734, 1373, 2703, 
1439, 2607, 1566, 2452, 1746, 2257, 1955, 2660, 1496, 2534, 
1654, 2356, 1851, 2147, 2066, 1929, 2283, 1723, 2475, 1548, 
2621, 1426, 2711, 1819, 2385, 1627, 2556, 1479, 2675, 1389, 
2731, 1368, 2716, 1418, 2635, 1535, 2494, 1703, 2304, 1384, 
2683, 1471, 2568, 1615, 2401, 1804, 2198, 2016, 1978, 2235, 
1768, 2433, 1585, 2593, 1449, 2129, 1867, 2340, 1668, 2521, 
1507, 2656, 1402, 2724, 1366, 2726, 1400, 2659, 1502, 2530, 
1660, 2735, 1375, 2699, 1445, 2599, 1577, 2443, 1759, 2246, 
1968, 2028, 2188, 1814, 2394, 1623, 2564, 2133, 2081, 1916, 
2296, 1712, 2486, 1542, 2628, 1422, 2715, 1368, 2733, 1387, 
2680, 1474, 2564, 1385, 2732, 1368, 2715, 1423, 2627, 1543, 
2484, 1715, 2294, 1919, 2079, 2139, 1861, 2351, 1663, 1817, 
2184, 2031, 1964, 2251, 1756, 2447, 1575, 2602, 1443, 2703, 
1374, 2736, 1376, 2700, 1448, 2661, 1401, 2727, 1367, 2726, 
1404, 2653, 1511, 2521, 1672, 2339, 1871, 2129, 2091, 1910, 
2305, 2433, 1771, 2233, 1981, 2015, 2201, 1802, 2404, 1613, 
2572, 1468, 2684, 1384, 2735, 1369, 2713, 1532, 2638, 1417, 
2719, 1368, 2734, 1392, 2677, 1480, 2556, 1631, 2385, 1824, 
2179, 2039, 1959, 1551, 2472, 1726, 2281, 1932, 2064, 2151, 
1848, 2360, 1651, 2537, 1495, 2664, 1396, 2728, 1367, 2456, 
1567, 2609, 1438, 2706, 1372, 2737, 1378, 2695, 1456, 2589, 
1592, 2428, 1779, 2227, 1988, 2673, 1415, 2702, 1398, 2596, 
1481, 2650, 1419, 2712, 1375, 2734, 1370, 2716, 1424, 2631, 
1542, 2716, 1368, 2733, 1389, 2679, 1475, 2563, 1625, 2392, 
1817, 2186, 2031, 1968, 2248, 1758, 2447, 2291, 1924, 2076, 
2144, 1858, 2355, 1660, 2532, 1502, 2663, 1401, 2729, 1366, 
2727, 1405, 2655, 1443, 2704, 1376, 2736, 1379, 2697, 1452, 
2595, 1587, 2435, 1771, 2236, 1981, 2017, 2200, 1803, 1676, 
2336, 1876, 2124, 2094, 1905, 2310, 1703, 2497, 1534, 2638, 
1419, 2719, 1368, 2734, 1391, 2574, 1467, 2687, 1382, 2735, 
1370, 2712, 1428, 2624, 1551, 2477, 1727, 2284, 1930, 2068, 
2150, 2552, 1635, 2382, 1828, 2175, 2044, 1954, 2262, 1747, 
2457, 1567, 2609, 1439, 2706, 1373, 2737, 1649, 2542, 1494, 
2668, 1396, 2731, 1368, 2723, 1411, 2650, 1518, 2515, 1682, 
2332, 1884, 2118, 1457, 2586, 1598, 2425, 1782, 2224, 1993, 
2004, 2213, 1792, 2416, 1604, 2579, 1463, 2689, 1382, 2319, 
1689, 2505, 1525, 2643, 1413, 2721, 1368, 2732, 1394, 2672, 
1488, 2550, 1640, 2376, 1836, 2707, 1435, 2616, 1561, 2464, 
1736, 2272, 1944, 2054, 2165, 1838, 2374, 1644, 2547, 1490, 
2671, 1943, 2274, 1735, 2468, 1558, 2617, 1432, 2711, 1371, 
2736, 1383, 2691, 1460, 2582, 1602, 2416, 1368, 2721, 1414, 
2643, 1526, 2503, 1693, 2319, 1895, 2104, 2113, 1886, 2328, 
1684, 2511, 1521, 2007, 1991, 2225, 1779, 2425, 1596, 2588, 
1457, 2695, 1379, 2736, 1373, 2708, 1438, 2611, 1566, 2725, 
1367, 2732, 1398, 2668, 1496, 2540, 1651, 2364, 1847, 2153, 
2063, 1935, 2280, 1728, 2472, 2257, 1958, 2041, 2177, 1826, 
2383, 1632, 2556, 1481, 2675, 1390, 2732, 1367, 2720, 1416, 
2639, 1427, 2712, 1369, 2736, 1385, 2686, 1468, 2574, 1612, 
2407, 1800, 2203, 2014, 1983, 2233, 1773, 1705, 2305, 1908, 
2092, 2127, 1873, 2339, 1673, 2525, 1512, 2655, 1409, 2726, 
1367, 2729, 1400, 2596, 1451, 2700, 1377, 2737, 1376, 2702, 
1443, 2604, 1576, 2450, 1754, 2251, 1964, 2033, 2184, 2531, 
1662, 2352, 1860, 2141, 2076, 1923, 2292, 1716, 2483, 1544, 
2628, 1424, 2716, 1369, 2736, 1623, 2566, 1475, 2683, 1387, 
2735, 1369, 2718, 1422, 2632, 1540, 2488, 1710, 2300, 1915, 
2084, 1475, 2566, 1622, 2396, 1813, 2191, 2027, 1971, 2245, 
1761, 2445, 1580, 2600, 1447, 2701, 1376, 2352, 1663, 2530, 
1504, 2659, 1400, 2729, 1368, 2727, 1404, 2656, 1507, 2529, 
1668, 2345, 1866, 2702, 1449, 2597, 1585, 2439, 1767, 2239, 
1977, 2021, 2195, 1808, 2403, 1618, 2571, 1471, 2684, 1908, 
2305, 1705, 2494, 1536, 2636, 1420, 2719, 1369, 2735, 1389, 
2679, 1478, 2561, 1627, 2390, 1370, 2714, 1429, 2624, 1550, 
2479, 1722, 2288, 1929, 2072, 2147, 1855, 2359, 1659, 2537, 
1499, 2039, 1958, 2258, 1750, 2455, 1571, 2608, 1439, 2704, 
1375, 2736, 1379, 2697, 1452, 2592, 1590, 2729, 1361, 2724, 
1408, 2650, 1516, 2517, 1680, 2334, 1880, 2122, 2097, 1903, 
2312, 1700, 2499, 2226, 1990, 2007, 2209, 1794, 2413, 1606, 
2577, 1464, 2689, 1383, 2735, 1371, 2712, 1431, 2622, 1415, 
2721, 1368, 2732, 1393, 2673, 1487, 2552, 1638, 2379, 1832, 
2170, 2047, 1952, 2265, 1743, 1733, 2275, 1940, 2057, 2160, 
1842, 2370, 1648, 2543, 1492, 2670, 1395, 2731, 1368, 2723, 
1410, 2616, 1434, 2710, 1373, 2737, 1380, 2692, 1460, 2583, 
1600, 2421, 1785, 2220, 1996, 2001, 2217, 2507, 1691, 2323, 
1893, 2107, 2111, 1889, 2323, 1688, 2510, 1521, 2645, 1412, 
2723, 1368, 2732, 1596, 2586, 1457, 2695, 1381, 2736, 1374, 
2710, 1436, 2614, 1565, 2462, 1741, 2267, 1948, 2051, 1493, 
2542, 1648, 2367, 1843, 2159, 2061, 1937, 2277, 1731, 2471, 
1557, 2616, 1432, 2711, 1371, 2381, 1637, 2553, 1484, 2675, 
1392, 1640, 2547, 1486, 2669, 1393, 2729, 1366, 2720, 1412, 
2643, 1432, 2707, 1370, 2735, 1382, 2688, 1460, 2579, 1602, 
2415, 1789, 2213, 2001, 1993, 2220, 1782, 1693, 2316, 1896, 
2100, 2114, 1883, 2328, 1683, 2510, 1518, 2646, 1409, 2721, 
1367, 2728, 1395, 2588, 1454, 2693, 1379, 2736, 1372, 2705, 
1437, 2609, 1564, 2456, 1743, 2261, 1952, 2044, 2172, 2537, 
1652, 2360, 1848, 2151, 2063, 1932, 2281, 1725, 2473, 1552, 
2622, 1428, 2712, 1371, 2734, 1631, 2556, 1480, 2675, 1391, 
2732, 1368, 2719, 1417, 2637, 1532, 2496, 1700, 2309, 1903, 
2094, 1469, 2572, 1612, 2406, 1801, 2200, 2015, 1983, 2234, 
1771, 2433, 1588, 2593, 1451, 2697, 1377, 2340, 1672, 2521, 
1510, 2655, 1401, 2727, 1367, 2729, 1400, 2660, 1501, 2533, 
1657, 2356, 1855, 2703, 1444, 2601, 1575, 2447, 1756, 2248, 
1967, 2032, 2185, 1817, 2392, 1626, 2562, 1476, 2679, 1920, 
2294, 1715, 2484, 1543, 2630, 1423, 2714, 1368, 2735, 1387, 
2684, 1471, 2567, 1619, 2398, 1369, 2716, 1422, 2631, 1541, 
2487, 1712, 2298, 1916, 2083, 2136, 1865, 2348, 1667, 2527, 
1507, 2028, 1968, 2247, 1759, 2446, 1577, 2601, 1444, 2703, 
1376, 2736, 1376, 2700, 1446, 2598, 1580, 2727, 1367, 2727, 
1404, 2656, 1509, 2524, 1673, 2343, 1870, 2134, 2087, 1913, 
2302, 1711, 2491, 2238, 1979, 2018, 2198, 1805, 2404, 1615, 
2572, 1470, 2684, 1384, 2734, 1369, 2713, 1425, 2627, 1418, 
2718, 1369, 2735, 1391, 2678, 1479, 2559, 1630, 2388, 1821, 
2182, 2037, 1962, 2255, 1753, 1724, 2285, 1931, 2070, 2148, 
1852, 2359, 1655, 2536, 1499, 2663, 1399, 2729, 1368, 2726, 
1408, 2608, 1439, 2707, 1374, 2736, 1381, 2696, 1455, 2591, 
1591, 2431, 1776, 2230, 1987, 2012, 2207, 2515, 1680, 2331, 
1880, 2119, 2099, 1900, 2313, 1697, 2500, 1531, 2640, 1411, 
2719, 1367, 2732, 1606, 2580, 1464, 2690, 1382, 2736, 1371, 
2710, 1432, 2622, 1554, 2470, 1730, 2278, 1938, 2062, 1487, 
2551, 1639, 2376, 1833, 2168, 2049, 1948, 2266, 1740, 2460, 
1563, 2613, 1436, 2708, 1372, 2372, 1644, 2546, 1491, 2670, 
1396, 2732, 1369, 2723, 1412, 2648, 1523, 2511, 1689, 2326, 
1888, 2692, 1459, 2583, 1600, 2419, 1786, 2217, 1999, 1999, 
2218, 1787, 2420, 1601, 2584, 1460, 2692, 1888, 2327, 1688, 
2508, 1523, 2648, 1411, 2723, 1367, 2732, 1396, 2669, 1491, 
2545, 1646, 2371, 1372, 2706, 1438, 2612, 1564, 2462, 1743, 
2267, 1950, 2049, 2169, 1833, 2379, 1638, 2551, 1486, 2063, 
1937, 2279, 1731, 2472, 1553, 2620, 1431, 2712, 1371, 2736, 
1383, 2688, 1464, 2577, 1606, 2732, 1368, 2720, 1416, 2639, 
1531, 2499, 1698, 2312, 1901, 2098, 2121, 1879, 2332, 1680, 
2515, 2207, 2012, 1987, 2232, 1775, 2432, 1591, 2592, 1453, 
2697, 1379, 2738, 1374, 2706, 1440, 2608, 1407, 2725, 1367, 
2729, 1401, 2663, 1498, 2536, 1656, 2359, 1853, 2148, 2070, 
1929, 2287, 1723, 1753, 2253, 1964, 2035, 2183, 1821, 2390, 
1628, 2561, 1480, 2679, 1388, 2735, 1368, 2719, 1419, 2627, 
1424, 2714, 1370, 2735, 1386, 2684, 1472, 2569, 1616, 2401, 
1807, 2199, 2020, 1980, 2236, 2490, 1710, 2300, 1915, 2086, 
2134, 1868, 2345, 1670, 2527, 1508, 2656, 1406, 2727, 1366, 
2728, 1583, 2598, 1447, 2702, 1376, 2738, 1376, 2702, 1447, 
2601, 1579, 2446, 1759, 2247, 1971, 2028, 1507, 2527, 1667, 
2347, 1867, 2136, 2084, 1917, 2299, 1711, 2488, 1542, 2633, 
1422, 2717, 1368, 2400, 1619, 2569, 1472, 2684, 1386, 2734, 
1369, 2716, 1424, 2630, 1544, 2483, 1714, 2294, 1921, 2679, 
1479, 2561, 1628, 2391, 1818, 2183, 2035, 1966, 2252, 1755, 
2449, 1575, 2604, 1443, 2703, 1856, 2356, 1659, 2535, 1521, 
2564, 1591, 2442, 1888, 2211, 1847, 2310, 1754, 2427, 1641, 
2363, 2380, 1829, 2172, 2044, 1954, 2261, 1746, 2457, 1566, 
2611, 1438, 2707, 1374, 2737, 1377, 2696, 1494, 2668, 1396, 
2732, 1367, 2723, 1409, 2649, 1518, 2513, 1683, 2329, 1883, 
2116, 2100, 1897, 1600, 2423, 1783, 2222, 1995, 2003, 2215, 
1790, 2417, 1603, 2582, 1463, 2691, 1381, 2736, 1371, 2507, 
1524, 2644, 1414, 2722, 1368, 2734, 1394, 2672, 1489, 2550, 
1643, 2375, 1835, 2166, 2052, 2616, 1560, 2464, 1735, 2271, 
1944, 2053, 2164, 1837, 2373, 1643, 2547, 1489, 2671, 1394, 
2732, 1734, 2468, 1558, 2619, 1433, 2710, 1372, 2736, 1381, 
2691, 1462, 2581, 1601, 2418, 1788, 2215, 1415, 2642, 1527, 
2504, 1694, 2318, 1897, 2104, 2114, 1884, 2328, 1683, 2512, 
1521, 2648, 1411, 2227, 1779, 2428, 1595, 2589, 1456, 2695, 
1379, 2737, 1374, 2708, 1439, 2611, 1567, 2459, 1743, 2731, 
1399, 2665, 1497, 2540, 1652, 2364, 1848, 2154, 2065, 1934, 
2281, 1728, 2473, 1556, 2623, 2040, 2178, 1826, 2385, 1630, 
2556, 1482, 2676, 1390, 2732, 1368, 2720, 1416, 2636, 1532, 
2499, 1370, 2736, 1385, 2687, 1469, 2574, 1612, 2407, 1801, 
2203, 2016, 1984, 2236, 1774, 2435, 1590, 1910, 2089, 2127, 
1872, 2340, 1674, 2523, 1511, 2654, 1405, 2726, 1367, 2729, 
1399, 2662, 1501, 2699, 1378, 2737, 1375, 2703, 1443, 2604, 
1576, 2451, 1756, 2252, 1964, 2033, 2185, 1820, 2392, 2351, 
1860, 2140, 2078, 1920, 2296, 1716, 2483, 1544, 2630, 1425, 
2716, 1371, 2735, 1388, 2684, 1475, 2681, 1388, 2734, 1370, 
2718, 1423, 2632, 1540, 2487, 1712, 2297, 1916, 2083, 2134, 
1864, 1623, 2396, 1813, 2191, 2027, 1969, 2245, 1760, 2444, 
1579, 2600, 1446, 2702, 1375, 2736, 1376, 2532, 1503, 2660, 
1403, 2729, 1368, 2727, 1405, 2657, 1508, 2525, 1670, 2345, 
1868, 2135, 2087, 2596, 1584, 2437, 1766, 2238, 1978, 2021, 
2198, 1805, 2401, 1617, 2569, 1470, 2691, 1384, 2734, 1703, 
2495, 1536, 2636, 1420, 2719, 1369, 2734, 1388, 2679, 1480, 
2559, 1628, 2390, 1821, 2183, 1428, 2624, 1550, 2478, 1723, 
2287, 1929, 2071, 2148, 1854, 2359, 1656, 2536, 1499, 2663, 
1400, 2258, 1748, 2456, 1569, 2609, 1441, 2705, 1374, 2736, 
1379, 2697, 1454, 2591, 1590, 2432, 1775, 2723, 1408, 2649, 
1516, 2515, 1681, 2333, 1879, 2119, 2097, 1901, 2312, 1698, 
2499, 1530, 2640, 2011, 2211, 1795, 2411, 1607, 2578, 1464, 
2689, 1383, 2734, 1371, 2712, 1431, 2620, 1555, 2472, 1368, 
2732, 1395, 2673, 1485, 2551, 1639, 2377, 1833, 2169, 2047, 
1951, 2265, 1743, 2460, 1564, 1942, 2059, 2161, 1841, 2370, 
1647, 2544, 1492, 2670, 1395, 2732, 1368, 2723, 1412, 2647, 
1520, 2711, 1372, 2734, 1382, 2694, 1460, 2584, 1600, 2421, 
1787, 2218, 1997, 2000, 2219, 1787, 2419, 2321, 1893, 2108, 
2111, 1888, 2324, 1688, 2509, 1522, 2647, 1412, 2721, 1367, 
2732, 1396, 2671, 1457, 2695, 1380, 2736, 1374, 2708, 1436, 
2614, 1563, 2462, 1743, 2268, 1948, 2050, 2167, 1835, 1649, 
2367, 1846, 2158, 2062, 1937, 2279, 1731, 2472, 1556, 2620, 
1432, 2712, 1372, 2737, 1383, 2554, 1484, 2676, 1392, 2734, 
1368, 2720, 1418, 2641, 1531, 2499, 1697, 2314, 1900, 2101, 
2118, 2575, 1609, 2410, 1801, 2207, 2012, 1988, 2230, 1776, 
2432, 1592, 2592, 1455, 2696, 1379, 2737, 1677, 2520, 1513, 
2652, 1407, 2726, 1367, 2729, 1400, 2663, 1499, 2536, 1655, 
2359, 1852, 2151, 1442, 2608, 1573, 2451, 1753, 2255, 1963, 
2038, 2182, 1823, 2390, 1630, 2559, 1479, 2680, 1392, 2289, 
1719, 2481, 1546, 2628, 1426, 2715, 1370, 2736, 1385, 2686, 
1471, 2571, 1616, 2402, 1804, 2718, 1421, 2634, 1539, 2491, 
1710, 2302, 1913, 2086, 2132, 1871, 2279, 1933, 2067, 2152, 
1847, 1636, 2376, 1830, 2171, 2044, 1950, 2262, 1742, 2457, 
1564, 2608, 1436, 2704, 1372, 2734, 1377, 2543, 1491, 2666, 
1395, 2728, 1367, 2721, 1409, 2647, 1518, 2508, 1683, 2326, 
1884, 2112, 2104, 2584, 1598, 2420, 1782, 2219, 1995, 2000, 
2214, 1788, 2416, 1602, 2580, 1456, 2689, 1382, 2735, 1688, 
2506, 1522, 2644, 1411, 2721, 1367, 2730, 1394, 2668, 1488, 
2544, 1642, 2371, 1836, 2163, 1434, 2614, 1562, 2463, 1740, 
2268, 1947, 2051, 2164, 1836, 2375, 1641, 2548, 1487, 2670, 
1392, 2275, 1731, 2470, 1557, 2617, 1436, 2709, 1370, 2736, 
1383, 2688, 1465, 2580, 1604, 2415, 1791, 2719, 1416, 2640, 
1528, 2501, 1694, 2315, 1898, 2103, 2116, 1883, 2329, 1683, 
2512, 1519, 2648, 1988, 2228, 1777, 2428, 1595, 2590, 1455, 
2695, 1379, 2736, 1373, 2705, 1439, 2609, 1567, 2457, 1367, 
2727, 1399, 2664, 1496, 2537, 1654, 2361, 1851, 2151, 2067, 
1932, 2282, 1726, 2475, 1551, 1959, 2038, 2178, 1823, 2385, 
1632, 2558, 1480, 2676, 1390, 2732, 1368, 2719, 1417, 2636, 
1532, 2713, 1370, 2736, 1384, 2684, 1468, 2572, 1613, 2404, 
1804, 2200, 2017, 1981, 2233, 1770, 2435, 2303, 1911, 2088, 
2129, 1871, 2342, 1672, 2523, 1510, 2655, 1406, 2726, 1367, 
2727, 1400, 2662, 1448, 2700, 1376, 2737, 1376, 2703, 1445, 
2604, 1576, 2447, 1758, 2248, 1967, 2030, 2185, 1816, 1665, 
2350, 1862, 2139, 2080, 1919, 2295, 1715, 2486, 1543, 2630, 
1422, 2716, 1369, 2735, 1386, 2565, 1473, 2682, 1390, 2734, 
1369, 2716, 1423, 2631, 1542, 2487, 1713, 2296, 1918, 2080, 
2136, 2563, 1624, 2393, 1816, 2188, 2032, 1968, 2249, 1759, 
2447, 1577, 2602, 1444, 2702, 1376, 2737, 1661, 2531, 1504, 
2660, 1400, 2727, 1366, 2726, 1404, 2656, 1510, 2524, 1670, 
2343, 1870, 2131, 1450, 2595, 1585, 2436, 1770, 2236, 1980, 
2017, 2200, 1806, 2403, 1614, 2572, 1471, 2687, 1386, 2307, 
1702, 2495, 1534, 2636, 1418, 2719, 1368, 2735, 1390, 2678, 
1480, 2559, 1629, 2386, 1822, 2713, 1428, 2624, 1550, 2476, 
1725, 2286, 1931, 2068, 2149, 1852, 2360, 1656, 2537, 1499, 
2665, 1955, 2259, 1747, 2456, 1568, 2609, 1439, 2707, 1376, 
2736, 1378, 2696, 1455, 2591, 1592, 2429, 1368, 2723, 1409, 
2649, 1518, 2515, 1681, 2332, 1883, 2118, 2102, 1899, 2315, 
1698, 2501, 1530, 1992, 2005, 2211, 1792, 2416, 1604, 2580, 
1463, 2690, 1383, 2735, 1372, 2712, 1431, 2620, 1555, 2720, 
1369, 2734, 1395, 2672, 1488, 2551, 1642, 2376, 1835, 2169, 
2051, 1948, 2268, 1740, 2463, 2272, 1943, 2055, 2163, 1839, 
2371, 1644, 2546, 1490, 2671, 1395, 2732, 1368, 2723, 1412, 
2646, 1433, 2710, 1372, 2736, 1382, 2691, 1460, 2584, 1601, 
2419, 1788, 2218, 2000, 1998, 2220, 1785, 1692, 2318, 1895, 
2105, 2111, 1886, 2327, 1685, 2510, 1520, 2647, 1409, 2724, 
1367, 2731, 1395, 2587, 1456, 2695, 1380, 2737, 1374, 2708, 
1436, 2612, 1564, 2460, 1742, 2265, 1951, 2049, 2169, 2540, 
1651, 2364, 1846, 2156, 2063, 1934, 2280, 1730, 2475, 1554, 
2623, 1431, 2712, 1371, 2736, 1633, 2556, 1483, 2675, 1391, 
2734, 1369, 2720, 1416, 2639, 1532, 2499, 1699, 2312, 1901, 
2098, 1467, 2575, 1612, 2408, 1799, 2204, 2015, 1983, 2232, 
1773, 2432, 1590, 2592, 1455, 2697, 1379, 2339, 1676, 2520, 
1514, 2654, 1405, 2726, 1368, 2731, 1401, 2663, 1500, 2535, 
1656, 2357, 1855, 2703, 1443, 2606, 1574, 2449, 1755, 2252, 
1964, 2034, 2183, 1820, 2391, 1628, 2560, 1479, 2680, 1923, 
2293, 1719, 2483, 1546, 2628, 1425, 2715, 1369, 2736, 1384, 
2685, 1472, 2571, 1617, 2401, 1369, 2718, 1421, 2633, 1540, 
2488, 1710, 2301, 1915, 2145, 1956, 2160, 1800, 2536, 1610, 
2460, 1371, 2737, 1369, 2728, 1403, 2660, 1504, 2529, 1663, 
2351, 1861, 2140, 2077, 1921, 2294, 1716, 1761, 2245, 1971, 
2027, 2190, 1813, 2396, 1623, 2566, 1475, 2681, 1387, 2735, 
1371, 2718, 1422, 2632, 1423, 2719, 1367, 2736, 1386, 2680, 
1476, 2566, 1623, 2396, 1814, 2190, 2026, 1970, 2247, 2483, 
1715, 2292, 1922, 2078, 2140, 1859, 2352, 1662, 2531, 1504, 
2660, 1401, 2727, 1372, 2726, 1575, 2606, 1444, 2703, 1375, 
2737, 1377, 2700, 1449, 2595, 1586, 2438, 1768, 2239, 1978, 
2020, 1511, 2521, 1673, 2339, 1873, 2128, 2088, 1907, 2306, 
1704, 2495, 1535, 2636, 1419, 2718, 1369, 2404, 1613, 2574, 
1468, 2687, 1385, 2736, 1371, 2713, 1428, 2625, 1550, 2479, 
1723, 2286, 1928, 2678, 1484, 2556, 1630, 2384, 1825, 2179, 
2042, 1957, 2259, 1747, 2454, 1570, 2608, 1440, 2706, 1848, 
2363, 1651, 2540, 1496, 2667, 1398, 2731, 1367, 2724, 1408, 
2652, 1516, 2519, 1680, 2332, 1380, 2694, 1456, 2592, 1593, 
2427, 1779, 2226, 1991, 2007, 2211, 1794, 2415, 1606, 2578, 
1465, 2104, 1897, 2318, 1695, 2504, 1527, 2643, 1414, 2721, 
1368, 2734, 1393, 2672, 1486, 2551, 1637, 2737, 1372, 2712, 
1432, 2617, 1558, 2467, 1735, 2274, 1942, 2057, 2161, 1840, 
2371, 1646, 2544, 2164, 2054, 1944, 2272, 1737, 2465, 1559, 
2617, 1435, 2711, 1373, 2736, 1383, 2692, 1459, 2584, 1393, 
2732, 1368, 2723, 1413, 2644, 1524, 2507, 1692, 2320, 1892, 
2107, 2111, 1888, 2326, 1687, 1791, 2214, 2004, 1994, 2223, 
1782, 2422, 1596, 2587, 1463, 2694, 1380, 2735, 1374, 2708, 
1437, 2649, 1411, 2723, 1368, 2731, 1397, 2668, 1494, 2542, 
1650, 2367, 1845, 2159, 2062, 1937, 2279, 2458, 1746, 2263, 
1957, 2045, 2175, 1828, 2384, 1635, 2555, 1484, 2675, 1392, 
2734, 1368, 2721, 1551, 2623, 1430, 2715, 1372, 2737, 1384, 
2689, 1467, 2576, 1609, 2410, 1798, 2207, 2014, 1988, 1534, 
2496, 1702, 2309, 1908, 2094, 2124, 1877, 2338, 1677, 2520, 
1515, 2652, 1408, 2727, 1368, 2435, 1587, 2595, 1452, 2699, 
1376, 2737, 1376, 2705, 1442, 2607, 1571, 2452, 1754, 2255, 
1964, 2663, 1502, 2535, 1660, 2355, 1859, 2144, 2075, 1925, 
2291, 1720, 2483, 1546, 2627, 1426, 2715, 1816, 2393, 1625, 
2563, 1477, 2680, 1388, 2735, 1371, 2718, 1422, 2635, 1539, 
2492, 1708, 2303, 1386, 2683, 1472, 2567, 1620, 2398, 1810, 
2193, 2023, 1974, 2244, 1764, 2442, 1582, 2600, 1448, 2137, 
1863, 2350, 1665, 2528, 1505, 2659, 1404, 2728, 1367, 2727, 
1403, 2657, 1507, 2527, 1666, 2737, 1376, 2700, 1448, 2598, 
1582, 2440, 1764, 2241, 1974, 2023, 2193, 1811, 2400, 1619, 
2568, 2131, 2087, 1911, 2303, 1708, 2492, 1537, 2633, 1420, 
2718, 1368, 2736, 1390, 2684, 1477, 2563, 1385, 2735, 1371, 
2713, 1426, 2627, 1547, 2480, 1719, 2290, 1924, 2076, 2143, 
1856, 2355, 1660, 1822, 2179, 2038, 1959, 2256, 1755, 2454, 
1572, 2607, 1442, 2705, 1374, 2736, 1378, 2698, 1450, 2665, 
1399, 2730, 1367, 2726, 1408, 2652, 1514, 2518, 1677, 2336, 
1880, 2124, 2093, 1907, 2310, 2430, 1776, 2230, 1987, 2011, 
2207, 1799, 2412, 1609, 2576, 1465, 2688, 1383, 2736, 1370, 
2713, 1531, 2641, 1415, 2720, 1367, 2732, 1392, 2675, 1484, 
2552, 1638, 2380, 1829, 2174, 2043, 1952, 1556, 2470, 1731, 
2278, 1937, 2062, 2158, 1844, 2367, 1647, 2542, 1494, 2667, 
1397, 2732, 1368, 2463, 1562, 2614, 1436, 2708, 1372, 2736, 
1380, 2694, 1457, 2586, 1596, 2423, 1783, 2223, 1995, 2647, 
1523, 2510, 1688, 2324, 1890, 2111, 2108, 1894, 2322, 1691, 
2507, 1525, 2646, 1414, 2721, 1787, 2422, 1602, 2585, 1459, 
2693, 1380, 2736, 1372, 2709, 1435, 2616, 1559, 2463, 1738, 
2271, 2716, 1367, 2732, 1390, 2676, 1476, 2557, 1629, 2385, 
1821, 2180, 2036, 1959, 2254, 1750, 2451, 2283, 1929, 2068, 
2147, 1851, 2358, 1653, 2535, 1497, 2662, 1397, 2728, 1366, 
2725, 1406, 2649, 1439, 2707, 1372, 2736, 1377, 2694, 1453, 
2591, 1591, 2430, 1774, 2231, 1985, 2011, 2204, 1798, 1679, 
2331, 1881, 2118, 2099, 1898, 2312, 1697, 2499, 1528, 2639, 
1414, 2718, 1364, 2734, 1392, 2579, 1462, 2688, 1382, 2736, 
1370, 2712, 1430, 2619, 1556, 2470, 1731, 2278, 1936, 2062, 
2156, 2548, 1639, 2376, 1833, 2168, 2048, 1948, 2266, 1740, 
2460, 1564, 2611, 1435, 2706, 1372, 2736, 1644, 2546, 1489, 
2669, 1396, 2731, 1368, 2723, 1411, 2646, 1521, 2508, 1688, 
2324, 1889, 2111, 1461, 2583, 1600, 2421, 1787, 2216, 1995, 
1998, 2220, 1785, 2419, 1600, 2584, 1459, 2692, 1381, 2326, 
1685, 2510, 1521, 2648, 1410, 2723, 1367, 2731, 1395, 2668, 
1492, 2545, 1645, 2371, 1840, 2707, 1438, 2612, 1563, 2459, 
1740, 2265, 1951, 2047, 2168, 1832, 2377, 1639, 2551, 1487, 
2673, 1935, 2279, 1730, 2472, 1555, 2621, 1430, 2711, 1371, 
2736, 1383, 2688, 1464, 2578, 1607, 2412, 1368, 2720, 1417, 
2640, 1531, 2498, 1699, 2311, 1900, 2097, 2119, 1880, 2333, 
1679, 2515, 1517, 2013, 1985, 2232, 1775, 2432, 1590, 2591, 
1453, 2697, 1378, 2736, 1372, 2706, 1442, 2608, 1569, 2726, 
1367, 2730, 1399, 2663, 1499, 2536, 1655, 2358, 1854, 2148, 
2070, 1928, 2288, 1721, 2479, 2254, 1966, 2035, 2182, 1821, 
2390, 1630, 2560, 1479, 2678, 1388, 2732, 1369, 2719, 1419, 
2636, 1425, 2716, 1371, 2736, 1386, 2684, 1470, 2571, 1615, 
2403, 1806, 2197, 2020, 1977, 2240, 1767, 1710, 2301, 1913, 
2084, 2135, 1868, 2345, 1669, 2526, 1508, 2657, 1404, 2727, 
1367, 2729, 1402, 2599, 1446, 2702, 1377, 2737, 1376, 2702, 
1447, 2601, 1577, 2444, 1760, 2246, 1971, 2027, 2190, 2527, 
1668, 2354, 1866, 2136, 2083, 1916, 2299, 1712, 2489, 1541, 
2632, 1422, 2718, 1369, 2736, 1619, 2568, 1472, 2684, 1386, 
2735, 1369, 2716, 1425, 2630, 1543, 2484, 1716, 2296, 1922, 
2076, 1476, 2563, 1627, 2391, 1819, 2184, 2033, 1965, 2253, 
1756, 2451, 1575, 2606, 1441, 2703, 1375, 2356, 1657, 2535, 
1500, 2663, 1400, 2729, 1367, 2727, 1407, 2653, 1513, 2520, 
1672, 2342, 1872, 2697, 1452, 2592, 1589, 2433, 1773, 2234, 
1983, 2016, 2203, 1803, 2409, 1613, 2574, 1470, 2686, 1904, 
2311, 1701, 2496, 1533, 2639, 1415, 2719, 1367, 2735, 1391, 
2678, 1483, 2558, 1632, 2384, 1371, 2713, 1429, 2623, 1553, 
2475, 1728, 2281, 1934, 2067, 2153, 1849, 2365, 1652, 2540, 
1496, 2046, 1950, 2264, 1742, 2459, 1567, 2611, 1438, 2708, 
1373, 2737, 1379, 2696, 1456, 2590, 1595, 2731, 1368, 2723, 
1411, 2648, 1520, 2512, 1684, 2328, 1885, 2116, 2104, 1897, 
2319, 1697, 2505, 2220, 1996, 2001, 2214, 1790, 2416, 1603, 
2582, 1462, 2691, 1382, 2737, 1372, 2712, 1432, 2617, 1412, 
2723, 1367, 2732, 1395, 2671, 1489, 2547, 1643, 2374, 1838, 
2164, 2054, 1945, 2268, 1740, 1740, 2268, 1947, 2052, 2166, 
1836, 2375, 1641, 2550, 1488, 2674, 1393, 2731, 1368, 2721, 
1415, 2619, 1432, 2711, 1371, 2737, 1383, 2691, 1463, 2580, 
1603, 2416, 1792, 2212, 2003, 1995, 2223, 2502, 1695, 2317, 
1897, 2100, 2117, 1884, 2332, 1684, 2515, 1519, 2648, 1409, 
2724, 1367, 2731, 1593, 2590, 1455, 2695, 1379, 2735, 1376, 
2707, 1439, 2611, 1567, 2457, 1745, 2262, 1953, 2043, 1497, 
2539, 1654, 2363, 1849, 2151, 2067, 1932, 2284, 1726, 2476, 
1551, 2623, 1428, 2713, 1374, 2388, 1633, 2559, 1481, 2678, 
1392, 2735, 1368, 2720, 1418, 2639, 1532, 2496, 1701, 2415, 
1715, 2675, 1572, 2530, 1542, 2600, 1480, 2665, 1420, 2630, 
1425, 2716, 1370, 2734, 1385, 2680, 1472, 2682, 1387, 2736, 
1368, 2718, 1422, 2632, 1541, 2488, 1714, 2299, 1918, 2084, 
2134, 1865, 2346, 2396, 1814, 2191, 2028, 1970, 2247, 1760, 
2444, 1579, 2601, 1444, 2703, 1377, 2736, 1377, 2701, 1504, 
2660, 1402, 2728, 1367, 2726, 1405, 2657, 1509, 2525, 1671, 
2345, 1868, 2132, 2087, 1915, 1584, 2438, 1768, 2236, 1977, 
2020, 2199, 1806, 2401, 1618, 2571, 1470, 2686, 1385, 2735, 
1370, 2494, 1536, 2636, 1419, 2719, 1368, 2735, 1390, 2680, 
1479, 2559, 1628, 2391, 1821, 2182, 2035, 2624, 1550, 2476, 
1722, 2287, 1927, 2072, 2147, 1852, 2359, 1657, 2535, 1499, 
2664, 1399, 2728, 1748, 2455, 1569, 2608, 1440, 2705, 1374, 
2736, 1379, 2697, 1452, 2592, 1590, 2430, 1774, 2230, 1409, 
2651, 1516, 2515, 1679, 2332, 1883, 2120, 2097, 1900, 2312, 
1699, 2500, 1531, 2639, 1416, 2211, 1793, 2415, 1606, 2578, 
1464, 2689, 1383, 2732, 1372, 2712, 1431, 2620, 1557, 2471, 
1731, 2732, 1392, 2675, 1487, 2552, 1638, 2377, 1833, 2169, 
2047, 1951, 2265, 1742, 2462, 1564, 2614, 2057, 2161, 1841, 
2370, 1645, 2545, 1491, 2668, 1395, 2731, 1368, 2723, 1411, 
2646, 1522, 2511, 1373, 2737, 1382, 2691, 1460, 2584, 1599, 
2420, 1786, 2219, 1998, 1999, 2217, 1787, 2420, 1600, 1894, 
2108, 2113, 1887, 2325, 1688, 2510, 1520, 2646, 1413, 2723, 
1367, 2732, 1395, 2671, 1491, 2695, 1381, 2737, 1373, 2708, 
1436, 2614, 1564, 2462, 1741, 2265, 1952, 2049, 2168, 1836, 
2379, 2365, 1844, 2158, 2062, 1939, 2279, 1729, 2472, 1557, 
2621, 1433, 2712, 1372, 2736, 1383, 2691, 1484, 2675, 1392, 
2734, 1368, 2721, 1416, 2640, 1529, 2500, 1698, 2314, 1899, 
2099, 2120, 1883, 1611, 2412, 1799, 2208, 2012, 1987, 2232, 
1779, 2432, 1592, 2591, 1455, 2695, 1378, 2737, 1373, 2519, 
1512, 2652, 1408, 2726, 1367, 2728, 1399, 2664, 1500, 2537, 
1656, 2359, 1852, 2150, 2070, 2606, 1575, 2450, 1755, 2255, 
1962, 2037, 2182, 1820, 2390, 1631, 2559, 1480, 2679, 1391, 
2734, 1718, 2481, 1546, 2630, 1425, 2716, 1369, 2736, 1385, 
2684, 1471, 2569, 1617, 2403, 1807, 2198, 1421, 2634, 1538, 
2491, 1709, 2302, 1913, 2087, 2132, 1870, 2345, 1671, 2525, 
1510, 2656, 1401, 2243, 1761, 2443, 1581, 2599, 1448, 2701, 
1375, 2737, 1376, 2703, 1446, 2603, 1578, 2444, 1759, 2727, 
1404, 2659, 1507, 2528, 1667, 2348, 1865, 2137, 2082, 1918, 
2302, 1713, 2488, 1542, 2632, 2022, 2195, 1807, 2401, 1619, 
2569, 1473, 2683, 1387, 2735, 1370, 2715, 1424, 2631, 1543, 
2488, 1369, 2734, 1388, 2681, 1478, 2563, 1627, 2392, 1819, 
2185, 2031, 1967, 2252, 1758, 2448, 1579, 1924, 2073, 2145, 
1856, 2356, 1659, 2533, 1502, 2663, 1400, 2729, 1368, 2726, 
1406, 2655, 1511, 2705, 1374, 2736, 1378, 2697, 1451, 2595, 
1590, 2435, 1772, 2234, 1983, 2019, 2202, 1804, 2407, 2335, 
1877, 2122, 2096, 1905, 2311, 1702, 2497, 1532, 2638, 1418, 
2720, 1368, 2735, 1392, 2678, 1467, 2687, 1385, 2737, 1371, 
2712, 1429, 2623, 1552, 2473, 1727, 2284, 1934, 2067, 2153, 
1849, 1635, 2380, 1830, 2172, 2044, 1953, 2264, 1745, 2459, 
1567, 2611, 1439, 2707, 1373, 2738, 1381, 2543, 1493, 2668, 
1398, 2732, 1368, 2724, 1410, 2648, 1521, 2512, 1684, 2329, 
1885, 2117, 2103, 2588, 1597, 2423, 1784, 2222, 1995, 2003, 
2215, 1791, 2419, 1603, 2580, 1462, 2691, 1387, 2737, 1691, 
2508, 1524, 2646, 1414, 2726, 1368, 2732, 1395, 2671, 1489, 
2548, 1643, 2375, 1838, 2168, 1436, 2616, 1562, 2463, 1739, 
2268, 1946, 2054, 2164, 1837, 2373, 1644, 2548, 1489, 2671, 
1397, 2277, 1732, 2469, 1559, 2579, 1602, 2414, 1788, 2214, 
1999, 1993, 2219, 1783, 2422, 1597, 2584, 2100, 2113, 1883, 
2327, 1683, 2511, 1518, 2648, 1408, 2721, 1364, 2727, 1396, 
2665, 1493, 2542, 1379, 2735, 1372, 2705, 1438, 2609, 1563, 
2456, 1737, 2262, 1951, 2044, 2171, 1828, 2378, 1635, 1847, 
2151, 2064, 1932, 2279, 1726, 2472, 1552, 2620, 1428, 2710, 
1369, 2735, 1383, 2687, 1464, 2675, 1390, 2730, 1368, 2720, 
1416, 2636, 1531, 2496, 1698, 2309, 1904, 2095, 2121, 1878, 
2335, 2406, 1800, 2200, 2016, 1981, 2233, 1771, 2433, 1586, 
2594, 1452, 2696, 1377, 2736, 1375, 2705, 1511, 2653, 1404, 
2726, 1366, 2729, 1400, 2662, 1500, 2535, 1658, 2354, 1855, 
2144, 2072, 1924, 1575, 2447, 1754, 2252, 1965, 2031, 2184, 
1817, 2392, 1627, 2561, 1477, 2678, 1388, 2733, 1368, 2483, 
1543, 2629, 1423, 2715, 1369, 2735, 1386, 2681, 1472, 2566, 
1618, 2400, 1808, 2194, 2022, 2631, 1542, 2487, 1712, 2298, 
1916, 2083, 2136, 1864, 2347, 1666, 2526, 1507, 2657, 1404, 
2727, 1760, 2444, 1580, 2602, 1446, 2700, 1376, 2736, 1376, 
2700, 1446, 2599, 1580, 2441, 1763, 2243, 1404, 2656, 1507, 
2522, 1668, 2345, 1870, 2134, 2084, 1913, 2300, 1708, 2489, 
1539, 2632, 1421, 2197, 1804, 2401, 1616, 2570, 1470, 2684, 
1385, 2734, 1368, 2713, 1425, 2626, 1545, 2480, 1720, 2736, 
1390, 2676, 1480, 2559, 1629, 2388, 1820, 2183, 2036, 1962, 
2252, 1753, 2450, 1574, 2604, 2069, 2147, 1852, 2358, 1656, 
2536, 1499, 2663, 1399, 2729, 1365, 2724, 1406, 2654, 1514, 
2518, 1371, 2738, 1379, 2696, 1455, 2591, 1591, 2431, 1776, 
2230, 1985, 2013, 2204, 1800, 2409, 1611, 1880, 2119, 2097, 
1900, 2312, 1698, 2499, 1531, 2639, 1415, 2720, 1367, 2734, 
1391, 2674, 1484, 2689, 1382, 2736, 1372, 2711, 1432, 2622, 
1554, 2472, 1730, 2279, 1936, 2064, 2156, 1845, 2367, 2377, 
1833, 2169, 2047, 1950, 2264, 1740, 2460, 1564, 2613, 1437, 
2708, 1373, 2737, 1380, 2695, 1491, 2670, 1396, 2731, 1368, 
2723, 1411, 2648, 1521, 2510, 1688, 2326, 1888, 2113, 2106, 
1895, 1600, 2419, 1785, 2219, 1999, 2000, 2218, 1787, 2421, 
1599, 2583, 1463, 2692, 1380, 2736, 1373, 2509, 1520, 2647, 
1412, 2723, 1367, 2731, 1395, 2669, 1492, 2545, 1645, 2371, 
1841, 2163, 2056, 2609, 1564, 2462, 1741, 2267, 1948, 2048, 
2169, 1833, 2377, 1639, 2553, 1489, 2674, 1393, 2732, 1731, 
2472, 1556, 2621, 1431, 2712, 1372, 2736, 1383, 2689, 1462, 
2579, 1607, 2416, 1793, 2211, 1417, 2640, 1528, 2500, 1699, 
2315, 1900, 2099, 2119, 1880, 2332, 1681, 2517, 1517, 2651, 
1409, 2232, 1776, 2432, 1591, 2592, 1454, 2700, 1379, 2736, 
1374, 2705, 1440, 2609, 1568, 2456, 1749, 2729, 1400, 2664, 
1500, 2535, 1657, 2360, 1850, 2149, 2070, 1930, 2286, 1724, 
2477, 1548, 2625, 2037, 2182, 1823, 2390, 1631, 2561, 1479, 
2680, 1390, 2733, 1369, 2720, 1418, 2636, 1534, 2495, 1369, 
2736, 1387, 2684, 1471, 2569, 1617, 2403, 1805, 2200, 2020, 
1980, 2237, 1768, 2438, 1585, 1915, 2087, 2132, 1870, 2344, 
1670, 2524, 1510, 2656, 1404, 2727, 1367, 2729, 1401, 2659, 
1503, 2702, 1376, 2737, 1376, 2702, 1446, 2601, 1578, 2444, 
1760, 2247, 1970, 2028, 2190, 1815, 2396, 2347, 1865, 2136, 
2083, 1918, 2298, 1713, 2488, 1542, 2632, 1422, 2718, 1371, 
2737, 1387, 2681, 1473, 2684, 1385, 2736, 1369, 2716, 1423, 
2630, 1541, 2486, 1717, 2294, 1921, 2079, 2139, 1863, 1626, 
2392, 1818, 2186, 2034, 1967, 2252, 1758, 2448, 1576, 2604, 
1443, 2704, 1375, 2736, 1376, 2535, 1502, 2662, 1400, 2734, 
1368, 2727, 1407, 2654, 1512, 2521, 1673, 2342, 1872, 2129, 
2091, 2593, 1587, 2504, 1555, 2595, 1429, 2735, 1376, 2735, 
1368, 2723, 1392, 2705, 1440, 2608, 1571, 2724, 1368, 2729, 
1400, 2663, 1500, 2535, 1659, 2356, 1856, 2147, 2072, 1926, 
2288, 1725, 2480, 2252, 1965, 2032, 2184, 1820, 2392, 1628, 
2560, 1480, 2678, 1390, 2734, 1366, 2720, 1420, 2635, 1425, 
2716, 1369, 2736, 1385, 2684, 1472, 2569, 1617, 2401, 1808, 
2197, 2020, 1977, 2240, 1766, 1712, 2299, 1916, 2083, 2134, 
1867, 2346, 1667, 2524, 1506, 2659, 1405, 2727, 1367, 2727, 
1401, 2601, 1447, 2703, 1376, 2738, 1376, 2701, 1447, 2601, 
1579, 2443, 1759, 2246, 1973, 2024, 2191, 2526, 1669, 2345, 
1868, 2131, 2084, 1913, 2302, 1709, 2491, 1539, 2633, 1423, 
2718, 1368, 2735, 1617, 2569, 1473, 2684, 1387, 2736, 1370, 
2717, 1426, 2630, 1545, 2483, 1718, 2292, 1923, 2076, 1479, 
2563, 1630, 2390, 1822, 2183, 2034, 1964, 2254, 1755, 2450, 
1574, 2606, 1443, 2704, 1375, 2359, 1657, 2535, 1500, 2663, 
1400, 2728, 1368, 2727, 1406, 2652, 1511, 2520, 1673, 2337, 
1874, 2695, 1454, 2592, 1591, 2432, 1774, 2231, 1984, 2012, 
2204, 1800, 2408, 1611, 2574, 1468, 2684, 1902, 2313, 1700, 
2499, 1531, 2639, 1416, 2720, 1367, 2734, 1390, 2674, 1481, 
2555, 1632, 2382, 1371, 2712, 1432, 2623, 1556, 2472, 1729, 
2280, 1935, 2064, 2154, 1845, 2364, 1651, 2539, 1496, 2048, 
1950, 2268, 1742, 2461, 1566, 2611, 1436, 2710, 1374, 2736, 
1380, 2694, 1457, 2587, 1595, 2731, 1368, 2724, 1411, 2648, 
1520, 2511, 1686, 2328, 1888, 2116, 2105, 1895, 2320, 1692, 
2505, 2220, 1998, 2000, 2216, 1789, 2420, 1603, 2583, 1460, 
2691, 1381, 2735, 1372, 2708, 1434, 2618, 1411, 2722, 1368, 
2732, 1394, 2669, 1491, 2546, 1644, 2372, 1840, 2163, 2056, 
1944, 2273, 1741, 1741, 2268, 1950, 2049, 2168, 1834, 2377, 
1640, 2550, 1488, 2673, 1393, 2732, 1367, 2721, 1414, 2620, 
1430, 2711, 1372, 2737, 1383, 2689, 1463, 2580, 1605, 2413, 
1792, 2214, 2004, 1994, 2224, 2500, 1695, 2313, 1899, 2099, 
2118, 1883, 2331, 1682, 2515, 1519, 2651, 1408, 2726, 1368, 
2732, 1593, 2591, 1453, 2697, 1378, 2736, 1375, 2708, 1440, 
2609, 1569, 2458, 1747, 2262, 1956, 2044, 1499, 2539, 1655, 
2361, 1851, 2150, 2068, 1931, 2285, 1724, 2480, 1552, 2624, 
1430, 2713, 1370, 2388, 1630, 2559, 1480, 2678, 1388, 2735, 
1375, 2719, 1419, 2638, 1535, 2496, 1703, 2308, 1906, 2685, 
1469, 2571, 1616, 2403, 1804, 2200, 2019, 1980, 2238, 1771, 
2438, 1586, 2595, 1452, 2699, 1873, 2342, 1671, 2526, 1509, 
2656, 1405, 2727, 1367, 2729, 1402, 2661, 1503, 2532, 1662, 
2355, 1379, 2702, 1444, 2601, 1578, 2446, 1760, 2249, 1968, 
2030, 2188, 1816, 2396, 1623, 2564, 1478, 2081, 1918, 2298, 
1715, 2487, 1543, 2632, 1422, 2718, 1369, 2736, 1388, 2681, 
1473, 2567, 1622, 2735, 1369, 2716, 1423, 2630, 1542, 2484, 
1714, 2296, 1918, 2080, 2138, 1862, 2352, 1665, 2531, 2186, 
2032, 1968, 2249, 1758, 2447, 1575, 2604, 1444, 2703, 1376, 
2735, 1377, 2702, 1448, 2599, 1399, 2729, 1367, 2726, 1406, 
2656, 1511, 2524, 1671, 2343, 1870, 2129, 2089, 1911, 2303, 
1708, 1770, 2236, 1983, 2017, 2201, 1804, 2406, 1615, 2572, 
1468, 2686, 1385, 2735, 1372, 2714, 1427, 2638, 1414, 2719, 
1368, 2736, 1391, 2676, 1483, 2558, 1631, 2387, 1823, 2179, 
2039, 1960, 2255, 2475, 1727, 2284, 1931, 2067, 2151, 1849, 
2362, 1653, 2537, 1496, 2665, 1399, 2730, 1368, 2726, 1568, 
2611, 1439, 2707, 1372, 2737, 1380, 2696, 1455, 2590, 1592, 
2428, 1777, 2227, 1988, 2009, 1519, 2513, 1683, 2329, 1883, 
2117, 2101, 1900, 2316, 1697, 2503, 1530, 2640, 1415, 2720, 
1368, 2416, 1604, 2580, 1463, 2691, 1382, 2736, 1372, 2711, 
2673, 1388, 2729, 1368, 2717, 1417, 2636, 1426, 2711, 1368, 
2734, 1384, 2684, 1468, 2572, 1610, 2406, 1799, 2201, 2012, 
1984, 2232, 1771, 1703, 2304, 1907, 2089, 2127, 1871, 2339, 
1672, 2520, 1511, 2652, 1405, 2724, 1366, 2727, 1400, 2595, 
1448, 2699, 1376, 2736, 1375, 2702, 1443, 2603, 1573, 2447, 
1755, 2251, 1964, 2033, 2183, 2529, 1660, 2350, 1859, 2140, 
2076, 1922, 2295, 1716, 2484, 1543, 2628, 1423, 2715, 1369, 
2735, 1624, 2563, 1475, 2680, 1387, 2734, 1371, 2716, 1422, 
2632, 1540, 2488, 1710, 2300, 1913, 2083, 1476, 2564, 1623, 
2395, 1811, 2191, 2025, 1969, 2247, 1760, 2444, 1579, 2599, 
1446, 2700, 1376, 2351, 1660, 2529, 1502, 2659, 1400, 2727, 
1366, 2726, 1406, 2656, 1509, 2524, 1669, 2345, 1867, 2699, 
1448, 2595, 1583, 2438, 1767, 2239, 1977, 2019, 2197, 1807, 
2401, 1617, 2569, 1471, 2684, 1908, 2306, 1705, 2494, 1536, 
2634, 1419, 2718, 1368, 2734, 1388, 2678, 1479, 2556, 1628, 
2390, 1371, 2712, 1428, 2623, 1548, 2477, 1721, 2287, 1927, 
2071, 2147, 1853, 2359, 1657, 2535, 1500, 2040, 1957, 2259, 
1748, 2454, 1569, 2609, 1441, 2703, 1374, 2736, 1379, 2698, 
1453, 2591, 1590, 2729, 1367, 2723, 1408, 2650, 1516, 2516, 
1679, 2334, 1879, 2119, 2098, 1902, 2310, 1700, 2499, 2225, 
1990, 2008, 2211, 1794, 2412, 1607, 2579, 1464, 2688, 1383, 
2736, 1371, 2713, 1431, 2621, 1414, 2721, 1368, 2732, 1393, 
2672, 1486, 2551, 1638, 2377, 1831, 2169, 2048, 1951, 2265, 
1745, 1734, 2275, 1939, 2060, 2161, 1841, 2368, 1647, 2544, 
1492, 2670, 1395, 2731, 1367, 2723, 1411, 2616, 1435, 2709, 
1372, 2737, 1381, 2691, 1459, 2584, 1599, 2421, 1787, 2219, 
2000, 2001, 2217, 2507, 1692, 2322, 1891, 2109, 2111, 1889, 
2326, 1688, 2510, 1525, 2647, 1412, 2723, 1368, 2733, 1598, 
2587, 1459, 2694, 1379, 2737, 1372, 2709, 1436, 2614, 1566, 
2460, 1739, 2268, 1948, 2049, 1494, 2542, 1649, 2367, 1844, 
2157, 2062, 1938, 2278, 1731, 2471, 1555, 2620, 1431, 2712, 
1372, 2382, 1636, 2555, 1484, 2675, 1391, 2729, 1368, 2721, 
1418, 2641, 1528, 2502, 1697, 2315, 1900, 2687, 1466, 2575, 
1610, 2411, 1798, 2208, 2011, 1987, 2230, 1776, 2430, 1592, 
2592, 1455, 2696, 1875, 2336, 1675, 2523, 1513, 2652, 1408, 
2725, 1367, 2729, 1399, 2663, 1500, 2537, 1655, 2360, 1375, 
2704, 1442, 2607, 1573, 2451, 1753, 2256, 1961, 2038, 2180, 
1823, 2388, 1631, 2558, 1480, 2075, 1923, 2288, 1719, 2480, 
1547, 2626, 1425, 2715, 1363, 2735, 1385, 2686, 1469, 2571, 
1615, 2734, 1370, 2719, 1422, 2635, 1538, 2492, 1709, 2303, 
1913, 2087, 2133, 1871, 2344, 1671, 2526, 2193, 2024, 1974, 
2242, 1764, 2441, 1582, 2599, 1447, 2700, 1376, 2736, 1375, 
2702, 1445, 2601, 1401, 2727, 1366, 2728, 1402, 2658, 1506, 
2528, 1666, 2350, 1865, 2139, 2080, 1919, 2296, 1714, 1764, 
2240, 1975, 2024, 2193, 1809, 2399, 1619, 2569, 1473, 2684, 
1387, 2735, 1371, 2716, 1424, 2635, 1421, 2718, 1370, 2732, 
1391, 2680, 1479, 2563, 1625, 2393, 1816, 2186, 2031, 1967, 
2249, 2480, 1720, 2289, 1924, 2074, 2144, 1855, 2355, 1659, 
2532, 1501, 2662, 1400, 2728, 1368, 2726, 1572, 2606, 1441, 
2705, 1375, 2737, 1376, 2697, 1451, 2595, 1587, 2435, 1770, 
2235, 1982, 2016, 1515, 2518, 1678, 2336, 1876, 2125, 2096, 
1904, 2309, 1703, 2496, 1534, 2638, 1418, 2720, 1367, 2411, 
1608, 2576, 1467, 2690, 1383, 2736, 1370, 2712, 1428, 2622, 
1551, 2474, 1726, 2282, 1932, 2673, 1484, 2553, 1635, 2382, 
1827, 2174, 2043, 1953, 2264, 1744, 2460, 1568, 2609, 1437, 
2707, 1845, 2366, 1650, 2543, 1493, 2668, 1407, 2647, 1495, 
2550, 1756, 2348, 1717, 2436, 1632, 2536, 2205, 1926, 2072, 
2144, 1856, 2355, 1659, 2532, 1501, 2661, 1405, 2728, 1365, 
2727, 1405, 2654, 1441, 2703, 1374, 2736, 1379, 2699, 1452, 
2595, 1588, 2435, 1771, 2236, 1981, 2018, 2201, 1803, 1679, 
2335, 1876, 2124, 2094, 1907, 2310, 1702, 2496, 1533, 2639, 
1418, 2720, 1368, 2734, 1390, 2575, 1467, 2687, 1383, 2736, 
1371, 2712, 1428, 2623, 1552, 2475, 1726, 2284, 1930, 2067, 
2152, 2554, 1635, 2381, 1828, 2172, 2044, 1953, 2263, 1745, 
2459, 1567, 2611, 1439, 2707, 1372, 2736, 1649, 2543, 1492, 
2668, 1397, 2730, 1367, 2724, 1410, 2651, 1518, 2512, 1680, 
2328, 1886, 2116, 1459, 2585, 1597, 2424, 1783, 2222, 1994, 
2003, 2214, 1791, 2416, 1604, 2580, 1462, 2691, 1383, 2321, 
1691, 2506, 1525, 2644, 1412, 2723, 1366, 2732, 1395, 2671, 
1489, 2547, 1643, 2375, 1837, 2708, 1435, 2616, 1560, 2464, 
1737, 2271, 1945, 2054, 2164, 1837, 2374, 1643, 2552, 1489, 
2670, 1940, 2275, 1732, 2467, 1558, 2618, 1433, 2711, 1372, 
2737, 1382, 2691, 1462, 2583, 1603, 2418, 1368, 2720, 1415, 
2643, 1531, 2503, 1695, 2318, 1896, 2104, 2115, 1884, 2327, 
1685, 2512, 1518, 2009, 1991, 2228, 1779, 2427, 1594, 2589, 
1455, 2695, 1380, 2736, 1373, 2707, 1438, 2612, 1567, 2726, 
1366, 2729, 1398, 2665, 1496, 2540, 1652, 2362, 1848, 2153, 
2064, 1934, 2278, 1727, 2476, 2259, 1958, 2041, 2177, 1825, 
2385, 1631, 2556, 1481, 2676, 1392, 2732, 1368, 2719, 1417, 
2639, 1427, 2713, 1370, 2736, 1385, 2686, 1469, 2574, 1612, 
2407, 1800, 2204, 2016, 1984, 2234, 1774, 1706, 2307, 1909, 
2092, 2129, 1873, 2340, 1673, 2522, 1511, 2655, 1406, 2724, 
1367, 2729, 1400, 2598, 1450, 2700, 1379, 2737, 1375, 2704, 
1444, 2604, 1575, 2447, 1756, 2250, 1967, 2035, 2183, 2531, 
1664, 2352, 1863, 2140, 2079, 1922, 2294, 1718, 2484, 1544, 
2630, 1425, 2718, 1372, 2736, 1625, 2565, 1473, 2682, 1388, 
2734, 1369, 2718, 1422, 2633, 1543, 2488, 1712, 2300, 1915, 
2084, 1475, 2566, 1623, 2395, 1815, 2191, 2028, 1970, 2247, 
1760, 2445, 1580, 2600, 1446, 2702, 1378, 2352, 1664, 2531, 
1504, 2660, 1402, 2728, 1367, 2727, 1403, 2656, 1508, 2524, 
1669, 2344, 1869, 2700, 1449, 2596, 1585, 2438, 1768, 2239, 
1978, 2021, 2200, 1807, 2404, 1618, 2571, 1472, 2684, 1911, 
2305, 1705, 2494, 1535, 2636, 1420, 2719, 1369, 2736, 1389, 
2679, 1479, 2561, 1630, 2388, 1371, 2715, 1428, 2625, 1551, 
2479, 1725, 2284, 1930, 2069, 2147, 1853, 2360, 1656, 2535, 
1499, 2043, 1957, 2259, 1748, 2455, 1569, 2608, 1440, 2705, 
1374, 2737, 1379, 2697, 1453, 2590, 1589, 2731, 1367, 2724, 
1408, 2652, 1518, 2515, 1681, 2334, 1880, 2120, 2100, 1902, 
2312, 1695, 2499, 2226, 1991, 2006, 2210, 1793, 2412, 1607, 
2577, 1464, 2689, 1383, 2736, 1372, 2717, 1428, 2622, 1414, 
2720, 1368, 2735, 1393, 2672, 1487, 2550, 1639, 2377, 1835, 
2169, 2048, 1951, 2264, 1745, 1735, 2274, 1942, 2057, 2158, 
1840, 2370, 1644, 2544, 1491, 2668, 1395, 2732, 1368, 2723, 
1411, 2617, 1436, 2708, 1373, 2736, 1380, 2692, 1460, 2583, 
1601, 2420, 1785, 2219, 1999, 1999, 2218, 2505, 1692, 2320, 
1893, 2107, 2111, 1887, 2326, 1686, 2508, 1521, 2646, 1411, 
2723, 1368, 2731, 1598, 2590, 1457, 2695, 1380, 2737, 1373, 
2708, 1437, 2615, 1565, 2460, 1743, 2267, 1950, 2048, 1496, 
2540, 1651, 2366, 1846, 2156, 2062, 1939, 2278, 1731, 2467, 
1556, 2620, 1431, 2712, 1371, 2383, 1637, 2553, 1484, 2675, 
1392, 2734, 1368, 2719, 1416, 2640, 1529, 2500, 1697, 2315, 
1897, 2689, 1467, 2576, 1610, 2408, 1798, 2206, 2012, 1987, 
2231, 1776, 2432, 1591, 2607, 1567, 2454, 1367, 2727, 1398, 
2662, 1496, 2535, 1652, 2354, 1849, 2145, 2064, 1927, 2282, 
1723, 2475, 1548, 1959, 2033, 2180, 1820, 2387, 1628, 2558, 
1475, 2678, 1388, 2728, 1366, 2718, 1416, 2634, 1532, 2713, 
1369, 2732, 1385, 2683, 1469, 2568, 1614, 2403, 1803, 2199, 
2016, 1979, 2235, 1769, 2436, 2300, 1912, 2084, 2130, 1868, 
2343, 1671, 2523, 1510, 2654, 1404, 2723, 1366, 2728, 1402, 
2659, 1447, 2698, 1376, 2736, 1376, 2700, 1444, 2600, 1578, 
2444, 1757, 2246, 1968, 2028, 2187, 1813, 1667, 2347, 1863, 
2136, 2080, 1915, 2297, 1711, 2489, 1540, 2628, 1422, 2715, 
1369, 2734, 1387, 2567, 1475, 2683, 1387, 2734, 1370, 2713, 
1423, 2631, 1543, 2485, 1713, 2297, 1920, 2079, 2137, 2563, 
1626, 2392, 1816, 2184, 2031, 1966, 2255, 1758, 2447, 1575, 
2601, 1444, 2703, 1375, 2736, 1659, 2532, 1501, 2662, 1400, 
2728, 1367, 2724, 1407, 2657, 1510, 2523, 1672, 2340, 1871, 
2129, 1450, 2592, 1587, 2433, 1771, 2235, 1982, 2015, 2200, 
1804, 2404, 1617, 2572, 1469, 2687, 1384, 2310, 1702, 2497, 
1532, 2644, 1417, 2720, 1368, 2732, 1392, 2675, 1479, 2556, 
1631, 2385, 1824, 2713, 1430, 2623, 1552, 2475, 1727, 2283, 
1934, 2067, 2151, 1848, 2360, 1654, 2539, 1497, 2665, 1954, 
2263, 1745, 2460, 1566, 2611, 1439, 2706, 1374, 2737, 1382, 
2695, 1453, 2590, 1592, 2429, 1369, 2723, 1409, 2649, 1519, 
2513, 1684, 2328, 1884, 2119, 2104, 1897, 2317, 1696, 2502, 
1529, 1995, 2003, 2214, 1791, 2417, 1603, 2581, 1461, 2689, 
1382, 2738, 1373, 2710, 1434, 2619, 1558, 2723, 1367, 2732, 
1394, 2672, 1489, 2549, 1643, 2375, 1834, 2168, 2054, 1949, 
2270, 1741, 2465, 2271, 1945, 2055, 2167, 1839, 2373, 1642, 
2548, 1489, 2672, 1393, 2734, 1366, 2723, 1413, 2646, 1433, 
2711, 1372, 2737, 1382, 2691, 1463, 2582, 1602, 2419, 1788, 
2216, 1999, 1997, 2221, 1784, 1695, 2317, 1896, 2103, 2115, 
1884, 2328, 1683, 2513, 1519, 2647, 1411, 2727, 1368, 2732, 
1397, 2589, 1456, 2695, 1380, 2736, 1374, 2707, 1439, 2611, 
1567, 2459, 1743, 2265, 1952, 2046, 2173, 2539, 1654, 2363, 
1849, 2152, 2064, 1934, 2281, 1727, 2475, 1554, 2623, 1431, 
2712, 1370, 2736, 1632, 2556, 1482, 2676, 1391, 2732, 1368, 
2720, 1419, 2639, 1536, 2500, 1701, 2311, 1905, 2096, 1470, 
2574, 1612, 2406, 1801, 2203, 2014, 1983, 2234, 1772, 2430, 
1590, 2592, 1454, 2696, 1379, 2340, 1672, 2522, 1511, 2655, 
1406, 2727, 1368, 2729, 1400, 2660, 1502, 2534, 1660, 2356, 
1856, 2704, 1443, 2604, 1575, 2448, 1756, 2252, 1966, 2032, 
2185, 1820, 2391, 1628, 2559, 1478, 2680, 1922, 2295, 1716, 
2484, 1543, 2630, 1424, 2716, 1369, 2736, 1386, 2684, 1472, 
2571, 1619, 2400, 1369, 2717, 1423, 2631, 1540, 2488, 1712, 
2300, 1916, 2083, 2135, 1865, 2345, 1666, 2529, 1507, 2028, 
1970, 2247, 1760, 2444, 1578, 2602, 1446, 2702, 1376, 2736, 
1379, 2702, 1447, 2600, 1580, 2727, 1368, 2727, 1405, 2656, 
1508, 2524, 1670, 2343, 1869, 2131, 2083, 1913, 2303, 1710, 
2490, 2239, 1979, 2020, 2194, 1807, 2403, 1619, 2570, 1472, 
2684, 1387, 2734, 1369, 2715, 1427, 2627, 1419, 2719, 1369, 
2735, 1390, 2678, 1479, 2559, 1629, 2390, 1820, 2183, 2034, 
1961, 2255, 1755, 1723, 2287, 1928, 2069, 2150, 1854, 2360, 
1657, 2537, 1501, 2664, 1398, 2732, 1367, 2728, 1408, 2609, 
1441, 2704, 1374, 2736, 1377, 2696, 1454, 2590, 1591, 2432, 
1774, 2230, 1987, 2013, 2206, 2516, 1680, 2332, 1882, 2120, 
2100, 1902, 2313, 1698, 2499, 1531, 2640, 1415, 2717, 1369, 
2733, 1607, 2578, 1463, 2691, 1382, 2735, 1372, 2712, 1430, 
2621, 1554, 2472, 1653, 2508, 1496, 2736, 1663, 2467, 1583, 
2582, 1495, 2531, 1506, 2659, 1403, 2727, 1367, 2724, 1404, 
2658, 1510, 2527, 1374, 2736, 1378, 2699, 1449, 2598, 1583, 
2438, 1769, 2240, 1978, 2022, 2198, 1807, 2405, 1616, 1872, 
2128, 2090, 1909, 2305, 1706, 2495, 1537, 2636, 1420, 2719, 
1368, 2736, 1389, 2680, 1479, 2687, 1385, 2739, 1371, 2713, 
1427, 2627, 1548, 2479, 1721, 2288, 1928, 2071, 2147, 1855, 
2358, 2383, 1824, 2177, 2040, 1959, 2258, 1750, 2454, 1570, 
2608, 1439, 2705, 1372, 2736, 1379, 2696, 1499, 2665, 1399, 
2731, 1367, 2724, 1409, 2651, 1516, 2516, 1679, 2335, 1881, 
2124, 2098, 1902, 1592, 2428, 1779, 2227, 1990, 2008, 2209, 
1795, 2412, 1608, 2576, 1465, 2687, 1385, 2735, 1371, 2502, 
1528, 2641, 1415, 2720, 1369, 2732, 1393, 2673, 1487, 2552, 
1637, 2379, 1831, 2172, 2046, 2618, 1558, 2468, 1735, 2275, 
1940, 2059, 2160, 1843, 2369, 1647, 2545, 1492, 2670, 1393, 
2732, 1740, 2465, 1563, 2616, 1436, 2709, 1375, 2737, 1381, 
2692, 1460, 2584, 1599, 2423, 1785, 2221, 1414, 2644, 1525, 
2505, 1689, 2320, 1893, 2107, 2111, 1889, 2324, 1688, 2508, 
1519, 2646, 1413, 2224, 1785, 2424, 1598, 2585, 1458, 2694, 
1380, 2739, 1374, 2709, 1437, 2615, 1567, 2463, 1743, 2732, 
1398, 2667, 1494, 2544, 1649, 2367, 1844, 2160, 2061, 1939, 
2278, 1732, 2468, 1557, 2620, 2045, 2173, 1830, 2382, 1636, 
2553, 1484, 2675, 1393, 2734, 1368, 2720, 1415, 2640, 1527, 
2501, 1372, 2735, 1386, 2688, 1467, 2576, 1609, 2411, 1798, 
2207, 2011, 1988, 2229, 1776, 2431, 1591, 1905, 2096, 2124, 
1876, 2335, 1676, 2518, 1514, 2652, 1408, 2725, 1366, 2731, 
1400, 2664, 1500, 2699, 1379, 2736, 1374, 2705, 1441, 2607, 
1572, 2454, 1753, 2255, 1959, 2039, 2180, 1824, 2387, 2355, 
1858, 2144, 2073, 1926, 2291, 1720, 2482, 1546, 2627, 1427, 
2716, 1370, 2736, 1381, 2685, 1478, 2680, 1388, 2733, 1369, 
2719, 1421, 2636, 1539, 2494, 1707, 2304, 1912, 2088, 2132, 
1870, 1618, 2399, 1811, 2194, 2023, 1976, 2243, 1766, 2441, 
1582, 2599, 1449, 2701, 1377, 2737, 1376, 2528, 1504, 2659, 
1402, 2727, 1367, 2729, 1402, 2655, 1507, 2528, 1668, 2348, 
1866, 2138, 2080, 2599, 1584, 2441, 1764, 2243, 1974, 2025, 
2193, 1810, 2399, 1620, 2567, 1473, 2683, 1387, 2739, 1708, 
2492, 1537, 2635, 1422, 2719, 1370, 2736, 1388, 2680, 1479, 
2563, 1626, 2394, 1817, 2185, 1427, 2628, 1547, 2483, 1720, 
2291, 1924, 2072, 2143, 1857, 2361, 1660, 2532, 1501, 2662, 
1402, 2255, 1752, 2451, 1574, 2607, 1441, 2704, 1374, 2739, 
1379, 2699, 1452, 2595, 1588, 2435, 1772, 2727, 1408, 2654, 
1513, 2520, 1675, 2337, 1876, 2124, 2093, 1907, 2308, 1703, 
2496, 1536, 2638, 2012, 2207, 1800, 2411, 1611, 2575, 1466, 
2687, 1384, 2736, 1372, 2712, 1430, 2623, 1552, 2475, 1370, 
2734, 1388, 2674, 1484, 2555, 1635, 2383, 1827, 2175, 2043, 
1955, 2262, 1745, 2457, 1567, 1936, 2060, 2156, 1846, 2367, 
1650, 2542, 1493, 2668, 1396, 2732, 1367, 2724, 1409, 2648, 
1519, 2711, 1374, 2736, 1380, 2694, 1456, 2588, 1597, 2424, 
1783, 2224, 1993, 2004, 2214, 1791, 2416, 2320, 1888, 2112, 
2108, 1894, 2321, 1692, 2507, 1526, 2643, 1414, 2723, 1367, 
2732, 1394, 2672, 1464, 2694, 1381, 2738, 1373, 2710, 1433, 
2616, 1560, 2465, 1738, 2271, 1944, 2054, 2163, 1838, 1646, 
2369, 1841, 2163, 2056, 1942, 2272, 1735, 2468, 1559, 2617, 
1434, 2709, 1372, 2736, 1383, 2552, 1488, 2672, 1391, 2732, 
1368, 2721, 1414, 2643, 1527, 2503, 1694, 2319, 1895, 2104, 
2114, 2577, 1606, 2417, 1793, 2211, 2008, 1991, 2226, 1780, 
2428, 1596, 2588, 1457, 2695, 1379, 2737, 1680, 2435, 1766, 
2236, 1975, 2017, 2195, 1804, 2400, 1615, 2566, 1470, 2680, 
1385, 2732, 1368, 2492, 1534, 2633, 1419, 2716, 1368, 2732, 
1388, 2676, 1478, 2559, 1628, 2387, 1819, 2181, 2033, 2623, 
1549, 2477, 1724, 2284, 1928, 2071, 2147, 1853, 2357, 1655, 
2532, 1499, 2661, 1400, 2727, 1747, 2454, 1569, 2607, 1439, 
2703, 1373, 2734, 1378, 2694, 1451, 2592, 1588, 2432, 1773, 
2232, 1408, 2648, 1516, 2513, 1680, 2332, 1880, 2119, 2097, 
1901, 2313, 1697, 2499, 1532, 2640, 1417, 2209, 1794, 2414, 
1607, 2577, 1464, 2688, 1382, 2735, 1371, 2712, 1431, 2620, 
1551, 2471, 1729, 2732, 1393, 2672, 1486, 2550, 1639, 2377, 
1833, 2168, 2047, 1950, 2264, 1740, 2460, 1564, 2611, 2056, 
2160, 1840, 2369, 1645, 2545, 1491, 2668, 1395, 2729, 1367, 
2726, 1414, 2646, 1520, 2511, 1371, 2736, 1382, 2691, 1460, 
2584, 1599, 2419, 1786, 2218, 1999, 2002, 2217, 1787, 2420, 
1600, 1892, 2105, 2111, 1888, 2328, 1687, 2508, 1521, 2646, 
1412, 2723, 1364, 2732, 1395, 2668, 1491, 2692, 1381, 2736, 
1374, 2707, 1438, 2612, 1564, 2460, 1741, 2268, 1950, 2051, 
2168, 1831, 2377, 2366, 1844, 2156, 2060, 1936, 2278, 1730, 
2471, 1554, 2619, 1431, 2711, 1372, 2739, 1384, 2688, 1485, 
2675, 1392, 2732, 1368, 2719, 1417, 2640, 1531, 2500, 1697, 
2314, 1902, 2099, 2119, 1880, 1609, 2408, 1798, 2207, 2012, 
1987, 2230, 1776, 2431, 1592, 2591, 1454, 2692, 1380, 2736, 
1375, 2519, 1514, 2652, 1407, 2724, 1368, 2730, 1399, 2663, 
1498, 2537, 1656, 2360, 1854, 2148, 2070, 2606, 1572, 2451, 
1752, 2253, 1960, 2035, 2180, 1822, 2387, 1630, 2559, 1479, 
2679, 1390, 2730, 1719, 2481, 1547, 2627, 1426, 2716, 1370, 
2735, 1386, 2684, 1471, 2571, 1615, 2403, 1803, 2198, 1422, 
2633, 1538, 2489, 1708, 2302, 1912, 2087, 2131, 1870, 2343, 
1672, 2524, 1510, 2659, 1404, 2245, 1764, 2441, 1581, 2600, 
1447, 2700, 1376, 2736, 1375, 2703, 1445, 2601, 1579, 2444, 
1759, 2728, 1403, 2657, 1506, 2527, 1665, 2348, 1865, 2135, 
2082, 1917, 2297, 1714, 2484, 1543, 2631, 2023, 2195, 1810, 
2401, 1621, 2568, 1473, 2684, 1387, 2736, 1370, 2716, 1424, 
2630, 1543, 2483, 1367, 2736, 1389, 2680, 1478, 2563, 1625, 
2392, 1817, 2185, 2033, 1967, 2250, 1763, 2446, 1579, 1926, 
2074, 2145, 1857, 2356, 1659, 2535, 1501, 2663, 1401, 2728, 
1367, 2727, 1405, 2656, 1512, 2703, 1375, 2737, 1379, 2698, 
1452, 2595, 1587, 2435, 1772, 2235, 1981, 2016, 2200, 1798, 
2406, 2339, 1878, 2124, 2096, 1904, 2311, 1702, 2498, 1532, 
END
2639, 1417, 2720, 1368, 2732, 1387, 2367, 1356, 2704, 1356, 
2703, 1359, 2701, 1361, 2700, 1367, 2697, 1368, 2695, 2281, 
1849, 2152, 1951, 1427, 2707, 1355, 2708, 1358, 2708, 1360, 
2707, 1363, 2705, 1363, 2703, 1367, 2700, 1371, 2696, 1892, 
2174, 1910, 2159, 1925, 2144, 1942, 2130, 1958, 2111, 1972, 
2097, 1988, 2079, 2006, 2064, 2642, 1430, 2648, 1422, 2656, 
1417, 2662, 1410, 2672, 1405, 2675, 1399, 2681, 1395, 2686, 
1389, 2497, 1592, 2486, 1606, 2474, 1619, 2461, 1631, 2451, 
1643, 2438, 1658, 2424, 1670, 2411, 1683, 1673, 2422, 1659, 
2435, 1649, 2449, 1635, 2456, 1620, 2473, 1610, 1394, 2692, 
1389, 2696, 1384, 2483, 1608, 2470, 1624, 2459, 1638, 2446, 
1651, 2435, 1664, 2420, 1678, 2407, 1691, 2395, 1705, 1655, 
2444, 1640, 2456, 1630, 2468, 1618, 2481, 1606, 2492, 1592, 
2505, 1581, 2515, 1570, 2531, 1406, 2681, 1409, 2675, 1415, 
2670, 1423, 2664, 1430, 2657, 1437, 2650, 1444, 2643, 1453, 
2635, 2108, 1978, 2126, 1963, 2140, 1947, 2158, 1932, 2173, 
1916, 2188, 1900, 2204, 1884, 2218, 1869, 2720, 1372, 2721, 
1369, 2724, 1367, 2727, 1366, 2728, 1365, 2728, 1365, 2729, 
1366, 2728, 1363, 2334, 1774, 2319, 1788, 2304, 1803, 2289, 
1817, 2273, 1833, 2259, 1849, 2244, 1864, 2228, 1875, 1520, 
2581, 1512, 2590, 1501, 2600, 1491, 2609, 1483, 2619, 1473, 
2627, 1464, 2636, 1459, 2646, 1494, 2599, 1504, 2591, 1514, 
2580, 1523, 2570, 1535, 2559, 1545, 2547, 1556, 2539, 1566, 
2526, 2294, 1804, 2307, 1788, 2322, 1773, 2335, 1761, 2352, 
1744, 2367, 1728, 2379, 1712, 2394, 1702, 2727, 1369, 2726, 
1372, 2725, 1374, 2722, 1379, 2719, 1380, 2718, 1383, 2711, 
1388, 2708, 1391, 2160, 1951, 2144, 1968, 2127, 1984, 2111, 
1999, 2094, 2013, 2080, 2031, 2063, 2046, 2047, 2063, 1426, 
2676, 1419, 2683, 1414, 2688, 1407, 2694, 1401, 2700, 1397, 
2705, 1392, 2710, 1387, 2712, 1622, 2474, 1635, 2461, 1649, 
2449, 1663, 2436, 1676, 2422, 1690, 2408, 1702, 2395, 1717, 
2382, 2456, 1642, 2468, 1629, 2481, 1616, 2494, 1607, 2502, 
1592, 2516, 1580, 2529, 1568, 2537, 1557, 2687, 1417, 2681, 
1423, 2673, 1429, 2670, 1438, 2662, 1445, 2653, 1451, 2646, 
1459, 2639, 1468, 1976, 2138, 1961, 2153, 1944, 2169, 1927, 
2187, 1912, 2199, 1897, 2215, 1881, 2231, 1864, 2247, 1374, 
2729, 1372, 2731, 1369, 2732, 1367, 2734, 1368, 2736, 1367, 
2735, 1365, 2735, 1366, 2734, 1782, 2317, 1798, 2300, 1811, 
2284, 1827, 2270, 1843, 2256, 1857, 2241, 1873, 2225, 1888, 
2208, 2588, 1510, 2598, 1500, 2608, 1491, 2617, 1481, 2627, 
1472, 2634, 1465, 2643, 1456, 2649, 1449, 2599, 1510, 2590, 
1519, 2581, 1530, 2567, 1540, 2558, 1552, 2547, 1563, 2537, 
1574, 2524, 1587, 1798, 2316, 1782, 2331, 1767, 2345, 1755, 
2359, 1739, 2375, 1725, 2388, 1712, 2403, 1697, 2416, 1372, 
2727, 1372, 2724, 1377, 2723, 1379, 2726, 1383, 2716, 1386, 
2713, 1391, 2708, 1396, 2705, 1961, 2137, 1975, 2120, 1991, 
2106, 2008, 2089, 2023, 2074, 2036, 2056, 2056, 2042, 2072, 
2025, 2684, 1419, 2687, 1411, 2694, 1406, 2699, 1400, 2703, 
1395, 2707, 1391, 2712, 1388, 2715, 1383, 2471, 1642, 2457, 
1654, 2444, 1668, 2431, 1683, 2417, 1696, 2403, 1710, 2389, 
1723, 2376, 1735, 1637, 2476, 1622, 2488, 1611, 2499, 1599, 
2511, 1587, 2523, 1576, 2534, 1564, 2546, 1552, 2550, 1420, 
2680, 1424, 2673, 1432, 2664, 1439, 2658, 1446, 2652, 1454, 
2642, 1463, 2634, 1472, 2627, 2142, 1953, 2159, 1937, 2176, 
1920, 2191, 1906, 2208, 1891, 2223, 1875, 2239, 2656, 1436, 
2665, 1524, 2572, 1536, 2561, 1545, 2553, 1556, 2539, 1566, 
2528, 1580, 2518, 1591, 2504, 1603, 2492, 2336, 1758, 2351, 
1744, 2364, 1731, 2380, 1718, 2393, 1703, 2407, 1689, 2420, 
1673, 2435, 1662, 2723, 1376, 2719, 1380, 2716, 1385, 2711, 
1386, 2709, 1392, 2704, 1396, 2700, 1402, 2695, 1407, 2111, 
1999, 2096, 2016, 2079, 2031, 2064, 2047, 2048, 2063, 2031, 
2079, 2016, 2095, 2000, 2110, 1408, 2694, 1402, 2699, 1396, 
2703, 1392, 2707, 1387, 2713, 1383, 2716, 1382, 2719, 1376, 
2722, 1660, 2437, 1674, 2425, 1690, 2409, 1702, 2396, 1717, 
2382, 1731, 2368, 1744, 2353, 1759, 2339, 2494, 1600, 2507, 
1592, 2519, 1581, 2528, 1569, 2539, 1558, 2551, 1547, 2562, 
1535, 2574, 1524, 2668, 1433, 2660, 1443, 2655, 1451, 2647, 
1459, 2639, 1468, 2630, 1476, 2622, 1486, 2611, 1493, 1928, 
2181, 1911, 2199, 1896, 2217, 1883, 2231, 1867, 2247, 1852, 
2262, 1836, 2277, 1820, 2296, 1369, 2733, 1367, 2735, 1367, 
2735, 1368, 2734, 1366, 2735, 1366, 2734, 1367, 2732, 1368, 
2732, 1827, 2273, 1840, 2255, 1855, 2243, 1873, 2225, 1888, 
2209, 1904, 2195, 1920, 2178, 1933, 2164, 2616, 1481, 2624, 
1472, 2633, 1464, 2643, 1457, 2649, 1449, 2657, 1440, 2664, 
1431, 2670, 1427, 2572, 1541, 2559, 1552, 2547, 1562, 2537, 
1573, 2523, 1586, 2512, 1597, 2503, 1611, 2490, 1622, 1753, 
2360, 1739, 2374, 1724, 2387, 1711, 2400, 1697, 2415, 1684, 
2429, 1671, 2442, 1656, 2456, 1377, 2719, 1382, 2716, 1386, 
2712, 1390, 2708, 1395, 2704, 1400, 2697, 1406, 2694, 1411, 
2689, 2007, 2091, 2023, 2075, 2040, 2057, 2055, 2041, 2072, 
2026, 2087, 2008, 2103, 1995, 2119, 1978, 2699, 1400, 2703, 
1395, 2708, 1391, 2712, 1386, 2716, 1382, 2720, 1379, 2720, 
1377, 2724, 1373, 2432, 1681, 2419, 1694, 2406, 1709, 2392, 
1724, 2376, 1736, 2363, 1751, 2348, 1766, 2334, 1781, 1599, 
2512, 1587, 2524, 1575, 2535, 1564, 2545, 1551, 2556, 1543, 
2566, 1534, 2577, 1521, 2587, 1439, 2659, 1447, 2651, 1454, 
2643, 1462, 2636, 1470, 2627, 1479, 2619, 1488, 2610, 1499, 
2600, 2190, 1906, 2207, 1889, 2223, 1875, 2240, 1860, 2254, 
1845, 2269, 1829, 2284, 1816, 2300, 1799, 2734, 1367, 2732, 
1366, 2735, 1366, 2735, 1366, 2734, 1367, 2732, 1368, 2732, 
1369, 2732, 1371, 2265, 1848, 2249, 1863, 2235, 1879, 2219, 
1895, 2203, 1911, 2188, 1927, 2172, 1942, 2156, 1958, 1477, 
2630, 1468, 2638, 1460, 2645, 1452, 2652, 1447, 2660, 1437, 
2667, 1431, 2674, 1425, 2680, 1545, 2554, 1558, 2544, 1567, 
2531, 1579, 2520, 1591, 2508, 1603, 2498, 1615, 2484, 1628, 
2471, 2366, 1734, 2380, 1720, 2395, 1705, 2407, 1692, 2422, 
1677, 2436, 1664, 2447, 1652, 2460, 1638, 2719, 1384, 2715, 
1387, 2712, 1392, 2706, 1396, 2703, 1402, 2696, 1407, 2691, 
1412, 2684, 1419, 2083, 2029, 2069, 2046, 2052, 2063, 2035, 
2078, 2017, 2095, 2003, 2110, 1987, 2127, 1972, 2144, 1398, 
2707, 1395, 2708, 1389, 2713, 1386, 2718, 1382, 2721, 1379, 
2723, 1376, 2727, 1374, 2728, 1688, 2413, 1702, 2396, 1715, 
2386, 1731, 2371, 1744, 2356, 1758, 2340, 1772, 2327, 1786, 
2312, 2516, 1582, 2529, 1572, 2540, 1556, 2550, 1548, 2560, 
1536, 2571, 1527, 2583, 1517, 2591, 1506, 2656, 1450, 2648, 
1457, 2640, 1466, 2632, 1475, 2624, 1483, 2615, 1494, 2606, 
1503, 2595, 1512, 1899, 2214, 1884, 2229, 1868, 2244, 1854, 
2262, 1838, 2275, 1823, 2291, 1807, 2385, 1572, 2657, 1902, 
2107, 2035, 2033, 2080, 1987, 2155, 1913, 2203, 1897, 2215, 
1882, 2232, 1868, 2247, 1852, 2727, 1371, 2730, 1370, 2732, 
1368, 2733, 1367, 2734, 1366, 2735, 1366, 2736, 1366, 2734, 
1367, 2316, 1796, 2302, 1812, 2288, 1827, 2272, 1843, 2256, 
1856, 2240, 1871, 2225, 1888, 2211, 1904, 1510, 2598, 1501, 
2607, 1491, 2616, 1481, 2625, 1473, 2633, 1463, 2643, 1457, 
2651, 1447, 2657, 1509, 2590, 1519, 2579, 1529, 2569, 1539, 
2559, 1552, 2548, 1561, 2536, 1573, 2526, 1585, 2512, 2314, 
1784, 2331, 1768, 2345, 1755, 2360, 1740, 2374, 1724, 2387, 
1710, 2401, 1697, 2415, 1685, 2728, 1373, 2727, 1376, 2723, 
1379, 2720, 1383, 2718, 1386, 2713, 1390, 2708, 1395, 2703, 
1400, 2139, 1977, 2123, 1990, 2105, 2007, 2090, 2023, 2075, 
2039, 2059, 2056, 2043, 2071, 2024, 2087, 1418, 2687, 1412, 
2688, 1406, 2697, 1399, 2703, 1395, 2708, 1391, 2712, 1387, 
2716, 1382, 2719, 1642, 2459, 1655, 2445, 1668, 2432, 1686, 
2419, 1695, 2408, 1709, 2392, 1724, 2377, 1737, 2363, 2474, 
1624, 2488, 1612, 2499, 1600, 2511, 1584, 2524, 1575, 2534, 
1563, 2545, 1553, 2556, 1543, 2679, 1426, 2673, 1432, 2665, 
1439, 2659, 1447, 2652, 1453, 2643, 1463, 2636, 1472, 2628, 
1480, 1953, 2160, 1939, 2175, 1922, 2192, 1906, 2207, 1891, 
2222, 1875, 2239, 1861, 2255, 1844, 2270, 1371, 2731, 1369, 
2734, 1368, 2735, 1367, 2736, 1367, 2735, 1366, 2736, 1367, 
2735, 1367, 2734, 1803, 2295, 1818, 2280, 1833, 2267, 1849, 
2250, 1864, 2235, 1878, 2219, 1894, 2203, 1910, 2190, 2602, 
1496, 2611, 1486, 2620, 1479, 2629, 1470, 2638, 1459, 2644, 
1452, 2654, 1446, 2660, 1438, 2585, 1523, 2575, 1534, 2566, 
1544, 2555, 1556, 2544, 1568, 2532, 1579, 2520, 1590, 2508, 
1603, 1776, 2336, 1763, 2352, 1747, 2367, 1735, 2380, 1719, 
2396, 1705, 2407, 1692, 2421, 1679, 2433, 1375, 2724, 1377, 
2721, 1380, 2719, 1384, 2716, 1388, 2712, 1392, 2707, 1397, 
2703, 1402, 2697, 1982, 2115, 1998, 2099, 2015, 2082, 2029, 
2067, 2045, 2051, 2063, 2035, 2080, 2017, 2093, 2003, 2689, 
1408, 2695, 1403, 2700, 1398, 2704, 1393, 2711, 1389, 2714, 
1386, 2718, 1382, 2720, 1377, 2451, 1660, 2440, 1674, 2425, 
1688, 2412, 1702, 2400, 1715, 2385, 1730, 2371, 1744, 2357, 
1758, 1623, 2492, 1607, 2504, 1595, 2515, 1582, 2528, 1569, 
2540, 1560, 2551, 1548, 2561, 1537, 2572, 1428, 2669, 1435, 
2663, 1443, 2656, 1451, 2648, 1458, 2640, 1466, 2631, 1475, 
2623, 1484, 2615, 2167, 1932, 2184, 1915, 2200, 1903, 2214, 
1883, 2230, 1868, 2246, 1852, 2259, 1838, 2275, 1823, 2731, 
1368, 2732, 1367, 2734, 1366, 2735, 1366, 2735, 1367, 2735, 
1368, 2736, 1368, 2734, 1368, 2289, 1825, 2273, 1840, 2259, 
1855, 2244, 1871, 2227, 1886, 2212, 1900, 2195, 1916, 2180, 
1933, 1492, 2615, 1482, 2624, 1472, 2633, 1466, 2640, 1457, 
2648, 1447, 2656, 1442, 2663, 1435, 2669, 1529, 2570, 1539, 
2559, 1549, 2550, 1561, 2539, 1572, 2527, 1585, 2513, 1596, 
2504, 1615, 2491, 2343, 1756, 2359, 1742, 2371, 1727, 2387, 
1714, 2400, 1699, 2414, 1687, 2425, 1671, 2440, 1658, 2724, 
1379, 2721, 1382, 2718, 1385, 2715, 1389, 2708, 1395, 2704, 
1398, 2700, 1404, 2695, 1410, 2109, 2006, 2094, 2020, 2075, 
2036, 2060, 2054, 2044, 2069, 2029, 2086, 2012, 2102, 1996, 
2117, 1407, 2697, 1401, 2702, 1396, 2707, 1392, 2712, 1388, 
2716, 1383, 2719, 1380, 2721, 1376, 2725, 1666, 2433, 1679, 
2420, 1693, 2236, 1859, 2251, 1843, 2267, 1828, 2281, 1814, 
2296, 1800, 2312, 1366, 2732, 1364, 2733, 1365, 2736, 1365, 
2731, 1366, 2732, 1366, 2731, 1368, 2729, 1369, 2727, 1847, 
2248, 1862, 2235, 1877, 2219, 1894, 2203, 1910, 2188, 1924, 
2171, 1939, 2155, 1956, 2141, 2627, 1469, 2636, 1460, 2644, 
1454, 2652, 1446, 2659, 1438, 2667, 1430, 2673, 1425, 2680, 
1418, 2553, 1555, 2543, 1566, 2531, 1579, 2520, 1589, 2508, 
1601, 2497, 1613, 2482, 1627, 2471, 1638, 1732, 2379, 1719, 
2392, 1705, 2407, 1692, 2419, 1678, 2432, 1664, 2446, 1648, 
2460, 1639, 2473, 1383, 2715, 1388, 2712, 1391, 2706, 1396, 
2702, 1402, 2696, 1406, 2691, 1413, 2686, 1417, 2679, 2030, 
2067, 2044, 2051, 2062, 2035, 2076, 2019, 2094, 2003, 2110, 
1987, 2126, 1971, 2140, 1955, 2704, 1392, 2710, 1388, 2712, 
1385, 2717, 1382, 2719, 1378, 2723, 1375, 2724, 1372, 2727, 
1371, 2412, 1700, 2398, 1715, 2385, 1727, 2370, 1742, 2357, 
1757, 2343, 1771, 2328, 1787, 2313, 1801, 1583, 2527, 1571, 
2537, 1560, 2548, 1548, 2559, 1537, 2571, 1528, 2580, 1520, 
2591, 1507, 2599, 1451, 2647, 1459, 2640, 1466, 2632, 1475, 
2624, 1483, 2616, 1494, 2604, 1502, 2596, 1513, 2586, 2215, 
1884, 2230, 1868, 2244, 1852, 2259, 1837, 2274, 1823, 2289, 
1809, 2307, 1793, 2320, 1779, 2734, 1366, 2735, 1366, 2734, 
1367, 2735, 1367, 2734, 1368, 2732, 1370, 2731, 1372, 2729, 
1375, 2243, 1871, 2227, 1887, 2214, 1902, 2199, 1919, 2182, 
1932, 2166, 1948, 2149, 1964, 2134, 1980, 1466, 2641, 1458, 
2648, 1450, 2656, 1443, 2663, 1436, 2672, 1427, 2675, 1423, 
2684, 1415, 2689, 1560, 2539, 1571, 2527, 1583, 2515, 1595, 
2504, 1607, 2492, 1620, 2480, 1627, 2467, 1647, 2452, 2385, 
1715, 2400, 1700, 2412, 1687, 2428, 1674, 2441, 1659, 2454, 
1647, 2465, 1635, 2478, 1622, 2715, 1391, 2709, 1394, 2706, 
1399, 2699, 1404, 2695, 1410, 2690, 1415, 2684, 1421, 2678, 
1427, 2062, 2052, 2043, 2067, 2028, 2086, 2012, 2100, 1996, 
2116, 1982, 2132, 1964, 2147, 1948, 2164, 1391, 2711, 1387, 
2716, 1384, 2719, 1380, 2721, 1376, 2726, 1376, 2727, 1372, 
2729, 1369, 2732, 1707, 2394, 1722, 2380, 1735, 2366, 1750, 
2351, 1764, 2336, 1779, 2321, 1794, 2307, 1807, 2292, 2533, 
1566, 2544, 1555, 2553, 1543, 2565, 1533, 2575, 1521, 2587, 
1515, 2595, 1503, 2606, 1494, 2644, 1462, 2637, 1471, 2629, 
1479, 2620, 1488, 2611, 1497, 2600, 1507, 2591, 1516, 2582, 
1527, 1878, 2235, 1863, 2251, 1847, 2268, 1832, 2281, 1816, 
2296, 1802, 2312, 1788, 2326, 1772, 2342, 1367, 2735, 1366, 
2735, 1367, 2734, 1368, 2732, 1369, 2732, 1371, 2729, 1373, 
2727, 1376, 2725, 1875, 2221, 1891, 2204, 1909, 2191, 1924, 
2174, 1940, 2159, 1953, 2142, 1974, 2125, 1988, 2110, 2643, 
1454, 2651, 1448, 2660, 1439, 2668, 1432, 2673, 1427, 2680, 
1420, 2686, 1414, 2692, 1407, 2535, 1576, 2523, 1579, 2511, 
1600, 2497, 1612, 2487, 1626, 2475, 1639, 2462, 1650, 2448, 
1665, 1708, 2405, 1692, 2420, 1680, 2432, 1668, 2447, 1654, 
2460, 1639, 2471, 1628, 2484, 1616, 2495, 1391, 2708, 1395, 
2703, 1401, 2698, 1406, 2692, 1411, 2687, 1418, 2681, 1424, 
2675, 1431, 2668, 2061, 2039, 2076, 2022, 2091, 2005, 2108, 
1989, 2124, 1975, 2140, 1958, 2156, 1942, 2170, 1926, 2712, 
1386, 2716, 1381, 2720, 1379, 2724, 1376, 2727, 1373, 2729, 
1372, 2732, 1369, 2733, 1368, 2387, 1727, 2374, 1740, 2359, 
1809, 2204, 2059, 1679, 2675, 1392, 2729, 1368, 2736, 1368, 
2712, 1931, 2169, 1946, 2151, 1962, 2137, 1978, 2120, 1992, 
2103, 2008, 2087, 2025, 2071, 2040, 2056, 2670, 1429, 2675, 
1421, 2681, 1416, 2687, 1411, 2694, 1404, 2699, 1399, 2703, 
1396, 2709, 1391, 2495, 1619, 2481, 1632, 2469, 1644, 2456, 
1657, 2444, 1671, 2432, 1683, 2417, 1696, 2402, 1712, 1662, 
2451, 1648, 2463, 1635, 2478, 1624, 2489, 1609, 2502, 1597, 
2512, 1586, 2524, 1574, 2535, 1408, 2690, 1414, 2684, 1420, 
2680, 1424, 2672, 1432, 2664, 1441, 2659, 1448, 2650, 1456, 
2643, 2116, 1984, 2129, 1967, 2145, 1951, 2162, 1935, 2179, 
1920, 2195, 1904, 2210, 1888, 2224, 1873, 2723, 1376, 2726, 
1372, 2729, 1370, 2732, 1369, 2734, 1367, 2735, 1366, 2734, 
1366, 2735, 1365, 2338, 1776, 2323, 1791, 2308, 1806, 2294, 
1820, 2278, 1835, 2265, 1851, 2247, 1867, 2232, 1881, 1524, 
2584, 1516, 2593, 1504, 2604, 1494, 2612, 1486, 2622, 1476, 
2631, 1470, 2639, 1459, 2647, 1496, 2603, 1506, 2594, 1516, 
2584, 1527, 2575, 1534, 2563, 1545, 2552, 1558, 2542, 1569, 
2529, 2296, 1804, 2309, 1791, 2326, 1774, 2339, 1759, 2353, 
1744, 2367, 1731, 2382, 1718, 2397, 1705, 2732, 1371, 2729, 
1372, 2727, 1374, 2724, 1378, 2721, 1381, 2718, 1383, 2715, 
1389, 2712, 1393, 2161, 1953, 2144, 1969, 2128, 1984, 2113, 
2001, 2097, 2015, 2080, 2031, 2064, 2049, 2047, 2063, 1426, 
2678, 1420, 2684, 1414, 2691, 1407, 2694, 1401, 2700, 1398, 
2705, 1392, 2711, 1390, 2714, 1624, 2476, 1636, 2463, 1649, 
2449, 1663, 2438, 1676, 2423, 1689, 2409, 1703, 2397, 1717, 
2381, 2456, 1641, 2469, 1628, 2481, 1616, 2495, 1605, 2507, 
1592, 2518, 1580, 2529, 1569, 2540, 1557, 2687, 1416, 2681, 
1423, 2675, 1431, 2668, 1437, 2662, 1443, 2655, 1452, 2647, 
1460, 2639, 1468, 1976, 2138, 1960, 2152, 1944, 2168, 1928, 
2184, 1913, 2201, 1896, 2217, 1881, 2232, 1867, 2246, 1373, 
2728, 1372, 2730, 1368, 2732, 1368, 2734, 1367, 2735, 1366, 
2736, 1366, 2735, 1367, 2734, 1784, 2318, 1798, 2303, 1812, 
2287, 1827, 2273, 1842, 2255, 1858, 2241, 1875, 2227, 1888, 
2211, 2588, 1509, 2598, 1500, 2607, 1494, 2617, 1480, 2625, 
1472, 2633, 1464, 2641, 1455, 2649, 1447, 2598, 1508, 2588, 
1519, 2579, 1529, 2569, 1540, 2559, 1551, 2547, 1563, 2536, 
1574, 2524, 1586, 1798, 2316, 1783, 2330, 1768, 2346, 1754, 
2360, 1740, 2374, 1724, 2388, 1711, 2403, 1697, 2416, 1371, 
2728, 1375, 2724, 1376, 2723, 1378, 2719, 1383, 2718, 1386, 
2712, 1389, 2708, 1395, 2705, 1959, 2137, 1976, 2121, 1991, 
2105, 2007, 2091, 2025, 2075, 2038, 2056, 2054, 2040, 2072, 
2025, 2681, 1416, 2686, 1411, 2694, 1407, 2700, 1400, 2704, 
1395, 2707, 1391, 2712, 1387, 2716, 1383, 2471, 1643, 2459, 
1656, 2444, 1668, 2431, 1682, 2419, 1695, 2405, 1710, 2392, 
1723, 2376, 1737, 1636, 2475, 1624, 2487, 1610, 2499, 1600, 
2512, 1589, 2524, 1575, 2535, 1564, 2545, 1553, 2556, 1419, 
2679, 1427, 2673, 1432, 2667, 1440, 2659, 1447, 2652, 1455, 
2644, 1467, 2636, 1472, 2627, 2144, 1953, 2161, 1937, 2175, 
1922, 2192, 1906, 2207, 1891, 2224, 1875, 2240, 1859, 2255, 
1844, 2730, 1369, 2731, 1369, 2734, 1367, 2735, 1367, 2736, 
1367, 2735, 1366, 2736, 1367, 2735, 1368, 2311, 1809, 2295, 
1820, 2283, 1834, 2264, 1848, 2249, 1863, 2235, 1880, 2220, 
1896, 2204, 1911, 1505, 2603, 1496, 2614, 1487, 2620, 1478, 
2629, 1470, 2636, 1461, 2647, 2655, 2655, 2717, 1382, 2201, 
1910, 2183, 1927, 2168, 1942, 2151, 1958, 2136, 1973, 2120, 
1989, 2103, 2006, 2087, 2022, 1443, 2659, 1436, 2665, 1428, 
2673, 1423, 2679, 1415, 2685, 1411, 2689, 1405, 2696, 1398, 
2701, 1591, 2505, 1603, 2493, 1615, 2482, 1628, 2469, 1641, 
2456, 1655, 2443, 1667, 2430, 1680, 2416, 2422, 1675, 2435, 
1661, 2448, 1651, 2462, 1635, 2475, 1623, 2489, 1610, 2499, 
1599, 2511, 1587, 2699, 1402, 2696, 1408, 2689, 1413, 2685, 
1419, 2679, 1426, 2672, 1432, 2664, 1439, 2657, 1447, 2019, 
2096, 1999, 2110, 1984, 2128, 1968, 2143, 1952, 2159, 1936, 
2175, 1920, 2191, 1904, 2206, 1380, 2719, 1377, 2721, 1374, 
2726, 1372, 2728, 1370, 2731, 1369, 2732, 1368, 2734, 1366, 
2734, 1745, 2354, 1760, 2339, 1774, 2324, 1789, 2310, 1804, 
2293, 1818, 2280, 1833, 2265, 1849, 2248, 2563, 1536, 2573, 
1525, 2583, 1515, 2592, 1505, 2604, 1496, 2611, 1487, 2620, 
1477, 2628, 1468, 2623, 1485, 2612, 1495, 2604, 1504, 2594, 
1514, 2584, 1523, 2574, 1535, 2563, 1545, 2553, 1556, 1832, 
2276, 1819, 2293, 1805, 2307, 1790, 2321, 1776, 2336, 1760, 
2351, 1747, 2366, 1733, 2381, 1367, 2732, 1368, 2731, 1369, 
2728, 1372, 2727, 1376, 2724, 1378, 2721, 1382, 2718, 1383, 
2715, 1919, 2179, 1935, 2162, 1951, 2147, 1967, 2131, 1983, 
2115, 1996, 2098, 2014, 2081, 2030, 2067, 2663, 1432, 2671, 
1427, 2675, 1420, 2684, 1414, 2688, 1407, 2695, 1403, 2700, 
1398, 2703, 1394, 2501, 1609, 2488, 1620, 2476, 1634, 2463, 
1647, 2451, 1660, 2438, 1674, 2424, 1687, 2411, 1700, 1670, 
2440, 1656, 2455, 1641, 2467, 1631, 2480, 1618, 2492, 1605, 
2504, 1593, 2515, 1580, 2528, 1405, 2694, 1410, 2687, 1416, 
2683, 1422, 2676, 1428, 2670, 1436, 2663, 1442, 2656, 1450, 
2648, 2104, 1992, 2119, 1977, 2135, 1962, 2151, 1946, 2168, 
1930, 2182, 1915, 2200, 1899, 2214, 1883, 2721, 1376, 2724, 
1374, 2727, 1371, 2730, 1369, 2731, 1368, 2733, 1367, 2735, 
1366, 2735, 1366, 2347, 1767, 2333, 1780, 2319, 1795, 2303, 
1810, 2288, 1825, 2272, 1841, 2259, 1856, 2242, 1871, 1531, 
2576, 1521, 2588, 1511, 2598, 1501, 2606, 1491, 2615, 1484, 
2624, 1473, 2632, 1465, 2641, 1489, 2608, 1497, 2600, 1508, 
2591, 1518, 2581, 1528, 2571, 1537, 2559, 1551, 2550, 1561, 
2539, 2285, 1814, 2300, 1799, 2315, 1784, 2329, 1769, 2343, 
1755, 2358, 1740, 2372, 1728, 2387, 1713, 2732, 1368, 2731, 
1371, 2727, 1374, 2727, 1375, 2723, 1380, 2721, 1382, 2718, 
1384, 2712, 1391, 2172, 1941, 2155, 1958, 2140, 1974, 2124, 
1990, 2108, 2006, 2092, 2019, 2075, 2036, 2059, 2054, 1431, 
2673, 1425, 2680, 1419, 2686, 1412, 2692, 1406, 2697, 1399, 
2702, 1395, 2707, 1391, 2712, 1616, 2484, 1628, 2472, 1640, 
2459, 1654, 2447, 1667, 2433, 1680, 2420, 1693, 2407, 1708, 
2394, 2447, 1651, 2460, 1638, 2472, 1624, 2486, 1612, 2499, 
1601, 2509, 1587, 2522, 1577, 2532, 1565, 2691, 1412, 2686, 
1419, 2680, 1425, 2674, 1431, 2667, 1438, 2660, 1447, 2652, 
1454, 2643, 1462, 1987, 2127, 1971, 2143, 1955, 2158, 1938, 
2174, 1923, 2190, 1908, 2207, 1891, 2221, 1875, 2238, 1376, 
2727, 1373, 2728, 1371, 2728, 1369, 2732, 1367, 2734, 1368, 
2735, 1366, 2736, 1365, 2734, 1772, 2326, 1788, 2312, 1803, 
2298, 1817, 2283, 1832, 2267, 1847, 2252, 1863, 2237, 1880, 
2220, 2583, 1516, 2591, 1507, 2601, 1497, 2611, 1487, 2620, 
1478, 2627, 1470, 2636, 1462, 2703, 1381, 2137, 2323, 1695, 
2441, 1611, 2500, 1555, 2591, 1507, 2600, 1497, 2609, 1487, 
2619, 1479, 2627, 1475, 2622, 1484, 2614, 1492, 2605, 1502, 
2595, 1512, 2587, 1522, 2576, 1532, 2566, 1543, 2555, 2259, 
1839, 2275, 1823, 2291, 1808, 2307, 1793, 2320, 1779, 2335, 
1764, 2350, 1749, 2364, 1734, 2734, 1367, 2734, 1368, 2730, 
1371, 2729, 1371, 2727, 1375, 2726, 1377, 2723, 1380, 2719, 
1384, 2227, 1888, 2209, 1904, 2193, 1920, 2179, 1935, 2161, 
1951, 2147, 1967, 2131, 1983, 2114, 1999, 1456, 2649, 1448, 
2657, 1441, 2664, 1434, 2670, 1427, 2678, 1420, 2684, 1413, 
2690, 1408, 2695, 1573, 2526, 1587, 2515, 1598, 2503, 1610, 
2490, 1623, 2478, 1635, 2464, 1649, 2454, 1662, 2439, 2402, 
1697, 2417, 1686, 2429, 1671, 2443, 1655, 2455, 1643, 2467, 
1631, 2480, 1619, 2494, 1606, 2708, 1394, 2703, 1400, 2699, 
1405, 2695, 1411, 2688, 1416, 2683, 1422, 2676, 1428, 2670, 
1436, 2043, 2070, 2025, 2087, 2009, 2103, 1993, 2119, 1977, 
2135, 1962, 2151, 1946, 2168, 1930, 2182, 1388, 2715, 1384, 
2719, 1379, 2721, 1376, 2724, 1376, 2727, 1373, 2729, 1369, 
2732, 1368, 2732, 1723, 2376, 1737, 2364, 1751, 2348, 1765, 
2333, 1782, 2319, 1796, 2303, 1811, 2288, 1826, 2272, 2545, 
1552, 2554, 1541, 2567, 1532, 2577, 1521, 2585, 1511, 2598, 
1500, 2607, 1491, 2615, 1482, 2636, 1471, 2627, 1480, 2617, 
1489, 2609, 1498, 2599, 1509, 2591, 1519, 2582, 1528, 2570, 
1539, 1859, 2255, 1844, 2271, 1828, 2284, 1814, 2299, 1799, 
2315, 1784, 2328, 1770, 2343, 1755, 2358, 1366, 2734, 1367, 
2733, 1368, 2731, 1369, 2731, 1373, 2729, 1374, 2727, 1376, 
2724, 1378, 2721, 1895, 2204, 1911, 2188, 1927, 2173, 1943, 
2156, 1959, 2140, 1974, 2124, 1990, 2108, 2006, 2091, 2652, 
1445, 2659, 1438, 2668, 1431, 2673, 1423, 2680, 1422, 2687, 
1412, 2691, 1407, 2698, 1401, 2520, 1591, 2508, 1603, 2497, 
1615, 2486, 1628, 2472, 1641, 2460, 1655, 2447, 1667, 2433, 
1681, 1693, 2423, 1678, 2435, 1665, 2447, 1652, 2460, 1638, 
2473, 1625, 2486, 1614, 2498, 1600, 2511, 1397, 2702, 1401, 
2696, 1408, 2691, 1413, 2686, 1419, 2681, 1424, 2674, 1432, 
2665, 1439, 2659, 2079, 2019, 2095, 2001, 2111, 1987, 2127, 
1971, 2143, 1955, 2158, 1939, 2174, 1923, 2188, 1908, 2716, 
1382, 2719, 1380, 2724, 1375, 2726, 1373, 2728, 1371, 2732, 
1368, 2734, 1368, 2732, 1367, 2371, 1743, 2355, 1759, 2342, 
1772, 2327, 1788, 2313, 1804, 2296, 1817, 2283, 1831, 2268, 
1847, 1548, 2560, 1537, 2572, 1526, 2583, 1518, 2591, 1507, 
2600, 1497, 2610, 1488, 2620, 1478, 2628, 1475, 2623, 1484, 
2614, 1493, 2604, 1503, 2595, 1512, 2584, 1523, 2575, 1533, 
2566, 1542, 2555, 2261, 1839, 2276, 1822, 2291, 1808, 2305, 
1792, 2320, 1779, 2336, 1763, 2351, 1749, 2364, 1734, 2735, 
1367, 2734, 1368, 2732, 1369, 2729, 1372, 2727, 1374, 2725, 
1377, 2720, 1380, 2719, 1383, 2196, 1918, 2181, 1932, 2164, 
1948, 2147, 1964, 2133, 1978, 2115, 1996, 2101, 2014, 2081, 
2028, 1443, 2663, 1436, 2670, 1427, 2678, 1421, 2684, 1415, 
2691, 1411, 2695, 1404, 2700, 1399, 2705, 1596, 2503, 1607, 
2492, 1622, 2480, 1633, 2465, 1647, 2452, 1658, 2440, 1673, 
2427, 1686, 2415, 2427, 1670, 2440, 1658, 2455, 1646, 2467, 
1632, 2480, 1620, 2491, 1608, 2503, 1596, 2515, 1583, 2700, 
1404, 2695, 1409, 2689, 1415, 2683, 1423, 2679, 1430, 2671, 
1435, 2663, 1441, 2656, 1449, 2012, 2103, 1996, 2118, 1980, 
2135, 2603, 1491, 2614, 1482, 2622, 1472, 2630, 1464, 2638, 
1455, 2607, 1496, 2596, 1506, 2587, 1517, 2579, 1527, 2568, 
1538, 2559, 1549, 2547, 1559, 2536, 1572, 1814, 2296, 1798, 
2312, 1783, 2328, 1769, 2343, 1755, 2356, 1741, 2371, 1726, 
2384, 1713, 2399, 1375, 2729, 1371, 2727, 1372, 2724, 1376, 
2721, 1377, 2719, 1381, 2715, 1384, 2712, 1389, 2707, 1940, 
2156, 1955, 2138, 1971, 2123, 1987, 2109, 2003, 2092, 2019, 
2075, 2036, 2059, 2052, 2043, 2672, 1425, 2679, 1418, 2684, 
1410, 2691, 1407, 2697, 1401, 2703, 1396, 2707, 1391, 2711, 
1387, 2483, 1626, 2471, 1639, 2459, 1654, 2444, 1666, 2432, 
1679, 2419, 1692, 2405, 1707, 2393, 1721, 1651, 2459, 1639, 
2473, 1625, 2487, 1614, 2496, 1601, 2509, 1589, 2521, 1579, 
2531, 1567, 2545, 1413, 2686, 1419, 2680, 1423, 2673, 1432, 
2667, 1439, 2659, 1446, 2652, 1454, 2643, 1461, 2638, 2126, 
1971, 2140, 1955, 2158, 1939, 2174, 1924, 2188, 1908, 2205, 
1892, 2220, 1876, 2236, 1861, 2725, 1373, 2727, 1370, 2731, 
1369, 2732, 1368, 2732, 1367, 2736, 1366, 2735, 1366, 2734, 
1367, 2328, 1787, 2312, 1800, 2297, 1817, 2282, 1831, 2268, 
1847, 2252, 1862, 2236, 1878, 2220, 1893, 1518, 2591, 1506, 
2600, 1492, 2611, 1489, 2620, 1480, 2627, 1470, 2636, 1462, 
2643, 1455, 2654, 1503, 2595, 1513, 2587, 1523, 2575, 1534, 
2565, 1544, 2556, 1555, 2544, 1569, 2533, 1579, 2523, 2306, 
1795, 2320, 1779, 2335, 1763, 2349, 1750, 2364, 1735, 2379, 
1721, 2392, 1707, 2406, 1692, 2729, 1372, 2729, 1375, 2726, 
1376, 2723, 1380, 2719, 1383, 2717, 1388, 2712, 1392, 2708, 
1398, 2150, 1965, 2134, 1980, 2116, 1996, 2102, 2011, 2085, 
2028, 2071, 2045, 2054, 2061, 2038, 2076, 1422, 2683, 1416, 
2687, 1411, 2696, 1405, 2700, 1399, 2705, 1395, 2709, 1390, 
2714, 1386, 2718, 1632, 2466, 1645, 2455, 1660, 2441, 1673, 
2428, 1686, 2412, 1699, 2400, 1713, 2387, 1730, 2374, 2466, 
1632, 2478, 1620, 2491, 1608, 2504, 1596, 2513, 1584, 2526, 
1572, 2537, 1560, 2548, 1549, 2683, 1421, 2677, 1427, 2671, 
1434, 2663, 1442, 2657, 1452, 2651, 1457, 2639, 1465, 2633, 
1475, 1964, 2150, 1948, 2166, 1934, 2182, 1916, 2200, 1902, 
2211, 1886, 2227, 1871, 2243, 1856, 2259, 1372, 2729, 1371, 
2734, 1369, 2734, 1369, 2735, 1367, 2736, 1366, 2735, 1367, 
2735, 1368, 2736, 1767, 2334, 1782, 2318, 1795, 2303, 1811, 
2289, 1827, 2274, 1841, 2259, 1855, 2243, 1871, 2227, 2580, 
1523, 2589, 1511, 2598, 1501, 2607, 1492, 2616, 1483, 2624, 
1473, 2634, 1465, 2639, 1456, 2609, 1498, 2600, 1508, 2590, 
1519, 2579, 1529, 2571, 1539, 2561, 1552, 2547, 1561, 2539, 
1572, 1814, 2299, 1800, 2315, 1784, 2328, 1770, 2345, 1755, 
2363, 1740, 2373, 1727, 2387, 1713, 2401, 1369, 2732, 1372, 
2728, 1372, 2727, 1377, 2723, 1379, 2720, 1382, 2718, 1385, 
2713, 1390, 2710, 1942, 2157, 1958, 2140, 1972, 2124, 1990, 
2108, 2006, 2092, 2021, 2077, 2038, 2060, 2055, 2044, 2674, 
1424, 2680, 1419, 2689, 1411, 2692, 1407, 2699, 1400, 2703, 
1397, 2708, 1391, 2712, 1388, 2485, 1628, 2471, 1641, 2459, 
1654, 2446, 1668, 2432, 1681, 2419, 1694, 2406, 1708, 2393, 
1720, 1651, 2461, 1639, 2473, 1624, 2486, 1612, 2497, 1603, 
2510, 1589, 2522, 1577, 2531, 1564, 2544, 1413, 2687, 1419, 
2680, 1427, 2675, 1432, 2667, 1441, 2661, 1447, 2653, 1454, 
2644, 1462, 2636, 2128, 1971, 2142, 1955, 2158, 1939, 2263, 
1730, 2546, 1393, 2684, 1445, 2639, 1501, 2580, 1569, 1792, 
2323, 1775, 2336, 1760, 2353, 1748, 2366, 1732, 2380, 1719, 
2395, 1705, 2408, 1692, 2422, 1373, 2727, 1376, 2724, 1377, 
2721, 1380, 2719, 1384, 2713, 1388, 2713, 1392, 2707, 1397, 
2703, 1967, 2131, 1984, 2115, 1999, 2099, 2015, 2083, 2030, 
2065, 2046, 2051, 2057, 2035, 2079, 2019, 2684, 1414, 2689, 
1410, 2696, 1403, 2701, 1398, 2703, 1392, 2710, 1389, 2715, 
1384, 2716, 1382, 2487, 1623, 2475, 1641, 2462, 1651, 2448, 
1663, 2435, 1676, 2423, 1689, 2408, 1704, 2396, 1719, 1678, 
2432, 1666, 2447, 1651, 2460, 1638, 2471, 1626, 2483, 1614, 
2496, 1602, 2508, 1591, 2520, 1401, 2698, 1406, 2691, 1411, 
2687, 1417, 2680, 1425, 2674, 1432, 2668, 1438, 2660, 1446, 
2653, 2094, 2003, 2108, 1987, 2124, 1972, 2141, 1956, 2156, 
1939, 2174, 1924, 2188, 1910, 2204, 1893, 2720, 1379, 2722, 
1376, 2724, 1373, 2728, 1371, 2731, 1369, 2732, 1368, 2733, 
1367, 2735, 1366, 2358, 1757, 2343, 1772, 2328, 1786, 2315, 
1804, 2300, 1816, 2284, 1831, 2268, 1844, 2253, 1861, 1539, 
2572, 1528, 2583, 1519, 2590, 1507, 2601, 1499, 2610, 1488, 
2619, 1480, 2628, 1472, 2635, 1484, 2616, 1493, 2608, 1503, 
2596, 1511, 2585, 1522, 2576, 1533, 2566, 1541, 2556, 1553, 
2545, 2272, 1824, 2289, 1809, 2304, 1794, 2319, 1778, 2334, 
1764, 2349, 1749, 2363, 1735, 2377, 1723, 2732, 1369, 2732, 
1371, 2731, 1373, 2729, 1374, 2725, 1378, 2723, 1380, 2720, 
1383, 2716, 1387, 2182, 1931, 2167, 1948, 2151, 1964, 2134, 
1979, 2118, 1994, 2102, 2010, 2087, 2025, 2070, 2044, 1436, 
2670, 1427, 2675, 1422, 2684, 1415, 2688, 1410, 2694, 1404, 
2700, 1399, 2703, 1395, 2708, 1607, 2492, 1619, 2480, 1631, 
2468, 1647, 2456, 1657, 2443, 1673, 2428, 1688, 2416, 1699, 
2402, 2438, 1660, 2452, 1647, 2465, 1633, 2479, 1621, 2489, 
1608, 2503, 1596, 2512, 1585, 2525, 1573, 2695, 1409, 2689, 
1415, 2684, 1420, 2678, 1425, 2671, 1436, 2666, 1441, 2659, 
1448, 2650, 1456, 1998, 2115, 1982, 2132, 1965, 2147, 1950, 
2163, 1933, 2179, 1919, 2195, 1903, 2211, 1887, 2226, 1377, 
2724, 1376, 2727, 1372, 2729, 1371, 2732, 1369, 2732, 1366, 
2734, 1367, 2735, 1367, 2734, 1764, 2337, 1778, 2321, 1795, 
2307, 1807, 2292, 1822, 2277, 1840, 2264, 1854, 2246, 1866, 
2232, 2575, 1523, 2585, 1513, 2595, 1504, 2604, 1494, 2615, 
1486, 2622, 1475, 2631, 1467, 2640, 1459, 2612, 1496, 2603, 
1507, 2592, 1518, 2583, 1529, 2572, 1537, 2563, 1547, 2552, 
1559, 2540, 1569, 1818, 2296, 1803, 2310, 1788, 2325, 1772, 
2340, 1757, 2355, 1743, 2369, 1730, 2384, 1718, 2397, 1368, 
2731, 1369, 2728, 1374, 2727, 1376, 2724, 1377, 2721, 1381, 
2719, 1384, 2715, 1388, 2711, 1939, 2159, 1954, 2145, 1971, 
2127, 1986, 2111, 2001, 2096, 2018, 2078, 2034, 2065, 2050, 
2047, 2672, 1426, 2679, 1419, 2686, 1414, 2691, 1407, 2696, 
1402, 2701, 1396, 2706, 1392, 2712, 1387, 2487, 1624, 2475, 
1637, 2462, 1651, 2451, 1664, 2437, 1677, 2424, 1692, 2409, 
1705, 2396, 1719, 1654, 2457, 1641, 2471, 1628, 2483, 1615, 
2496, 1603, 2508, 1591, 2520, 1579, 2529, 1567, 2543, 1412, 
2687, 1418, 2683, 1424, 2675, 1430, 2668, 1436, 2660, 1444, 
2655, 1451, 2647, 1460, 2639, 2124, 1974, 2139, 1958, 2153, 
1943, 2171, 1927, 2187, 1912, 2204, 1897, 2219, 1883, 2234, 
1865, 2726, 1374, 2728, 1372, 2731, 1370, 2734, 1368, 2735, 
1367, 2736, 1366, 2736, 1366, 1911, 2184, 2599, 1492, 2611, 
1483, 2620, 1475, 2627, 1466, 2636, 1457, 2644, 1449, 2652, 
1443, 2659, 1435, 2581, 1525, 2571, 1536, 2560, 1545, 2551, 
1554, 2539, 1568, 2530, 1581, 2516, 1592, 2505, 1604, 1773, 
2339, 1759, 2353, 1743, 2367, 1730, 2382, 1716, 2396, 1703, 
2409, 1688, 2422, 1675, 2438, 1374, 2723, 1377, 2719, 1381, 
2718, 1384, 2712, 1388, 2708, 1392, 2703, 1397, 2700, 1396, 
2695, 1984, 2111, 1999, 2094, 2015, 2079, 2032, 2063, 2047, 
2046, 2065, 2032, 2081, 2014, 2096, 2000, 2688, 1408, 2695, 
1401, 2700, 1396, 2705, 1392, 2708, 1388, 2712, 1384, 2717, 
1381, 2719, 1378, 2448, 1663, 2435, 1677, 2423, 1688, 2407, 
1703, 2393, 1718, 2381, 1731, 2366, 1745, 2353, 1761, 1615, 
2494, 1603, 2507, 1592, 2517, 1580, 2530, 1567, 2540, 1556, 
2552, 1546, 2563, 1535, 2572, 1427, 2667, 1438, 2660, 1444, 
2654, 1452, 2646, 1459, 2638, 1468, 2628, 1476, 2620, 1484, 
2611, 2171, 1926, 2183, 1912, 2200, 1895, 2216, 1880, 2232, 
1863, 2246, 1851, 2264, 1835, 2278, 1819, 2731, 1367, 2733, 
1367, 2739, 1366, 2734, 1366, 2735, 1366, 2734, 1366, 2734, 
1368, 2732, 1368, 2286, 1828, 2271, 1843, 2255, 1857, 2240, 
1872, 2228, 1890, 2207, 1904, 2191, 1921, 2177, 1936, 1489, 
2616, 1480, 2626, 1472, 2635, 1463, 2641, 1456, 2649, 1448, 
2657, 1441, 2664, 1433, 2672, 1531, 2568, 1542, 2559, 1551, 
2547, 1565, 2535, 1574, 2524, 1587, 2513, 1598, 2501, 1610, 
2489, 2347, 1752, 2360, 1739, 2375, 1724, 2388, 1710, 2403, 
1696, 2417, 1683, 2428, 1670, 2441, 1655, 2722, 1379, 2719, 
1382, 2715, 1386, 2712, 1391, 2707, 1395, 2704, 1399, 2699, 
1406, 2694, 1410, 2106, 2008, 2088, 2023, 2072, 2038, 2055, 
2056, 2039, 2071, 2025, 2087, 2008, 2104, 1991, 2120, 1404, 
2697, 1399, 2702, 1394, 2707, 1391, 2712, 1387, 2715, 1382, 
2719, 1379, 2723, 1376, 2726, 1667, 2431, 1683, 2417, 1697, 
2403, 1712, 2390, 1724, 2376, 1739, 2361, 1752, 2348, 1767, 
2333, 2499, 1599, 2511, 1587, 2525, 1574, 2535, 1563, 2547, 
1551, 2558, 1541, 2568, 1531, 2576, 1518, 2664, 1439, 2659, 
1447, 2652, 1456, 2643, 1464, 2634, 1472, 2625, 1480, 2617, 
1490, 2608, 1500, 1921, 2192, 1904, 2208, 1890, 2224, 1875, 
2238, 1859, 2254, 1841, 2270, 1827, 2286, 1814, 2300, 1367, 
2733, 1367, 2734, 1367, 2735, 1366, 2735, 1366, 2735, 1367, 
2735, 1368, 2732, 1369, 2731, 1835, 2266, 1851, 2248, 1867, 
2233, 1880, 2218, 1895, 2202, 1911, 2185, 1927, 2172, 1947, 
2156, 2622, 1476, 2630, 1468, 2639, 1460, 2647, 1452, 2654, 
1446, 2662, 1438, 2668, 1430, 2675, 1424, 2565, 1545, 2552, 
1555, 2542, 1567, 2530, 1580, 2520, 1592, 2508, 1603, 2496, 
1615, 2483, 1628, 1747, 2367, 1732, 2382, 1718, 2396, 1704, 
2409, 1690, 2423, 1676, 2435, 1663, 2448, 1651, 2462, 1380, 
2719, 1384, 2715, 1388, 2711, 1392, 2706, 1397, 2703, 1403, 
2697, 1409, 2691, 1414, 2686, 2015, 2082, 2032, 2067, 2047, 
2048, 2063, 2032, 2079, 2016, 2094, 2003, 2111, 1985, 2127, 
1969, 2700, 1397, 2705, 1393, 2711, 1388, 2715, 1385, 2718, 
1382, 2721, 1379, 2724, 1375, 2727, 1374, 2424, 1689, 2412, 
1704, 2396, 1717, 2383, 1729, 2370, 1744, 2355, 1760, 2341, 
1774, 2326, 1788, 1593, 2516, 1581, 2528, 1569, 2540, 1559, 
2550, 1547, 2561, 1537, 2572, 1526, 2582, 1517, 2591, 1443, 
2655, 1451, 2647, 1458, 2641, 1468, 2631, 1476, 2619, 1484, 
2614, 1513, 2438, 1835, 2000, 2732, 1376, 2710, 1404, 2697, 
1429, 2535, 1576, 2524, 1588, 2511, 1600, 2499, 1613, 2486, 
1625, 1750, 2363, 1735, 2377, 1723, 2391, 1708, 2406, 1694, 
2419, 1679, 2432, 1667, 2444, 1654, 2460, 1379, 2721, 1383, 
2716, 1388, 2712, 1391, 2707, 1395, 2703, 1401, 2697, 1406, 
2692, 1412, 2687, 2011, 2087, 2028, 2070, 2042, 2053, 2060, 
2037, 2076, 2019, 2089, 2006, 2108, 1991, 2123, 1972, 2700, 
1399, 2704, 1395, 2707, 1391, 2714, 1386, 2716, 1383, 2719, 
1379, 2724, 1377, 2727, 1375, 2428, 1686, 2416, 1699, 2403, 
1714, 2387, 1728, 2374, 1740, 2359, 1756, 2345, 1770, 2330, 
1785, 1597, 2513, 1585, 2525, 1573, 2536, 1560, 2547, 1551, 
2559, 1539, 2571, 1530, 2579, 1519, 2590, 1440, 2656, 1450, 
2648, 1458, 2643, 1465, 2635, 1472, 2625, 1483, 2616, 1491, 
2608, 1503, 2598, 2195, 1902, 2211, 1887, 2226, 1872, 2243, 
1855, 2257, 1841, 2272, 1824, 2284, 1809, 2303, 1797, 2734, 
1366, 2736, 1366, 2735, 1366, 2736, 1366, 2735, 1366, 2734, 
1370, 2733, 1370, 2731, 1372, 2262, 1852, 2245, 1868, 2231, 
1884, 2216, 1897, 2201, 1916, 2184, 1930, 2168, 1946, 2152, 
1962, 1475, 2631, 1466, 2639, 1459, 2648, 1451, 2655, 1444, 
2662, 1436, 2669, 1431, 2676, 1423, 2683, 1549, 2552, 1560, 
2542, 1570, 2529, 1581, 2519, 1595, 2506, 1606, 2495, 1619, 
2483, 1631, 2470, 2372, 1725, 2384, 1715, 2399, 1703, 2412, 
1689, 2425, 1676, 2439, 1660, 2451, 1647, 2463, 1632, 2718, 
1385, 2714, 1388, 2710, 1394, 2705, 1398, 2702, 1404, 2696, 
1409, 2691, 1415, 2685, 1420, 2080, 2033, 2063, 2051, 2046, 
2067, 2030, 2081, 2013, 2099, 1998, 2113, 1983, 2131, 1967, 
2147, 1398, 2706, 1393, 2711, 1389, 2715, 1384, 2719, 1381, 
2722, 1378, 2723, 1375, 2727, 1374, 2731, 1692, 2409, 1704, 
2395, 1723, 2382, 1734, 2367, 1747, 2353, 1761, 2338, 1776, 
2324, 1792, 2308, 2520, 1579, 2531, 1568, 2542, 1556, 2553, 
1546, 2564, 1536, 2575, 1528, 2585, 1516, 2593, 1506, 2668, 
1439, 2660, 1447, 2654, 1454, 2646, 1461, 2637, 1470, 2627, 
1479, 2620, 1488, 2611, 1498, 1952, 2160, 1938, 2175, 1923, 
2191, 1909, 2208, 1893, 2222, 1876, 2238, 1862, 2254, 1844, 
2270, 1371, 2732, 1368, 2733, 1367, 2734, 1367, 2735, 1367, 
2736, 1368, 2736, 1367, 2736, 1367, 2734, 1804, 2296, 1817, 
2279, 1833, 2265, 1849, 2251, 1865, 2235, 1880, 2220, 1895, 
2202, 1911, 2187, 2603, 1496, 2612, 1487, 2620, 1478, 2630, 
1470, 2639, 1462, 2647, 1452, 2654, 1445, 2659, 1437, 2584, 
1523, 2575, 1536, 2564, 1545, 2553, 1557, 2542, 1567, 2532, 
1580, 2521, 1591, 2510, 1602, 1777, 2337, 1761, 2351, 1748, 
2367, 1735, 2382, 1722, 2396, 1705, 2408, 1689, 2421, 1678, 
2435, 1376, 2726, 1376, 2722, 1380, 2719, 1384, 2716, 1388, 
2711, 1392, 2706, 1398, 2703, 1400, 2696, 1982, 2112, 1997, 
2101, 2015, 2083, 2028, 2067, 2047, 2051, 2063, 2035, 2078, 
2019, 2093, 2003, 2680, 1419, 2685, 1414, 2691, 1408, 2695, 
1403, 2702, 1398, 2706, 1395, 2709, 1389, 2713, 1384, 2476, 
1637, 2464, 1651, 2451, 1664, 2438, 1676, 2424, 1692, 2410, 
1703, 2396, 1717, 2383, 1732, 1643, 2471, 1629, 2483, 1617, 
2495, 1604, 2505, 1592, 2518, 1581, 2532, 1569, 2540, 1557, 
2552, 1419, 2683, 1423, 2675, 1430, 2668, 1439, 2663, 1445, 
2654, 1452, 2646, 1460, 2639, 1468, 2631, 2137, 1959, 2153, 
1944, 2169, 1927, 2184, 1915, 2202, 1896, 2217, 1882, 2233, 
1867, 2247, 1851, 2730, 1372, 2731, 1371, 1560, 2531, 1572, 
2524, 1583, 2512, 1595, 2500, 1607, 2488, 1620, 2475, 2358, 
1737, 2371, 1724, 2385, 1710, 2400, 1697, 2412, 1683, 2425, 
1669, 2440, 1656, 2452, 1643, 2719, 1380, 2716, 1385, 2712, 
1391, 2709, 1393, 2703, 1398, 2697, 1404, 2692, 1409, 2687, 
1415, 2090, 2021, 2075, 2038, 2058, 2054, 2040, 2070, 2023, 
2086, 2007, 2099, 1993, 2119, 1978, 2135, 1399, 2702, 1394, 
2705, 1391, 2710, 1387, 2716, 1383, 2718, 1380, 2720, 1376, 
2724, 1374, 2727, 1680, 2419, 1695, 2405, 1709, 2391, 1723, 
2376, 1737, 2363, 1750, 2348, 1765, 2334, 1780, 2319, 2511, 
1588, 2521, 1575, 2532, 1564, 2544, 1552, 2556, 1542, 2567, 
1531, 2577, 1521, 2588, 1510, 2656, 1445, 2651, 1456, 2643, 
1462, 2635, 1471, 2627, 1479, 2619, 1488, 2608, 1498, 2601, 
1507, 1905, 2206, 1889, 2223, 1875, 2238, 1860, 2254, 1845, 
2268, 1829, 2284, 1814, 2296, 1798, 2311, 1368, 2731, 1367, 
2735, 1367, 2735, 1366, 2735, 1364, 2734, 1366, 2734, 1367, 
2734, 1367, 2732, 1820, 2279, 1838, 2263, 1851, 2247, 1867, 
2232, 1881, 2217, 1896, 2201, 1911, 2184, 1929, 2171, 2612, 
1485, 2623, 1476, 2631, 1468, 2639, 1460, 2647, 1452, 2655, 
1444, 2661, 1436, 2668, 1430, 2576, 1537, 2564, 1545, 2553, 
1558, 2540, 1567, 2531, 1576, 2518, 1592, 2508, 1604, 2496, 
1616, 1788, 2327, 1772, 2340, 1757, 2356, 1743, 2371, 1730, 
2385, 1716, 2399, 1702, 2413, 1688, 2424, 1374, 2727, 1375, 
2723, 1379, 2719, 1382, 2718, 1384, 2715, 1388, 2709, 1395, 
2707, 1398, 2700, 1971, 2127, 1987, 2108, 2002, 2094, 2015, 
2076, 2034, 2062, 2051, 2046, 2066, 2031, 2083, 2014, 2686, 
1413, 2691, 1407, 2696, 1403, 2700, 1395, 2707, 1392, 2712, 
1389, 2715, 1383, 2719, 1380, 2461, 1651, 2449, 1665, 2435, 
1679, 2423, 1694, 2409, 1704, 2395, 1723, 2380, 1734, 2367, 
1747, 1627, 2484, 1615, 2496, 1603, 2508, 1592, 2520, 1579, 
2531, 1568, 2543, 1555, 2554, 1546, 2564, 1426, 2675, 1431, 
2668, 1438, 2663, 1446, 2654, 1453, 2644, 1460, 2638, 1470, 
2628, 1479, 2620, 2155, 1943, 2172, 1927, 2188, 1911, 2204, 
1895, 2220, 1880, 2235, 1863, 2249, 1848, 2265, 1832, 2732, 
1369, 2732, 1367, 2736, 1368, 2736, 1366, 2735, 1367, 2736, 
1367, 2736, 1367, 2735, 1368, 2300, 1814, 2284, 1830, 2268, 
1845, 2254, 1861, 2239, 1875, 2222, 1891, 2207, 1904, 2191, 
1921, 1498, 2608, 1490, 2618, 1479, 2627, 1471, 2636, 1461, 
2644, 1451, 2651, 1445, 2659, 1439, 2665, 1521, 2579, 1532, 
2568, 1543, 2556, 1553, 2545, 1564, 2536, 1577, 2524, 1588, 
2512, 1601, 2501, 2334, 1767, 2348, 1752, 2362, 1737, 2376, 
1727, 2392, 1710, 2403, 1695, 2419, 1681, 2432, 1668, 2726, 
1378, 2723, 1379, 2719, 1383, 2716, 1387, 2712, 1392, 2708, 
1396, 2703, 1401, 2700, 1407, 2120, 1994, 2107, 2012, 2088, 
2025, 2073, 2040, 2054, 2057, 2038, 2076, 2023, 2091, 2007, 
2106, 1411, 2694, 1404, 2700, 1399, 2703, 1395, 2707, 1390, 
2712, 1385, 2716, 1383, 2719, 1379, 2724, 1657, 2443, 1671, 
2431, 1685, 2416, 1699, 2403, 1713, 2388, 1726, 2374, 1740, 
2361, 1755, 2347, 2489, 1609, 2503, 1599, 2513, 1586, 2525, 
1573, 2535, 1563, 2548, 1550, 2558, 1541, 2569, 1530, 2671, 
1433, 2665, 1440, 2656, 1448, 2651, 1456, 2642, 1464, 2636, 
1472, 2625, 1481, 2618, 1491, 1934, 2178, 1920, 2193, 1905, 
2211, 1888, 2226, 1873, 2240, 1858, 2256, 1843, 2272, 1827, 
2289, 1372, 2730, 1369, 2732, 1367, 2723, 1483, 2499, 1929, 
2079, 2063, 2005, 2108, 1962, 2183, 1884, 2716, 1383, 2716, 
1379, 2722, 1376, 2725, 1373, 2727, 1371, 2729, 1371, 2732, 
1369, 2734, 1367, 2377, 1737, 2364, 1752, 2350, 1770, 2334, 
1779, 2320, 1795, 2304, 1811, 2291, 1826, 2275, 1841, 1554, 
2558, 1544, 2567, 1532, 2576, 1520, 2588, 1511, 2598, 1500, 
2607, 1492, 2616, 1482, 2626, 1471, 2627, 1480, 2617, 1491, 
2612, 1499, 2599, 1509, 2591, 1519, 2580, 1533, 2572, 1539, 
2560, 2253, 1846, 2270, 1830, 2284, 1815, 2300, 1799, 2315, 
1785, 2328, 1769, 2343, 1753, 2357, 1742, 2735, 1368, 2734, 
1366, 2732, 1369, 2731, 1372, 2729, 1372, 2726, 1375, 2724, 
1379, 2720, 1382, 2204, 1910, 2188, 1924, 2171, 1943, 2157, 
1956, 2141, 1975, 2124, 1990, 2108, 2003, 2091, 2022, 1444, 
2660, 1438, 2668, 1431, 2674, 1425, 2680, 1419, 2687, 1412, 
2692, 1407, 2696, 1400, 2703, 1592, 2508, 1602, 2496, 1614, 
2484, 1628, 2471, 1640, 2460, 1654, 2447, 1667, 2433, 1681, 
2420, 2423, 1679, 2433, 1664, 2447, 1651, 2460, 1639, 2473, 
1627, 2487, 1614, 2497, 1603, 2511, 1589, 2702, 1400, 2699, 
1406, 2691, 1413, 2686, 1419, 2681, 1425, 2673, 1433, 2668, 
1439, 2660, 1445, 2019, 2095, 2003, 2110, 1986, 2126, 1970, 
2142, 1956, 2159, 1939, 2172, 1924, 2191, 1907, 2204, 1381, 
2721, 1379, 2721, 1375, 2726, 1374, 2731, 1372, 2731, 1369, 
2732, 1368, 2734, 1367, 2736, 1743, 2357, 1758, 2342, 1773, 
2328, 1787, 2312, 1802, 2297, 1816, 2281, 1832, 2268, 1848, 
2252, 2560, 1539, 2571, 1528, 2582, 1518, 2591, 1507, 2601, 
1497, 2611, 1488, 2620, 1479, 2627, 1468, 2623, 1481, 2616, 
1493, 2606, 1502, 2596, 1513, 2585, 1523, 2575, 1535, 2567, 
1539, 2555, 1555, 1838, 2275, 1823, 2292, 1807, 2306, 1793, 
2320, 1779, 2335, 1764, 2351, 1750, 2367, 1735, 2379, 1367, 
2735, 1369, 2732, 1368, 2731, 1372, 2727, 1376, 2726, 1377, 
2723, 1379, 2719, 1384, 2715, 1918, 2182, 1932, 2164, 1947, 
2148, 1966, 2132, 1982, 2118, 1996, 2102, 2011, 2084, 2028, 
2067, 2663, 1434, 2670, 1430, 2680, 1422, 2683, 1415, 2689, 
1409, 2694, 1403, 2699, 1398, 2703, 1395, 2504, 1609, 2491, 
1621, 2483, 1633, 2465, 1643, 2454, 1659, 2442, 1674, 2428, 
1687, 2414, 1700, 1673, 2441, 1659, 2453, 1645, 2467, 1632, 
2479, 1621, 2494, 1607, 2503, 1598, 2515, 1584, 2526, 1403, 
2695, 1409, 2689, 1415, 2684, 1421, 2678, 1428, 2671, 1434, 
2664, 1442, 2657, 1449, 2649, 2102, 1996, 2119, 1980, 2134, 
1964, 2147, 1950, 2166, 1932, 2180, 1916, 2197, 1902, 2214, 
1886, 2723, 1377, 2724, 1376, 2727, 1372, 2730, 1370, 2732, 
1369, 2735, 1368, 2735, 1367, 2735, 1364, 2350, 1763, 2335, 
1779, 2321, 1793, 2306, 1810, 2290, 1822, 2276, 1838, 2259, 
1854, 2244, 1870, 1532, 2575, 1523, 2588, 1513, 2596, 1504, 
2606, 1493, 2615, 1484, 2624, 1473, 2631, 1467, 2641, 1487, 
2611, 1497, 2601, 1507, 2591, 1518, 2583, 1527, 2572, 1539, 
2561, 1548, 2550, 1560, 2540, 2282, 1816, 2297, 1801, 2313, 
1788, 2328, 1772, 2343, 1756, 2355, 1743, 2369, 1728, 2385, 
1716, 2732, 1368, 2732, 1371, 2731, 1373, 2727, 1376, 2724, 
1378, 2719, 1382, 2719, 1385, 2714, 1390, 2174, 1940, 2159, 
1956, 2142, 1971, 2125, 1988, 2111, 2004, 2095, 2019, 2078, 
2035, 2062, 2051, 1432, 2671, 1424, 2680, 1419, 2687, 1413, 
2692, 1407, 2697, 1405, 2703, 1395, 2707, 1393, 2711, 1614, 
2487, 1627, 2475, 1639, 2463, 1652, 2448, 1664, 2435, 1678, 
2422, 1692, 2235, 1859, 2248, 1372, 2726, 1369, 2728, 1367, 
2731, 1366, 2732, 1365, 2732, 1366, 2732, 1366, 2734, 1366, 
2734, 1784, 2311, 1800, 2298, 1815, 2281, 1831, 2265, 1845, 
2248, 1859, 2236, 1875, 2222, 1892, 2204, 2591, 1507, 2601, 
1498, 2608, 1488, 2617, 1478, 2627, 1471, 2637, 1462, 2643, 
1455, 2652, 1445, 2595, 1511, 2586, 1522, 2575, 1536, 2567, 
1543, 2553, 1553, 2544, 1565, 2531, 1576, 2521, 1588, 1792, 
2319, 1779, 2334, 1764, 2350, 1749, 2364, 1736, 2377, 1720, 
2392, 1707, 2405, 1693, 2419, 1371, 2728, 1375, 2724, 1376, 
2722, 1379, 2719, 1383, 2716, 1389, 2711, 1391, 2707, 1396, 
2703, 1963, 2135, 1980, 2115, 1995, 2100, 2012, 2083, 2028, 
2072, 2045, 2053, 2061, 2036, 2076, 2019, 2680, 1414, 2689, 
1409, 2695, 1404, 2700, 1399, 2703, 1394, 2712, 1391, 2712, 
1385, 2718, 1382, 2467, 1644, 2454, 1659, 2440, 1671, 2425, 
1685, 2414, 1699, 2401, 1713, 2387, 1728, 2372, 1741, 1633, 
2479, 1619, 2490, 1608, 2504, 1597, 2515, 1583, 2528, 1572, 
2539, 1561, 2550, 1551, 2559, 1422, 2676, 1428, 2671, 1434, 
2663, 1443, 2656, 1449, 2648, 1456, 2641, 1463, 2632, 1472, 
2623, 2147, 1948, 2165, 1932, 2179, 1916, 2196, 1901, 2211, 
1883, 2228, 1871, 2242, 1857, 2259, 1841, 2726, 1374, 2728, 
1372, 2729, 1370, 2732, 1368, 2734, 1368, 2735, 1367, 2735, 
1366, 2736, 1367, 2360, 1754, 2345, 1768, 2332, 1784, 2318, 
1799, 2300, 1814, 2287, 1827, 2271, 1843, 2256, 1859, 1538, 
2567, 1529, 2579, 1520, 2589, 1510, 2599, 1500, 2608, 1489, 
2616, 1482, 2625, 1472, 2637, 1481, 2619, 1492, 2607, 1500, 
2600, 1511, 2590, 1520, 2577, 1531, 2567, 1541, 2556, 1552, 
2547, 2270, 1825, 2286, 1812, 2301, 1795, 2316, 1783, 2331, 
1768, 2347, 1752, 2359, 1737, 2374, 1724, 2732, 1368, 2731, 
1368, 2731, 1371, 2728, 1373, 2726, 1376, 2723, 1384, 2720, 
1382, 2718, 1388, 2185, 1929, 2171, 1944, 2153, 1959, 2137, 
1977, 2123, 1991, 2105, 2007, 2090, 2023, 2072, 2039, 1437, 
2668, 1429, 2675, 1423, 2682, 1417, 2688, 1411, 2694, 1406, 
2699, 1399, 2703, 1395, 2707, 1603, 2496, 1615, 2483, 1628, 
2470, 1642, 2457, 1655, 2445, 1669, 2431, 1683, 2418, 1696, 
2404, 2436, 1663, 2452, 1647, 2463, 1636, 2476, 1624, 2488, 
1611, 2500, 1599, 2511, 1587, 2523, 1577, 2695, 1408, 2691, 
1412, 2684, 1420, 2674, 1427, 2672, 1433, 2664, 1440, 2658, 
1447, 2649, 1456, 1999, 2113, 1985, 2129, 1968, 2144, 1952, 
2161, 1938, 2176, 1920, 2192, 1905, 2208, 1890, 2223, 1377, 
2725, 1376, 2726, 1373, 2728, 1370, 2732, 1369, 2732, 1367, 
2734, 1366, 2732, 1367, 2736, 1732, 2366, 1748, 2352, 1763, 
2336, 1777, 2323, 1792, 2306, 1806, 2292, 1821, 2276, 1837, 
2263, 2532, 1565, 2544, 1554, 2556, 1544, 2567, 1535, 2575, 
1522, 2586, 1512, 2595, 1502, 2607, 1493, 2643, 1462, 2636, 
1471, 2627, 1479, 2619, 1489, 2610, 1497, 2600, 1507, 2590, 
1517, 2580, 1528, 1876, 2236, 1861, 2252, 1847, 2266, 1828, 
2283, 1814, 2297, 1800, 2311, 1785, 2327, 1770, 2343, 1367, 
2736, 1366, 2734, 1366, 2734, 1367, 2734, 1369, 2732, 1372, 
2728, 1374, 2727, 1375, 2723, 1848, 2248, 1864, 2234, 1880, 
2217, 1896, 2201, 1911, 2189, 1928, 2171, 1944, 2153, 1959, 
2139, 2614, 1484, 2623, 1474, 2631, 1467, 2640, 1459, 2648, 
1451, 2655, 1442, 2663, 1437, 2671, 1430, 2591, 1518, 2582, 
1528, 2572, 1539, 2560, 1549, 2550, 1560, 2539, 1573, 2528, 
1654, 2347, 1908, 1388, 2702, 1413, 2661, 1459, 2641, 1482, 
2500, 1612, 2488, 1624, 2476, 1637, 2463, 1649, 2451, 2390, 
1710, 2404, 1696, 2416, 1682, 2432, 1668, 2443, 1656, 2456, 
1640, 2468, 1631, 2483, 1616, 2715, 1390, 2708, 1395, 2704, 
1400, 2699, 1404, 2695, 1411, 2687, 1417, 2683, 1424, 2675, 
1431, 2056, 2057, 2040, 2073, 2023, 2090, 2008, 2105, 1992, 
2124, 1976, 2137, 1960, 2151, 1943, 2171, 1390, 2713, 1387, 
2716, 1383, 2719, 1380, 2723, 1376, 2726, 1374, 2727, 1371, 
2732, 1368, 2733, 1712, 2392, 1726, 2375, 1739, 2361, 1754, 
2345, 1769, 2331, 1783, 2318, 1798, 2303, 1811, 2284, 2537, 
1564, 2547, 1551, 2559, 1540, 2568, 1531, 2580, 1520, 2590, 
1511, 2598, 1500, 2607, 1489, 2643, 1462, 2635, 1471, 2635, 
1481, 2618, 1490, 2608, 1499, 2599, 1510, 2590, 1520, 2579, 
1531, 1873, 2241, 1856, 2255, 1843, 2271, 1827, 2286, 1812, 
2301, 1799, 2317, 1783, 2332, 1767, 2346, 1367, 2735, 1366, 
2735, 1368, 2734, 1368, 2732, 1370, 2731, 1372, 2729, 1373, 
2727, 1376, 2723, 1882, 2216, 1896, 2200, 1914, 2187, 1931, 
2168, 1944, 2154, 1957, 2137, 1976, 2122, 1993, 2105, 2648, 
1452, 2655, 1444, 2663, 1436, 2668, 1430, 2675, 1422, 2683, 
1417, 2688, 1411, 2694, 1404, 2529, 1581, 2520, 1594, 2507, 
1605, 2495, 1617, 2484, 1631, 2471, 1641, 2457, 1656, 2444, 
1669, 1703, 2411, 1689, 2424, 1676, 2437, 1663, 2451, 1650, 
2463, 1635, 2475, 1623, 2488, 1611, 2499, 1393, 2707, 1398, 
2703, 1404, 2695, 1409, 2691, 1414, 2686, 1420, 2680, 1426, 
2672, 1432, 2665, 2065, 2032, 2080, 2017, 2096, 2000, 2114, 
1985, 2130, 1968, 2145, 1954, 2161, 1935, 2175, 1920, 2713, 
1385, 2718, 1381, 2721, 1378, 2723, 1375, 2727, 1374, 2729, 
1371, 2731, 1368, 2733, 1368, 2383, 1734, 2368, 1746, 2355, 
1761, 2340, 1776, 2324, 1790, 2311, 1805, 2296, 1822, 2280, 
1834, 1556, 2552, 1547, 2564, 1536, 2574, 1524, 2584, 1516, 
2593, 1505, 2604, 1496, 2611, 1487, 2619, 1450, 2646, 1462, 
2639, 1469, 2630, 1478, 2620, 1487, 2612, 1496, 2602, 1506, 
2593, 1516, 2583, 2220, 1880, 2235, 1863, 2251, 1849, 2264, 
1832, 2280, 1817, 2296, 1804, 2311, 1788, 2327, 1773, 2735, 
1366, 2735, 1366, 2735, 1368, 2735, 1368, 2733, 1368, 2730, 
1371, 2730, 1373, 2727, 1375, 2238, 1876, 2223, 1890, 2207, 
1908, 2191, 1923, 2175, 1938, 2160, 1953, 2144, 1969, 2129, 
1986, 1461, 2644, 1455, 2652, 1447, 2659, 1439, 2665, 1433, 
2672, 1426, 2680, 1419, 2687, 1415, 2690, 1567, 2534, 1576, 
2523, 1588, 2511, 1600, 2500, 1612, 2488, 1625, 2476, 1636, 
2462, 1651, 2450, 2391, 1708, 2403, 1694, 2412, 1681, 2432, 
1667, 2447, 1655, 2459, 1640, 2470, 1627, 2483, 1617, 2713, 
1391, 2707, 1395, 2704, 1400, 2698, 1406, 2692, 1411, 2688, 
1418, 2682, 1423, 2675, 1431, 2055, 2060, 2039, 2073, 2025, 
2088, 2003, 2106, 1991, 2124, 1974, 2140, 1959, 2155, 1943, 
2169, 1390, 2712, 1387, 2716, 1382, 2719, 1379, 2723, 1376, 
2727, 1373, 2728, 1372, 2727, 1363, 2736, 1710, 2388, 1727, 
2373, 1740, 2360, 1753, 2345, 1770, 2328, 1784, 2316, 1798, 
2302, 1813, 2286, 2535, 1562, 2548, 1551, 2559, 1539, 2569, 
1531, 2582, 1520, 2592, 1511, 2599, 1499, 2608, 1490, 2642, 
1465, 2635, 1473, 2626, 1483, 2616, 1491, 2607, 1500, 2599, 
1509, 2588, 1520, 2578, 1530, 1871, 2241, 1857, 2255, 1841, 
2276, 1828, 2287, 1812, 2302, 1796, 2317, 1783, 2332, 1767, 
2347, 1365, 2736, 1367, 2735, 1367, 2284, 1811, 2302, 1795, 
2313, 1782, 2329, 1767, 2343, 1752, 2358, 1365, 2732, 1366, 
2732, 1368, 2729, 1368, 2728, 1370, 2727, 1373, 2724, 1375, 
2721, 1377, 2719, 1896, 2202, 1912, 2185, 1927, 2171, 1943, 
2153, 1959, 2136, 1975, 2120, 1991, 2104, 2008, 2088, 2652, 
1444, 2660, 1436, 2667, 1429, 2673, 1423, 2679, 1415, 2686, 
1411, 2691, 1403, 2699, 1397, 2519, 1592, 2507, 1605, 2493, 
1616, 2481, 1629, 2471, 1640, 2455, 1654, 2444, 1667, 2431, 
1680, 1689, 2422, 1675, 2435, 1662, 2449, 1648, 2462, 1637, 
2472, 1620, 2486, 1610, 2499, 1598, 2511, 1395, 2701, 1403, 
2696, 1406, 2689, 1412, 2684, 1419, 2679, 1424, 2671, 1432, 
2664, 1439, 2657, 2079, 2016, 2095, 1999, 2112, 1981, 2128, 
1969, 2144, 1953, 2161, 1937, 2175, 1921, 2191, 1904, 2716, 
1381, 2719, 1377, 2723, 1376, 2726, 1374, 2728, 1372, 2731, 
1368, 2732, 1369, 2732, 1367, 2394, 1720, 2380, 1733, 2366, 
1747, 2352, 1763, 2336, 1777, 2322, 1791, 2307, 1806, 2292, 
1820, 1567, 2542, 1555, 2553, 1543, 2563, 1534, 2578, 1525, 
2585, 1514, 2595, 1504, 2602, 1489, 2611, 1462, 2631, 1470, 
2630, 1477, 2620, 1487, 2611, 1495, 2601, 1506, 2593, 1517, 
2583, 1526, 2572, 2235, 1863, 2251, 1846, 2265, 1832, 2278, 
1817, 2295, 1801, 2310, 1788, 2324, 1773, 2339, 
END
Manual trigger reset! Waiting for next signal...
reset bools done, waiting for next trigger...
Trigger at idx=8194 raw=2071
Capture ready: pre-trigger + post-trigger window complete.
TRIGGER TYPE IS: RISING
Sample threshold is: 2048

----DEBUG INFO----
Core: 0, Trigger: 8194, Size: 16388
START
1369, 2660, 1806, 2343, 2329, 1822, 2123, 2034, 1908, 2249, 
1705, 2439, 1534, 2584, 1411, 2675, 1353, 2700, 1366, 2655, 
1464, 2641, 1374, 2698, 1351, 2686, 1400, 2608, 1511, 2469, 
1680, 2284, 1881, 2075, 2097, 1858, 1594, 2381, 1781, 2180, 
1991, 1963, 2211, 1756, 2408, 1574, 2567, 1439, 2671, 1364, 
2707, 1363, 2495, 1500, 2629, 1395, 2700, 1352, 2705, 1388, 
2640, 1487, 2512, 1643, 2339, 1839, 2130, 2055, 2583, 1561, 
2428, 1740, 2235, 1948, 2019, 2167, 1806, 2372, 1615, 2542, 
1468, 2660, 1379, 2713, 1705, 2463, 1534, 2611, 1416, 2696, 
1362, 2719, 1377, 2664, 1464, 2553, 1607, 2387, 1795, 2184, 
1412, 2617, 1529, 2474, 1699, 2287, 1904, 2073, 2121, 1855, 
2332, 1659, 2512, 1500, 2643, 1396, 2232, 1752, 2430, 1571, 
2588, 1439, 2687, 1372, 2723, 1369, 2688, 1439, 2588, 1574, 
2432, 1753, 2715, 1398, 2644, 1502, 2515, 1661, 2335, 1861, 
2127, 2074, 1908, 2289, 1704, 2478, 1534, 2622, 2012, 2188, 
1801, 2392, 1611, 2559, 1468, 2672, 1381, 2724, 1365, 2707, 
1421, 2619, 1539, 2473, 1363, 2724, 1385, 2670, 1476, 2552, 
1622, 2380, 1812, 2177, 2027, 1958, 2244, 1750, 2442, 1570, 
1922, 2065, 2140, 1847, 2348, 1653, 2526, 1494, 2655, 1397, 
2720, 1363, 2718, 1402, 2647, 1509, 2699, 1371, 2729, 1376, 
2691, 1449, 2584, 1587, 2427, 1770, 2227, 1980, 2009, 2199, 
1798, 2403, 2330, 1875, 2116, 2094, 1898, 2307, 1697, 2491, 
1528, 2634, 1413, 2715, 1362, 2727, 1391, 2671, 1468, 2684, 
1379, 2732, 1369, 2707, 1428, 2617, 1551, 2468, 1726, 2275, 
1932, 2062, 2150, 1846, 1659, 2350, 1857, 2139, 2073, 1920, 
2288, 1715, 2483, 1545, 2625, 1423, 2710, 1368, 2731, 1384, 
2580, 1459, 2689, 1379, 2734, 1371, 2705, 1434, 2614, 1559, 
2463, 1733, 2270, 1940, 2053, 2160, 2544, 1643, 2367, 1839, 
2160, 2053, 1940, 2268, 1733, 2464, 1557, 2614, 1433, 2707, 
1371, 2734, 1638, 2549, 1486, 2668, 1391, 2729, 1367, 2719, 
1414, 2641, 1524, 2502, 1692, 2316, 1892, 2102, 1463, 2575, 
1603, 2410, 1790, 2211, 2006, 1991, 2223, 1779, 2423, 1593, 
2585, 1456, 2691, 1379, 2330, 1680, 2514, 1516, 2647, 1407, 
2722, 1366, 2727, 1396, 2663, 1495, 2540, 1649, 2361, 1846, 
2703, 1439, 2608, 1568, 2455, 1746, 2259, 1955, 2039, 2174, 
1825, 2383, 1633, 2553, 1481, 2675, 1927, 2284, 1723, 2475, 
1549, 2623, 1426, 2712, 1369, 2734, 1383, 2684, 1465, 2570, 
1610, 2406, 1367, 2716, 1418, 2636, 1534, 2494, 1704, 2305, 
1907, 2095, 2125, 1874, 2337, 1675, 2518, 1511, 2017, 1978, 
2236, 1767, 2437, 1585, 2593, 1449, 2696, 1376, 2736, 1374, 
2703, 1443, 2604, 1573, 2727, 1366, 2726, 1402, 2659, 1503, 
2531, 1663, 2355, 1860, 2140, 2076, 1922, 2291, 1717, 2483, 
2245, 1969, 2026, 2188, 1814, 2393, 1623, 2563, 1475, 2681, 
1388, 2734, 1369, 2716, 1422, 2632, 1422, 2716, 1368, 2732, 
1387, 2680, 1473, 2566, 1621, 2397, 1812, 2191, 2028, 1972, 
2243, 1761, 1715, 2297, 1920, 2077, 2138, 1860, 2350, 1663, 
2528, 1504, 2658, 1402, 2727, 1366, 2727, 1403, 2603, 1442, 
2702, 1376, 2736, 1377, 2699, 1450, 2596, 1583, 2439, 1767, 
2236, 1975, 2019, 2198, 2521, 1672, 2340, 1871, 2127, 2088, 
1910, 2303, 1705, 2494, 1536, 2634, 1417, 2718, 1368, 2734, 
1614, 2572, 1470, 2686, 1385, 2735, 1369, 2713, 1425, 2627, 
1548, 2480, 1721, 2288, 1927, 2072, 1480, 2556, 1632, 2383, 
1823, 2178, 2040, 1958, 2256, 1752, 2454, 1569, 2608, 1441, 
2706, 1375, 2360, 1653, 2538, 1497, 2665, 1399, 2731, 1367, 
2724, 1409, 2651, 1516, 2516, 1679, 2334, 1878, 2694, 1455, 
2588, 1592, 2427, 1780, 2225, 1988, 2039, 2091, 2022, 1929, 
2433, 1720, 2343, 1812, 1387, 2694, 1456, 2603, 1555, 2537, 
1652, 2362, 1849, 2152, 2064, 1933, 2281, 1727, 2475, 1552, 
1957, 2040, 2179, 1824, 2383, 1632, 2556, 1481, 2676, 1391, 
2732, 1367, 2719, 1417, 2639, 1531, 2713, 1370, 2735, 1385, 
2684, 1469, 2571, 1612, 2407, 1801, 2201, 2016, 1982, 2233, 
1772, 2434, 2303, 1907, 2089, 2127, 1871, 2339, 1672, 2524, 
1511, 2652, 1408, 2726, 1368, 2727, 1400, 2659, 1449, 2700, 
1376, 2735, 1376, 2702, 1444, 2603, 1576, 2447, 1756, 2250, 
1967, 2032, 2184, 1817, 1663, 2350, 1860, 2141, 2078, 1919, 
2291, 1715, 2483, 1544, 2627, 1424, 2715, 1369, 2734, 1386, 
2565, 1473, 2681, 1387, 2734, 1369, 2715, 1423, 2631, 1542, 
2487, 1712, 2299, 1916, 2083, 2134, 2563, 1621, 2393, 1815, 
2190, 2028, 1969, 2247, 1759, 2444, 1577, 2600, 1444, 2701, 
1376, 2736, 1662, 2531, 1502, 2659, 1400, 2726, 1366, 2725, 
1405, 2656, 1508, 2524, 1668, 2344, 1870, 2132, 1449, 2596, 
1584, 2438, 1767, 2236, 1978, 2019, 2198, 1806, 2401, 1615, 
2571, 1471, 2684, 1386, 2305, 1704, 2492, 1536, 2636, 1418, 
2718, 1368, 2729, 1390, 2679, 1480, 2557, 1629, 2388, 1820, 
2712, 1427, 2623, 1549, 2476, 1721, 2284, 1928, 2068, 2147, 
1852, 2356, 1656, 2535, 1497, 2662, 1956, 2257, 1747, 2456, 
1568, 2608, 1439, 2703, 1373, 2736, 1379, 2696, 1454, 2590, 
1590, 2430, 1368, 2724, 1409, 2649, 1516, 2515, 1680, 2332, 
1878, 2119, 2099, 1900, 2311, 1698, 2499, 1527, 1991, 2007, 
2211, 1793, 2414, 1606, 2577, 1465, 2690, 1383, 2736, 1371, 
2711, 1431, 2622, 1554, 2721, 1368, 2732, 1395, 2672, 1487, 
2551, 1640, 2376, 1833, 2168, 2048, 1949, 2264, 1742, 2460, 
2273, 1943, 2055, 2161, 1840, 2370, 1646, 2545, 1491, 2670, 
1395, 2731, 1367, 2723, 1411, 2647, 1434, 2709, 1373, 2737, 
1382, 2692, 1459, 2583, 1600, 2420, 1788, 2218, 1999, 1999, 
2218, 1788, 1692, 2321, 1893, 2107, 2111, 1888, 2327, 1688, 
2510, 1523, 2647, 1412, 2723, 1368, 2728, 1395, 2587, 1458, 
2694, 1381, 2736, 1374, 2707, 1437, 2611, 1563, 2462, 1742, 
2265, 1951, 2049, 2169, 2543, 1650, 2366, 1847, 2155, 2062, 
1936, 2278, 1730, 2472, 1558, 2620, 1432, 2711, 1372, 2736, 
1640, 2557, 1486, 2676, 1394, 2734, 1368, 2720, 1416, 2639, 
1531, 2498, 1699, 2314, 1901, 2101, 1466, 2576, 1610, 2409, 
1799, 2206, 2012, 1988, 2231, 1776, 2432, 1589, 2591, 1456, 
2695, 1379, 2335, 1676, 2520, 1513, 2653, 1408, 2724, 1367, 
2731, 1400, 2662, 1500, 2536, 1659, 2359, 1853, 2704, 1443, 
2606, 1575, 2449, 1755, 2254, 1964, 2037, 2183, 1820, 2391, 
1628, 2560, 1479, 2679, 1924, 2291, 1719, 2483, 1545, 2628, 
1426, 2715, 1371, 2736, 1387, 2686, 1469, 2571, 1615, 2403, 
1368, 2718, 1420, 2634, 1539, 2490, 1708, 2303, 1913, 2087, 
2132, 1867, 2343, 1669, 2524, 1510, 2024, 1972, 2243, 1761, 
2440, 1582, 2598, 1447, 2700, 1377, 2736, 1375, 2699, 1447, 
2600, 1579, 2726, 1368, 2727, 1404, 2657, 1505, 2527, 1667, 
2346, 1866, 2138, 2082, 1916, 2297, 1712, 2489, 2240, 1975, 
2023, 2195, 1809, 2399, 1619, 2568, 1472, 2684, 1387, 2731, 
1368, 2716, 1424, 2630, 1422, 2719, 1368, 2734, 1388, 2679, 
1476, 2563, 1625, 2392, 1817, 2182, 2032, 1966, 2252, 1756, 
1720, 2288, 1926, 2074, 2144, 1857, 2355, 1659, 2532, 1500, 
2663, 1397, 2727, 1368, 2726, 1406, 2607, 1442, 2704, 1375, 
2737, 1379, 2699, 1452, 2593, 1588, 2433, 1769, 2236, 1983, 
2018, 2202, 2517, 1678, 2335, 1876, 2123, 2096, 1900, 2311, 
1697, 2497, 1533, 2638, 1418, 2719, 1369, 2732, 1608, 2577, 
1467, 2688, 1384, 2736, 1372, 2712, 1430, 2624, 1551, 2475, 
1728, 2283, 2624, 1548, 2716, 1367, 2732, 1388, 2676, 1478, 
2556, 1628, 2384, 1822, 2179, 2036, 1958, 2254, 1750, 2449, 
2282, 1929, 2067, 2147, 1854, 2359, 1654, 2537, 1499, 2663, 
1398, 2728, 1367, 2723, 1406, 2649, 1438, 2704, 1372, 2735, 
1382, 2692, 1454, 2591, 1591, 2428, 1776, 2227, 1986, 2009, 
2206, 1795, 1681, 2328, 1883, 2117, 2102, 1896, 2313, 1696, 
2501, 1529, 2640, 1415, 2718, 1367, 2732, 1391, 2579, 1463, 
2687, 1383, 2736, 1370, 2711, 1432, 2619, 1556, 2468, 1731, 
2276, 1937, 2059, 2156, 2550, 1640, 2375, 1835, 2166, 2049, 
1947, 2267, 1740, 2462, 1561, 2613, 1436, 2708, 1372, 2735, 
1644, 2545, 1490, 2668, 1394, 2729, 1365, 2723, 1412, 2644, 
1523, 2508, 1687, 2323, 1888, 2111, 1460, 2581, 1601, 2417, 
1789, 2215, 1999, 1997, 2221, 1784, 2421, 1598, 2584, 1459, 
2692, 1380, 2327, 1684, 2511, 1520, 2648, 1408, 2721, 1367, 
2731, 1395, 2670, 1491, 2544, 1647, 2369, 1840, 2708, 1437, 
2612, 1565, 2460, 1745, 2263, 1951, 2047, 2172, 1831, 2379, 
1638, 2552, 1486, 2673, 1935, 2279, 1728, 2472, 1553, 2623, 
1427, 2713, 1372, 2735, 1383, 2687, 1464, 2577, 1607, 2413, 
1368, 2719, 1417, 2640, 1531, 2499, 1699, 2311, 1905, 2098, 
2122, 1880, 2335, 1680, 2517, 1515, 2013, 1983, 2231, 1772, 
2432, 1588, 2591, 1452, 2696, 1377, 2736, 1374, 2706, 1441, 
2608, 1571, 2726, 1368, 2728, 1400, 2663, 1500, 2537, 1656, 
2356, 1855, 2146, 2072, 1928, 2287, 1724, 2479, 2252, 1965, 
2033, 2183, 1819, 2388, 1628, 2560, 1477, 2678, 1388, 2732, 
1368, 2716, 1421, 2635, 1424, 2713, 1369, 2735, 1385, 2683, 
1472, 2571, 1617, 2401, 1807, 2197, 2022, 1976, 2240, 1766, 
1711, 2300, 1916, 2085, 2134, 1865, 2346, 1670, 2526, 1508, 
2656, 1404, 2727, 1368, 2728, 1402, 2601, 1447, 2702, 1376, 
2736, 1376, 2696, 1447, 2600, 1580, 2442, 1760, 2244, 1971, 
2026, 2191, 2520, 1667, 2346, 1866, 2133, 2084, 1913, 2299, 
1711, 2487, 1540, 2631, 1421, 2716, 1368, 2735, 1617, 2570, 
1472, 2687, 1384, 2735, 1371, 2712, 1427, 2630, 1545, 2484, 
1716, 2292, 1922, 2077, 1479, 2561, 1627, 2390, 1820, 2183, 
2034, 1963, 2251, 1756, 2447, 1574, 2604, 1442, 2703, 1375, 
2360, 1657, 2535, 1502, 2663, 1399, 2729, 1367, 2724, 1405, 
2655, 1511, 2521, 1674, 2338, 1874, 2696, 1454, 2592, 1588, 
2432, 1773, 2232, 1987, 2015, 2203, 1802, 2407, 1615, 2574, 
1467, 2686, 1902, 2311, 1699, 2499, 1531, 2639, 1417, 2719, 
1369, 2732, 1393, 2674, 1483, 2555, 1633, 2383, 1372, 2712, 
1431, 2620, 1555, 2472, 1728, 2277, 1936, 2064, 2153, 1848, 
2362, 1652, 2540, 1497, 2050, 1951, 2264, 1742, 2460, 1566, 
2614, 1438, 2705, 1374, 2735, 1379, 2694, 1456, 2588, 1595, 
2731, 1367, 2723, 1412, 2647, 1518, 2511, 1686, 2327, 1885, 
2115, 2104, 1895, 2318, 1694, 2504, 2220, 1999, 2002, 2216, 
1788, 2420, 1602, 2580, 1463, 2689, 1382, 2736, 1371, 2711, 
1433, 2617, 1411, 2723, 1366, 2732, 1395, 2670, 1490, 2547, 
1647, 2375, 1840, 2164, 2055, 1945, 2272, 1737, 1740, 2268, 
1948, 2051, 2169, 1836, 2377, 1641, 2547, 1489, 2672, 1394, 
2732, 1368, 2721, 1412, 2620, 1432, 2710, 1372, 2736, 1383, 
2689, 1463, 2579, 1603, 2415, 1793, 2212, 2005, 1994, 2224, 
2502, 1696, 2316, 1899, 2099, 2116, 1882, 2331, 1681, 2515, 
1517, 2653, 1411, 2724, 1369, 2731, 1591, 2590, 1455, 2695, 
1379, 2737, 1374, 2706, 1440, 2611, 1567, 2460, 1748, 2260, 
1956, 2044, 1497, 2537, 1654, 2360, 1849, 2150, 2067, 1931, 
2284, 1724, 2477, 1552, 2623, 1428, 2713, 1370, 2387, 1630, 
2558, 1480, 2678, 1390, 2734, 1368, 2719, 1419, 2636, 1533, 
2518, 1564, 2588, 1435, 2454, 1615, 2508, 1543, 2617, 1464, 
2571, 1473, 2687, 1385, 2736, 1368, 2715, 1426, 2627, 1544, 
2718, 1368, 2734, 1390, 2679, 1479, 2559, 1628, 2390, 1820, 
2182, 2032, 1964, 2252, 1753, 2451, 2286, 1929, 2071, 2147, 
1854, 2359, 1657, 2535, 1500, 2664, 1402, 2726, 1368, 2726, 
1407, 2652, 1441, 2707, 1375, 2738, 1379, 2697, 1453, 2591, 
1590, 2430, 1774, 2234, 1984, 2012, 2204, 1800, 1678, 2334, 
1880, 2121, 2098, 1902, 2312, 1699, 2499, 1533, 2639, 1417, 
2719, 1368, 2734, 1392, 2577, 1464, 2688, 1384, 2736, 1371, 
2712, 1431, 2620, 1557, 2472, 1729, 2279, 1935, 2063, 2154, 
2552, 1640, 2379, 1832, 2171, 2048, 1950, 2264, 1743, 2459, 
1563, 2611, 1438, 2707, 1374, 2736, 1646, 2544, 1491, 2668, 
1394, 2728, 1367, 2723, 1411, 2647, 1519, 2515, 1684, 2331, 
1887, 2113, 1459, 2584, 1598, 2420, 1785, 2217, 1999, 2001, 
2218, 1788, 2420, 1601, 2584, 1462, 2691, 1382, 2325, 1687, 
2508, 1521, 2645, 1413, 2723, 1368, 2731, 1393, 2670, 1492, 
2545, 1644, 2371, 1840, 2710, 1436, 2614, 1563, 2462, 1740, 
2268, 1947, 2051, 2167, 1834, 2376, 1640, 2550, 1488, 2673, 
1937, 2277, 1732, 2470, 1556, 2617, 1432, 2712, 1371, 2737, 
1388, 2691, 1463, 2582, 1606, 2416, 1369, 2721, 1416, 2640, 
1529, 2502, 1697, 2316, 1899, 2099, 2119, 1880, 2334, 1682, 
2515, 1520, 2010, 1987, 2230, 1776, 2431, 1592, 2590, 1452, 
2695, 1379, 2736, 1375, 2705, 1436, 2611, 1568, 2724, 1367, 
2729, 1399, 2661, 1500, 2537, 1656, 2362, 1851, 2151, 2067, 
1934, 2284, 1727, 2478, 2256, 1961, 2038, 2180, 1822, 2388, 
1631, 2559, 1481, 2678, 1390, 2732, 1367, 2718, 1419, 2636, 
1425, 2716, 1369, 2736, 1385, 2685, 1470, 2572, 1613, 2404, 
1804, 2203, 2019, 1980, 2236, 1769, 1708, 2302, 1911, 2087, 
2131, 1870, 2343, 1671, 2524, 1510, 2656, 1402, 2725, 1368, 
2727, 1402, 2598, 1449, 2700, 1376, 2736, 1376, 2702, 1445, 
2601, 1577, 2446, 1758, 2250, 1967, 2027, 2186, 2527, 1665, 
2347, 1864, 2137, 2080, 1916, 2296, 1713, 2487, 1542, 2631, 
1422, 2717, 1372, 2735, 1620, 2567, 1474, 2684, 1387, 2735, 
1371, 2716, 1424, 2631, 1544, 2486, 1715, 2295, 1920, 2079, 
1478, 2563, 1625, 2392, 1814, 2188, 2030, 1967, 2250, 1757, 
2446, 1576, 2604, 1446, 2703, 1376, 2353, 1660, 2532, 1502, 
2660, 1401, 2728, 1368, 2726, 1406, 2654, 1510, 2521, 1670, 
2340, 1870, 2699, 1452, 2593, 1589, 2436, 1772, 2237, 1982, 
2015, 2201, 1804, 2406, 1612, 2574, 1470, 2685, 1907, 2310, 
1703, 2496, 1535, 2638, 1419, 2719, 1369, 2732, 1390, 2675, 
1482, 2556, 1632, 2387, 1372, 2711, 1430, 2623, 1553, 2475, 
1726, 2284, 1932, 2066, 2150, 1851, 2360, 1655, 2537, 1496, 
2044, 1954, 2263, 1746, 2458, 1567, 2611, 1439, 2705, 1373, 
2737, 1381, 2695, 1455, 2588, 1592, 2731, 1366, 2723, 1409, 
2648, 1519, 2513, 1683, 2331, 1883, 2118, 2101, 1898, 2316, 
1695, 2502, 2222, 1995, 2003, 2214, 1791, 2417, 1605, 2580, 
1464, 2691, 1383, 2736, 1372, 2707, 1432, 2619, 1412, 2722, 
1368, 2732, 1395, 2672, 1489, 2550, 1642, 2376, 1836, 2168, 
2052, 1951, 2267, 1741, 1737, 2270, 1945, 2052, 2165, 1838, 
2374, 1644, 2547, 1489, 2670, 1394, 2732, 1366, 2723, 1412, 
2619, 1432, 2711, 1372, 2736, 1383, 2691, 1462, 2582, 1603, 
2419, 1791, 2216, 2001, 1996, 2220, 2503, 1695, 2317, 1895, 
2104, 2115, 1886, 2328, 1684, 2511, 1519, 2649, 1411, 2724, 
1368, 2734, 1595, 2588, 1456, 2695, 1379, 2737, 1374, 2708, 
1438, 2613, 1566, 2460, 1743, 2265, 1949, 2046, 1497, 2540, 
1653, 2363, 1848, 2153, 2064, 1934, 2280, 1728, 2473, 1553, 
2622, 1431, 2712, 1374, 2383, 1633, 2636, 1531, 2495, 1699, 
2309, 1900, 2097, 2119, 1878, 2332, 1678, 2513, 1513, 2648, 
1982, 2231, 1771, 2431, 1587, 2590, 1452, 2696, 1376, 2735, 
1372, 2702, 1440, 2604, 1570, 2450, 1365, 2727, 1399, 2660, 
1500, 2534, 1657, 2355, 1855, 2147, 2071, 1927, 2287, 1721, 
2479, 1548, 1964, 2032, 2183, 1819, 2389, 1626, 2558, 1479, 
2678, 1388, 2731, 1369, 2715, 1419, 2636, 1536, 2715, 1367, 
2734, 1386, 2681, 1470, 2567, 1614, 2399, 1807, 2194, 2020, 
1975, 2240, 1764, 2439, 2296, 1915, 2083, 2134, 1865, 2347, 
1667, 2524, 1510, 2656, 1403, 2727, 1367, 2727, 1403, 2659, 
1447, 2700, 1375, 2736, 1376, 2700, 1447, 2599, 1579, 2444, 
1762, 2245, 1972, 2025, 2191, 1811, 1668, 2347, 1867, 2132, 
2084, 1913, 2300, 1710, 2489, 1538, 2631, 1420, 2716, 1368, 
2735, 1389, 2569, 1471, 2684, 1385, 2734, 1368, 2716, 1424, 
2627, 1546, 2483, 1719, 2292, 1922, 2076, 2142, 2559, 1628, 
2388, 1820, 2183, 2033, 1961, 2252, 1758, 2449, 1573, 2606, 
1443, 2703, 1376, 2736, 1657, 2535, 1500, 2663, 1399, 2728, 
1367, 2725, 1403, 2651, 1512, 2520, 1675, 2337, 1875, 2127, 
1453, 2591, 1590, 2431, 1773, 2232, 1984, 2013, 2204, 1801, 
2407, 1607, 2572, 1466, 2686, 1385, 2312, 1699, 2500, 1530, 
2638, 1417, 2719, 1368, 2732, 1390, 2675, 1484, 2555, 1634, 
2382, 1827, 2710, 1432, 2620, 1554, 2472, 1728, 2279, 1935, 
2062, 2155, 1848, 2366, 1652, 2542, 1496, 2666, 1951, 2265, 
1743, 2460, 1564, 2612, 1437, 2707, 1372, 2735, 1379, 2695, 
1456, 2584, 1595, 2425, 1367, 2720, 1412, 2647, 1521, 2510, 
1687, 2326, 1888, 2108, 2104, 1894, 2317, 1692, 2504, 1527, 
1997, 2000, 2217, 1788, 2419, 1602, 2582, 1461, 2691, 1382, 
2734, 1372, 2711, 1433, 2616, 1560, 2723, 1368, 2731, 1395, 
2671, 1491, 2547, 1646, 2371, 1840, 2163, 2057, 1944, 2272, 
1736, 2465, 2267, 1947, 2050, 2168, 1834, 2377, 1640, 2550, 
1487, 2672, 1393, 2729, 1367, 2722, 1412, 2643, 1431, 2711, 
1371, 2736, 1385, 2690, 1464, 2579, 1603, 2416, 1791, 2214, 
2006, 1992, 2224, 1782, 1697, 2313, 1900, 2099, 2117, 1883, 
2332, 1682, 2515, 1518, 2652, 1408, 2723, 1366, 2731, 1396, 
2590, 1455, 2695, 1379, 2736, 1374, 2705, 1440, 2609, 1568, 
2456, 1747, 2262, 1955, 2043, 2175, 2536, 1656, 2360, 1852, 
2150, 2068, 1931, 2286, 1725, 2476, 1550, 2625, 1426, 2712, 
1371, 2736, 1630, 2558, 1479, 2677, 1390, 2734, 1368, 2719, 
1418, 2638, 1534, 2494, 1702, 2307, 1907, 2093, 1469, 2571, 
1616, 2403, 1806, 2199, 2018, 1980, 2236, 1769, 2436, 1590, 
2598, 1451, 2699, 1379, 2343, 1671, 2524, 1509, 2655, 1406, 
2727, 1367, 2729, 1403, 2662, 1504, 2531, 1662, 2353, 1859, 
2702, 1444, 2601, 1576, 2445, 1760, 2247, 1968, 2030, 2188, 
1816, 2392, 1626, 2567, 1476, 2681, 1918, 2297, 1712, 2487, 
1541, 2631, 1423, 2716, 1369, 2735, 1388, 2682, 1475, 2565, 
1620, 2398, 1369, 2717, 1423, 2629, 1543, 2486, 1714, 2294, 
1920, 2079, 2138, 1863, 2350, 1667, 2528, 1504, 2030, 1966, 
2249, 1756, 2448, 1576, 2603, 1444, 2702, 1375, 2737, 1377, 
2702, 1447, 2596, 1583, 2728, 1368, 2727, 1405, 2654, 1510, 
2523, 1671, 2342, 1871, 2129, 2088, 1907, 2306, 1706, 2492, 
2233, 1982, 2015, 2200, 1803, 2405, 1612, 2574, 1469, 2686, 
1384, 2736, 1371, 2716, 1426, 2627, 1418, 2719, 1368, 2733, 
1391, 2677, 1480, 2557, 1631, 2387, 1824, 2178, 2039, 1958, 
2256, 1745, 1726, 2284, 1934, 2066, 2151, 1849, 2362, 1653, 
2540, 1497, 2664, 1399, 2731, 1369, 2727, 1408, 2612, 1439, 
2707, 1375, 2737, 1379, 2695, 1455, 2589, 1593, 2428, 1778, 
2228, 1986, 2008, 2208, 2575, 1547, 2601, 1425, 2732, 1379, 
2734, 1367, 2724, 1390, 2707, 1436, 2615, 1561, 2464, 1740, 
2729, 1397, 2668, 1494, 2544, 1649, 2367, 1844, 2159, 2061, 
1940, 2276, 1733, 2471, 1556, 2620, 2046, 2171, 1829, 2379, 
1637, 2552, 1484, 2673, 1393, 2732, 1369, 2720, 1415, 2640, 
1527, 2502, 1370, 2736, 1384, 2687, 1465, 2576, 1609, 2412, 
1796, 2208, 2009, 1988, 2229, 1780, 2431, 1594, 1903, 2095, 
2121, 1878, 2335, 1679, 2518, 1515, 2649, 1409, 2723, 1367, 
2730, 1400, 2663, 1497, 2699, 1377, 2737, 1376, 2705, 1442, 
2608, 1572, 2454, 1752, 2257, 1962, 2039, 2178, 1826, 2387, 
2356, 1856, 2145, 2071, 1927, 2288, 1721, 2479, 1548, 2627, 
1426, 2713, 1370, 2736, 1386, 2684, 1479, 2680, 1388, 2734, 
1369, 2719, 1420, 2636, 1538, 2492, 1708, 2303, 1910, 2088, 
2130, 1872, 1617, 2400, 1809, 2195, 2022, 1976, 2240, 1766, 
2440, 1582, 2599, 1449, 2700, 1377, 2740, 1377, 2526, 1506, 
2657, 1403, 2727, 1366, 2727, 1403, 2659, 1505, 2529, 1665, 
2350, 1863, 2136, 2078, 2599, 1580, 2442, 1762, 2243, 1973, 
2024, 2191, 1811, 2397, 1621, 2566, 1474, 2683, 1385, 2736, 
1711, 2491, 1541, 2632, 1423, 2717, 1369, 2735, 1390, 2680, 
1476, 2563, 1625, 2393, 1816, 2187, 1426, 2627, 1546, 2480, 
1719, 2291, 1923, 2075, 2142, 1857, 2353, 1661, 2531, 1502, 
2660, 1400, 2254, 1752, 2449, 1574, 2606, 1442, 2703, 1375, 
2737, 1379, 2697, 1451, 2595, 1586, 2435, 1771, 2723, 1407, 
2653, 1513, 2520, 1676, 2337, 1875, 2124, 2091, 1906, 2307, 
1703, 2496, 1535, 2635, 2013, 2206, 1799, 2410, 1611, 2575, 
1467, 2687, 1385, 2736, 1371, 2713, 1429, 2623, 1551, 2476, 
1368, 2734, 1392, 2675, 1484, 2555, 1635, 2382, 1828, 2175, 
2042, 1953, 2260, 1747, 2456, 1568, 1935, 2064, 2156, 1847, 
2369, 1651, 2542, 1496, 2668, 1397, 2731, 1367, 2724, 1410, 
2649, 1518, 2710, 1374, 2738, 1382, 2694, 1458, 2587, 1595, 
2424, 1782, 2224, 1993, 2004, 2213, 1792, 2416, 2326, 1887, 
2112, 2107, 1894, 2320, 1692, 2505, 1526, 2644, 1414, 2721, 
1367, 2734, 1393, 2672, 1462, 2694, 1383, 2737, 1372, 2710, 
1434, 2616, 1560, 2464, 1737, 2272, 1944, 2055, 2163, 1839, 
1648, 2371, 1840, 2161, 2056, 1943, 2274, 1735, 2467, 1559, 
2617, 1433, 2711, 1372, 2736, 1381, 2545, 1487, 2672, 1394, 
2732, 1368, 2723, 1415, 2643, 1526, 2504, 1694, 2320, 1895, 
2104, 2114, 2577, 1609, 2412, 1794, 2211, 2007, 1993, 2225, 
1780, 2426, 1596, 2588, 1457, 2695, 1382, 2736, 1682, 2514, 
1517, 2652, 1409, 2724, 1367, 2730, 1398, 2667, 1495, 2539, 
1651, 2364, 1848, 2156, 1440, 2609, 1571, 2456, 1747, 2259, 
1956, 2043, 2175, 1827, 2383, 1634, 2556, 1483, 2676, 1392, 
2284, 1721, 2475, 1549, 2625, 1428, 2714, 1371, 2736, 1385, 
2687, 1468, 2575, 1611, 2407, 1800, 2719, 1415, 2636, 1535, 
2496, 1704, 2307, 1909, 2092, 2126, 1875, 2339, 1676, 2521, 
1512, 2654, 1979, 2242, 1767, 2436, 1584, 2596, 1450, 2699, 
1377, 2736, 1376, 2704, 1443, 2604, 1575, 2450, 1367, 2728, 
1399, 2662, 1505, 2531, 1662, 2352, 1859, 2143, 2076, 1923, 
2292, 1717, 2483, 1544, 1969, 2028, 2188, 1813, 2392, 1623, 
2565, 1476, 2683, 1387, 2735, 1370, 2718, 1422, 2633, 1539, 
2716, 1369, 2732, 1386, 2683, 1475, 2565, 1622, 2397, 1812, 
2193, 2025, 1972, 2244, 1761, 2443, 2295, 1920, 2080, 2139, 
1862, 2352, 1666, 2528, 1504, 2659, 1402, 2727, 1367, 2727, 
1403, 2656, 1445, 2704, 1379, 2735, 1377, 2700, 1450, 2596, 
1584, 2439, 1767, 2240, 1976, 2022, 2195, 1807, 1672, 2341, 
1871, 2129, 2089, 1908, 2305, 1706, 2493, 1536, 2635, 1419, 
2719, 1368, 2734, 1389, 2573, 1469, 2687, 1385, 2734, 1368, 
1472, 2680, 1387, 2732, 1368, 2713, 1423, 2626, 1539, 2483, 
1368, 2732, 1388, 2678, 1476, 2560, 1624, 2391, 1817, 2184, 
2031, 1965, 2248, 1754, 2446, 1575, 1927, 2072, 2144, 1855, 
2354, 1659, 2531, 1500, 2659, 1400, 2726, 1366, 2725, 1407, 
2653, 1510, 2703, 1373, 2736, 1378, 2696, 1451, 2592, 1587, 
2432, 1771, 2233, 1982, 2017, 2201, 1801, 2405, 2335, 1876, 
2122, 2093, 1904, 2308, 1700, 2496, 1532, 2637, 1417, 2719, 
1368, 2731, 1391, 2673, 1466, 2684, 1383, 2734, 1370, 2712, 
1429, 2621, 1552, 2476, 1726, 2282, 1932, 2067, 2151, 1847, 
1635, 2379, 1830, 2172, 2044, 1953, 2263, 1745, 2459, 1567, 
2609, 1438, 2706, 1372, 2736, 1381, 2542, 1492, 2668, 1396, 
2729, 1367, 2723, 1411, 2648, 1519, 2512, 1683, 2328, 1887, 
2119, 2102, 2584, 1598, 2423, 1783, 2222, 1994, 2003, 2215, 
1791, 2417, 1604, 2579, 1463, 2689, 1380, 2735, 1688, 2508, 
1524, 2643, 1412, 2721, 1367, 2731, 1394, 2670, 1489, 2548, 
1641, 2373, 1837, 2167, 1435, 2614, 1561, 2464, 1739, 2270, 
1947, 2052, 2165, 1837, 2375, 1642, 2547, 1489, 2672, 1394, 
2274, 1732, 2468, 1557, 2617, 1432, 2709, 1372, 2736, 1382, 
2690, 1462, 2582, 1603, 2417, 1791, 2719, 1414, 2639, 1526, 
2504, 1694, 2317, 1895, 2103, 2115, 1883, 2328, 1684, 2512, 
1521, 2648, 1988, 2227, 1778, 2428, 1593, 2588, 1455, 2695, 
1379, 2737, 1374, 2707, 1438, 2612, 1568, 2457, 1368, 2731, 
1399, 2665, 1497, 2537, 1651, 2364, 1849, 2152, 2066, 1935, 
2282, 1728, 2472, 1555, 1959, 2039, 2179, 1823, 2385, 1631, 
2556, 1482, 2676, 1389, 2733, 1368, 2719, 1417, 2639, 1532, 
2715, 1370, 2736, 1384, 2687, 1468, 2572, 1612, 2406, 1803, 
2203, 2015, 1983, 2233, 1772, 2434, 2305, 1911, 2090, 2130, 
1872, 2342, 1674, 2523, 1511, 2655, 1407, 2727, 1369, 2730, 
1402, 2663, 1450, 2700, 1379, 2737, 1375, 2703, 1444, 2604, 
1575, 2447, 1755, 2251, 1966, 2032, 2188, 1817, 1663, 2351, 
1862, 2140, 2079, 1920, 2296, 1715, 2484, 1543, 2628, 1423, 
2716, 1368, 2736, 1388, 2567, 1475, 2683, 1388, 2735, 1370, 
2717, 1424, 2631, 1540, 2487, 1712, 2296, 1917, 2082, 2134, 
2564, 1623, 2396, 1813, 2190, 2028, 1969, 2246, 1759, 2444, 
1578, 2600, 1444, 2700, 1375, 2736, 1663, 2531, 1503, 2659, 
1403, 2727, 1367, 2727, 1404, 2656, 1509, 2524, 1670, 2344, 
1868, 2132, 1448, 2596, 1583, 2439, 1767, 2240, 1979, 2022, 
2198, 1807, 2403, 1617, 2571, 1471, 2684, 1385, 2305, 1705, 
2495, 1534, 2636, 1419, 2719, 1368, 2734, 1391, 2678, 1478, 
2558, 1628, 2387, 1820, 2714, 1427, 2624, 1550, 2478, 1724, 
2286, 1930, 2071, 2148, 1853, 2360, 1656, 2536, 1500, 2663, 
1956, 2259, 1748, 2456, 1569, 2609, 1439, 2706, 1373, 2736, 
1380, 2696, 1454, 2592, 1590, 2430, 1368, 2723, 1408, 2649, 
1517, 2515, 1680, 2335, 1880, 2120, 2097, 1901, 2313, 1698, 
2499, 1530, 1990, 2007, 2210, 1792, 2414, 1605, 2579, 1464, 
2689, 1383, 2736, 1371, 2710, 1432, 2619, 1554, 2721, 1367, 
2732, 1395, 2673, 1487, 2552, 1639, 2377, 1833, 2169, 2048, 
1949, 2266, 1743, 2462, 2272, 1942, 2058, 2162, 1840, 2368, 
1645, 2545, 1491, 2669, 1395, 2731, 1368, 2723, 1411, 2646, 
1433, 2708, 1372, 2737, 1381, 2691, 1461, 2582, 1600, 2420, 
1788, 2219, 1999, 1999, 2218, 1788, 1690, 2320, 1892, 2108, 
2112, 1888, 2326, 1687, 2511, 1521, 2647, 1412, 2723, 1368, 
2732, 1395, 2587, 1457, 2692, 1380, 2737, 1373, 2707, 1438, 
2612, 1564, 2462, 1740, 2267, 1950, 2049, 2168, 2543, 1649, 
2366, 1844, 2155, 2061, 1936, 2279, 1731, 2471, 1555, 2620, 
1430, 2712, 1371, 2736, 1635, 2556, 1484, 2676, 1401, 2691, 
1439, 2616, 1663, 2439, 1630, 2519, 1553, 2605, 1472, 2558, 
2145, 2073, 1925, 2289, 1720, 2481, 1547, 2626, 1426, 2715, 
1370, 2736, 1386, 2686, 1470, 2571, 1389, 2735, 1369, 2718, 
1420, 2634, 1537, 2491, 1707, 2303, 1912, 2086, 2131, 1868, 
2342, 1671, 1810, 2195, 2023, 1974, 2241, 1765, 2441, 1582, 
2599, 1448, 2700, 1377, 2737, 1376, 2702, 1446, 2658, 1403, 
2727, 1368, 2728, 1404, 2657, 1507, 2529, 1665, 2348, 1864, 
2138, 2081, 1919, 2296, 2441, 1764, 2243, 1974, 2023, 2192, 
1810, 2399, 1620, 2567, 1473, 2683, 1388, 2736, 1370, 2716, 
1537, 2633, 1421, 2719, 1369, 2736, 1388, 2680, 1477, 2561, 
1625, 2393, 1816, 2187, 2032, 1968, 1547, 2481, 1720, 2291, 
1925, 2075, 2144, 1859, 2355, 1661, 2535, 1502, 2663, 1402, 
2728, 1368, 2451, 1572, 2606, 1442, 2704, 1375, 2736, 1378, 
2697, 1450, 2595, 1586, 2435, 1771, 2236, 1981, 2652, 1513, 
2519, 1677, 2336, 1877, 2124, 2094, 1906, 2308, 1703, 2496, 
1534, 2638, 1419, 2719, 1797, 2409, 1610, 2575, 1467, 2687, 
1384, 2735, 1371, 2713, 1429, 2623, 1551, 2476, 1726, 2284, 
1393, 2674, 1486, 2552, 1636, 2380, 1829, 2175, 2043, 1955, 
2262, 1746, 2457, 1568, 2611, 1439, 2156, 1845, 2365, 1649, 
2542, 1494, 2668, 1396, 2731, 1368, 2724, 1410, 2649, 1520, 
2514, 1683, 2736, 1379, 2694, 1459, 2585, 1596, 2424, 1782, 
2223, 1994, 2003, 2214, 1792, 2416, 1605, 2580, 2110, 2107, 
1894, 2320, 1692, 2505, 1525, 2643, 1408, 2721, 1368, 2732, 
1393, 2672, 1488, 2549, 1381, 2736, 1372, 2710, 1434, 2615, 
1560, 2465, 1737, 2272, 1944, 2055, 2164, 1838, 2374, 1644, 
1841, 2160, 2056, 1941, 2274, 1735, 2467, 1558, 2619, 1432, 
2711, 1373, 2735, 1383, 2690, 1462, 2673, 1393, 2732, 1368, 
2723, 1415, 2643, 1527, 2504, 1694, 2316, 1896, 2104, 2115, 
1887, 2328, 2413, 1794, 2211, 2007, 1991, 2225, 1780, 2428, 
1595, 2588, 1456, 2695, 1379, 2737, 1374, 2707, 1517, 2651, 
1409, 2723, 1368, 2729, 1398, 2666, 1496, 2538, 1651, 2364, 
1847, 2154, 2064, 1934, 1568, 2454, 1749, 2259, 1958, 2041, 
2176, 1825, 2384, 1633, 2556, 1483, 2675, 1391, 2732, 1368, 
2479, 1549, 2625, 1428, 2713, 1371, 2736, 1383, 2686, 1468, 
2572, 1611, 2407, 1799, 2203, 2014, 2636, 1535, 2495, 1705, 
2305, 1908, 2091, 2127, 1874, 2339, 1674, 2521, 1512, 2654, 
1407, 2727, 1767, 2438, 1585, 2598, 1451, 2700, 1377, 2737, 
1376, 2702, 1443, 2604, 1575, 2448, 1755, 2252, 1401, 2660, 
1505, 2531, 1664, 2351, 1861, 2141, 2078, 1922, 2292, 1716, 
2483, 1544, 2628, 1425, 2190, 1815, 2396, 1623, 2564, 1475, 
2681, 1388, 2732, 1369, 2716, 1423, 2632, 1540, 2488, 1710, 
2734, 1388, 2680, 1475, 2566, 1623, 2396, 1813, 2189, 2028, 
1971, 2246, 1761, 2444, 1579, 2600, 2079, 2140, 1861, 2352, 
1663, 2530, 1504, 2659, 1401, 2728, 1367, 2726, 1404, 2656, 
1508, 2524, 1377, 2736, 1377, 2701, 1449, 2599, 1584, 2439, 
1767, 2239, 1978, 2020, 2196, 1807, 2403, 1617, 1873, 2129, 
2092, 1909, 2306, 1707, 2495, 1536, 2636, 1420, 2719, 1369, 
2735, 1390, 2678, 1479, 2686, 1385, 2736, 1371, 2713, 1427, 
2625, 1550, 2478, 1723, 2286, 1928, 2071, 2147, 1853, 2358, 
2384, 1826, 2177, 2040, 1958, 2259, 1750, 2456, 1571, 2609, 
1440, 2707, 1374, 2739, 1379, 2697, 1496, 2667, 1398, 2730, 
1368, 2726, 1409, 2652, 1518, 2518, 1681, 2334, 1880, 2121, 
2098, 1903, 1593, 2427, 1779, 2227, 1990, 2008, 2208, 1795, 
2413, 1607, 2577, 1464, 2688, 1383, 2735, 1371, 2503, 1526, 
2641, 1414, 2720, 1367, 2732, 1393, 2672, 1485, 2552, 1638, 
2377, 1832, 2171, 2047, 2619, 1559, 2467, 1735, 2275, 1942, 
2057, 2160, 1842, 2368, 1648, 2033, 2181, 1818, 2387, 1628, 
1855, 2140, 2072, 1920, 2288, 1715, 2479, 1544, 2623, 1424, 
2712, 1368, 2732, 1383, 2680, 1468, 2679, 1387, 2731, 1367, 
2716, 1420, 2627, 1539, 2488, 1708, 2299, 1912, 2083, 2130, 
1867, 2343, 2395, 1810, 2191, 2024, 1971, 2242, 1760, 2440, 
1579, 2598, 1446, 2698, 1376, 2734, 1376, 2699, 1503, 2656, 
1402, 2726, 1366, 2724, 1404, 2656, 1506, 2527, 1666, 2346, 
1864, 2134, 2081, 1916, 1581, 2438, 1764, 2239, 1975, 2021, 
2194, 1808, 2399, 1618, 2567, 1472, 2683, 1386, 2734, 1368, 
2492, 1536, 2634, 1420, 2717, 1367, 2732, 1389, 2677, 1477, 
2560, 1627, 2391, 1817, 2183, 2031, 2625, 1547, 2479, 1720, 
2288, 1926, 2071, 2144, 1855, 2355, 1659, 2534, 1500, 2661, 
1399, 2728, 1751, 2451, 1571, 2606, 1440, 2703, 1373, 2736, 
1379, 2696, 1452, 2592, 1586, 2433, 1771, 2232, 1408, 2651, 
1515, 2515, 1678, 2335, 1878, 2123, 2094, 1904, 2310, 1701, 
2497, 1533, 2637, 1417, 2208, 1795, 2412, 1608, 2576, 1465, 
2688, 1384, 2735, 1370, 2710, 1430, 2621, 1552, 2473, 1726, 
2732, 1392, 2673, 1486, 2555, 1635, 2380, 1830, 2172, 2046, 
1952, 2263, 1744, 2460, 1566, 2611, 2060, 2159, 1843, 2368, 
1648, 2544, 1492, 2668, 1396, 2729, 1367, 2723, 1410, 2647, 
1518, 2510, 1372, 2736, 1382, 2691, 1459, 2584, 1598, 2422, 
1784, 2222, 1995, 2002, 2214, 1789, 2417, 1603, 1891, 2109, 
2110, 1891, 2323, 1689, 2508, 1524, 2645, 1413, 2721, 1368, 
2732, 1394, 2670, 1489, 2693, 1380, 2736, 1372, 2707, 1436, 
2615, 1561, 2464, 1739, 2269, 1946, 2048, 2164, 1837, 2374, 
2366, 1841, 2159, 2059, 1938, 2275, 1734, 2468, 1556, 2619, 
1432, 2710, 1371, 2736, 1382, 2691, 1486, 2673, 1392, 2732, 
1368, 2721, 1415, 2641, 1528, 2502, 1695, 2316, 1899, 2103, 
2115, 1886, 1609, 2411, 1795, 2208, 2008, 1988, 2227, 1777, 
2428, 1593, 2589, 1455, 2695, 1380, 2736, 1374, 2518, 1515, 
2652, 1407, 2724, 1367, 2729, 1399, 2665, 1497, 2540, 1653, 
2363, 1849, 2153, 2067, 2607, 1570, 2454, 1751, 2256, 1960, 
2038, 2179, 1824, 2387, 1632, 2558, 1480, 2678, 1390, 2733, 
1721, 2480, 1548, 2626, 1427, 2715, 1369, 2736, 1385, 2686, 
1470, 2572, 1612, 2407, 1803, 2201, 1420, 2635, 1536, 2494, 
1706, 2303, 1911, 2088, 2129, 1871, 2341, 1673, 2523, 1511, 
2656, 1405, 2241, 1767, 2440, 1583, 2599, 1449, 2700, 1378, 
2737, 1376, 2704, 1444, 2603, 1576, 2447, 1758, 2727, 1403, 
2659, 1506, 2529, 1664, 2350, 1862, 2139, 2079, 1920, 2295, 
1715, 2486, 1543, 2630, 2026, 2192, 1811, 2397, 1621, 2564, 
1475, 2683, 1388, 2735, 1370, 2719, 1423, 2632, 1543, 2487, 
1370, 2736, 1388, 2680, 1476, 2563, 1624, 2395, 1815, 2189, 
2030, 1968, 2248, 1758, 2447, 1578, 1923, 2075, 2142, 1859, 
2353, 1661, 2531, 1503, 2661, 1401, 2728, 1367, 2725, 1404, 
2656, 1509, 2704, 1375, 2737, 1377, 2700, 1452, 2595, 1586, 
2436, 1768, 2237, 1980, 2017, 2200, 1805, 2404, 2337, 1875, 
2127, 2092, 1908, 2306, 1704, 2496, 1536, 2636, 1420, 2719, 
1369, 2734, 1390, 2678, 1467, 2686, 1384, 2736, 1371, 2713, 
1428, 2623, 1551, 2475, 1723, 2285, 1931, 2069, 2149, 1852, 
1633, 2383, 1828, 2176, 2041, 1958, 2261, 1747, 2456, 1568, 
2609, 1439, 2706, 1373, 2736, 1379, 2540, 1495, 2668, 1398, 
2731, 1366, 2726, 1409, 2651, 1518, 2515, 1680, 2331, 1881, 
2118, 2100, 2585, 1596, 2425, 1782, 2224, 1992, 2006, 2211, 
1794, 2412, 1606, 2579, 1464, 2690, 1382, 2736, 1694, 2507, 
1527, 2643, 1414, 2720, 1368, 2732, 1394, 2672, 1487, 2549, 
1640, 2376, 1835, 2168, 1434, 2616, 1560, 2467, 1736, 2272, 
1943, 2056, 2163, 1897, 2204, 1912, 2043, 2335, 1824, 2236, 
1391, 2688, 1435, 2646, 1521, 2508, 1687, 2322, 1888, 2110, 
2107, 1891, 2320, 1692, 2505, 1525, 1999, 1999, 2217, 1784, 
2421, 1599, 2583, 1459, 2692, 1380, 2736, 1372, 2708, 1435, 
2615, 1560, 2723, 1366, 2731, 1395, 2668, 1491, 2545, 1644, 
2370, 1840, 2160, 2056, 1940, 2273, 1734, 2467, 2264, 1950, 
2048, 2168, 1831, 2377, 1637, 2549, 1485, 2672, 1392, 2731, 
1367, 2721, 1415, 2641, 1432, 2711, 1371, 2734, 1382, 2687, 
1464, 2577, 1607, 2414, 1794, 2211, 2007, 1991, 2225, 1779, 
1699, 2312, 1900, 2099, 2120, 1881, 2335, 1681, 2515, 1516, 
2651, 1409, 2723, 1368, 2729, 1397, 2592, 1453, 2695, 1379, 
2736, 1374, 2705, 1439, 2608, 1569, 2456, 1748, 2259, 1956, 
2040, 2176, 2534, 1655, 2359, 1855, 2149, 2070, 1931, 2286, 
1724, 2478, 1550, 2624, 1428, 2714, 1371, 2736, 1628, 2560, 
1479, 2678, 1390, 2733, 1369, 2719, 1419, 2636, 1535, 2494, 
1705, 2305, 1909, 2092, 1471, 2569, 1616, 2402, 1806, 2198, 
2017, 1979, 2239, 1767, 2438, 1585, 2596, 1450, 2699, 1377, 
2345, 1668, 2525, 1508, 2656, 1404, 2727, 1367, 2728, 1401, 
2661, 1503, 2532, 1663, 2352, 1859, 2703, 1446, 2600, 1579, 
2444, 1760, 2246, 1971, 2028, 2190, 1814, 2396, 1623, 2565, 
1475, 2681, 1916, 2298, 1712, 2488, 1541, 2632, 1421, 2716, 
1369, 2735, 1387, 2681, 1475, 2564, 1622, 2396, 1370, 2715, 
1425, 2628, 1545, 2484, 1717, 2295, 1920, 2081, 2140, 1862, 
2352, 1663, 2530, 1505, 2033, 1965, 2252, 1755, 2449, 1575, 
2604, 1443, 2703, 1375, 2736, 1377, 2700, 1450, 2596, 1585, 
2728, 1368, 2727, 1406, 2654, 1511, 2520, 1672, 2339, 1873, 
2128, 2091, 1910, 2305, 1704, 2495, 2232, 1983, 2014, 2203, 
1801, 2407, 1612, 2573, 1468, 2687, 1384, 2736, 1371, 2713, 
1427, 2625, 1417, 2719, 1368, 2734, 1391, 2676, 1482, 2556, 
1633, 2383, 1825, 2177, 2040, 1958, 2259, 1749, 1727, 2281, 
1935, 2064, 2153, 1848, 2364, 1652, 2540, 1496, 2667, 1398, 
2731, 1368, 2724, 1409, 2610, 1438, 2707, 1373, 2735, 1380, 
2695, 1456, 2588, 1595, 2427, 1780, 2226, 1991, 2006, 2209, 
2512, 1684, 2327, 1884, 2114, 2104, 1895, 2317, 1695, 2503, 
1527, 2641, 1413, 2721, 1367, 2732, 1603, 2582, 1463, 2691, 
1381, 2736, 1372, 2711, 1434, 2617, 1557, 2467, 1734, 2274, 
1942, 2058, 1491, 2547, 1643, 2373, 1838, 2164, 2055, 1945, 
2271, 1737, 2465, 1561, 2616, 1436, 2708, 1372, 2376, 1641, 
2548, 1488, 2672, 1394, 2732, 1368, 2721, 1414, 2645, 1527, 
2506, 1691, 2321, 1892, 2689, 1462, 2580, 1604, 2416, 1792, 
2214, 2003, 1994, 2223, 1784, 2424, 1598, 2585, 1458, 2694, 
1884, 2330, 1684, 2515, 1519, 2649, 1411, 2723, 1367, 2731, 
1398, 2668, 1494, 2542, 1649, 2367, 1375, 2707, 1439, 2611, 
1567, 2457, 1746, 2261, 1955, 2045, 2174, 1828, 2382, 1635, 
2553, 1484, 2067, 1932, 2284, 1727, 2476, 1552, 2623, 1430, 
2714, 1370, 2736, 1385, 2687, 1465, 2576, 1608, 2734, 1367, 
2719, 1418, 2638, 1532, 2496, 1702, 2308, 1905, 2094, 2123, 
1875, 2337, 1678, 2520, 2201, 2017, 1983, 2237, 1772, 2436, 
1587, 2595, 1452, 2699, 1377, 2738, 1376, 2704, 1444, 2606, 
1405, 2727, 1367, 2728, 1401, 2662, 1502, 2532, 1660, 2355, 
1859, 2144, 2074, 1926, 2288, 1721, 1758, 2251, 1967, 2032, 
2187, 1817, 2393, 1627, 2563, 1477, 2681, 1389, 2733, 1370, 
2718, 1420, 2630, 1422, 2716, 1369, 2736, 1390, 2683, 1473, 
2569, 1620, 2399, 1810, 2193, 2023, 1975, 2242, 2487, 1713, 
2297, 1919, 2081, 2139, 1863, 2351, 1667, 2528, 1507, 2659, 
1405, 2727, 1368, 2727, 1579, 2601, 1445, 2703, 1376, 2736, 
1379, 2700, 1448, 2599, 1582, 2442, 1764, 2243, 1974, 2024, 
2728, 1396, 2663, 1495, 2535, 1651, 2360, 1847, 2150, 2064, 
1932, 2280, 1724, 2473, 1553, 2622, 2038, 2176, 1823, 2383, 
1631, 2555, 1481, 2673, 1392, 2732, 1367, 2719, 1416, 2636, 
1533, 2495, 1369, 2734, 1384, 2684, 1467, 2571, 1612, 2403, 
1800, 2200, 2014, 1980, 2232, 1771, 2432, 1587, 1907, 2088, 
2127, 1870, 2339, 1671, 2521, 1510, 2652, 1404, 2723, 1366, 
2727, 1400, 2660, 1500, 2698, 1376, 2735, 1374, 2700, 1443, 
2601, 1574, 2446, 1754, 2249, 1964, 2030, 2184, 1816, 2390, 
2348, 1862, 2139, 2076, 1918, 2292, 1715, 2483, 1543, 2628, 
1423, 2716, 1369, 2735, 1385, 2683, 1475, 2681, 1386, 2734, 
1368, 2716, 1421, 2631, 1539, 2486, 1712, 2297, 1915, 2082, 
2135, 1863, 1623, 2392, 1814, 2188, 2028, 1968, 2246, 1759, 
2444, 1578, 2600, 1444, 2702, 1376, 2735, 1379, 2532, 1503, 
2659, 1401, 2727, 1368, 2727, 1404, 2655, 1508, 2523, 1671, 
2343, 1869, 2132, 2087, 2595, 1586, 2436, 1768, 2238, 1978, 
2019, 2198, 1806, 2402, 1617, 2568, 1471, 2684, 1379, 2733, 
1706, 2494, 1535, 2636, 1419, 2718, 1367, 2734, 1390, 2678, 
1479, 2559, 1628, 2388, 1820, 2182, 1429, 2623, 1550, 2476, 
1724, 2284, 1931, 2068, 2150, 1853, 2359, 1656, 2536, 1499, 
2663, 1399, 2259, 1747, 2457, 1569, 2608, 1438, 2703, 1374, 
2735, 1379, 2695, 1452, 2591, 1591, 2430, 1774, 2724, 1408, 
2650, 1517, 2515, 1681, 2333, 1880, 2120, 2099, 1902, 2313, 
1699, 2500, 1531, 2640, 2005, 2211, 1793, 2415, 1606, 2582, 
1464, 2690, 1382, 2736, 1372, 2712, 1431, 2620, 1555, 2471, 
1366, 2731, 1392, 2672, 1487, 2548, 1639, 2375, 1833, 2168, 
2051, 1949, 2265, 1741, 2462, 1560, 1942, 2055, 2161, 1840, 
2371, 1646, 2545, 1491, 2670, 1395, 2732, 1369, 2723, 1411, 
2648, 1521, 2711, 1373, 2737, 1382, 2692, 1460, 2584, 1603, 
2419, 1788, 2217, 1999, 1999, 2219, 1788, 2422, 2319, 1894, 
2105, 2112, 1888, 2326, 1687, 2510, 1520, 2647, 1412, 2723, 
1369, 2731, 1395, 2671, 1457, 2694, 1380, 2736, 1374, 2707, 
1437, 2612, 1564, 2460, 1743, 2265, 1951, 2050, 2169, 1833, 
1650, 2364, 1845, 2156, 2062, 1936, 2277, 1728, 2472, 1555, 
2620, 1431, 2711, 1369, 2736, 1384, 2555, 1484, 2675, 1392, 
2732, 1368, 2719, 1416, 2639, 1530, 2499, 1697, 2313, 1902, 
2099, 2120, 2575, 1610, 2408, 1798, 2206, 2012, 1985, 2231, 
1775, 2431, 1591, 2591, 1452, 2696, 1379, 2736, 1675, 2520, 
1513, 2652, 1406, 2727, 1367, 2728, 1400, 2663, 1500, 2535, 
1656, 2359, 1854, 2148, 1443, 2605, 1574, 2449, 1753, 2253, 
1964, 2035, 2179, 1822, 2389, 1629, 2559, 1479, 2679, 1390, 
2292, 1720, 2483, 1546, 2628, 1425, 2715, 1370, 2736, 1387, 
2684, 1471, 2569, 1616, 2403, 1804, 2718, 1423, 2633, 1539, 
2489, 1708, 2300, 1912, 2086, 2132, 1868, 2344, 1667, 2526, 
1507, 2656, 1973, 2243, 1763, 2441, 1581, 2599, 1447, 2701, 
1376, 2739, 1376, 2703, 1448, 2601, 1580, 2444, 1367, 2727, 
1402, 2659, 1507, 2527, 1667, 2347, 1865, 2136, 2083, 1916, 
2298, 1712, 2487, 1540, 1975, 2023, 2196, 1810, 2401, 1619, 
2569, 1473, 2683, 1386, 2735, 1369, 2716, 1425, 2628, 1543, 
2719, 1368, 2735, 1390, 2678, 1478, 2556, 1626, 2391, 1818, 
2184, 2033, 1966, 2251, 1756, 2448, 2290, 1927, 2073, 2144, 
1857, 2356, 1659, 2535, 1501, 2662, 1401, 2730, 1367, 2727, 
1406, 2655, 1441, 2704, 1374, 2737, 1377, 2697, 1452, 2592, 
1587, 2433, 1772, 2233, 1983, 2015, 2202, 1802, 1679, 2335, 
1878, 2123, 2096, 1907, 2311, 1699, 2497, 1531, 2639, 1418, 
2719, 1368, 2734, 1391, 2577, 1465, 2688, 1383, 2736, 1371, 
2713, 1431, 2623, 1553, 2475, 1730, 2281, 1932, 2183, 1947, 
2737, 1428, 2673, 1412, 2708, 1382, 2734, 1367, 2722, 1368, 
2733, 1395, 2672, 1489, 2549, 1642, 2736, 1371, 2709, 1436, 
2616, 1561, 2464, 1739, 2272, 1946, 2054, 2164, 1838, 2373, 
1643, 2547, 2161, 2057, 1941, 2274, 1734, 2468, 1559, 2618, 
1434, 2711, 1372, 2737, 1383, 2692, 1463, 2582, 1393, 2733, 
1368, 2721, 1415, 2643, 1527, 2503, 1695, 2318, 1898, 2104, 
2115, 1887, 2328, 1687, 1794, 2209, 2008, 1991, 2226, 1779, 
2428, 1593, 2588, 1456, 2695, 1380, 2737, 1374, 2707, 1438, 
2650, 1410, 2726, 1368, 2731, 1399, 2664, 1496, 2539, 1653, 
2362, 1848, 2153, 2064, 1934, 2281, 2455, 1750, 2258, 1958, 
2041, 2176, 1825, 2384, 1632, 2556, 1481, 2676, 1391, 2731, 
1368, 2719, 1549, 2624, 1429, 2715, 1370, 2736, 1384, 2685, 
1468, 2573, 1613, 2407, 1801, 2204, 2016, 1984, 1536, 2492, 
1705, 2305, 1910, 2089, 2127, 1873, 2340, 1673, 2520, 1511, 
2654, 1407, 2724, 1366, 2439, 1585, 2597, 1449, 2699, 1377, 
2737, 1375, 2704, 1443, 2604, 1574, 2447, 1754, 2252, 1965, 
2659, 1504, 2531, 1663, 2351, 1860, 2142, 2078, 1920, 2294, 
1715, 2483, 1544, 2628, 1424, 2716, 1814, 2396, 1623, 2565, 
1476, 2681, 1388, 2735, 1369, 2718, 1422, 2631, 1539, 2488, 
1712, 2297, 1387, 2680, 1478, 2563, 1621, 2396, 1813, 2190, 
2028, 1969, 2246, 1760, 2444, 1579, 2600, 1445, 2142, 1859, 
2352, 1663, 2531, 1504, 2662, 1401, 2728, 1367, 2727, 1404, 
2657, 1509, 2526, 1667, 2736, 1379, 2699, 1450, 2596, 1585, 
2438, 1767, 2238, 1979, 2019, 2198, 1806, 2401, 1616, 2569, 
2127, 2092, 1908, 2305, 1705, 2494, 1536, 2636, 1419, 2719, 
1368, 2734, 1390, 2678, 1479, 2560, 1385, 2736, 1371, 2715, 
1428, 2626, 1551, 2478, 1724, 2287, 1929, 2072, 2148, 1854, 
2360, 1656, 1826, 2177, 2040, 1956, 2259, 1748, 2455, 1569, 
2606, 1440, 2705, 1374, 2736, 1378, 2696, 1454, 2665, 1397, 
2729, 1366, 2724, 1408, 2650, 1516, 2515, 1680, 2332, 1880, 
2120, 2097, 1902, 2312, 2426, 1779, 2225, 1991, 2007, 2211, 
1795, 2413, 1607, 2579, 1464, 2690, 1383, 2735, 1371, 2711, 
1527, 2643, 1414, 2722, 1368, 2732, 1392, 2673, 1487, 2550, 
1640, 2377, 1832, 2169, 2048, 1950, 1556, 2469, 1734, 2273, 
1941, 2056, 2160, 1840, 2369, 1647, 2545, 1491, 2671, 1395, 
2731, 1368, 2465, 1561, 2616, 1435, 2710, 1373, 2737, 1383, 
2694, 1462, 2585, 1600, 2422, 1788, 2220, 1999, 2643, 1524, 
2506, 1692, 2321, 1892, 2108, 2111, 1888, 2326, 1688, 2508, 
1523, 2646, 1411, 2723, 1782, 2424, 1596, 2587, 1457, 2694, 
1380, 2737, 1372, 2708, 1437, 2614, 1564, 2462, 1742, 2269, 
1395, 2667, 1495, 2542, 1648, 2367, 1844, 2157, 2061, 1939, 
2278, 1731, 2471, 1555, 2620, 1431, 2173, 1827, 2380, 1635, 
2553, 1484, 2675, 1391, 2732, 1367, 2720, 1417, 2641, 1529, 
2500, 1697, 2736, 1383, 2687, 1465, 2575, 1609, 2408, 1797, 
2206, 2009, 1987, 2229, 1776, 2431, 1591, 2590, 2095, 2124, 
1876, 2337, 1677, 2519, 1513, 2655, 1407, 2726, 1367, 2729, 
1399, 2665, 1499, 2536, 1379, 2738, 1375, 2705, 1443, 2606, 
1573, 2451, 1753, 2255, 1963, 2038, 2182, 1822, 2389, 1629, 
1859, 2142, 2075, 1924, 2291, 1719, 2482, 1543, 2627, 1425, 
2715, 1369, 2736, 1386, 2684, 1471, 2681, 1388, 2735, 1369, 
2718, 1421, 2635, 1539, 2491, 1709, 2302, 1912, 2088, 2135, 
1872, 2343, 2400, 1811, 2194, 2024, 1974, 2243, 1764, 2443, 
1583, 2599, 1448, 2702, 1377, 2737, 1376, 2702, 1507, 2659, 
1403, 2727, 1368, 2728, 1405, 2658, 1506, 2527, 1667, 2348, 
1865, 2136, 2082, 1917, 1581, 2440, 1765, 2243, 1975, 2024, 
2195, 1809, 2400, 1620, 2567, 1473, 2683, 1388, 2735, 1369, 
2492, 1538, 2633, 1420, 2387, 1816, 2183, 2029, 1963, 2247, 
1754, 2444, 1575, 2599, 1442, 2700, 1855, 2354, 1659, 2531, 
1501, 2659, 1400, 2727, 1366, 2723, 1404, 2652, 1508, 2521, 
1671, 2339, 1377, 2695, 1451, 2592, 1587, 2432, 1768, 2232, 
1980, 2013, 2199, 1800, 2403, 1612, 2570, 1467, 2092, 1904, 
2307, 1699, 2495, 1532, 2636, 1415, 2716, 1367, 2732, 1389, 
2675, 1481, 2556, 1630, 2734, 1369, 2712, 1429, 2621, 1551, 
2473, 1726, 2280, 1932, 2065, 2151, 1848, 2361, 1652, 2537, 
2173, 2045, 1955, 2260, 1747, 2457, 1567, 2610, 1437, 2704, 
1374, 2736, 1379, 2694, 1456, 2588, 1396, 2729, 1366, 2723, 
1408, 2647, 1518, 2511, 1681, 2329, 1883, 2115, 2100, 1897, 
2316, 1695, 1781, 2222, 1996, 2003, 2214, 1790, 2416, 1602, 
2581, 1462, 2691, 1381, 2735, 1371, 2710, 1431, 2644, 1412, 
2721, 1367, 2732, 1394, 2671, 1488, 2547, 1641, 2374, 1836, 
2168, 2051, 1944, 2268, 2463, 1738, 2271, 1945, 2052, 2163, 
1838, 2374, 1643, 2547, 1491, 2672, 1395, 2731, 1367, 2721, 
1558, 2618, 1432, 2709, 1372, 2736, 1382, 2691, 1462, 2582, 
1603, 2419, 1789, 2215, 2001, 1996, 1527, 2503, 1695, 2318, 
1895, 2104, 2115, 1884, 2330, 1684, 2511, 1518, 2648, 1410, 
2723, 1367, 2428, 1594, 2588, 1456, 2696, 1378, 2737, 1373, 
2708, 1439, 2611, 1565, 2458, 1745, 2263, 1952, 2665, 1496, 
2539, 1652, 2364, 1848, 2153, 2064, 1934, 2283, 1728, 2475, 
1553, 2622, 1429, 2713, 1825, 2385, 1631, 2556, 1481, 2677, 
1391, 2732, 1369, 2719, 1419, 2639, 1532, 2497, 1700, 2311, 
1385, 2686, 1469, 2574, 1613, 2407, 1802, 2203, 2017, 1983, 
2235, 1772, 2435, 1589, 2593, 1452, 2129, 1871, 2339, 1673, 
2523, 1512, 2656, 1407, 2726, 1368, 2728, 1401, 2663, 1502, 
2535, 1659, 2736, 1376, 2703, 1443, 2603, 1575, 2447, 1754, 
2251, 1966, 2033, 2186, 1817, 2392, 1627, 2562, 2140, 2078, 
1918, 2294, 1715, 2484, 1544, 2631, 1424, 2715, 1369, 2736, 
1387, 2684, 1472, 2567, 1387, 2735, 1370, 2717, 1423, 2632, 
1543, 2488, 1713, 2300, 1916, 2084, 2136, 1865, 2347, 1667, 
1814, 2190, 2028, 1969, 2247, 1760, 2444, 1579, 2600, 1446, 
2702, 1376, 2736, 1376, 2700, 1447, 2659, 1401, 2727, 1367, 
2727, 1404, 2655, 1508, 2524, 1670, 2343, 1868, 2133, 2084, 
1914, 2300, 2436, 1767, 2237, 1977, 2021, 2198, 1806, 2403, 
1616, 2570, 1471, 2684, 1385, 2736, 1368, 2716, 1535, 2636, 
1418, 2719, 1368, 2735, 1391, 2679, 1479, 2559, 1630, 2390, 
1821, 2183, 2035, 1964, 1550, 2479, 1723, 2287, 1929, 2072, 
2148, 1854, 2359, 1657, 2537, 1500, 2663, 1399, 2731, 1367, 
2457, 1567, 2608, 1441, 2705, 1373, 2736, 1378, 2696, 1454, 
2591, 1590, 2432, 1775, 2231, 1987, 2651, 1516, 2514, 1680, 
2334, 1880, 2120, 2098, 1905, 2314, 1699, 2503, 1531, 2640, 
1417, 2719, 1794, 2416, 1607, 2579, 1464, 2689, 1383, 2736, 
1372, 2712, 1432, 2620, 1553, 2471, 1729, 2279, 1392, 2673, 
1487, 2551, 1640, 2375, 1833, 2171, 2049, 1951, 2265, 1743, 
2461, 1564, 2613, 1437, 2162, 1841, 2371, 1646, 2545, 1492, 
2669, 1395, 2732, 1367, 2723, 1412, 2646, 1522, 2510, 1687, 
2736, 1383, 2692, 1462, 2583, 1601, 2420, 1787, 2217, 2000, 
1999, 2219, 1788, 2422, 1601, 2583, 2107, 2112, 1888, 2324, 
1686, 2508, 1520, 2647, 1411, 2722, 1367, 2732, 1393, 2668, 
1492, 2545, 1380, 2735, 1372, 2710, 1436, 2614, 1564, 2462, 
1742, 2268, 1949, 2049, 2168, 1834, 2376, 1640, 1845, 2158, 
2062, 1937, 2279, 1731, 2471, 1556, 2622, 1432, 2712, 1371, 
2737, 1383, 2689, 1464, 2675, 1390, 2734, 1367, 2720, 1416, 
2640, 1529, 2499, 1698, 2313, 1901, 2099, 2119, 1881, 2332, 
2411, 1796, 2292, 1759, 2412, 1574, 2713, 1382, 2710, 1422, 
2631, 1503, 2591, 1592, 2430, 1777, 2724, 1411, 2649, 1518, 
2513, 1682, 2332, 1883, 2118, 2102, 1899, 2316, 1696, 2502, 
1529, 2641, 2003, 2214, 1792, 2418, 1604, 2579, 1463, 2690, 
1382, 2736, 1371, 2711, 1432, 2619, 1557, 2471, 1367, 2731, 
1395, 2671, 1488, 2549, 1641, 2375, 1835, 2167, 2051, 1947, 
2268, 1739, 2463, 1562, 1945, 2055, 2166, 1839, 2373, 1646, 
2547, 1491, 2667, 1395, 2731, 1367, 2723, 1413, 2647, 1523, 
2711, 1373, 2736, 1381, 2692, 1461, 2583, 1601, 2416, 1788, 
2217, 2000, 1996, 2220, 1785, 2422, 2319, 1896, 2104, 2115, 
1888, 2328, 1683, 2512, 1520, 2648, 1411, 2723, 1367, 2731, 
1396, 2669, 1456, 2695, 1380, 2737, 1374, 2708, 1438, 2613, 
1565, 2459, 1744, 2264, 1951, 2047, 2171, 1831, 1652, 2364, 
1848, 2155, 2065, 1935, 2281, 1728, 2475, 1553, 2622, 1430, 
2712, 1371, 2736, 1384, 2558, 1483, 2678, 1391, 2734, 1369, 
2721, 1417, 2639, 1531, 2499, 1700, 2311, 1903, 2096, 2121, 
2575, 1613, 2407, 1804, 2204, 2015, 1984, 2233, 1772, 2433, 
1589, 2593, 1452, 2697, 1379, 2736, 1676, 2523, 1511, 2653, 
1407, 2727, 1367, 2729, 1399, 2662, 1501, 2535, 1658, 2355, 
1855, 2147, 1444, 2604, 1575, 2449, 1755, 2252, 1964, 2033, 
2183, 1820, 2390, 1628, 2560, 1480, 2680, 1390, 2292, 1718, 
2483, 1544, 2629, 1424, 2716, 1371, 2736, 1386, 2684, 1472, 
2568, 1619, 2400, 1807, 2716, 1422, 2631, 1540, 2489, 1710, 
2300, 1916, 2084, 2135, 1866, 2347, 1668, 2526, 1507, 2657, 
1971, 2245, 1760, 2443, 1580, 2599, 1447, 2700, 1376, 2736, 
1377, 2700, 1447, 2601, 1580, 2443, 1368, 2727, 1404, 2657, 
1510, 2527, 1670, 2344, 1867, 2134, 2083, 1915, 2300, 1710, 
2490, 1541, 1976, 2019, 2195, 1806, 2400, 1616, 2568, 1471, 
2684, 1385, 2734, 1370, 2715, 1425, 2628, 1544, 2718, 1368, 
2735, 1390, 2679, 1479, 2561, 1628, 2391, 1820, 2183, 2035, 
1964, 2254, 1755, 2450, 2288, 1931, 2070, 2147, 1854, 2358, 
1657, 2536, 1500, 2663, 1399, 2731, 1367, 2722, 1406, 2654, 
1439, 2703, 1375, 2736, 1380, 2695, 1453, 2591, 1589, 2431, 
1774, 2231, 1984, 2014, 2204, 1800, 1679, 2332, 1879, 2119, 
2097, 1903, 2312, 1699, 2499, 1533, 2639, 1415, 2720, 1368, 
2734, 1392, 2577, 1465, 2689, 1386, 2735, 1372, 2712, 1431, 
2621, 1555, 2472, 1728, 2280, 1935, 2064, 2154, 2552, 1639, 
2377, 1831, 2171, 2048, 1949, 2265, 1742, 2460, 1565, 2611, 
1437, 2707, 1374, 2736, 1647, 2544, 1492, 2668, 1395, 2730, 
1368, 2723, 1411, 2647, 1520, 2510, 1685, 2326, 1886, 2114, 
1459, 2584, 1600, 2421, 1786, 2218, 1997, 2000, 2217, 1787, 
2419, 1601, 2583, 1463, 2691, 1380, 2324, 1689, 2508, 1522, 
2645, 1412, 2723, 1367, 2731, 1395, 2670, 1491, 2547, 1644, 
2372, 1839, 2707, 1435, 2612, 1563, 2462, 1740, 2267, 1948, 
2049, 2168, 1836, 2376, 1640, 2550, 1487, 2672, 1939, 2279, 
1731, 2471, 1556, 2620, 1431, 2712, 1372, 2736, 1385, 2689, 
1463, 2579, 1605, 2414, 1367, 2720, 1416, 2641, 1528, 2500, 
1696, 2315, 1900, 2100, 2117, 1882, 2330, 1681, 2514, 1518, 
2011, 1987, 2230, 1776, 2432, 1593, 2590, 1453, 2695, 1379, 
2736, 1374, 2705, 1439, 2609, 1567, 2726, 1368, 2727, 1398, 
2663, 1498, 2537, 1655, 2360, 1851, 2150, 2068, 1931, 2283, 
1724, 2476, 2254, 1960, 2038, 2182, 1823, 2388, 1630, 2559, 
1480, 2678, 1390, 2732, 1368, 2719, 1418, 2636, 1426, 2715, 
1370, 2736, 1386, 2684, 1470, 2572, 1614, 2404, 1804, 2200, 
2019, 1979, 2237, 1770, 1707, 2301, 1908, 2087, 2131, 1870, 
2344, 1671, 2524, 1510, 2656, 1405, 2727, 1367, 2728, 1400, 
2599, 1447, 2700, 1376, 2736, 1376, 2703, 1446, 2603, 2733, 
1369, 2710, 1428, 2621, 1548, 2473, 1368, 2731, 1390, 2672, 
1483, 2552, 1635, 2380, 1827, 2173, 2043, 1953, 2260, 1745, 
2456, 1567, 1939, 2060, 2153, 1843, 2363, 1648, 2540, 1493, 
2665, 1396, 2729, 1366, 2722, 1409, 2649, 1518, 2707, 1372, 
2736, 1380, 2692, 1457, 2584, 1596, 2424, 1782, 2222, 1993, 
2003, 2212, 1790, 2415, 2323, 1888, 2110, 2105, 1892, 2320, 
1690, 2503, 1524, 2643, 1411, 2721, 1367, 2731, 1394, 2665, 
1460, 2692, 1381, 2736, 1372, 2708, 1433, 2616, 1561, 2462, 
1737, 2271, 1944, 2055, 2163, 1836, 1644, 2368, 1840, 2160, 
2056, 1941, 2272, 1734, 2467, 1558, 2616, 1433, 2709, 1372, 
2736, 1382, 2549, 1485, 2673, 1392, 2732, 1370, 2719, 1413, 
2641, 1526, 2503, 1694, 2317, 1895, 2104, 2112, 2579, 1607, 
2412, 1793, 2208, 2007, 1990, 2225, 1779, 2428, 1594, 2587, 
1456, 2695, 1379, 2735, 1680, 2515, 1515, 2651, 1409, 2724, 
1367, 2729, 1398, 2665, 1495, 2539, 1651, 2362, 1848, 2153, 
1439, 2607, 1569, 2454, 1748, 2257, 1956, 2040, 2176, 1825, 
2384, 1632, 2556, 1483, 2676, 1389, 2287, 1723, 2479, 1550, 
2624, 1430, 2713, 1370, 2736, 1385, 2684, 1467, 2572, 1613, 
2407, 1800, 2718, 1419, 2636, 1535, 2493, 1705, 2305, 1908, 
2092, 2127, 1872, 2340, 1675, 2521, 1511, 2655, 1979, 2239, 
1768, 2439, 1584, 2596, 1447, 2699, 1377, 2736, 1375, 2702, 
1444, 2604, 1574, 2449, 1367, 2727, 1401, 2660, 1504, 2530, 
1663, 2353, 1862, 2140, 2078, 1921, 2292, 1716, 2483, 1544, 
1971, 2028, 2190, 1814, 2396, 1624, 2564, 1475, 2681, 1388, 
2734, 1368, 2716, 1422, 2632, 1540, 2716, 1368, 2736, 1389, 
2680, 1476, 2565, 1622, 2396, 1812, 2191, 2028, 1971, 2246, 
1761, 2444, 2294, 1922, 2078, 2141, 1861, 2352, 1663, 2531, 
1504, 2659, 1402, 2732, 1367, 2725, 1404, 2657, 1443, 2703, 
1376, 2736, 1378, 2699, 1451, 2596, 1585, 2438, 1767, 2239, 
1977, 2021, 2197, 1807, 1673, 2339, 1872, 2129, 2091, 1908, 
2307, 1705, 2494, 1535, 2636, 1420, 2719, 1369, 2734, 1390, 
2573, 1468, 2687, 1385, 2736, 1371, 2713, 1427, 2625, 1549, 
END
2478, 1722, 2287, 1929, 2071, 1855, 1668, 2419, 1680, 2405, 
1694, 2392, 1708, 2379, 2364, 2364, 2217, 1879, 2202, 1895, 
2185, 1910, 1495, 2595, 1487, 2606, 1476, 2616, 1468, 2623, 
1460, 2632, 1452, 2639, 1443, 2647, 1436, 2654, 1513, 2572, 
1523, 2561, 1534, 2552, 1545, 2541, 1558, 2530, 1569, 2519, 
1580, 2507, 1592, 2496, 2323, 1764, 2339, 1750, 2353, 1735, 
2365, 1722, 2380, 1708, 2396, 1695, 2407, 1681, 2422, 1667, 
2719, 1372, 2716, 1376, 2715, 1379, 2710, 1383, 2708, 1385, 
2703, 1391, 2700, 1395, 2694, 1401, 2119, 1986, 2103, 2001, 
2087, 2017, 2072, 2032, 2054, 2049, 2039, 2066, 2023, 2081, 
2008, 2099, 1410, 2687, 1404, 2694, 1398, 2699, 1393, 2703, 
1390, 2707, 1385, 2712, 1382, 2714, 1378, 2718, 1652, 2440, 
1665, 2429, 1679, 2416, 1692, 2403, 1705, 2390, 1719, 2372, 
1734, 2363, 1749, 2345, 2484, 1611, 2496, 1599, 2508, 1587, 
2520, 1573, 2531, 1562, 2542, 1555, 2552, 1541, 2563, 1529, 
2670, 1430, 2663, 1437, 2656, 1443, 2648, 1452, 2642, 1460, 
2633, 1470, 2625, 1479, 2617, 1487, 1937, 2172, 1922, 2188, 
1905, 2204, 1891, 2222, 2526, 1568, 2536, 1557, 2636, 1388, 
2706, 1593, 1679, 2498, 1574, 2552, 1504, 2659, 1434, 2664, 
1426, 2672, 1421, 2680, 1414, 2685, 1408, 2691, 1567, 2524, 
1581, 2511, 1593, 2502, 1604, 2491, 1617, 2476, 1629, 2465, 
1642, 2451, 1656, 2440, 2396, 1699, 2409, 1685, 2424, 1672, 
2436, 1658, 2451, 1646, 2463, 1634, 2476, 1619, 2489, 1608, 
2707, 1392, 2703, 1395, 2696, 1402, 2694, 1408, 2687, 1414, 
2682, 1420, 2676, 1425, 2670, 1433, 2044, 2065, 2028, 2081, 
2012, 2098, 1996, 2116, 1980, 2129, 1965, 2145, 1948, 2161, 
1932, 2177, 1385, 2712, 1383, 2716, 1379, 2720, 1376, 2723, 
1374, 2726, 1372, 2727, 1365, 2730, 1371, 2732, 1718, 2380, 
1734, 2364, 1747, 2351, 1761, 2336, 1778, 2321, 1792, 2307, 
1807, 2291, 1820, 2275, 2542, 1555, 2553, 1544, 2562, 1534, 
2574, 1523, 2584, 1512, 2593, 1504, 2603, 1494, 2611, 1484, 
2636, 1469, 2628, 1476, 2622, 1487, 2611, 1495, 2600, 1504, 
2593, 1516, 2581, 1526, 2572, 1536, 1862, 2248, 1848, 2264, 
1831, 2279, 1817, 2294, 1802, 2311, 1789, 2323, 1773, 2339, 
1758, 2354, 1366, 2735, 1367, 2732, 1368, 2732, 1369, 2731, 
1370, 2728, 1373, 2726, 1376, 2723, 1377, 2720, 1891, 2206, 
1904, 2191, 1923, 2175, 1937, 2157, 1953, 2143, 1969, 2129, 
1984, 2111, 2001, 2096, 2649, 1446, 2657, 1439, 2664, 1432, 
2672, 1426, 2676, 1419, 2684, 1414, 2689, 1408, 2696, 1403, 
2522, 1587, 2512, 1600, 2497, 1612, 2486, 1624, 2475, 1637, 
2462, 1649, 2448, 1663, 2435, 1676, 1694, 2416, 1679, 2431, 
1668, 2444, 1655, 2457, 1643, 2468, 1628, 2481, 1615, 2495, 
1603, 2505, 1395, 2703, 1400, 2697, 1406, 2691, 1411, 2686, 
1417, 2681, 1424, 2675, 1430, 2668, 1437, 2659, 2075, 2023, 
2089, 2006, 2107, 1989, 2121, 1974, 2140, 1959, 2152, 1944, 
2169, 1927, 2185, 1910, 2715, 1382, 2719, 1379, 2723, 1376, 
2724, 1372, 2728, 1371, 2730, 1369, 2731, 1368, 2732, 1366, 
2374, 1741, 2360, 1755, 2344, 1769, 2331, 1782, 2316, 1799, 
2301, 1813, 2286, 1828, 2270, 1843, 1551, 2558, 1539, 2569, 
1530, 2578, 1518, 2588, 1508, 2599, 1499, 2604, 1491, 2616, 
1479, 2627, 1474, 2625, 1481, 2616, 1491, 2608, 1499, 2598, 
1510, 2588, 1520, 2578, 1531, 2568, 1542, 2558, 2256, 1842, 
2272, 1826, 2288, 1810, 2302, 1795, 2313, 1780, 2332, 1768, 
2345, 1753, 2361, 1738, 2733, 1367, 2732, 1368, 2732, 1370, 
2729, 1371, 2727, 1373, 2725, 1375, 2719, 1379, 2720, 1382, 
2200, 1913, 2183, 1929, 2168, 1945, 2154, 1960, 2136, 1976, 
2121, 1992, 2104, 2007, 2089, 2025, 1444, 2660, 1436, 2668, 
1429, 2673, 1422, 2682, 1416, 2686, 1410, 2694, 1406, 2700, 
1400, 2703, 1592, 2505, 1604, 2495, 1618, 2482, 1630, 2470, 
1643, 2458, 1657, 2446, 1669, 2430, 1682, 2416, 2424, 1675, 
2438, 1661, 2450, 1648, 2464, 1636, 2476, 1624, 2488, 1611, 
2499, 1599, 2512, 1586, 2701, 1402, 2695, 1408, 2690, 1414, 
2684, 1421, 2678, 1426, 2672, 1433, 2664, 1440, 2657, 1447, 
2015, 2098, 1999, 2112, 1983, 2129, 1966, 2145, 1951, 2160, 
1936, 2177, 1920, 2192, 1905, 2208, 1381, 2719, 1378, 2723, 
1374, 2726, 1372, 2728, 1370, 2731, 1368, 2732, 1367, 2734, 
1366, 2735, 1745, 2353, 1760, 2338, 1776, 2323, 1790, 2311, 
1804, 2294, 1819, 2279, 1836, 2264, 1850, 2248, 2563, 1535, 
2574, 1524, 2584, 1513, 2593, 1502, 2603, 1496, 2612, 1485, 
2623, 1476, 2631, 1468, 2620, 1486, 2614, 1495, 2603, 1504, 
2593, 1513, 2584, 1523, 2575, 1536, 2564, 1545, 2553, 1557, 
1835, 2278, 1820, 2294, 2682, 1411, 2687, 1406, 2692, 1400, 
2697, 1396, 2703, 1391, 2707, 1387, 2486, 1623, 2472, 1634, 
2460, 1648, 2448, 1662, 2431, 1676, 2423, 1690, 2407, 1702, 
2393, 1716, 1653, 2455, 1639, 2467, 1628, 2481, 1615, 2494, 
1603, 2504, 1590, 2516, 1577, 2528, 1567, 2540, 1409, 2684, 
1416, 2680, 1422, 2673, 1429, 2667, 1435, 2661, 1443, 2653, 
1451, 2644, 1462, 2636, 2121, 1975, 2136, 1958, 2151, 1942, 
2168, 1926, 2184, 1911, 2202, 1895, 2215, 1878, 2228, 1863, 
2723, 1374, 2727, 1371, 2728, 1369, 2731, 1367, 2733, 1366, 
2732, 1366, 2734, 1365, 2734, 1365, 2330, 1783, 2316, 1796, 
2300, 1813, 2287, 1828, 2271, 1843, 2255, 1857, 2240, 1873, 
2225, 1887, 1519, 2588, 1508, 2598, 1499, 2608, 1490, 2617, 
1481, 2625, 1471, 2634, 1463, 2642, 1457, 2649, 1502, 2599, 
1510, 2588, 1518, 2579, 1530, 2567, 1539, 2558, 1550, 2547, 
1562, 2535, 1574, 2524, 2302, 1796, 2316, 1783, 2331, 1767, 
2343, 1752, 2360, 1739, 2374, 1725, 2387, 1711, 2407, 1697, 
2727, 1370, 2727, 1373, 2725, 1376, 2721, 1379, 2719, 1381, 
2716, 1388, 2711, 1391, 2707, 1395, 2153, 1959, 2136, 1976, 
2121, 1992, 2107, 2007, 2089, 2023, 2073, 2040, 2056, 2056, 
2041, 2073, 1424, 2680, 1416, 2687, 1411, 2691, 1406, 2697, 
1400, 2703, 1394, 2707, 1391, 2711, 1386, 2716, 1629, 2471, 
1643, 2455, 1654, 2444, 1668, 2429, 1683, 2417, 1695, 2403, 
1708, 2390, 1724, 2377, 2463, 1636, 2476, 1623, 2487, 1611, 
2500, 1599, 2513, 1587, 2524, 1575, 2534, 1563, 2548, 1553, 
2684, 1418, 2680, 1425, 2671, 1432, 2666, 1440, 2657, 1448, 
2651, 1455, 2643, 1465, 2633, 1472, 1968, 2144, 1952, 2160, 
1937, 2176, 1920, 2193, 1903, 2207, 1891, 2224, 1875, 2238, 
1859, 2253, 1373, 2728, 1371, 2730, 1368, 2732, 1368, 2733, 
1367, 2735, 1367, 2735, 1366, 2735, 1365, 2734, 1789, 2310, 
1804, 2292, 1820, 2279, 1837, 2264, 1849, 2247, 1864, 2235, 
1881, 2217, 1895, 2203, 2592, 1505, 2603, 1495, 2612, 1484, 
2620, 1479, 2630, 1468, 2639, 1460, 2647, 1452, 2654, 1446, 
2595, 1512, 2584, 1524, 2575, 1536, 2563, 1545, 2553, 1556, 
2543, 1569, 2531, 1580, 2520, 1592, 1790, 2323, 1776, 2336, 
1761, 2351, 1747, 2366, 1731, 2381, 1717, 2393, 1705, 2409, 
1691, 2422, 1372, 2727, 1374, 2723, 1377, 2723, 1382, 2718, 
1385, 2715, 1388, 2711, 1393, 2707, 1397, 2702, 1968, 2131, 
1983, 2115, 1998, 2100, 2015, 2081, 2031, 2066, 2046, 2050, 
2063, 2034, 2079, 2017, 2683, 1414, 2687, 1407, 2695, 1400, 
2700, 1399, 2704, 1392, 2709, 1388, 2713, 1385, 2718, 1379, 
2463, 1647, 2451, 1662, 2439, 1674, 2425, 1689, 2412, 1702, 
2399, 1715, 2383, 1731, 2371, 1744, 1631, 2480, 1618, 2492, 
1606, 2504, 1593, 2518, 1582, 2527, 1570, 2539, 1558, 2551, 
1547, 2559, 1422, 2675, 1429, 2670, 1436, 2661, 1443, 2655, 
1452, 2647, 1459, 2640, 1467, 2631, 1475, 2622, 2152, 1946, 
2167, 1930, 2183, 1916, 2199, 1897, 2217, 1884, 2231, 1868, 
2246, 1857, 2261, 1836, 2731, 1369, 2733, 1368, 2734, 1367, 
2734, 1367, 2736, 1366, 2736, 1366, 2735, 1367, 2733, 1367, 
2305, 1812, 2288, 1825, 2273, 1840, 2257, 1855, 2243, 1871, 
2226, 1888, 2212, 1903, 2195, 1918, 1500, 2607, 1491, 2616, 
1482, 2625, 1473, 2633, 1465, 2641, 1456, 2647, 1450, 2657, 
1441, 2664, 1520, 2579, 1530, 2570, 1540, 2559, 1550, 2547, 
1562, 2537, 1574, 2527, 1584, 2515, 1597, 2503, 2329, 1769, 
2344, 1755, 2435, 1532, 2671, 1385, 2529, 1604, 2449, 1686, 
2412, 1726, 2207, 1905, 1507, 2599, 1498, 2609, 1490, 2618, 
1480, 2628, 1472, 2636, 1464, 2642, 1456, 2651, 1447, 2659, 
1511, 2588, 1521, 2579, 1531, 2567, 1541, 2559, 1553, 2545, 
1566, 2535, 1575, 2523, 1587, 2511, 2319, 1779, 2333, 1765, 
2346, 1752, 2361, 1739, 2375, 1723, 2391, 1708, 2404, 1695, 
2419, 1681, 2727, 1374, 2726, 1377, 2723, 1379, 2718, 1383, 
2716, 1386, 2712, 1391, 2708, 1395, 2703, 1399, 2136, 1978, 
2119, 1993, 2104, 2011, 2086, 2027, 2073, 2040, 2054, 2059, 
2040, 2074, 2023, 2091, 1418, 2689, 1415, 2692, 1404, 2699, 
1399, 2703, 1395, 2708, 1390, 2712, 1385, 2716, 1382, 2720, 
1645, 2456, 1655, 2444, 1670, 2428, 1683, 2415, 1696, 2406, 
1711, 2390, 1726, 2375, 1740, 2360, 2478, 1621, 2489, 1612, 
2500, 1598, 2513, 1584, 2524, 1574, 2535, 1563, 2548, 1550, 
2558, 1537, 2679, 1427, 2671, 1433, 2664, 1441, 2659, 1448, 
2649, 1456, 2643, 1465, 2633, 1473, 2626, 1483, 1951, 2163, 
1936, 2177, 1919, 2195, 1904, 2208, 1888, 2225, 1871, 2240, 
1858, 2256, 1841, 2271, 1371, 2732, 1368, 2733, 1368, 2734, 
1366, 2735, 1367, 2734, 1366, 2736, 1367, 2735, 1368, 2734, 
1809, 2296, 1820, 2279, 1838, 2263, 1854, 2248, 1867, 2233, 
1882, 2218, 1897, 2200, 1914, 2186, 2604, 1494, 2609, 1487, 
2623, 1476, 2631, 1468, 2640, 1459, 2648, 1451, 2654, 1443, 
2660, 1436, 2583, 1525, 2574, 1536, 2563, 1547, 2552, 1558, 
2542, 1572, 2529, 1582, 2519, 1593, 2506, 1604, 1775, 2339, 
1761, 2355, 1745, 2368, 1734, 2383, 1716, 2396, 1703, 2411, 
1690, 2421, 1676, 2438, 1373, 2724, 1378, 2721, 1381, 2719, 
1384, 2715, 1389, 2712, 1394, 2705, 1396, 2702, 1402, 2696, 
1985, 2111, 2002, 2098, 2016, 2080, 2033, 2065, 2049, 2048, 
2064, 2032, 2083, 2016, 2096, 2000, 2691, 1408, 2695, 1403, 
2701, 1396, 2705, 1393, 2710, 1390, 2714, 1387, 2716, 1382, 
2721, 1379, 2449, 1664, 2439, 1678, 2424, 1691, 2412, 1704, 
2396, 1717, 2383, 1732, 2369, 1745, 2355, 1761, 1617, 2493, 
1605, 2508, 1592, 2518, 1583, 2531, 1568, 2540, 1557, 2552, 
1546, 2563, 1534, 2574, 1430, 2668, 1436, 2660, 1444, 2654, 
1452, 2647, 1459, 2637, 1468, 2631, 1476, 2622, 1487, 2612, 
2168, 1928, 2185, 1915, 2204, 1897, 2217, 1883, 2231, 1865, 
2248, 1851, 2262, 1836, 2279, 1821, 2733, 1368, 2734, 1368, 
2735, 1367, 2736, 1366, 2736, 1366, 2735, 1367, 2731, 1368, 
2732, 1367, 2286, 1827, 2271, 1843, 2259, 1858, 2240, 1874, 
2227, 1888, 2210, 1904, 2194, 1920, 2178, 1935, 1489, 2619, 
1480, 2625, 1473, 2635, 1465, 2643, 1456, 2649, 1447, 2656, 
1441, 2663, 1434, 2672, 1530, 2569, 1542, 2559, 1552, 2547, 
1562, 2535, 1575, 2526, 1586, 2512, 1599, 2501, 1609, 2489, 
2345, 1752, 2359, 1740, 2375, 1723, 2388, 1709, 2404, 1696, 
2415, 1683, 2430, 1670, 2442, 1657, 2722, 1378, 2720, 1383, 
2716, 1387, 2713, 1390, 2708, 1395, 2704, 1400, 2699, 1403, 
2694, 1411, 2105, 2009, 2091, 2025, 2074, 2039, 2060, 2056, 
2040, 2072, 2025, 2088, 2009, 2104, 1992, 2120, 1405, 2699, 
1401, 2703, 1395, 2707, 1391, 2712, 1386, 2716, 1384, 2719, 
1380, 2723, 1378, 2724, 1670, 2431, 1681, 2419, 1696, 2404, 
1710, 2392, 1723, 2376, 1737, 2363, 1752, 2348, 1772, 2332, 
2499, 1599, 2511, 1587, 2527, 1577, 2533, 1564, 2547, 1552, 
2558, 1543, 2568, 1531, 2576, 1520, 2665, 1440, 2657, 1447, 
2650, 1456, 2639, 1464, 2636, 1471, 2625, 1481, 1941, 2151, 
1958, 2136, 2627, 1465, 2636, 1459, 2644, 1451, 2652, 1443, 
2659, 1435, 2666, 1429, 2671, 1423, 2680, 1415, 2550, 1556, 
2539, 1565, 2528, 1577, 2516, 1591, 2504, 1603, 2494, 1615, 
2483, 1628, 2468, 1641, 1730, 2380, 1717, 2394, 1702, 2408, 
1688, 2423, 1676, 2435, 1662, 2447, 1647, 2460, 1633, 2472, 
1383, 2713, 1388, 2710, 1392, 2704, 1396, 2699, 1401, 2695, 
1407, 2689, 1412, 2684, 1418, 2679, 2031, 2063, 2047, 2047, 
2064, 2032, 2080, 2017, 2096, 2003, 2112, 1984, 2127, 1968, 
2145, 1951, 2704, 1392, 2707, 1388, 2713, 1384, 2717, 1381, 
2719, 1379, 2723, 1374, 2726, 1372, 2727, 1370, 2408, 1704, 
2396, 1716, 2383, 1728, 2368, 1744, 2355, 1760, 2341, 1776, 
2324, 1789, 2309, 1803, 1580, 2528, 1568, 2540, 1559, 2551, 
1547, 2560, 1535, 2572, 1524, 2579, 1515, 2591, 1507, 2604, 
1454, 2644, 1460, 2638, 1467, 2630, 1476, 2622, 1485, 2613, 
1495, 2604, 1504, 2595, 1514, 2583, 2214, 1882, 2232, 1868, 
2247, 1850, 2262, 1838, 2278, 1822, 2292, 1803, 2307, 1791, 
2320, 1776, 2734, 1366, 2734, 1365, 2733, 1367, 2732, 1367, 
2730, 1368, 2731, 1368, 2729, 1372, 2727, 1376, 2241, 1871, 
2226, 1888, 2208, 1905, 2193, 1920, 2177, 1936, 2161, 1950, 
2147, 1966, 2130, 1980, 1464, 2641, 1456, 2649, 1448, 2657, 
1440, 2664, 1434, 2671, 1427, 2676, 1419, 2682, 1415, 2689, 
1561, 2536, 1572, 2524, 1584, 2515, 1598, 2502, 1608, 2489, 
1623, 2477, 1634, 2467, 1647, 2452, 2389, 1713, 2401, 1697, 
2415, 1684, 2428, 1670, 2443, 1656, 2455, 1645, 2468, 1631, 
2479, 1618, 2711, 1391, 2708, 1395, 2703, 1400, 2699, 1405, 
2693, 1411, 2688, 1415, 2683, 1422, 2675, 1430, 2058, 2056, 
2039, 2069, 2026, 2087, 2008, 2103, 1994, 2119, 1978, 2136, 
1963, 2150, 1947, 2168, 1391, 2712, 1386, 2716, 1384, 2719, 
1380, 2722, 1376, 2724, 1375, 2727, 1371, 2732, 1369, 2734, 
1710, 2391, 1721, 2376, 1737, 2363, 1752, 2347, 1765, 2334, 
1781, 2318, 1795, 2304, 1810, 2289, 2533, 1564, 2545, 1553, 
2556, 1542, 2567, 1536, 2579, 1520, 2588, 1511, 2597, 1501, 
2603, 1492, 2643, 1463, 2636, 1472, 2626, 1479, 2617, 1490, 
2610, 1500, 2600, 1508, 2589, 1519, 2579, 1529, 1875, 2236, 
1860, 2252, 1844, 2271, 1827, 2283, 1814, 2299, 1799, 2314, 
1784, 2329, 1769, 2344, 1365, 2734, 1366, 2734, 1367, 2734, 
1368, 2731, 1369, 2731, 1371, 2731, 1374, 2726, 1371, 2723, 
1881, 2218, 1895, 2204, 1910, 2188, 1927, 2172, 1945, 2156, 
1958, 2140, 1974, 2123, 1990, 2108, 2646, 1452, 2654, 1445, 
2660, 1437, 2668, 1431, 2678, 1425, 2680, 1419, 2686, 1411, 
2692, 1406, 2531, 1579, 2521, 1590, 2508, 1603, 2497, 1615, 
2484, 1629, 2472, 1641, 2460, 1653, 2447, 1667, 1705, 2407, 
1693, 2420, 1678, 2435, 1663, 2448, 1651, 2461, 1638, 2474, 
1626, 2486, 1615, 2498, 1391, 2707, 1396, 2702, 1401, 2696, 
1408, 2691, 1414, 2686, 1419, 2680, 1425, 2675, 1431, 2668, 
2060, 2035, 2079, 2018, 2094, 2003, 2111, 1987, 2127, 1971, 
2142, 1955, 2158, 1940, 2179, 1924, 2712, 1385, 2718, 1382, 
2720, 1379, 2723, 1376, 2727, 1371, 2729, 1369, 2729, 1370, 
2733, 1367, 2385, 1731, 2371, 1744, 2358, 1758, 2342, 1773, 
2326, 1788, 2312, 1803, 2296, 1816, 2283, 1832, 1559, 2551, 
1551, 2561, 1538, 2572, 1528, 2579, 1516, 2592, 1507, 2602, 
1497, 2611, 1487, 2620, 1466, 2631, 1475, 2623, 1484, 2615, 
1494, 2606, 1503, 2596, 1513, 2585, 1543, 2398, 1851, 1868, 
2723, 1394, 2696, 1431, 2654, 1483, 2500, 1613, 2488, 1625, 
2475, 1638, 2462, 1649, 2448, 1662, 1709, 2404, 1696, 2417, 
1681, 2432, 1667, 2444, 1657, 2458, 1643, 2471, 1630, 2482, 
1616, 2494, 1392, 2707, 1395, 2703, 1400, 2697, 1405, 2693, 
1411, 2687, 1417, 2683, 1424, 2675, 1430, 2668, 2059, 2040, 
2072, 2019, 2088, 2005, 2105, 1992, 2121, 1976, 2136, 1959, 
2154, 1943, 2168, 1927, 2712, 1386, 2713, 1380, 2719, 1379, 
2723, 1376, 2726, 1374, 2729, 1372, 2731, 1369, 2732, 1368, 
2388, 1725, 2374, 1741, 2360, 1753, 2347, 1768, 2332, 1783, 
2316, 1796, 2302, 1814, 2288, 1828, 1562, 2547, 1551, 2557, 
1541, 2567, 1528, 2579, 1519, 2588, 1508, 2600, 1500, 2609, 
1490, 2616, 1463, 2633, 1472, 2624, 1481, 2616, 1490, 2607, 
1499, 2599, 1510, 2588, 1520, 2579, 1531, 2568, 2240, 1857, 
2256, 1840, 2271, 1827, 2286, 1811, 2301, 1797, 2316, 1781, 
2331, 1766, 2347, 1754, 2734, 1365, 2732, 1367, 2734, 1367, 
2732, 1368, 2731, 1371, 2727, 1374, 2726, 1375, 2723, 1382, 
2216, 1897, 2200, 1913, 2186, 1929, 2169, 1945, 2151, 1961, 
2137, 1976, 2122, 1992, 2103, 2008, 1452, 2654, 1443, 2662, 
1437, 2669, 1431, 2678, 1423, 2680, 1417, 2687, 1409, 2695, 
1404, 2699, 1581, 2518, 1593, 2508, 1605, 2495, 1616, 2483, 
1630, 2470, 1642, 2457, 1656, 2448, 1668, 2431, 2414, 1688, 
2423, 1675, 2436, 1663, 2448, 1649, 2463, 1637, 2476, 1623, 
2488, 1611, 2499, 1599, 2706, 1399, 2703, 1404, 2697, 1408, 
2691, 1415, 2684, 1420, 2679, 1427, 2672, 1434, 2668, 1439, 
2033, 2081, 2015, 2098, 1999, 2112, 1983, 2129, 1969, 2148, 
1953, 2161, 1936, 2177, 1920, 2192, 1386, 2718, 1380, 2720, 
1377, 2723, 1376, 2726, 1372, 2729, 1370, 2732, 1369, 2732, 
1369, 2735, 1731, 2368, 1746, 2354, 1762, 2339, 1775, 2324, 
1790, 2309, 1805, 2294, 1820, 2279, 1833, 2264, 2552, 1547, 
2562, 1534, 2572, 1525, 2583, 1516, 2591, 1504, 2603, 1495, 
2612, 1486, 2622, 1477, 2631, 1476, 2622, 1485, 2612, 1495, 
2604, 1504, 2595, 1513, 2584, 1524, 2574, 1536, 2566, 1547, 
1851, 2263, 1837, 2278, 1822, 2294, 1806, 2309, 1791, 2323, 
1776, 2337, 1760, 2352, 1747, 2364, 1367, 2732, 1366, 2732, 
1368, 2731, 1369, 2729, 1372, 2727, 1373, 2723, 1377, 2721, 
1382, 2719, 1904, 2193, 1919, 2177, 1935, 2163, 1952, 2146, 
1967, 2131, 1984, 2115, 2000, 2098, 2015, 2083, 2657, 1441, 
2665, 1434, 2672, 1424, 2678, 1420, 2684, 1412, 2689, 1408, 
2695, 1403, 2702, 1398, 2513, 1598, 2501, 1610, 2488, 1624, 
2476, 1635, 2463, 1650, 2451, 1662, 2438, 1674, 2425, 1688, 
1683, 2430, 1670, 2443, 1657, 2457, 1644, 2467, 1630, 2481, 
1618, 2494, 1605, 2503, 1595, 2517, 1401, 2700, 1405, 2692, 
1411, 2688, 1415, 2683, 1423, 2675, 1430, 2670, 1436, 2663, 
1443, 2655, 2087, 2009, 2104, 1992, 2119, 1977, 2135, 1960, 
2151, 1947, 2167, 1929, 2183, 1915, 2200, 1900, 2718, 1379, 
2721, 1377, 2725, 1373, 2727, 1372, 2732, 1370, 2732, 1368, 
2732, 1368, 2735, 1367, 2361, 1752, 2348, 1767, 2333, 1781, 
2319, 1794, 2303, 1812, 2288, 1826, 2273, 1841, 2257, 1855, 
1541, 2567, 1531, 2577, 1523, 2588, 1511, 2596, 1502, 2606, 
1492, 2617, 1482, 2625, 1473, 2635, 1480, 2619, 1490, 2609, 
1497, 2600, 1508, 2591, 1520, 2580, 1527, 2568, 1539, 2559, 
1550, 2550, 2271, 1828, 2284, 1814, 2301, 1800, 2316, 1784, 
2329, 1769, 2343, 1753, 2359, 1740, 2373, 1724, 2734, 1367, 
2729, 1368, 2312, 1784, 2327, 1768, 2341, 1753, 2355, 1739, 
2370, 1727, 2384, 1711, 2728, 1368, 2728, 1372, 2726, 1372, 
2723, 1375, 2722, 1377, 2718, 1382, 2716, 1383, 2711, 1388, 
2169, 1940, 2152, 1956, 2137, 1972, 2121, 1987, 2107, 2003, 
2091, 2019, 2073, 2035, 2059, 2051, 1428, 2672, 1423, 2678, 
1416, 2686, 1410, 2691, 1405, 2695, 1400, 2702, 1396, 2705, 
1390, 2710, 1615, 2483, 1628, 2471, 1639, 2459, 1652, 2447, 
1666, 2432, 1679, 2419, 1692, 2404, 1707, 2391, 2446, 1649, 
2460, 1637, 2471, 1625, 2484, 1612, 2496, 1600, 2510, 1588, 
2521, 1576, 2531, 1564, 2691, 1412, 2686, 1418, 2676, 1424, 
2672, 1431, 2665, 1440, 2659, 1447, 2652, 1454, 2643, 1462, 
1985, 2125, 1969, 2140, 1953, 2155, 1937, 2173, 1923, 2189, 
1907, 2204, 1891, 2220, 1877, 2236, 1375, 2724, 1374, 2727, 
1369, 2731, 1368, 2729, 1368, 2734, 1367, 2734, 1367, 2735, 
1366, 2736, 1772, 2327, 1788, 2312, 1803, 2296, 1815, 2281, 
1830, 2268, 1848, 2252, 1865, 2236, 1877, 2220, 2580, 1517, 
2591, 1505, 2599, 1496, 2609, 1487, 2619, 1477, 2627, 1470, 
2636, 1461, 2646, 1454, 2606, 1503, 2596, 1513, 2585, 1523, 
2576, 1533, 2566, 1544, 2555, 1556, 2544, 1568, 2533, 1577, 
1807, 2307, 1793, 2321, 1779, 2336, 1764, 2348, 1749, 2364, 
1734, 2377, 1720, 2392, 1707, 2405, 1371, 2728, 1371, 2727, 
1374, 2724, 1376, 2719, 1381, 2718, 1383, 2715, 1389, 2709, 
1392, 2707, 1948, 2149, 1965, 2132, 1982, 2117, 1996, 2101, 
2014, 2085, 2028, 2068, 2044, 2054, 2062, 2036, 2675, 1421, 
2684, 1415, 2688, 1410, 2695, 1404, 2699, 1399, 2704, 1393, 
2708, 1390, 2713, 1383, 2480, 1633, 2467, 1646, 2456, 1660, 
2439, 1671, 2427, 1687, 2414, 1700, 2399, 1713, 2386, 1727, 
1646, 2465, 1632, 2479, 1619, 2491, 1608, 2503, 1596, 2515, 
1583, 2526, 1571, 2539, 1560, 2549, 1415, 2684, 1423, 2675, 
1427, 2672, 1436, 2663, 1439, 2656, 1449, 2649, 1456, 2641, 
1465, 2633, 2133, 1964, 2151, 1948, 2164, 1932, 2180, 1916, 
2196, 1900, 2212, 1884, 2229, 1872, 2241, 1855, 2726, 1373, 
2729, 1367, 2732, 1368, 2732, 1367, 2734, 1366, 2735, 1366, 
2735, 1366, 2735, 1366, 2319, 1793, 2307, 1809, 2290, 1824, 
2275, 1839, 2261, 1854, 2243, 1870, 2231, 1885, 2212, 1900, 
1512, 2595, 1502, 2604, 1494, 2612, 1484, 2623, 1475, 2633, 
1467, 2640, 1458, 2648, 1451, 2655, 1510, 2591, 1518, 2582, 
1527, 2575, 1537, 2559, 1550, 2548, 1560, 2540, 1571, 2528, 
1584, 2516, 2313, 1785, 2327, 1771, 2341, 1758, 2355, 1744, 
2371, 1728, 2383, 1716, 2397, 1702, 2412, 1688, 2728, 1372, 
2727, 1377, 2724, 1377, 2721, 1382, 2718, 1385, 2714, 1390, 
2711, 1394, 2705, 1399, 2142, 1971, 2125, 1989, 2110, 2003, 
2093, 2019, 2079, 2035, 2060, 2051, 2044, 2068, 2031, 2083, 
1417, 2684, 1412, 2691, 1407, 2696, 1401, 2700, 1396, 2707, 
1391, 2712, 1388, 2715, 1384, 2719, 1639, 2461, 1650, 2448, 
1665, 2435, 1677, 2422, 1692, 2409, 1707, 2396, 1720, 2380, 
1734, 2367, 2472, 1627, 2484, 1614, 2496, 1601, 2509, 1591, 
2520, 1579, 2532, 1566, 2543, 1555, 2554, 1543, 2681, 1424, 
2675, 1432, 2668, 1436, 2659, 1445, 2652, 1453, 2644, 1462, 
2639, 1470, 2628, 1477, 1959, 2157, 1942, 2173, 1926, 2188, 
1910, 2205, 1897, 2220, 1878, 2234, 1865, 2251, 1848, 2264, 
1372, 2731, 1369, 2733, 1368, 2734, 1367, 2735, 1367, 2736, 
1367, 2735, 1367, 2735, 1367, 2736, 1798, 2300, 1816, 2287, 
1974, 2035, 2253, 1511, 2736, 1369, 2727, 1388, 2703, 1423, 
2585, 1523, 1882, 2232, 1868, 2247, 1852, 2260, 1836, 2276, 
1821, 2292, 1806, 2307, 1790, 2320, 1777, 2336, 1364, 2732, 
1367, 2736, 1365, 2734, 1368, 2734, 1368, 2731, 1371, 2730, 
1372, 2728, 1375, 2726, 1873, 2227, 1887, 2211, 1902, 2195, 
1919, 2180, 1934, 2163, 1949, 2148, 1965, 2131, 1984, 2118, 
2640, 1457, 2650, 1448, 2659, 1443, 2664, 1435, 2671, 1427, 
2678, 1421, 2683, 1415, 2689, 1410, 2538, 1575, 2526, 1585, 
2514, 1596, 2507, 1611, 2492, 1621, 2479, 1635, 2466, 1647, 
2453, 1660, 1712, 2401, 1697, 2415, 1683, 2428, 1671, 2441, 
1658, 2454, 1644, 2465, 1632, 2480, 1619, 2491, 1390, 2712, 
1395, 2703, 1399, 2699, 1405, 2695, 1409, 2689, 1416, 2684, 
1422, 2676, 1430, 2671, 2056, 2043, 2071, 2028, 2087, 2009, 
2103, 1993, 2119, 1979, 2135, 1963, 2150, 1947, 2167, 1931, 
2712, 1387, 2716, 1383, 2719, 1379, 2722, 1377, 2723, 1375, 
2728, 1372, 2731, 1370, 2733, 1369, 2391, 1723, 2379, 1737, 
2363, 1752, 2351, 1763, 2335, 1779, 2319, 1795, 2306, 1811, 
2291, 1826, 1565, 2545, 1554, 2556, 1543, 2566, 1532, 2577, 
1521, 2587, 1511, 2596, 1502, 2607, 1493, 2615, 1461, 2637, 
1472, 2627, 1479, 2620, 1489, 2610, 1498, 2599, 1507, 2591, 
1518, 2579, 1527, 2571, 2237, 1860, 2253, 1844, 2268, 1830, 
2284, 1815, 2299, 1800, 2313, 1784, 2327, 1771, 2346, 1756, 
2736, 1366, 2733, 1367, 2732, 1368, 2732, 1370, 2731, 1371, 
2727, 1373, 2727, 1375, 2722, 1379, 2220, 1895, 2204, 1909, 
2188, 1926, 2172, 1943, 2157, 1955, 2140, 1972, 2126, 1987, 
2108, 2005, 1454, 2652, 1445, 2659, 1440, 2667, 1432, 2675, 
1425, 2680, 1417, 2687, 1412, 2692, 1405, 2699, 1579, 2520, 
1590, 2510, 1603, 2496, 1615, 2486, 1627, 2474, 1641, 2460, 
1654, 2447, 1667, 2433, 2407, 1692, 2420, 1679, 2435, 1664, 
2447, 1652, 2461, 1639, 2473, 1626, 2486, 1612, 2496, 1603, 
2707, 1396, 2703, 1401, 2699, 1407, 2691, 1413, 2686, 1419, 
2681, 1425, 2676, 1429, 2668, 1440, 2036, 2077, 2020, 2094, 
2005, 2111, 1987, 2127, 1974, 2143, 1958, 2158, 1938, 2174, 
1924, 2187, 1386, 2718, 1382, 2720, 1379, 2724, 1375, 2727, 
1374, 2729, 1371, 2732, 1368, 2732, 1368, 2734, 1730, 2371, 
1740, 2357, 1758, 2344, 1771, 2327, 1787, 2313, 1801, 2296, 
1816, 2284, 1832, 2267, 2550, 1548, 2561, 1539, 2573, 1527, 
2580, 1517, 2592, 1508, 2599, 1497, 2611, 1489, 2618, 1480, 
2635, 1474, 2623, 1484, 2615, 1493, 2606, 1503, 2596, 1511, 
2584, 1522, 2575, 1534, 2569, 1543, 1853, 2260, 1838, 2275, 
1824, 2291, 1808, 2304, 1793, 2318, 1777, 2332, 1761, 2346, 
1751, 2364, 1367, 2732, 1367, 2732, 1370, 2731, 1371, 2729, 
1372, 2727, 1375, 2723, 1377, 2723, 1379, 2719, 1902, 2196, 
1917, 2180, 1932, 2163, 1948, 2151, 1964, 2132, 1980, 2116, 
1991, 2102, 2010, 2083, 2654, 1441, 2662, 1435, 2668, 1428, 
2675, 1421, 2684, 1416, 2689, 1409, 2694, 1404, 2700, 1399, 
2515, 1594, 2503, 1607, 2491, 1619, 2477, 1631, 2468, 1645, 
2455, 1659, 2440, 1672, 2428, 1683, 1686, 2427, 1674, 2439, 
1659, 2451, 1645, 2464, 1632, 2478, 1620, 2490, 1609, 2502, 
1596, 2515, 1398, 2700, 1403, 2695, 1409, 2690, 1414, 2683, 
1422, 2676, 1428, 2672, 1437, 2663, 1442, 2656, 2084, 2014, 
2099, 1993, 2118, 1978, 2132, 1964, 2148, 1948, 2163, 1934, 
2179, 1918, 2196, 1902, 2718, 1380, 2720, 1377, 2723, 1375, 
2727, 1372, 2729, 1371, 2731, 1368, 2195, 1899, 2209, 1884, 
2719, 1376, 2723, 1374, 2724, 1371, 2727, 1369, 2729, 1368, 
2732, 1366, 2734, 1366, 2732, 1366, 2350, 1760, 2334, 1779, 
2319, 1792, 2306, 1808, 2290, 1823, 2273, 1835, 2260, 1852, 
2245, 1868, 1532, 2572, 1523, 2584, 1512, 2592, 1502, 2603, 
1494, 2611, 1485, 2620, 1476, 2627, 1467, 2639, 1486, 2611, 
1496, 2600, 1506, 2592, 1517, 2577, 1524, 2570, 1539, 2559, 
1548, 2551, 1558, 2537, 2279, 1814, 2296, 1803, 2311, 1787, 
2326, 1773, 2339, 1759, 2356, 1743, 2367, 1728, 2382, 1715, 
2731, 1368, 2728, 1371, 2727, 1372, 2726, 1377, 2721, 1378, 
2720, 1382, 2716, 1384, 2713, 1389, 2174, 1937, 2157, 1955, 
2143, 1969, 2127, 1984, 2111, 2000, 2095, 2016, 2077, 2032, 
2062, 2049, 1432, 2671, 1425, 2678, 1420, 2683, 1413, 2688, 
1406, 2694, 1401, 2700, 1396, 2704, 1392, 2711, 1612, 2485, 
1624, 2473, 1635, 2460, 1651, 2449, 1663, 2436, 1678, 2422, 
1692, 2408, 1703, 2394, 2444, 1654, 2456, 1639, 2471, 1628, 
2483, 1615, 2492, 1603, 2507, 1590, 2518, 1582, 2529, 1568, 
2691, 1411, 2683, 1419, 2680, 1423, 2675, 1431, 2665, 1436, 
2660, 1444, 2652, 1452, 2644, 1460, 1989, 2126, 1974, 2137, 
1958, 2155, 1939, 2169, 1926, 2186, 1911, 2200, 1895, 2217, 
1880, 2232, 1376, 2725, 1373, 2724, 1371, 2730, 1370, 2732, 
1368, 2734, 1368, 2735, 1367, 2736, 1366, 2734, 1767, 2329, 
1784, 2315, 1799, 2299, 1812, 2285, 1828, 2270, 1843, 2255, 
1857, 2240, 1874, 2224, 2581, 1518, 2591, 1509, 2599, 1498, 
2608, 1490, 2619, 1480, 2627, 1472, 2636, 1462, 2643, 1454, 
2606, 1497, 2598, 1510, 2588, 1520, 2579, 1532, 2569, 1540, 
2556, 1552, 2546, 1564, 2533, 1577, 1810, 2303, 1795, 2318, 
1782, 2332, 1767, 2345, 1752, 2360, 1737, 2375, 1724, 2392, 
1709, 2403, 1368, 2729, 1371, 2727, 1375, 2724, 1376, 2723, 
1380, 2719, 1383, 2716, 1386, 2708, 1390, 2705, 1944, 2151, 
1959, 2136, 1976, 2121, 1992, 2104, 2009, 2088, 2024, 2072, 
2040, 2057, 2056, 2039, 2675, 1423, 2681, 1415, 2687, 1410, 
2694, 1405, 2699, 1400, 2703, 1395, 2708, 1390, 2712, 1387, 
2481, 1631, 2468, 1643, 2455, 1656, 2443, 1669, 2431, 1682, 
2415, 1696, 2402, 1709, 2391, 1724, 1648, 2463, 1638, 2476, 
1622, 2488, 1609, 2501, 1598, 2511, 1588, 2526, 1576, 2535, 
1562, 2547, 1413, 2684, 1419, 2680, 1427, 2672, 1433, 2665, 
1440, 2659, 1446, 2648, 1455, 2643, 1465, 2635, 2129, 1968, 
2145, 1952, 2160, 1935, 2177, 1920, 2192, 1904, 2209, 1891, 
2224, 1874, 2241, 1859, 2726, 1373, 2730, 1371, 2732, 1369, 
2734, 1371, 2735, 1367, 2736, 1367, 2736, 1367, 2735, 1366, 
2324, 1791, 2308, 1807, 2295, 1821, 2279, 1835, 2256, 1848, 
2247, 1865, 2233, 1880, 2218, 1898, 1514, 2593, 1504, 2603, 
1496, 2612, 1484, 2624, 1475, 2631, 1468, 2639, 1459, 2647, 
1453, 2655, 1504, 2593, 1515, 2585, 1526, 2579, 1535, 2564, 
1548, 2552, 1555, 2542, 1569, 2531, 1582, 2520, 2310, 1788, 
2324, 1775, 2337, 1760, 2353, 1743, 2366, 1729, 2380, 1718, 
2396, 1704, 2409, 1691, 2729, 1373, 2727, 1374, 2724, 1379, 
2724, 1382, 2719, 1383, 2713, 1390, 2711, 1393, 2707, 1398, 
2145, 1968, 2131, 1983, 2112, 2001, 2098, 2017, 2081, 2033, 
2064, 2048, 2049, 2063, 2032, 2080, 1420, 2683, 1413, 2692, 
1409, 2695, 1404, 2700, 1398, 2705, 1393, 2710, 1389, 2713, 
1385, 2718, 1636, 2463, 1648, 2451, 1663, 2439, 1676, 2424, 
1689, 2411, 1703, 2398, 1825, 2131, 2158, 1577, 2496, 1656, 
2392, 1775, 2297, 1959, 2138, 1974, 2123, 1988, 2105, 2007, 
2091, 2022, 2075, 2038, 1439, 2667, 1431, 2675, 1424, 2680, 
1419, 2687, 1411, 2692, 1406, 2695, 1400, 2703, 1396, 2708, 
1604, 2495, 1615, 2483, 1628, 2471, 1641, 2459, 1655, 2445, 
1667, 2432, 1683, 2419, 1694, 2406, 2439, 1664, 2447, 1650, 
2462, 1639, 2473, 1625, 2486, 1610, 2498, 1600, 2510, 1589, 
2520, 1576, 2696, 1408, 2691, 1412, 2684, 1419, 2680, 1425, 
2673, 1433, 2665, 1439, 2659, 1446, 2652, 1457, 2003, 2111, 
1986, 2125, 1969, 2144, 1955, 2159, 1939, 2175, 1923, 2190, 
1909, 2204, 1890, 2222, 1379, 2723, 1375, 2726, 1373, 2728, 
1372, 2731, 1369, 2732, 1368, 2732, 1369, 2735, 1366, 2736, 
1760, 2340, 1773, 2326, 1790, 2311, 1801, 2296, 1817, 2283, 
1835, 2267, 1847, 2252, 1863, 2235, 2572, 1526, 2582, 1516, 
2593, 1507, 2601, 1496, 2610, 1488, 2618, 1480, 2628, 1469, 
2636, 1462, 2612, 1494, 2604, 1504, 2595, 1512, 2587, 1523, 
2574, 1537, 2564, 1543, 2554, 1555, 2542, 1567, 1822, 2292, 
1807, 2305, 1792, 2320, 1777, 2335, 1763, 2352, 1751, 2364, 
1734, 2378, 1720, 2392, 1369, 2730, 1370, 2729, 1372, 2727, 
1374, 2724, 1379, 2720, 1383, 2718, 1385, 2715, 1387, 2712, 
1933, 2164, 1949, 2148, 1966, 2132, 1980, 2115, 1996, 2098, 
2012, 2085, 2030, 2068, 2045, 2051, 2670, 1427, 2675, 1422, 
2681, 1414, 2687, 1407, 2695, 1402, 2699, 1400, 2703, 1393, 
2711, 1391, 2488, 1622, 2478, 1634, 2467, 1647, 2454, 1660, 
2440, 1673, 2427, 1686, 2412, 1702, 2400, 1713, 1657, 2455, 
1645, 2467, 1632, 2478, 1622, 2491, 1607, 2503, 1595, 2516, 
1582, 2526, 1573, 2540, 1410, 2689, 1415, 2683, 1422, 2675, 
1428, 2670, 1435, 2663, 1442, 2656, 1451, 2648, 1459, 2640, 
2118, 1979, 2135, 1963, 2153, 1948, 2166, 1932, 2182, 1916, 
2196, 1900, 2212, 1878, 2228, 1868, 2726, 1375, 2727, 1372, 
2731, 1369, 2732, 1369, 2734, 1366, 2734, 1368, 2736, 1368, 
2736, 1367, 2335, 1780, 2323, 1793, 2305, 1810, 2290, 1825, 
2275, 1839, 2260, 1855, 2243, 1870, 2227, 1886, 1523, 2588, 
1514, 2594, 1500, 2607, 1492, 2615, 1483, 2623, 1475, 2631, 
1465, 2640, 1457, 2649, 1499, 2599, 1507, 2594, 1517, 2580, 
1527, 2570, 1538, 2560, 1549, 2551, 1563, 2541, 1572, 2527, 
2302, 1800, 2315, 1787, 2328, 1772, 2343, 1756, 2356, 1742, 
2371, 1728, 2385, 1713, 2400, 1700, 2731, 1372, 2728, 1372, 
2727, 1375, 2723, 1379, 2719, 1382, 2716, 1387, 2714, 1390, 
2710, 1393, 2158, 1958, 2143, 1973, 2124, 1988, 2108, 2003, 
2093, 2019, 2076, 2035, 2062, 2052, 2048, 2068, 1424, 2680, 
1417, 2686, 1412, 2691, 1406, 2695, 1400, 2702, 1396, 2705, 
1392, 2711, 1390, 2716, 1627, 2471, 1639, 2460, 1652, 2446, 
1664, 2435, 1679, 2419, 1692, 2407, 1707, 2391, 1719, 2384, 
2460, 1639, 2473, 1627, 2486, 1614, 2497, 1601, 2508, 1590, 
2520, 1577, 2535, 1564, 2543, 1554, 2686, 1418, 2680, 1423, 
2673, 1432, 2668, 1436, 2659, 1448, 2653, 1452, 2646, 1462, 
2636, 1468, 1972, 2140, 1956, 2158, 1940, 2173, 1925, 2188, 
1909, 2204, 1894, 2219, 1877, 2236, 1862, 2251, 1372, 2728, 
1370, 2731, 1369, 2732, 1368, 2734, 1367, 2736, 1368, 2732, 
1367, 2736, 1366, 2736, 1787, 2314, 1801, 2297, 1816, 2283, 
1832, 2268, 1847, 2257, 1862, 2239, 1878, 2224, 1891, 2206, 
2591, 1507, 2599, 1497, 2609, 1488, 2620, 1480, 2627, 1469, 
2636, 1464, 2643, 1455, 2651, 1447, 2599, 1517, 2587, 1521, 
2011, 2082, 2028, 2067, 2041, 2050, 2059, 2035, 2076, 2019, 
2092, 2003, 2684, 1411, 2690, 1403, 2696, 1398, 2702, 1393, 
2707, 1391, 2711, 1385, 2713, 1380, 2719, 1378, 2450, 1657, 
2438, 1671, 2425, 1685, 2412, 1697, 2396, 1714, 2383, 1728, 
2368, 1740, 2355, 1755, 1617, 2488, 1606, 2502, 1593, 2513, 
1584, 2526, 1571, 2535, 1557, 2550, 1548, 2559, 1542, 2568, 
1427, 2669, 1432, 2663, 1441, 2656, 1448, 2648, 1456, 2639, 
1465, 2631, 1472, 2623, 1484, 2615, 2163, 1932, 2179, 1915, 
2195, 1900, 2211, 1884, 2227, 1869, 2243, 1854, 2257, 1837, 
2276, 1822, 2729, 1367, 2731, 1367, 2734, 1366, 2734, 1366, 
2735, 1365, 2734, 1366, 2736, 1364, 2731, 1367, 2290, 1823, 
2273, 1838, 2260, 1855, 2243, 1868, 2230, 1884, 2214, 1903, 
2199, 1915, 2180, 1933, 1492, 2612, 1483, 2623, 1474, 2631, 
1466, 2639, 1458, 2648, 1450, 2654, 1441, 2664, 1433, 2670, 
1528, 2571, 1537, 2559, 1548, 2550, 1560, 2537, 1571, 2527, 
1583, 2515, 1595, 2503, 1606, 2492, 2342, 1759, 2357, 1741, 
2372, 1728, 2384, 1715, 2400, 1702, 2414, 1687, 2425, 1671, 
2439, 1660, 2723, 1378, 2720, 1381, 2718, 1385, 2713, 1390, 
2710, 1395, 2706, 1396, 2703, 1404, 2695, 1409, 2110, 2003, 
2095, 2019, 2078, 2033, 2061, 2051, 2044, 2067, 2030, 2083, 
2015, 2099, 1997, 2114, 1406, 2695, 1400, 2702, 1396, 2705, 
1392, 2713, 1385, 2715, 1383, 2719, 1381, 2720, 1376, 2726, 
1665, 2435, 1678, 2422, 1691, 2407, 1707, 2396, 1720, 2380, 
1735, 2366, 1748, 2352, 1763, 2337, 2496, 1603, 2508, 1591, 
2520, 1578, 2531, 1568, 2540, 1556, 2553, 1544, 2563, 1534, 
2574, 1523, 2666, 1438, 2659, 1445, 2652, 1456, 2643, 1460, 
2636, 1470, 2627, 1477, 2620, 1488, 2611, 1496, 1925, 2187, 
1909, 2204, 1892, 2217, 1879, 2235, 1863, 2249, 1848, 2267, 
1832, 2280, 1817, 2296, 1368, 2733, 1367, 2734, 1368, 2737, 
1366, 2736, 1368, 2735, 1365, 2734, 1368, 2733, 1369, 2732, 
1831, 2268, 1845, 2251, 1862, 2237, 1877, 2223, 1892, 2207, 
1907, 2191, 1923, 2175, 1937, 2159, 2616, 1479, 2625, 1468, 
2636, 1463, 2645, 1455, 2652, 1447, 2660, 1439, 2668, 1432, 
2672, 1426, 2568, 1543, 2556, 1554, 2544, 1564, 2533, 1576, 
2521, 1588, 2512, 1600, 2499, 1612, 2486, 1624, 1751, 2363, 
1739, 2375, 1721, 2391, 1708, 2404, 1695, 2419, 1682, 2432, 
1669, 2444, 1654, 2457, 1376, 2719, 1383, 2715, 1387, 2712, 
1390, 2707, 1397, 2703, 1401, 2699, 1406, 2692, 1412, 2691, 
2008, 2086, 2025, 2072, 2044, 2055, 2058, 2038, 2075, 2023, 
2091, 2008, 2107, 1991, 2123, 1974, 2696, 1401, 2705, 1395, 
2710, 1390, 2712, 1386, 2717, 1383, 2720, 1379, 2723, 1377, 
2727, 1374, 2428, 1685, 2416, 1699, 2403, 1713, 2388, 1728, 
2375, 1740, 2360, 1755, 2344, 1767, 2332, 1783, 1598, 2515, 
1586, 2526, 1573, 2537, 1562, 2548, 1550, 2558, 1540, 2569, 
1529, 2576, 1520, 2590, 1441, 2657, 1449, 2649, 1456, 2640, 
1464, 2633, 1474, 2625, 1481, 2615, 1490, 2608, 1500, 2599, 
2195, 1903, 2209, 1886, 2227, 1872, 2242, 1856, 2258, 1842, 
2272, 1827, 2287, 1810, 2303, 1796, 2735, 1367, 2735, 1367, 
2736, 1367, 2736, 1367, 2734, 1368, 2734, 1368, 2731, 1371, 
2731, 1372, 2261, 1852, 2247, 1866, 2230, 1881, 2215, 1899, 
2200, 1914, 2188, 1931, 2168, 1945, 2151, 1962, 1475, 2632, 
1468, 2639, 1459, 2648, 1451, 2655, 1444, 2662, 1438, 2670, 
1426, 2675, 1423, 2683, 1548, 2552, 1560, 2541, 1592, 2439, 
1805, 1917, 2531, 1510, 2648, 1436, 2680, 1398, 2729, 1369, 
2407, 1705, 2393, 1720, 2380, 1735, 2367, 1750, 2350, 1762, 
2339, 1777, 2320, 1792, 2307, 1807, 1577, 2533, 1567, 2544, 
1555, 2553, 1544, 2564, 1535, 2574, 1523, 2584, 1512, 2594, 
1503, 2604, 1452, 2644, 1459, 2637, 1469, 2627, 1480, 2620, 
1487, 2611, 1495, 2602, 1505, 2592, 1516, 2582, 2220, 1878, 
2235, 1863, 2250, 1848, 2265, 1832, 2282, 1816, 2296, 1801, 
2311, 1787, 2326, 1775, 2736, 1366, 2735, 1366, 2735, 1365, 
2735, 1368, 2729, 1369, 2732, 1371, 2729, 1373, 2728, 1375, 
2238, 1875, 2222, 1891, 2209, 1905, 2191, 1923, 2175, 1939, 
2160, 1956, 2144, 1969, 2127, 1987, 1463, 2643, 1455, 2652, 
1448, 2659, 1439, 2667, 1433, 2673, 1426, 2676, 1420, 2687, 
1414, 2691, 1565, 2535, 1578, 2522, 1590, 2515, 1601, 2499, 
1612, 2487, 1625, 2476, 1638, 2462, 1652, 2451, 2391, 1710, 
2404, 1695, 2419, 1680, 2433, 1667, 2446, 1655, 2457, 1641, 
2471, 1629, 2481, 1615, 2712, 1395, 2707, 1396, 2703, 1402, 
2700, 1406, 2692, 1411, 2687, 1417, 2683, 1423, 2675, 1430, 
2057, 2060, 2039, 2072, 2023, 2092, 2006, 2107, 1990, 2123, 
1974, 2139, 1959, 2156, 1942, 2171, 1388, 2715, 1386, 2715, 
1383, 2719, 1380, 2723, 1376, 2727, 1374, 2728, 1371, 2732, 
1370, 2732, 1713, 2387, 1724, 2372, 1741, 2360, 1756, 2345, 
1769, 2329, 1784, 2314, 1799, 2300, 1812, 2286, 2536, 1558, 
2548, 1550, 2558, 1539, 2570, 1529, 2579, 1519, 2590, 1508, 
2598, 1499, 2606, 1488, 2641, 1464, 2633, 1474, 2624, 1480, 
2615, 1491, 2607, 1500, 2598, 1511, 2584, 1520, 2579, 1531, 
1871, 2240, 1856, 2257, 1841, 2272, 1827, 2288, 1810, 2303, 
1796, 2318, 1782, 2334, 1765, 2347, 1366, 2736, 1367, 2734, 
1366, 2732, 1368, 2731, 1369, 2730, 1372, 2728, 1371, 2727, 
1376, 2723, 1884, 2216, 1898, 2200, 1913, 2183, 1929, 2167, 
1945, 2153, 1961, 2136, 1976, 2120, 1994, 2104, 2648, 1452, 
2656, 1443, 2662, 1436, 2670, 1430, 2676, 1423, 2681, 1417, 
2686, 1411, 2694, 1405, 2528, 1582, 2518, 1593, 2504, 1604, 
2496, 1617, 2481, 1631, 2472, 1641, 2456, 1656, 2444, 1671, 
1703, 2412, 1688, 2424, 1676, 2438, 1662, 2451, 1649, 2464, 
1640, 2478, 1624, 2489, 1612, 2500, 1393, 2705, 1397, 2701, 
1403, 2695, 1409, 2691, 1415, 2684, 1422, 2675, 1427, 2672, 
1433, 2664, 2066, 2030, 2082, 2015, 2099, 1998, 2114, 1983, 
2127, 1967, 2145, 1951, 2163, 1936, 2179, 1920, 2714, 1384, 
2719, 1382, 2720, 1379, 2723, 1372, 2726, 1372, 2729, 1371, 
2731, 1368, 2734, 1368, 2382, 1732, 2367, 1747, 2353, 1762, 
2338, 1775, 2324, 1787, 2308, 1804, 2293, 1820, 2278, 1834, 
1557, 2552, 1545, 2563, 1535, 2575, 1527, 2584, 1514, 2592, 
1504, 2603, 1495, 2611, 1486, 2621, 1468, 2631, 1476, 2623, 
1487, 2608, 1497, 2601, 1505, 2593, 1515, 2584, 1525, 2574, 
1536, 2563, 2248, 1848, 2264, 1833, 2278, 1819, 2294, 1807, 
2309, 1789, 2324, 1775, 2337, 1761, 2353, 1745, 2733, 1368, 
2733, 1367, 2734, 1367, 2730, 1371, 2729, 1372, 2726, 1376, 
2724, 1379, 2722, 1381, 2209, 1909, 2193, 1923, 2175, 1936, 
2161, 1953, 2145, 1968, 2128, 1984, 2113, 1999, 2096, 2015, 
1448, 2656, 1440, 2665, 1434, 2672, 1425, 2678, 1420, 2684, 
1414, 2690, 1408, 2695, 1403, 2702, 1585, 2511, 1596, 2501, 
1614, 2488, 1623, 2476, 1635, 2463, 1648, 2451, 1662, 2438, 
1676, 2424, 2417, 1686, 2428, 1668, 2443, 1656, 2456, 1643, 
2468, 1631, 2480, 2494, 2494, 2715, 1380, 2716, 1651, 2443, 
1663, 2432, 1678, 2419, 1692, 2404, 1705, 2391, 1718, 2377, 
1735, 2363, 1748, 2348, 2483, 1612, 2496, 1602, 2505, 1590, 
2520, 1576, 2528, 1563, 2540, 1554, 2552, 1543, 2563, 1532, 
2683, 1419, 2676, 1424, 2670, 1432, 2663, 1439, 2656, 1445, 
2648, 1454, 2641, 1462, 2632, 1471, 1968, 2142, 1951, 2158, 
1937, 2174, 1921, 2192, 1904, 2207, 1891, 2220, 1873, 2236, 
1859, 2251, 1372, 2727, 1369, 2728, 1369, 2731, 1363, 2734, 
1366, 2732, 1366, 2733, 1365, 2733, 1366, 2734, 1788, 2310, 
1801, 2295, 1816, 2278, 1830, 2264, 1849, 2247, 1862, 2235, 
1879, 2217, 1894, 2202, 2591, 1505, 2600, 1495, 2608, 1488, 
2618, 1475, 2630, 1468, 2638, 1460, 2644, 1452, 2653, 1444, 
2595, 1512, 2586, 1525, 2578, 1533, 2564, 1545, 2552, 1556, 
2542, 1567, 2531, 1579, 2519, 1590, 1792, 2322, 1776, 2334, 
1763, 2351, 1746, 2363, 1730, 2379, 1719, 2393, 1705, 2407, 
1692, 2420, 1372, 2727, 1374, 2723, 1378, 2723, 1380, 2718, 
1383, 2713, 1388, 2710, 1392, 2707, 1397, 2704, 1966, 2131, 
1984, 2113, 1999, 2099, 2012, 2083, 2028, 2067, 2047, 2049, 
2061, 2035, 2079, 2019, 2683, 1417, 2689, 1408, 2695, 1404, 
2700, 1398, 2706, 1393, 2708, 1389, 2714, 1385, 2718, 1382, 
2464, 1648, 2452, 1663, 2439, 1673, 2426, 1688, 2412, 1702, 
2398, 1715, 2384, 1728, 2370, 1743, 1628, 2483, 1619, 2492, 
1607, 2505, 1593, 2515, 1582, 2528, 1571, 2539, 1559, 2550, 
1548, 2559, 1420, 2676, 1427, 2672, 1433, 2663, 1443, 2656, 
1450, 2648, 1457, 2639, 1466, 2628, 1475, 2623, 2150, 1945, 
2167, 1931, 2183, 1916, 2199, 1900, 2214, 1884, 2230, 1868, 
2244, 1854, 2259, 1839, 2731, 1369, 2732, 1368, 2732, 1368, 
2734, 1367, 2735, 1366, 2734, 1367, 2734, 1366, 2734, 1367, 
2303, 1811, 2288, 1824, 2273, 1840, 2259, 1855, 2243, 1871, 
2227, 1886, 2212, 1901, 2196, 1918, 1502, 2607, 1492, 2615, 
1481, 2624, 1473, 2633, 1466, 2641, 1457, 2649, 1450, 2657, 
1442, 2664, 1518, 2583, 1527, 2571, 1540, 2560, 1548, 2550, 
1561, 2540, 1572, 2528, 1584, 2515, 1596, 2503, 2328, 1771, 
2343, 1756, 2357, 1740, 2371, 1726, 2386, 1713, 2399, 1700, 
2414, 1687, 2428, 1672, 2725, 1376, 2723, 1377, 2721, 1382, 
2716, 1386, 2713, 1390, 2708, 1394, 2704, 1399, 2700, 1404, 
2124, 1988, 2108, 2006, 2092, 2021, 2077, 2035, 2060, 2055, 
2043, 2070, 2028, 2085, 2011, 2102, 1411, 2691, 1406, 2698, 
1402, 2700, 1396, 2707, 1392, 2712, 1387, 2717, 1384, 2719, 
1380, 2723, 1654, 2447, 1666, 2433, 1681, 2420, 1694, 2407, 
1708, 2393, 1723, 2380, 1735, 2364, 1751, 2351, 2486, 1613, 
2499, 1601, 2511, 1590, 2521, 1576, 2532, 1566, 2544, 1555, 
2555, 1543, 2566, 1533, 2673, 1432, 2667, 1439, 2660, 1446, 
2652, 1453, 2644, 1462, 2638, 1470, 2628, 1479, 2620, 1488, 
1939, 2174, 1924, 2189, 1907, 2204, 1892, 2222, 1878, 2239, 
1862, 2252, 1847, 2266, 1831, 2283, 1369, 2733, 1368, 2734, 
1367, 2736, 1368, 2735, 1367, 2736, 1366, 2736, 1368, 2735, 
1368, 2732, 1816, 2284, 1832, 2267, 1846, 2252, 1862, 2236, 
1876, 2222, 1894, 2204, 1910, 2190, 1923, 2174, 2609, 1488, 
2619, 1478, 2627, 1470, 2636, 1462, 2644, 1454, 2652, 1446, 
2659, 1439, 2665, 1431, 2576, 1532, 2567, 1541, 2556, 1555, 
2543, 1564, 2535, 1578, 2521, 1588, 2510, 1604, 2497, 1614, 
1764, 2349, 1751, 2365, 1735, 2379, 1720, 2392, 1705, 2407, 
1694, 2418, 1679, 2524, 1496, 2732, 1927, 2110, 2031, 2006, 
2107, 1932, 2238, 1861, 2254, 1844, 2268, 1829, 2284, 1814, 
2299, 1800, 2734, 1367, 2734, 1367, 2734, 1365, 2735, 1367, 
2734, 1366, 2734, 1369, 2732, 1369, 2731, 1369, 2264, 1848, 
2249, 1863, 2234, 1880, 2218, 1894, 2204, 1911, 2187, 1926, 
2173, 1941, 2155, 1956, 1476, 2629, 1470, 2639, 1461, 2648, 
1454, 2653, 1444, 2660, 1438, 2668, 1431, 2675, 1424, 2680, 
1545, 2553, 1556, 2544, 1567, 2531, 1579, 2520, 1591, 2508, 
1603, 2497, 1615, 2484, 1628, 2473, 2366, 1735, 2382, 1720, 
2395, 1705, 2408, 1691, 2422, 1679, 2435, 1664, 2448, 1651, 
2462, 1639, 2718, 1384, 2714, 1388, 2712, 1392, 2707, 1397, 
2702, 1401, 2697, 1407, 2691, 1412, 2686, 1420, 2081, 2030, 
2067, 2046, 2051, 2063, 2035, 2078, 2019, 2093, 2002, 2111, 
1987, 2126, 1971, 2142, 1398, 2704, 1394, 2710, 1389, 2715, 
1386, 2718, 1381, 2721, 1378, 2724, 1375, 2726, 1374, 2729, 
1688, 2414, 1702, 2398, 1716, 2384, 1728, 2369, 1743, 2358, 
1759, 2343, 1772, 2327, 1788, 2312, 2518, 1583, 2528, 1571, 
2540, 1560, 2551, 1548, 2560, 1537, 2570, 1526, 2582, 1516, 
2591, 1507, 2656, 1450, 2647, 1458, 2639, 1466, 2631, 1475, 
2623, 1480, 2615, 1494, 2606, 1502, 2596, 1512, 1899, 2215, 
1884, 2230, 1869, 2246, 1852, 2260, 1839, 2276, 1822, 2291, 
1808, 2305, 1792, 2320, 1366, 2734, 1366, 2734, 1366, 2734, 
1367, 2732, 1367, 2732, 1368, 2731, 1371, 2729, 1372, 2727, 
1856, 2241, 1871, 2227, 1884, 2211, 1902, 2196, 1918, 2181, 
1934, 2164, 1948, 2149, 1964, 2132, 2634, 1465, 2641, 1457, 
2649, 1451, 2656, 1443, 2663, 1435, 2668, 1428, 2678, 1422, 
2684, 1416, 2547, 1561, 2537, 1572, 2527, 1584, 2515, 1596, 
2502, 1607, 2491, 1620, 2478, 1633, 2464, 1646, 1727, 2387, 
1713, 2400, 1700, 2414, 1686, 2427, 1671, 2440, 1659, 2454, 
1646, 2467, 1632, 2478, 1386, 2712, 1390, 2708, 1393, 2704, 
1399, 2700, 1404, 2694, 1409, 2688, 1415, 2683, 1421, 2677, 
2035, 2059, 2052, 2043, 2068, 2027, 2086, 2012, 2100, 1995, 
2116, 1980, 2132, 1964, 2150, 1948, 2708, 1392, 2711, 1388, 
2715, 1383, 2719, 1380, 2720, 1376, 2726, 1374, 2727, 1372, 
2729, 1370, 2406, 1708, 2392, 1721, 2377, 1735, 2364, 1752, 
2350, 1764, 2335, 1779, 2319, 1793, 2303, 1808, 1576, 2532, 
1565, 2544, 1555, 2555, 1543, 2566, 1532, 2575, 1521, 2586, 
1512, 2595, 1503, 2604, 1448, 2644, 1464, 2636, 1470, 2627, 
1479, 2620, 1488, 2611, 1497, 2601, 1507, 2592, 1516, 2582, 
2222, 1877, 2236, 1862, 2251, 1846, 2268, 1831, 2284, 1816, 
2297, 1801, 2313, 1787, 2327, 1771, 2735, 1366, 2734, 1366, 
2734, 1367, 2733, 1368, 2732, 1369, 2731, 1371, 2728, 1374, 
2727, 1376, 2235, 1878, 2220, 1893, 2205, 1908, 2190, 1923, 
2171, 1940, 2158, 1956, 2141, 1972, 2126, 1987, 1462, 2644, 
1455, 2652, 1446, 2659, 1439, 2667, 1434, 2673, 1426, 2680, 
1419, 2686, 1413, 2691, 1566, 2533, 1578, 2521, 1590, 2510, 
1601, 2498, 1614, 2487, 1624, 2473, 1640, 2462, 1652, 2448, 
2393, 1707, 2406, 1693, 2421, 1680, 2432, 1667, 2445, 1652, 
2459, 1640, 2472, 1628, 2486, 1614, 2711, 1391, 2707, 1396, 
2704, 1401, 2697, 1408, 2692, 1413, 2687, 1418, 2682, 1424, 
2674, 1431, 2052, 2060, 2035, 2078, 2020, 2092, 2005, 2109, 
1988, 2124, 1972, 2140, 1957, 2156, 1943, 2172, 1390, 2712, 
1385, 2716, 1383, 2720, 1379, 2723, 1376, 2727, 1375, 2729, 
1370, 2732, 1370, 2732, 1714, 2387, 1728, 2372, 1742, 2289, 
1807, 2303, 1792, 2319, 1776, 2332, 1763, 2347, 1747, 2361, 
1366, 2732, 1367, 2731, 1368, 2729, 1369, 2726, 1370, 2727, 
1373, 2723, 1377, 2720, 1379, 2718, 1900, 2195, 1916, 2181, 
1932, 2163, 1945, 2147, 1963, 2132, 1979, 2115, 1996, 2100, 
2009, 2084, 2654, 1441, 2662, 1434, 2668, 1428, 2675, 1422, 
2681, 1414, 2688, 1410, 2692, 1402, 2699, 1399, 2515, 1595, 
2502, 1608, 2491, 1619, 2479, 1631, 2465, 1646, 2453, 1658, 
2440, 1671, 2428, 1686, 1686, 2425, 1671, 2440, 1659, 2454, 
1645, 2465, 1632, 2477, 1620, 2491, 1607, 2503, 1595, 2512, 
1398, 2697, 1403, 2694, 1409, 2688, 1415, 2683, 1420, 2676, 
1426, 2671, 1435, 2663, 1441, 2656, 2054, 2041, 2071, 2025, 
2087, 2008, 2102, 1993, 2119, 1976, 2134, 1960, 2150, 1947, 
2167, 1929, 2703, 1393, 2708, 1391, 2711, 1385, 2716, 1382, 
2719, 1378, 2722, 1375, 2726, 1373, 2727, 1371, 2439, 1672, 
2427, 1684, 2413, 1700, 2398, 1714, 2385, 1727, 2371, 1741, 
2357, 1757, 2342, 1771, 1629, 2481, 1617, 2492, 1605, 2505, 
1594, 2516, 1582, 2528, 1571, 2539, 1559, 2550, 1548, 2561, 
1423, 2676, 1430, 2670, 1436, 2663, 1442, 2655, 1451, 2648, 
1459, 2640, 1468, 2632, 1474, 2623, 2152, 1944, 2167, 1929, 
2184, 1914, 2200, 1898, 2215, 1883, 2232, 1868, 2246, 1852, 
2260, 1836, 2730, 1369, 2732, 1368, 2733, 1367, 2735, 1366, 
2735, 1365, 2736, 1367, 2735, 1366, 2733, 1368, 2303, 1811, 
2288, 1825, 2273, 1840, 2257, 1856, 2241, 1871, 2226, 1887, 
2211, 1903, 2196, 1918, 1501, 2612, 1492, 2616, 1483, 2625, 
1473, 2633, 1465, 2641, 1457, 2649, 1448, 2656, 1441, 2663, 
1519, 2580, 1529, 2571, 1539, 2560, 1552, 2549, 1560, 2537, 
1574, 2526, 1587, 2515, 1597, 2503, 2331, 1770, 2344, 1756, 
2359, 1741, 2374, 1727, 2387, 1711, 2400, 1699, 2414, 1685, 
2429, 1672, 2727, 1376, 2723, 1379, 2721, 1382, 2716, 1388, 
2713, 1390, 2710, 1395, 2705, 1399, 2700, 1404, 2123, 1990, 
2107, 2006, 2094, 2022, 2076, 2038, 2060, 2054, 2043, 2070, 
2028, 2087, 2012, 2102, 1412, 2692, 1405, 2697, 1401, 2703, 
1396, 2708, 1392, 2711, 1387, 2716, 1385, 2719, 1381, 2724, 
1654, 2445, 1667, 2432, 1680, 2419, 1695, 2406, 1708, 2392, 
1722, 2376, 1736, 2364, 1749, 2350, 2486, 1612, 2499, 1599, 
2511, 1588, 2522, 1576, 2534, 1565, 2546, 1555, 2556, 1543, 
2564, 1533, 2673, 1432, 2665, 1439, 2659, 1446, 2651, 1456, 
2644, 1463, 2635, 1471, 2627, 1479, 2619, 1488, 1939, 2175, 
1923, 2190, 1907, 2206, 1892, 2222, 1876, 2237, 1861, 2254, 
1847, 2267, 1830, 2284, 1369, 2733, 1368, 2734, 1366, 2736, 
1366, 2735, 1366, 2734, 1366, 2734, 1367, 2732, 1368, 2732, 
1817, 2285, 1833, 2266, 1848, 2252, 1863, 2236, 1877, 2220, 
1893, 2204, 1909, 2190, 1927, 2172, 2611, 1487, 2620, 1479, 
2628, 1470, 2636, 1462, 2645, 1454, 2652, 1446, 2659, 1439, 
2667, 1432, 2575, 1535, 2567, 1545, 2555, 1555, 2544, 1568, 
2533, 1579, 2520, 1591, 2510, 1603, 2497, 1615, 1762, 2351, 
1750, 2366, 1735, 2380, 1720, 2392, 1706, 2407, 1691, 2419, 
1679, 2434, 1665, 2447, 1377, 2721, 1382, 2719, 1384, 2716, 
1390, 2711, 1392, 2707, 1396, 2702, 1402, 2696, 1407, 2691, 
1995, 2102, 2012, 2084, 2029, 2069, 2046, 2052, 2062, 2037, 
2076, 2021, 2092, 2002, 2111, 1988, 2695, 1404, 2700, 1399, 
2705, 1395, 2711, 1390, 2713, 1385, 2716, 1382, 2723, 1378, 
2723, 1375, 2440, 1672, 2427, 1686, 2412, 1835, 2179, 2111, 
1612, 2719, 1371, 2733, 1367, 2729, 1380, 2662, 2073, 2024, 
2089, 2008, 2104, 1993, 2120, 1976, 2138, 1960, 2153, 1944, 
2168, 1929, 2185, 1913, 2716, 1383, 2719, 1380, 2722, 1375, 
2726, 1374, 2728, 1373, 2731, 1370, 2732, 1369, 2734, 1368, 
2377, 1739, 2361, 1753, 2346, 1767, 2332, 1783, 2316, 1797, 
2303, 1812, 2287, 1828, 2272, 1841, 1552, 2558, 1540, 2567, 
1530, 2577, 1521, 2588, 1510, 2597, 1501, 2608, 1491, 2617, 
1482, 2624, 1472, 2624, 1481, 2617, 1491, 2608, 1500, 2599, 
1510, 2590, 1520, 2579, 1530, 2569, 1540, 2559, 2255, 1843, 
2271, 1828, 2287, 1812, 2300, 1796, 2315, 1783, 2332, 1768, 
2346, 1754, 2359, 1739, 2732, 1366, 2734, 1368, 2732, 1370, 
2729, 1371, 2729, 1375, 2726, 1376, 2723, 1379, 2719, 1383, 
2202, 1912, 2185, 1927, 2169, 1944, 2154, 1960, 2137, 1976, 
2124, 1991, 2105, 2007, 2091, 2023, 1458, 2648, 1451, 2655, 
1443, 2661, 1433, 2670, 1429, 2676, 1422, 2682, 1416, 2688, 
1409, 2693, 1570, 2528, 1582, 2518, 1593, 2504, 1605, 2495, 
1619, 2480, 1631, 2468, 1645, 2455, 1656, 2443, 2396, 1702, 
2412, 1688, 2424, 1674, 2439, 1661, 2450, 1648, 2465, 1634, 
2476, 1621, 2491, 1608, 2710, 1393, 2706, 1399, 2700, 1401, 
2695, 1408, 2691, 1414, 2684, 1420, 2679, 1428, 2672, 1433, 
2046, 2067, 2031, 2083, 2015, 2099, 1998, 2114, 1983, 2131, 
1967, 2147, 1951, 2162, 1933, 2178, 1388, 2715, 1383, 2718, 
1381, 2721, 1377, 2725, 1375, 2727, 1372, 2729, 1371, 2732, 
1368, 2734, 1718, 2382, 1734, 2367, 1748, 2353, 1762, 2338, 
1777, 2323, 1790, 2310, 1807, 2292, 1822, 2278, 2543, 1555, 
2553, 1545, 2564, 1534, 2574, 1523, 2583, 1512, 2594, 1505, 
2604, 1494, 2612, 1486, 2636, 1469, 2630, 1478, 2622, 1487, 
2615, 1495, 2604, 1506, 2593, 1515, 2584, 1527, 2574, 1536, 
1864, 2249, 1850, 2265, 1834, 2279, 1819, 2294, 1803, 2310, 
1789, 2324, 1775, 2339, 1761, 2354, 1367, 2733, 1364, 2732, 
1367, 2732, 1369, 2731, 1371, 2728, 1373, 2727, 1375, 2724, 
1377, 2720, 1889, 2207, 1904, 2192, 1921, 2176, 1937, 2160, 
1955, 2144, 1971, 2128, 1985, 2112, 2000, 2097, 2651, 1447, 
2658, 1440, 2664, 1433, 2672, 1426, 2679, 1420, 2684, 1413, 
2689, 1407, 2696, 1403, 2523, 1588, 2512, 1600, 2499, 1612, 
2488, 1623, 2476, 1637, 2463, 1649, 2451, 1662, 2436, 1676, 
1695, 2417, 1682, 2430, 1668, 2444, 1655, 2457, 1643, 2470, 
1630, 2483, 1615, 2494, 1604, 2508, 1396, 2704, 1400, 2698, 
1405, 2693, 1409, 2688, 1418, 2681, 1422, 2675, 1430, 2668, 
1438, 2662, 2074, 2023, 2091, 2008, 2105, 1991, 2120, 1975, 
2135, 1960, 2154, 1944, 2169, 1928, 2184, 1912, 2716, 1383, 
2719, 1380, 2723, 1376, 2723, 1375, 2728, 1371, 2729, 1370, 
2731, 1369, 2735, 1368, 2375, 1739, 2360, 1755, 2347, 1768, 
2331, 1782, 2316, 1798, 2302, 1814, 2288, 1827, 2272, 1843, 
1552, 2558, 1540, 2568, 1529, 2578, 1520, 2588, 1509, 2598, 
1500, 2608, 1490, 2618, 1482, 2626, 1472, 2627, 1481, 2617, 
1491, 2608, 1500, 2598, 1509, 2590, 1519, 2579, 1528, 2570, 
1541, 2559, 2256, 1841, 2271, 1828, 2287, 1811, 2303, 1796, 
2316, 1783, 2331, 1767, 2344, 1753, 2360, 1739, 2734, 1367, 
2732, 1368, 2732, 1369, 2731, 1371, 2732, 1372, 2725, 1376, 
2723, 1380, 2719, 1382, 2200, 1912, 2185, 1927, 2168, 1944, 
2153, 1959, 2137, 1976, 2121, 1991, 2105, 2007, 2088, 2023, 
1443, 2662, 1436, 2668, 1430, 2675, 1423, 2680, 1416, 2687, 
1411, 2691, 1404, 1688, 2408, 1702, 1692, 2416, 1678, 2430, 
1665, 2443, 1651, 2456, 1639, 2470, 1627, 2481, 1613, 2494, 
1600, 2505, 1394, 2700, 1401, 2696, 1404, 2691, 1411, 2684, 
1417, 2678, 1423, 2673, 1430, 2665, 1436, 2659, 
END
Manual trigger reset! Waiting for next signal...
reset bools done, waiting for next trigger...
Trigger at idx=8193 raw=2460
Capture ready: pre-trigger + post-trigger window complete.
TRIGGER TYPE IS: RISING
Sample threshold is: 2048

----DEBUG INFO----
Core: 0, Trigger: 8193, Size: 16388
START
0, 2412, 1775, 2648, 1362, 2283, 1670, 2467, 1506, 2604, 
1396, 2683, 1350, 2696, 1375, 2637, 1465, 2518, 1616, 2348, 
1808, 2675, 1415, 2587, 1539, 2439, 1713, 2248, 1918, 2033, 
2135, 1821, 2342, 1628, 2516, 1475, 2639, 1924, 2246, 1720, 
2439, 1546, 2588, 1420, 2680, 1358, 2708, 1368, 2667, 1445, 
2559, 1584, 2399, 1354, 2697, 1401, 2621, 1512, 2484, 1676, 
2303, 1875, 2092, 2092, 1873, 2303, 1675, 2487, 1511, 1987, 
1979, 2205, 1769, 2405, 1585, 2564, 1447, 2672, 1370, 2716, 
1361, 2689, 1425, 2593, 1551, 2707, 1356, 2712, 1387, 2650, 
1483, 2526, 1638, 2352, 1832, 2144, 2047, 1927, 2264, 1721, 
2455, 2248, 1942, 2033, 2160, 1819, 2367, 1627, 2539, 1476, 
2660, 1385, 2717, 1361, 2707, 1408, 2627, 1422, 2697, 1364, 
2722, 1377, 2675, 1459, 2565, 1602, 2399, 1789, 2198, 2001, 
1979, 2218, 1769, 1694, 2300, 1896, 2086, 2112, 1868, 2326, 
1670, 2508, 1507, 2641, 1402, 2715, 1361, 2719, 1393, 2584, 
1447, 2688, 1372, 2727, 1369, 2696, 1436, 2600, 1567, 2443, 
1747, 2248, 1953, 2030, 2172, 2527, 1653, 2347, 1849, 2137, 
2066, 1920, 2282, 1715, 2472, 1542, 2619, 1422, 2707, 1366, 
2728, 1621, 2555, 1473, 2672, 1385, 2728, 1366, 2712, 1416, 
2628, 1535, 2485, 1703, 2298, 1907, 2083, 1470, 2561, 1615, 
2393, 1805, 2190, 2019, 1971, 2236, 1760, 2435, 1578, 2592, 
1445, 2694, 1374, 2343, 1661, 2523, 1502, 2653, 1401, 2720, 
1364, 2723, 1400, 2652, 1503, 2524, 1660, 2347, 1860, 2696, 
1445, 2595, 1579, 2438, 1760, 2239, 1971, 2022, 2189, 1808, 
2395, 1616, 2562, 1472, 2679, 1910, 2297, 1706, 2487, 1536, 
2628, 1419, 2713, 1369, 2729, 1386, 2675, 1475, 2558, 1622, 
2390, 1368, 2712, 1424, 2624, 1544, 2478, 1717, 2288, 1921, 
2072, 2141, 1855, 2351, 1657, 2529, 1500, 2035, 1959, 2252, 
1751, 2448, 1572, 2603, 1441, 2702, 1374, 2734, 1377, 2695, 
1452, 2591, 1587, 2727, 1367, 2723, 1406, 2650, 1515, 2516, 
1673, 2335, 1874, 2123, 2091, 1903, 2305, 1701, 2494, 2227, 
1985, 2009, 2203, 1797, 2407, 1609, 2572, 1465, 2686, 1383, 
2732, 1370, 2710, 1428, 2620, 1416, 2717, 1367, 2731, 1392, 
2672, 1483, 2552, 1633, 2381, 1828, 2173, 2042, 1952, 2259, 
1744, 1730, 2276, 1936, 2060, 2155, 1844, 2366, 1648, 2540, 
1494, 2664, 1395, 2728, 1366, 2722, 1408, 2611, 1435, 2707, 
1371, 2735, 1379, 2692, 1456, 2584, 1595, 2423, 1780, 2222, 
1992, 2002, 2211, 2508, 1686, 2324, 1888, 2111, 2105, 1892, 
2319, 1691, 2504, 1525, 2642, 1412, 2719, 1367, 2731, 1599, 
2582, 1459, 2690, 1380, 2735, 1372, 2707, 1433, 2612, 1560, 
2463, 1736, 2269, 1943, 2052, 1492, 2544, 1644, 2368, 1840, 
2160, 2056, 1940, 2272, 1734, 2467, 1559, 2616, 1432, 2710, 
1373, 2377, 1639, 2549, 1486, 2672, 1392, 2731, 1368, 2721, 
1413, 2641, 1526, 2503, 1694, 2316, 1894, 2687, 1464, 2577, 
1606, 2413, 1792, 2209, 2007, 1991, 2226, 1779, 2427, 1595, 
2587, 1456, 2693, 1879, 2332, 1679, 2515, 1516, 2649, 1408, 
2723, 1367, 2729, 1398, 2665, 1496, 2539, 1652, 2363, 1375, 
2705, 1439, 2608, 1570, 2452, 1749, 2257, 1956, 2039, 2177, 
1826, 2383, 1634, 2556, 1483, 2069, 1928, 2286, 1723, 2477, 
1550, 2623, 1428, 2714, 1369, 2735, 1383, 2685, 1467, 2572, 
1612, 2732, 1368, 2718, 1418, 2636, 1537, 2492, 1706, 2307, 
1908, 2092, 2128, 1873, 2339, 1675, 2521, 2198, 2019, 1977, 
2238, 1766, 2438, 1584, 2595, 1449, 2699, 1377, 2736, 1375, 
2703, 1443, 2604, 1404, 2726, 1368, 2727, 1402, 2659, 1503, 
2531, 1664, 2351, 1862, 2142, 2078, 1924, 2292, 1718, 1760, 
2246, 1969, 2028, 2188, 1813, 2396, 1623, 2478, 1590, 2511, 
1888, 2007, 2019, 2108, 1947, 1561, 2510, 1591, 2430, 1776, 
2228, 1986, 2010, 2206, 1797, 2409, 1609, 2575, 1466, 2688, 
1384, 2313, 1697, 2500, 1529, 2639, 1417, 2719, 1367, 2732, 
1393, 2674, 1484, 2552, 1635, 2380, 1827, 2711, 1432, 2619, 
1555, 2471, 1730, 2279, 1937, 2060, 2156, 1843, 2366, 1648, 
2540, 1491, 2667, 1948, 2266, 1740, 2461, 1563, 2612, 1435, 
2705, 1372, 2735, 1379, 2692, 1456, 2585, 1596, 2424, 1367, 
2723, 1411, 2645, 1522, 2508, 1688, 2325, 1889, 2112, 2107, 
1891, 2321, 1691, 2505, 1526, 1999, 1999, 2220, 1785, 2423, 
1599, 2583, 1460, 2693, 1379, 2736, 1373, 2708, 1435, 2616, 
1560, 2723, 1367, 2732, 1395, 2668, 1492, 2544, 1645, 2370, 
1841, 2161, 2055, 1942, 2273, 1735, 2467, 2265, 1950, 2049, 
2169, 1833, 2377, 1638, 2552, 1486, 2674, 1391, 2732, 1367, 
2720, 1415, 2641, 1431, 2711, 1372, 2736, 1383, 2688, 1465, 
2578, 1607, 2411, 1795, 2211, 2006, 1990, 2225, 1779, 1698, 
2312, 1901, 2098, 2119, 1880, 2333, 1679, 2515, 1516, 2652, 
1408, 2724, 1367, 2729, 1395, 2591, 1454, 2696, 1378, 2737, 
1374, 2704, 1440, 2609, 1570, 2455, 1749, 2259, 1958, 2041, 
2177, 2535, 1656, 2357, 1853, 2148, 2071, 1929, 2286, 1724, 
2478, 1548, 2624, 1428, 2713, 1371, 2735, 1628, 2559, 1480, 
2678, 1389, 2732, 1369, 2718, 1419, 2636, 1536, 2494, 1704, 
2304, 1909, 2090, 1471, 2569, 1616, 2400, 1805, 2197, 2019, 
1979, 2237, 1767, 2438, 1584, 2595, 1450, 2697, 1376, 2344, 
1669, 2524, 1508, 2657, 1404, 2728, 1366, 2729, 1402, 2660, 
1504, 2530, 1663, 2352, 1860, 2702, 1445, 2600, 1579, 2444, 
1759, 2247, 1970, 2027, 2190, 1812, 2395, 1622, 2565, 1474, 
2680, 1913, 2299, 1712, 2488, 1539, 2631, 1423, 2716, 1368, 
2735, 1388, 2681, 1475, 2566, 1624, 2395, 1370, 2717, 1425, 
2628, 1543, 2483, 1716, 2295, 1920, 2076, 2140, 1860, 2352, 
1663, 2531, 1504, 2033, 1964, 2249, 1755, 2449, 1575, 2604, 
1443, 2703, 1375, 2736, 1377, 2699, 1450, 2596, 1584, 2730, 
1367, 2727, 1405, 2654, 1511, 2520, 1672, 2339, 1872, 2126, 
2090, 1910, 2304, 1705, 2493, 2233, 1983, 2014, 2202, 1801, 
2407, 1614, 2574, 1469, 2686, 1383, 2736, 1371, 2712, 1428, 
2623, 1419, 2719, 1368, 2736, 1391, 2677, 1483, 2556, 1632, 
2384, 1824, 2176, 2040, 1956, 2258, 1749, 1728, 2281, 1934, 
2065, 2153, 1848, 2364, 1652, 2540, 1497, 2665, 1398, 2731, 
1368, 2725, 1409, 2612, 1438, 2707, 1373, 2737, 1380, 2695, 
1456, 2588, 1595, 2428, 1779, 2225, 1991, 2008, 2209, 2511, 
1686, 2328, 1886, 2115, 2104, 1896, 2317, 1693, 2503, 1527, 
2641, 1415, 2720, 1368, 2734, 1602, 2582, 1463, 2691, 1381, 
2736, 1373, 2709, 1433, 2617, 1558, 2467, 1735, 2274, 1941, 
2058, 1492, 2547, 1643, 2372, 1839, 2164, 2054, 1945, 2271, 
1739, 2464, 1561, 2616, 1435, 2710, 1372, 2375, 1641, 2548, 
1488, 2672, 1395, 2732, 1368, 2723, 1413, 2644, 1525, 2505, 
1689, 2320, 1892, 2688, 1462, 2580, 1606, 2416, 1792, 2212, 
2004, 1996, 2223, 1783, 2424, 1596, 2584, 1458, 2692, 1883, 
2330, 1683, 2513, 1520, 2647, 1410, 2723, 1367, 2731, 1396, 
2668, 1495, 2541, 1649, 2367, 1374, 2705, 1439, 2609, 1567, 
2456, 1746, 2261, 1955, 2044, 2175, 1828, 2382, 1635, 2554, 
1484, 2066, 1931, 2283, 1724, 2475, 1552, 2622, 1430, 2712, 
1372, 2735, 1383, 2687, 1467, 2575, 1610, 2735, 1368, 2719, 
1418, 2638, 1533, 2496, 1702, 2309, 1905, 2095, 2124, 1876, 
2337, 1676, 2519, 2200, 2016, 1980, 2237, 1771, 2433, 1586, 
2593, 1452, 2699, 1378, 2736, 1374, 2704, 1442, 2607, 1405, 
2726, 1366, 2728, 1401, 2662, 1502, 2533, 1660, 2355, 1858, 
2145, 2076, 1926, 2289, 1848, 2703, 1440, 2604, 1569, 2450, 
1750, 2254, 1956, 2035, 2176, 1822, 2385, 1629, 2555, 1480, 
2674, 1925, 2285, 1720, 2479, 1545, 2623, 1424, 2710, 1369, 
2733, 1384, 2683, 1468, 2571, 1612, 2403, 1368, 2716, 1419, 
2633, 1536, 2489, 1707, 2301, 1909, 2087, 2127, 1869, 2340, 
1671, 2522, 1510, 2019, 1974, 2240, 1764, 2438, 1582, 2595, 
1448, 2697, 1376, 2735, 1375, 2701, 1447, 2601, 1577, 2724, 
1367, 2726, 1400, 2657, 1503, 2528, 1663, 2348, 1860, 2137, 
2078, 1919, 2292, 1715, 2483, 2243, 1971, 2025, 2190, 1811, 
2396, 1621, 2564, 1475, 2680, 1386, 2734, 1368, 2715, 1422, 
2630, 1421, 2716, 1369, 2734, 1388, 2678, 1475, 2562, 1623, 
2392, 1816, 2187, 2030, 1968, 2247, 1758, 1717, 2291, 1923, 
2075, 2142, 1858, 2352, 1661, 2531, 1503, 2659, 1400, 2727, 
1366, 2726, 1404, 2604, 1443, 2703, 1374, 2736, 1376, 2695, 
1449, 2596, 1587, 2435, 1767, 2236, 1978, 2017, 2199, 2518, 
1675, 2337, 1873, 2126, 2092, 1907, 2307, 1703, 2495, 1534, 
2637, 1418, 2719, 1368, 2733, 1611, 2573, 1467, 2687, 1383, 
2734, 1371, 2715, 1429, 2623, 1551, 2476, 1724, 2284, 1931, 
2068, 1483, 2556, 1635, 2383, 1828, 2175, 2043, 1957, 2260, 
1747, 2456, 1567, 2609, 1439, 2705, 1372, 2366, 1651, 2540, 
1494, 2665, 1397, 2731, 1368, 2723, 1408, 2648, 1518, 2513, 
1681, 2331, 1881, 2694, 1456, 2588, 1596, 2425, 1781, 2224, 
1993, 2005, 2212, 1793, 2416, 1605, 2578, 1464, 2689, 1892, 
2320, 1692, 2505, 1526, 2643, 1414, 2721, 1367, 2732, 1394, 
2672, 1488, 2550, 1640, 2375, 1372, 2710, 1433, 2616, 1560, 
2465, 1736, 2272, 1944, 2055, 2163, 1840, 2374, 1643, 2545, 
1491, 2055, 1942, 2272, 1736, 2465, 1558, 2615, 1433, 2707, 
1372, 2736, 1382, 2691, 1461, 2583, 1601, 2731, 1368, 2720, 
1413, 2642, 1527, 2506, 1692, 2320, 1895, 2105, 2114, 1887, 
2327, 1685, 2510, 2212, 2002, 1991, 2224, 1781, 2425, 1595, 
2587, 1457, 2694, 1380, 2736, 1373, 2707, 1438, 2612, 1411, 
2723, 1368, 2731, 1398, 2665, 1496, 2540, 1650, 2364, 1847, 
2155, 2063, 1935, 2280, 1729, 1748, 2259, 1955, 2041, 2175, 
1827, 2383, 1633, 2555, 1483, 2675, 1392, 2733, 1369, 2719, 
1419, 2623, 1429, 2712, 1370, 2736, 1383, 2686, 1467, 2575, 
1611, 2408, 1799, 2204, 2013, 1985, 2232, 2494, 1703, 2305, 
1907, 2092, 2125, 1875, 2338, 1673, 2519, 1514, 2655, 1408, 
2724, 1368, 2727, 1585, 2595, 1451, 2697, 1377, 2736, 1375, 
2703, 1442, 2604, 1573, 2449, 1753, 2253, 1963, 2035, 1503, 
2531, 1661, 2352, 1860, 2142, 2075, 1921, 2293, 1719, 2481, 
1543, 2627, 1425, 2715, 1370, 2396, 1624, 2564, 1476, 2682, 
1389, 2735, 1369, 2718, 1422, 2632, 1539, 2489, 1710, 2300, 
1914, 2682, 1473, 2565, 1622, 2396, 1811, 2191, 2025, 1972, 
2244, 1762, 2442, 1580, 2599, 1447, 2700, 1861, 2351, 1664, 
2531, 1505, 2659, 1403, 2727, 1368, 2727, 1404, 2658, 1509, 
2525, 1667, 2347, 1376, 2699, 1450, 2598, 1585, 2439, 1767, 
2241, 1976, 2022, 2195, 1808, 2402, 1617, 2568, 1472, 2090, 
1910, 2305, 1705, 2492, 1536, 2636, 1420, 2719, 1367, 2734, 
1389, 2679, 1478, 2562, 1626, 2734, 1369, 2715, 1427, 2625, 
1548, 2479, 1720, 2288, 1927, 2071, 2144, 1855, 2356, 1658, 
2535, 2179, 2040, 1959, 2257, 1750, 2454, 1571, 2607, 1440, 
2704, 1375, 2736, 1379, 2696, 1452, 2591, 1398, 2729, 1367, 
2726, 1408, 2651, 1516, 2518, 1678, 2335, 1879, 2121, 2096, 
1904, 2311, 1700, 1778, 2226, 1990, 2008, 2208, 1794, 2411, 
1611, 2577, 1465, 2687, 1383, 2736, 1371, 2712, 1430, 2641, 
1415, 2720, 1369, 2732, 1392, 2673, 1487, 2552, 1637, 2380, 
1831, 2173, 1872, 2216, 1856, 2689, 1400, 2723, 1368, 2732, 
1377, 2708, 1379, 2695, 1455, 2589, 1593, 2425, 1779, 2225, 
1991, 2647, 1520, 2510, 1684, 2327, 1884, 2113, 2103, 1895, 
2316, 1694, 2502, 1526, 2641, 1415, 2721, 1789, 2417, 1603, 
2582, 1462, 2691, 1382, 2736, 1371, 2711, 1432, 2617, 1558, 
2467, 1735, 2275, 1395, 2670, 1489, 2547, 1645, 2373, 1840, 
2164, 2055, 1944, 2270, 1737, 2464, 1561, 2616, 1435, 2167, 
1835, 2375, 1641, 2547, 1489, 2671, 1394, 2732, 1368, 2723, 
1414, 2644, 1524, 2506, 1690, 2736, 1382, 2692, 1462, 2579, 
1603, 2415, 1792, 2213, 2003, 1993, 2223, 1784, 2425, 1596, 
2585, 2102, 2117, 1884, 2330, 1682, 2512, 1519, 2648, 1409, 
2723, 1366, 2731, 1396, 2667, 1494, 2542, 1379, 2738, 1374, 
2705, 1439, 2611, 1567, 2456, 1747, 2263, 1954, 2044, 2173, 
1829, 2383, 1636, 1851, 2151, 2067, 1932, 2284, 1726, 2476, 
1552, 2623, 1428, 2712, 1371, 2736, 1384, 2688, 1467, 2676, 
1390, 2732, 1369, 2719, 1417, 2638, 1534, 2496, 1701, 2310, 
1906, 2095, 2124, 1876, 2335, 2405, 1804, 2201, 2017, 1982, 
2236, 1770, 2436, 1586, 2595, 1451, 2698, 1377, 2736, 1375, 
2704, 1510, 2652, 1404, 2727, 1367, 2729, 1401, 2661, 1502, 
2533, 1660, 2355, 1857, 2144, 2075, 1926, 1576, 2446, 1758, 
2252, 1967, 2031, 2188, 1816, 2392, 1626, 2563, 1476, 2680, 
1387, 2734, 1368, 2486, 1543, 2631, 1423, 2716, 1370, 2735, 
1387, 2683, 1474, 2567, 1620, 2399, 1809, 2193, 2024, 2631, 
1542, 2488, 1714, 2297, 1918, 2082, 2137, 1865, 2348, 1665, 
2529, 1504, 2659, 1403, 2727, 1759, 2446, 1577, 2602, 1444, 
2702, 1376, 2736, 1377, 2700, 1449, 2599, 1582, 2439, 1764, 
2242, 1405, 2656, 1510, 2523, 1671, 2343, 1870, 2131, 2087, 
1912, 2303, 1709, 2492, 1539, 2635, 1420, 2199, 1804, 2404, 
1615, 2570, 1470, 2687, 1385, 2739, 1369, 2713, 1425, 2627, 
1547, 2481, 1720, 2734, 1388, 2676, 1479, 2559, 1630, 2387, 
1822, 2180, 2037, 1961, 2255, 1752, 2454, 1572, 2606, 2068, 
2149, 1852, 2360, 1655, 2537, 1498, 2665, 1400, 2731, 1367, 
2725, 1407, 2653, 1514, 2520, 1375, 2736, 1379, 2696, 1455, 
2591, 1592, 2431, 1772, 2230, 1987, 2011, 2207, 1798, 2411, 
1610, 1883, 2121, 2100, 1900, 2312, 1697, 2502, 1529, 2640, 
1416, 2720, 1368, 2732, 1394, 2675, 1485, 2689, 1380, 2736, 
1372, 2711, 1432, 2619, 1556, 2471, 1731, 2277, 1937, 2060, 
2155, 1844, 2367, 2375, 1836, 2168, 2051, 1948, 2268, 1741, 
2464, 1563, 2614, 1435, 2708, 1373, 2736, 1382, 2693, 1491, 
2671, 1394, 2731, 1368, 2723, 1412, 2646, 1522, 2508, 1688, 
2321, 1889, 2111, 2107, 1892, 1600, 2419, 1787, 2217, 2001, 
1998, 2217, 1785, 2421, 1599, 2584, 1459, 2692, 1381, 2736, 
1372, 2511, 1521, 2647, 1411, 2723, 1368, 2729, 1397, 2668, 
1492, 2545, 1647, 2371, 1841, 2160, 2057, 2612, 1566, 2459, 
1743, 2265, 1951, 2047, 2170, 1832, 2379, 1639, 2552, 1487, 
2673, 1393, 2732, 1729, 2472, 1556, 2620, 1429, 2712, 1371, 
2735, 1383, 2688, 1464, 2577, 1607, 2412, 1796, 2210, 1416, 
2639, 1532, 2499, 1699, 2312, 1901, 2099, 2120, 1880, 2332, 
1680, 2516, 1516, 2651, 1409, 2232, 1775, 2433, 1590, 2591, 
1452, 2696, 1378, 2736, 1374, 2704, 1439, 2608, 1571, 2454, 
1749, 2727, 1400, 2663, 1499, 2535, 1657, 2358, 1854, 2147, 
2071, 1926, 2287, 1723, 2476, 1548, 2624, 2035, 2183, 1820, 
2391, 1628, 2560, 1479, 2679, 1391, 2734, 1369, 2718, 1419, 
2635, 1536, 2493, 1369, 2735, 1387, 2684, 1473, 2569, 1618, 
2400, 1808, 2197, 2022, 1979, 2239, 1767, 2439, 1584, 1914, 
2083, 2132, 1866, 2345, 1665, 2524, 1508, 2656, 1406, 2727, 
1367, 2727, 1404, 2659, 1505, 2701, 1376, 2736, 2592, 1448, 
2695, 1376, 2732, 1376, 2700, 1441, 2602, 1571, 2447, 1752, 
2251, 1400, 2656, 1502, 2529, 1659, 2351, 1858, 2140, 2073, 
1920, 2291, 1716, 2481, 1543, 2624, 1424, 2187, 1813, 2393, 
1623, 2562, 1475, 2679, 1387, 2731, 1368, 2715, 1421, 2631, 
1538, 2488, 1710, 2734, 1387, 2680, 1472, 2562, 1619, 2395, 
1809, 2190, 2024, 1971, 2243, 1761, 2442, 1580, 2599, 2078, 
2137, 1860, 2348, 1663, 2528, 1504, 2657, 1402, 2726, 1366, 
2726, 1403, 2656, 1507, 2524, 1375, 2735, 1376, 2696, 1448, 
2593, 1582, 2436, 1764, 2238, 1975, 2019, 2193, 1807, 2399, 
1616, 1871, 2129, 2087, 1909, 2301, 1705, 2492, 1536, 2633, 
1419, 2716, 1368, 2733, 1388, 2678, 1478, 2684, 1383, 2734, 
1370, 2712, 1426, 2624, 1547, 2478, 1721, 2287, 1923, 2070, 
2147, 1855, 2355, 2384, 1823, 2176, 2039, 1959, 2256, 1749, 
2452, 1570, 2608, 1441, 2703, 1372, 2736, 1377, 2695, 1496, 
2664, 1398, 2729, 1367, 2724, 1408, 2649, 1515, 2515, 1679, 
2332, 1878, 2120, 2096, 1902, 1593, 2428, 1777, 2227, 1989, 
2009, 2207, 1795, 2412, 1607, 2575, 1465, 2688, 1383, 2736, 
1372, 2503, 1529, 2641, 1416, 2721, 1368, 2732, 1393, 2672, 
1484, 2552, 1637, 2377, 1831, 2171, 2046, 2618, 1557, 2470, 
1732, 2277, 1939, 2060, 2159, 1843, 2368, 1648, 2544, 1492, 
2668, 1396, 2731, 1739, 2464, 1561, 2614, 1435, 2709, 1373, 
2736, 1382, 2692, 1459, 2583, 1599, 2421, 1783, 2219, 1413, 
2646, 1523, 2507, 1691, 2323, 1891, 2110, 2108, 1891, 2323, 
1689, 2508, 1524, 2645, 1411, 2220, 1784, 2423, 1598, 2585, 
1459, 2692, 1382, 2735, 1374, 2705, 1436, 2614, 1560, 2464, 
1740, 2732, 1397, 2668, 1494, 2543, 1648, 2367, 1843, 2159, 
2060, 1939, 2276, 1732, 2472, 1556, 2619, 2044, 2171, 1830, 
2379, 1637, 2552, 1485, 2675, 1392, 2732, 1367, 2720, 1415, 
2640, 1528, 2500, 1372, 2736, 1384, 2687, 1465, 2575, 1608, 
2411, 1800, 2208, 2009, 1988, 2227, 1776, 2428, 1593, 1902, 
2095, 2121, 1878, 2335, 1676, 2516, 1514, 2652, 1408, 2724, 
1368, 2728, 1399, 2665, 1497, 2697, 1378, 2735, 1375, 2704, 
1440, 2606, 1571, 2451, 1751, 2256, 1959, 2039, 2179, 1823, 
2387, 2355, 1855, 2144, 2072, 1927, 2288, 1720, 2478, 1548, 
2625, 1427, 2713, 1371, 2736, 1385, 2683, 1477, 2680, 1388, 
2733, 1369, 2719, 1420, 2633, 1537, 2492, 1708, 2303, 1911, 
2089, 2128, 1871, 1619, 2399, 1809, 2194, 2022, 1976, 2240, 
1764, 2440, 1583, 2596, 1448, 2699, 1376, 2735, 1376, 2527, 
1507, 2657, 1403, 2727, 1367, 2727, 1404, 2659, 1507, 2529, 
1664, 2349, 1863, 2137, 2080, 2598, 1580, 2440, 1761, 2241, 
1972, 2024, 2192, 1814, 2397, 1620, 2564, 1473, 2683, 1387, 
2734, 1709, 2491, 1539, 2632, 1421, 2717, 1369, 2733, 1388, 
2680, 1477, 2563, 1625, 2393, 1816, 2188, 1426, 2627, 1547, 
2481, 1719, 2291, 1923, 2076, 2142, 1856, 2352, 1660, 2531, 
1502, 2660, 1401, 2253, 1753, 2451, 1574, 2606, 1443, 2703, 
1375, 2736, 1377, 2697, 1451, 2595, 1587, 2437, 1769, 2726, 
1408, 2652, 1514, 2520, 1676, 2336, 1875, 2124, 2093, 1905, 
2307, 1703, 2494, 1533, 2636, 2011, 2206, 1798, 2408, 1610, 
2575, 1467, 2687, 1385, 2732, 1370, 2712, 1427, 2622, 1551, 
2475, 1367, 2732, 1392, 2673, 1483, 2553, 1633, 2381, 1828, 
2175, 2043, 1954, 2260, 1747, 2456, 1568, 1936, 2063, 2156, 
1846, 2367, 1651, 2542, 1495, 2667, 1397, 2731, 1367, 2724, 
1408, 2650, 1517, 2707, 1374, 2737, 1380, 2694, 1456, 2585, 
1596, 2424, 1780, 2224, 1993, 2003, 2212, 1791, 2415, 2325, 
1888, 2112, 2107, 1894, 2320, 1692, 2507, 1525, 2643, 1413, 
2721, 1368, 2732, 1395, 2671, 1462, 2656, 1523, 2563, 1711, 
2166, 1861, 2294, 1740, 2439, 1584, 2539, 1553, 2623, 1430, 
2712, 1825, 2383, 1632, 2555, 1483, 2675, 1391, 2732, 1368, 
2719, 1416, 2639, 1532, 2499, 1699, 2312, 1384, 2686, 1468, 
2574, 1612, 2407, 1800, 2204, 2015, 1984, 2232, 1774, 2433, 
1588, 2593, 1452, 2126, 1872, 2339, 1675, 2521, 1511, 2652, 
1406, 2726, 1371, 2729, 1401, 2663, 1500, 2535, 1657, 2736, 
1375, 2703, 1443, 2603, 1574, 2448, 1754, 2252, 1964, 2033, 
2183, 1820, 2392, 1627, 2562, 2140, 2080, 1921, 2292, 1716, 
2483, 1542, 2628, 1423, 2713, 1371, 2736, 1387, 2684, 1472, 
2569, 1388, 2734, 1369, 2717, 1421, 2632, 1540, 2488, 1711, 
2299, 1916, 2084, 2134, 1868, 2347, 1667, 1813, 2191, 2030, 
1969, 2247, 1760, 2444, 1580, 2600, 1446, 2701, 1376, 2737, 
1376, 2701, 1447, 2660, 1403, 2728, 1368, 2727, 1404, 2656, 
1507, 2528, 1667, 2343, 1867, 2133, 2083, 1915, 2299, 2435, 
1766, 2238, 1976, 2019, 2195, 1807, 2400, 1616, 2569, 1471, 
2683, 1385, 2735, 1370, 2716, 1537, 2636, 1420, 2720, 1368, 
2734, 1389, 2679, 1478, 2559, 1628, 2389, 1820, 2184, 2035, 
1964, 1548, 2479, 1722, 2288, 1928, 2072, 2147, 1854, 2358, 
1657, 2535, 1500, 2663, 1399, 2728, 1365, 2455, 1569, 2607, 
1440, 2704, 1374, 2736, 1378, 2697, 1453, 2591, 1590, 2432, 
1774, 2232, 1984, 2650, 1515, 2516, 1679, 2334, 1880, 2121, 
2097, 1899, 2312, 1699, 2499, 1531, 2638, 1417, 2719, 1794, 
2414, 1607, 2577, 1464, 2688, 1384, 2736, 1371, 2711, 1430, 
2620, 1553, 2471, 1728, 2280, 1392, 2673, 1484, 2552, 1638, 
2379, 1833, 2170, 2046, 1951, 2264, 1743, 2459, 1566, 2612, 
1437, 2159, 1841, 2368, 1650, 2544, 1492, 2668, 1395, 2732, 
1367, 2724, 1411, 2647, 1521, 2510, 1686, 2737, 1381, 2692, 
1459, 2584, 1600, 2420, 1785, 2220, 1998, 1999, 2216, 1788, 
2419, 1604, 2582, 2108, 2110, 1891, 2324, 1688, 2509, 1523, 
2647, 1412, 2721, 1368, 2731, 1395, 2671, 1490, 2545, 1381, 
2736, 1372, 2708, 1437, 2614, 1561, 2462, 1737, 2267, 1948, 
2049, 2168, 1833, 2377, 1641, 1843, 2158, 2060, 1937, 2277, 
1731, 2471, 1558, 2619, 1431, 2712, 1373, 2736, 1382, 2687, 
1463, 2672, 1392, 2732, 1369, 2721, 1417, 2641, 1529, 2503, 
1696, 2315, 1899, 2102, 2118, 1883, 2331, 2409, 1798, 2207, 
2009, 1988, 2228, 1776, 2430, 1592, 2590, 1454, 2695, 1378, 
2736, 1374, 2704, 1515, 2649, 1408, 2725, 1368, 2729, 1399, 
2663, 1499, 2538, 1654, 2360, 1852, 2151, 2067, 1932, 1572, 
2451, 1751, 2255, 1960, 2037, 2179, 1821, 2387, 1630, 2556, 
1480, 2678, 1394, 2732, 1368, 2480, 1548, 2625, 1426, 2713, 
1369, 2736, 1385, 2684, 1470, 2571, 1615, 2404, 1803, 2200, 
2017, 2633, 1537, 2492, 1708, 2302, 1911, 2086, 2129, 1870, 
2343, 1670, 2524, 1511, 2654, 1405, 2727, 1764, 2440, 1582, 
2598, 1449, 2698, 1377, 2735, 1376, 2701, 1446, 2603, 1578, 
2446, 1759, 2247, 1405, 2656, 1506, 2527, 1664, 2348, 1865, 
2136, 2081, 1919, 2296, 1713, 2487, 1542, 2630, 1423, 2192, 
1810, 2399, 1620, 2567, 1473, 2682, 1386, 2735, 1369, 2715, 
1423, 2630, 1543, 2486, 1715, 2732, 1387, 2678, 1478, 2560, 
1627, 2392, 1817, 2188, 2030, 1967, 2248, 1758, 2447, 1577, 
2601, 2075, 2142, 1857, 2355, 1660, 2532, 1502, 2662, 1401, 
2728, 1367, 2727, 1406, 2656, 1511, 2524, 1374, 2736, 1376, 
2696, 1451, 2593, 1587, 2434, 1770, 2233, 1980, 2016, 2200, 
1803, 2403, 1614, 1875, 2125, 2094, 1905, 2308, 1702, 2497, 
1534, 2637, 1420, 2719, 1367, 2735, 1390, 2675, 1480, 2688, 
1383, 2734, 1371, 2713, 1431, 2623, 1552, 2475, 1725, 2283, 
1932, 2064, 2151, 1849, 2360, 2382, 1828, 2174, 2044, 1955, 
2262, 1745, 2457, 2034, 1960, 2251, 1751, 2448, 1571, 2604, 
1441, 2147, 1850, 2357, 1653, 2534, 1497, 2662, 1398, 2726, 
1366, 2722, 1406, 2647, 1510, 2516, 1673, 2735, 1377, 2693, 
1453, 2588, 1589, 2428, 1774, 2228, 1985, 2011, 2204, 1796, 
2407, 1609, 2574, 2118, 2097, 1898, 2311, 1695, 2499, 1528, 
2636, 1412, 2719, 1368, 2729, 1391, 2672, 1484, 2551, 1381, 
2734, 1370, 2710, 1431, 2620, 1555, 2469, 1730, 2277, 1936, 
2063, 2155, 1844, 2366, 1648, 1832, 2166, 2048, 1948, 2265, 
1740, 2460, 1561, 2612, 1437, 2707, 1374, 2734, 1380, 2691, 
1458, 2668, 1394, 2729, 1366, 2721, 1411, 2644, 1522, 2508, 
1687, 2325, 1888, 2112, 2106, 1891, 2320, 2418, 1786, 2216, 
1999, 1997, 2216, 1786, 2419, 1599, 2582, 1459, 2691, 1379, 
2735, 1375, 2707, 1520, 2646, 1410, 2723, 1367, 2731, 1395, 
2668, 1491, 2545, 1646, 2369, 1841, 2160, 2055, 1942, 1566, 
2460, 1742, 2267, 1948, 2047, 2168, 1831, 2377, 1638, 2550, 
1487, 2671, 1393, 2732, 1367, 2471, 1553, 2620, 1430, 2712, 
1371, 2736, 1383, 2688, 1465, 2579, 1607, 2417, 1795, 2211, 
2006, 2639, 1530, 2499, 1696, 2312, 1902, 2098, 2119, 1880, 
2331, 1679, 2515, 1519, 2649, 1409, 2722, 1775, 2431, 1591, 
2591, 1452, 2695, 1377, 2736, 1373, 2702, 1439, 2608, 1571, 
2454, 1748, 2257, 1399, 2662, 1498, 2535, 1655, 2358, 1852, 
2147, 2067, 1928, 2284, 1724, 2478, 1550, 2623, 1428, 2183, 
1820, 2389, 1628, 2559, 1478, 2678, 1390, 2733, 1369, 2718, 
1420, 2636, 1536, 2494, 1703, 2734, 1385, 2683, 1471, 2568, 
1615, 2401, 1804, 2197, 2019, 1976, 2238, 1767, 2436, 1583, 
2592, 2085, 2134, 1867, 2344, 1669, 2524, 1510, 2656, 1404, 
2727, 1366, 2728, 1403, 2662, 1504, 2529, 1375, 2736, 1376, 
2700, 1447, 2599, 1579, 2443, 1759, 2245, 1967, 2027, 2188, 
1816, 2395, 1622, 1864, 2134, 2083, 1916, 2296, 1712, 2488, 
1542, 2631, 1421, 2716, 1369, 2735, 1388, 2681, 1472, 2683, 
1385, 2734, 1369, 2715, 1424, 2629, 1544, 2485, 1717, 2292, 
1920, 2078, 2140, 1861, 2351, 2392, 1819, 2184, 2033, 1968, 
2251, 1756, 2447, 1575, 2603, 1444, 2703, 1375, 2736, 1378, 
2700, 1500, 2663, 1400, 2728, 1370, 2723, 1404, 2654, 1510, 
2520, 1673, 2339, 1872, 2127, 2091, 1908, 1587, 2434, 1772, 
2234, 1984, 2014, 2203, 1802, 2408, 1611, 2574, 1468, 2686, 
1386, 2735, 1371, 2499, 1532, 2638, 1417, 2719, 1369, 2734, 
1391, 2676, 1482, 2556, 1632, 2384, 1824, 2177, 2040, 2622, 
1552, 2473, 1727, 2281, 1935, 2064, 2153, 1848, 2364, 1654, 
2540, 1496, 2665, 1396, 2729, 1744, 2458, 1566, 2611, 1438, 
2707, 1374, 2736, 1380, 2695, 1456, 2588, 1594, 2428, 1779, 
2227, 1410, 2647, 1520, 2511, 1683, 2328, 1886, 2115, 2103, 
1895, 2317, 1695, 2503, 1526, 2640, 1414, 2214, 1788, 2417, 
1602, 2580, 1460, 2689, 1382, 2735, 1372, 2710, 1432, 2619, 
1556, 2468, 1735, 2732, 1395, 2670, 1489, 2547, 1645, 2375, 
1838, 2162, 2052, 1948, 2270, 1739, 2465, 1561, 2616, 2052, 
2166, 1836, 2375, 1642, 2548, 1489, 2672, 1393, 2732, 1368, 
2722, 1412, 2644, 1524, 2505, 1372, 2737, 1387, 2689, 1461, 
2579, 1604, 2414, 1791, 2214, 2002, 1995, 2222, 1783, 2423, 
1596, 1896, 2100, 2115, 1883, 2329, 1681, 2512, 1519, 2648, 
1410, 2723, 1367, 2730, 1396, 2668, 1494, 2694, 1378, 2737, 
1374, 2707, 1440, 2611, 1567, 2458, 1747, 2262, 1953, 2045, 
2174, 1831, 2380, 2361, 1850, 2151, 2066, 1932, 2283, 1725, 
2476, 1551, 2623, 1430, 2713, 1371, 2737, 1383, 2686, 1480, 
2675, 1390, 2732, 1367, 2719, 1417, 2636, 1531, 2496, 1702, 
2309, 1904, 2095, 2122, 1874, 1614, 2404, 1802, 2200, 2016, 
1982, 2176, 1914, 2160, 2357, 1554, 2515, 1631, 2412, 1769, 
2268, 1372, 2710, 1434, 2616, 1561, 2464, 1739, 2272, 1945, 
2055, 2164, 1838, 2372, 1643, 2547, 1488, 2057, 1940, 2273, 
1732, 2468, 1556, 2617, 1432, 2711, 1372, 2736, 1380, 2690, 
1462, 2582, 1601, 2732, 1367, 2721, 1416, 2641, 1527, 2502, 
1695, 2318, 1895, 2104, 2115, 1886, 2328, 1684, 2510, 2208, 
2007, 1991, 2225, 1780, 2427, 1594, 2587, 1455, 2695, 1379, 
2735, 1373, 2705, 1438, 2609, 1408, 2724, 1367, 2729, 1397, 
2665, 1496, 2540, 1651, 2364, 1849, 2156, 2065, 1937, 2281, 
1728, 1751, 2256, 1958, 2039, 2176, 1825, 2384, 1632, 2557, 
1481, 2676, 1391, 2732, 1368, 2719, 1416, 2623, 1426, 2712, 
1371, 2735, 1385, 2687, 1468, 2573, 1613, 2406, 1803, 2204, 
2016, 1982, 2233, 2492, 1706, 2305, 1908, 2089, 2127, 1872, 
2340, 1673, 2521, 1512, 2656, 1407, 2726, 1368, 2727, 1584, 
2595, 1451, 2698, 1376, 2736, 1375, 2703, 1445, 2604, 1577, 
2447, 1756, 2251, 1966, 2032, 1503, 2529, 1663, 2350, 1860, 
2139, 2078, 1923, 2292, 1717, 2484, 1544, 2628, 1423, 2716, 
1369, 2395, 1622, 2563, 1476, 2681, 1387, 2735, 1369, 2718, 
1422, 2631, 1540, 2488, 1712, 2299, 1915, 2680, 1474, 2565, 
1622, 2394, 1814, 2190, 2027, 1970, 2246, 1760, 2444, 1576, 
2601, 1446, 2702, 1859, 2352, 1663, 2531, 1503, 2660, 1401, 
2727, 1367, 2727, 1406, 2656, 1508, 2526, 1669, 2344, 1377, 
2700, 1451, 2596, 1584, 2438, 1766, 2238, 1977, 2023, 2196, 
1807, 2403, 1617, 2568, 1470, 2092, 1907, 2306, 1705, 2496, 
1536, 2635, 1419, 2719, 1368, 2734, 1390, 2678, 1479, 2561, 
1629, 2733, 1369, 2713, 1429, 2623, 1548, 2478, 1724, 2286, 
1929, 2070, 2145, 1852, 2358, 1656, 2535, 2175, 2040, 1958, 
2259, 1748, 2455, 1571, 2608, 1439, 2704, 1374, 2735, 1379, 
2695, 1453, 2591, 1397, 2732, 1368, 2720, 1408, 2649, 1515, 
2514, 1679, 2332, 1881, 2119, 2098, 1900, 2312, 1697, 1779, 
2226, 1991, 2007, 2211, 1795, 2414, 1607, 2578, 1465, 2689, 
1383, 2736, 1372, 2712, 1431, 2643, 1415, 2721, 1369, 2733, 
1392, 2672, 1486, 2549, 1639, 2376, 1832, 2168, 2047, 1950, 
2265, 2467, 1735, 2273, 1942, 2056, 2161, 1840, 2370, 1645, 
2544, 1493, 2668, 1395, 2731, 1366, 2721, 1560, 2615, 1433, 
2711, 1372, 2736, 1382, 2692, 1459, 2584, 1599, 2419, 1786, 
2218, 1999, 1999, 1525, 2505, 1692, 2320, 1892, 2107, 2111, 
1889, 2326, 1688, 2511, 1521, 2648, 1412, 2722, 1367, 2424, 
1595, 2587, 1457, 2693, 1380, 2737, 1373, 2708, 1436, 2614, 
1563, 2462, 1740, 2268, 1950, 2667, 1494, 2543, 1652, 2367, 
1846, 2156, 2060, 1937, 2277, 1731, 2471, 1555, 2620, 1431, 
2712, 1829, 2379, 1635, 2555, 1484, 2675, 1392, 2732, 1368, 
2720, 1416, 2640, 1529, 2499, 1698, 2314, 1384, 2687, 1465, 
2576, 1609, 2409, 1800, 2206, 2011, 1988, 2231, 1776, 2431, 
1591, 2591, 1454, 2122, 1875, 2337, 1676, 2519, 1513, 2652, 
1407, 2724, 1367, 2729, 1399, 2663, 1499, 2537, 1654, 2736, 
1374, 2704, 1443, 2607, 1574, 2450, 1752, 2254, 1961, 2036, 
2180, 1823, 2387, 1630, 2559, 2143, 2074, 1923, 2290, 1718, 
2481, 1546, 2627, 1423, 2715, 1372, 2735, 1385, 2684, 1469, 
2571, 1389, 2732, 1370, 2719, 1421, 2633, 1539, 2491, 1709, 
2301, 1915, 2087, 2133, 1869, 2344, 1670, 1811, 2193, 2024, 
1972, 2243, 1763, 2443, 1584, 2599, 1448, 2700, 1376, 2738, 
1378, 2703, 1445, 2659, 1403, 2729, 1367, 2729, 1405, 2657, 
1507, 2527, 1666, 2347, 1865, 2136, 2083, 1917, 2297, 2441, 
1763, 2240, 1975, 2022, 2195, 1809, 2398, 1618, 2568, 1473, 
2684, 1387, 2736, 1369, 2716, 1538, 2635, 1420, 2719, 1368, 
2736, 1390, 2680, 1478, 2562, 1624, 2392, 2680, 1472, 2563, 
1620, 2731, 1368, 2712, 1422, 2627, 1540, 2483, 1711, 2296, 
1916, 2078, 2136, 1862, 2345, 1664, 2526, 2186, 2030, 1969, 
2246, 1756, 2443, 1576, 2600, 1444, 2700, 1374, 2736, 1375, 
2696, 1447, 2595, 1401, 2727, 1366, 2723, 1404, 2654, 1508, 
2520, 1670, 2339, 1868, 2129, 2087, 1910, 2300, 1708, 1768, 
2235, 1979, 2017, 2198, 1803, 2405, 1614, 2570, 1472, 2683, 
1384, 2732, 1368, 2712, 1425, 2636, 1416, 2718, 1366, 2734, 
1390, 2676, 1479, 2556, 1630, 2387, 1822, 2179, 2038, 1960, 
2254, 2475, 1724, 2283, 1931, 2067, 2150, 1851, 2359, 1655, 
2535, 1492, 2664, 1399, 2727, 1366, 2724, 1568, 2609, 1439, 
2705, 1374, 2736, 1379, 2697, 1454, 2591, 1591, 2428, 1775, 
2227, 1987, 2008, 1516, 2515, 1681, 2331, 1882, 2115, 2099, 
1899, 2314, 1696, 2499, 1528, 2639, 1415, 2719, 1368, 2414, 
1604, 2577, 1465, 2691, 1379, 2736, 1370, 2710, 1431, 2620, 
1555, 2471, 1729, 2276, 1937, 2671, 1488, 2547, 1640, 2374, 
1836, 2167, 2049, 1948, 2267, 1740, 2462, 1563, 2614, 1436, 
2712, 1839, 2369, 1644, 2545, 1490, 2671, 1393, 2732, 1368, 
2721, 1411, 2645, 1522, 2508, 1688, 2324, 1380, 2690, 1461, 
2583, 1601, 2419, 1788, 2216, 2000, 1999, 2220, 1785, 2420, 
1599, 2587, 1460, 2112, 1886, 2326, 1684, 2511, 1521, 2647, 
1408, 2723, 1367, 2729, 1395, 2667, 1492, 2545, 1647, 2736, 
1373, 2707, 1438, 2611, 1565, 2459, 1743, 2260, 1951, 2047, 
2172, 1833, 2378, 1639, 2552, 2152, 2063, 1934, 2280, 1727, 
2472, 1555, 2621, 1431, 2711, 1371, 2736, 1383, 2689, 1464, 
2577, 1391, 2732, 1368, 2719, 1419, 2638, 1532, 2499, 1699, 
2312, 1902, 2097, 2121, 1881, 2335, 1680, 1799, 2203, 2013, 
1984, 2232, 1773, 2432, 1588, 2591, 1452, 2696, 1377, 2737, 
1375, 2705, 1441, 2657, 1406, 2724, 1368, 2729, 1400, 2663, 
1500, 2535, 1656, 2356, 1852, 2145, 2072, 1927, 2287, 2447, 
1755, 2252, 1964, 2032, 2182, 1820, 2390, 1628, 2559, 1479, 
2679, 1388, 2732, 1368, 2716, 1543, 2628, 1424, 2715, 1371, 
2735, 1385, 2683, 1471, 2568, 1615, 2400, 1808, 2196, 2020, 
1978, 1540, 2489, 1710, 2299, 1915, 2084, 2135, 1867, 2345, 
1668, 2524, 1507, 2659, 1404, 2725, 1368, 2443, 1580, 2599, 
1447, 2700, 1376, 2736, 1375, 2702, 1446, 2601, 1579, 2444, 
1760, 2245, 1971, 2656, 1508, 2524, 1668, 2345, 1866, 2132, 
2084, 1915, 2301, 1710, 2489, 1538, 2631, 1422, 2716, 1809, 
2401, 1616, 2567, 1471, 2685, 1386, 2735, 1370, 2714, 1425, 
2628, 1545, 2482, 1714, 2292, 1389, 2678, 1479, 2560, 1626, 
2391, 1819, 2183, 2035, 1964, 2252, 1756, 2449, 1574, 2603, 
1443, 2147, 1855, 2357, 1658, 2535, 1500, 2663, 1399, 2729, 
1367, 2724, 1406, 2654, 1512, 2519, 1673, 2737, 1379, 2697, 
1452, 2592, 1589, 2432, 1773, 2232, 1984, 2015, 2203, 1801, 
2408, 1610, 2576, 2120, 2096, 1903, 2312, 1700, 2498, 1531, 
2639, 1416, 2719, 1367, 2733, 1390, 2676, 1481, 2556, 1383, 
2734, 1371, 2712, 1430, 2622, 1553, 2475, 1727, 2283, 1935, 
2064, 2153, 1847, 2364, 1652, 1832, 2170, 2047, 1951, 2265, 
1744, 2460, 1568, 2611, 1437, 2708, 1373, 2737, 1380, 2694, 
1456, 2668, 1395, 2731, 1368, 2722, 1411, 2648, 1520, 2510, 
1685, 2328, 1885, 2115, 2102, 1895, 2319, 2422, 1785, 2219, 
2000, 2002, 2215, 1789, 2419, 1602, 2582, 1461, 2692, 1382, 
2736, 1372, 2708, 1520, 2646, 1411, 2722, 1367, 2732, 1396, 
2671, 1490, 2547, 1644, 2374, 1839, 2163, 2055, 1943, 1561, 
2462, 1738, 2270, 1947, 2051, 2167, 1835, 2374, 1640, 2550, 
1487, 2673, 1394, 2732, 1365, 2471, 1556, 2620, 1431, 2712, 
1370, 2736, 1382, 2689, 1463, 2579, 1441, 2691, 1391, 2735, 
1368, 2414, 1630, 2559, 1480, 2652, 1443, 2703, 1375, 2736, 
1377, 2700, 1449, 2596, 1584, 2438, 1767, 2727, 1407, 2654, 
1513, 2520, 1674, 2339, 1874, 2127, 2092, 1910, 2306, 1703, 
2496, 1535, 2636, 2014, 2204, 1800, 2407, 1612, 2576, 1468, 
2687, 1384, 2734, 1370, 2712, 1427, 2624, 1551, 2477, 1369, 
2733, 1391, 2676, 1484, 2556, 1632, 2385, 1826, 2175, 2042, 
1956, 2259, 1747, 2455, 1571, 1936, 2063, 2153, 1848, 2364, 
1652, 2541, 1496, 2667, 1398, 2730, 1367, 2723, 1407, 2651, 
1517, 2706, 1372, 2737, 1381, 2695, 1455, 2588, 1595, 2426, 
1779, 2225, 1991, 2008, 2211, 1793, 2415, 2327, 1884, 2115, 
2104, 1896, 2319, 1695, 2503, 1529, 2643, 1415, 2722, 1368, 
2731, 1393, 2673, 1461, 2691, 1382, 2736, 1372, 2711, 1433, 
2617, 1558, 2468, 1735, 2275, 1941, 2057, 2162, 1840, 1643, 
2369, 1837, 2163, 2055, 1944, 2271, 1737, 2465, 1563, 2615, 
1434, 2711, 1373, 2736, 1381, 2547, 1487, 2673, 1393, 2731, 
1367, 2723, 1412, 2643, 1524, 2506, 1692, 2321, 1893, 2108, 
2111, 2579, 1604, 2415, 1792, 2214, 2006, 1995, 2224, 1782, 
2424, 1596, 2587, 1457, 2694, 1380, 2736, 1681, 2513, 1517, 
2648, 1409, 2725, 1367, 2731, 1396, 2667, 1495, 2542, 1649, 
2366, 1845, 2158, 1439, 2611, 1567, 2457, 1745, 2262, 1955, 
2044, 2175, 1829, 2383, 1635, 2556, 1484, 2675, 1392, 2283, 
1726, 2475, 1552, 2623, 1427, 2713, 1370, 2736, 1383, 2687, 
1467, 2575, 1611, 2409, 1798, 2719, 1420, 2638, 1534, 2494, 
1702, 2308, 1907, 2094, 2124, 1875, 2338, 1677, 2520, 1513, 
2652, 1980, 2236, 1769, 2435, 1587, 2595, 1451, 2699, 1378, 
2736, 1376, 2703, 1444, 2608, 1573, 2451, 1368, 2727, 1400, 
2660, 1502, 2532, 1660, 2354, 1858, 2143, 2073, 1924, 2291, 
1719, 2481, 1546, 1968, 2030, 2186, 1816, 2393, 1624, 2565, 
1476, 2680, 1388, 2735, 1369, 2717, 1421, 2633, 1538, 2718, 
1367, 2734, 1388, 2681, 1473, 2567, 1620, 2397, 1809, 2191, 
2025, 1972, 2244, 1764, 2441, 2297, 1919, 2080, 2137, 1863, 
2352, 1664, 2529, 1504, 2657, 1401, 2727, 1366, 2727, 1403, 
2657, 1443, 2702, 1375, 2736, 1377, 2700, 1447, 2599, 1582, 
2440, 1764, 2240, 1975, 2023, 2193, 1809, 1671, 2343, 1872, 
2131, 2087, 1911, 2303, 1709, 2492, 1537, 2635, 1421, 2718, 
1369, 2736, 1390, 2572, 1472, 2687, 1386, 2736, 1371, 2714, 
1426, 2627, 1547, 2479, 1720, 2288, 1924, 2072, 2142, 2556, 
1631, 2387, 1823, 2179, 2036, 1959, 2255, 1751, 2452, 1571, 
2607, 1441, 2703, 1374, 2735, 1655, 2539, 1498, 2664, 1399, 
2730, 1367, 2725, 1407, 2652, 1515, 2518, 1678, 2335, 1877, 
2124, 1459, 2591, 1595, 2430, 1778, 2230, 1988, 2009, 2207, 
1797, 2411, 1609, 2576, 1466, 2688, 1383, 2316, 1697, 2502, 
1528, 2641, 1417, 2719, 1368, 2732, 1391, 2673, 1486, 2553, 
1636, 2380, 1830, 2711, 1434, 2619, 1556, 2471, 1731, 2277, 
1939, 2062, 2159, 1845, 2368, 1648, 2544, 1493, 2668, 1947, 
2268, 1737, 2461, 1564, 2616, 1435, 2708, 1372, 2736, 1381, 
2692, 1457, 2585, 1596, 2423, 1368, 2723, 1414, 2647, 1523, 
2510, 1688, 2323, 1889, 2110, 2107, 1893, 2321, 1690, 2507, 
1523, 2001, 1997, 2222, 1784, 2422, 1599, 2584, 1459, 2692, 
1382, 2736, 1373, 2710, 1436, 2616, 1562, 2723, 1366, 2732, 
1395, 2668, 1492, 2544, 1647, 2369, 1840, 2160, 2060, 1940, 
2274, 1734, 2468, 2264, 1951, 2046, 2169, 1831, 2379, 1637, 
2552, 1487, 2673, 1392, 2732, 1369, 2720, 1415, 2642, 1431, 
2712, 1372, 2736, 1383, 2687, 1465, 2576, 1606, 2413, 1796, 
2208, 2009, 1990, 2227, 1779, 1699, 2312, 1902, 2096, 2121, 
1879, 2333, 1680, 2515, 1516, 2649, 1408, 2723, 1368, 2729, 
1398, 2592, 2222, 1777, 2423, 1592, 2583, 1454, 2691, 1377, 
2732, 1372, 2704, 1436, 2609, 1563, 2457, 1363, 2727, 1395, 
2663, 1494, 2536, 1651, 2361, 1845, 2151, 2063, 1934, 2278, 
1727, 2470, 1552, 1955, 2039, 2174, 1825, 2383, 1632, 2553, 
1481, 2673, 1391, 2732, 1368, 2718, 1415, 2638, 1530, 2712, 
1369, 2736, 1383, 2685, 1467, 2572, 1610, 2406, 1799, 2200, 
2014, 1982, 2230, 1770, 2431, 2305, 1906, 2091, 2124, 1872, 
2337, 1673, 2518, 1511, 2651, 1404, 2725, 1366, 2728, 1397, 
2659, 1449, 2697, 1376, 2736, 1375, 2702, 1443, 2603, 1574, 
2448, 1754, 2252, 1961, 2032, 2183, 1817, 1661, 2351, 1859, 
2139, 2076, 1920, 2291, 1716, 2482, 1543, 2628, 1423, 2712, 
1369, 2734, 1385, 2564, 1474, 2680, 1387, 2732, 1368, 2716, 
1421, 2631, 1538, 2488, 1710, 2299, 1915, 2084, 2132, 2563, 
1620, 2396, 1812, 2191, 2025, 1971, 2243, 1763, 2443, 1581, 
2599, 1445, 2702, 1374, 2736, 1664, 2529, 1504, 2659, 1403, 
2728, 1367, 2727, 1403, 2656, 1507, 2525, 1668, 2345, 1866, 
2133, 1449, 2596, 1583, 2438, 1767, 2239, 1977, 2022, 2196, 
1807, 2400, 1616, 2568, 1471, 2684, 1387, 2303, 1703, 2492, 
1536, 2634, 1419, 2719, 1368, 2733, 1388, 2680, 1479, 2560, 
1626, 2389, 1819, 2713, 1427, 2624, 1548, 2479, 1723, 2287, 
1928, 2071, 2146, 1855, 2358, 1657, 2535, 1500, 2663, 1957, 
2256, 1750, 2453, 1571, 2608, 1441, 2703, 1375, 2737, 1378, 
2696, 1451, 2590, 1588, 2433, 1368, 2723, 1408, 2649, 1517, 
2519, 1679, 2334, 1879, 2121, 2097, 1902, 2311, 1700, 2496, 
1532, 1990, 2007, 2207, 1795, 2412, 1606, 2576, 1464, 2688, 
1381, 2736, 1372, 2712, 1430, 2621, 1554, 2719, 1367, 2732, 
1392, 2673, 1486, 2552, 1636, 2377, 1831, 2170, 2046, 1951, 
2264, 1743, 2460, 2275, 1941, 2055, 2159, 1840, 2367, 1647, 
2543, 1491, 2668, 1395, 2731, 1368, 2723, 1409, 2646, 1434, 
2708, 1372, 2736, 1380, 2692, 1458, 2583, 1599, 2420, 1785, 
2220, 1996, 1999, 2212, 1789, 1691, 2323, 1891, 2108, 2111, 
1888, 2323, 1689, 2506, 1520, 2645, 1412, 2721, 1367, 2731, 
1393, 2587, 1458, 2693, 1381, 2736, 1372, 2709, 1438, 2612, 
1563, 2463, 1739, 2268, 1949, 2051, 2168, 2543, 1648, 2366, 
1843, 2158, 2059, 1937, 2276, 1731, 2468, 1557, 2619, 1432, 
2712, 1375, 2734, 1636, 2552, 1486, 2674, 1392, 2732, 1368, 
2720, 1416, 2639, 1528, 2500, 1696, 2318, 1899, 2100, 1465, 
2576, 1608, 2411, 1796, 2207, 2010, 1987, 2229, 1776, 2429, 
1592, 2591, 1455, 2694, 1379, 2336, 1676, 2519, 1514, 2651, 
1408, 2724, 1368, 2729, 1396, 2665, 1497, 2539, 1654, 2360, 
1852, 2705, 1442, 2608, 1572, 2451, 1751, 2255, 1959, 2038, 
2179, 1823, 2387, 1630, 2557, 1479, 2679, 1928, 2289, 1721, 
2480, 1548, 2626, 1428, 2714, 1369, 2736, 1385, 2684, 1470, 
2571, 1615, 2403, 1367, 2716, 1420, 2632, 1538, 2491, 1708, 
2302, 1911, 2087, 2131, 1869, 2342, 1671, 2524, 1508, 2023, 
1973, 2241, 1764, 2440, 1583, 2599, 1446, 2702, 1376, 2736, 
1376, 2702, 1444, 2601, 1575, 2726, 1368, 2727, 1402, 2657, 
1504, 2528, 1665, 2348, 1863, 2137, 2079, 1918, 2296, 1708, 
2484, 2244, 1974, 2023, 2192, 1811, 2398, 1620, 2566, 1474, 
2683, 1387, 2736, 1370, 2716, 1420, 2631, 1421, 2719, 1369, 
2736, 1391, 2683, 1478, 2562, 1624, 2393, 1815, 2188, 2031, 
1968, 2245, 1759, 1719, 2291, 1923, 2075, 2144, 1856, 2355, 
1660, 2533, 1502, 2660, 1400, 2728, 1366, 2724, 1406, 2608, 
1441, 2706, 1372, 2737, 1379, 2696, 1451, 2593, 1585, 2435, 
1770, 2236, 1980, 2016, 2201, 2518, 1678, 2335, 1877, 2126, 
2095, 1905, 2309, 1703, 2496, 1533, 2636, 1419, 2719, 1368, 
2736, 1756, 2289, 1970, 1782, 2360, 1795, 2238, 1977, 2077, 
2051, 1945, 2268, 1739, 2463, 1565, 2616, 2054, 2163, 1836, 
2374, 1642, 2546, 1488, 2670, 1395, 2731, 1367, 2723, 1414, 
2644, 1528, 2511, 1370, 2736, 1382, 2691, 1461, 2581, 1604, 
2417, 1786, 2215, 2001, 1996, 2220, 1785, 2424, 1600, 1895, 
2103, 2114, 1885, 2328, 1684, 2511, 1521, 2651, 1411, 2721, 
1368, 2731, 1395, 2668, 1495, 2694, 1379, 2738, 1374, 2707, 
1438, 2611, 1566, 2459, 1743, 2265, 1952, 2046, 2171, 1831, 
2381, 2363, 1849, 2152, 2064, 1932, 2279, 1728, 2473, 1551, 
2622, 1429, 2712, 1371, 2736, 1383, 2689, 1481, 2679, 1391, 
2734, 1368, 2719, 1417, 2639, 1531, 2499, 1699, 2312, 1903, 
2097, 2121, 1884, 1611, 2402, 1802, 2206, 2014, 1984, 2232, 
1773, 2432, 1588, 2591, 1452, 2696, 1378, 2736, 1375, 2520, 
1511, 2652, 1406, 2726, 1367, 2729, 1400, 2663, 1500, 2534, 
1658, 2356, 1859, 2145, 2075, 2602, 1575, 2448, 1753, 2253, 
1964, 2035, 2183, 1818, 2391, 1627, 2560, 1478, 2679, 1390, 
2737, 1715, 2484, 1545, 2627, 1424, 2716, 1368, 2736, 1385, 
2683, 1471, 2568, 1616, 2401, 1807, 2195, 1424, 2631, 1540, 
2489, 1711, 2299, 1915, 2083, 2135, 1867, 2347, 1667, 2527, 
1508, 2657, 1400, 2247, 1760, 2443, 1580, 2600, 1446, 2700, 
1377, 2737, 1378, 2700, 1447, 2599, 1580, 2443, 1761, 2728, 
1404, 2657, 1508, 2527, 1670, 2345, 1867, 2134, 2084, 1915, 
2300, 1711, 2489, 1540, 2633, 2021, 2199, 1812, 2403, 1617, 
2569, 1471, 2684, 1384, 2735, 1369, 2716, 1424, 2628, 1545, 
2482, 1368, 2736, 1386, 2679, 1478, 2559, 1627, 2390, 1820, 
2183, 2035, 1964, 2253, 1756, 2449, 1577, 1929, 2069, 2147, 
1854, 2360, 1657, 2535, 1500, 2663, 1399, 2729, 1367, 2726, 
1406, 2654, 1512, 2705, 1376, 2739, 1378, 2697, 1453, 2592, 
1591, 2432, 1775, 2232, 1985, 2015, 2204, 1801, 2409, 2332, 
1879, 2120, 2097, 1903, 2313, 1699, 2499, 1531, 2639, 1416, 
2720, 1368, 2732, 1392, 2675, 1463, 2687, 1383, 2735, 1370, 
2712, 1431, 2623, 1553, 2472, 1728, 2279, 1935, 2063, 2156, 
1847, 1641, 2377, 1832, 2169, 2047, 1951, 2265, 1743, 2462, 
1566, 2611, 1436, 2707, 1372, 2736, 1379, 2543, 1493, 2669, 
1397, 2729, 1369, 2722, 1411, 2647, 1520, 2509, 1688, 2326, 
1888, 2112, 2106, 2582, 1600, 2420, 1787, 2220, 1999, 1999, 
2216, 1787, 2419, 1601, 2584, 1460, 2691, 1382, 2736, 1687, 
2508, 1523, 2649, 1411, 2723, 1368, 2732, 1395, 2670, 1491, 
2547, 1646, 2371, 1840, 2163, 1436, 2611, 1561, 2464, 1739, 
2267, 1948, 2051, 2168, 1835, 2376, 1640, 2550, 1487, 2673, 
1393, 2276, 1731, 2471, 1555, 2621, 1431, 2711, 1371, 2736, 
1383, 2689, 1464, 2579, 1605, 2415, 1792, 2720, 1419, 2641, 
1530, 2500, 1695, 2313, 1898, 2099, 2118, 1881, 2330, 1682, 
2515, 1517, 2651, 1988, 2227, 1778, 2430, 1592, 2591, 1454, 
2697, 1379, 2736, 1374, 2705, 1439, 2609, 1569, 2456, 1366, 
2727, 1398, 2664, 1499, 2537, 1654, 2359, 1851, 2151, 2068, 
1930, 2284, 1725, 2476, 1551, 1960, 2039, 2181, 1823, 2391, 
1631, 2559, 1481, 2679, 1390, 2735, 1369, 2719, 1419, 2636, 
1535, 2716, 1372, 2737, 1386, 2687, 1470, 2572, 1615, 2403, 
1805, 2200, 2019, 1980, 2235, 1769, 2437, 2302, 1912, 2088, 
2134, 1868, 2343, 1670, 2523, 1510, 2655, 1404, 2727, 1367, 
2727, 1401, 2660, 1447, 2700, 1375, 2736, 1376, 2701, 1444, 
2602, 1577, 2444, 1760, 2247, 1969, 2029, 2188, 1814, 1667, 
2348, 1863, 2136, 2081, 1917, 2297, 1713, 2487, 1543, 2631, 
1424, 2717, 1369, 2735, 1387, 2567, 1474, 2684, 1388, 2733, 
1369, 2715, 1423, 2630, 1543, 2484, 1715, 2295, 1919, 2079, 
2138, 2563, 1624, 2392, 1817, 2187, 2583, 1595, 2422, 1780, 
2220, 1992, 1999, 2212, 1788, 2415, 1603, 1888, 2108, 2105, 
1891, 2319, 1691, 2505, 1523, 2643, 1411, 2719, 1367, 2728, 
1395, 2664, 1488, 2691, 1380, 2733, 1373, 2707, 1433, 2615, 
1559, 2464, 1736, 2269, 1943, 2054, 2160, 1839, 2370, 2367, 
1840, 2160, 2056, 1939, 2272, 1734, 2466, 1556, 2615, 1431, 
2707, 1371, 2736, 1380, 2688, 1486, 2672, 1392, 2729, 1367, 
2719, 1414, 2639, 1525, 2501, 1694, 2318, 1893, 2102, 2113, 
1884, 1606, 2411, 1792, 2207, 2006, 1988, 2227, 1779, 2424, 
1594, 2588, 1455, 2696, 1379, 2734, 1372, 2516, 1516, 2648, 
1408, 2723, 1367, 2727, 1397, 2664, 1496, 2539, 1651, 2359, 
1848, 2152, 2063, 2604, 1569, 2452, 1747, 2257, 1956, 2040, 
2175, 1824, 2383, 1631, 2553, 1484, 2673, 1392, 2728, 1722, 
2478, 1548, 2624, 1427, 2712, 1369, 2735, 1385, 2686, 1468, 
2571, 1612, 2407, 1799, 2204, 1414, 2635, 1536, 2492, 1706, 
2303, 1907, 2089, 2127, 1872, 2339, 1673, 2520, 1510, 2652, 
1407, 2239, 1767, 2438, 1584, 2596, 1449, 2699, 1376, 2735, 
1375, 2702, 1443, 2604, 1575, 2446, 1755, 2727, 1400, 2659, 
1504, 2528, 1662, 2349, 1860, 2139, 2076, 1920, 2292, 1716, 
2483, 1545, 2627, 2029, 2191, 1811, 2396, 1621, 2564, 1475, 
2681, 1387, 2734, 1369, 2716, 1420, 2632, 1537, 2488, 1368, 
2733, 1387, 2680, 1475, 2564, 1622, 2395, 1813, 2190, 2026, 
1969, 2243, 1760, 2444, 1577, 1921, 2078, 2140, 1859, 2352, 
1663, 2531, 1502, 2659, 1401, 2727, 1367, 2726, 1404, 2656, 
1511, 2702, 1375, 2736, 1377, 2698, 1449, 2595, 1584, 2438, 
1767, 2239, 1978, 2019, 2197, 1804, 2400, 2336, 1873, 2128, 
2091, 1908, 2305, 1704, 2494, 1535, 2635, 1420, 2718, 1368, 
2734, 1392, 2678, 1468, 2686, 1384, 2735, 1370, 2712, 1428, 
2623, 1548, 2476, 1723, 2286, 1928, 2070, 2144, 1852, 1633, 
2385, 1825, 2177, 2041, 1959, 2259, 1749, 2456, 1571, 2608, 
1441, 2705, 1375, 2740, 1377, 2540, 1495, 2667, 1399, 2731, 
1367, 2726, 1409, 2649, 1516, 2515, 1679, 2331, 1881, 2119, 
2099, 2588, 1593, 2427, 1779, 2224, 1991, 2006, 2210, 1795, 
2414, 1606, 2576, 1465, 2688, 1383, 2734, 1694, 2502, 1527, 
2642, 1415, 2720, 1368, 2732, 1395, 2672, 1487, 2550, 1638, 
2377, 1832, 2171, 1433, 2619, 1559, 2467, 1735, 2273, 1942, 
2056, 2161, 1841, 2369, 1645, 2544, 1491, 2668, 1392, 2272, 
1739, 2467, 1560, 2615, 1434, 2708, 1372, 2736, 1382, 2691, 
1459, 2583, 1599, 2422, 1790, 2720, 1412, 2643, 1524, 2505, 
1691, 2321, 1894, 2107, 2111, 1889, 2324, 1687, 2510, 1521, 
2643, 1995, 2222, 1782, 2424, 1597, 2586, 1458, 2693, 1380, 
2735, 1373, 2708, 1436, 2612, 1563, 2462, 1366, 2731, 1398, 
2667, 1494, 2542, 1649, 2364, 1845, 2156, 2060, 1938, 2279, 
1731, 2471, 1555, 1955, 2043, 2173, 1828, 2382, 1635, 2553, 
1484, 2675, 1394, 2732, 1368, 2720, 1416, 2640, 1529, 2711, 
1372, 2736, 1383, 2687, 1467, 2575, 1609, 2411, 1798, 2206, 
2011, 1987, 2230, 1776, 2430, 2307, 1902, 2093, 2123, 1875, 
2335, 1676, 2518, 1514, 2652, 1407, 2724, 1367, 2728, 1399, 
2663, 1449, 2696, 1379, 2736, 1375, 2704, 1441, 2604, 1573, 
2451, 1753, 2255, 1961, 2036, 2179, 1822, 1664, 2353, 1856, 
2143, 2073, 1923, 2288, 1719, 2480, 1545, 2627, 1425, 2715, 
1369, 2735, 1385, 2563, 1475, 2680, 1389, 2736, 1368, 2718, 
1423, 2632, 1538, 2490, 1708, 2302, 1912, 2087, 2131, 2567, 
1619, 2398, 1811, 2193, 2024, 1974, 2242, 1764, 2439, 1582, 
2600, 1447, 2700, 1376, 2736, 1664, 2527, 1508, 2656, 1403, 
2727, 1367, 2727, 1402, 2657, 1507, 2527, 1665, 2347, 1863, 
2136, 1447, 2598, 1580, 2439, 1615, 2542, 1502, 2709, 1391, 
2699, 1425, 2656, 1491, 2585, 1452, 2595, 1397, 2727, 1368, 
2726, 1408, 2653, 1513, 2519, 1676, 2337, 1876, 2124, 2094, 
1907, 2307, 1703, 1774, 2231, 1986, 2014, 2206, 1799, 2409, 
1610, 2575, 1468, 2687, 1383, 2735, 1370, 2711, 1428, 2639, 
1415, 2720, 1368, 2734, 1392, 2675, 1483, 2553, 1635, 2382, 
1828, 2177, 2043, 1956, 2263, 2472, 1731, 2279, 1937, 2063, 
2156, 1845, 2367, 1651, 2542, 1495, 2668, 1397, 2730, 1368, 
2723, 1564, 2608, 1435, 2708, 1375, 2736, 1380, 2693, 1457, 
2585, 1596, 2424, 1783, 2224, 1994, 2004, 1522, 2511, 1691, 
2324, 1889, 2112, 2105, 1895, 2320, 1692, 2506, 1526, 2643, 
1413, 2722, 1367, 2419, 1601, 2581, 1461, 2694, 1380, 2735, 
1372, 2710, 1436, 2616, 1560, 2465, 1736, 2272, 1946, 2668, 
1491, 2545, 1644, 2367, 1839, 2161, 2056, 1943, 2271, 1735, 
2466, 1558, 2616, 1433, 2708, 1832, 2375, 1638, 2548, 1487, 
2672, 1392, 2732, 1368, 2719, 1414, 2642, 1526, 2503, 1692, 
2319, 1382, 2689, 1465, 2579, 1606, 2413, 1793, 2211, 2007, 
1991, 2224, 1780, 2427, 1599, 2587, 1456, 2120, 1881, 2332, 
1677, 2514, 1516, 2651, 1408, 2723, 1367, 2731, 1399, 2666, 
1495, 2539, 1651, 2736, 1375, 2705, 1441, 2608, 1571, 2455, 
1748, 2259, 1956, 2040, 2175, 1826, 2384, 1633, 2555, 2148, 
2069, 1929, 2284, 1724, 2478, 1551, 2625, 1427, 2714, 1371, 
2736, 1385, 2687, 1468, 2574, 1390, 2732, 1369, 2719, 1419, 
2635, 1534, 2495, 1704, 2307, 1907, 2092, 2126, 1872, 2339, 
1676, 1806, 2200, 2019, 1977, 2236, 1767, 2438, 1583, 2595, 
1449, 2699, 1377, 2736, 1375, 2703, 1443, 2656, 1404, 2726, 
1369, 2729, 1401, 2659, 1504, 2531, 1663, 2352, 1859, 2141, 
2076, 1922, 2293, 2444, 1760, 2247, 1972, 2028, 2188, 1816, 
2396, 1624, 2565, 1477, 2680, 1388, 2734, 1369, 2716, 1541, 
2632, 1423, 2716, 1369, 2735, 1384, 2683, 1475, 2564, 1621, 
2396, 1812, 2192, 2027, 1971, 1543, 2483, 1716, 2295, 1922, 
2078, 2140, 1861, 2352, 1664, 2530, 1503, 2659, 1404, 2727, 
1367, 2448, 1576, 2604, 1443, 2702, 1374, 2737, 1376, 2700, 
1450, 2596, 1584, 2437, 1766, 2240, 1975, 2655, 1511, 2521, 
1673, 2343, 1875, 2129, 2092, 1910, 2304, 1706, 2494, 1536, 
2636, 1420, 2719, 1803, 2406, 1615, 2574, 1469, 2685, 1385, 
2732, 1371, 2713, 1428, 2625, 1548, 2480, 1722, 2287, 1391, 
2675, 1481, 2555, 1631, 2387, 1823, 2175, 2040, 1958, 2257, 
1750, 2455, 1571, 2608, 1440, 2153, 1848, 2361, 1654, 2539, 
1495, 2667, 1400, 2729, 1367, 2726, 1409, 2651, 1517, 2515, 
1679, 2737, 1381, 2695, 1455, 2589, 1595, 2428, 1778, 2227, 
1991, 2008, 2209, 1796, 2412, 1607, 2578, 2115, 2102, 1895, 
2316, 1694, 2502, 1526, 2641, 1415, 2719, 1369, 2732, 1393, 
2674, 1486, 2551, 1381, 2736, 1372, 2711, 1431, 2616, 1557, 
2470, 1732, 2275, 1941, 2057, 2160, 1843, 2369, 1647, 1836, 
2165, 2052, 1946, 2270, 1739, 2465, 1560, 2619, 1436, 2710, 
1373, 2736, 1381, 2692, 1459, 2671, 1395, 2732, 1367, 2723, 
1413, 2645, 1526, 2508, 1691, 2322, 1892, 2108, 2111, 1891, 
2324, 2416, 1791, 2215, 2001, 1994, 2222, 1784, 2429, 1597, 
2585, 1457, 2694, 1380, 2736, 1372, 2709, 1520, 2649, 1409, 
2723, 1368, 2731, 1398, 2665, 1493, 2543, 1649, 2366, 1844, 
2159, 2060, 1937, 1567, 2458, 1744, 2262, 1952, 2045, 2169, 
1831, 2380, 1638, 2552, 1484, 2675, 1392, 2732, 1368, 2474, 
1552, 2622, 1430, 2712, 1372, 2734, 1386, 2686, 1462, 2576, 
1609, 2409, 1795, 2207, 2010, 2638, 1531, 2496, 1700, 2308, 
1904, 2094, 2120, 1876, 2337, 1676, 2518, 1516, 2652, 1408, 
2725, 1772, 2435, 1588, 2593, 1452, 2697, 1379, 2739, 1377, 
2706, 2691, 1378, 2734, 1372, 2704, 1436, 2647, 1407, 2719, 
1364, 2726, 1398, 2662, 1495, 2536, 1651, 2359, 1847, 2151, 
2062, 1931, 2280, 2452, 1750, 2255, 1956, 2038, 2177, 1824, 
2384, 1630, 2555, 1481, 2673, 1391, 2731, 1368, 2718, 1547, 
2623, 1427, 2711, 1370, 2734, 1383, 2684, 1468, 2571, 1611, 
2401, 1800, 2200, 2012, 1980, 1534, 2492, 1705, 2303, 1908, 
2087, 2127, 1871, 2340, 1671, 2518, 1510, 2655, 1404, 2724, 
1365, 2439, 1582, 2596, 1447, 2697, 1376, 2736, 1373, 2702, 
1444, 2603, 1574, 2446, 1756, 2249, 1965, 2659, 1503, 2529, 
1662, 2348, 1862, 2138, 2079, 1920, 2292, 1715, 2483, 1541, 
2628, 1423, 2715, 1811, 2396, 1619, 2564, 1474, 2680, 1387, 
2733, 1368, 2716, 1422, 2630, 1540, 2486, 1711, 2296, 1386, 
2680, 1474, 2563, 1624, 2393, 1814, 2188, 2027, 1968, 2246, 
1760, 2444, 1579, 2601, 1446, 2140, 1862, 2353, 1660, 2529, 
1504, 2659, 1402, 2727, 1367, 2727, 1404, 2655, 1509, 2524, 
1670, 2736, 1380, 2695, 1450, 2595, 1587, 2436, 1768, 2238, 
1979, 2017, 2198, 1806, 2403, 1615, 2569, 2125, 2088, 1907, 
2305, 1703, 2494, 1534, 2636, 1418, 2719, 1368, 2733, 1388, 
2676, 1479, 2559, 1384, 2735, 1372, 2712, 1425, 2623, 1551, 
2476, 1724, 2287, 1929, 2069, 2148, 1852, 2360, 1656, 1825, 
2175, 2039, 1956, 2259, 1747, 2455, 1568, 2608, 1438, 2703, 
1373, 2736, 1379, 2696, 1454, 2664, 1397, 2732, 1368, 2723, 
1407, 2651, 1516, 2514, 1680, 2332, 1881, 2119, 2099, 1900, 
2313, 2425, 1779, 2222, 1988, 2005, 2211, 1793, 2413, 1606, 
2579, 1463, 2689, 1382, 2735, 1371, 2711, 1526, 2644, 1410, 
2723, 1367, 2732, 1393, 2672, 1487, 2551, 1639, 2376, 1833, 
2169, 2047, 1950, 1558, 2466, 1736, 2271, 1943, 2056, 2160, 
1839, 2369, 1644, 2545, 1491, 2668, 1396, 2731, 1368, 2465, 
1560, 2616, 1433, 2711, 1372, 2735, 1382, 2691, 1460, 2583, 
1601, 2419, 1787, 2217, 2000, 2643, 1526, 2505, 1689, 2318, 
1892, 2104, 2111, 1888, 2324, 1687, 2509, 1523, 2648, 1411, 
2723, 1782, 2424, 1595, 2583, 1456, 2694, 1380, 2736, 1372, 
END
1861, 2224, 1875, 2209, 1891, 2193, 1907, 2177, 1923, 2163, 
1939, 2147, 1955, 1472, 2623, 2714, 1368, 2718, 1369, 2716, 
1363, 2720, 1362, 2723, 1361, 2724, 1361, 2724, 1361, 2338, 
1761, 2323, 1776, 2314, 1791, 2295, 1807, 2281, 1822, 2268, 
1836, 2249, 1852, 2235, 1867, 1526, 2571, 1518, 2580, 1505, 
2591, 1498, 2599, 1487, 2609, 1478, 2618, 1468, 2628, 1460, 
2636, 1486, 2601, 1495, 2590, 1506, 2584, 1514, 2574, 1525, 
2563, 1537, 2553, 1547, 2542, 1560, 2531, 2279, 1808, 2298, 
1792, 2311, 1779, 2326, 1766, 2340, 1751, 2355, 1736, 2368, 
1722, 2383, 1708, 2727, 1367, 2726, 1368, 2721, 1371, 2720, 
1374, 2719, 1376, 2717, 1380, 2712, 1384, 2709, 1388, 2169, 
1940, 2149, 1953, 2133, 1972, 2119, 1988, 2104, 2004, 2376, 
1717, 2389, 1701, 2401, 1689, 2726, 1371, 2724, 1372, 2719, 
1376, 2718, 1378, 2715, 1383, 2712, 1386, 2707, 1391, 2703, 
1392, 2143, 1963, 2127, 1979, 2114, 1995, 2096, 2011, 2081, 
2026, 2064, 2043, 2047, 2060, 2031, 2074, 1420, 2680, 1412, 
2687, 1408, 2691, 1402, 2697, 1396, 2702, 1392, 2702, 1387, 
2727, 1366, 2701, 2220, 1550, 2575, 1483, 2635, 1459, 2655, 
1379, 2718, 1376, 2721, 1376, 2724, 1370, 2727, 1369, 2404, 
1703, 2393, 1718, 2378, 1731, 2364, 1747, 2350, 1758, 2335, 
1775, 2322, 1791, 2306, 1804, 1578, 2529, 1566, 2540, 1555, 
2551, 1543, 2561, 1531, 2571, 1522, 2585, 1511, 2592, 1501, 
2600, 1451, 2643, 1459, 2635, 1468, 2627, 1476, 2619, 1487, 
2608, 1494, 2601, 1504, 2591, 1513, 2582, 2216, 1878, 2233, 
1863, 2249, 1848, 2264, 1835, 2279, 1817, 2292, 1801, 2311, 
1788, 2323, 1773, 2732, 1365, 2733, 1365, 2732, 1365, 2731, 
1367, 2732, 1370, 2729, 1370, 2728, 1372, 2726, 1375, 2238, 
1875, 2222, 1889, 2207, 1906, 2190, 1923, 2174, 1936, 2160, 
1952, 2143, 1968, 2127, 1985, 1463, 2643, 1455, 2650, 1447, 
2662, 1438, 2664, 1432, 2672, 1425, 2677, 1418, 2686, 1413, 
2689, 1563, 2534, 1577, 2523, 1587, 2511, 1599, 2496, 1612, 
2486, 1624, 2473, 1636, 2463, 1650, 2448, 2390, 1708, 2403, 
1695, 2417, 1683, 2431, 1667, 2446, 1654, 2456, 1641, 2469, 
1627, 2481, 1615, 2712, 1391, 2707, 1391, 2703, 1400, 2697, 
1404, 2692, 1411, 2687, 1417, 2682, 1424, 2675, 1429, 2054, 
2059, 2039, 2070, 2023, 2088, 2007, 2106, 1988, 2122, 1976, 
2137, 1959, 2152, 1943, 2168, 1391, 2712, 1385, 2715, 1379, 
2720, 1379, 2723, 1376, 2726, 1374, 2727, 1370, 2731, 1368, 
2731, 1712, 2388, 1727, 2374, 1740, 2359, 1754, 2344, 1767, 
2330, 1784, 2317, 1798, 2302, 1812, 2286, 2534, 1563, 2547, 
1551, 2556, 1540, 2568, 1528, 2578, 1520, 2588, 1509, 2599, 
1499, 2608, 1489, 2639, 1463, 2631, 1472, 2624, 1483, 2616, 
1491, 2607, 1499, 2597, 1510, 2588, 1519, 2578, 1528, 1871, 
2240, 1857, 2256, 1843, 2272, 1827, 2287, 1810, 2300, 1795, 
2316, 1782, 2331, 1767, 2348, 1366, 2735, 1366, 2734, 1366, 
2732, 1370, 2732, 1370, 2729, 1371, 2727, 1374, 2726, 1376, 
2724, 1883, 2216, 1896, 2199, 1912, 2184, 1929, 2168, 1944, 
2152, 1960, 2136, 1975, 2118, 1990, 2104, 2646, 1450, 2652, 
1443, 2660, 1436, 2668, 1429, 2673, 1422, 2681, 1416, 2686, 
1409, 2695, 1404, 2529, 1581, 2518, 1592, 2507, 1605, 2495, 
1617, 2483, 1630, 2470, 1644, 2457, 1657, 2444, 1670, 1703, 
2408, 1688, 2423, 1675, 2438, 1662, 2449, 1649, 2463, 1636, 
2474, 1624, 2488, 1610, 2498, 1393, 2706, 1396, 2700, 1402, 
2693, 1408, 2690, 1413, 2684, 1419, 2678, 1427, 2672, 1433, 
2665, 2067, 2032, 2081, 2015, 2096, 1998, 2112, 1984, 2127, 
1968, 2144, 1952, 2158, 1936, 2175, 1920, 2712, 1384, 2716, 
1380, 2719, 1376, 2723, 1375, 2726, 1372, 2728, 1370, 2731, 
1368, 2730, 1366, 2380, 1732, 2368, 1745, 2353, 1760, 2338, 
1776, 2323, 1788, 2309, 1804, 2294, 1820, 2280, 1835, 1558, 
2553, 1547, 2564, 1536, 2572, 1527, 2583, 1513, 2593, 1504, 
2603, 1496, 2611, 1484, 2620, 1467, 2628, 1476, 2620, 1485, 
2611, 1495, 2602, 1503, 2592, 1513, 2584, 1525, 2574, 1534, 
2564, 2247, 1849, 2263, 1835, 2279, 1820, 2294, 1806, 2308, 
1790, 2323, 1775, 2338, 1763, 2352, 1747, 2734, 1367, 2732, 
1367, 2733, 1368, 2729, 1371, 2728, 1372, 2727, 1374, 2724, 
1377, 2720, 1380, 2209, 1904, 2193, 1920, 2175, 1935, 2162, 
1953, 2145, 1968, 2130, 1982, 2113, 1999, 2097, 2015, 1447, 
2657, 1440, 2664, 1433, 2671, 1427, 2679, 1420, 2686, 1414, 
2689, 1408, 2694, 1401, 2700, 1584, 2512, 1598, 2500, 1610, 
2489, 1623, 2476, 1635, 2463, 1649, 2451, 1662, 2439, 1675, 
2425, 2416, 1683, 2428, 1670, 2444, 2475, 1633, 2463, 1646, 
2448, 1660, 2435, 1672, 2424, 1687, 2411, 2426, 1667, 2439, 
1655, 2452, 1643, 2464, 1628, 2478, 1617, 2490, 1606, 2502, 
1591, 2513, 1580, 2696, 1404, 2691, 1408, 2686, 1415, 2681, 
1421, 2675, 1427, 2668, 1434, 2662, 1441, 2652, 1449, 2008, 
2103, 1993, 2118, 1976, 2134, 1959, 2150, 1945, 2166, 1929, 
2182, 1913, 2195, 1897, 2213, 1379, 2719, 1375, 2723, 1374, 
2726, 1371, 2728, 1369, 2731, 1367, 2732, 1366, 2735, 1365, 
2734, 1751, 2348, 1766, 2332, 1780, 2316, 1794, 2303, 1809, 
2288, 1825, 2272, 1840, 2257, 1855, 2241, 2567, 1530, 2576, 
1521, 2585, 1510, 2596, 1500, 2604, 1491, 2614, 1482, 2623, 
1473, 2631, 1464, 2614, 1488, 2608, 1498, 2599, 1507, 2588, 
1518, 2579, 1528, 2569, 1539, 2558, 1549, 2547, 1561, 1828, 
2284, 1812, 2299, 1799, 2313, 1784, 2329, 1769, 2343, 1754, 
2358, 1740, 2372, 1726, 2386, 1368, 2731, 1368, 2729, 1369, 
2727, 1374, 2724, 1375, 2722, 1377, 2719, 1382, 2716, 1385, 
2712, 1924, 2171, 1940, 2155, 1957, 2138, 1974, 2123, 1988, 
2108, 2004, 2091, 2020, 2074, 2037, 2060, 2667, 1431, 2673, 
1424, 2682, 1417, 2686, 1411, 2692, 1404, 2697, 1401, 2702, 
1395, 2707, 1391, 2496, 1613, 2483, 1627, 2471, 1640, 2459, 
1654, 2445, 1667, 2432, 1680, 2419, 1695, 2406, 1708, 1664, 
2447, 1651, 2461, 1638, 2473, 1624, 2486, 1612, 2497, 1600, 
2510, 1589, 2520, 1576, 2532, 1407, 2690, 1413, 2685, 1418, 
2679, 1425, 2673, 1431, 2667, 1439, 2659, 1446, 2652, 1454, 
2643, 2111, 1985, 2126, 1970, 2141, 1953, 2157, 1939, 2175, 
1923, 2190, 1907, 2206, 1891, 2219, 1875, 2723, 1376, 2726, 
1373, 2728, 1370, 2731, 1369, 2732, 1368, 2736, 1366, 2734, 
1366, 2735, 1366, 2341, 1772, 2328, 1787, 2311, 1801, 2296, 
1817, 2281, 1831, 2268, 1847, 2251, 1863, 2236, 1876, 1527, 
2583, 1517, 2593, 1507, 2601, 1497, 2611, 1487, 2619, 1478, 
2630, 1470, 2636, 1462, 2644, 1493, 2604, 1504, 2596, 1514, 
2588, 1524, 2576, 1534, 2566, 1544, 2555, 1553, 2544, 1564, 
2533, 2292, 1807, 2305, 1792, 2321, 1777, 2335, 1763, 2350, 
1748, 2364, 1734, 2379, 1720, 2392, 1707, 2734, 1369, 2729, 
1371, 2727, 1374, 2724, 1377, 2722, 1380, 2719, 1384, 2715, 
1387, 2712, 1392, 2165, 1948, 2148, 1964, 2132, 1981, 2118, 
1999, 2100, 2012, 2086, 2028, 2068, 2044, 2052, 2061, 1427, 
2676, 1422, 2683, 1416, 2688, 1409, 2695, 1404, 2700, 1399, 
2703, 1394, 2708, 1389, 2713, 1621, 2479, 1632, 2465, 1646, 
2454, 1659, 2440, 1673, 2428, 1687, 2415, 1699, 2400, 1713, 
2386, 2455, 1647, 2465, 1633, 2479, 1620, 2491, 1608, 2503, 
1596, 2515, 1584, 2527, 1572, 2537, 1560, 2688, 1416, 2683, 
1420, 2677, 1427, 2669, 1434, 2663, 1441, 2657, 1449, 2648, 
1457, 2640, 1464, 1980, 2134, 1964, 2148, 1948, 2164, 1931, 
2180, 1916, 2197, 1902, 2212, 1886, 2228, 1870, 2242, 1375, 
2727, 1372, 2729, 1371, 2732, 1369, 2732, 1368, 2734, 1368, 
2735, 1367, 2735, 1366, 2736, 1779, 2321, 1793, 2306, 1808, 
2291, 1823, 2274, 1838, 2260, 1852, 2244, 1870, 2228, 1886, 
2213, 2587, 1512, 2595, 1502, 2605, 1493, 2614, 1483, 2623, 
1473, 2631, 1466, 2641, 1458, 2648, 1450, 2600, 1507, 2591, 
1517, 2583, 1528, 2572, 1539, 2561, 1547, 2550, 1560, 2538, 
1571, 2528, 1583, 1800, 2312, 1787, 2327, 1772, 2342, 1757, 
2355, 1743, 2371, 1728, 2383, 1714, 2399, 1700, 2412, 1370, 
2728, 1372, 2727, 1375, 2681, 1463, 2527, 1950, 1719, 2444, 
1632, 2523, 1552, 2593, 1418, 2553, 1558, 2542, 1567, 2531, 
1579, 2518, 1592, 2507, 1604, 2496, 1616, 2483, 1628, 2470, 
1641, 1732, 2380, 1718, 2395, 1699, 2407, 1691, 2422, 1676, 
2435, 1664, 2448, 1650, 2461, 1636, 2474, 1383, 2715, 1388, 
2711, 1393, 2707, 1397, 2700, 1402, 2697, 1407, 2691, 1413, 
2685, 1420, 2680, 2033, 2067, 2047, 2049, 2063, 2033, 2079, 
2016, 2096, 2001, 2112, 1985, 2127, 1968, 2143, 1953, 2705, 
1392, 2710, 1388, 2713, 1385, 2718, 1380, 2720, 1377, 2723, 
1375, 2726, 1373, 2729, 1371, 2411, 1702, 2399, 1716, 2383, 
1731, 2369, 1744, 2355, 1759, 2340, 1774, 2326, 1788, 2312, 
1804, 1581, 2528, 1569, 2540, 1556, 2551, 1546, 2560, 1537, 
2572, 1525, 2582, 1515, 2592, 1506, 2601, 1451, 2646, 1459, 
2639, 1467, 2629, 1475, 2623, 1484, 2614, 1494, 2604, 1503, 
2595, 1514, 2588, 2215, 1880, 2231, 1868, 2247, 1852, 2262, 
1837, 2276, 1822, 2292, 1807, 2307, 1792, 2321, 1777, 2732, 
1366, 2733, 1366, 2735, 1365, 2734, 1367, 2732, 1368, 2733, 
1370, 2728, 1371, 2727, 1374, 2241, 1871, 2224, 1888, 2211, 
1902, 2196, 1918, 2179, 1935, 2163, 1950, 2147, 1965, 2131, 
1980, 1464, 2641, 1457, 2649, 1448, 2656, 1441, 2663, 1434, 
2671, 1428, 2676, 1420, 2684, 1416, 2689, 1563, 2537, 1573, 
2526, 1584, 2515, 1596, 2502, 1608, 2491, 1621, 2478, 1635, 
2464, 1646, 2451, 2388, 1716, 2400, 1694, 2413, 1684, 2429, 
1671, 2443, 1658, 2456, 1646, 2467, 1631, 2479, 1617, 2712, 
1390, 2710, 1395, 2704, 1400, 2700, 1404, 2694, 1408, 2688, 
1417, 2684, 1423, 2676, 1428, 2059, 2055, 2043, 2072, 2025, 
2086, 2011, 2101, 1993, 2119, 1979, 2135, 1961, 2151, 1948, 
2164, 1390, 2710, 1387, 2715, 1383, 2719, 1380, 2723, 1377, 
2724, 1375, 2728, 1372, 2731, 1369, 2732, 1708, 2392, 1722, 
2377, 1737, 2363, 1750, 2348, 1766, 2335, 1780, 2319, 1795, 
2304, 1810, 2291, 2534, 1564, 2545, 1554, 2555, 1542, 2567, 
1531, 2577, 1521, 2587, 1511, 2596, 1502, 2606, 1492, 2643, 
1463, 2636, 1471, 2627, 1479, 2617, 1488, 2609, 1496, 2600, 
1507, 2591, 1516, 2579, 1529, 1875, 2236, 1859, 2252, 1844, 
2268, 1830, 2284, 1815, 2300, 1800, 2312, 1784, 2328, 1771, 
2343, 1366, 2734, 1365, 2734, 1367, 2733, 1368, 2732, 1370, 
2729, 1371, 2729, 1373, 2726, 1376, 2724, 1879, 2222, 1893, 
2204, 1910, 2188, 1924, 2172, 1942, 2156, 1955, 2140, 1971, 
2124, 1988, 2108, 2644, 1453, 2652, 1447, 2659, 1438, 2665, 
1431, 2675, 1423, 2679, 1419, 2684, 1412, 2691, 1406, 2532, 
1579, 2520, 1589, 2508, 1600, 2496, 1615, 2484, 1627, 2472, 
1639, 2460, 1652, 2446, 1664, 1707, 2407, 1692, 2419, 1679, 
2434, 1664, 2447, 1651, 2460, 1639, 2473, 1626, 2484, 1613, 
2496, 1391, 2705, 1397, 2703, 1400, 2695, 1407, 2691, 1412, 
2685, 1418, 2680, 1424, 2675, 1432, 2667, 2060, 2035, 2078, 
2019, 2094, 2003, 2108, 1987, 2126, 1971, 2142, 1955, 2156, 
1939, 2174, 1924, 2713, 1384, 2718, 1382, 2719, 1378, 2723, 
1374, 2726, 1373, 2728, 1371, 2731, 1369, 2732, 1367, 2385, 
1728, 2371, 1742, 2358, 1758, 2343, 1771, 2328, 1787, 2312, 
1801, 2299, 1816, 2283, 1831, 1559, 2549, 1550, 2559, 1536, 
2571, 1527, 2582, 1516, 2590, 1507, 2601, 1496, 2610, 1487, 
2620, 1466, 2631, 1473, 2623, 1484, 2615, 1492, 2606, 1502, 
2595, 1515, 2586, 1521, 2575, 1531, 2566, 2244, 1852, 2259, 
1839, 2275, 1823, 2290, 1808, 2304, 1793, 2320, 1779, 2334, 
2563, 1543, 2553, 2259, 1836, 2271, 1821, 2287, 1807, 2302, 
1792, 2315, 1777, 2331, 1762, 2345, 1748, 2359, 1735, 2732, 
1366, 2729, 1367, 2728, 1369, 2728, 1372, 2726, 1372, 2723, 
1376, 2719, 1379, 2718, 1381, 2195, 1913, 2179, 1930, 2163, 
1944, 2149, 1963, 2132, 1977, 2117, 1993, 2102, 2009, 2084, 
2025, 1441, 2660, 1436, 2667, 1427, 2675, 1422, 2680, 1414, 
2687, 1409, 2692, 1402, 2696, 1400, 2703, 1595, 2503, 1606, 
2491, 1620, 2478, 1631, 2467, 1644, 2453, 1657, 2440, 1670, 
2427, 1683, 2415, 2424, 1671, 2438, 1659, 2451, 1647, 2464, 
1633, 2479, 1619, 2488, 1607, 2500, 1596, 2512, 1583, 2697, 
1403, 2693, 1409, 2688, 1414, 2683, 1420, 2676, 1427, 2668, 
1433, 2663, 1441, 2656, 1448, 2012, 2099, 1996, 2114, 1980, 
2129, 1964, 2147, 1948, 2160, 1934, 2178, 1918, 2193, 1902, 
2210, 1379, 2720, 1378, 2723, 1374, 2727, 1372, 2728, 1370, 
2731, 1369, 2732, 1367, 2733, 1366, 2733, 1747, 2351, 1761, 
2336, 1778, 2322, 1791, 2305, 1806, 2291, 1822, 2276, 1836, 
2260, 1852, 2246, 2564, 1534, 2575, 1523, 2584, 1512, 2593, 
1503, 2604, 1492, 2612, 1484, 2622, 1475, 2631, 1465, 2619, 
1487, 2611, 1496, 2601, 1505, 2591, 1516, 2582, 1525, 2572, 
1536, 2560, 1548, 2552, 1559, 1859, 2252, 1845, 2268, 1830, 
2282, 1815, 2297, 1799, 2313, 1786, 2327, 1771, 2341, 1756, 
2356, 1366, 2733, 1366, 2732, 1367, 2732, 1368, 2729, 1371, 
2728, 1373, 2726, 1375, 2723, 1379, 2720, 1892, 2204, 1909, 
2187, 1924, 2172, 1939, 2156, 1957, 2140, 1972, 2124, 1988, 
2110, 2004, 2094, 2652, 1444, 2658, 1438, 2667, 1432, 2673, 
1424, 2679, 1417, 2686, 1411, 2691, 1406, 2696, 1401, 2520, 
1591, 2508, 1600, 2496, 1613, 2484, 1627, 2471, 1639, 2460, 
1651, 2447, 1663, 2432, 1679, 1692, 2419, 1678, 2432, 1664, 
2446, 1652, 2459, 1639, 2473, 1627, 2484, 1614, 2496, 1600, 
2510, 1395, 2702, 1402, 2696, 1406, 2691, 1411, 2687, 1418, 
2680, 1423, 2672, 1431, 2667, 1439, 2658, 2077, 2019, 2094, 
2003, 2110, 1987, 2124, 1971, 2140, 1955, 2158, 1939, 2172, 
1923, 2188, 1908, 2716, 1381, 2719, 1377, 2723, 1374, 2726, 
1373, 2727, 1371, 2730, 1369, 2733, 1367, 2734, 1367, 2371, 
1741, 2357, 1757, 2342, 1772, 2328, 1785, 2311, 1800, 2297, 
1816, 2283, 1830, 2266, 1846, 1548, 2560, 1539, 2572, 1528, 
2581, 1518, 2592, 1506, 2600, 1499, 2609, 1488, 2619, 1479, 
2628, 1473, 2623, 1483, 2614, 1493, 2606, 1502, 2596, 1512, 
2587, 1521, 2576, 1532, 2566, 1543, 2555, 2259, 1838, 2275, 
1823, 2291, 1809, 2304, 1793, 2319, 1776, 2334, 1763, 2348, 
1751, 2364, 1735, 2735, 1367, 2732, 1368, 2732, 1370, 2730, 
1371, 2728, 1374, 2724, 1377, 2723, 1379, 2719, 1383, 2197, 
1915, 2180, 1932, 2165, 1948, 2150, 1963, 2134, 1980, 2118, 
1993, 2102, 2012, 2085, 2028, 1441, 2663, 1435, 2670, 1428, 
2675, 1420, 2683, 1415, 2688, 1409, 2695, 1404, 2699, 1399, 
2704, 1595, 2503, 1608, 2492, 1619, 2479, 1632, 2467, 1646, 
2455, 1657, 2441, 1671, 2429, 1686, 2415, 2426, 1672, 2439, 
1659, 2451, 1645, 2465, 1633, 2478, 1621, 2491, 1608, 2501, 
1596, 2515, 1584, 2700, 1403, 2695, 1409, 2688, 1413, 2684, 
1420, 2678, 1427, 2670, 1435, 2663, 1441, 2656, 1449, 2013, 
2100, 1997, 2117, 1981, 2131, 1964, 2147, 1948, 2163, 1932, 
2180, 1916, 2195, 1901, 2211, 1380, 2720, 1376, 2724, 1374, 
2727, 1372, 2729, 1370, 2731, 1368, 2735, 1367, 2732, 1399, 
2624, 2518, 1502, 2622, 1460, 2659, 1415, 2716, 1372, 2729, 
1371, 2732, 1370, 2733, 1368, 2734, 1367, 2368, 1745, 2352, 
1760, 2337, 1776, 2325, 1788, 2310, 1806, 2295, 1820, 2279, 
1835, 2263, 1849, 1547, 2563, 1536, 2573, 1526, 2583, 1515, 
2592, 1505, 2604, 1495, 2612, 1485, 2620, 1476, 2627, 1477, 
2622, 1486, 2612, 1496, 2603, 1504, 2592, 1515, 2583, 1524, 
2574, 1535, 2563, 1546, 2552, 2264, 1835, 2278, 1819, 2292, 
1804, 2307, 1789, 2323, 1776, 2337, 1763, 2352, 1745, 2366, 
1732, 2732, 1366, 2732, 1368, 2729, 1370, 2729, 1372, 2727, 
1374, 2723, 1377, 2721, 1381, 2719, 1384, 2193, 1920, 2177, 
1936, 2162, 1951, 2146, 1967, 2129, 1983, 2113, 1999, 2098, 
2014, 2081, 2031, 1440, 2663, 1433, 2671, 1425, 2678, 1420, 
2683, 1414, 2688, 1408, 2694, 1402, 2700, 1398, 2704, 1598, 
2500, 1610, 2488, 1624, 2476, 1636, 2465, 1648, 2451, 1660, 
2437, 1675, 2424, 1688, 2412, 2428, 1669, 2441, 1656, 2455, 
1643, 2468, 1630, 2480, 1618, 2492, 1604, 2504, 1592, 2516, 
1581, 2699, 1405, 2692, 1409, 2687, 1416, 2682, 1423, 2675, 
1428, 2668, 1436, 2662, 1441, 2654, 1450, 2008, 2103, 1992, 
2120, 1977, 2136, 1962, 2151, 1944, 2167, 1929, 2183, 1913, 
2198, 1898, 2215, 1379, 2720, 1376, 2725, 1374, 2727, 1372, 
2729, 1372, 2732, 1368, 2733, 1368, 2735, 1366, 2734, 1752, 
2348, 1766, 2332, 1780, 2317, 1796, 2302, 1811, 2288, 1826, 
2272, 1840, 2256, 1855, 2241, 2567, 1531, 2577, 1520, 2588, 
1511, 2596, 1500, 2608, 1491, 2615, 1484, 2626, 1472, 2633, 
1464, 2618, 1489, 2608, 1499, 2599, 1508, 2588, 1519, 2579, 
1530, 2568, 1539, 2558, 1550, 2547, 1561, 1830, 2284, 1813, 
2300, 1799, 2315, 1783, 2329, 1769, 2344, 1755, 2359, 1740, 
2372, 1727, 2386, 1368, 2731, 1369, 2731, 1371, 2727, 1374, 
2724, 1375, 2721, 1379, 2719, 1383, 2716, 1386, 2713, 1927, 
2172, 1941, 2155, 1959, 2139, 1974, 2123, 1991, 2107, 2006, 
2090, 2021, 2075, 2040, 2059, 2668, 1433, 2674, 1423, 2682, 
1417, 2686, 1411, 2691, 1407, 2696, 1400, 2703, 1395, 2707, 
1391, 2495, 1615, 2483, 1628, 2471, 1639, 2458, 1654, 2446, 
1666, 2432, 1679, 2419, 1695, 2405, 1708, 1664, 2447, 1650, 
2460, 1638, 2473, 1624, 2486, 1611, 2499, 1601, 2511, 1588, 
2520, 1577, 2534, 1406, 2691, 1413, 2685, 1419, 2678, 1425, 
2672, 1432, 2666, 1439, 2658, 1446, 2651, 1454, 2643, 2110, 
1985, 2124, 1969, 2143, 1955, 2159, 1939, 2175, 1923, 2191, 
1907, 2206, 1889, 2222, 1876, 2723, 1376, 2725, 1373, 2729, 
1373, 2731, 1371, 2732, 1368, 2729, 1367, 2735, 1366, 2735, 
1366, 2340, 1774, 2327, 1788, 2312, 1802, 2295, 1817, 2280, 
1831, 2266, 1848, 2251, 1862, 2235, 1878, 1527, 2581, 1515, 
2591, 1505, 2601, 1497, 2611, 1486, 2620, 1479, 2628, 1469, 
2638, 1461, 2645, 1494, 2606, 1504, 2596, 1512, 2585, 1524, 
2575, 1534, 2565, 1544, 2554, 1556, 2542, 1567, 2533, 2292, 
1812, 2307, 1792, 2320, 1776, 2336, 1761, 2350, 1748, 2365, 
1734, 2380, 1720, 2393, 1707, 2732, 1370, 2729, 1372, 2727, 
1374, 2726, 1378, 2723, 1380, 2719, 1383, 2713, 1388, 2713, 
1392, 2164, 1950, 2148, 1966, 2132, 1983, 2116, 1997, 2100, 
2013, 2083, 2029, 2067, 2044, 2051, 2062, 1428, 2675, 1422, 
2684, 1415, 2689, 1409, 2693, 1400, 2699, 1399, 2705, 1395, 
2708, 1390, 2713, 1621, 2479, 1632, 2465, 1647, 2453, 1660, 
2440, 1674, 2427, 1687, 2414, 1700, 2399, 1715, 2384, 2454, 
1644, 2465, 1632, 2479, 2438, 1671, 2425, 1684, 2411, 1697, 
2398, 1712, 2383, 1727, 2369, 2467, 1632, 2477, 1619, 2488, 
1604, 2500, 1593, 2513, 1582, 2524, 1571, 2535, 1560, 2547, 
1548, 2680, 1420, 2673, 1425, 2670, 1434, 2662, 1441, 2654, 
1449, 2647, 1456, 2639, 1464, 2630, 1473, 1963, 2147, 1947, 
2163, 1931, 2179, 1915, 2195, 1900, 2211, 1884, 2226, 1868, 
2241, 1854, 2256, 1372, 2728, 1368, 2729, 1367, 2731, 1367, 
2732, 1364, 2732, 1366, 2734, 1366, 2734, 1366, 2732, 1792, 
2305, 1806, 2288, 1822, 2273, 1838, 2259, 1853, 2244, 1867, 
2227, 1883, 2211, 1897, 2197, 2593, 1502, 2603, 1492, 2613, 
1483, 2623, 1475, 2629, 1465, 2639, 1457, 2647, 1450, 2654, 
1442, 2591, 1517, 2580, 1526, 2571, 1537, 2560, 1547, 2550, 
1559, 2539, 1571, 2527, 1581, 2516, 1593, 1788, 2327, 1772, 
2340, 1756, 2356, 1742, 2369, 1728, 2384, 1715, 2399, 1701, 
2412, 1687, 2424, 1372, 2726, 1374, 2722, 1377, 2720, 1383, 
2716, 1384, 2713, 1388, 2710, 1393, 2705, 1398, 2700, 1971, 
2127, 1987, 2110, 2003, 2092, 2019, 2077, 2038, 2060, 2051, 
2045, 2067, 2029, 2083, 2013, 2686, 1412, 2691, 1404, 2696, 
1400, 2701, 1395, 2706, 1392, 2711, 1387, 2714, 1384, 2718, 
1380, 2463, 1652, 2447, 1665, 2435, 1678, 2420, 1692, 2407, 
1706, 2393, 1720, 2380, 1734, 2364, 1748, 1627, 2483, 1614, 
2496, 1603, 2508, 1589, 2520, 1577, 2531, 1566, 2542, 1555, 
2553, 1545, 2564, 1423, 2673, 1430, 2667, 1438, 2660, 1445, 
2653, 1453, 2646, 1460, 2636, 1468, 2627, 1476, 2620, 2156, 
1940, 2172, 1925, 2188, 1911, 2204, 1894, 2219, 1879, 2235, 
1863, 2248, 1847, 2264, 1834, 2731, 1368, 2732, 1368, 2734, 
1367, 2734, 1368, 2734, 1366, 2735, 1367, 2733, 1367, 2734, 
1366, 2299, 1815, 2284, 1830, 2268, 1844, 2253, 1861, 2238, 
1875, 2223, 1891, 2207, 1907, 2191, 1923, 1499, 2608, 1489, 
2617, 1480, 2627, 1471, 2636, 1462, 2643, 1455, 2651, 1447, 
2659, 1439, 2665, 1520, 2576, 1533, 2568, 1542, 2556, 1553, 
2545, 1564, 2534, 1575, 2523, 1590, 2511, 1599, 2499, 2334, 
1766, 2348, 1752, 2362, 1737, 2376, 1723, 2391, 1708, 2404, 
1695, 2419, 1680, 2430, 1667, 2724, 1376, 2721, 1379, 2719, 
1382, 2714, 1387, 2711, 1391, 2708, 1396, 2703, 1400, 2697, 
1405, 2119, 1995, 2104, 2011, 2086, 2024, 2070, 2041, 2055, 
2059, 2039, 2074, 2022, 2089, 2006, 2107, 1409, 2695, 1404, 
2700, 1400, 2704, 1395, 2708, 1390, 2712, 1385, 2716, 1382, 
2719, 1379, 2723, 1656, 2442, 1671, 2429, 1685, 2416, 1697, 
2400, 1712, 2388, 1726, 2372, 1742, 2360, 1754, 2344, 2489, 
1609, 2502, 1598, 2515, 1585, 2524, 1572, 2535, 1560, 2547, 
1549, 2558, 1540, 2569, 1530, 2672, 1433, 2664, 1440, 2656, 
1448, 2652, 1458, 2641, 1464, 2633, 1473, 2625, 1482, 2616, 
1491, 1934, 2177, 1919, 2194, 1903, 2211, 1888, 2227, 1873, 
2242, 1856, 2256, 1841, 2272, 1827, 2288, 1368, 2731, 1366, 
2733, 1364, 2734, 1367, 2732, 1365, 2734, 1365, 2734, 1367, 
2732, 1368, 2732, 1821, 2278, 1835, 2262, 1851, 2247, 1866, 
2232, 1883, 2215, 1897, 2200, 1915, 2185, 1929, 2167, 2613, 
1484, 2623, 1476, 2631, 1467, 2639, 1459, 2648, 1451, 2655, 
1443, 2662, 1436, 2668, 1429, 2572, 1536, 2563, 1547, 2552, 
1558, 2540, 1569, 2528, 1581, 2519, 1592, 2505, 1606, 2494, 
1617, 1759, 2354, 1745, 2367, 1731, 2382, 1716, 2397, 1703, 
2411, 1688, 2424, 1676, 2436, 1661, 2449, 1376, 2723, 1381, 
2716, 1385, 2675, 1523, 2420, 1996, 1679, 2480, 1595, 2555, 
1523, 2620, 1399, 2520, 1590, 2508, 1602, 2497, 1614, 2486, 
1628, 2471, 1639, 2459, 1652, 2446, 1665, 2432, 1680, 1692, 
2419, 1679, 2433, 1664, 2448, 1651, 2459, 1638, 2471, 1625, 
2484, 1614, 2496, 1602, 2509, 1395, 2702, 1400, 2696, 1407, 
2691, 1411, 2684, 1418, 2679, 1424, 2674, 1432, 2667, 1438, 
2659, 2076, 2019, 2092, 2001, 2110, 1987, 2125, 1971, 2142, 
1955, 2156, 1939, 2172, 1924, 2188, 1908, 2716, 1381, 2719, 
1379, 2724, 1376, 2726, 1373, 2728, 1371, 2730, 1368, 2732, 
1368, 2733, 1366, 2371, 1742, 2356, 1757, 2342, 1771, 2327, 
1787, 2311, 1801, 2298, 1816, 2283, 1831, 2268, 1846, 1548, 
2560, 1536, 2570, 1526, 2580, 1516, 2591, 1507, 2600, 1497, 
2608, 1488, 2619, 1478, 2627, 1473, 2623, 1484, 2614, 1492, 
2606, 1502, 2595, 1511, 2584, 1523, 2575, 1532, 2567, 1543, 
2555, 2259, 1839, 2275, 1823, 2289, 1808, 2303, 1792, 2319, 
1779, 2334, 1764, 2348, 1748, 2363, 1735, 2733, 1366, 2732, 
1368, 2732, 1369, 2728, 1371, 2727, 1374, 2724, 1376, 2721, 
1379, 2719, 1383, 2195, 1916, 2181, 1931, 2165, 1947, 2150, 
1963, 2132, 1978, 2118, 1996, 2100, 2011, 2085, 2027, 1443, 
2663, 1435, 2669, 1428, 2675, 1421, 2681, 1415, 2687, 1410, 
2694, 1405, 2699, 1400, 2703, 1595, 2503, 1607, 2491, 1619, 
2478, 1632, 2465, 1646, 2453, 1660, 2441, 1672, 2427, 1686, 
2414, 2425, 1671, 2439, 1659, 2452, 1647, 2465, 1633, 2478, 
1620, 2489, 1607, 2503, 1597, 2515, 1586, 2700, 1404, 2695, 
1410, 2691, 1414, 2684, 1420, 2677, 1428, 2671, 1435, 2663, 
1442, 2656, 1448, 2012, 2099, 1996, 2116, 1980, 2132, 1964, 
2148, 1948, 2165, 1933, 2180, 1918, 2195, 1902, 2211, 1381, 
2721, 1377, 2724, 1374, 2727, 1372, 2729, 1369, 2730, 1368, 
2732, 1368, 2735, 1367, 2736, 1750, 2352, 1763, 2335, 1777, 
2321, 1792, 2308, 1808, 2291, 1823, 2275, 1837, 2260, 1854, 
2246, 2564, 1534, 2575, 1522, 2585, 1512, 2595, 1503, 2604, 
1493, 2614, 1486, 2622, 1475, 2631, 1466, 2619, 1487, 2611, 
1497, 2600, 1505, 2591, 1516, 2581, 1527, 2575, 1536, 2561, 
1547, 2552, 1559, 1831, 2281, 1817, 2296, 1802, 2311, 1787, 
2324, 1772, 2340, 1758, 2355, 1744, 2370, 1729, 2383, 1368, 
2732, 1369, 2731, 1370, 2728, 1372, 2727, 1375, 2723, 1379, 
2721, 1380, 2719, 1385, 2715, 1923, 2175, 1939, 2159, 1954, 
2142, 1970, 2127, 1984, 2110, 2003, 2094, 2018, 2078, 2034, 
2062, 2664, 1431, 2672, 1425, 2679, 1418, 2684, 1411, 2691, 
1407, 2695, 1400, 2702, 1397, 2705, 1393, 2497, 1612, 2485, 
1625, 2472, 1637, 2463, 1652, 2448, 1665, 2433, 1677, 2422, 
1691, 2407, 1705, 1666, 2445, 1652, 2458, 1641, 2471, 1628, 
2483, 1615, 2496, 1603, 2507, 1590, 2520, 1580, 2531, 1404, 
2691, 1412, 2686, 1417, 2680, 1424, 2675, 1430, 2668, 1438, 
2660, 1444, 2653, 1452, 2644, 2108, 1989, 2123, 1974, 2140, 
1958, 2154, 1943, 2172, 1927, 2188, 1910, 2202, 1894, 2216, 
1879, 2722, 1376, 2726, 1373, 2727, 1372, 2731, 1370, 2732, 
1368, 2733, 1367, 2735, 1366, 2735, 1366, 2344, 1769, 2328, 
1784, 2314, 1799, 2300, 1814, 2285, 1830, 2270, 1846, 2253, 
1859, 2240, 1875, 1528, 2580, 1518, 2591, 1507, 2600, 1498, 
2608, 1490, 2620, 1479, 2627, 1471, 2633, 1464, 2643, 1491, 
2608, 1501, 2597, 1511, 2586, 1522, 2578, 1531, 2567, 1540, 
2557, 1552, 2544, 1564, 2534, 2288, 1809, 2303, 1795, 2316, 
1780, 2332, 1766, 2346, 1752, 2362, 1739, 2375, 2531, 1571, 
2520, 2300, 1794, 2314, 1779, 2329, 1764, 2343, 1750, 2359, 
1736, 2373, 1723, 2387, 1708, 2398, 1694, 2726, 1370, 2724, 
1372, 2723, 1374, 2719, 1379, 2716, 1383, 2715, 1385, 2711, 
1390, 2706, 1393, 2151, 1960, 2134, 1975, 2118, 1991, 2100, 
2006, 2086, 2023, 2072, 2039, 2055, 2055, 2039, 2071, 1422, 
2679, 1415, 2686, 1409, 2691, 1404, 2699, 1398, 2702, 1393, 
2706, 1390, 2711, 1384, 2714, 1629, 2467, 1642, 2456, 1656, 
2442, 1670, 2428, 1681, 2416, 1695, 2403, 1711, 2388, 1724, 
2374, 2463, 1635, 2475, 1622, 2488, 1609, 2498, 1597, 2511, 
1585, 2523, 1573, 2534, 1563, 2546, 1551, 2683, 1419, 2675, 
1426, 2670, 1433, 2664, 1439, 2656, 1447, 2648, 1455, 2640, 
1463, 2632, 1471, 1967, 2145, 1951, 2160, 1935, 2175, 1920, 
2191, 1903, 2207, 1887, 2223, 1872, 2239, 1857, 2255, 1372, 
2728, 1369, 2729, 1368, 2732, 1366, 2733, 1367, 2735, 1366, 
2735, 1366, 2734, 1367, 2734, 1790, 2308, 1804, 2293, 1819, 
2279, 1835, 2264, 1850, 2247, 1866, 2232, 1879, 2216, 1895, 
2201, 2592, 1504, 2603, 1494, 2612, 1485, 2620, 1476, 2630, 
1467, 2638, 1459, 2643, 1451, 2652, 1444, 2593, 1516, 2582, 
1526, 2572, 1535, 2563, 1543, 2551, 1556, 2541, 1568, 2529, 
1581, 2518, 1591, 1789, 2323, 1775, 2337, 1760, 2352, 1746, 
2366, 1732, 2382, 1719, 2395, 1705, 2408, 1690, 2423, 1374, 
2725, 1381, 2723, 1376, 2720, 1380, 2717, 1383, 2713, 1388, 
2710, 1392, 2706, 1398, 2700, 1967, 2128, 1985, 2114, 2000, 
2096, 2016, 2079, 2031, 2064, 2047, 2050, 2063, 2032, 2079, 
2016, 2684, 1414, 2687, 1408, 2695, 1402, 2699, 1397, 2705, 
1393, 2708, 1389, 2713, 1384, 2718, 1381, 2463, 1648, 2450, 
1661, 2437, 1676, 2422, 1689, 2411, 1702, 2396, 1715, 2383, 
1731, 2369, 1744, 1629, 2481, 1617, 2492, 1604, 2505, 1592, 
2519, 1581, 2528, 1570, 2535, 1558, 2548, 1547, 2561, 1422, 
2674, 1430, 2668, 1436, 2660, 1443, 2655, 1451, 2646, 1459, 
2638, 1468, 2631, 1476, 2622, 2152, 1944, 2171, 1929, 2184, 
1914, 2200, 1898, 2216, 1882, 2231, 1866, 2247, 1851, 2263, 
1836, 2729, 1369, 2732, 1367, 2733, 1367, 2736, 1366, 2734, 
1366, 2735, 1366, 2735, 1366, 2732, 1367, 2303, 1812, 2288, 
1827, 2272, 1841, 2256, 1855, 2241, 1872, 2227, 1889, 2211, 
1903, 2193, 1919, 1499, 2607, 1489, 2616, 1480, 2625, 1473, 
2633, 1464, 2642, 1457, 2649, 1447, 2656, 1440, 2664, 1519, 
2580, 1529, 2568, 1540, 2558, 1551, 2547, 1561, 2536, 1573, 
2526, 1585, 2513, 1598, 2501, 2331, 1768, 2343, 1753, 2358, 
1740, 2374, 1726, 2387, 1712, 2401, 1697, 2415, 1685, 2428, 
1671, 2725, 1376, 2723, 1379, 2719, 1382, 2716, 1385, 2713, 
1390, 2708, 1395, 2703, 1399, 2698, 1406, 2124, 1991, 2106, 
2008, 2089, 2022, 2073, 2037, 2057, 2055, 2041, 2071, 2026, 
2087, 2011, 2104, 1423, 2683, 1417, 2687, 1411, 2692, 1404, 
2699, 1400, 2704, 1395, 2708, 1390, 2712, 1387, 2717, 1608, 
2492, 1620, 2480, 1632, 2467, 1646, 2453, 1660, 2440, 1671, 
2427, 1686, 2414, 1699, 2400, 2440, 1659, 2454, 1646, 2465, 
1633, 2479, 1619, 2489, 1608, 2503, 1596, 2515, 1584, 2527, 
1573, 2694, 1411, 2688, 1416, 2684, 1422, 2676, 1429, 2671, 
1435, 2663, 1442, 2656, 1449, 2650, 1457, 1997, 2116, 1979, 
2132, 1963, 2147, 1948, 2163, 1933, 2181, 1917, 2195, 1900, 
2211, 1886, 2226, 1376, 2723, 1374, 2727, 1372, 2728, 1370, 
2732, 1368, 2733, 1368, 2735, 1368, 2727, 1404, 2615, 2530, 
1494, 2659, 1415, 2692, 1409, 2705, 1387, 2723, 1366, 2734, 
1367, 2733, 1369, 2732, 1371, 2271, 1843, 2257, 1857, 2241, 
1873, 2225, 1888, 2208, 1903, 2192, 1920, 2178, 1935, 2163, 
1951, 1480, 2625, 1471, 2633, 1464, 2641, 1455, 2650, 1448, 
2657, 1441, 2664, 1433, 2671, 1428, 2679, 1540, 2558, 1551, 
2547, 1564, 2536, 1578, 2524, 1591, 2513, 1598, 2500, 1611, 
2489, 1623, 2476, 2359, 1738, 2374, 1724, 2388, 1711, 2403, 
1696, 2416, 1683, 2428, 1670, 2443, 1656, 2456, 1643, 2719, 
1382, 2716, 1387, 2712, 1390, 2707, 1396, 2704, 1400, 2698, 
1404, 2693, 1410, 2687, 1416, 2089, 2023, 2073, 2038, 2056, 
2057, 2040, 2072, 2025, 2087, 2008, 2104, 1991, 2119, 1976, 
2136, 1402, 2703, 1394, 2707, 1389, 2712, 1387, 2716, 1383, 
2719, 1379, 2723, 1376, 2724, 1374, 2727, 1681, 2416, 1696, 
2404, 1710, 2391, 1723, 2375, 1737, 2361, 1753, 2346, 1767, 
2332, 1783, 2319, 2512, 1587, 2524, 1574, 2535, 1563, 2545, 
1552, 2558, 1541, 2567, 1531, 2577, 1520, 2587, 1510, 2657, 
1447, 2651, 1455, 2643, 1464, 2632, 1471, 2625, 1480, 2619, 
1489, 2608, 1498, 2599, 1509, 1905, 2208, 1890, 2224, 1875, 
2239, 1857, 2253, 1843, 2269, 1828, 2284, 1814, 2300, 1799, 
2315, 1366, 2732, 1366, 2736, 1366, 2736, 1366, 2734, 1367, 
2735, 1368, 2732, 1369, 2731, 1371, 2730, 1849, 2248, 1864, 
2235, 1880, 2217, 1897, 2202, 1911, 2186, 1927, 2170, 1943, 
2155, 1958, 2137, 2628, 1468, 2638, 1460, 2646, 1452, 2654, 
1444, 2661, 1436, 2668, 1431, 2674, 1424, 2680, 1419, 2552, 
1556, 2541, 1567, 2531, 1580, 2520, 1592, 2508, 1603, 2495, 
1615, 2483, 1629, 2470, 1640, 1732, 2380, 1719, 2396, 1707, 
2408, 1692, 2423, 1678, 2435, 1663, 2447, 1649, 2461, 1638, 
2473, 1384, 2715, 1388, 2711, 1392, 2707, 1396, 2702, 1402, 
2697, 1408, 2691, 1414, 2684, 1419, 2680, 2032, 2065, 2047, 
2049, 2062, 2032, 2079, 2017, 2096, 2000, 2111, 1985, 2126, 
1968, 2144, 1952, 2706, 1392, 2710, 1388, 2715, 1384, 2716, 
1382, 2721, 1378, 2724, 1375, 2727, 1373, 2729, 1370, 2412, 
1703, 2398, 1716, 2384, 1731, 2370, 1744, 2357, 1758, 2341, 
1775, 2328, 1790, 2311, 1803, 1583, 2529, 1571, 2539, 1560, 
2552, 1548, 2560, 1536, 2571, 1526, 2583, 1516, 2591, 1506, 
2600, 1450, 2647, 1459, 2639, 1470, 2632, 1475, 2623, 1483, 
2612, 1494, 2603, 1502, 2595, 1513, 2584, 2214, 1884, 2232, 
1868, 2247, 1852, 2260, 1836, 2275, 1821, 2292, 1807, 2305, 
1792, 2321, 1779, 2735, 1364, 2732, 1366, 2735, 1366, 2734, 
1367, 2732, 1368, 2731, 1369, 2728, 1371, 2728, 1373, 2241, 
1871, 2227, 1887, 2211, 1903, 2195, 1919, 2178, 1934, 2163, 
1949, 2147, 1965, 2133, 1982, 1465, 2641, 1457, 2649, 1449, 
2656, 1441, 2664, 1435, 2671, 1427, 2676, 1421, 2683, 1415, 
2688, 1561, 2537, 1572, 2526, 1584, 2515, 1596, 2503, 1608, 
2490, 1622, 2478, 1633, 2465, 1647, 2455, 2387, 1712, 2401, 
1697, 2414, 1686, 2427, 1672, 2440, 1657, 2453, 1644, 2466, 
1631, 2479, 1620, 2713, 1390, 2709, 1394, 2703, 1400, 2699, 
1405, 2694, 1410, 2689, 1416, 2683, 1421, 2675, 1428, 2059, 
2055, 2043, 2070, 2025, 2086, 2011, 2103, 1996, 2119, 1979, 
2134, 1961, 2148, 1948, 2166, 1391, 2712, 1387, 2716, 1383, 
2719, 1380, 2721, 1379, 2726, 1374, 2727, 1372, 2730, 1370, 
2731, 1708, 2392, 1722, 2377, 1736, 2364, 1749, 2348, 1764, 
2335, 1779, 2321, 1795, 2303, 1808, 2288, 2532, 1565, 2547, 
1555, 2553, 2728, 1367, 2727, 1369, 2726, 1372, 2723, 1375, 
2723, 1376, 2719, 1893, 2201, 1909, 2187, 1926, 2169, 1939, 
2152, 1956, 2136, 1971, 2121, 1987, 2107, 2004, 2090, 2651, 
1443, 2659, 1438, 2667, 1430, 2671, 1423, 2678, 1415, 2684, 
1411, 2690, 1405, 2695, 1400, 2518, 1587, 2507, 1603, 2495, 
1614, 2480, 1628, 2470, 1640, 2459, 1652, 2444, 1667, 2432, 
1679, 1689, 2419, 1678, 2433, 1663, 2447, 1651, 2460, 1637, 
2471, 1624, 2483, 1612, 2497, 1600, 2510, 1396, 2700, 1400, 
2695, 1406, 2690, 1412, 2684, 1419, 2679, 1424, 2672, 1431, 
2664, 1439, 2659, 2078, 2018, 2093, 2000, 2110, 1984, 2126, 
1971, 2142, 1954, 2156, 1937, 2172, 1921, 2188, 1905, 2717, 
1380, 2719, 1377, 2723, 1376, 2725, 1372, 2728, 1369, 2729, 
1368, 2732, 1368, 2732, 1367, 2371, 1743, 2355, 1758, 2339, 
1771, 2325, 1785, 2311, 1801, 2296, 1817, 2281, 1831, 2265, 
1847, 1548, 2561, 1536, 2570, 1525, 2582, 1515, 2591, 1507, 
2600, 1497, 2611, 1488, 2618, 1478, 2630, 1475, 2623, 1484, 
2614, 1494, 2605, 1502, 2595, 1511, 2584, 1523, 2575, 1533, 
2564, 1543, 2556, 2259, 1838, 2276, 1822, 2289, 1806, 2303, 
1791, 2319, 1777, 2334, 1763, 2351, 1748, 2363, 1735, 2732, 
1367, 2732, 1368, 2731, 1371, 2729, 1373, 2725, 1374, 2724, 
1377, 2721, 1381, 2718, 1388, 2195, 1918, 2180, 1934, 2164, 
1949, 2148, 1964, 2132, 1980, 2116, 1996, 2100, 2013, 2084, 
2028, 1441, 2662, 1434, 2669, 1428, 2677, 1422, 2680, 1414, 
2690, 1409, 2695, 1406, 2700, 1398, 2703, 1596, 2502, 1607, 
2491, 1620, 2479, 1632, 2465, 1647, 2453, 1659, 2440, 1672, 
2425, 1686, 2412, 2428, 1671, 2440, 1660, 2453, 1644, 2465, 
1633, 2479, 1620, 2491, 1607, 2503, 1595, 2514, 1584, 2700, 
1404, 2694, 1409, 2687, 1416, 2682, 1422, 2678, 1427, 2671, 
1435, 2662, 1437, 2655, 1451, 2012, 2100, 1996, 2116, 1979, 
2134, 1964, 2148, 1948, 2166, 1932, 2181, 1916, 2195, 1902, 
2211, 1380, 2723, 1377, 2725, 1374, 2727, 1372, 2727, 1371, 
2732, 1365, 2732, 1368, 2734, 1367, 2734, 1750, 2350, 1765, 
2335, 1779, 2320, 1794, 2305, 1808, 2291, 1823, 2275, 1839, 
2260, 1853, 2243, 2566, 1534, 2576, 1521, 2585, 1511, 2597, 
1502, 2606, 1493, 2615, 1484, 2623, 1475, 2631, 1467, 2619, 
1487, 2610, 1497, 2601, 1507, 2591, 1516, 2579, 1528, 2571, 
1538, 2560, 1549, 2549, 1561, 1830, 2283, 1816, 2299, 1799, 
2313, 1785, 2326, 1770, 2342, 1756, 2355, 1742, 2371, 1727, 
2383, 1367, 2732, 1368, 2729, 1371, 2728, 1373, 2725, 1376, 
2723, 1378, 2719, 1381, 2716, 1385, 2713, 1924, 2174, 1940, 
2156, 1956, 2143, 1972, 2125, 1987, 2109, 2003, 2092, 2019, 
2078, 2035, 2061, 2668, 1432, 2672, 1426, 2679, 1419, 2684, 
1411, 2688, 1406, 2695, 1400, 2702, 1396, 2706, 1391, 2497, 
1612, 2483, 1626, 2472, 1639, 2460, 1651, 2448, 1665, 2435, 
1679, 2419, 1692, 2404, 1706, 1665, 2444, 1652, 2459, 1639, 
2472, 1627, 2483, 1614, 2496, 1602, 2508, 1590, 2520, 1578, 
2531, 1405, 2691, 1413, 2686, 1417, 2680, 1424, 2673, 1431, 
2667, 1438, 2663, 1445, 2653, 1454, 2644, 2108, 1988, 2124, 
1972, 2140, 1955, 2156, 1940, 2172, 1925, 2188, 1910, 2203, 
1891, 2218, 1877, 2723, 1375, 2727, 1374, 2729, 1371, 2732, 
1368, 2732, 1368, 2734, 1367, 2734, 1367, 2732, 1367, 2344, 
1771, 2329, 1785, 2313, 1799, 2300, 1815, 2284, 1830, 2268, 
1845, 2254, 1860, 2237, 1876, 1526, 2582, 1517, 2590, 1506, 
2616, 1393, 2734, 1457, 2367, 1827, 2184, 1956, 2112, 2062, 
1919, 2715, 1384, 2717, 1380, 2721, 1377, 2724, 1372, 2727, 
1372, 2731, 1371, 2731, 1369, 2732, 1368, 2380, 1734, 2366, 
1748, 2353, 1761, 2337, 1777, 2323, 1791, 2306, 1807, 2295, 
1820, 2278, 1836, 1555, 2553, 1544, 2564, 1533, 2577, 1526, 
2584, 1516, 2593, 1504, 2604, 1495, 2614, 1484, 2620, 1469, 
2630, 1476, 2620, 1486, 2611, 1496, 2601, 1505, 2593, 1514, 
2582, 1525, 2572, 1536, 2562, 2247, 1848, 2264, 1831, 2280, 
1820, 2294, 1804, 2309, 1790, 2324, 1775, 2339, 1759, 2353, 
1745, 2734, 1367, 2734, 1368, 2732, 1369, 2731, 1369, 2728, 
1372, 2727, 1372, 2724, 1377, 2721, 1380, 2207, 1907, 2191, 
1921, 2175, 1937, 2160, 1952, 2145, 1969, 2129, 1985, 2112, 
1999, 2092, 2015, 1449, 2657, 1439, 2663, 1432, 2672, 1424, 
2676, 1421, 2687, 1414, 2689, 1408, 2696, 1403, 2700, 1587, 
2511, 1599, 2499, 1614, 2487, 1624, 2474, 1636, 2462, 1649, 
2449, 1663, 2437, 1676, 2424, 2416, 1679, 2431, 1670, 2441, 
1655, 2456, 1641, 2470, 1630, 2482, 1617, 2494, 1604, 2506, 
1593, 2703, 1401, 2699, 1406, 2694, 1412, 2686, 1416, 2681, 
1423, 2675, 1430, 2668, 1438, 2663, 1443, 2023, 2089, 2007, 
2106, 1992, 2121, 1976, 2138, 1959, 2152, 1943, 2169, 1928, 
2184, 1912, 2201, 1382, 2719, 1379, 2723, 1376, 2724, 1375, 
2728, 1374, 2727, 1369, 2732, 1368, 2734, 1367, 2735, 1740, 
2360, 1752, 2344, 1767, 2331, 1783, 2315, 1798, 2299, 1811, 
2286, 1827, 2270, 1841, 2256, 2556, 1541, 2567, 1529, 2578, 
1521, 2588, 1509, 2598, 1499, 2607, 1489, 2615, 1481, 2626, 
1473, 2626, 1483, 2617, 1491, 2608, 1500, 2599, 1510, 2588, 
1520, 2579, 1530, 2566, 1540, 2558, 1550, 1840, 2270, 1826, 
2285, 1811, 2300, 1798, 2316, 1782, 2332, 1767, 2345, 1753, 
2360, 1739, 2374, 1367, 2732, 1367, 2731, 1368, 2729, 1371, 
2731, 1375, 2726, 1377, 2723, 1378, 2719, 1383, 2716, 1912, 
2184, 1929, 2168, 1944, 2152, 1959, 2136, 1975, 2121, 1992, 
2106, 2007, 2089, 2023, 2072, 2660, 1436, 2668, 1431, 2672, 
1422, 2681, 1417, 2687, 1411, 2692, 1405, 2699, 1400, 2703, 
1396, 2507, 1604, 2495, 1617, 2483, 1630, 2469, 1643, 2458, 
1656, 2444, 1670, 2431, 1680, 2418, 1699, 1675, 2435, 1663, 
2450, 1649, 2462, 1636, 2475, 1623, 2487, 1611, 2499, 1599, 
2511, 1588, 2521, 1401, 2695, 1408, 2690, 1413, 2684, 1420, 
2678, 1424, 2672, 1435, 2664, 1439, 2659, 1447, 2651, 2096, 
1999, 2112, 1988, 2129, 1968, 2144, 1953, 2160, 1936, 2177, 
1920, 2193, 1905, 2207, 1890, 2719, 1378, 2725, 1376, 2724, 
1373, 2729, 1369, 2731, 1369, 2732, 1368, 2734, 1366, 2735, 
1368, 2353, 1760, 2340, 1772, 2324, 1791, 2311, 1804, 2296, 
1819, 2279, 1832, 2264, 1848, 2249, 1863, 1535, 2572, 1525, 
2584, 1517, 2593, 1505, 2603, 1495, 2612, 1486, 2620, 1477, 
2630, 1468, 2639, 1486, 2612, 1494, 2604, 1504, 2595, 1512, 
2583, 1526, 2572, 1534, 2566, 1545, 2552, 1555, 2543, 2278, 
1820, 2291, 1804, 2307, 1789, 2323, 1776, 2336, 1761, 2352, 
1747, 2367, 1733, 2381, 1718, 2732, 1368, 2734, 1372, 2726, 
1372, 2727, 1376, 2723, 1377, 2720, 1380, 2719, 1384, 2716, 
1387, 2177, 1934, 2162, 1951, 2145, 1967, 2130, 1983, 2113, 
1998, 2097, 2015, 2083, 2029, 2065, 2044, 1431, 2670, 1427, 
2677, 1419, 2684, 1412, 2689, 1408, 2695, 1403, 2700, 1398, 
2705, 1393, 2709, 1609, 2489, 1622, 2478, 1635, 2464, 1647, 
2451, 1658, 2438, 1674, 2426, 1686, 2411, 1836, 2273, 1369, 
2729, 1367, 2731, 1366, 2732, 1366, 2732, 1366, 2727, 1365, 
2734, 1366, 2730, 1366, 2730, 1809, 2288, 1823, 2272, 1839, 
2259, 1854, 2241, 1868, 2226, 1884, 2211, 1900, 2195, 1916, 
2179, 2604, 1491, 2613, 1483, 2622, 1473, 2633, 1467, 2638, 
1455, 2646, 1448, 2656, 1441, 2662, 1436, 2580, 1527, 2568, 
1537, 2558, 1549, 2547, 1560, 2539, 1571, 2525, 1583, 2513, 
1596, 2502, 1607, 1768, 2339, 1755, 2355, 1740, 2371, 1725, 
2383, 1711, 2399, 1698, 2412, 1682, 2424, 1671, 2439, 1375, 
2723, 1378, 2719, 1382, 2716, 1385, 2712, 1389, 2708, 1393, 
2703, 1398, 2699, 1403, 2692, 1990, 2105, 2001, 2092, 2020, 
2075, 2035, 2059, 2051, 2044, 2069, 2028, 2083, 2012, 2100, 
1996, 2691, 1406, 2695, 1400, 2702, 1395, 2707, 1390, 2708, 
1388, 2715, 1381, 2718, 1381, 2721, 1377, 2447, 1666, 2432, 
1679, 2420, 1691, 2405, 1707, 2391, 1721, 2379, 1734, 2364, 
1747, 2349, 1763, 1613, 2497, 1600, 2508, 1590, 2521, 1576, 
2532, 1567, 2542, 1555, 2554, 1544, 2564, 1533, 2575, 1431, 
2667, 1438, 2659, 1445, 2652, 1454, 2644, 1462, 2636, 1471, 
2628, 1479, 2619, 1487, 2611, 2174, 1924, 2190, 1908, 2204, 
1892, 2220, 1877, 2236, 1860, 2251, 1847, 2265, 1831, 2282, 
1816, 2731, 1367, 2732, 1368, 2734, 1367, 2734, 1365, 2735, 
1367, 2737, 1369, 2734, 1366, 2731, 1370, 2284, 1830, 2266, 
1847, 2252, 1861, 2236, 1877, 2222, 1891, 2205, 1907, 2190, 
1923, 2174, 1938, 1487, 2617, 1475, 2629, 1468, 2635, 1462, 
2643, 1454, 2651, 1446, 2659, 1439, 2664, 1432, 2672, 1532, 
2567, 1543, 2554, 1555, 2543, 1565, 2534, 1577, 2523, 1589, 
2511, 1600, 2500, 1614, 2483, 2350, 1750, 2362, 1735, 2376, 
1721, 2393, 1707, 2406, 1694, 2418, 1679, 2432, 1667, 2446, 
1653, 2721, 1379, 2718, 1383, 2713, 1388, 2711, 1392, 2704, 
1396, 2701, 1400, 2698, 1406, 2691, 1411, 2101, 2012, 2084, 
2027, 2068, 2044, 2054, 2060, 2038, 2076, 2021, 2092, 2005, 
2108, 1988, 2123, 1404, 2699, 1399, 2708, 1395, 2710, 1392, 
2714, 1385, 2713, 1381, 2719, 1377, 2724, 1375, 2726, 1671, 
2428, 1686, 2414, 1699, 2401, 1712, 2386, 1727, 2372, 1742, 
2359, 1755, 2344, 1769, 2329, 2503, 1595, 2515, 1583, 2527, 
1573, 2537, 1561, 2548, 1550, 2559, 1539, 2569, 1528, 2579, 
1519, 2663, 1443, 2656, 1449, 2649, 1457, 2641, 1465, 2632, 
1474, 2625, 1485, 2615, 1491, 2607, 1503, 1920, 2196, 1902, 
2214, 1887, 2228, 1871, 2243, 1856, 2259, 1842, 2273, 1824, 
2289, 1808, 2303, 1368, 2733, 1367, 2733, 1364, 2735, 1367, 
2733, 1366, 2733, 1368, 2732, 1370, 2730, 1369, 2731, 1837, 
2261, 1852, 2244, 1869, 2228, 1883, 2215, 1900, 2199, 1913, 
2183, 1929, 2167, 1945, 2151, 2623, 1475, 2631, 1465, 2641, 
1458, 2648, 1452, 2656, 1444, 2662, 1435, 2668, 1427, 2675, 
1421, 2561, 1548, 2551, 1559, 2540, 1570, 2528, 1583, 2518, 
1595, 2507, 1605, 2492, 1618, 2480, 1631, 1744, 2369, 1728, 
2383, 1715, 2398, 1701, 2412, 1688, 2425, 1675, 2440, 1660, 
2451, 1647, 2464, 1382, 2717, 1385, 2711, 1388, 2708, 1393, 
2705, 1398, 2700, 1403, 2696, 1410, 2691, 1412, 2686, 2019, 
2081, 2035, 2062, 2050, 2046, 2067, 2030, 2083, 2015, 2099, 
1999, 2115, 1982, 2129, 1965, 2702, 1396, 2707, 1392, 2711, 
1388, 2715, 1385, 2719, 1381, 2721, 1379, 2724, 1375, 2728, 
1372, 2422, 1692, 2411, 1707, 2396, 1719, 2381, 1734, 2366, 
1747, 2352, 1763, 2337, 1776, 2240, 1932, 1371, 2672, 1478, 
2603, 1543, 2556, 1596, 2457, 1655, 2445, 1667, 2430, 1682, 
2417, 1695, 2403, 2435, 1663, 2448, 1649, 2460, 1635, 2475, 
1625, 2487, 1611, 2498, 1600, 2510, 1588, 2524, 1575, 2695, 
1408, 2691, 1413, 2684, 1419, 2679, 1425, 2673, 1432, 2665, 
1440, 2659, 1447, 2648, 1455, 1999, 2111, 1985, 2127, 1968, 
2142, 1953, 2159, 1938, 2176, 1923, 2191, 1906, 2206, 1890, 
2222, 1379, 2723, 1375, 2727, 1372, 2728, 1371, 2731, 1370, 
2732, 1369, 2734, 1364, 2734, 1365, 2732, 1760, 2340, 1775, 
2326, 1788, 2311, 1802, 2295, 1817, 2280, 1835, 2264, 1848, 
2249, 1863, 2235, 2572, 1525, 2583, 1516, 2589, 1505, 2601, 
1495, 2611, 1487, 2620, 1478, 2628, 1469, 2638, 1459, 2614, 
1494, 2604, 1504, 2595, 1515, 2585, 1523, 2574, 1535, 2565, 
1547, 2552, 1555, 2543, 1567, 1820, 2292, 1807, 2307, 1790, 
2323, 1776, 2335, 1760, 2350, 1748, 2367, 1732, 2380, 1719, 
2393, 1367, 2731, 1368, 2729, 1372, 2727, 1375, 2724, 1377, 
2721, 1379, 2718, 1385, 2717, 1387, 2711, 1934, 2163, 1950, 
2147, 1966, 2132, 1983, 2115, 1998, 2100, 2012, 2081, 2029, 
2065, 2045, 2051, 2671, 1427, 2676, 1420, 2684, 1413, 2689, 
1408, 2695, 1404, 2700, 1398, 2705, 1393, 2709, 1388, 2488, 
1621, 2478, 1633, 2464, 1647, 2452, 1660, 2439, 1674, 2426, 
1688, 2412, 1700, 2398, 1716, 1657, 2454, 1644, 2468, 1631, 
2480, 1618, 2492, 1606, 2506, 1595, 2515, 1582, 2528, 1571, 
2538, 1411, 2688, 1416, 2684, 1423, 2676, 1430, 2670, 1436, 
2663, 1444, 2656, 1449, 2646, 1459, 2639, 2119, 1979, 2135, 
1964, 2150, 1945, 2167, 1932, 2182, 1914, 2195, 1899, 2214, 
1885, 2230, 1868, 2725, 1375, 2727, 1372, 2730, 1367, 2732, 
1368, 2732, 1368, 2735, 1367, 2735, 1367, 2734, 1366, 2334, 
1781, 2321, 1795, 2304, 1811, 2289, 1824, 2272, 1839, 2259, 
1856, 2243, 1871, 2227, 1886, 1520, 2587, 1508, 2592, 1501, 
2604, 1491, 2614, 1482, 2624, 1474, 2632, 1464, 2639, 1457, 
2648, 1498, 2600, 1507, 2590, 1518, 2580, 1529, 2569, 1539, 
2559, 1549, 2547, 1560, 2539, 1572, 2526, 2299, 1799, 2313, 
1785, 2329, 1772, 2343, 1756, 2355, 1742, 2371, 1726, 2385, 
1713, 2400, 1699, 2729, 1371, 2728, 1374, 2727, 1376, 2724, 
1379, 2721, 1382, 2716, 1384, 2713, 1390, 2709, 1394, 2156, 
1956, 2141, 1974, 2123, 1989, 2108, 2006, 2092, 2020, 2075, 
2036, 2059, 2052, 2043, 2070, 1423, 2680, 1416, 2687, 1411, 
2691, 1405, 2698, 1400, 2702, 1396, 2706, 1390, 2711, 1388, 
2716, 1628, 2472, 1640, 2460, 1654, 2447, 1667, 2434, 1679, 
2420, 1693, 2406, 1708, 2392, 1720, 2377, 2460, 1638, 2472, 
1625, 2485, 1612, 2498, 1600, 2510, 1590, 2520, 1575, 2533, 
1567, 2543, 1554, 2686, 1418, 2680, 1424, 2673, 1432, 2671, 
1439, 2659, 1444, 2652, 1455, 2643, 1460, 2636, 1470, 1971, 
2143, 1954, 2156, 1939, 2173, 1923, 2188, 1908, 2205, 1893, 
2222, 1877, 2238, 1862, 2252, 1372, 2730, 1372, 2729, 1367, 
2732, 1369, 2734, 1367, 2734, 1368, 2736, 1367, 2736, 1368, 
2732, 1786, 2311, 1801, 2298, 1816, 2282, 1831, 2267, 1846, 
2249, 1862, 2238, 1877, 2222, 1895, 2206, 2591, 1507, 2601, 
1498, 2609, 1487, 2619, 1479, 2627, 1470, 2636, 1462, 2645, 
1454, 2652, 1446, 2598, 1512, 2585, 1523, 2576, 1532, 2566, 
1545, 2556, 1555, 2544, 1567, 2533, 1578, 2521, 1589, 1793, 
2321, 1779, 2335, 1764, 2349, 1752, 2364, 1734, 2377, 1720, 
2392, 1707, 2406, 1694, 2420, 1372, 2726, 1375, 2725, 1376, 
2719, 2410, 1699, 2396, 1714, 2383, 1727, 2367, 1742, 2354, 
1758, 1618, 2489, 1606, 2503, 1593, 2511, 1583, 2524, 1567, 
2536, 1559, 2547, 1547, 2559, 1536, 2570, 1427, 2668, 1434, 
2660, 1441, 2654, 1448, 2646, 1456, 2638, 1466, 2630, 1474, 
2620, 1483, 2612, 2164, 1930, 2177, 1915, 2195, 1898, 2211, 
1884, 2227, 1868, 2244, 1852, 2259, 1837, 2273, 1823, 2727, 
1369, 2732, 1366, 2732, 1365, 2733, 1365, 2735, 1365, 2734, 
1367, 2732, 1366, 2732, 1367, 2288, 1824, 2275, 1839, 2258, 
1853, 2243, 1869, 2226, 1886, 2212, 1900, 2196, 1916, 2180, 
1931, 1491, 2615, 1484, 2623, 1472, 2631, 1464, 2639, 1456, 
2644, 1449, 2655, 1441, 2662, 1435, 2670, 1509, 2588, 1519, 
2579, 1529, 2568, 1542, 2556, 1550, 2547, 1563, 2535, 1574, 
2524, 1586, 2513, 2288, 1808, 2303, 1796, 2316, 1782, 2332, 
1765, 2346, 1750, 2360, 1737, 2375, 1723, 2389, 1710, 2730, 
1367, 2732, 1368, 2729, 1369, 2729, 1372, 2727, 1374, 2723, 
1379, 2721, 1381, 2718, 1383, 2225, 1888, 2209, 1903, 2193, 
1918, 2176, 1937, 2161, 1949, 2145, 1966, 2130, 1981, 2113, 
1999, 1456, 2648, 1448, 2656, 1440, 2663, 1433, 2668, 1429, 
2678, 1420, 2683, 1415, 2689, 1409, 2695, 1575, 2524, 1584, 
2512, 1597, 2499, 1609, 2490, 1623, 2477, 1635, 2464, 1648, 
2451, 1660, 2439, 2401, 1699, 2415, 1683, 2427, 1668, 2440, 
1656, 2455, 1644, 2467, 1629, 2480, 1616, 2492, 1605, 2706, 
1395, 2705, 1400, 2697, 1404, 2692, 1409, 2687, 1415, 2683, 
1422, 2675, 1429, 2668, 1433, 2041, 2072, 2025, 2087, 2010, 
2102, 1993, 2119, 1977, 2135, 1961, 2151, 1947, 2168, 1931, 
2184, 1386, 2715, 1383, 2718, 1379, 2721, 1376, 2724, 1376, 
2727, 1372, 2731, 1369, 2732, 1367, 2732, 1724, 2376, 1736, 
2362, 1752, 2348, 1766, 2334, 1781, 2318, 1795, 2303, 1811, 
2288, 1825, 2274, 2545, 1551, 2556, 1539, 2566, 1531, 2577, 
1520, 2587, 1510, 2598, 1502, 2607, 1492, 2616, 1483, 2633, 
1472, 2627, 1482, 2619, 1490, 2608, 1500, 2599, 1508, 2590, 
1519, 2582, 1528, 2569, 1540, 1859, 2253, 1844, 2268, 1829, 
2283, 1814, 2300, 1799, 2313, 1784, 2328, 1769, 2343, 1756, 
2358, 1366, 2732, 1366, 2732, 1368, 2732, 1369, 2731, 1372, 
2727, 1375, 2726, 1375, 2721, 1379, 2719, 1894, 2202, 1910, 
2185, 1926, 2170, 1942, 2155, 1958, 2138, 1971, 2123, 1988, 
2105, 2004, 2091, 2652, 1443, 2659, 1438, 2667, 1432, 2675, 
1424, 2679, 1418, 2687, 1412, 2693, 1405, 2698, 1401, 2520, 
1591, 2510, 1604, 2496, 1613, 2484, 1628, 2471, 1639, 2460, 
1654, 2446, 1667, 2432, 1677, 1691, 2420, 1679, 2433, 1663, 
2447, 1652, 2460, 1639, 2473, 1624, 2484, 1612, 2497, 1600, 
2510, 1398, 2700, 1402, 2696, 1407, 2691, 1411, 2687, 1420, 
2680, 1424, 2672, 1431, 2666, 1439, 2659, 2078, 2019, 2094, 
2002, 2108, 1985, 2126, 1969, 2141, 1953, 2158, 1940, 2174, 
1923, 2188, 1907, 2717, 1380, 2720, 1377, 2723, 1376, 2727, 
1372, 2728, 1371, 2732, 1369, 2731, 1368, 2734, 1366, 2370, 
1743, 2355, 1758, 2343, 1773, 2326, 1786, 2311, 1801, 2296, 
1818, 2281, 1834, 2266, 1847, 1548, 2560, 1537, 2572, 1526, 
2580, 1515, 2591, 1505, 2599, 1496, 2610, 1487, 2620, 1478, 
2630, 1474, 2622, 1482, 2615, 1494, 2606, 1502, 2595, 1511, 
2586, 1523, 2576, 1535, 2565, 1542, 2555, 2259, 1837, 2275, 
1822, 2291, 1807, 2305, 1792, 2320, 1777, 2335, 1763, 2350, 
1749, 2363, 1735, 2732, 1366, 2732, 1369, 2731, 1371, 2705, 
1443, 2532, 1855, 1808, 2360, 1713, 2448, 1627, 2528, 1415, 
2683, 1420, 2676, 1425, 2669, 1435, 2664, 1439, 2656, 1448, 
2648, 1456, 2641, 1465, 2631, 2133, 1964, 2148, 1948, 2164, 
1932, 2179, 1916, 2196, 1902, 2212, 1884, 2228, 1871, 2244, 
1855, 2727, 1370, 2727, 1372, 2732, 1368, 2732, 1369, 2735, 
1365, 2735, 1368, 2736, 1365, 2734, 1366, 2320, 1793, 2305, 
1807, 2292, 1823, 2275, 1838, 2260, 1853, 2244, 1871, 2228, 
1885, 2214, 1900, 1511, 2595, 1501, 2605, 1491, 2611, 1483, 
2623, 1474, 2631, 1467, 2639, 1459, 2648, 1450, 2655, 1505, 
2591, 1517, 2580, 1527, 2571, 1538, 2562, 1548, 2550, 1559, 
2542, 1571, 2528, 1583, 2517, 2311, 1787, 2329, 1771, 2341, 
1759, 2357, 1743, 2371, 1729, 2384, 1714, 2398, 1702, 2412, 
1687, 2729, 1374, 2727, 1376, 2723, 1377, 2720, 1383, 2718, 
1385, 2714, 1390, 2709, 1393, 2703, 1398, 2172, 1942, 2155, 
1958, 2140, 1974, 2123, 1990, 2109, 2006, 2091, 2022, 2076, 
2038, 2058, 2054, 1431, 2673, 1423, 2680, 1418, 2688, 1411, 
2691, 1407, 2697, 1400, 2702, 1395, 2708, 1391, 2712, 1615, 
2483, 1628, 2472, 1641, 2457, 1653, 2447, 1667, 2433, 1679, 
2419, 1692, 2406, 1708, 2392, 2448, 1650, 2460, 1639, 2473, 
1624, 2487, 1612, 2499, 1601, 2510, 1588, 2522, 1575, 2534, 
1564, 2691, 1413, 2687, 1420, 2680, 1425, 2672, 1432, 2667, 
1440, 2659, 1447, 2652, 1454, 2644, 1463, 1985, 2127, 1971, 
2142, 1955, 2158, 1939, 2174, 1923, 2190, 1907, 2207, 1892, 
2223, 1876, 2236, 1375, 2726, 1372, 2728, 1372, 2728, 1368, 
2732, 1368, 2734, 1366, 2735, 1366, 2735, 1365, 2735, 1772, 
2328, 1788, 2313, 1801, 2297, 1817, 2281, 1832, 2265, 1847, 
2253, 1862, 2236, 1880, 2220, 2579, 1516, 2592, 1506, 2601, 
1496, 2611, 1487, 2620, 1478, 2628, 1471, 2636, 1462, 2646, 
1454, 2604, 1502, 2595, 1511, 2586, 1524, 2576, 1533, 2566, 
1543, 2555, 1553, 2544, 1566, 2534, 1577, 1807, 2306, 1793, 
2320, 1777, 2336, 1763, 2350, 1747, 2364, 1734, 2377, 1720, 
2392, 1708, 2406, 1370, 2728, 1372, 2727, 1375, 2725, 1376, 
2720, 1380, 2719, 1383, 2716, 1387, 2712, 1391, 2707, 1948, 
2148, 1964, 2132, 1980, 2116, 1996, 2100, 2012, 2086, 2028, 
2070, 2043, 2051, 2060, 2035, 2678, 1420, 2681, 1413, 2688, 
1410, 2695, 1403, 2699, 1399, 2704, 1394, 2708, 1390, 2713, 
1385, 2479, 1633, 2465, 1646, 2451, 1660, 2439, 1672, 2428, 
1686, 2412, 1703, 2400, 1713, 2384, 1728, 1643, 2466, 1630, 
2478, 1620, 2491, 1609, 2503, 1596, 2516, 1583, 2527, 1571, 
2537, 1560, 2550, 1417, 2683, 1421, 2679, 1429, 2670, 1434, 
2664, 1443, 2656, 1449, 2647, 1458, 2641, 1467, 2632, 2134, 
1965, 2150, 1948, 2165, 1932, 2180, 1916, 2196, 1900, 2214, 
1886, 2229, 1871, 2243, 1854, 2727, 1374, 2731, 1370, 2732, 
1369, 2732, 1367, 2734, 1367, 2735, 1367, 2734, 1366, 2735, 
1366, 2319, 1793, 2307, 1809, 2291, 1823, 2272, 1839, 2261, 
1854, 2245, 1870, 2230, 1885, 2213, 1900, 1513, 2595, 1502, 
2605, 1493, 2615, 1483, 2623, 1475, 2632, 1465, 2643, 1459, 
2648, 1451, 2656, 1508, 2592, 1517, 2580, 1527, 2572, 1536, 
2559, 1548, 2552, 1560, 2538, 1571, 2528, 1582, 2516, 2312, 
1785, 2327, 1772, 2343, 1758, 2357, 1743, 2371, 1728, 2384, 
1715, 2400, 1700, 2409, 1684, 2728, 1372, 2725, 1375, 2723, 
1379, 2721, 1381, 2716, 1385, 2713, 1388, 2708, 1394, 2705, 
1398, 2142, 1971, 2124, 1987, 2108, 2003, 2095, 2020, 2077, 
2035, 2062, 2054, 2047, 2065, 2563, 1532, 2682, 1418, 2676, 
1425, 2670, 1431, 2663, 1439, 2656, 1445, 2649, 1451, 2640, 
1462, 2633, 1469, 1968, 2142, 1951, 2159, 1935, 2175, 1920, 
2189, 1904, 2206, 1889, 2223, 1874, 2236, 1857, 
